STOPCODE,stop_name,total_boardings,n_route_dir_qhr_rows
1000,WESTMINSTER STN  / PARLIAMENT SQUARE,968.09077,347
10001,TREVOR CLOSE,3.3213799999999996,42
10002,HIGHBURY CORNER,866.69815,391
10003,HIGHBURY & ISLINGTON STATION,1260.98168,359
10004,ST MARY MAGDALENE CHURCH,496.38561,361
10005,ST MARY MAGDALENE CHURCH,434.16227,363
10010,HOLLOWAY ROAD STATION,1343.45069,444
10011,HOLLOWAY ROAD STATION,1547.9439399999999,440
10014,LYNWOOD ROAD,100.1083,79
10015,LYNWOOD ROAD,20.33919,79
10016,WOOLWICH ROAD / BEDONWELL ROAD,149.29482,161
10017,WOOLWICH ROAD / BEDONWELL ROAD,84.64156,162
10019,QUEENS ROAD,248.16996,250
10023,ST JOSEPH'S CHURCH,164.98379,100
10024,ST JOSEPH'S CHURCH,153.09709,100
10028,ELM ROAD / NEW MALDEN BAPTIST CHURCH,227.71222,100
10031,ARCHDALE PLACE,69.96181,137
10032,CALIFORNIA ROAD,249.59151,148
10037,WATERS ROAD,103.79107,99
10038,CAMBRIDGE GROVE,223.28277,101
10041,VICARAGE HOUSE,259.48606,99
1005,RAYNES PARK STATION,1029.98663,211
1007,SHEEN ROAD / KINGS ROAD,151.28392,254
1008,ST MARY'S GROVE,158.1202,253
1010,CLAPTON POND,38.74947,81
10107,CEDAR WAY,37.52518,79
1011,CLAPTON POND,2315.27736,705
10111,DITTON PARK ROAD,57.25182,79
1013,CHAPTER ROAD,517.4452699999999,179
1014,CHAPTER ROAD,231.07017,174
1017,ST JOHN STREET / GOSWELL ROAD,488.78315,390
1023,TALLY HO CORNER,1868.58898,293
10240,KILBURN PARK STATION,1127.2943,425
10241,KILBURN PARK STATION,391.95969,417
10242,FAIRLAWN AVENUE,583.55149,362
10243,MULGRAVE ROAD,451.52348,273
10244,FULHAM POOLS,381.54118,271
10258,THIRLMERE GARDENS,88.42443,225
1026,QUEEN'S GROVE,262.14957,337
10260,GLYN ROAD,494.03726,405
10261,GLYN ROAD,709.78288,401
1027,QUEEN'S GROVE,134.78011,342
10281,MORDEN SOUTH STATION,79.38291,253
10282,MORDEN SOUTH STATION,107.51422,257
10283,CHALGROVE AVENUE,384.29209,253
10284,BUSHEY ROAD / GRAND DRIVE,16.57484,126
10287,BUSHEY ROAD,32.86417,83
10288,BUSHEY ROAD,41.56218,83
10289,LEA BRIDGE ROAD,282.91177,173
1029,THAMES AVENUE,390.76037,159
10290,LEA BRIDGE ROAD,787.40417,178
10297,ST SAVIOUR'S CHURCH,331.40898,173
1030,BARNES STATION,1022.29541,259
10300,QUEEN'S ROAD,465.32504,174
10302,MARKHOUSE AVENUE,305.7696,246
10303,MARKHOUSE AVENUE,357.22391,247
10308,HAZELWOOD ROAD,317.71722,250
10309,WALTHAMSTOW MARKET,508.27887,315
1031,BARNES STATION,743.29926,252
10313,LONGFIELD AVENUE,244.24620000000002,249
10316,BLACKHORSE ROAD STATION,2206.04649,169
10317,BLACKHORSE ROAD STATION,1937.08443,252
10318,PRIESTLEY WAY,76.20462,93
10319,FOREST ROAD,464.29462,96
10320,FOREST ROAD,989.14213,93
10321,BLENHEIM ROAD,41.86058,96
10324,SHAKESPEARE ROAD,125.00341999999999,94
10325,PRIESTLEY WAY,294.08567,96
10328,CLARENCE ROAD,81.18330999999999,94
10330,LAWRENCE AVENUE,173.51286,174
10331,WORCESTER ROAD,332.76964,96
10333,LAWRENCE AVENUE,267.72158,96
10334,HIGHAM HILL ROAD,226.99984,174
10337,HIGHAM HILL ROAD,455.23714,175
10338,GUILDSWAY,93.08064,172
10340,NORTH COUNTESS ROAD,127.91304,173
10341,GUILDSWAY,558.71733,169
10342,WALTHAMSTOW ACADEMY,130.79046,173
10343,NORTH COUNTESS ROAD,588.09157,169
10345,WALTHAMSTOW ACADEMY,299.04309,168
10347,CECIL ROAD,72.4009,168
10351,KAYWOOD CLOSE,67.3065,79
10352,BANK STATION  / POULTRY,881.73437,450
10359,ERITH FIRE STATION,58.922149999999995,81
10360,ERITH FIRE STATION,83.59692,82
10362,BEULAH SPA,461.97896,270
10363,BEULAH SPA,696.96641,264
10364,AVENUE ROAD,70.61486000000001,78
10365,AVENUE ROAD,96.90974,80
1037,STAMFORD BROOK BUS GARAGE,500.1132,432
1038,STAMFORD BROOK BUS GARAGE,417.34569,434
1039,DUKE ROAD,1264.18288,418
1040,CLIFTON GARDENS,329.04053,84
1041,ST ANN'S ROAD,897.74098,278
1042,ST ANN'S ROAD,717.07003,181
1043,TOTTENHAM TOWN HALL,1677.64599,504
10439,WOOLWICH ROAD / GALLIONS ROAD,266.69412,185
1045,SADLER'S WELLS THEATRE,346.02538,304
10458,ST MARY OF ETON CHURCH,559.95399,177
10459,ST MARY OF ETON CHURCH,117.58598,175
1046,SADLER'S WELLS THEATRE,165.0284,312
10460,HESA ROAD,225.28648,260
10462,HAYES / THE GRAPES,1723.73996,251
10464,FORTUNE GREEN,115.48517,175
10465,WEST HAMPSTEAD POLICE STATION,138.30445,168
10468,LEA BRIDGE ROAD / BAKERS ARMS,1029.13125,638
10469,LEA BRIDGE ROAD / BAKERS ARMS,271.46306,179
1047,THE OLD VIC,853.72158,555
1048,THE OLD VIC,599.35498,554
1049,GUNNERSBURY STATION,604.30681,406
1051,ALPHA CLOSE,221.05948,266
1052,LONDON BUSINESS SCHOOL,170.40802,270
1054,DEAN STREET / CHINATOWN,938.81734,288
1057,HOLBORN STATION,2.50965,315
10580,MONTPELIER ROAD,289.05361,254
1059,HOLLAND RD / KENSINGTON OLYMPIA STN,123.07787,154
106,VESTRY ROAD,1774.1953800000001,498
1061,NORLAND SQUARE,496.11194,363
1062,HOLLAND PARK STATION,388.13379,372
1063,EDITH GROVE,596.79438,250
1064,FULHAM ROAD / CHELSEA & WESTMINSTER HOSP,329.92595,174
1065,EDITH GROVE,773.18907,249
1067,FULHAM ROAD / BEAUFORT STREET,812.96998,346
1069,OLD CHURCH STREET,225.38949,346
10690,SPUR ROAD / ORPINGTON WAR MEMORIAL,30.06647,119
10694,PRATTS BOTTOM / SEVENOAKS ROAD,0.6059599999999998,11
107,HYDE PARK CORNER STATION,1180.73523,197
1070,OLD CHURCH STREET,349.41784,337
10705,SEVENOAKS ROAD / ORPINGTON WAR MEMORIAL,9.555429999999998,270
1071,ONSLOW SQUARE,210.91531,349
10715,VILLAGE GREEN ROAD,52.47978,72
10716,THE RISE,27.72249,71
10717,STANHAM PLACE,65.09166,71
10719,THE JOLLY FARMERS OPEN SPACE,44.68771,69
1072,ONSLOW SQUARE,745.24667,341
10720,MILL PLACE,39.27843,72
10721,PERRY STREET,81.68968,80
10722,PERRY STREET,54.89814,81
10723,EVERSLEY CROSS,107.7168,80
10724,EVERSLEY CROSS,36.98117,80
10725,NORTHALL ROAD / MANOR WAY,24.81261,79
10726,PARKSIDE AVENUE / MANOR WAY,13.59391,80
10729,BRIDGE ROAD / NORTHEND ROAD,251.57748999999998,167
1073,PENTON STREET,559.20569,453
1074,PENTON STREET / CHAPEL MARKET,803.21925,448
1075,COLEY STREET,590.80313,158
1076,COLEY STREET,237.44574,160
1078,KENTISH TOWN STATION,1195.99568,359
10794,COOMBE ROAD,48.70939,149
10795,COOMBE ROAD,88.55446,148
10797,BIRDHURST GARDENS,95.96685,166
10798,BIRDHURST ROAD / SOUTH CROYDON STATION,133.48943,166
10799,BIRDHURST ROAD / SOUTH CROYDON STATION,120.77669,165
1080,NEWINGTON GREEN,1913.10001,442
10804,CARLTON ROAD,27.85621,78
10806,TWIN BRIDGES BUSINESS PARK,142.74748,151
10807,CARLTON ROAD,26.51293,72
10808,CROHAM ROAD,28.793539999999997,149
1081,ALBION ROAD,181.45725,177
10811,ELECTRIC HOUSE,243.45811,327
10813,WHITGIFT CENTRE,1476.77601,535
10814,WHITGIFT CENTRE,1540.15799,665
10816,PURLEY WAY / WADDON STATION,171.44218,159
10817,PURLEY WAY / WADDON STATION,90.10165,158
1082,GREEN LANES,251.72436,173
10820,PURLEY OAKS STATION,184.66731,326
10821,PURLEY OAKS STATION,391.2278,318
10824,PURLEY / DOWNLANDS PRECINCT,1320.31739,426
10825,CHRISTCHURCH ROAD / PURLEY HOSPITAL,331.19234,363
10828,COOMBE ROAD,1544.25216,718
10829,COOMBE ROAD,442.4282,716
10833,PASTEUR GARDENS,199.49582,243
10834,PASTEUR GARDENS,391.6082,318
10835,EMPIRE PARADE,357.5079,323
10836,EMPIRE PARADE,501.64674,318
10839,CHURCH HILL ROAD,239.20318,89
1084,LIVERPOOL ROAD,347.61069,441
10840,CHURCH HILL ROAD,115.57483,174
10852,PARK AVENUE,114.13297,99
10856,ALLIANCE ROAD,2.8738499999999996,156
10860,SOUTHWOOD AVENUE,160.68007,285
10864,HARINGEY CIVIC CENTRE,447.09231,418
10866,HARINGEY CIVIC CENTRE,132.5669,413
10868,CANNING CRESCENT,333.21628,337
1087,CLAPHAM SOUTH STATION,374.03961,72
10871,BERKSHIRE GARDENS,1356.88217,337
10872,BERKSHIRE GARDENS,404.37139,344
10875,TOTTENHALL ROAD,1926.8964,337
10878,BROOMFIELD LANE,179.16523,185
10879,BROOMFIELD LANE,197.05377,177
1088,CLAPHAM SOUTH STATION,310.6756,72
10880,PALMERS GREEN / THE TRIANGLE,198.95047,101
10881,LODGE DRIVE,816.48396,170
10885,FOX LANE,329.5965,173
10888,ST MONICA'S CHURCH,103.90432,101
10889,BOURNE HILL,639.03449,172
1089,PARK HILL,534.71537,357
10890,MEADOWCROFT ROAD,49.11538,101
10893,MEADOWCROFT ROAD,200.76101,101
109,HYDE PARK CORNER STATION,798.47699,292
10900,STATION ROAD,183.0918,100
10901,BOSTON MANOR STATION,572.46074,163
10906,GREEN DRAGON LANE,173.06613,177
10910,SOLNA ROAD,99.03412,101
10911,SOLNA ROAD,45.922779999999996,101
10913,CONIFER GARDENS,48.19508,180
10914,CONIFER GARDENS,41.96864,179
10919,BUSH HILL,42.80981,180
10920,BUSH HILL,53.85743,179
10921,PARK CRESCENT,107.35565,180
10922,PARK CRESCENT,165.23499,179
10925,CECIL ROAD / ST ANNES SCHOOL,197.9736,227
10926,CECIL ROAD / ST ANNES SCHOOL,516.10542,239
10927,ENFIELD TOWN / GENOTIN ROAD,1585.15528,240
10928,ENFIELD TOWN / CHURCH STREET,1074.34156,231
10942,TOTTENHAM POLICE STATION,1505.42279,862
10944,TOTTENHAM TOWN HALL,2138.85361,792
10948,WOOD GREEN CROWN COURT,430.99371,261
1095,WESTMINSTER ACADEMY / CIRENCESTER STREET,538.90084,196
10951,WOOD GREEN CROWN COURT,142.7056,259
10952,PERTH ROAD,278.5899,181
10953,PERTH ROAD,447.5947,259
10954,GLADSTONE AVENUE,210.73769,180
10955,MORLEY AVENUE,211.94404,178
10957,GLADSTONE AVENUE,624.66948,178
10958,WESTBURY AVENUE / LORDSHIP LANE,606.2567,270
1096,WESTMINSTER ACADEMY / CIRENCESTER STREET,917.17575,192
10960,THE ROUNDWAY / WEST ARM,387.5273,190
10961,THE ROUNDWAY / WEST ARM,583.81766,185
10962,WALTHEOF AVENUE,347.29485999999997,185
10963,WALTHEOF AVENUE,286.81876,189
10966,AWLFIELD AVENUE,406.9004,186
10967,AWLFIELD AVENUE,241.97579,188
10968,MOUNT PLEASANT ROAD,768.93602,186
10969,MOUNT PLEASANT ROAD,730.6654599999999,188
10973,BRUCE CASTLE PARK & MUSEUM,223.90704,186
10974,ELMHURST ROAD,308.09539,263
10975,ELMHURST ROAD,294.428,187
10978,BRUCE GROVE STATION,379.32212,263
10979,BRUCE GROVE STATION,764.13779,262
1098,PARNELL ROAD,435.27795,103
1099,PARNELL ROAD,50.93279,101
110,CATFORD ROAD / LEWISHAM TOWN HALL,2116.18035,628
1100,BOUNDS GREEN STATION,634.0528400000001,171
1101,BOUNDS GREEN STATION,926.12531,169
1103,TAVISTOCK SQUARE,758.7381799999999,256
1104,PARSONS GREEN LANE / FULHAM LIBRARY,399.09521,217
1105,PARSONS GREEN LANE / FULHAM LIBRARY,229.89877,221
1106,MUNSTER ROAD,414.20581,173
1107,MUNSTER ROAD,103.47911,172
1108,HERNE HILL ROAD,321.20683,249
1109,HERNE HILL ROAD,142.2451,172
11093,THE GREEN,104.2052,66
11094,MERLE AVENUE,180.187,127
11097,SHRUBS ROAD,1.64309,68
11098,SHRUBS ROAD,1.4202899999999996,67
1111,MIDDLETON ROAD,528.66481,282
11116,MYDDELTON ROAD,388.40783,84
11118,ARDLEIGH GREEN SCHOOL,158.18979,154
11119,ARDLEIGH GREEN SCHOOL,734.91698,151
11121,BEXLEYHEATH CLOCK TOWER,4972.68445,534
11126,SHREWSBURY ROAD,363.68798,245
11127,THORNHILL ROAD,113.56893,209
11128,THORNHILL ROAD,396.05377,216
1113,SHACKLEWELL LANE,484.28812,364
11133,LAKESIDE WAY,1362.55367,400
11134,WEMBLEY ARENA,300.92412,248
11135,EDGWARE ROAD / THE HYDE,490.29088,176
11136,EDGWARE ROAD / THE HYDE,828.79739,178
11137,RUVIGNY GARDENS,192.07756,338
11138,RUVIGNY GARDENS,75.90826,335
11139,FESTING ROAD,335.12749,331
1114,GREENWOOD ROAD,189.41812,301
11140,FESTING ROAD,96.89381999999999,336
11141,COMMONDALE,213.68473,328
11142,COMMONDALE,183.11209,338
11143,PUTNEY EXCHANGE,1705.72745,591
11144,PUTNEY EXCHANGE,2333.6326,587
11145,SHEFFIELD TERRACE,268.78709,520
11146,SHEFFIELD TERRACE,518.63461,530
11148,GLOUCESTER ROAD STATION,280.04561,81
11149,PALACE GATE,94.59669,80
1115,GREENWOOD ROAD,415.84735,288
11150,PALACE GATE,138.07135,81
11151,STANHOPE GARDENS,45.286,81
11152,STANHOPE GARDENS,219.02509,81
11154,ROYAL BROMPTON HOSP / ROYAL MARSDEN HOSP,333.37548,346
11155,CHELSEA AND WESTMINSTER HOSPITAL,1779.21988,250
11156,HORTENSIA ROAD,237.52918,250
1116,STOKE NEWINGTON STATION,1358.22179,542
11160,REDCLIFFE SQUARE,72.56262,173
11162,EARLS COURT ROAD / OLD BROMPTON ROAD,324.05922,359
11164,EARLS COURT STATION,2675.79957,360
11165,SCARSDALE VILLAS,257.66746,170
11166,PEMBROKE ROAD,46.178309999999996,169
11169,GLOUCESTER ROAD,40.72761,155
1117,MYDDELTON ROAD,176.35288,82
11170,GLOUCESTER ROAD,104.14474,155
11171,BOLTON GARDENS / BROMPTON LIBRARY,118.47574,155
11175,BROMPTON SQUARE,652.6402400000001,357
11178,VICTORIA AND ALBERT MUSEUM,720.95264,361
11179,VICTORIA AND ALBERT MUSEUM,224.67319,359
11184,COLLINGHAM ROAD / SAINSBURY'S,285.55929000000003,107
11187,CROMWELL HOSPITAL,86.61577,117
11195,WARWICK GARDENS,389.09366,440
11196,HOLLAND GARDENS,190.4261,154
11197,LOWER ADDISON GARDENS,11.904149999999998,154
11205,PARK GROVE,86.76466,82
11207,ALEXANDRA PALACE GARDEN CENTRE,133.00454,82
11208,ALEXANDRA PALACE ICE RINK,124.33404,82
11210,ALEXANDRA PALACE PALM COURT,113.21777999999999,82
11211,ALEXANDRA PALACE GARDEN CENTRE,227.58004,81
11212,ALEXANDRA PALACE PARK,8.05635,81
11213,ALEXANDRA PALACE ICE RINK,209.37492,81
11215,ALEXANDRA PALACE PALM COURT,83.77006,81
11216,ALEXANDRA PALACE PARK,13.765809999999998,82
11220,RUTLAND GARDENS,98.00022,267
11221,KNIGHTSBRIDGE BARRACKS,383.82185,262
11222,PRINCE OF WALES GATE,208.66516,265
11223,PRINCE OF WALES GATE,146.08904,262
11224,QUEEN'S GATE,440.50565,263
11226,CHELSEA FOOTBALL CLUB,226.44566,250
11227,CHELSEA FOOTBALL CLUB,157.06503,249
11230,RADIPOLE ROAD,402.44530000000003,217
11231,RADIPOLE ROAD,134.54896,221
11232,FULHAM PALACE ROAD,384.49372,173
11233,FULHAM PALACE ROAD,30.08091,172
11234,MULGRAVE ROAD,239.60881,273
11235,NORTH END ROAD,584.25861,269
11239,FULHAM POOLS,183.94998,273
11240,FULHAM CROSS,715.4418000000001,268
11242,FULHAM CROSS,1005.1921,501
11243,SHORROLDS ROAD,144.3715,187
11244,SHORROLDS ROAD,263.1471,182
11245,SHERBROOKE ROAD,333.36216,187
11246,SHERBROOKE ROAD,349.82545,182
11247,HANNELL ROAD,129.89201,186
11248,MUNSTER ROAD,237.40395,181
11249,MUNSTER ROAD / FULHAM CROSS,549.20161,228
11251,LILLIE ROAD,839.1411400000001,169
11252,LILLIE ROAD,192.62004,174
11253,WEST KENSINGTON ESTATE,223.30863,75
11254,WEST KENSINGTON ESTATE,168.62283,174
11255,WEST KENSINGTON STATION,362.42469,166
11256,WEST KENSINGTON STATION,464.54141,173
11258,LYTTON ESTATE,180.81608,173
11259,LYTTON ESTATE,214.00677,164
11262,KENSINGTON OLYMPIA,361.72798,172
11263,RUMBOLD ROAD,346.45604000000003,192
11264,RUMBOLD ROAD,49.0126,188
11265,WANDSWORTH BRIDGE ROAD,148.31337,98
11266,WANDSWORTH BRIDGE ROAD,131.03854,96
11267,IRENE ROAD,146.59064,98
11268,IRENE ROAD,52.79084,96
11269,PARSONS GREEN,339.96329000000003,98
11271,MUNSTER ROAD,160.67922,144
11272,MUNSTER ROAD,51.193349999999995,141
11276,NEW KINGS ROAD,115.17726,191
11277,NEW KING'S ROAD,116.41537,189
11279,OAKBURY ROAD,86.61978,186
11283,ROYAL HOSPITAL CHELSEA / LOWER SLOANE ST,11.03858,81
11286,NATIONAL ARMY MUSEUM,115.44167,81
11287,NATIONAL ARMY MUSEUM,67.01073,84
11288,ALBERT BRIDGE / CADOGAN PIER,82.41485,81
11289,ALBERT BRIDGE / CADOGAN PIER,28.102169999999997,84
1129,SPA ROAD,510.31871,176
11290,BEAUFORT STREET,51.0128,84
11291,DUKE OF YORK SQUARE,469.33642,443
11292,MARKHAM STREET,993.20161,435
11293,CHELSEA OLD TOWN HALL,597.35211,436
11294,CARLYLE SQUARE,820.0465,448
11295,CARLYLE SQUARE,869.67772,443
11296,HOBURY STREET / WORLDS END,578.82632,274
11297,EDITH GROVE / WORLDS END,707.45347,278
11298,CHEYNE WALK,265.41749,363
113,WEST HAMPSTEAD STN / BROADHURST GDNS,522.87556,254
1130,SPA ROAD,224.19666999999998,177
11300,CHEYNE WALK,271.09104,367
11306,ROYAL BROMPTON HOSP / ROYAL MARSDEN HOSP,641.45284,338
11307,CHELSEA AND WESTMINSTER HOSPITAL,1013.33956,248
11309,HORTENSIA ROAD,478.03698,249
11311,EDITH GROVE / KING'S ROAD,71.91392,161
11312,CALE STREET / ROYAL BROMPTON HOSPITAL,318.99559,157
11313,CALE STREET / ROYAL BROMPTON HOSPITAL,179.4267,157
11321,ALPHA CLOSE,196.96073,268
11325,CHELSEA PHYSIC GARDEN,111.28647,81
11326,CHELSEA PHYSIC GARDEN,56.81796,84
11328,WEDMORE STREET,493.31755,291
11329,LORD AVENUE,548.73654,176
11330,WOODFORD BRIDGE ROAD,208.43256,174
11331,HAYES / GEORGE LANE,54.39938,127
11332,HAYES / THE GEORGE,134.89491,129
11333,ABINGER ROAD,294.87444,166
11334,ABINGER ROAD,39.26507,163
11337,TURNHAM GREEN STATION,893.45177,165
11338,TURNHAM GREEN STATION,89.14178,163
11339,FLANCHFORD ROAD,205.35219,96
11340,FLANCHFORD ROAD,43.15403,96
11345,THE ORCHARD,53.702169999999995,164
11346,RAMILLIES ROAD,0.21844,96
11349,ACTON GREEN,0.0,96
1135,STATION ROAD / CHINGFORD STATION,773.1,535
11350,LANGLEY AVENUE,141.68156,285
11351,LANGLEY AVENUE,78.50125,283
11352,RUISLIP LIDO,20.910249999999998,72
11356,ST ANTHONY'S HOSPITAL,278.51259,162
11357,TUDOR DRIVE,450.55647,177
11363,CHENIES PLACE,626.02541,172
11366,CHENIES PLACE,122.49325,253
11373,ROYAL COLLEGE STREET,542.0586500000001,253
11379,PRATT STREET,13.97064,76
11383,CAMDEN ROAD STATION,140.46177,156
11385,ROYAL COLLEGE STREET / IVOR STREET,93.03208000000001,76
11389,KENTISH TOWN ROAD,25.134619999999998,76
11391,KENTISH TOWN POST OFFICE,1073.02286,381
11392,KENTISH TOWN POST OFFICE,1074.84105,362
11393,GREENWOOD CENTRE,267.96393,189
11394,FORTESS ROAD,103.44665,183
11395,LADY SOMERSET ROAD,64.20456,188
11396,GREENWOOD CENTRE,142.59534,185
11399,LADY SOMERSET ROAD,185.39822,184
114,COMPAYNE GARDENS,130.20267,177
11400,GORDON HOUSE ROAD,65.70334,187
11401,GORDON HOUSE ROAD,736.1873,262
11404,WILLIAM ELLIS SCHOOL,183.8833,261
11405,WILLIAM ELLIS SCHOOL,410.24172,265
11406,PARLIAMENT HILL FIELDS,241.85196,263
11407,PARLIAMENT HILL FIELDS,617.11875,191
11408,FORTESS WALK,265.87471,117
11409,FORTESS WALK,74.99974,102
11412,LADY SOMERSET ROAD,57.46148,118
11413,LADY SOMERSET ROAD,126.32678,106
11416,MONNERY ROAD,114.61375,215
11417,MONNERY ROAD,193.95054,203
11419,PEMBERTON GARDENS,356.31475,205
1142,WOOD LANE / HIGHGATE STATION,2369.09995,184
11420,PEMBERTON GARDENS,114.08007,215
11427,FERDINAND STREET,81.80008,96
11428,FERDINAND STREET,216.77805,92
1143,WOOD LANE / HIGHGATE STATION,91.73911,184
11431,PRINCE OF WALES ROAD,15.241069999999999,96
11432,PRINCE OF WALES ROAD,475.62748,171
11435,QUEEN'S CRESCENT,233.84354,170
11436,GRAFTON TERRACE,533.8011,170
11437,ST DOMINIC'S PRIORY,320.70352,170
11439,MANSFIELD ROAD,98.3211,169
1144,MUSWELL HILL PRIMARY SCHOOL,308.46824,165
11440,MANSFIELD ROAD,442.4519,245
11442,LAWN ROAD,166.23633,249
11443,ROYAL FREE HOSPITAL,0.0,95
11444,SOUTH END GREEN,594.36261,154
11446,KENTISH TOWN ROAD,90.70722,156
11449,KENTISH TOWN WEST STATION,222.90843,156
1145,MUSWELL HILL,1405.5696599999999,350
11457,BROOMFIELD ROAD,342.88758,225
11458,BROOMFIELD ROAD,59.896829999999994,238
1146,QUEENS AVENUE,1124.44235,355
11461,SURBITON HEALTH CENTRE,177.89239,233
11462,SURBITON HEALTH CENTRE,475.80161,233
11464,SOUTH TERRACE,337.20475,306
11465,HALL DRIVE,359.10018,166
11466,HALL DRIVE,103.74012,167
11469,ST PAUL'S ROAD / HIGHBURY CORNER,1611.70919,432
1147,MUSWELL HILL,1483.41658,354
11470,HIGHBURY CORNER,758.53391,423
11471,CRESSWELL GARDENS,49.132949999999994,155
11472,CRESSWELL GARDENS,104.52416,155
11476,NEVERN PLACE,368.41682,361
1148,QUEENS AVENUE,1009.34933,185
11481,GROSVENOR PARK ROAD,1178.89233,833
11482,ST SAVIOUR'S CHURCH,495.63369,175
11487,LLOYD PARK / WILLIAM MORRIS GALLERY,208.79309,113
11490,FRIARY ROAD,219.19858,157
11491,CARLISLE AVENUE,103.49158,157
11495,PERRYN ROAD,114.99764,158
11497,FRIARY ROAD,19.96623,81
115,EXHIBITION ROAD,247.47337,261
11500,WALES FARM ROAD,32.41863,79
11501,HILARY ROAD,72.33539,226
11502,ST SAVIOUR'S CHURCH,143.08106999999998,229
11503,UXBRIDGE ROAD,150.99699,228
11506,GLENDUN ROAD,32.43893,92
11507,KING FAHAD ACADEMY,77.87499,86
1151,PONT STREET,722.37944,441
11510,SHAA ROAD,59.40754,94
11511,SHAA ROAD,91.20188,88
11514,ACTON PARK / GREENVIEW CLOSE,133.49531,97
11515,ACTON PARK / GREENVIEW CLOSE,41.31144,89
11517,CHURCH STREET MARKET,1003.45412,284
11518,SUTHERLAND AVENUE,480.90877,353
11519,CARLTON VALE,263.73544,194
1152,ST PAUL'S CHURCHYARD,670.51109,465
11522,CHEPSTOW CRESCENT,223.35349,354
11523,CHEPSTOW CRESCENT,277.40168,366
11527,WESTBOURNE GROVE / COLVILLE ROAD,135.25961,93
11528,COLVILLE ROAD,40.09489,95
11531,STANLEY GARDENS,73.31197,171
11532,CHEPSTOW VILLAS,174.98269,169
11533,PORTOBELLO AND GOLBORNE MARKET,270.55832,264
11534,PORTOBELLO AND GOLBORNE MARKET,626.67278,169
11535,BLENHEIM CRESCENT,203.88644,343
11537,POWIS GARDENS,269.05715,170
11538,POWIS GARDENS,101.01092,164
11539,PORTOBELLO ROAD,436.99852,171
11540,PORTOBELLO ROAD,250.18881,164
11541,CHESTERTON ROAD,343.5203,501
11542,CHESTERTON ROAD,916.87726,498
11543,ST CHARLES SQUARE,226.25205,500
11544,ST CHARLES SQUARE,438.05945,495
11545,BARLBY ROAD,261.97911,499
11546,BARLBY ROAD,731.6442,491
11547,KENSAL HOUSE,641.26772,653
11548,KENSAL HOUSE,1596.49822,643
11550,CAMBRIDGE GARDENS / LADBROKE GROVE,377.94799,178
11551,OXFORD GARDENS,126.75887,173
11552,OXFORD GARDENS,161.59,169
11553,ST CHARLES SQUARE,276.76929,171
1156,CITY THAMESLINK STATION,1031.0245,391
11561,KILBURN PARK ROAD,457.13042,194
11564,NORTH POLE ROAD / SCRUBS LANE,159.79464,167
11566,LATYMER UPPER SCHOOL / PLAYING FIELDS,360.74415,401
11567,LATYMER UPPER SCHOOL / PLAYING FIELDS,289.67373,407
11568,HAMMERSMITH HOSPITAL,1907.46592,399
11569,HAMMERSMITH HOSPITAL,143.88556,265
1157,CITY THAMESLINK STATION,392.70712,467
11572,WULFSTAN STREET,445.29817,399
11573,WULFSTAN STREET,104.97291,402
11576,EAST ACTON STATION / FITZNEAL STREET,870.80578,398
11577,EAST ACTON STATION,315.4086,402
11582,WHITE CITY ESTATE,24.224159999999998,79
11583,PHOENIX HIGH SCHOOL,59.9006,77
11587,HEMLOCK ROAD,90.84375,224
11589,STEVENTON ROAD,70.11125,224
11590,UXBRIDGE ROAD,58.63577,225
11598,CAMBRIDGE ROAD,252.33793,272
116,WEST END LANE,92.14744999999999,188
1160,MOORGATE STATION,1859.09158,265
11601,ST CUTHBERT'S ROAD,219.67172,338
11607,FERNHEAD ROAD,217.38882,164
11609,QUEEN'S PARK STATION,1225.62711,348
11615,STATION TERRACE,980.4822,335
11616,WHITMORE GARDENS,188.46311,332
11617,OKEHAMPTON ROAD,292.76794,254
11618,OKEHAMPTON ROAD,351.31879,253
11621,ALL SOULS AVENUE,99.49401999999999,256
11622,ALL SOULS AVENUE,249.90282,255
11623,HANOVER ROAD,281.52404,241
11630,HANOVER ROAD,328.7177,251
11633,WILLESDEN GREEN LIBRARY,317.44485,164
11634,WILLESDEN GREEN LIBRARY,1162.82897,173
11635,KINGSLEY ROAD,190.51508,100
11636,KINGSLEY ROAD,128.12116,100
11637,PLYMPTON AVENUE,169.40953,99
11638,PLYMPTON AVENUE,152.58401,100
11639,CHRISTCHURCH,81.35048,100
1164,GALPINS ROAD,795.16882,98
11640,CHRISTCHURCH,199.98238,99
11641,DEERHURST ROAD,141.40725,100
11642,DEERHURST ROAD,139.57388,99
11643,SIDMOUTH ROAD,24.04626,101
11644,YATES COURT,62.16904,99
11645,SIDMOUTH ROAD,127.46313,99
11647,LIDDELL GARDENS,59.00958,82
11650,COLLEGE ROAD,33.86425,81
11651,COLLEGE ROAD,35.23411,79
11652,DOYLE GARDENS,46.511070000000004,79
11653,DOYLE GARDENS,25.37515,80
11656,ALL SOULS AVENUE,53.303979999999996,80
11657,ALL SOULS AVENUE,70.52925,79
11658,FURNESS ROAD,25.06418,81
11659,FURNESS ROAD,71.45587,78
11660,HARLESDEN ROAD,93.1401,78
11661,HARLESDEN ROAD,14.363439999999999,81
11663,ST MARY'S HOSPITAL,1052.06951,546
11666,PADDINGTON STATION,1140.35843,472
11670,WESTBOURNE TERRACE,511.08259,376
11671,QUEENSWAY,542.7238600000001,275
11682,PORCHESTER ROAD / ROYAL OAK,366.0377,96
11688,ORCHARDSON STREET,773.92515,288
11689,HALL ROAD,437.08297,198
11690,CARLTON VALE,249.08086,195
11691,KILBURN PARK ROAD,353.76164,194
11692,ST STEPHENS GARDENS,348.05072,428
11693,ST STEPHENS GARDENS,448.58769,438
11696,SHREWSBURY ROAD / BRUNEL ESTATE,547.77491,440
11697,GREAT WESTERN ROAD,180.42983,164
11698,BRUNEL ESTATE,432.83633,265
117,ALVANLEY GARDENS,146.37441,187
11700,WESTBOURNE PARK STATION,803.04837,265
11701,WESTBOURNE PARK STATION,353.00249,271
11705,QUEEN'S PARK STATION,883.98681,341
11708,ELGIN AVENUE,146.11847,177
11709,ELGIN AVENUE,503.94179,164
1171,TRAFALGAR AVENUE,660.08721,450
11710,SUTHERLAND AVENUE,205.67715,176
11711,CHARFIELD COURT,335.78147,164
11734,MALDEN ROAD,201.71583,171
11739,TOLWORTH BROADWAY,1243.82826,470
1174,NILE TERRACE,313.99227,174
11751,CORNWALL GARDENS,104.01263,81
11752,SOUTHBOROUGH LIBRARY,227.26379,172
11753,CHIPSTEAD VALLEY ROAD / BRIGHTON ROAD,163.92394000000002,122
11755,STREATHAM COMMON STATION,165.95699,179
11758,CANONS CORNER,310.11521,158
11759,CANONS CORNER,415.54414,160
11760,TURNHAM GREEN STATION,668.34812,100
11761,TURNHAM GREEN STATION,411.28657,101
11763,THE BROADWAY,1307.8813,160
11767,CRESSY ROAD,159.86823,245
11772,BROADFIELDS AVENUE,147.91867,290
11773,BROADFIELDS AVENUE,48.22381,295
11774,CHELSEA VILLAGE,129.70765,250
11776,PRIORY ROAD,457.17105,80
11777,PRIORY ROAD,638.97772,80
11779,PARK ROAD,404.72902,167
11780,PARK ROAD,592.71905,164
11785,WEST EALING BROADWAY,1045.43129,169
1179,HEATHCOTE STREET,202.72381000000001,160
11792,WOOD GREEN STATION / RIVER PARK ROAD,971.5076,158
118,PALACE GATE,313.99618,336
1180,EAST HAM / CENTRAL PARK,330.04957,254
1182,PURLEY TESCO,533.98423,151
1184,LYONSDOWN ROAD,99.36194,261
11957,CARLTON HILL,199.41841,186
11960,GROVE END ROAD,108.31175,158
11962,CAVENDISH AVENUE,139.0634,155
11963,CIRCUS ROAD / WELLINGTON ROAD,22.16847,158
11964,BOUNDARY ROAD,391.21237,341
11965,HALL ROAD,156.60696,189
11968,HALL ROAD / MAIDA VALE,150.79648,158
11969,HALL ROAD / MAIDA VALE,16.47053,157
11971,GROVE END ROAD,99.03159,157
11981,EAMONT STREET,88.08442,78
11982,EAMONT STREET,127.95683,80
11984,WELLS RISE,122.33719,80
11986,PRIMROSE HILL / LONDON ZOO,45.57543,78
11992,LYNDALE AVENUE,337.53052,268
11994,CHALK FARM ROAD / MORRISONS,737.11407,378
11995,GLOUCESTER AVENUE,0.17228,80
120,KENSINGTON PALACE,788.67702,417
12009,SOUTH HAMPSTEAD STATION  / LOUDOUN ROAD,203.8586,110
12010,SOUTH HAMPSTEAD STATION  / LOUDOUN ROAD,192.53831,100
12016,WINCHESTER ROAD,244.73429,182
12017,LOWER MERTON RISE,40.2658,187
12018,ELSWORTHY RISE,143.75186,181
12019,ELSWORTHY RISE,124.71688999999999,187
1202,UPTON PARK / GREEN STREET,827.184,341
12020,PRIMROSE HILL ROAD,317.31265,186
12021,PRIMROSE HILL RD / ADELAIDE MEDICAL CTR,131.8283,105
12022,ETON ROAD,7.73154,93
12024,CHALK FARM STATION,53.843109999999996,106
12025,CHALK FARM STATION,588.81065,106
12026,BURRARD ROAD,435.77564,190
12027,LANGLAND GARDENS,138.03585,188
12028,LANGLAND GARDENS,109.2987,185
12030,O2 CENTRE,396.44322,340
12034,SWISS COTTAGE STN  /  FINCHLEY ROAD,1204.8974,528
12037,BOUNDARY ROAD,533.26476,340
1204,BERMONDSEY STATION,342.79505,384
12041,WEST HAMPSTEAD POLICE STATION,49.690039999999996,175
12043,WEST END GREEN,253.87532,252
12044,WEST END GREEN,501.78118,244
12045,DENNINGTON PARK ROAD,337.50554,252
12046,DENNINGTON PARK ROAD,362.64471000000003,244
12047,WOODCHURCH ROAD,215.5807,178
12051,PRIORY ROAD,109.72391,96
12053,ROSSLYN HILL,226.99986,231
12054,ROSSLYN HILL,405.14154,252
12057,BELSIZE PARK STATION,360.21585,174
12058,HAVERSTOCK HILL / POND STREET,387.21495,245
12059,UPPER PARK ROAD,55.287729999999996,176
1206,GRIGGS PLACE,318.6929,176
12060,BELSIZE PARK STATION,392.29474,170
12063,ENGLAND'S LANE,59.68164,75
12064,PRIMROSE GARDENS,62.08079,76
12067,PRIMROSE HILL ROAD,98.72633,75
12068,PRIMROSE HILL ROAD,45.53022,76
12069,BEXLEYHEATH STATION,549.26917,307
12070,BEXLEYHEATH STATION,510.14806,296
12071,PICKFORD LANE / BOWFORD AVENUE,130.28965,229
12072,PICKFORD LANE / BOWFORD AVENUE,46.81097,223
12073,BRAMPTON ROAD / LONG LANE,121.74849,143
12074,LONG LANE / BRAMPTON ROAD,87.00616,139
12075,DANSON ROAD / CROOK LOG,26.802880000000002,63
12076,THE GROVE,9.34424,61
12077,THE GROVE,2.21137,63
12078,DANSON UNDERPASS,38.79909,130
12079,DANSON ROAD / SANDHURST ROAD,6.63453,62
1208,GRANGE ROAD / CALEDONIAN MARKET,686.58745,187
12080,BLENDON / PENHILL ROAD,161.58513,165
12082,MONTPELIER ROAD,95.46267,369
12083,MONTPELIER ROAD,200.84229,355
12085,GALLEY LANE,21.29064,79
12086,BARNET HOSPITAL / QUEENS ROAD,23.132279999999998,78
12087,BARNET HOSPITAL / QUEENS ROAD,107.9084,79
12088,UNION STREET,662.50933,326
12089,MANOR ROAD,24.743309999999997,259
1209,GRANGE ROAD / CALEDONIAN MARKET,447.88546,243
121,STAMFORD HILL BROADWAY,1003.138,325
1211,GALLEYWALL ROAD / SOUTH BERMONDSEY STN,199.76817,188
1212,BEAMISH HOUSE,217.18958,187
1213,ROTHERHITHE NEW RD / STH BERMONDSEY STN,412.82976,195
1215,PUTNEY BRIDGE,688.38031,613
1216,FAIRCROSS,592.12658,336
1217,FAIRCROSS,886.98624,326
1218,FINCHLEY ROAD & FROGNAL STATION,760.1521,189
12181,STATION ROAD,299.4191,91
12182,STATION ROAD,208.18232,96
12183,COWLEY MILL ROAD,207.15962,173
12184,COWLEY MILL ROAD,335.4233,168
1219,FINCHLEY ROAD & FROGNAL STATION,310.13716,183
12199,BRICKFIELD LANE,36.66562,145
122,STAMFORD HILL BROADWAY,1801.60211,173
1220,WEMBLEY TRIANGLE,1195.30712,275
12200,BRICKFIELD LANE,30.87202,151
12201,GLEBE LANE,11.269219999999999,150
12207,FARNBOROUGH HILL / BUS GARAGE,123.39364,109
12208,FARNBOROUGH HILL / BUS GARAGE,16.4709,113
12213,VAUXHALL PARK,125.58122,190
12218,BARNET CHURCH / WOOD STREET,812.9449,326
12222,SAVILLE ROAD,48.02772,172
12223,BOXLEY STREET,97.31492,78
12225,MIDDLE PARK AVENUE / WESTHORNE AVENUE,7.533439999999999,77
12226,ELTHAM GREEN SCHOOL,54.56923,77
12230,ST JOHN STREET / CLERKENWELL ROAD,23.885109999999997,78
12232,PERCIVAL STREET,39.52554,78
12233,PERCIVAL STREET,25.41005,77
12235,SPENCER STREET / CITY UNIVERSITY,86.36027,78
12236,SPENCER STREET / CITY UNIVERSITY,207.45279,78
12237,FRIEND STREET / SADLER'S WELLS THEATRE,26.614069999999998,78
12238,ROSEBERY AVENUE / SADLER'S WELLS THEATRE,11.14729,78
12239,HIGH STREET / ORPINGTON WAR MEMORIAL,2136.08269,1224
12240,HIGH STREET / ORPINGTON WAR MEMORIAL,2550.07741,1050
12243,ARLINGTON CRESCENT,498.88416,347
12244,BULLSMOOR LANE / MOLLISON AVENUE,36.99164,359
12245,BULLSMOOR LANE,311.56411,97
12250,OAKHURST ROAD,95.64106,134
12251,TOTTERIDGE ROAD,267.1672,97
12254,TURKEY STREET STATION,1083.239,174
12255,ALBANY LEISURE CENTRE,655.38124,174
12256,TURKEY STREET STATION,558.61825,181
12257,INGERSOLL ROAD,481.31078,256
12258,INGERSOLL ROAD,1118.86619,250
12260,DURANTS SCHOOL,185.11547,256
12261,CARTERHATCH LANE,890.03268,248
12264,OATLANDS ROAD,449.38602000000003,256
12265,OATLANDS ROAD,594.98872,248
12272,ENFIELD COLLEGE,237.04117,264
12273,ENFIELD COLLEGE,504.34464,257
12276,SOUTHBURY ROAD,860.80309,310
12280,SOUTHBURY ROAD,1455.3629799999999,298
12281,ORCHARD ROAD,514.16733,328
12282,PONDERS END PARK,928.9066799999999,298
12284,ORCHARD ROAD,1370.9631,327
12289,TRAMWAY AVENUE,453.71161,180
12290,TRAMWAY AVENUE,842.28783,179
12293,BURY STREET,397.7961,179
12294,FOREST ROAD / JUBILEE PARK,974.28943,179
12298,BOUNCES ROAD,626.07317,332
123,AMHURST PARK / STAMFORD LODGE,1084.85475,171
12307,EDMONTON POLICE STATION,714.31135,690
12308,EDMONTON POLICE STATION,2419.69087,681
12311,SHRUBBERY ROAD,264.58396,608
12312,SHRUBBERY ROAD,739.22087,600
12313,ANGEL CORNER,2091.58419,608
12314,BRETTENHAM ROAD,939.59691,601
12318,NUTFIELD CLOSE,308.80272,360
12319,COLYTON WAY,2101.92405,358
12322,BRANTWOOD ROAD,1112.82916,361
12323,NUTFIELD CLOSE,831.73862,358
12324,WHITE HART LANE STATION,837.77251,360
12326,TOTTENHAM HOTSPUR FOOTBALL CLUB,324.20738,359
12327,TOTTENHAM HOTSPUR FOOTBALL CLUB,794.53534,356
12332,SWINTON STREET,359.82797,338
1234,TOTTENHAM HIGH ROAD / BRUCE GROVE STN,1943.79884,513
1238,PORTMORE GARDENS,0.2196599999999998,76
12402,WOOD GREEN STATION,828.76522,259
12403,PARSONS GREEN,124.6515,96
12415,STAMFORD HILL BROADWAY,1371.79828,360
12417,WENTWORTH WAY,15.148929999999998,77
12418,WENTWORTH WAY,112.39999,76
12419,SANDERSTEAD RECREATION GROUND,47.9847,75
1242,BROMLEY COMMON / THE CROWN,621.62675,416
12420,SANDERSTEAD RECREATION GROUND,48.59138,78
12421,PURLEY DOWNS ROAD,68.97994,76
12422,PURLEY DOWNS ROAD,24.48677,78
12423,SANDERSTEAD UNITED REFORMED CHURCH,32.292229999999996,78
12424,BEECHWOOD ROAD,91.05765,76
12425,BEECHWOOD ROAD,58.37451,78
12426,SANDERSTEAD STATION,133.82261,75
12427,BRAMBLEDOWN ROAD,19.91823,78
12428,BRAMBLEDOWN ROAD,96.8632,75
12429,GROVELANDS ROAD,34.01367,394
12430,GROVELANDS ROAD,327.49779,390
12432,COULSDON TOWN STATION,371.20571,464
12433,COULSDON SOUTH STATION,156.22605000000001,144
12434,COULSDON SOUTH STATION,20.4422,72
12435,OASIS ACADEMY BYRON,88.428,78
12436,OASIS ACADEMY BYRON,35.24021,78
12438,STOATS NEST VILLAGE,56.645160000000004,78
12442,WALNUTS CENTRE,1091.30112,738
12444,HIGH STREET / CHURCH HILL,275.08979,738
12445,CARLTON PARADE,717.48221,549
12448,VAUXHALL PARK,168.27342,193
1245,HANWELL BROADWAY,1305.454,355
12450,PURLEY LIBRARY,830.43578,414
1256,CHAPLIN ROAD,1179.50976,354
1259,PEMBRIDGE VILLAS,785.98715,366
126,THE DESIGN MUSEUM,380.05084,439
1260,CHEPSTOW ROAD,11.31606,95
1261,CHEPSTOW ROAD / WESTBOURNE GROVE,1125.76319,347
1263,ARTESIAN ROAD,746.10908,426
1264,PALACE GARDENS TERRACE,734.7476,287
1265,NOTTING HILL GATE STATION,483.48722000000004,217
12659,GREYHOUND TERRACE,328.03202,177
1266,PALACE GARDENS TERR / NOTTING HILL GTE,966.38737,529
12661,ROWAN CRESCENT,307.61444,179
12662,LONGTHORNTON ROAD,151.99277,178
12663,ROWAN CRESCENT,348.52015,177
12664,LONGTHORNTON ROAD,321.95495,178
12665,STREATHAM PARK CEMETERY,152.97022,328
12670,NORTHBOROUGH ROAD,389.36209,100
12671,NORTHBOROUGH ROAD,1251.60242,403
12672,SHERWOOD PARK ROAD,204.63121999999998,98
12678,ST JAMES ROAD,276.62948,146
12679,ST JAMES ROAD,177.18114,150
1268,NOTTING HILL GATE STN  / HILLGATE ST,717.7036400000001,288
12680,MANSHIP ROAD,263.38529,146
12683,LOCKS LANE,202.3899,149
12686,INMAN ROAD,102.39172,75
12687,INMAN ROAD,49.39418,77
12688,BROCKLEBANK ROAD,80.52464,75
12689,BROCKLEBANK ROAD,72.57227999999999,77
1269,NOTTING HILL GATE STN  / HILLGATE ST,1067.86611,295
12691,ST ANN'S HILL,92.01938,77
12692,ST ANN'S HILL,131.67123,76
12695,WINDMILL ROAD,38.29807,77
12696,WINDMILL ROAD,89.07881,75
12698,MARCILLY ROAD,282.22874,76
12699,ALEXANDER COURT,20.79673,75
1270,NOTTING HILL GATE STN  / PEMBRIDGE RD,1803.95228,355
12700,WEST SIDE,69.33219,76
12703,WINDMILL ROAD,32.11084,74
12705,WINDMILL ROAD,81.90931,76
12706,COUNTY ARMS,146.08288,74
12707,COUNTY ARMS,214.09438,77
1271,NOTTING HILL GATE STATION,1300.75716,454
12710,ROUTH ROAD,44.42319,74
12711,ROUTH ROAD,75.64272,77
12712,BURNTWOOD LANE,228.09411,154
12713,BURNTWOOD LANE,41.34072,77
12715,BRODRICK ROAD,127.98778,154
12717,EATONVILLE ROAD,198.00591,154
12718,UPPER TOOTING PARK,102.45141,157
1272,LADBROKE ROAD,959.42701,169
12720,EATONVILLE ROAD,112.63475,157
12722,ST ANSELM'S CHURCH,1792.87521,156
12725,MONTANA ROAD,128.33539,157
12726,MONTANA ROAD,144.98863,157
12727,FRANCISCAN ROAD,140.78462,157
12728,FRANCISCAN ROAD,409.64199,157
12729,TOOTING BEC ATHLETICS TRACK,91.14367,157
12730,TOOTING BEC ATHLETICS TRACK,472.85282,157
12731,TOOTING BEC LIDO,91.91345,157
12732,TOOTING BEC LIDO,460.14089,157
12739,BURNTWOOD SCHOOL,115.39993,72
12740,BURNTWOOD SCHOOL,87.1715,72
12741,OPENVIEW,39.64591,72
12742,OPENVIEW,28.729799999999997,72
12743,TILEHURST ROAD,57.65005,72
12744,TILEHURST ROAD,20.413439999999998,72
12745,MARHAM GARDENS,16.0449,72
12746,MARHAM GARDENS,18.32556,72
12747,TRINITY ROAD,13.177209999999999,71
12748,BELLEVUE ROAD / TRINITY ROAD,208.46355,152
12749,RAMSDEN ROAD,26.515439999999998,72
1275,ROBERT STREET,274.03885,463
12751,ABBEVILLE ROAD,111.60777,155
12752,ABBEVILLE ROAD,68.2809,156
12753,RUDLOE ROAD,175.16391,156
12754,RUDLOE ROAD,115.32272,155
12755,POYNDERS ROAD / KINGS AVENUE,565.70716,255
12757,ATKINS ROAD / NEW PARK ROAD,568.10731,355
12758,ATKINS ROAD / NEW PARK ROAD,536.77183,358
12759,STREATHAM PLACE,178.58445,355
1276,ROBERT STREET,681.48089,400
12763,CLAPHAM COMMON OLD TOWN,46.95662,98
12766,BEDFORD ROAD,659.34792,357
12767,LYHAM ROAD,161.61464,247
12768,LYHAM ROAD,142.81665,251
12769,CLARENCE AVENUE,261.39833,251
1277,SILVERDALE,198.7686,464
12770,CLARENCE AVENUE,907.81407,247
12773,THORNCLIFFE ROAD,97.53447,76
12774,THORNCLIFFE ROAD,1.6950699999999999,252
12777,ATKINS ROAD,49.04963,79
12778,KINGS AVENUE / ATKINS ROAD,405.79653,252
12781,LEXTON GARDENS,70.827,79
12783,NEW PARK ROAD,110.36834999999999,155
12784,NEW PARK ROAD,76.05153,80
12785,CRIFFEL AVENUE,61.91657,155
12786,CRIFFEL AVENUE,51.58471,154
12787,STREATHAM HILL STATION,28.141299999999998,155
12789,GREYHOUND LANE / STREATHAM HIGH ROAD,72.58347,179
12790,GREYHOUND LANE / STREATHAM HIGH ROAD,314.35751,179
12793,TANKERVILLE ROAD,121.81504,179
12795,ABERFOYLE ROAD,735.12074,179
12796,STREATHAM COMMON STATION,576.94636,179
12799,BRAESIDE ROAD,619.48231,177
128,GREAT SMITH STREET / WESTMINSTER ABBEY,508.67439,497
1280,CAMDEN HIGH STREET,1140.26855,533
12800,BRAESIDE ROAD,207.11675,180
12801,GREYHOUND TERRACE,136.21242,180
12802,STREATHAM / ST LEONARD'S CHURCH,165.33283,255
12803,STREATHAM / ST LEONARD'S CHURCH,3959.81826,556
12804,AMBLESIDE AVENUE,103.50653,253
12805,AMBLESIDE AVENUE,162.50696,253
12806,CONYERS ROAD,133.3185,254
12807,CONYERS ROAD,100.51705,253
12808,ALDRINGTON ROAD,532.41698,253
12809,ALDRINGTON ROAD,268.96419,253
12810,DAHOMEY ROAD,370.62151,251
12813,DAHOMEY ROAD,399.06512,255
12817,WHEATSHEAF LANE,231.27052,193
12818,THORNE ROAD,231.56137,186
1282,MURRAY STREET,154.03501,215
12822,LANSDOWNE WAY,216.97654,185
12825,STOCKWELL GREEN,754.44413,351
12826,IRVING GROVE,263.98148,348
12827,STOCKWELL GREEN,661.58253,423
1283,MURRAY STREET,43.963049999999996,220
12830,SOLON ROAD,925.3413,335
12831,SOLON ROAD,661.61085,332
12832,BELVEDERE PLACE,246.12013,336
12833,BELVEDERE PLACE,383.15106000000003,332
12834,MARCILLY ROAD,5.5078499999999995,75
12835,SPENCER ROAD,49.64205,77
12836,SPENCER ROAD,5.71643,75
12838,SPENCER PARK,108.91588,77
12839,BOLINGBROKE GROVE,17.08907,150
1284,CAMDEN PARK ROAD,586.39756,215
12840,BOLINGBROKE GROVE,85.38446,313
12842,ECCLES ROAD,559.10152,192
12843,ECCLES ROAD,99.27481999999999,191
12844,SISTERS AVENUE,352.59102,192
12846,FORTHBRIDGE ROAD,280.59581000000003,192
12847,FORTHBRIDGE ROAD,152.41763,189
12848,CEDARS ROAD,138.62417,192
1285,TORRIANO AVENUE,297.82684,221
12850,BOLINGBROKE GROVE,42.72881,71
12851,BOLINGBROKE GROVE,13.377479999999998,72
12852,OAK LODGE SCHOOL,100.84277,72
12853,OAK LODGE SCHOOL,31.15261,72
12854,RAMSDEN ROAD,47.36498,71
12855,THURLEIGH AVENUE,36.27795,71
12856,SALCOTT ROAD,382.02746,151
12857,SALCOTT ROAD,258.61715,150
1286,HILLDROP ROAD,471.48337,213
12862,DARLEY ROAD,636.76948,152
12863,DARLEY ROAD,332.36511,151
12865,GORST ROAD,97.12998,81
12866,BLENKARNE ROAD,55.80442,80
12868,BRIGHTON ROAD / OLD LODGE LANE,166.36284,394
12869,GRANARD ROAD,178.67566,80
1287,HILLDROP ROAD,368.0707,219
12870,GRANARD ROAD,53.44902,80
12871,BATTERSEA BRIDGE,2121.07196,447
12872,BATTERSEA BRIDGE / HESTER ROAD,143.41178,84
12873,PARKGATE ROAD,330.41378,292
12874,PARKGATE ROAD,1104.03104,367
12877,PRINCE OF WALES DRIVE,225.57237,292
12878,PETWORTH STREET,861.92314,288
12882,THE PARADE / COTMAN GARDENS,283.35887,81
12883,THE PARADE,511.58892,82
12884,HARROW VIEW,184.81573,80
12885,HARROW VIEW,158.79723,81
12886,SHIRLEY OAKS ROAD,581.69876,253
12887,CAMBRIDGE ROUNDABOUT / SOUTH SIDE,370.97865,239
1289,CHAMBERS ROAD,1006.71067,719
129,AMHURST ROAD / HACKNEY DOWNS STATION,486.09273,721
12900,KINGSTON UNIVERSITY / COUNTY HALL,1236.225,460
12904,HYLAND WAY,251.2082,174
12905,HYLAND WAY,323.74635,167
12908,LEIGHAM COURT RD / STREATHAM HILL STN,52.53681,98
12909,LEIGHAM COURT RD / STREATHAM HILL STN,568.40957,102
1291,HORNSEY ROAD,2394.5001,632
12912,FAIRLAWN AVENUE,601.87277,168
12913,BEACONSFIELD ROAD,402.17592,159
12914,BEACONSFIELD ROAD,516.32242,160
12915,THORNTON HEATH POND / FAIRLANDS AVENUE,59.07449,76
12916,THORNTON HEATH POND / FAIRLANDS AVENUE,173.71805,77
12917,TALBOT ROAD,613.08569,186
12918,PAWSONS ROAD,546.53929,195
12920,PAWSONS ROAD,440.31872,185
12921,TALBOT ROAD,664.66911,274
12924,ELTHAM HIGH STREET / POUND PLACE,548.33479,389
12925,ELTHAM HIGH STREET / POUND PLACE,329.66976999999997,379
12927,THE WOOLWICH CENTRE,678.337,420
1293,DURHAM ROAD,983.4968,535
12930,EFFRA PARADE,0.0,76
12934,CAMBRIDGE ROUNDABOUT / WEST SIDE,90.24638,172
12935,CAMBRIDGE ROUNDABOUT / WEST SIDE,165.96633,173
12936,CHEQUERS WAY,191.46031,172
12937,CHEQUERS WAY,347.07214,249
1299,HEYSHAM ROAD,505.09051,180
13,EDGWARE ROAD STATION,1613.79395,286
1300,HEYSHAM ROAD,450.99667,180
1301,ELIZABETH ROAD,257.23701,180
1302,BIRSTALL ROAD / SEVEN SISTERS STN,520.46928,179
1306,WILTON ROAD,152.94561,187
1307,WILTON ROAD,879.7076,182
1308,CONSTABLE CLOSE,145.78422,79
1309,CONSTABLE CLOSE,26.432209999999998,78
1310,FRIARY ROAD,24.68309,122
1311,FRIARY ROAD,28.13174,121
13149,WEMBLEY STADIUM STATION,1268.70747,406
13150,ICKNIELD DRIVE,337.4164,257
13151,GANTSHILL CRESCENT,215.63442,258
13152,GREENFORD STATION,1941.97691,256
13156,HORNIMAN MUSEUM,329.2702,340
13158,HONOR OAK ROAD,202.27697,332
13161,FOREST HILL STATION  / LONDON ROAD,1001.73922,157
13167,DUNRAVEN SCHOOL,102.44334,102
13168,LEIGHAM COURT ROAD / VALLEY ROAD,129.5198,175
13169,VALLEY ROAD,266.84191,92
13170,ROCKHAMPTON ROAD,175.45946,93
13171,JULIAN'S PRIMARY SCHOOL,204.47351,93
13174,ALBERT CARR GARDENS,20.525879999999997,78
13175,VALLEY ROAD,68.20841,78
13176,THE ROOKERY,81.80109,78
13178,LEIGHAM COURT ROAD,21.14023,77
13179,STREATHAM COMMON NORTH / LEIGHAM CRT RD,114.65946,171
13180,ALBERT CARR GARDENS,82.83774,77
13181,VALLEY ROAD,31.78499,77
13182,THE ROOKERY,37.96669,77
13184,CROWN POINT,748.35393,171
13186,TIVOLI ROAD,131.20916,93
13188,SALTER'S HILL,151.76099,193
13189,HERMITAGE ROAD,444.30003,271
13190,ROCKMOUNT ROAD,221.92202,272
13193,GRECIAN CRESCENT,106.36837,267
13194,CONVENT HILL,192.36842000000001,266
13196,HERMITAGE ROAD,256.9796,266
13197,HERMITAGE ROAD,185.02788,269
13201,UPPER BEULAH HILL,133.69123,270
13202,UPPER BEULAH HILL,357.41475,263
13203,BEULAH HILL / ALL SAINTS CHURCH,373.42491,270
13204,SOUTH NORWOOD HILL / ALL SAINTS CHURCH,157.34972,187
13206,GRANGE AVENUE,35.35556,187
13207,GRANGE AVENUE,141.45483,192
13208,WHARNCLIFFE GARDENS,133.48723,186
13209,WHARNCLIFFE GARDENS,88.32944,192
13210,HOWDEN ROAD,283.45104,185
13211,HOWDEN ROAD,14.569989999999999,76
13214,ELM PARK ROAD,42.85247,75
13215,ELM PARK ROAD,3.28931,76
13216,STANLEY HALL,347.42989,152
13217,STANLEY HALL,80.84927,155
13220,BIGGIN HILL,225.94264,265
13221,BIGGIN HILL,109.29817,268
13222,WESTOW HILL,825.69802,429
13223,WESTOW PARK,21.83868,77
13224,WESTOW PARK,169.22048,77
13227,SYLVAN HILL,51.9786,77
13228,SYLVAN HILL,78.114,77
13229,ALL SAINTS CHURCH,45.23906,77
1323,REDBRIDGE STATION,156.22407,260
13231,ALL SAINTS CHURCH,37.1373,77
13233,NUGENT ROAD,99.90298,116
13234,WHITWORTH ROAD,119.8203,107
13235,WHITWORTH ROAD,103.05076,116
13236,SELHURST PARK STADIUM,143.22679,106
13237,SELHURST PARK STADIUM,180.52767,194
13238,CLIFTON ROAD,307.30538,182
13239,CLIFTON ROAD,94.26928,193
13246,MORVAL ROAD,662.12389,524
13247,ST MATTHEWS ESTATE,297.74976,529
13249,MILTON ROAD,104.04745,267
1325,CLARENCE AVENUE,245.28943,168
13250,BROCKWELL LIDO,232.49041,269
13251,BROCKWELL LIDO,68.23732,267
13255,ROSENDALE ROAD,331.61651,325
13256,ROSENDALE ROAD,191.25927,329
13258,DERONDA ROAD,200.39958,324
13259,DERONDA ROAD,78.05982,329
13260,THURLOW PARK ROAD,177.47985,324
13262,LANCASTER AVENUE,349.32243,170
13263,ELMCOURT ROAD,336.98987999999997,506
13266,LANCASTER AVENUE,477.71635,573
13270,ROBSON ROAD,6.6550899999999995,75
13271,ROBSON ROAD,4.19764,77
13272,MARTELL ROAD,63.60419,75
13273,MARTELL ROAD,95.50552,77
13275,NORWOOD ROAD,41.20603,172
13277,CROXTED CLOSE,44.2437,171
13278,GUERNSEY GROVE,47.16375,169
13279,TURNEY ROAD,165.81038999999998,171
13280,TURNEY ROAD,112.90946,168
13283,PYMERS MEAD,92.05965,171
13284,PYMERS MEAD,19.93351,168
13286,WESTERN ROAD,171.08372,354
13287,BRIXTON STATION ROAD,103.23393999999999,355
13288,MOORLAND ROAD,160.22403,356
13289,SHAKESPEARE ROAD,446.66244,355
1329,KINGSBURY ROAD,292.82153,199
13290,SHAKESPEARE ROAD,639.38377,356
13297,VALMAR ROAD,96.35043999999999,274
13298,VALMAR ROAD,838.44757,275
133,TURNHAM GREEN CHURCH,1235.4784300000001,337
1330,KINGSBURY ROAD,464.39337,197
1331,FINCHLEY ROAD STATION,977.58158,414
13317,JULIAN'S PRIMARY SCHOOL,95.37372,101
13319,LEIGHAM COURT ROAD / STREATHAM COMMON,30.87967,101
13322,TIVOLI ROAD,64.39968,97
13323,NORWOOD SCHOOL,77.71335,97
13324,SALTER'S HILL,66.86216,198
13325,HERMITAGE ROAD,162.29223,274
13326,ROCKMOUNT ROAD,75.06157999999999,274
13329,KELLETT ROAD,0.0,76
1333,BARNET EVERYMAN CINEMA,791.97903,249
13330,KELLETT ROAD,0.25761,75
13332,EFFRA PARADE,0.0,75
13335,REGENT ROAD,18.89907,76
13336,REGENT ROAD,0.12863999999999992,75
13339,ST JULIAN'S FARM ROAD,1044.73272,510
1334,BARNET EVERYMAN CINEMA,176.02258,261
13340,ROTHSCHILD STREET,176.7049,260
13343,WEST NORWOOD FIRE STATION,108.23876,180
13346,WEST NORWOOD FIRE STATION,72.46262,189
13347,CROWN POINT / KNIGHTS HILL,418.97387000000003,183
13352,GIPSY ROAD,90.32594,100
13353,GIPSY ROAD,280.2992,100
13354,NORWOOD PARK,224.57916,100
13355,EYLEWOOD ROAD,78.62778,100
13356,NORWOOD PARK,85.90832,101
13357,DEEPDENE ROAD,374.48703,249
1336,GREEN STREET,920.44003,174
13360,FRANKFURT ROAD,250.58187,175
13362,SOUTHSIDE SHOPPING CENTRE,1769.34182,366
13363,LINGS COPPICE,171.01192,95
13364,LINGS COPPICE,45.50378,94
13365,ILDERSLY GROVE,104.45692,94
13366,PARK HALL ROAD,279.87912,97
13367,SOUTH CROXTED ROAD,37.48133,97
13368,PARK HALL ROAD,11.114609999999999,94
13369,CHURCH APPROACH,260.42742,96
13370,CHURCH APPROACH,74.66264,95
13371,ALLEYN ROAD,42.43311,97
13372,SOUTH CROXTED ROAD,7.227949999999999,95
13373,GIPSY HILL,109.86757,95
13374,GIPSY HILL,514.14686,97
13377,DULWICH WOOD PARK / KINGSWOOD DRIVE,105.67379,172
13378,CRYSTAL PALACE PARADE / COLLEGE ROAD,146.80479,172
13379,CRYSTAL PALACE PARADE / COLLEGE ROAD,80.11228,512
13380,ELSIE ROAD,506.82266,492
13384,DULWICH LIBRARY,173.52673,258
13387,OVERHILL ROAD,357.79792,259
13388,OVERHILL ROAD,205.7797,255
13389,GROVE TAVERN,286.33757,259
1339,LEYTON HIGH ROAD / LEYTON STATION,623.7235000000001,154
13390,GROVE TAVERN,444.13829,329
13392,CHAMPION HILL,139.97535,246
13393,CHAMPION HILL,219.68879,251
13396,BLANCHEDOWNE,423.89653,248
13397,BLANCHEDOWNE,105.79055,251
13398,DEEPDENE ROAD,100.94533,251
13399,FRANKFURT ROAD,79.0211,174
134,TURNHAM GREEN CHURCH,585.14857,339
13400,HOLLINGBOURNE ROAD,44.5255,174
13401,ST PAUL'S CHURCH,28.23697,174
13402,RUSKIN WALK,43.76175,96
13403,RUSKIN WALK,83.05448,93
13405,BECKWITH ROAD,88.11467,96
13406,BECKWITH ROAD,105.98977,92
1341,HOUNSLOW BUS STATION,3915.93017,487
13410,TOWNLEY ROAD,103.54175,170
13411,TOWNLEY ROAD,381.2748,162
13418,ARNHEM WHARF PRIMARY SCHOOL,50.75824,290
13420,KENTON LIBRARY,304.36131,80
13422,BAWTRY ROAD,239.97024,160
13423,BAWTRY ROAD,242.27752,161
13424,HAMPDEN WAY,173.89494,149
13425,HAMPDEN SQUARE,305.30626,154
13426,ST ANDREW'S CHURCH,76.01793,159
13427,ST ANDREW'S CHURCH,209.77232,155
13428,LEE STATION,461.32728000000003,234
13429,LEE STATION,594.52151,229
13430,BLACKHEATH STATION,325.7835,96
13447,PARHAM DRIVE,1067.48697,225
13448,GANTS HILL STATION,43.75938,226
13449,GANTS HILL STATION  / WOODFORD AVENUE,1102.55599,237
13450,GANTS HILL STATION / WOODFORD AVENUE,261.09499,239
13453,STAMFORD HILL BROADWAY,213.64514,79
13454,SHOREDITCH CHURCH,383.7768,289
13456,LIVERPOOL STREET STATION,4056.50555,360
13457,ROSEBERY AVENUE,280.18927,194
13458,ROSEBERY AVENUE,171.62767,198
13460,HATTON GARDEN,322.83812,199
13463,ST JOHN STREET,550.80005,195
13464,CLERKENWELL GREEN,226.50119,199
13466,CLERKENWELL ROAD / ST JOHN STREET,242.48362,275
13467,GOSWELL ROAD,343.36364,273
13469,CENTRAL STREET,332.87651,195
13472,ST LUKE'S MUSIC EDUCATION CENTRE,350.04616,198
13473,ST LUKE'S MUSIC EDUCATION CENTRE,303.55879,196
13474,BUNHILL ROW,739.38886,199
13475,OLD STREET STATION,1290.12397,196
13476,OLD STREET STATION,624.96338,384
13484,ELDER STREET,55.73707,80
13485,ELDER STREET,19.63675,78
13488,SHOREDITCH HIGH STREET STATION,116.06732,79
13489,FOLGATE STREET,34.30499,78
13490,BRUSHFIELD STREET,171.59235,79
13492,LOLESWORTH CLOSE,88.60771,79
13493,LOLESWORTH CLOSE,6.305029999999999,78
13494,ALDGATE EAST STATION,519.41597,79
13495,ALDGATE EAST STATION,1.2610699999999992,78
13506,KINGSLAND HIGH STREET,369.67782,283
13507,HENDON CENTRAL STATION,296.12510000000003,101
13510,HALCOT AVENUE,98.7903,317
13517,BRUNSWICK ROAD,23.70938,124
13521,BAIRD ROAD,1495.30828,466
13522,GLYN ROAD,848.87637,244
13523,ENFIELD BUS GARAGE / SOUTHBURY STATION,305.0073,301
13525,GLYN ROAD,1470.10861,436
1353,TOWN LANE,55.81444,70
13532,CHARLTON VILLAGE,577.68029,432
13533,CHARLTON HOUSE,398.35845,264
13535,VANBRUGH PARK / STRATHEDEN ROAD,234.30446,99
13536,BLACKHEATH / ROYAL STANDARD,1545.34558,412
1354,TOWN LANE,85.08722999999999,147
13548,HERONWOOD HOSPITAL,38.87455,92
1355,GOODMAYES LANE,452.32505,241
13550,OXFORD AVENUE,240.17997,457
13551,OXFORD AVENUE,384.51451,460
13553,FIELD VIEW,42.879220000000004,73
13554,FIELD VIEW,11.08903,69
13557,GANTS HILL STATION,975.9460300000001,259
13558,GANTS HILL STATION,187.4876,255
1356,GOODMAYES LANE,328.14413,166
1357,ALGAR COURT,50.088879999999996,158
13572,BRACONDALE,64.06046,67
136,LYNCROFT GARDENS,288.03862,188
13605,ST PETERS CHURCH,54.0311,175
13606,ROSS ROAD,127.03825,192
1361,BOSTON MANOR ROAD,156.49434,162
13614,DARLING ROW,741.49724,182
13619,BALLS POND ROAD,314.27232,82
13622,SHERWOOD GARDENS,47.72191,93
13623,SHERWOOD GARDENS,108.56981999999999,97
13626,CORBETTS LANE,134.73409,188
13627,CORBETTS LANE,306.53771,194
1363,GILLETTE CORNER,140.4931,78
13638,BUSH ROAD,232.42135,294
13644,FENDALL STREET,66.82141,177
13647,ALSCOT ROAD,500.75544,177
13648,ALSCOT ROAD,606.50981,176
13649,HARRIS ACADEMY,108.52664,97
13650,REVERDY ROAD,362.95074,99
1366,VICARAGE FARM ROAD,17.24923,78
13660,LYNTON ROAD,258.22504,196
13661,DUNTON ROAD / OLD KENT ROAD,359.69434,78
13663,LYNTON ROAD,87.8023,78
13665,LONGFIELD ESTATE,68.50808,78
13666,LONGFIELD ESTATE,99.96278,80
13668,SURREY QUAYS STATION,831.19043,556
1368,LAMPTON ROAD,74.93106,79
13698,JOHN SILKIN LANE,50.06389,86
13699,ALLOA ROAD,15.19653,83
137,LYNCROFT GARDENS,344.2265,190
13700,ALLOA ROAD,39.96423,86
13701,GRINSTEAD ROAD,79.46638,86
13702,GRINSTEAD ROAD,69.02392,83
13703,SURREY CANAL ROAD,36.07393,85
13714,NEW CROSS STATION,634.07712,382
13715,NEW CROSS STATION,406.38956,380
13718,FRIENDLY STREET,86.45609999999999,175
13720,CRANBROOK ROAD,60.56462,175
13721,CRANBROOK ROAD,53.885729999999995,175
13723,ETHEROW STREET,384.20357,177
13726,GOODRICH ROAD,57.19488,177
13730,UNDERHILL ROAD,330.97072000000003,177
13731,UPLAND ROAD,213.83498,177
13732,UPLAND ROAD,102.33348,177
13734,BARRY ROAD / PECKHAM RYE,92.05216,178
13736,PECKHAM RYE / BARRY ROAD,512.78616,351
13739,FRIERN ROAD,97.56034,176
1374,GARSTON LANE,66.87121,80
13740,FRIERN ROAD,336.05736,174
13741,DUNSTANS ROAD,144.83180000000002,176
13742,DUNSTANS ROAD,833.55475,174
13743,THERAPIA ROAD,91.02905,176
13744,WOOD VALE / FOREST HILL ROAD,66.57229,98
13749,OAKHURST GROVE,211.72571,170
1375,GARSTON LANE,14.97523,80
13750,EAST DULWICH ROAD / PECKHAM RYE,599.94474,170
13752,PECKHAM RYE COMMON,89.17386,81
13753,PECKHAM RYE / NUNHEAD LANE,142.12048,176
13759,STUART ROAD,509.41318,175
1376,MANOR ROAD / NORTH SHEEN STATION,316.99432,254
13760,STUART ROAD,198.78569000000002,181
13761,SURREY ROAD,303.49708,175
13762,SURREY ROAD,104.49498,180
13764,WAITE STREET,74.66713,172
13765,WAITE STREET,45.6319,172
13766,ST GEORGE'S WAY,973.32123,174
13767,ST GEORGE'S WAY,366.1312,171
13768,BIRD IN BUSH ROAD,482.07915,174
13769,BIRD IN BUSH ROAD,352.70285,171
13770,COMMERCIAL WAY,423.68429,174
13771,COMMERCIAL WAY,105.58685,172
13772,BONAR ROAD,441.97936,348
13773,BONAR ROAD,144.85846999999998,348
13774,PECKHAM PARK ROAD / OLD KENT ROAD,360.09182,174
13777,BIRD IN BUSH ROAD,181.244,174
13778,BIRD IN BUSH ROAD,283.03856,176
1378,PARK PARADE,790.1447900000001,194
13780,PECKHAM RYE STATION,1970.18841,762
13781,PECKHAM RYE STATION,2928.28806,693
13782,HEATON ROAD,1224.04173,690
13784,CARDEN ROAD,22.746879999999997,153
13785,CARDEN ROAD,157.26035,150
13786,LINDEN GROVE,40.47331,152
13787,NUNHEAD GREEN,329.07339,150
13788,BARSET ROAD,58.72471,152
13789,BARSET ROAD,363.84036000000003,150
13794,INVERTON ROAD,72.6507,72
13795,INVERTON ROAD,292.0537,176
13796,BELLWOOD ROAD,31.05526,72
13798,LIMESFORD ROAD,67.77749,72
13799,LIMESFORD ROAD,24.1265,72
1380,PARK PARADE,504.4248,238
13802,PECKHAM 7TH DAY ADVENTIST CHURCH,25.6386,72
13803,PECKHAM 7TH DAY ADVENTIST CHURCH,6.272139999999999,72
13804,IVYDALE ROAD / LINDEN GROVE,21.96484,72
13805,IVYDALE ROAD / LINDEN GROVE,6.476299999999999,72
1381,PARK PARADE,242.70528,244
13810,ELVERSON ROAD,43.97715,180
13811,ELVERSON ROAD,29.04985,176
13815,MILLER HOUSE,77.22773,83
13819,GREENWICH STATION,114.13202,83
1382,HARLESDEN JUBILEE CLOCK,485.94239,328
13821,GREENWICH STATION,249.35484,249
13823,GREENWICH HIGH ROAD / ROYAL HILL,517.74752,333
13824,TRAFALGAR ESTATE,384.66294,430
13825,TRAFALGAR ESTATE,157.5169,420
13826,TRAFALGAR ROAD / MAZE HILL,358.41894,430
13827,TRAFALGAR ROAD / MAZE HILL,408.39919,422
13828,KING WILLIAM LANE,339.67998,429
13829,TYLER STREET,1016.02038,423
1383,CEARN WAY,32.46759,78
13830,TYLER STREET,466.91112,428
13831,PELTON ROAD,978.90198,180
13834,CHRIST CHURCH PRIMARY SCHOOL,86.99313,175
1384,CEARN WAY,10.315859999999999,78
13848,EGERTON DRIVE,99.16574,120
1385,ACTON LANE,363.96766,338
13851,EGERTON DRIVE,119.31254,120
13852,WALDRAM PARK ROAD,509.21333,160
13856,WALDRAM PARK ROAD,120.95024,161
13859,FOREST HILL FIRE STATION,268.82362,160
1386,WILLESDEN COUNTY COURT,388.91022,468
13862,BROCKLEY PARK,417.5033,175
13863,BROCKLEY RISE / CRANSTON ROAD,148.45746,179
13864,DUNCOMBE HILL,91.25974,175
13865,BROCKLEY PARK,90.52186,179
13869,BROCKLEY RISE / CHANDOS,250.12637,179
1387,WILLESDEN COUNTY COURT,1517.7738200000001,480
13872,BROCKLEY JACK,285.79749,331
13873,BROCKLEY JACK,290.54254,335
13874,BEECROFT ROAD,483.09243,249
13875,CROFTON PARK STATION,219.77448,253
1388,VICTOR ROAD,328.06708,99
13881,ROUNDEL CLOSE,219.45366,79
13883,ADELAIDE AVENUE / MONTAGUE AVENUE,23.189259999999997,79
13884,ADELAIDE AVENUE / ST MARGARET'S ROAD,18.24297,80
13885,PRENDERGAST SCHOOL,87.75167,79
13886,PRENDERGAST SCHOOL,87.53786,80
1389,WROTTESLEY ROAD,105.37661,100
13891,LADYWELL STATION,499.20025,242
13892,LADYWELL STATION,479.53521,242
1390,HALING PARK ROAD,470.99013,400
13904,BELLEGROVE ROAD / WELLING WAY,187.41539,189
1391,HALING PARK ROAD,146.52571,405
1393,GRAY'S INN ROAD,439.54200000000003,158
13953,TUBBENDEN LANE,491.1645,1041
1399,PEMBROKE PLACE,116.29277,171
14,MARBLE ARCH / EDGWARE ROAD,2753.40065,478
140,CLAPHAM JUNCTION STN  / THE FALCON,5498.66029,654
1400,EARLS COURT ROAD / PEMBROKE PLACE,290.52341,170
14020,PADDINGTON STATION,1855.84828,545
14022,GALLOWAY ROAD,483.94131,330
1403,POYNDERS ROAD / CLARENCE AVENUE,237.38025,156
1404,POYNDERS ROAD / CLARENCE AVENUE,152.72381000000001,156
1405,CAVENDISH ROAD / CLAPHAM SOUTH STN,12.754029999999998,156
1406,CAVENDISH ROAD / CLAPHAM SOUTH STN,187.21608,155
1407,HANGER LANE,70.2328,120
14073,DRAKE AVENUE,39.43559,79
14074,DRAKE AVENUE,19.124299999999998,79
14079,ST PETER & ST PAUL CHURCH,211.76056,91
1408,WORMHOLT ROAD,698.26698,254
14084,NIGHTINGALE ROAD,560.51894,84
14085,NIGHTINGALE ROAD,133.72041,83
14086,HANWELL STATION,155.57625,84
14087,HANWELL STATION,221.84871,83
14088,GIFFORD GARDENS,245.81731,167
14089,BORDARS ROAD,1044.4491600000001,166
1409,ROMFORD ROAD,47.75591,257
14090,KENNEDY ROAD,95.06159,238
14091,KENNEDY ROAD,505.95915,234
14092,NORTHFIELDS STATION,1190.68455,184
14093,NORTHFIELDS STATION,679.47309,183
14094,WOOD END LANE,216.52187,98
14099,SOMERVILLE ROAD,326.34198,79
1410,ROMFORD ROAD,691.67168,323
14100,SOMERVILLE ROAD,135.18312,79
14103,HILL CLOSE,69.7101,80
14104,HILL CLOSE,27.784689999999998,81
14109,NORTH MIDDLESEX HOSPITAL,1157.65475,383
1411,NORTHCOTE ROAD,117.16968,310
14110,NORTH MIDDLESEX HOSPITAL,1024.99992,378
14113,COLHAM ROAD,95.20195,231
14115,MILL ROAD,385.46653,160
14116,GODFREY WAY,527.92674,165
14117,HAMPTON COURT PALACE,65.14756,141
14119,CHURCH ELM LANE,206.49846,233
1412,NORTHCOTE ROAD,25.538539999999998,191
14120,SCOTTS LANE,62.71602,184
14121,SCOTTS LANE,37.68072,180
14122,THE CHINESE GARAGE,55.7539,100
14123,THE CHINESE GARAGE,54.42805,97
14124,BROMLEY ROAD / ST GEORGE'S CHURCH,672.4671,250
14125,BROMLEY ROAD / ST GEORGE'S CHURCH,215.52839,249
14126,EDMONTON CEMETERY,155.97757000000001,78
14127,GREAT CAMBRIDGE ROAD,50.83532,79
14128,CAMBRIDGE ROUNDABOUT / EAST SIDE,1156.01626,381
14129,CAMBRIDGE ROUNDABOUT / EAST SIDE,510.79384,255
14130,HAMPSTEAD WAY,147.16152,178
14131,NORTH END ROAD / GOLDERS HILL PARK,89.46135,180
14134,WICK ROAD,79.51219,176
14136,WICK ROAD / KENWORTHY ROAD,443.43733000000003,177
14138,KENWORTHY ROAD / WICK ROAD,68.63169,81
14139,WICK ROAD,33.28753,81
1414,CLAPHAM JUNCTION / THE NORTHCOTE,1265.5864,652
1416,WESTOW HILL,293.00423,428
14160,CHEAM BROADWAY,97.20898,47
14162,ST DUNSTAN'S HILL,95.9183,173
14163,ST DUNSTAN'S HILL,28.67701,165
14164,CHEAM ROAD / GANDER GREEN LANE,102.96182999999999,172
14165,CHEAM ROAD / GANDER GREEN LANE,137.8159,248
14166,SECOMBE CENTRE,28.321869999999997,246
14167,SHERWOOD PARK ROAD,163.09795,251
14172,LIND ROAD,85.12975,80
14173,NONSUCH PARK,30.62933,47
14174,NONSUCH PARK,28.230169999999998,53
14175,CARSHALTON ROAD / RINGSTEAD ROAD,43.92024,79
14176,POUND STREET,88.12216,137
14177,POUND STREET,40.03678,80
14178,CARSHALTON HIGH STREET,899.23592,317
14179,CARSHALTON HIGH STREET,1016.05967,313
14181,THE HOLT,173.34819,229
14185,WALLINGTON COUNTY GRAMMAR SCHOOL,310.32,233
14186,CHURCH ROAD,163.32652,230
14187,CHURCH ROAD,197.636,232
14188,GUY ROAD,125.54235,232
14189,CROYDON ROAD / PLOUGH LANE,322.68795,158
14193,LAVINGTON ROAD,109.45304,159
14194,LAVINGTON ROAD,173.21506,158
14197,DAWSON ROAD,0.9404699999999999,132
14198,DAWSON ROAD,19.39644,135
1420,VICTORIA ROAD / SURBITON STATION,1293.69769,356
14200,ATHELSTAN PARK,222.54314,135
14201,LOWER MARSH LANE,140.74256,134
14203,BEEHIVE LANE,220.6161,547
14204,MORNINGTON AVENUE,344.55135,615
14205,ALDER GROVE,687.57891,233
14217,BERWYN ROAD,78.98228999999999,250
14218,BERWYN ROAD,281.10412,255
14219,DALSTON LANE / DALSTON JUNCTION STN,3746.85709,462
1422,MILE END STATION / BOW ROAD,1166.9319,502
14225,HACKNEY ROAD / COLUMBIA ROAD,449.1394,195
14226,HOXTON STATION,417.36309,195
14227,HOXTON STATION,364.20386,201
1423,MILE END STATION,353.12854,337
14231,QUEENSBRIDGE ROAD,604.59671,201
14234,PRITCHARD'S ROAD,584.61406,201
14237,HARDWICK STREET,504.87831,310
1424,MILE END STATION,3092.60334,345
14240,WATTISFIELD ROAD,6.970999999999999,275
14241,WATTISFIELD ROAD,433.67979,281
14242,LEE VALLEY ICE CENTRE,148.5626,204
14245,BLOXHALL ROAD,249.39207,199
14252,EMMANUEL PARISH CHURCH,576.96436,199
14257,ROCHDALE ROAD,632.61481,201
14258,MANOR ROAD,406.39381,180
1426,MANOR ROAD,329.45289,322
14261,SHRUBLAND ROAD,274.84723,202
14262,SHORTLANDS ROAD,378.03283,200
14264,FRASER ROAD,97.49580999999999,178
14265,LEYTON GREEN ROAD,346.91348,636
14266,ESSEX ROAD,1009.32392,647
14267,SHERNHALL STREET,369.45602,638
14269,PETERBOROUGH ROAD,554.81569,638
1427,BECKENHAM HIGH STREET / WAR MEMORIAL,783.14204,321
14270,PETERBOROUGH ROAD,817.35175,647
14271,WHIPPS CROSS / WOOD STREET,571.78625,631
14275,HAINAULT COURT,45.27319,137
14276,HAINAULT COURT,9.47581,134
14277,OAKHURST GARDENS,50.745889999999996,73
14278,SNARESBROOK ROAD,31.121299999999998,72
1428,BECKENHAM HIGH STREET / WAR MEMORIAL,520.03095,316
14281,ST PETERS CHURCH,10.264169999999998,74
14282,ST PETERS CHURCH,6.476729999999999,72
14287,FOREST ROAD,53.69289,75
1429,CROYDON ROAD / WAR MEMORIAL,447.16831,244
14290,HIGHWOOD GARDENS,177.18046999999999,236
14291,OXFORD ROAD,273.71532,163
143,TRAFALGAR SQUARE / CHARING CROSS STN,357.51117,280
1430,TESSA JOWELL HEALTH CENTRE,111.14005,169
1431,TESSA JOWELL HEALTH CENTRE,350.92316,162
1433,CROXTED ROAD / THURLOW PARK ROAD,102.6582,95
1434,CROXTED ROAD / THURLOW PARK ROAD,175.70412,167
14341,KILBURN HIGH ROAD,2040.5749700000001,425
14342,FARNBOROUGH COMMON / P R U HOSPITAL,307.9813,161
14343,TIBBET'S RIDE,187.09667,343
14353,SOUTH GREENFORD STATION,34.58745,80
14356,EDISON ROAD,247.86747,198
14357,SOUTH GREENFORD STATION,32.52284,77
14358,CROUCH END BROADWAY,822.64564,269
1436,ST JOHN'S WOOD STATION,859.12732,337
14360,BRIXTON STATION ROAD,62.736619999999995,356
14361,KINGS ROAD,768.65713,163
14362,KINGS ROAD,583.82357,163
14364,COPLAND AVENUE,227.90655,342
14376,BUNKERS HILL / THE WHITE CROSS,12.74076,72
14377,BUNKERS HILL / THE WHITE CROSS,13.62684,63
14378,HARTFORD ROAD,526.37856,315
14379,HARTFORD ROAD,327.82524,321
14380,BROOMFIELD ROAD,63.9905,318
14381,BROOMFIELD ROAD,38.402249999999995,317
14382,VICARAGE ROAD,4.131949999999999,74
14383,VICARAGE ROAD,22.310679999999998,75
14387,MOTTINGHAM ROAD / COURT ROAD,444.31702,236
14388,COLLIER ROW ROUNDABOUT / REX CLOSE,746.73871,339
14390,BRACKEN AVENUE,17.78842,72
1441,CROYDON UNIVERSITY HOSPITAL,2694.03321,513
1443,GIPSY HILL POLICE STATION,448.73326,271
14430,SOUTH EDEN PARK ROAD,10.818649999999998,79
14432,BROWNHILL ROAD / WELLMEADOW ROAD,121.45986,80
14439,HARROW GREEN,288.01513,183
1444,BELLEGROVE ROAD / WELLING WAY,223.21369,182
14441,SHEPHERD'S BUSH STATION,2416.40623,206
14442,STAMFORD HILL BROADWAY,1029.40061,384
14452,GREENWICH TRUST SCHOOL,263.34331,358
14456,NEW OXFORD STREET,2195.97789,409
14457,CROMWELL AVENUE,254.80897,491
14459,WEST STREET,1020.27,308
1446,BEAUFORT STREET,329.29846,186
14461,FINCHLEY ROAD,390.73803,345
14462,FINCHLEY ROAD,3060.83533,435
14466,HOLCROFT ROAD,347.75816,280
14467,HOLCROFT ROAD,373.97644,189
14470,MOULINS ROAD,206.74173,180
14471,TERRACE ROAD,53.02556,98
14473,VICTORIA PARK ROAD,377.46651,178
14474,PENSHURST ROAD,207.63021,181
14476,VICTORIA PARK ROAD,618.27157,182
14477,OLD FORD ROAD,137.24761,175
14478,VICTORIA PARK,129.19486,181
14479,ST BARNABAS CHURCH,354.59125,330
1448,BEAUFORT STREET,425.30696,193
14481,ARBERY ROAD,161.61556,330
14482,ARBERY ROAD,237.65075,340
14483,LICHFIELD ROAD,83.15261,329
14484,LICHFIELD ROAD,60.79927,340
14485,BOW COMMON LANE,0.05744,80
14487,ERIC STREET,185.43097,258
14488,ERIC STREET,212.85224,265
1449,BEAUFORT STREET / KING'S ROAD,1158.33741,365
14495,PIXLEY STREET,1042.17176,260
14496,PIXLEY STREET,728.74398,264
1450,BEAUFORT STREET / KING'S ROAD,359.15248,362
14501,LUDGATE HILL / OLD BAILEY,550.21712,450
14502,VARTRY ROAD,236.51015,180
14503,BOW BUS GARAGE,522.33069,241
1451,BRICK LANE,1394.12803,180
14510,MARGERY PARK ROAD,405.13526,274
14511,MARGERY PARK ROAD,1091.34107,279
14515,SPROWSTON ROAD,600.3572800000001,278
1452,BRICK LANE,498.46966000000003,184
14520,SHREWSBURY ROAD,307.65405,277
14522,WOODGRANGE PARK STATION,185.33073,278
14523,WOODGRANGE PARK STATION,851.48657,278
14527,FIRST AVENUE,437.74382,351
14528,FIRST AVENUE,656.90232,352
14529,RABBITS ROAD,354.65626,351
1453,FULHAM BROADWAY STATION,1415.58266,251
14530,RABBITS ROAD,1112.17557,352
14531,SEVENTH AVENUE,16.857099999999996,351
14535,DERSINGHAM AVENUE,1344.6142,434
14540,NORTH CIRCULAR ROAD,220.26937,429
14544,RANELAGH ROAD,317.94567,183
14545,RANELAGH ROAD,331.43988,184
14548,HARROW GREEN,715.0646,184
1455,FULHAM BROADWAY STATION,468.6922,249
14550,LEYTONSTONE FIRE STATION,437.0214,185
14551,LEYTONSTONE FIRE STATION,387.81628,184
14556,VERNON ROAD,123.02802,185
14557,MICHAEL ROAD,115.15859,184
1456,FULHAM TOWN HALL,248.66382000000002,96
14560,HARVEY ROAD,224.78425,184
14561,HARVEY ROAD,683.12435,185
14565,GREEN MAN ROUNDABOUT,1242.03984,481
14566,LEYTON WAY,120.03898,106
14569,LEYTON WAY,64.70228,99
1457,SHORROLDS ROAD,386.41073,171
14572,SIR ALFRED HITCHCOCK HOTEL,84.30717,106
14573,SIR ALFRED HITCHCOCK HOTEL,119.45651,99
14576,WHIPPS CROSS HOSPITAL,13.05852,168
14579,WHIPPS CROSS HOSPITAL,164.56931,162
14581,GREEN STREET,1668.39719,518
14586,EDGWARE COMMUNITY HOSPITAL,327.30117,426
1459,NORTH END ROAD,65.53639,187
14590,SHOREDITCH CHURCH,375.43522,202
14592,BARING STREET,108.51797,96
14593,ELIZABETH AVENUE,246.17585,107
14596,BASIRE STREET,113.07309,96
14599,ESSEX ROAD,219.07268,102
146,TRAFALGAR SQUARE / CHARING CROSS STN,1001.96297,354
1460,NORTH END ROAD,267.80649,184
14600,ECCLESBOURNE ROAD,215.89225,95
14601,ESSEX ROAD STATION,187.54371,99
14602,ESSEX ROAD STATION,200.02493,95
14605,CANONBURY SQUARE,28.60709,97
14606,CANONBURY GROVE,68.85126,95
14608,CANONBURY ROAD / HIGHBURY CORNER,220.28654,95
14609,HIGHBURY CORNER,28.201999999999998,97
1461,TYRAWLEY ROAD,349.85506,412
14612,WHITTINGTON HOSPITAL / MAGDALA AVENUE,251.27148,316
14613,WHITTINGTON HOSPITAL / MAGDALA AVENUE,804.56479,326
14615,WATERLOW PARK / LAUDERDALE HOUSE,258.60302,254
14616,HIGHGATE HILL / HORNSEY LANE,282.13851,316
14618,CHANNING SCHOOL,271.60654,248
14619,BISHAM GARDENS,187.63072,252
1462,TYRAWLEY ROAD,373.46162,406
14622,BRIXTON STATION,3021.20663,450
14625,BROMLEY ROAD / LEWISHAM TOWN HALL,1229.3824,598
14627,SAVOY STREET,1757.54677,950
14628,ALDWYCH,2110.17772,471
1463,FORTUNE GREEN ROAD,384.48274,190
14631,PURLEY TESCO,607.41906,242
14632,EAST FINCHLEY STATION,1521.60153,292
14635,BAKER STREET STATION,32.96722,185
14636,EAST FINCHLEY STATION,846.07676,77
14637,HAMMERSMITH LIBRARY,3.9137899999999988,173
14638,CLAPHAM COMMON STATION,2453.6206,180
14639,MORNINGTON CRESCENT STATION,965.34933,522
1464,FORTUNE GREEN ROAD,182.65835,190
14640,HIGH STREET KENSINGTON STATION,1299.30854,195
14641,NORTH END ROAD,318.8593,193
14659,POYNDERS COURT,237.92918,155
1466,BURNT OAK BROADWAY,956.79817,251
14662,RICHARDS AVENUE,172.6946,92
14663,RICHARDS AVENUE,215.41156,96
14669,LAMBETH PALACE,276.56967000000003,158
1467,STAG LANE,119.11412,250
14670,LAMBETH PALACE,98.86742,158
14671,ST THOMAS' HOSPITAL / A & E DEPARTMENT,268.29117,157
14672,ST THOMAS' HOSPITAL,734.15251,159
14674,DICKENSON ROAD,286.11808,80
14675,DICKENSON ROAD,74.30483,80
14676,DOVER ROAD,91.86543,155
14677,LONGBRIDGE ROAD,283.66521,256
1468,BARNES / RED LION,158.75319,295
14682,RED LION STREET,794.20439,411
14687,RAVEY STREET,198.99218,184
14689,CURTAIN ROAD,381.67705,183
14691,KING WILLIAM STREET / MONUMENT STN,937.77675,364
14692,KNIGHTS AVENUE,308.92422,99
14693,HALBUTT STREET,282.59704,240
14694,HALBUTT STREET,205.66739,233
14695,MARSHAM STREET,108.13385,75
14696,ABBS CROSS GARDENS,256.57319,246
14699,GROVE ROAD,204.06089,236
14700,GROVE ROAD,194.99448,233
14701,OAKMEAD GARDENS,165.76384,171
14702,MOUNT GROVE,197.91747,168
14703,HYDE PARK CORNER STATION,606.0808,174
14705,THE WEALDSTONE CENTRE,411.06424,503
14706,CAMBRIDGE ROAD,81.10145,261
14707,HIGHSTONE AVENUE,19.65956,145
14708,BLAKE HALL ROAD,79.19136,262
14709,ELTHAM CHURCH / COURT YARD,367.14412,83
14710,ELTHAM HIGH STREET / ROPER STREET,1289.8514499999999,480
14713,TWICKENHAM STATION,821.48264,248
14715,FULWELL / SIXTH CROSS ROAD,611.48707,333
14718,THAMES AVENUE,40.74013,154
1472,CHANCERY LANE STATION,304.48131,307
14721,WHETSTONE / THE GRIFFIN,899.87346,238
14722,WHETSTONE / THE GRIFFIN,706.92821,236
14723,YEADING / TANGMERE GARDENS,729.49755,335
14724,YEADING / DILSTON CLOSE,820.91691,337
14725,HAYES / THE GRAPES,2072.66107,251
14728,HAM GATE AVENUE,258.00713,95
14729,HAM GATE AVENUE,91.38193,97
1473,BROWNLOW STREET,232.60840000000002,315
14732,CUMBERLAND ROAD,25.476469999999996,168
14733,WESTMORELAND ROAD / CUMBERLAND ROAD,135.10146,243
14736,ST PANCRAS INTERNATIONAL STATION,1565.12613,474
14739,BECKENHAM JUNCTION STATION,760.20934,231
14756,WHITEHALL / HORSEGUARDS AVENUE,843.32481,366
14765,BEAUMARIS DRIVE,42.62565,75
14766,QUEENSBURY STATION,1348.67033,260
14768,HENDON WAR MEMORIAL,523.2924,247
14769,ST JOSEPH'S SCHOOL,90.85391,248
14770,COLINDEEP LANE,58.09032,170
14772,SOUTHFIELDS,43.33924,96
14773,SOUTHFIELDS,189.2149,94
14774,HALL LANE,44.566829999999996,96
14775,WESTSIDE,226.11593,93
14776,WATFORD WAY / GRAHAME PARK WAY,27.12481,96
14777,TITHE WALK,113.91021,92
14778,MILL HILL PARK,2.0122799999999996,96
14779,MILL HILL PARK,10.40222,94
1478,HIGH BARNET STATION  / MEADWAY,990.14928,695
14780,HIGH ROAD SOUTH WOODFORD,74.79569,172
14781,HIGH ROAD SOUTH WOODFORD,262.41657000000004,173
14797,BROMLEY SOUTH STATION,2068.62662,553
148,TRAFALGAR SQUARE / CHARING CROSS STN,851.5809,261
14801,WIGHTMAN ROAD,563.60327,200
14802,WIGHTMAN ROAD,2.9125199999999998,206
14803,SPRING VILLA ROAD,362.27617,575
1481,MORDEN ROAD / SOUTH WIMBLEDON STATION,346.91068,116
14815,LAMPTON ROAD,447.41599,78
14816,CROWN ROAD / SOUTHBURY STATION,224.379,314
14817,CROWN ROAD,240.53329,301
14819,THE AVENUE,788.95581,273
14827,GLACIER WAY,595.06497,169
14828,VICARS BRIDGE CLOSE,225.6167,170
14829,HANGER LANE STATION,625.2679,255
1483,ARK ELVIN ACADEMY / PARK LANE,868.87365,515
14830,QUILL STREET,139.32133,171
14832,VICAR'S BRIDGE,253.49387,169
14833,ALPERTON STATION,1901.83493,339
14834,IVEAGH AVENUE,184.27845,79
14835,IVEAGH AVENUE,254.4951,80
14837,BRENTMEAD GARDENS,11.238159999999999,80
14838,STONEBRIDGE PARK STATION,393.38945,150
1484,SUDBURY & HARROW ROAD STATION,1604.60714,259
14840,GLACIER WAY,428.76536,171
14841,HARROW & WEALDSTONE STATION,332.00212,81
14842,WEST CROSS WAY,78.28834,79
14843,WEST CROSS WAY,63.8101,78
14845,MORDEN ROAD TRAM STOP,310.13534,162
14846,MORDEN ROAD TRAM STOP,259.36969,168
14850,TIFFIN GIRLS SCHOOL,394.01785,96
14851,WOODHEYES ROAD,469.7386,233
14852,WOODHEYES ROAD,178.86233000000001,152
14853,KINGSBURY STATION,2271.03287,262
14854,NORTHWOOD STATION,119.29508,151
14855,NORTHWOOD STATION,420.82723,150
14856,CRESCENT PARADE,81.96541,156
14857,OAK FARM LIBRARY,271.02654,154
14858,ICKENHAM STATION,143.96526,102
14859,CRESCENT PARADE,188.1285,157
14860,CLIFTON GARDENS,238.66594,155
14861,AUSTINS LANE,79.50959,179
14864,YEADING LANE / WILLOW TREE LANE,1290.51049,257
14865,YEADING LANE / WILLOW TREE LANE,509.38472,171
14869,SOMERTON ROAD,152.94892,252
14870,SOMERTON ROAD,277.58234,243
14873,CHISWICK ROUNDABOUT / GUNNERSBURY,87.19718,78
14875,LINDSAY ROAD,368.79076,172
14879,TOLLINGTON PARK,122.12512,100
1488,WOOD GREEN STATION,539.25702,512
14881,SUTTON POLICE STATION,1711.5817,833
14886,CAMBRIDGE PARK,405.7718,277
14888,BELVEDERE COURT,55.95307,91
14889,WAYFARER ROAD,563.95128,326
14890,WAYFARER ROAD,540.36856,332
14892,CONCORD ROAD,15.071809999999997,154
14893,KENDAL AVENUE,183.55908,155
14895,SHEEN COURT,103.06828,251
14908,NORTHOLT STATION,2491.91412,437
14910,CHALGROVE AVENUE,61.50713,257
14911,RUTLAND DRIVE,253.90237,170
14912,ASH ROAD,188.45768,174
14913,STONECOT HILL / GARTH ROAD,416.79006,243
14914,ST ANTHONY'S HOSPITAL,88.62532999999999,164
14915,NORTH CHEAM SPORTS CLUB,31.958199999999998,283
14916,BURLEIGH ROAD,171.1899,167
14917,STONECOT HILL / GARTH ROAD,666.14689,164
14918,NORTH CHEAM SPORTS CLUB,300.22702,283
14919,HARROW WEALD BUS GARAGE,1820.9515000000001,357
1492,PECKHAM RYE / EAST DULWICH ROAD,971.61877,421
14920,ESSEX ROAD STATION,1362.58583,445
14927,BARNET HIGH STREET / BARNET CHURCH,804.72629,445
14929,FELTHAM STATION  / VICTORIA ROAD,3096.8829,387
1493,PECKHAM RYE / EAST DULWICH ROAD,470.2061,355
14931,CANONS PARK STATION,800.2078,235
14933,BROOMHILL ROAD,71.44067,184
1494,EAST DULWICH ROAD / PECKHAM RYE,99.71247,173
14946,WEMBLEY CENTRAL STATION,4340.25673,417
14948,STRODE ROAD,150.60953,244
14951,OXLOW LANE,259.09506,239
14952,OXLOW LANE,149.70223,154
14953,MARTINS CORNER / VALENCE AVENUE,626.1289400000001,178
14954,MARTINS CORNER / VALENCE AVENUE,405.26881000000003,151
14960,SIDCUP HIGH STREET / STATION ROAD,575.24921,222
14964,STAPLEHURST ROAD,75.52783,83
14968,HARROW ROAD,340.11915,79
14973,WESTMINSTER CATHEDRAL,2257.74641,571
14975,COMMERCE WAY,264.38927,148
14976,ELMERS END GREEN,68.7818,147
14978,THE CLOSE,64.28419,235
14997,ENFIELD TOWN / CHURCH STREET,1708.92322,316
150,PICCADILLY CIRCUS,1666.92935,682
15002,SMITHAM DOWNS ROAD,362.45511,322
15003,VALENCE AVENUE,246.79592,167
15004,VALENCE AVENUE,160.20318,165
15008,CHURCH ROAD,328.17461,388
15009,VANBRUGH HILL,124.00699,84
15011,PERRIN ROAD,459.31821,179
15012,PERRIN ROAD,386.60367,173
15013,SUDBURY COURT ROAD,220.08075,181
15015,TYBURN LANE,309.03502,624
15016,TYBURN LANE,84.00377999999999,620
15017,HINDES ROAD,866.28594,421
15018,SAFARI CINEMA,690.4283800000001,434
15019,HARROW CIVIC CENTRE / HARROW MOSQUE,790.99734,421
15020,HARROW CIVIC CENTRE / HARROW MOSQUE,354.39458,434
15021,WEALDSTONE BAPTIST CHURCH,1795.50667,355
15023,WARHAM ROAD,184.68347,75
15024,WARHAM ROAD,156.15735,77
15025,BORROWDALE AVENUE,114.96855000000001,77
15026,BORROWDALE AVENUE,250.85469,75
15027,BELMONT CIRCLE,409.30756,140
15028,BELMONT CIRCLE,580.25144,150
15029,BELLAMY DRIVE,108.73691,76
15030,BELLAMY DRIVE,149.69608,75
15031,BELMONT LANE,129.45288,77
15032,BELMONT LANE,75.6123,75
15033,ABERCORN ROAD,85.57655,75
15034,ABERCORN ROAD,117.05839,76
15035,CANONS PARK STATION,745.55707,235
15036,ST LAWRENCE CHURCH,122.62627,235
15037,ST LAWRENCE CHURCH,275.11442999999997,234
15038,EDGWARE POLICE STATION,1019.71875,234
15039,ST MARGARETS CHURCH,23.499029999999998,235
15040,KEW BRIDGE,181.94545,177
15041,KEW GREEN,161.02017,177
15042,MORTLAKE ROAD,121.8697,177
15044,KEW GARDENS ROAD,58.58698,177
15045,KEW GARDENS ROAD,85.50716,178
15046,KEW ROAD / VICTORIA GATE,228.91672,95
15047,KEW ROAD / VICTORIA GATE,477.66105,178
15048,THE AVENUE,47.8234,95
15049,THE AVENUE,132.81896,175
15050,KEW GARDENS / LION GATE,48.44419,95
15051,KEW GARDENS / LION GATE,95.26098,174
15059,GILLESPIE ROAD,705.97529,257
15060,MONSELL ROAD,370.65853,346
15061,RIVERSDALE ROAD,679.98595,256
15062,RIVERSDALE ROAD,361.15525,259
15063,HIGHBURY BARN,645.90723,333
15064,HIGHBURY BARN,408.12984,257
15065,HIGHBURY GROVE SCHOOL / ABERDEEN PARK,433.83348,336
15066,ABERDEEN PARK,209.56481,333
15067,HIGHBURY GROVE SCHOOL / BAALBEC ROAD,309.87335,333
15068,MEYRICK ROAD,686.38289,180
15069,BURNLEY ROAD,68.54448,98
15070,BURNLEY ROAD,85.97238,92
15071,CLIFFORD WAY,36.76629,98
15074,QUAINTON STREET,606.55933,349
15075,DEANSCROFT AVENUE,225.66257,188
15076,DEANSCROFT AVENUE,330.267,180
15077,SLOUGH LANE,396.09256,191
15078,SLOUGH LANE,531.43595,181
15079,KINGSBURY GREEN,239.75835,192
15080,KINGSBURY GREEN,778.39176,181
15081,KINGSBURY ROAD / ROE GREEN,720.22737,172
15082,HIGHFIELD AVENUE,471.92374,232
15083,FAIRFIELDS CRESCENT,150.97535,231
15084,FAIRFIELDS CRESCENT,630.21145,231
15085,GROVE PARK,101.02663,75
15086,GROVE PARK,205.26629,76
15087,KINGSBURY HEALTH AND WELLBEING,332.10533,150
15088,CARLISLE ROAD,98.66213,75
15089,HOLYROOD GARDENS,184.13055,76
15090,HOLYROOD GARDENS,50.76028,75
15091,OAK GARDENS,1092.17174,159
15092,BOSTON ROAD,34.67584,75
15093,NORWICH WALK,103.38192,76
15094,RUDDOCK CLOSE,140.76483,76
15095,DEANSBROOK ROAD,55.16334,70
15096,DEANS WAY,27.2582,70
15097,LANESIDE,21.42917,75
15098,GREENCROFT,55.24449,70
15099,SEFTON AVENUE,41.3534,75
15100,KEMPSHOTT ROAD,485.85468000000003,421
15101,HERMITAGE LANE,369.43245,254
15102,TYLECROFT ROAD,482.90966000000003,98
15104,EDERLINE AVENUE,338.26729,98
15105,EDERLINE AVENUE,283.66425,96
15106,COLLIERS WATER LANE,607.38255,177
15107,LANGDALE ROAD,476.7057,174
15108,CROYDON UNIVERSITY HOSPITAL,1292.87888,517
1511,SEVEN KINGS STATION,530.73922,95
15110,BROAD GREEN AVENUE,528.1189,521
15111,BROAD GREEN AVENUE,2086.88135,508
15112,MONTAGUE ROAD,1164.90942,521
15113,MONTAGUE ROAD,158.46516,507
15115,CROYDON FLYOVER,166.75491,375
15116,UPLAND ROAD,272.80012,400
1512,SEVEN KINGS STATION,506.79918,94
15128,WESTFERRY STATION,187.78034,373
15129,MARSH WALL / HERON QUAY,405.62088,284
15130,MARSH WALL / HERON QUAY,112.59347,289
15131,BARKANTINE CLINIC / HUTCHINGS STREET,456.33673,284
15132,BARKANTINE CLINIC / HUTCHINGS STREET,240.95316,288
15133,SIR JOHN MCDOUGALL GARDENS,518.93422,282
15134,SIR JOHN MCDOUGALL GARDENS,266.26148,288
15135,CREWS STREET,711.05976,279
15136,CREWS STREET / THE SPACE THEATRE,165.66796,290
15137,ST EDMUND'S SCHOOL,672.01535,277
15138,ST EDMUND'S SCHOOL,127.21783,290
15139,HARBINGER SCHOOL / MASTHOUSE TER. PIER,585.386,193
15140,HARBINGER SCHOOL / MASTHOUSE TER. PIER,169.31818,205
15141,LANGBOURNE PLACE,337.1423,192
15142,EAST FERRY ROAD,100.15105,206
15143,EAST FERRY ROAD,104.24544999999999,186
15150,ASPEN WAY,253.34521,183
15154,COLDHARBOUR,74.84252,184
15156,STEWART STREET,72.45393,187
15157,STEWART STREET,136.54669,184
15158,ST JOHN'S PARK,142.0358,188
15159,ST JOHN'S PARK,204.46959999999999,184
1516,HENDON STATION,737.13564,198
15160,CUBITT TOWN SCHOOL,151.71561,186
15161,PIER STREET,125.65529,189
15162,ISLE OF DOGS POLICE STATION,146.43737,188
15165,HORNSEY CENTRAL HEALTH CENTRE,258.37842,80
15166,HORNSEY CENTRAL HEALTH CENTRE,333.53705,80
15167,WOLSELEY ROAD,249.14857,80
15168,WOLSELEY ROAD,619.44059,80
15169,HEATHVILLE ROAD,102.73123,80
15170,CROUCH HILL STATION,532.74153,80
15171,TOLLINGTON PARK,252.48795,242
1518,SOUTHWARK BRIDGE ROAD,60.47922,114
15182,CRESCENT ROAD,173.69191,535
15183,STATION ROAD / CRESCENT ROAD,319.99078,521
15192,GREEN PARK STATION,3156.04844,607
15193,PUTNEY METHODIST CHURCH,112.19679,166
15194,PUTNEY LEISURE CENTRE,178.90429,177
15195,PUTNEY LEISURE CENTRE,535.07361,166
15196,WOODBOROUGH ROAD,76.26019,177
15197,WOODBOROUGH ROAD,281.30909,165
15198,KINGS ROAD,326.44738,249
15199,KINGS ROAD,415.6114,244
152,WHITEHALL / TRAFALGAR SQUARE,1193.20789,653
1520,SOUTHWARK STREET / SOUTHWARK BRIDGE ROAD,282.23536,210
15200,RICHMOND PARK ROAD,257.08286,252
15201,THORNTON ROAD,313.8006,245
15202,TEMPLE SHEEN ROAD,447.71528,254
15203,TEMPLE SHEEN ROAD,180.14714,246
15204,GRAEMESDYKE AVENUE,133.39119,249
15208,GEORGE STREET,1046.90677,252
1521,BECKENHAM LIBRARY,241.7256,328
15210,CRESSWELL ROAD,1024.86408,432
15211,CRESSWELL ROAD,1000.0744,427
15212,POPLAR COURT,50.48428,162
15213,SANDYCOOMBE ROAD,65.61694,157
15214,SANDYCOOMBE ROAD,79.70412999999999,162
15215,ST MARGARETS STATION,423.18874,156
15217,CHERTSEY ROAD,62.62141,80
15219,ST MARGARET'S DRIVE,85.99989,80
1522,CLOCK HOUSE STATION,381.71055,329
15220,ST MARGARET'S DRIVE,219.27262000000002,81
15221,TALBOT ROAD,64.47346,80
15222,TALBOT ROAD,249.88542,81
15223,SOUTH STREET,322.44074,80
15225,ISLEWORTH WAR MEMORIAL,520.8571000000001,267
15226,GRAINGER ROAD,76.65477,151
15227,GRAINGER ROAD,192.43277,146
15228,WOODLANDS ROAD,142.57612,146
15229,ST JOHN THE BAPTIST,84.68571,151
1523,CROMWELL ROAD,208.8781,244
15231,PRIORY ROAD,144.06986,89
15232,PRIORY ROAD,189.75365,94
15233,PAGODA AVENUE,85.12015,93
15236,THE SPINNEY,357.62028,340
15237,THE SPINNEY,9.14744,279
15238,NEWPORT ROAD,74.58721,272
15239,NEWPORT ROAD,100.37383,341
1524,CROMWELL ROAD,133.66841,244
15240,RANELAGH AVENUE,99.44775,256
15241,RANELAGH AVENUE,38.71165,259
15242,FAIRACRES,54.55283,267
15243,FAIRACRES,90.05342,261
15244,CLARENCE LANE,689.54546,256
15245,CLARENCE LANE,214.56902,265
15247,BARNES POND,189.88137,223
15248,GLEBE ROAD,100.21929,220
15249,GLEBE ROAD,84.34314,299
15250,BARNES HIGH STREET,68.98187,249
15251,BARNES BRIDGE STATION,221.21491,331
15252,BARNES BRIDGE STATION,321.50932,320
15253,WHITE HART LANE,199.67299,321
15254,WHITE HART LANE,208.45719,336
15255,AVONDALE ROAD,125.57379999999999,321
15256,AVONDALE ROAD,0.22275,153
15257,GIBBON WALK,33.545809999999996,81
15258,GIBBON WALK,126.36283,80
15259,ELMSHAW ROAD,296.25493,80
15260,ELMSHAW ROAD,37.81282,81
15261,CRESTWAY,214.05065,80
15262,CRESTWAY,26.821189999999998,81
15263,HOLYROOD AVENUE,228.50366,83
15264,CIVIC WAY,116.77181,83
15266,SOUTH RUISLIP STATION,392.32246,81
15267,SOUTH RUISLIP STATION,239.2988,83
15268,ANGUS DRIVE,316.42077,81
15269,WEST MEAD,248.86342,82
1527,LISTRIA PARK,37.30538,88
15270,TORCROSS ROAD,123.36855,80
15271,TORCROSS ROAD,118.57152,82
15272,TORRINGTON ROAD,121.48154,81
15273,TORRINGTON ROAD,49.93073,82
15274,RUISLIP MANOR STATION,58.27791,149
15275,RUISLIP MANOR STATION,532.12995,142
15277,DALGARNO GARDENS,144.09875,172
15278,DALGARNO GARDENS,452.69472,170
15279,ST CHARLES SQUARE,200.85276,173
1528,LISTRIA PARK,169.44904,87
15280,GYPSY CORNER,362.87384000000003,156
15281,GYPSY CORNER,135.11839,156
15284,WENDOVER COURT,81.19577,156
15285,WENDOVER COURT,48.03698,153
15287,HANGER LANE STATION,544.97027,156
15288,ALPERTON LANE,83.55421,80
15289,ALPERTON LANE,66.32124,79
1529,GIPSY LANE,482.95871,166
15291,LANGDALE GARDENS,66.18908,80
15292,WELLAND GARDENS,46.62611,80
15293,ARGYLE ROAD,58.759969999999996,77
15294,MIDDLETON AVENUE,54.976169999999996,80
15297,COSTONS LANE,176.83368,327
15298,COSTONS LANE,354.03026,332
15299,PEMBROKE ROAD,256.12054,501
1530,DOVER HOUSE ROAD,76.02183,95
15300,PEMBROKE ROAD,194.4502,502
15302,ASH GROVE,239.82674,174
15303,RUTLAND ROAD,271.20325,174
15304,ALLENBY ROAD,105.35203,96
15305,ALLENBY ROAD,281.29675000000003,95
15306,DORMERS AVENUE,103.53237,95
15307,DORMERS AVENUE,61.67697,96
15308,NORTH ROAD,111.72771,173
15309,NORTH ROAD,190.9547,174
15310,NORTH AVENUE,285.55444,331
15311,NORTH AVENUE,367.73664,330
15314,PUTNEY METHODIST CHURCH,77.07496,178
15316,FRIDAY HILL,68.08522,80
15317,KIMBERLEY ROAD,17.0121,80
15318,KIMBERLEY ROAD,77.92777,80
15319,VALANCE AVENUE,28.09257,80
1532,HUNTINGFIELD ROAD,98.02682,81
15320,VALANCE AVENUE,32.777519999999996,80
15321,SEYMOUR COURT,37.10318,131
15322,SEYMOUR COURT,28.48183,130
15323,WHITEHALL LANE,21.087069999999997,131
15324,NEWLANDS ROAD,31.35436,128
15325,FOREST ROAD,15.781439999999998,130
15326,FOREST ROAD,38.94018,126
15327,BANCROFT'S SCHOOL,139.57864,128
15328,BANCROFT'S SCHOOL,135.79401,129
15329,ST THOMAS OF CANTERBURY CHURCH,104.86902,242
1533,HEATHFIELD ROAD,191.40411,76
15330,ST THOMAS OF CANTERBURY CHURCH,388.82593,238
15332,MONKHAMS LANE,167.7117,239
15333,MONKHAMS LANE,71.49231,243
15334,WOODFORD GREEN / BROADMEAD ROAD,457.53524,242
15335,CHURCHILL MEMORIAL,117.37509,170
15336,CHINGFORD LANE,224.36087,324
15337,CHELMSFORD ROAD,104.50399,170
15338,CHURCHFIELDS,227.05703,171
15339,MULBERRY WAY,212.54291,173
1534,HEATHFIELD ROAD,108.06184999999999,77
15340,MAYBANK ROAD,60.54439,172
15341,CHARLIE BROWNS ROUNDABOUT,217.87255,175
15342,CHARLIE BROWNS ROUNDABOUT,37.22295,172
15344,RUTLAND ROAD,360.08937,174
15345,BRENTSIDE HIGH SCHOOL,84.22552,239
15346,BRENTSIDE HIGH SCHOOL,342.81808,235
15347,DRAYTON BRIDGE ROAD,737.2042,166
15348,DRAYTON BRIDGE ROAD,349.2957,167
15349,WEST EALING BROADWAY,1756.65779,270
15351,DEAN GARDENS / MATTOCK LANE,196.78276,180
15352,HESSEL ROAD,333.75731,182
15354,GRAHAM AVENUE,608.78243,182
15355,CLAYPONDS AVENUE,129.34744,78
15356,JULIEN ROAD,273.27879,184
15357,JULIEN ROAD,640.61488,186
15358,SOUTH EALING ROAD,334.3179,101
15359,SOUTH EALING ROAD,193.77359,102
15360,LIONEL ROAD NORTH,212.63731,101
15361,LIONEL ROAD NORTH,23.387729999999998,100
15362,KNIGHTS AVENUE,92.94777,100
15363,GUNNERSBURY AVENUE,67.3632,97
15364,GUNNERSBURY AVENUE,81.35093,96
15365,MILL HILL ROAD,205.91099,170
15366,HILLCREST ROAD,60.77032,171
15367,ACTON OLD TOWN HALL / SALISBURY STREET,0.0,76
15369,WILKINSON WAY,190.45389,95
15370,WILKINSON WAY,200.08535,100
15371,RUGBY ROAD,95.67635,98
15372,RUGBY ROAD,148.1241,100
15373,MARLBOROUGH CRESCENT,42.29854,99
15374,BLANDFORD ROAD,114.2985,101
15375,BEDFORD ROAD,14.91907,101
15376,BEDFORD ROAD,154.18638,99
15377,TURNHAM GREEN / SUTTON LANE NORTH,19.10364,69
15378,CHISWICK TOWN HALL,112.60061,153
15379,CHISWICK TOWN HALL,50.24011,153
15380,BARROWGATE ROAD,28.84592,153
15381,BARROWGATE ROAD,117.18278,153
15382,CHESTERFIELD ROAD,11.121359999999997,153
15383,CHESTERFIELD ROAD,254.72801,153
15384,LAWFORD ROAD,334.82629,153
15385,LAWFORD ROAD,21.575509999999998,154
15386,CHISWICK STATION,332.79326,83
15387,CHISWICK STATION,61.86774,83
15388,CHISWICK HOUSE,3.9029299999999996,83
15389,CHISWICK HOUSE,103.17487,83
1539,BASILDON ROAD,56.72189,81
15390,CAVENDISH SCHOOL,0.27385,83
15391,MARTLEY DRIVE,159.45529,257
15392,SHERE ROAD,122.01644,259
15393,HAMILTON AVENUE,496.3496,260
15394,BEATTYVILLE GARDENS,100.21763,260
15395,FULLWOOD PRIMARY SCHOOL,146.08628,260
15396,BRANDVILLE GARDENS,81.02714,264
15397,NEVILLE ROAD,75.74229,244
15398,NEVILLE ROAD,57.595389999999995,246
15399,NEW NORTH ROAD,495.62391,243
154,REGENT STREET / ST JAMES'S,1056.65639,426
15400,NEW NORTH ROAD,487.83478,247
15401,TUDOR CRESCENT,110.02794,68
15402,MURTWELL DRIVE,75.41407,71
15417,MYDDELTON PARK,267.81374,237
15418,MYDDELTON PARK,169.10331,238
15419,RALEIGH DRIVE,200.09216,161
1542,EAST BARNET VILLAGE,304.12518,160
15420,RALEIGH DRIVE,214.72715,160
15421,SPENCER ROAD,84.50103,159
15422,SPENCER ROAD,123.73199,160
15423,BETSTYLE CIRCUS,416.42172,453
15424,BETSTYLE CIRCUS,143.374,160
15425,ARNOS GROVE STATION,1439.90994,403
15426,WARWICK ROAD,199.15212,238
15427,TELFORD ROAD,326.62072,237
1543,EAST BARNET WAR MEMORIAL,135.1361,83
15430,WOODFORD TRADING ESTATE,66.60182999999999,175
15431,NORTHVIEW DRIVE,222.63876,176
15432,RODING LANE SOUTH,425.62805,175
15433,RODING LANE NORTH,234.44283,177
15434,WYCOMBE ROAD,62.437459999999994,238
15435,GLENWOOD GARDENS,66.91898,236
15436,BETHELL AVENUE,342.22769999999997,616
15437,BETHELL AVENUE,290.64399,616
15438,NORTHBROOK ROAD,518.64969,777
15439,NORTHBROOK ROAD,123.68963,619
1544,LYNMOUTH ROAD,1231.75511,458
15440,COVENTRY ROAD,473.14902,320
15441,GORDON ROAD,460.05082,251
15442,PARK ROAD,306.30873,250
15444,SOUTH PARK DRIVE,380.51935000000003,246
15445,MAYFIELD ROAD,429.22359,239
15446,COLINTON ROAD,100.43104,243
15447,TULASI MEDICAL CENTRE,290.24119,155
15448,BECONTREE AVENUE,72.3173,73
15449,HAYDON ROAD,184.02929,155
1545,LYNMOUTH ROAD,824.59774,453
15450,LINDISFARNE ROAD,130.09636,73
15451,LINDISFARNE ROAD,111.53418,77
15452,LONGBRIDGE ROAD,132.71388,73
15453,BENNETTS CASTLE LANE,489.10996,333
15454,MARLBOROUGH ROAD,115.30001,157
15455,MARLBOROUGH ROAD,176.958,154
15456,ILCHESTER ROAD / FUTURE YOUTH ZONE,289.67382,157
15457,WROXALL ROAD / FUTURE YOUTH ZONE,346.20615,154
15458,RUSPER ROAD,95.5098,157
15459,RUSPER ROAD,42.48806,154
1546,HORNSEY RISE,310.12451,197
15460,BECONTREE STATION,1191.6976,157
15461,BECONTREE STATION,547.41384,155
15462,GALE STREET,212.89778,78
15463,GALE STREET,126.46356,78
15464,LULLINGTON ROAD,94.29022,78
15465,LULLINGTON ROAD,78.19696,78
15466,HATFIELD ROAD,157.7553,77
15467,HATFIELD ROAD,67.59678,78
15468,HEATHWAY,44.19011,78
15469,ARNOLD ROAD,385.28994,240
1547,HORNSEY RISE,740.89939,278
15470,ARNOLD ROAD,112.13438,233
15471,WIGRAM ROAD,62.043769999999995,180
15473,REDBRIDGE STATION,711.55388,258
15475,BEEHIVE LANE,42.27786,102
15476,BEEHIVE LANE,83.36419,103
15477,THE SYDNEY RUSSELL SCHOOL,109.78194,74
15478,THE SYDNEY RUSSELL SCHOOL,147.11775,77
15479,FANSHAWE CRESCENT,101.94932,74
15480,FANSHAWE CRESCENT,78.8758,77
15481,BARNMEAD ROAD,93.51312,74
15482,SINGLETON ROAD,22.67663,77
15488,MANOR ROAD,179.20521,152
15489,RODING LANE NORTH,383.68082,153
1549,HORNSEY ROAD / HANLEY ROAD,712.03683,182
15490,SNAKES LANE EAST,0.38527999999999984,76
15491,ASHTON PLAYING FIELDS,382.11973,154
15492,BEAUMARIS DRIVE,6.34429,76
15493,CHIGWELL ROAD / BROADMEAD ROAD,10.47522,76
15494,BROADMEAD ROAD,12.55984,94
15496,MAYBANK ROAD,3.2508199999999996,76
15500,GEORGE LANE / CHIGWELL ROAD,70.36456,339
15501,GEORGE LANE / CHIGWELL ROAD,91.45785,335
15502,CHARNWOOD DRIVE,26.3327,158
15503,CHARNWOOD DRIVE,70.35956,154
15504,PARK AVENUE,815.96879,336
15505,HULSE AVENUE / BARKING PARK,314.4762,327
15506,HULSE AVENUE / BARKING PARK,198.14228,336
15507,THURLESTONE AVENUE,207.81889,334
15508,THURLESTONE AVENUE,645.64364,328
15509,CAPEL GARDENS,241.65986,333
15510,CAPEL GARDENS,670.34335,327
15513,LINDSEY ROAD,330.37439,256
15514,LINDSEY ROAD,650.23414,251
15515,BENNETTS CASTLE LANE,495.15098,251
15517,BEVERLEY ROAD,570.92324,174
15518,CHARLECOTE ROAD,276.74822,178
15519,BOXOLL ROAD,511.37087,174
1552,HIGHBURY GRANGE,725.83691,257
15520,WINMILL ROAD,292.26943,178
15522,HEATHWAY,223.48490999999999,335
1553,SHIRLEY LIBRARY,252.78672,327
15539,KNIGHTON LANE,52.94388,118
1554,SHIRLEY LIBRARY,550.38211,330
15540,KNIGHTON LANE,33.80225,120
15541,WHITEHALL ROAD / BANCROFTS SCHOOL,137.74721,121
15544,HIGH ROAD / GEORGE LANE,140.50299,137
15545,CLARENDON ROAD,28.62517,148
15546,BEECHWOOD PARK,26.29085,148
15547,BEECHWOOD PARK,30.680709999999998,136
15549,HERONWOOD HOSPITAL,39.2136,91
1555,FINCHLEY PARK,237.77852,174
15550,NEW WANSTEAD,44.12845,91
15551,HIGH STREET / HERMON HILL,153.00258,241
15552,WANSTEAD PLACE,438.85264,297
15553,WANSTEAD PLACE,181.33339,307
15555,WANSTEAD HIGH ST / WANSTEAD STATION,766.04431,396
15556,ST STEPHEN'S CHURCH,87.463,264
15557,ST STEPHEN'S CHURCH,96.05785,278
15558,MARBLE HILL PARK / CROWN ROAD,148.27605,278
15559,ORLEANS PARK SCHOOL,170.06683,271
1556,FINCHLEY PARK,248.04871,168
15560,HEATHAM HOUSE,85.27532,94
15561,HEATHAM HOUSE,67.87144,96
15562,CHUDLEIGH ROAD,161.58882,95
15563,CHUDLEIGH ROAD,166.1002,96
15565,TWICKENHAM STADIUM,357.83018,219
15566,TAYBEN AVENUE,110.96951,220
15567,TAYBEN AVENUE,137.45551,220
15568,KNELLER HALL,70.90279,217
15569,KNELLER HALL,42.867619999999995,220
15570,WARREN ROAD,22.69654,172
15572,THE ADMIRAL NELSON / WHITTON,224.75099,289
15574,WHITTON CHURCH,17.42858,93
15576,WHITTON DENE,202.03354000000002,92
15577,WHITTON DENE,175.8243,95
15578,HOUNSLOW STATION,141.67647,92
15579,HOUNSLOW STATION,49.45688,95
15580,TREATY CENTRE,2261.55602,741
15581,GROVE ROAD,3460.17748,339
15584,PAGODA AVENUE,80.44552999999999,169
15585,WINIFRED ROAD,102.72679000000001,170
15586,WINIFRED ROAD,397.53577,165
15589,BROMLEY BY BOW STATION,334.04591,158
15592,TWELVETREES CRESCENT,130.48298,82
15599,FORTIS GREEN ROAD,251.05029,188
1560,GLOUCESTER ROAD STATION,244.95072,107
15600,LANGDALE ROAD,930.88266,177
15601,HEATHVIEW ROAD,383.8885,174
15602,HERMITAGE LANE,537.4281100000001,253
15606,ASHLEY LANE,95.68568,73
15607,ASHLEY LANE,34.66429,78
15608,GREAT NORTH WAY,161.0402,74
15609,GREAT NORTH WAY,65.51494,78
1561,GLOUCESTER ROAD STATION,61.014359999999996,116
15610,HOLDERS HILL CRESCENT,88.07619,78
15611,HOLDERS HILL CRESCENT,180.7977,74
15612,HENDON CEMETERY,48.27788,78
15613,HENDON CEMETERY,67.17024,74
15615,HOLDERS HILL CIRCUS,80.90804,74
1562,GLOUCESTER ROAD STATION,474.3399,81
15620,SANDERS LANE,136.11494,222
15621,SANDERS LANE,109.31860999999999,228
15622,ENGEL PARK,33.38128,74
15623,ENGEL PARK,38.56279,76
15624,BURTONHOLE LANE,91.75383,75
15625,BURTONHOLE LANE,58.10884,76
15626,MILL HILL SCHOOL,67.4381,74
15627,MILL HILL SCHOOL,58.44923,76
15628,MILL HILL VILLAGE / HAMMERS LANE,102.62357,76
15629,MILL HILL VILLAGE / THE RIDGEWAY,132.71054,75
1563,CROMWELL ROAD,57.05959,81
15630,SHAKESPEARE ROAD,60.83933,75
15631,SHAKESPEARE ROAD,46.72875,77
15632,BIRKBECK ROAD,35.600319999999996,76
15633,BIRKBECK ROAD,24.04072,77
15634,MILL HILL CIRCUS / FLOWER LANE,428.37901,225
15636,MILL HILL BROADWAY STATION,1571.04251,302
15638,HALE GROVE GARDENS,63.04959,225
15639,DOWNHURST AVENUE,68.12109,229
1564,CROMWELL ROAD / EARLS COURT ROAD,61.91369,116
15640,ASHBOURNE GROVE,86.62084,224
15641,CLOISTER GARDENS,504.29223,296
15642,CLOISTER GARDENS,397.82597,295
15643,FARM ROAD,150.80266,292
15644,FARM ROAD,221.98374,293
15645,MARLBOROUGH ROAD,13.93118,71
15646,MARLBOROUGH ROAD,1.03756,74
15647,GUNNERSBURY STATION,9.08001,68
15648,GUNNERSBURY STATION,2.12789,75
15649,OXFORD ROAD NORTH,38.01366,69
1565,EARLS COURT ROAD,242.91659,107
15650,OXFORD COURT,16.1802,76
15652,VANTAGE WEST,17.88431,77
15654,LIONEL ROAD,107.43618000000001,78
15656,CLAYPONDS AVENUE,260.37589,78
15657,WINDMILL ROAD,152.29476,162
15659,BOSTON MANOR ROAD,214.28865,79
1566,CROMWELL ROAD,238.832,246
15660,WEST CROSS CENTRE,148.45278,78
15661,ST FRANCIS OF ASSISI CHURCH,112.42388,79
15662,ST FRANCIS OF ASSISI CHURCH,46.40603,78
15663,RIDGEWAY ROAD,95.51407,79
15664,RIDGEWAY ROAD,74.28901,78
15665,OSTERLEY LIBRARY,63.53778,79
15666,OSTERLEY LIBRARY,69.34822,78
15667,GRESHAM ROAD,52.97992,79
15668,GRESHAM ROAD,56.438449999999996,77
15669,BURTON GARDENS,24.96901,78
15670,GREENCROFT ROAD,53.79065,78
15671,VICARAGE FARM ROAD,300.86632,79
15672,HOUNSLOW WEST STN  / VICARAGE FARM RD,1401.71462,235
15673,KEW GARDENS HOTEL,11.02206,81
15675,DUDLEY ROAD,17.453709999999997,81
15677,HENDON LANE,1178.1561,414
15678,RUISLIP ROAD EAST,312.64002,437
15679,RUISLIP ROAD EAST,571.93376,431
1568,STAINES POLICE STATION,104.14549,137
15681,SCOTCH COMMON,392.57389,438
15683,HOLLINGBOURNE GARDENS,235.38256,166
15684,KENT GARDENS,328.10118,164
15685,KENT GARDENS,69.891,166
15686,THE KNOLL,108.8928,164
15687,MOUNT AVENUE,73.9721,171
15688,MARCHWOOD CRESCENT,162.38912,252
15689,MARCHWOOD CRESCENT,78.59647,254
1569,STAINES POLICE STATION,1.0484799999999999,140
15690,CASTLEBAR ROAD,128.04669,250
15691,CASTLEBAR ROAD,24.89544,254
15692,GRANGE ROAD,44.9664,94
15693,GRANGE ROAD,154.28034,90
15694,ST MARY'S CHURCH,103.78289,90
15696,SOUTH EALING STATION,332.46178,90
15697,SOUTH EALING STATION,497.63956,92
15698,POPES LANE,358.86744,91
15699,CHANDOS AVENUE,306.06905,90
157,HAYMARKET / CHARLES II STREET,2904.42837,479
15700,DARWIN ROAD,118.35833,90
15701,CARLYLE ROAD,309.81315,91
15702,CHALLIS ROAD,258.60258,90
15703,GREAT WEST ROAD,180.18523,91
15704,NEW ROAD,330.05016,170
15705,NEW ROAD,229.72949,168
15707,ALBANY ROAD,541.59285,169
15708,HILL RISE,81.07984,92
15709,COMPASS HILL,41.73131,92
15710,COMPASS HILL,274.46612,92
15711,ROBINS COURT,44.32314,92
15712,ROBINS COURT,42.77233,92
15713,NIGHTINGALE LANE,43.7176,93
15714,PETERSHAM / FOX & DUCK,463.95925,170
15715,SUDBROOK LANE / THE RUSSELL SCHOOL,260.97002,173
15716,LATCHMERE ROAD,117.22341,95
15717,LATCHMERE ROAD,106.89913,90
1572,SUTTON COMMON ROAD,364.68721,167
15720,FAIRFIELD SOUTH,82.9966,140
15721,ATHELSTAN PARK,48.45294,131
15722,LOWER MARSH LANE,125.93834,76
15723,GENEVA ROAD,64.65002,76
15724,GENEVA ROAD,27.62772,75
15725,MAPLE ROAD,19.24317,75
15727,LOVELACE GARDENS,139.19722,283
15728,LOVELACE GARDENS,93.48554,286
1573,CHELSEA OLD TOWN HALL,656.32986,444
15730,DITTON ROAD,73.3025,283
15731,ELMCROFT DRIVE,197.42085,234
15732,ELMCROFT DRIVE,95.03012,215
15733,HOOK PARADE,366.00481,231
15734,HOOK PARADE,205.11442,229
15735,HOLMWOOD ROAD,151.41383,228
15737,CRICKLEWOOD LANE,262.45283,95
15738,CRICKLEWOOD LANE,222.14193,94
15739,THE VALE,68.33439,92
15741,WESSEX GARDENS,5.585379999999999,92
15742,WESSEX GARDENS,113.78434,95
15743,WOODVILLE GARDENS,165.10971,95
15744,WOODVILLE GARDENS,184.27833,90
15745,NORTH CIRCULAR ROAD,20.207379999999997,91
15746,HIGHFIELD AVENUE,170.41606,178
15747,PRINCE CHARLES DRIVE,123.40915,91
15748,NORTH CIRCULAR ROAD,145.86717,321
15749,GRAHAM ROAD,370.02195,394
1575,SYDNEY STREET / CHELSEA OLD TOWN HALL,597.6725,157
15750,BEAUFORT GARDENS,165.44594,401
15751,MILL HILL CIRCUS,122.48134,171
15752,MILL HILL CIRCUS,170.30752,170
15753,STONEYFIELDS PARK,30.239369999999997,171
15754,STONEYFIELDS PARK,31.41613,168
15755,THE GROVE,15.925189999999999,170
15756,BROADHURST AVENUE,90.19313,168
15757,BROADFIELDS AVENUE,73.95893,170
15758,BROADFIELDS AVENUE,188.28992,168
15759,EDGWAREBURY GARDENS,80.93466,322
1576,SYDNEY STREET / CHELSEA OLD TOWN HALL,125.42183,157
15760,PURCELLS AVENUE,115.26384,324
15761,BREAKSPEAR ROAD,65.87495,71
15762,BREAKSPEAR ROAD,0.2198399999999999,69
15763,ARLINGTON DRIVE,45.73676,68
15764,ARLINGTON DRIVE,0.16523,67
15765,LADYGATE LANE,51.67552,68
15766,LADYGATE LANE,0.9379199999999996,66
15767,THE OAKS,58.067029999999995,151
15768,THE OAKS,78.44129,149
15769,MIDCROFT,114.91502,337
1577,ATHERTON LEISURE CENTRE,90.67483,274
15770,BRICKWALL LANE,18.384159999999998,334
15771,BRICKWALL LANE,239.44738,340
15772,GROSVENOR VALE,39.97717,81
15773,GROSVENOR VALE,6.922219999999999,80
15774,NORTHDOWN CLOSE,44.93358,80
1578,ATHERTON LEISURE CENTRE,1332.73849,279
15781,POLISH WAR MEMORIAL,66.7476,80
15782,POLISH WAR MEMORIAL,50.36727,81
15783,GREAT TITCHFIELD ST / OXFORD CIRCUS STN,3325.86458,464
15785,CHURCH ROAD,1035.18816,326
15786,YEADING LANE,197.00283,80
15787,ADRIENNE AVENUE,1374.44204,407
15788,ADRIENNE AVENUE,866.4528300000001,408
15789,GREENFORD HIGH SCHOOL,414.10344,330
15790,GREENFORD HIGH SCHOOL,350.90358,406
15791,EASTMEAD AVENUE,667.15116,499
15792,BEECHWOOD AVENUE,510.92232,498
15793,BROWNING AVENUE,286.50151,83
15794,BROWNING AVENUE,62.518159999999995,83
15795,DRAYTON GREEN,304.31555000000003,157
15796,DRAYTON GREEN,140.7402,157
15797,ARGYLE ROAD,81.77489,154
15798,ARGYLE ROAD,75.63922,84
15799,THE AVENUE,67.68433,84
15800,THE AVENUE,52.56263,83
15801,ST LEONARD'S ROAD,29.356759999999998,83
15802,ST LEONARD'S ROAD,49.15778,84
15803,HAVEN GREEN,11.74742,84
15805,WILLOW COURT,25.145359999999997,295
15806,WILLOW COURT,44.29138,284
15807,PORTNALLS ROAD,23.227439999999998,112
15808,CONISTON ROAD,11.105319999999999,123
15809,CONISTON ROAD,24.49685,110
1581,CONNAUGHT ROAD,305.12267,96
15810,RICKMAN HILL,23.5846,72
15812,WOODMANSTERNE STATION,13.426969999999999,73
15813,CHIPSTEAD VALLEY ROAD / RICKMAN HILL,120.70058,116
15814,CHIPSTEAD VALLEY SCHOOL,7.842079999999999,74
15815,CHIPSTEAD VALLEY SCHOOL,50.783609999999996,73
15816,COULSDON SOUTH STATION,213.54964,138
15817,COULSDON SOUTH STATION,148.03033,145
15818,CHALDON WAY GARDENS,22.707269999999998,97
15819,CHALDON WAY GARDENS,46.72636,93
1582,HARLEY STREET,744.67856,473
15820,BRADMORE WAY,8.42723,97
15821,BRADMORE WAY,11.72758,93
15822,MEAD WAY / CHALDON WAY,9.36723,97
15823,MEAD WAY / CHALDON WAY,41.1766,93
15824,TOLLERS LANE / PLACEHOUSE LANE,0.43823,97
15825,MEAD WAY / TOLLERS LANE,104.01572,92
15826,HIGH STREET / FELTHAM,1044.64685,173
15827,HIGH STREET / FELTHAM,366.90183,177
15829,HORNSEY FIRE STATION,176.28191,164
1583,HARLEY STREET,1237.9693,461
15830,HORNSEY FIRE STATION,316.48895,166
15831,NIGHTINGALE LANE,542.39776,165
15835,WESTBURY AVENUE BAPTIST CHURCH,122.16672,332
15836,WESTBURY AVENUE BAPTIST CHURCH,268.23993,331
15837,BOUNDARY ROAD,414.73491,332
15838,GRANVILLE ROAD,312.60411,318
15839,GRANVILLE ROAD,712.25253,321
1584,MARYLEBONE STATION,38.11759,291
15840,COURTMAN ROAD,399.29283,318
15841,COURTMAN ROAD,120.23013999999999,321
15842,COOKS FERRY ROUNDABOUT,54.117129999999996,83
15843,HALL LANE,358.12841,83
15844,ROEHAMPTON UNIVERSITY / MAIN ENTRANCE,997.63742,261
15846,CROOKED BILLET / WALTHAMSTOW AVENUE,62.4469,83
1585,MARYLEBONE STATION,570.43093,295
15857,WATERWORKS CORNER,72.26405,173
15858,WATERWORKS CORNER,66.84947,171
15861,CAMBRIDGE ROUNDABOUT / NORTH SIDE,474.9263,159
15862,WESTERHAM AVENUE,395.79008,158
15863,THE FAIRWAY,201.51166,158
15864,DEANSWAY,208.09576,158
15865,DEANSWAY,95.65592,158
15866,LINCOLN ROAD,353.23401,159
15867,LINCOLN ROAD,156.50786,158
15868,CROWN ROAD,5.95498,159
15869,ENFIELD RETAIL PARK,226.48046,155
15870,PERCIVAL ROAD,165.35653,460
15871,PERCIVAL ROAD,238.33035999999998,454
15872,LADYSMITH ROAD,305.00706,543
15873,LADYSMITH ROAD,206.05322,457
15874,WINDMILL HILL / ENFIELD WAR MEMORIAL,40.57542,77
15875,WHITTON CHURCH,52.43794,95
15876,PARSONAGE LANE,317.32679,77
15877,PARSONAGE LANE,151.89134,74
15879,GORDON HILL,47.0475,74
1588,GEORGE STREET,179.73101,188
15880,LAUREL BANK ROAD,240.11182,77
15881,LAVENDER HILL,92.1307,74
15882,BROWNING ROAD,307.21787,156
15883,BROWNING ROAD,404.79212,152
15884,BAKER STREET,475.39564,156
15885,BAKER STREET,271.76751,74
15886,KENILWORTH CRESCENT,48.16937,74
15887,KENILWORTH CRESCENT,83.64967,76
15890,ABNEY PARK,563.13143,251
15891,BERESFORD ROAD,565.6139000000001,265
15892,BERESFORD ROAD,299.58068,274
15893,POULETT GARDENS,161.84246,165
15895,POPES GROTTO,211.5639,164
15896,STRAWBERRY VALE,28.90823,92
15897,STRAWBERRY VALE,65.01248,87
15898,ST MARY'S UNIVERSITY,49.366839999999996,92
15899,SOUTHFIELD GARDENS,183.55938,88
159,WARREN ROAD,44.83251,174
1590,GEORGE STREET,1400.54253,493
15900,SHACKLEGATE LANE,34.12301,95
15901,SHACKLEGATE LANE,102.123,90
15902,TEDDINGTON PARK ROAD,20.372629999999997,95
15903,TEDDINGTON PARK ROAD,139.88032,90
15904,TEDDINGTON LIBRARY,15.874139999999999,95
15905,TEDDINGTON LIBRARY,347.51593,89
15907,TEDDINGTON POLICE STATION,12.176039999999999,33
1591,GEORGE STREET,830.99107,202
15910,HARVEY ROAD,20.632749999999998,81
15911,HARVEY ROAD,22.25294,80
15912,HODFORD ROAD,864.7031499999999,160
15913,HODFORD ROAD,0.05495,82
15914,HOOP LANE,621.06058,348
15915,HOOP LANE,189.19126,340
15916,WOODSTOCK AVENUE,519.98286,340
15917,WOODSTOCK AVENUE,349.1888,348
15918,LIMES AVENUE,506.2475,348
15919,HIGHFIELD AVENUE,320.8482,256
15920,GOLDERS MANOR DRIVE,350.90335,268
15921,BRENT STREET / GREEN LANE,236.95686,266
15922,BRENT STREET / GREEN LANE,270.99546,257
15923,BELL LANE,573.70243,154
15924,BELL LANE,596.0494,159
15925,THE QUADRANT,603.96511,160
15926,THE QUADRANT,509.92011,153
15927,CHURCH END,1368.92576,312
15928,MIDDLESEX UNIVERSITY,356.01922,230
15929,HENDON TOWN HALL,1042.60817,235
1593,ST JOHN'S WOOD ROAD / LORD'S CRICKET GRD,374.47343,185
15930,HENDON TOWN HALL,298.15846,230
15932,EDGEWORTH AVENUE,48.91346,78
15933,AUDLEY ROAD,65.30592,82
15934,AUDLEY ROAD,47.54674,79
15935,TOWNSEND LANE,196.50259,175
15936,TOWNSEND LANE,391.5887,175
15937,CHURCH LANE,367.71774,174
1594,KILBURN LANE,469.19089,99
15945,PARK LANE,1108.9165,246
15946,EAGLE ROAD,644.40229,341
15947,EAGLE ROAD,274.52074,354
15950,ALPERTON STATION,553.85015,345
15951,WATFORD WAY,198.27843000000001,235
15952,HILLCREST ROAD,104.62040999999999,180
15953,HILLCREST ROAD,143.82876000000002,175
15954,AUDLEY ROAD,44.4249,175
15956,NORTH EALING STATION,283.97198,176
15957,NORTH EALING STATION,135.23074,98
15958,GUNNERSBURY AVENUE,253.36775,94
15959,GUNNERSBURY AVENUE,24.64886,100
1596,CATFORD & CATFORD BRIDGE STATIONS,715.29933,244
15960,PARK AVENUE,1956.94495,567
15961,PARK AVENUE,3020.5681,573
15965,SUSSEX ROAD,644.48317,413
15968,DERLEY ROAD,668.34741,337
15969,BRENT ROAD,726.16261,333
1597,ACTON VALE / BROMYARD AVENUE,1290.61958,342
15970,BRENT ROAD,674.27889,337
15971,WENTWORTH ROAD,282.42796,174
15972,WENTWORTH ROAD,171.61415,172
15973,ROSEVILLE ROAD,163.44832,79
15974,ROSEVILLE ROAD,162.06353000000001,80
15975,HAROLD AVENUE,48.64353,79
15976,HAROLD AVENUE,77.21729,80
15977,OLD STATION ROAD,368.66575,80
15978,FAIREY CORNER,936.24471,740
15979,HAYES & HARLINGTON STATION,5356.2401,803
1598,ACTON VALE / BROMYARD AVENUE,1128.24969,412
15984,BUXTON ROAD,49.63551,546
15985,STANLEY ROAD,590.04667,538
15986,BALGONIE ROAD,84.00304,286
15989,ENDLEBURY ROAD,40.79577,80
15990,COLVIN GARDENS,31.33863,80
15991,COLVIN GARDENS,48.7932,80
15992,SILVERTHORN CENTRE,34.54239,80
15993,MAPLETON ROAD,122.31398,237
15994,MAPLETON ROAD,309.31412,233
15995,LARKSWOOD SCHOOL,100.00101,236
15996,LARKSWOOD SCHOOL,73.25776,236
15997,CHASE LANE SCHOOL,23.03448,88
15998,CHASE LANE SCHOOL,43.698190000000004,90
15999,WALTHAM WAY,36.47967,80
16,TOOTING STATION,591.80836,341
1600,SOUTHWARK BRIDGE / BANKSIDE PIER,130.02792,91
16000,HALL LANE / WALTHAM WAY,43.755289999999995,90
16001,LOWER HALL LANE,83.2289,79
16002,LOWER HALL LANE,42.16912,79
16003,CORK TREE RETAIL PARK,141.53676,80
16004,CORK TREE RETAIL PARK,203.83714,79
16005,HARBET ROAD / COOKS FERRY,115.90696,162
16006,HARBET ROAD / COOKS FERRY,142.16725,163
1601,WARREN ROAD,43.16127,168
16011,MONTAGU ROAD,282.006,161
16012,MONTAGU ROAD,712.85251,163
16013,ULSTER GARDENS,76.06841,172
16014,ULSTER GARDENS,179.53305,249
16015,MELVILLE GARDENS,230.58637,173
16016,BOWES ROAD,265.93804,168
16017,ALBERT ROAD,130.62155,175
16018,ALBERT ROAD,301.42636,173
16019,ST ANDREW'S CHURCH,119.44069,91
1602,WARREN ROAD,117.43275,167
16020,ST ANDREW'S CHURCH,84.97306999999999,94
16021,MUSWELL HILL ROAD,302.82308,168
16022,MUSWELL HILL ROAD,439.24301,165
16023,FORTISMERE AVENUE,132.26971,168
16024,BIRCHWOOD AVENUE,373.19217,165
16025,MIDHURST AVENUE,108.84417,168
16026,MIDHURST AVENUE,236.42306,165
16027,TWYFORD AVENUE,181.56816,168
16028,TWYFORD AVENUE,73.67502999999999,165
16029,GREAT NORTH ROAD,78.15949,102
1603,BRACKLEY ROAD,64.83617,82
16031,HIGH STREET KENSINGTON STATION,495.15785,96
16034,KENSINGTON PALACE,2048.59662,420
16035,KINGSHILL AVENUE,122.57901,80
16036,KINGSHILL AVENUE,95.75655,81
16037,KENMORE AVENUE,158.65203,81
16038,HARROW LEISURE CENTRE,144.56342,82
16039,HARROW LEISURE CENTRE,152.24432,81
1604,BRACKLEY ROAD,92.61185,82
16040,THE WEALDSTONE CENTRE,1683.69411,517
16041,KENMORE AVENUE,196.4764,80
16043,HARROW CROWN COURT,67.4206,81
16044,HARROW CROWN COURT,38.29884,81
16046,PINNER VIEW,50.2121,82
16047,KINGSFIELD AVENUE,64.16652,81
16048,KINGSFIELD AVENUE,71.162,82
16049,PINNER ROAD,148.37981,81
1605,BOWES ROAD,142.68655,169
16050,PINNER ROAD,146.45472,82
16051,NORTH HARROW STATION,276.75911,80
16052,NORTH HARROW STATION,177.95908,82
16053,THE RIDGEWAY,64.66465,81
16054,THE RIDGEWAY,80.04872,80
16055,VILLAGE WAY EAST,138.34185,81
16056,VICARAGE WAY,27.58776,80
16057,RAYNERS LANE STATION,774.93331,219
16058,UXBRIDGE ROAD,27.23158,74
16059,BROOKSHILL GATE,17.94348,72
1606,BROWNLOW ROAD,76.2419,160
16061,CLAMP HILL,5.922809999999999,75
16062,CLAMP HILL,20.333,72
16063,AVANTI HOUSE PRIMARY SCHOOL,2.361229999999999,71
16064,SANDRINGHAM,43.89915,73
16067,PENNINE DRIVE,492.62147,243
16068,CLEVELAND GARDENS,189.69232,163
16069,CLEVELAND GARDENS,138.67742,162
16070,HENDON WAY,204.75955,162
16071,HENDON WAY,147.14341,162
16072,THE VALE / HENDON WAY,55.691109999999995,161
16073,DUNSTAN ROAD,26.53548,161
16074,DUNSTAN ROAD,135.63813,163
16075,MULKERN ROAD,374.19147,179
16076,SUNNYSIDE ROAD,226.78905,178
16077,HAZELLVILLE ROAD,136.77981,96
16078,HORNSEY ROAD,308.42076000000003,97
16079,HORNSEY LANE,509.59448,194
16080,HORNSEY LANE,250.90998,196
16081,TOTTENHAM LANE Y M C A,1268.07951,272
16083,HORNSEY POLICE STATION,215.70424,114
16084,HORNSEY POLICE STATION,292.43443,122
16085,HORNSEY STATION,357.1014,115
16088,STANLEY ROAD,407.93889,335
16089,WEST GREEN PRIMARY SCHOOL,397.16259,257
1609,ALEXANDRA GROVE,181.69532999999998,377
16090,WEST GREEN PRIMARY SCHOOL,691.33207,259
16091,LA ROSE LANE,526.86245,254
16092,LA ROSE LANE,189.5475,79
16093,WEST GREEN BAPTIST CHURCH,216.64229,93
16094,WEST GREEN BAPTIST CHURCH,363.50449,98
16095,BRUNSWICK ROAD,329.54979000000003,92
16096,BEDFORD ROAD,240.04465000000002,98
16097,SEVEN SISTERS STATION,1406.83048,90
16098,SEVEN SISTERS STATION,447.9529,96
16102,LYCEE INTERNATIONAL / KINGS DRIVE,1312.55612,414
16103,LYCEE INTERNATIONAL / KINGS DRIVE,1829.93986,412
16104,HIGHVIEW AVENUE,178.68433,171
16105,KENILWORTH ROAD,214.80489,168
16108,GOLDBEATERS GROVE,426.56578,234
16109,GOLDBEATERS GROVE,196.71961,232
16110,BURNT OAK LEISURE CENTRE,234.75725,232
16111,BURNT OAK LEISURE CENTRE,458.13558,259
16112,THE HIGHLANDS,238.12417,83
16113,THE HIGHLANDS,55.39661,81
16114,TURNER ROAD,71.35795,81
16115,TURNER ROAD,101.91503,82
16116,QUEENSBURY STATION,1887.00606,257
16117,THE HONEYPOT,452.47364,264
16118,THE HONEYPOT,254.77788,259
16119,MORLEY CRESCENT WEST,222.46043,81
16120,MORLEY CRESCENT WEST,149.88312,82
16121,KENTON LIBRARY,456.63877,81
16122,HUNTERS GROVE,107.02223,230
16123,HUNTERS GROVE,179.41054,232
16124,KENTON ROAD,667.01612,229
16125,WOODCOCK HILL / KENTON LANE,711.88698,314
16126,UPTON GARDENS,499.95213,387
16127,ODEON PARADE / UPTON GARDENS,720.06296,386
16128,HARROW HIGH SCHOOL,141.93327,244
1613,QUEENSBRIDGE ROAD,396.02498,196
16130,ROXBOROUGH AVENUE,38.786449999999995,153
16131,ROXBOROUGH AVENUE,83.94378999999999,149
16132,WEST STREET,19.10146,148
16133,WHITMORE ROAD,25.808619999999998,152
16134,GRANGE ROAD,929.43017,405
16135,GRANGE ROAD,633.00596,414
16136,CORBINS LANE,294.12134,307
16137,CORBINS LANE,494.9693,320
16138,NORTHOLT PARK STATION,755.07447,376
16139,NORTHOLT PARK STATION,999.26024,387
16140,DANEMEAD GROVE,477.75363,304
16141,NORTHOLT FIRE STATION,150.66088,167
16142,MOAT FARM ROAD,912.18185,428
16143,WOOD END LANE,229.08756,93
16144,KINGSTON CLOSE,580.75787,347
16145,ALDERNEY GARDENS,223.21015,370
16146,SYCAMORE CLOSE,399.52649,347
16147,TARGET ROUNDABOUT,270.36123,371
16148,BENGARTH ROAD / NORTHOLT LIBRARY,426.03951,348
16149,BENGARTH ROAD / NORTHOLT LIBRARY,490.3195,367
1615,WARNER PLACE,426.79573,201
16150,KINGSHILL AVENUE,308.27678,108
16151,KINGSHILL AVENUE,564.48072,260
16152,SHAFTESBURY WAYE,358.82716,182
16153,FINCHLEY ROAD / O2 CENTRE,1117.49165,343
16154,SHAFTESBURY WAYE,168.0784,179
16155,PRECINCT ROAD,329.32374,261
16156,PRECINCT ROAD,562.89452,259
16157,EAST WAY,289.3604,256
16158,EAST WAY,197.29379,260
1616,WARNER PLACE,180.06387,196
16163,CLAYTON ROAD,921.15482,665
16165,FAIREY CORNER,1230.50954,496
16166,REDMEAD ROAD,634.30679,422
16167,REDMEAD ROAD,748.33589,338
16168,CLEMENT GARDENS,163.46722,76
16169,PINKWELL AVENUE,31.90206,76
1617,THREE COLTS LANE,116.05032,182
16170,GUINNESS CLOSE,3.9024399999999995,76
16172,CONWAY DRIVE,310.54616,76
16173,TWICKENHAM GREEN,110.62378,161
16174,TWICKENHAM GREEN,149.69154,168
16175,FIRST CROSS ROAD,124.3733,161
16176,FIRST CROSS ROAD,104.47717,168
16177,MEADWAY,326.54222,161
16178,MEADWAY,112.61348,167
16179,MILL ROAD,159.60101,167
16180,SIXTH CROSS ROAD,260.61399,161
16181,SIXTH CROSS ROAD,218.92224,167
16182,WILLOW WAY,59.35543,128
16183,WILLOW WAY,71.23273,115
16184,LONGFORD ROAD,59.95525,75
16185,LONGFORD ROAD,47.85103,81
16186,CHEYNE AVENUE,59.21567,76
16187,CHEYNE AVENUE,67.90374,80
16188,CHESTER AVENUE,23.182949999999998,76
16189,CHESTER AVENUE,69.16678,80
16190,GODFREY WAY,445.03383,170
16192,SIMPSON ROAD,227.80782,164
16193,NELSON ROAD,556.7368299999999,236
16194,NELSON ROAD,340.03095,248
16195,CROMWELL ROAD,478.54028,238
16196,CROMWELL ROAD,143.84009,245
16197,HIBERNIA ROAD,234.82704,237
16198,HIBERNIA ROAD,379.07463,247
16199,BELL ROAD,106.99789,239
1620,PRIORY PARK ROAD,2276.75806,431
16201,GREAT WEST ROAD,256.39445,161
16202,GREAT WEST ROAD,193.81595,164
16203,EDISON PRIMARY SCHOOL,399.24369,236
16204,EDISON PRIMARY SCHOOL,150.21771,233
16205,CRANFORD LANE,678.81457,254
16206,CRANFORD LANE,336.37497,164
16207,NEW HESTON ROAD,356.12727,94
16208,NEW HESTON ROAD,104.51510999999999,89
1621,KILBURN HIGH RD STN  / CAMBRIDGE AVENUE,776.5658,422
16210,FIRST DRIVE,267.41567,100
16211,HOGARTH GARDENS,214.61181,174
16212,HOGARTH GARDENS,75.00142,169
16213,GREAT WEST ROAD,341.28058,173
16215,KINGS AVENUE,312.94402,161
16216,DENBIGH ROAD,115.5768,165
16217,HOUNSLOW EAST STATION,728.85376,165
16218,HOUNSLOW EAST STATION,739.60783,163
1622,KILBURN HIGH RD STN  / CAMBRIDGE AVENUE,1538.7619300000001,416
16220,ELLERMAN AVENUE,127.23977000000001,89
16221,ELLERMAN AVENUE,86.10547,89
16222,PEVENSEY ROAD,59.0452,172
16223,PEVENSEY ROAD,330.87534,169
16224,UXBRIDGE ROAD,285.76497,171
16225,UXBRIDGE ROAD,288.71605,170
16226,PARK ROAD,208.44822,172
16227,PARK ROAD,412.87529,177
16228,BEAR ROAD FLYOVER,100.68883,173
16229,BEAR ROAD FLYOVER,32.44968,71
1623,MULGRAVE ROAD,52.7473,98
16230,BEAR ROAD FLYOVER,135.88977,71
16231,SWIFT ROAD,31.50355,71
16232,APEX CORNER / COUNTRY WAY,57.05166,72
16233,APEX CORNER / COUNTRY WAY,5.41116,72
16234,CRISPEN ROAD,39.55757,70
16235,TWICKENHAM ROAD,190.1303,157
16236,TWICKENHAM ROAD,85.13262999999999,163
16237,COURT CLOSE AVENUE,14.610009999999999,161
16238,COURT CLOSE AVENUE,44.82366,155
16239,RICHMOND CIRCUS,83.02404999999999,495
1624,MULGRAVE ROAD,229.12184,95
16240,RICHMOND CIRCUS,88.43484,416
16241,SHEENDALE ROAD,242.44324,416
16242,SHEENDALE ROAD,28.567939999999997,496
16243,MARKSBURY AVENUE,184.07199,254
16245,MORTLAKE ROAD,61.432829999999996,256
16246,MORTLAKE ROAD,71.39991,175
16247,MORTLAKE CEMETERY,86.35343999999999,158
16248,MORTLAKE CEMETERY,17.81572,162
16249,HARTINGTON ROAD,100.07121,158
1625,KEW BRIDGE STATION,656.80288,178
16250,HARTINGTON ROAD,30.29019,162
16251,STAVELEY ROAD,166.40885,158
16252,STAVELEY ROAD,64.27299,162
16253,ALEXANDRA GARDENS,185.23726,245
16254,ALEXANDRA AVENUE,207.0293,158
16255,HOGARTH ROUNDABOUT,70.02361,162
16256,HOGARTH ROUNDABOUT,279.49268,158
16259,UPHAM PARK ROAD,17.91605,75
16262,GROSVENOR GARDENS,255.93188,165
16263,GROSVENOR GARDENS,61.90204,163
16264,GREENFORD ROAD ROUNDABOUT,19.70429,77
16265,COWGATE ROAD,465.00906,331
16266,COWGATE ROAD,608.6766,327
16269,NORWOOD GARDENS,233.93315,158
16270,HAREWOOD TERRACE,228.83797,78
16271,HAREWOOD TERRACE,335.03978,80
16272,NORWOOD GREEN,86.90812,78
16273,NORWOOD GREEN,175.47738,79
16274,FERN LANE,153.16008,79
16275,FERN LANE,244.94491,80
16276,ST LEONARD'S CHURCH,1049.25593,174
16277,ST LEONARD'S CHURCH,740.59614,169
16278,LAMPTON AVENUE,145.68101000000001,80
16279,CIVIC STREET,80.07731,81
16280,CIVIC STREET,88.673,155
16281,HOUNSLOW CENTRAL STATION,361.02422,156
16286,HOUNSLOW CENTRAL STATION,314.93537,154
16289,SHARPS LANE,54.60738,180
1629,HORSEFERRY ROAD,247.20813,119
16290,WEST RUISLIP STATION,492.99961,181
16291,WEST RUISLIP STATION,82.09027999999999,179
16292,OAK AVENUE,92.08111,181
16293,OAK AVENUE,34.4182,179
16294,DOUAY MARTYRS SCHOOL,20.558059999999998,93
16295,DOUAY MARTYRS SCHOOL,95.62626,80
16296,SWAKELEYS DRIVE,16.583039999999997,77
16297,SWAKELEYS DRIVE,45.48151,78
1630,HORSEFERRY ROAD,134.34511,121
16300,HILLINGDON CIRCUS,151.39398,156
16301,HILLINGDON CIRCUS,326.06682,154
16306,OAK FARM LIBRARY,237.54124000000002,157
16307,CLIFTON GARDENS,220.86254,154
16308,CHURCH ROAD / SWIFT CLOSE,117.4566,236
16309,CHURCH ROAD / SWIFT CLOSE,714.27078,238
16310,FREEMANS LANE,121.91306,235
16311,LONGMEAD ROAD,277.83715,238
16312,TOWNFIELD ROAD,294.46439,237
16313,TOWNFIELD ROAD,135.86733999999998,235
16314,BOTWELL LANE,322.431,236
16315,BOTWELL LANE,98.12593,238
16316,BOTWELL GREEN,558.4164,394
16320,BRICKFIELD LANE,201.81629,265
16321,WEST END LANE,375.46688,258
16322,HARLINGTON HIGH STREET / SIPSON LANE,614.38364,331
16323,HARLINGTON HIGH STREET / SIPSON LANE,430.1135,335
16325,WEST END LANE,201.74956,264
16326,HARLINGTON CORNER,3060.9489,328
16327,NOBEL DRIVE,60.643559999999994,455
16329,CRANESWATER,338.8034,463
1633,ABBEY ROAD,136.19731,101
16330,CRANESWATER,270.70450999999997,458
16331,WAYE AVENUE,1385.59158,465
16332,WAYE AVENUE,1045.44823,462
16333,GREAT WEST ROAD / BASILDENE ROAD,1090.77917,425
16334,GREAT WEST ROAD / RENFREW ROAD,825.77894,416
16335,ST MICHAEL & ST MARTIN CHURCH,365.58207,428
16336,ST MICHAEL & ST MARTIN CHURCH,1232.46798,434
16337,WELLINGTON ROAD NORTH,461.81789,432
1634,ABBEY ROAD,242.12461,111
16345,VALENTINES PARK,354.94178,615
16346,VALENTINES PARK,190.56288,618
16347,ISLAND GARDENS STATION,308.02894,186
16348,ISLE OF DOGS POLICE STATION,302.90537,186
16349,PIER STREET,263.00427,186
1635,BELSIZE ROAD,205.52926,188
16350,RICHMOND STATION,1847.83053,665
16351,THE QUADRANT,1938.66841,669
16353,MACONOCHIES ROAD,109.92434,206
16355,CHURCH AVENUE,9.577609999999998,184
16356,ICKENHAM PUMP,134.87574,79
16357,WALLASEY CRESCENT,25.14283,75
16358,WALLASEY CRESCENT,9.5777,79
16359,THORNHILL ROAD,50.74872,74
1636,BELSIZE ROAD,364.18375,185
16360,THORNHILL ROAD,48.59691,79
16361,BREAKSPEAR ROAD SOUTH,23.906879999999997,71
16362,BREAKSPEAR ROAD SOUTH,16.03065,78
16363,ROKER PARK AVENUE,62.88031,158
16364,ROKER PARK AVENUE,63.80518,132
16365,WARREN ROAD,94.46052,153
16366,WARREN ROAD,43.51829,160
16367,HAREFIELD ROAD,25.82967,74
16368,HAREFIELD ROAD,18.14142,75
16369,NORTH COMMON ROAD,12.04,75
1637,QUEX ROAD,1620.77467,267
16370,NORTH COMMON ROAD,6.162629999999999,74
16371,THE HERMITAGE,163.45303,150
16372,THE HERMITAGE,592.44904,151
16374,IVYBRIDGE CLOSE,150.09116,234
16375,BRUNEL UNIVERSITY,247.13757999999999,310
16376,BRUNEL UNIVERSITY,591.43184,233
16379,HILLINGDON HOSPITAL,916.2628100000001,460
1638,QUEX ROAD,685.1369,176
16380,HILLINGDON HOSPITAL,847.28858,458
16381,COLHAM ROAD,1320.92635,449
16382,VIOLET AVENUE,26.81371,78
16383,VIOLET AVENUE,18.459509999999998,77
16384,PARK VIEW ROAD,38.3335,77
16385,MOORCROFT LANE,43.54803,78
16386,APPLE TREE AVENUE,300.03825,236
16387,APPLE TREE AVENUE,476.7779,228
16388,ST PAUL'S CHURCH,418.46071,431
16389,YIEWSLEY LIBRARY,527.61891,329
1639,KILBURN HIGH ROAD STATION,653.491,110
16390,YIEWSLEY HIGH STREET,1210.58771,329
16391,YIEWSLEY HIGH STREET,751.04644,330
16394,WEST DRAYTON STATION,0.0,79
16395,TILBURY ROAD,61.62071999999999,426
16396,ST OLAVE'S ROAD,601.15265,273
16397,CANONS PARK OPEN SPACE,56.44535,104
16398,CANONS PARK OPEN SPACE,99.13607999999999,97
16399,STANMORE CHURCH,468.60702,155
1640,KILBURN HIGH ROAD STATION,67.86759,103
16400,BOWLS CLOSE,67.00734,156
16401,BENTLEY WAY,112.45668,156
16402,BENTLEY WAY,127.00318,155
16403,CHENDUIT WAY,239.29244,156
16404,CHENDUIT WAY,224.39398,155
16405,BROCKHURST CORNER,439.16611,155
16406,BROCKHURST CORNER,554.08562,222
16407,BROOKSHILL,108.58691,227
16408,UXBRIDGE ROAD,347.47589,372
16409,HARROW WEALD BUS GARAGE,368.78737,382
1641,CEDARS ROAD,101.84661,189
16410,LONG ELMES,1141.81375,508
16411,WEALD LANE,759.6068,359
16412,SALVATORIAN COLLEGE / ST JOSEPH'S CHURCH,379.05907,360
16413,SALVATORIAN COLLEGE / ST JOSEPH'S CHURCH,947.91241,357
16414,CORBINS LANE,350.22573,304
16415,CORBINS LANE,276.99555,304
16416,ALEXANDRA AVENUE,199.87279,228
16417,ALEXANDRA AVENUE,440.8821,163
16418,MALVERN AVENUE,302.47114,80
16419,MALVERN AVENUE,209.98179,82
16420,NEWQUAY CRESCENT,107.70273,82
16421,NEWQUAY CRESCENT,156.80221,81
16422,CAPTHORNE AVENUE,123.7124,81
16423,CAPTHORNE AVENUE,92.70949,81
16425,CANNON LANE,94.20549,221
1643,HYDE PARK STREET,162.4297,292
16434,BRIDLE ROAD,47.595929999999996,149
1644,HYDE PARK STREET,119.40178,294
16443,AURIOL DRIVE,87.61465,77
16444,AURIOL DRIVE,25.82655,76
16445,SWEETCROFT LANE,39.87937,77
16446,SWEETCROFT LANE,27.7117,76
16447,HONEY HILL,74.16214,76
16448,HONEY HILL,94.50693,77
16449,HILLINGDON / T A CENTRE,24.29231,75
1645,WESTMINSTER STN  / PARLIAMENT SQUARE,0.2163899999999997,18
16453,GIBBS GREEN,17.2397,146
16454,GIBBS GREEN,19.12452,138
16455,GLENDOR GARDENS,168.77776,146
16457,APEX CORNER,74.10871,145
16458,APEX CORNER,59.02379,138
16459,THE FAIRWAY,261.4347,136
16460,THE FAIRWAY,175.59307,147
16469,BROOKLAND RISE,112.57357,92
16470,BROOKLAND RISE,107.54481,94
16471,MIDHOLM,114.22511,105
16472,EASTHOLM,40.08289,92
16473,BELVEDERE COURT,59.17245,90
16474,MONARCH COURT,69.67085,91
16475,AYLMER ROAD,35.2344,103
1648,THE DRIVE,92.77601,261
16480,PADNALL ROAD,113.17407,216
16481,MILL LANE,49.106919999999995,145
16484,CHADWELL HEATH HIGH ROAD,18.75557,75
16485,STANLEY AVENUE,273.29743,147
16487,HENDON / THE QUADRANT,602.93647,230
16488,HENDON / THE QUADRANT,606.00892,229
16489,ALEXANDRA ROAD,144.10424,231
16490,ALEXANDRA ROAD,117.90613,229
16491,GREAT NORTH WAY,98.02385,229
16492,GREAT NORTH WAY,170.48279,230
16493,CROOKED USAGE,76.00028,230
16494,CROOKED USAGE,119.28925,230
16495,ARDEN ROAD,87.01379,230
16496,ARDEN ROAD,172.10363999999998,230
16497,ST MARY'S AVENUE,71.58125,230
16498,ST MARY'S AVENUE,85.1245,230
165,TOTTENHAM COURT ROAD STATION,1803.1708800000001,466
16500,ST MARY'S CHURCH,52.59515,155
16501,CHURCH END,0.3417699999999999,24
16503,MANOR VIEW,0.1138999999999999,24
16504,MANOR VIEW,2.05227,15
16505,BASING WAY,207.45887,100
16506,BASING WAY,177.50495,90
16507,OSSULTON WAY,168.10827,99
16508,OSSULTON WAY,212.52728,104
16509,TRINITY AVENUE,111.80742,106
16510,TRINITY AVENUE,124.54499,101
16511,STANLEY ROAD,34.07024,99
16512,ABBOTS GARDENS,75.19013,106
16517,ROOKWOOD ROAD,28.96957,148
16518,BOUNDS GREEN ROAD,5.646519999999999,79
16519,ALEXANDRA ROAD,96.29595,75
16520,ALEXANDRA ROAD,65.28354,78
16521,COLNEY HATCH LANE,218.45197,75
16523,COPPETTS CLOSE,22.24817,75
16524,COPPETTS CLOSE,10.98209,77
16525,FINCHLEY HIGH ROAD,48.68096,75
16526,FINCHLEY HIGH ROAD,84.94779,156
16527,LONG LANE,147.01731,155
16528,LONG LANE,92.56492,156
16529,EAST END ROAD,255.11512,156
16530,EAST END ROAD,252.73001,156
16531,BEECHWOOD DRIVE,68.76441,157
16532,BEECHWOOD AVENUE,30.40496,156
16533,HENLYS CORNER,465.47949,253
16536,BRIDGE LANE,47.40418,158
16537,BRIDGE LANE,55.33936,156
16538,GOLDERS GREEN ROAD,133.54852,158
16539,GOLDERS GREEN ROAD,266.74636,156
16540,HEATHFIELD GARDENS,129.65754,156
16543,STAPLES CORNER,434.10333,236
16545,WATERLOO ROAD,68.00612,80
16546,COLES GREEN ROAD,20.46848,79
16547,BROOK ROAD,150.33803,80
16548,WRIGHTS PLACE,68.67131,79
16549,HEATHER ROAD,134.35508000000002,80
1655,LADBROKE GROVE / KILBURN LANE,376.5586,254
16550,ABOYNE ROAD,37.80023,79
16551,RANDALL AVENUE,142.66808,80
16552,ARDLEY CLOSE,72.49106,79
16555,VILLAGE WAY,136.5625,233
16556,BRENTFIELD ROAD,218.58758,80
16557,BRENTFIELD ROAD,172.31198,79
16558,BROOK ROAD,61.00615,79
16559,NORMANSMEAD,97.43278,80
16560,CONDUIT WAY,59.13962,80
16561,CONDUIT WAY,27.368599999999997,79
16562,HARROW ROAD,66.47597999999999,80
16563,BERESFORD AVENUE,216.71182,228
16564,BERESFORD AVENUE,349.1302,225
16565,PARK AVENUE,36.01514,80
16566,PARK AVENUE,112.0642,79
16571,ST VINCENT'S SCHOOL,31.97197,75
16572,ST VINCENT'S SCHOOL,36.84254,76
16573,CONDUIT STREET / HAMLEYS TOY STORE,497.83758,440
16574,CONDUIT STREET / HAMLEYS TOY STORE,1862.01369,528
16575,OXFORD CIRCUS STATION,1573.5881,472
1658,HARROW ROAD / KILBURN LANE,819.85102,249
1659,KILBURN LANE / HARROW ROAD,448.80949,245
16596,NELSON ROAD,83.07442,104
16597,NELSON ROAD,129.19727,97
16598,LEAF GROVE,43.55269,102
166,TOTTENHAM COURT ROAD STATION,4953.17191,479
16600,LYNFORD GARDENS,254.792,169
16601,NUTFIELD GARDENS,72.32724,166
16603,PLOUGH LANE,50.69109,74
16604,PLOUGH LANE,22.77412,74
16605,THE BRIDLE ROAD,130.51006,74
16606,THE BRIDLE ROAD,123.71828000000001,74
16607,WOODCOTE DRIVE,37.06304,74
16608,RAVENSIDE TRADING ESTATE,256.57954,163
16609,WOODCOTE LANE,20.04759,74
16610,WOODCOTE LANE,49.7605,74
16611,SMITHAM BOTTOM LANE,38.20802,74
16612,SMITHAM BOTTOM LANE,44.46848,75
16613,LORDSBURY FIELD,12.964849999999998,148
16614,LORDSBURY FIELD,37.54033,144
16615,WOODCOTE GREEN,484.12739,207
16616,WOODCOTE GREEN,202.03264,212
16617,HALL ROAD,171.39019,207
16618,HALL ROAD,51.84023,213
16619,BLENHEIM GARDENS,147.9107,208
1662,WOOD GREEN HIGH ROAD,155.52075,206
16620,BLENHEIM GARDENS,54.27742,213
16621,WOODCOTE ROAD / STAFFORD ROAD,69.21328,209
16622,WOODCOTE ROAD / STAFFORD ROAD,275.3175,217
16623,WALLINGTON TOWN CENTRE,1973.78469,519
16624,WALLINGTON TOWN CENTRE,1362.19596,379
16627,SPURGEON'S BRIDGE,85.9618,75
16628,SPURGEON'S BRIDGE,32.96271,77
16629,LANSDOWNE ROAD,94.13542,76
1663,WOOD GREEN HIGH ROAD,2481.46376,203
16630,LANSDOWNE ROAD,160.51449,76
16631,DAVIDSON ROAD,152.80413000000001,77
16632,DOWNS COURT ROAD / SELCROFT ROAD,33.63387,74
16633,DOWNS COURT ROAD / SELCROFT ROAD,8.72429,71
16634,RIDDLESDOWN ROAD,38.30375,72
16635,RIDDLESDOWN ROAD,25.095409999999998,70
16636,LOWER BARN ROAD,96.17924,70
16637,LOWER BARN ROAD,77.89643,69
16638,REEDHAM STATION,10.123349999999999,73
16639,REEDHAM STATION,29.24841,69
16640,BURCOTT ROAD,2.9149799999999995,74
16641,BURCOTT ROAD,39.76415,68
16642,ASHFIELD LANE,81.55492,153
16646,BEAVERWOOD ROAD,216.66593,153
16647,BEAVERWOOD ROAD,135.23391,154
16648,QUEEN MARY'S HOSPITAL,805.45209,449
16649,QUEEN MARY'S HOSPITAL,310.55705,217
1665,TURNPIKE LANE STATION,14.906509999999999,333
16650,THE GREEN,143.43681,449
16651,THE GREEN,89.15379,447
16652,SIDCUP / CARLTON ROAD,1005.85739,308
16653,SIDCUP HIGH STREET / STATION ROAD,1297.87116,444
16656,HALFWAY STREET / OLD FARM ROAD WEST,132.11352,155
16657,HALFWAY STREET / OLD FARM ROAD EAST,124.20223,163
16658,HOLLIES AVENUE,143.3076,154
16659,HOLLIES AVENUE,80.92966,163
16660,CORBYLANDS ROAD,52.6713,74
16661,CORBYLANDS ROAD,57.68362,77
16662,HALFWAY STREET / DAYS LANE,161.64128,149
16663,DAYS LANE,109.92185,77
16664,RESTONS CRESCENT,85.41826,150
16665,RESTONS CRESCENT,57.8174,146
16666,ELTHAM HIGH STREET / WESTMOUNT ROAD,249.32863,400
16667,ELTHAM HIGH STREET / FOOTS CRAY ROAD,698.80501,860
16668,BEXLEY ROAD / GLENESK ROAD,93.64775999999999,328
16669,BEXLEY ROAD / GLENESK ROAD,97.77902999999999,321
1667,BEDFORD ROAD,802.83017,363
16670,UNIVERSITY OF GREENWICH / MANSION SITE,264.11465,328
16671,UNIVERSITY OF GREENWICH / MANSION SITE,62.46022,321
16672,RIEFIELD ROAD,151.58165,253
16674,ELTHAM HIGH STREET / PASSEY PLACE,1579.66279,389
16675,BLACKFEN ROAD / BOUNDARY ROAD,64.47232,99
16676,BLACKFEN ROAD / BOUNDARY ROAD,160.51339,99
16677,QUEENSWOOD ROAD,55.98723,99
16678,QUEENSWOOD ROAD,160.15663,98
16679,BLACKFEN ROAD / DAYS LANE,64.40145,100
16681,BLACKFEN ROAD / RAMILLIES ROAD,64.27738,100
16682,BLACKFEN ROAD / RAMILLIES ROAD,98.71517,98
16683,BLACKFEN SCHOOL FOR GIRLS,177.13178,166
16684,BLACKFEN SCHOOL FOR GIRLS,153.86775,165
16685,BEECHWAY,75.46017,99
16686,BEECHWAY,82.87219,98
16687,WOODSIDE LANE,13.765699999999999,99
16688,WOODSIDE LANE,19.833969999999997,98
16689,THE ANCHOR,94.0272,176
16690,BRIDGEN / THE ANCHOR,77.12066,175
16691,CROSS LANE,13.40301,175
16692,CROSS LANE,44.23971,176
16693,BEXLEY STATION,130.4729,179
16694,BEXLEY STATION,212.69328,178
16695,BEXLEY LIBRARY,556.73395,316
16696,BEXLEY LIBRARY,430.78806000000003,322
16697,HALCOT AVENUE,156.17093,317
16698,ROYAL MARSDEN HOSPITAL / DOWNS ROAD,20.7568,125
16699,MANOR LANE,34.728339999999996,147
16700,DOWNS ROAD / BANSTEAD ROAD SOUTH,15.024639999999998,131
16701,BANSTEAD ROAD SOUTH / DOWNS ROAD,4.167169999999999,127
16702,PINE WALK,44.00833,128
16703,PINE WALK,16.848789999999997,127
16704,WEST WAY,48.542809999999996,124
16705,WEST WAY,4.148869999999999,125
16706,CROSSWAYS,16.52983,59
16707,CROSSWAYS,1.0009099999999997,59
16708,STAPLEHURST ROAD,8.48918,59
16709,STAPLEHURST ROAD,33.52666,59
16710,STAPLEHURST ROAD,56.55663,84
16711,CARSHALTON BEECHES STATION,146.4579,84
16712,CARSHALTON BEECHES STATION,139.25484,83
16713,WALES AVENUE,78.00140999999999,83
16714,LIND ROAD,25.702229999999997,142
16715,CHEAM BROADWAY,826.598,243
16716,CHEAM BROADWAY,897.86538,251
16717,TILEHURST ROAD,76.25272,165
16718,TILEHURST ROAD,93.77582,174
16719,MALDEN ROAD / PRIORY ROAD,465.69434,260
16720,MALDEN ROAD / PRIORY ROAD,427.91623,174
16721,WOODBINE LANE,56.84999,166
16722,WOODBINE LANE,86.48729,172
16724,LONGFELLOW ROAD,571.04848,172
16725,LYNDHURST DRIVE,182.12475,91
16726,LYNDHURST DRIVE,44.502469999999995,92
16727,MOTSPUR PARK,59.47324,92
16728,ST JAMES CHURCH / KINGSTON BY-PASS,202.73495,293
16729,ST JAMES CHURCH / KINGSTON BY-PASS,236.3708,282
16730,NEW MALDEN HIGH STREET,400.83362999999997,172
16731,NEW MALDEN HIGH STREET,613.84253,164
16734,LANGLEY GROVE,64.2515,96
16735,LANGLEY GROVE,51.16347,94
16736,TRAPS LANE,35.66865,93
16737,TRAPS LANE,59.41765,94
16738,COOMBE HILL SCHOOL,76.13034,93
16739,COOMBE HILL SCHOOL,107.81577,92
1674,SANDS END / HAZLEBURY ROAD,592.21103,187
16740,ALBION ROAD,40.79521,94
16741,ALBION ROAD,106.19437,91
16742,GALSWORTHY ROAD / NORBITON STATION,10.303609999999999,94
16746,GARRISON LANE,43.79486,80
16747,GARRISON LANE,120.21445,148
16748,TORRIDON ROAD / HITHER GREEN LANE,62.17948,94
16749,TORRIDON ROAD / HITHER GREEN LANE,75.29832,99
1675,SANDS END / HAZLEBURY ROAD,199.12466,186
16750,BROWNHILL ROAD,24.50141,94
16751,BROWNHILL ROAD,114.31308,99
16753,BROWNSWOOD ROAD / FINSBURY PARK ROAD,100.01236,87
16754,QUEEN'S DRIVE,96.40333,87
16755,QUEEN'S DRIVE,81.70182,87
16756,BROWNSWOOD ROAD / GREEN LANES,170.97433,87
16757,GREEN LANES,256.35431,88
16758,QUEEN ELIZABETH'S WALK,164.96647000000002,87
16759,QUEEN ELIZABETH'S WALK,125.43182,88
1676,HAINAULT ROAD,198.41261,91
16760,LORDSHIP ROAD,256.2433,88
16761,LORDSHIP ROAD,204.15723,87
16762,HEATHLAND ROAD,212.34803,87
16763,HEATHLAND ROAD,203.28043,88
16764,STOKE NEWINGTON COMMON,182.50598,327
16765,GELDESTON ROAD,96.95604,86
16766,GELDESTON ROAD,147.3515,87
16768,CLAPTON LIBRARY,165.80494,87
16769,CLAPTON LIBRARY,79.87926,86
1677,ALBANY ROAD,277.67954,98
16770,CHURCH HILL,34.051809999999996,78
16771,CHURCH HILL,172.5951,77
16772,PARK GATE,13.39101,78
16773,PARK GATE,69.83722,77
16774,QUEEN ELIZABETH'S DRIVE,8.052099999999998,78
16775,QUEEN ELIZABETH'S DRIVE,40.62544,77
16776,ST THOMAS ROAD,66.41474,78
16777,ST THOMAS ROAD,45.84786,77
1678,BETHANY WAYE,653.11017,158
16783,FORESTDALE,0.0,21
16784,PEACE CLOSE,65.06449,105
16785,PEACE CLOSE,51.3295,107
16786,OAKWOOD STATION,685.22769,206
16787,OAKWOOD STATION  / CHASE ROAD,1242.34402,231
16788,TRENT PARK GOLF COURSE,157.88354,158
16789,TRENT PARK GOLF COURSE,108.60904,167
1679,BEDFONT LANE,8.116999999999999,75
16790,LAKESIDE,47.72707,159
16791,LAKESIDE,44.61706,167
16792,COTSWOLD WAY,91.46677,159
16793,COTSWOLD WAY,51.8495,167
16794,LINKS SIDE,240.81455,273
16795,LINKS SIDE,288.74766999999997,268
16796,CHASE RIDINGS,189.48434,273
16797,CHASE RIDINGS,94.77193,269
16798,THE RIDGEWAY,254.98809,272
16799,THE RIDGEWAY,151.33426,353
1680,NEW ELTHAM STATION  / FOOTSCRAY ROAD,946.62705,318
16800,ENFIELD CHASE STATION,922.65023,340
16801,ENFIELD CHASE STATION,489.30749000000003,434
16802,ISLAY GARDENS,74.16666,221
16803,ISLAY GARDENS,176.59142,227
16804,GREEN LANE,171.78285,227
16805,GREEN LANE,105.94096,224
16806,FAGGS ROAD,313.58775,153
16807,SHAFTESBURY AVENUE,44.66285,74
16808,SHAFTESBURY AVENUE,60.2835,76
16809,ENGLEHEART DRIVE,39.19356,74
1681,ASHBOURNE ROAD,504.64554,148
16810,ENGLEHEART DRIVE,177.08263,76
16811,NEW ROAD,337.75068,157
16812,NEW ROAD,153.83454,159
16813,CLOCKHOUSE ROUNDABOUT,23.24608,76
16814,CLOCKHOUSE ROUNDABOUT,9.664539999999999,75
16817,SHORT LANE,58.461349999999996,76
16818,SHORT LANE,9.38513,75
16819,LONG LANE,0.2882799999999998,75
1682,ASHBOURNE ROAD,261.78927,151
16820,LONG LANE,120.70093,76
16823,KENILWORTH ROAD,26.9184,146
16824,KENILWORTH ROAD,44.75396,133
16825,CROOKED BILLET ROUNDABOUT,66.04928,131
16826,CROOKED BILLET ROUNDABOUT,11.41272,147
16827,LANSBURY AVENUE,852.8042800000001,336
16828,LANSBURY AVENUE,1142.86895,343
16830,HARLINGTON ROAD EAST,356.67266,340
16831,FELTHAM STATION  / VICTORIA ROAD,1721.07599,384
16832,BROWELLS LANE,606.75752,304
16833,FELTHAM TESCO,672.38937,307
16834,ELMWOOD AVENUE,466.60631,304
16835,PARKFIELD CRESCENT,130.69544,146
16836,PARKFIELD CRESCENT,280.87969,146
16837,CHERTSEY ROAD,115.32818,69
16838,CHERTSEY ROAD,53.77302,68
16839,CHALMERS ROAD EAST,25.95348,71
1684,CUBITT TOWN SCHOOL,99.502,187
16840,CHALMERS ROAD EAST,69.91688,75
16841,CONVENT ROAD,68.46075,73
16842,CONVENT ROAD,12.92677,72
16843,ASHFORD WAR MEMORIAL,299.08577,210
16846,DUDLEY ROAD,209.80994,141
16847,DUDLEY ROAD,93.3192,140
16848,ASHFORD STATION,36.035309999999996,72
16849,ASHFORD STATION,56.210770000000004,73
16850,STANWELL ROAD,12.23902,72
16851,STANWELL ROAD,10.85407,72
16852,CHESTERFIELD ROAD,16.11825,74
16853,CHESTERFIELD ROAD,29.553739999999998,70
16854,FERNDALE ROAD,12.563649999999999,73
16855,FERNDALE ROAD,28.81272,70
16856,KINGSTON CRESCENT,62.8056,69
16857,EDINBURGH DRIVE,70.33494999999999,140
16858,PETERSFIELD AVENUE,24.52064,140
16859,PETERSFIELD AVENUE,34.49525,132
16860,STAINES STATION,1.9719699999999998,140
16861,STAINES STATION,87.71162,137
16864,LODGE HILL,1.0417399999999999,74
16867,ORCHARD AVENUE,152.08652,73
16868,LAKESIDE WAY,1165.71285,400
1687,WILMOT STREET,546.222,263
16870,SOUTH KENSINGTON STATION,1429.85723,517
16871,HAMPTON & RICHMOND BOROUGH F C,88.80056,160
16872,HAMPTON & RICHMOND BOROUGH F C,73.68663,158
16873,HAMPTON STATION,389.65045,162
16874,HAMPTON STATION,177.28977,159
16875,OLDFIELD ROAD,4.94584,73
16876,HAMPTON CARE NURSING HOME,9.744639999999999,73
16877,HAMPTON CARE NURSING HOME,4.297649999999999,69
16879,STAIN HILL RESERVOIR,0.4591699999999997,69
1688,WILMOT STREET,1143.35073,267
16880,BRAMWELL CLOSE,5.37402,72
16882,HARFIELD ROAD,6.0321,70
16883,HARFIELD ROAD,10.83058,70
16884,SUNBURY COURT,6.434479999999999,70
16885,SUNBURY COURT,14.627239999999999,70
16886,FRENCH STREET,16.16697,70
16887,FRENCH STREET,34.49593,70
16888,THE AVENUE,15.136439999999999,69
16889,THE AVENUE,27.53307,71
1689,LIMEHOUSE TOWN HALL,745.77702,391
16890,THREE FISHES,237.67603,145
16891,CHURCH STREET,11.16669,71
16892,CROYSDALE AVENUE,163.02602,146
16894,MANOR LANE,148.88114,145
16898,SPELTHORNE GROVE,61.12717,137
16899,SPELTHORNE GROVE,64.25276,134
169,SELFRIDGES,2415.19191,528
16900,NAPIER ROAD,21.514529999999997,145
16901,NAPIER ROAD,55.45473,143
16905,METCALF ROAD / THE ASH TREE,64.10110999999999,141
16906,SALCOMBE ROAD,4.538879999999999,71
16907,SALCOMBE ROAD,50.84025,68
16908,LONDON ROAD,206.4207,66
1691,SANDALL ROAD,596.98584,215
16915,TRENT COUNTRY PARK,0.81978,43
16916,GREENOAK PLACE,0.5312299999999999,42
16917,GREENOAK PLACE,2.7766599999999997,42
16919,BEECH HILL,13.141309999999999,43
1692,SANDALL ROAD,327.90918,220
16920,BEECH HILL,0.6173199999999999,42
16921,WAGON ROAD,2.0793099999999995,42
16922,WAGON ROAD,17.40342,44
16923,SLOPERS POND FARM,0.0,43
16924,SLOPERS POND FARM,0.4795499999999998,43
1695,ANGEL CORNER,1405.60949,161
1696,ANGEL CORNER,129.12241,163
1697,ANGEL CORNER / SILVER STREET STATION,1637.49473,410
16970,DAGENHAM HEATHWAY STATION,3268.88109,240
16972,PORCHESTER TERRACE NORTH,708.24949,275
16973,PIPERS GREEN LANE,14.162209999999998,153
16974,PIPERS GREEN LANE,6.175209999999999,158
16975,ROYAL NATIONAL ORTHOPAEDIC HOSPITAL,191.62391,154
16976,ROYAL NATIONAL ORTHOPAEDIC HOSPITAL,65.7837,159
1698,ANGEL CORNER / SILVER STREET STATION,3323.28302,414
16982,STANLEY ROAD,235.59783,333
16990,CRESCENT ROAD,335.33546,127
16991,YORK ROAD,147.3931,127
16992,LANCASTER ROAD,33.71714,126
16993,MONKS AVENUE,8.011069999999998,78
16994,HASLUCK GARDENS,10.19999,78
16995,HASLUCK GARDENS,31.756439999999998,76
16996,PRICKLERS HILL,20.51803,78
16997,THE CRESCENT,387.06704,154
16998,OXGATE GARDENS,142.13354999999999,231
16999,HUMBER ROAD,114.47838,232
1700,QUEEN'S RIDE,482.03198,247
17000,HUMBER ROAD,248.05212,230
17001,ALDER GROVE,523.74745,235
17002,BROOK ROAD,751.65655,235
17003,BROOK ROAD,791.73465,233
17004,RANDALL AVENUE,286.23117,236
17005,RANDALL AVENUE,346.53904,233
17006,DUDDEN HILL LANE,397.15964,235
17007,DUDDEN HILL LANE,629.08494,233
17008,CORRINGHAM ROAD,230.78651,149
17009,CORRINGHAM ROAD,68.7388,155
17010,BROOK AVENUE,97.19398,78
17011,BROOK AVENUE,45.9103,78
17012,CARLTON AVENUE EAST,72.13410999999999,78
17013,CARLTON AVENUE EAST,119.82378,78
17014,PRESTON ROAD,202.42587,78
17015,WEMBLEY HILL ROAD,336.50813,158
17016,ROSSLYN CRESCENT,195.11744,158
17017,ROSSLYN CRESCENT,413.9878,159
17018,PEMBROKE ROAD,208.42541,158
17019,PEMBROKE ROAD,258.6456,158
1702,ROSSLYN PARK RUGBY FOOTBALL CLUB,165.49871,260
17020,SUDBURY COURT SPORTS CLUB,311.50446,157
17021,SUDBURY COURT SPORTS CLUB,246.1745,159
17022,PASTURE ROAD,184.43536,156
17023,PASTURE ROAD,301.40175,159
17024,GREENFORD AVENUE,344.47671,415
17025,GREENFORD AVENUE,356.64846,419
17026,CUCKOO AVENUE,242.21183,419
17027,CUCKOO AVENUE,156.43505,415
17028,EALING PARK GARDENS,33.85897,85
17029,EALING PARK GARDENS,170.56309,84
1703,ROSSLYN PARK RUGBY FOOTBALL CLUB,299.1268,267
17030,ST FAITH'S CHURCH,375.89964,84
17031,ST FAITH'S CHURCH,67.562,85
17032,BOSTON MANOR ROAD,128.32945,84
17033,BOSTON MANOR ROAD,0.11496,85
17035,LYONSDOWN AVENUE,15.05163,76
17036,COLINDALE STATION,982.12612,252
17037,COLINDALE STATION,1121.81952,244
17038,AJAX AVENUE,41.88025,175
17039,AJAX AVENUE,168.28928,170
1704,MARE STREET / VICTORIA PARK ROAD,1316.15577,544
17040,STONECROP CLOSE,328.90092,174
17043,BUCK LANE,171.13682,154
17044,BUCK LANE,167.15591,157
17045,STAG LANE,141.41649999999998,155
17046,MELBURY ROAD,296.29061,79
17047,MELCOMBE GARDENS,65.50798,78
17048,MELCOMBE GARDENS,75.38062000000001,79
17049,SANDY LANE,101.41674,78
1705,CAMBRIDGE HEATH STATION,225.34824,340
17050,SANDY LANE,187.89468,79
17051,JOHN PERRIN PLACE,215.77125,159
17052,JOHN PERRIN PLACE,122.62514,157
17053,WOODCOCK HILL,152.44889,158
17054,WOODCOCK HILL,248.31271,159
17055,PRESTON ROAD STATION,626.59612,232
17056,PRESTON ROAD STATION,743.93603,235
17057,CARLTON AVENUE EAST,424.2024,235
17058,CARLTON AVENUE EAST,376.56549,159
17059,ST AUGUSTINE'S AVENUE,79.02787,159
1706,CAMBRIDGE HEATH STATION,129.12,198
17060,ST AUGUSTINE'S AVENUE,47.108729999999994,158
17062,EAST LANE,332.38916,238
17063,PARK LANE,178.22034,239
1707,CAMBRIDGE HEATH STATION,792.60858,200
1708,PUTNEY BRIDGE STN / FULHAM HIGH STREET,230.06428,142
17081,MULLION CLOSE,260.7278,151
17082,MULLION CLOSE,105.92925,150
17083,ROWLANDS AVENUE,69.41596,150
17084,ROWLANDS AVENUE,104.2921,151
17085,HATCH END STATION,190.92141,150
17086,HATCH END STATION,212.70631,151
17087,HATCH END / TELEPHONE EXCHANGE,250.33214,150
17088,HATCH END / TELEPHONE EXCHANGE,347.25678,151
17089,ST THOMAS' DRIVE,18.8102,76
1709,CHEQUERS LANE / MERRIELANDS RETAIL PARK,494.46137,150
17090,ST THOMAS' DRIVE,53.53581,75
17091,WOODHALL DRIVE,40.25515,76
17099,PARKSIDE DRIVE,6.791619999999999,78
1710,NUTBROWNE ROAD,1187.19991,240
17100,GLENDALE AVENUE,14.181,79
17101,DOWNAGE,54.17258,78
17102,FLORENCE STREET,26.64657,75
17104,IRON BRIDGE / UXBRIDGE ROAD,4.80499,157
17106,WINDMILL LANE,250.7369,236
17107,WINDMILL LANE,391.66987,233
17108,GREENFORD DEPOT,97.42998,236
17109,GREENFORD DEPOT,286.27371,232
1711,NUTBROWNE ROAD,260.73283,233
17110,COURTHOPE ROAD,195.52923,256
17112,BIRKBECK AVENUE,197.40378,256
17118,SUDBURY HILL STATION,441.1021,153
17119,SUDBURY HILL STN  / HORSENDEN AVE,229.19304,154
17120,SUDBURY COURT DRIVE,86.2725,79
17121,SUDBURY COURT DRIVE,155.09640000000002,78
17122,PRIORY AVENUE,113.55485,79
17123,PRIORY AVENUE,207.47434,78
17124,MAYBANK AVENUE,135.24089,79
17125,MAYBANK AVENUE,175.03826,79
17126,CENTRAL WAY,487.18144,266
17127,CENTRAL WAY,229.11714,259
17128,HATTON GREEN,165.4946,267
17129,HATTON GREEN,148.2314,258
17130,GREAT SOUTH WEST ROAD,294.65964,505
17131,GREAT SOUTH WEST ROAD,264.92925,259
17139,SUNBURY STATION,121.55777,148
17140,ST SAVIOURS CHURCH / SUNBURY CROSS,41.26419,77
17141,PECKHAM RYE / EAST DULWICH ROAD,65.54801,174
17143,WANDSWORTH TOWN HALL,1229.00667,516
17144,NEW ROAD,761.20586,645
17145,MONDIAL WAY,575.54853,649
17146,COMPASS CENTRE,313.12594,237
17147,COMPASS CENTRE,99.90111,232
17148,THE SQUARE,104.82126,155
17149,MOOR BRIDGE,3.8535699999999995,79
17150,MOOR BRIDGE,6.465069999999999,79
17151,COLERIDGE CRESCENT,44.10602,79
17153,YE OLDE GEORGE INN,34.624269999999996,79
17154,HORTON ROAD,59.2036,78
17155,HORTON ROAD,52.03629,79
17158,DITTON PARK ROAD,29.85307,79
17159,CEDAR WAY,89.98996,79
17160,GAINSBORO GARDENS,330.6738,154
17161,KAYWOOD CLOSE,20.56641,79
17163,SUSSEX PLACE,20.72084,79
17166,BRENT GREEN,70.72945,102
17167,HENDON WAY,979.35299,107
17168,HENDON WAY,142.13616,109
17169,AUDLEY ROAD,94.97142,118
17170,KINGSBURY  / PIPERS GREEN,714.16374,180
17171,SLOUGH LANE,578.91489,264
17172,VALLEY DRIVE,648.37212,253
17173,VALLEY DRIVE,392.83855,263
17174,KINGSBURY STATION,2082.40079,253
17175,KINGSBURY CIRCLE,346.78332,156
17176,PRESTON HILL,383.37122,82
17177,SHREWSBURY AVENUE,286.80848,78
17178,SHREWSBURY AVENUE,253.50957,82
17179,KENTON PARK AVENUE,313.53165,79
17180,KENTON PARK AVENUE,188.7663,82
17181,KENTON ROAD / KENTON LANE,447.15015,79
17182,NEPTUNE ROAD,106.37504,145
17183,NEPTUNE ROAD,95.95829,146
17184,OXFORD ROAD,53.37319,146
17185,OXFORD ROAD,295.98359,147
17186,THE GARDENS,183.96218,144
17187,RUTLAND ROAD,374.83817,148
17188,SOUTHFIELD PARK,166.00333,144
17189,SOUTHFIELD PARK,239.48473,149
17190,NOWER HILL SCHOOL,122.2429,79
17191,BETJEMAN CLOSE,52.145179999999996,81
17193,WEST END LANE,396.16042,215
17194,WEST END LANE,458.34173,222
17195,CUCKOO HILL,88.83087,74
17196,CUCKOO HILL,55.63945,76
17197,CROSSWAY,32.50428,76
17198,CROSSWAY,117.45879000000001,74
17199,EMMANUEL CHURCH,50.97399,152
172,GOLDHAWK ROAD / YOUNG'S CORNER,143.72493,82
17200,EMMANUEL CHURCH,111.28533,149
17202,CHURCH ROAD,114.88726,150
17203,WOODTHORPE ROAD,39.6819,65
17204,ASHFORD ROAD,8.5344,70
17205,ASHFORD ROAD,8.99068,64
17211,PARK ROAD,14.37538,67
17212,PARK ROAD,38.51645,68
17215,NALLHEAD ROAD,22.77912,70
17216,NALLHEAD ROAD,28.580199999999998,71
17217,CHURCH ROAD,13.46271,71
17218,CASTLE WAY,10.186409999999999,71
17219,HUGHENDEN GARDENS,133.9185,159
17220,GURNEY ROAD,241.96836,158
17221,GURNEY ROAD,326.2012,161
17222,TOWNSON AVENUE,71.58698,81
17223,TOWNSON AVENUE,68.37825,84
17224,GROSVENOR AVENUE,21.42381,81
17225,THE BROOK HOUSE,266.25293,83
17226,THE BROOK HOUSE,458.94812,233
17227,FAIRHOLME CRESCENT,101.90695,231
17228,FAIRHOLME CRESCENT,128.07945999999998,232
17229,FREDORA AVENUE,143.56372,231
17231,BALMORAL DRIVE,396.31709,228
17232,BALMORAL DRIVE,168.4583,228
17233,WHITTINGTON AVENUE,396.96958,229
17234,WOOD END LANE,89.63147000000001,139
17235,WOOD END LANE,102.31086,136
17236,KEBLE CLOSE,255.84049,78
17237,KEBLE CLOSE,177.23174,79
17238,MALDEN AVENUE,63.46205,77
17239,MALDEN AVENUE,58.4535,79
17240,GREENFORD ROAD,64.66523,77
17241,GREENFORD ROAD,169.63661,154
17242,RIDDING LANE,235.94121,152
17243,RIDDING LANE,159.64075,154
17244,ROSEWOOD AVENUE,110.02123999999999,153
17245,ROSEWOOD AVENUE,183.29865,150
17246,ALLENDALE ROAD,110.26004,152
17247,WHITTON DRIVE,122.00853,152
17248,SUDBURY TOWN STATION,91.38883,152
17249,SUDBURY TOWN STATION,160.29052,152
17250,SUDBURY GOLF CLUB,73.90926999999999,151
17251,SUDBURY GOLF CLUB,85.95849,154
17252,CLIFFORD ROAD,81.36091,153
17253,CLIFFORD ROAD,138.944,156
17254,ALPERTON STATION,718.83196,157
17255,ALPERTON STATION,175.59966,153
17256,WELLGARTH ROAD,154.23609,176
17257,WELLGARTH ROAD,119.56677,181
17258,JACK STRAW'S CASTLE / WHITESTONE POND,145.22607,82
17259,KENWOOD HOUSE,104.54364,95
1726,NIGEL ROAD,1954.69226,695
17260,KENWOOD HOUSE,127.75847,94
17261,STORMONT ROAD,61.162929999999996,82
17262,STORMONT ROAD,74.75076,80
17263,HIGHGATE CLOSE,77.36213,80
17264,HIGHGATE CLOSE,71.26882,82
17267,OSIDGE LIBRARY,344.94392,156
17268,OSIDGE LIBRARY,346.72615,225
17269,DENE ROAD,26.56263,77
1727,NIGEL ROAD,1719.80359,689
17270,DENE ROAD,87.01971,77
17271,BERESFORD AVENUE,57.43617,77
17272,BERESFORD AVENUE,95.08678,77
17273,POLLARD ROAD,86.03392,77
1728,SEVEN KINGS ROAD,456.41971,171
17280,BROOMFIELD STREET,138.57602,83
17281,BROOMFIELD STREET,31.63592,83
17283,ST PAUL'S WAY TRUST SCHOOL,89.10102,83
17285,BURDETT ROAD / ST PAUL'S CHURCH,121.61601,83
17288,GUNNERSBURY PARK,83.03728,95
17289,GUNNERSBURY PARK,101.08751000000001,99
1729,SEVEN KINGS ROAD,281.66277,166
17290,ASHBOURNE ROAD,447.73167,174
17291,WARWICK ROAD / UNIVERSITY OF WEST LONDON,243.67731,93
17292,WARWICK ROAD / UNIVERSITY OF WEST LONDON,225.94226,90
17293,HIGHBURY GROVE,67.31234,102
17294,CLEPHANE ROAD,118.83028,97
17295,CLEPHANE ROAD,41.04288,102
17296,TRELAWNEY ESTATE,704.69426,402
17297,HOMERTON TERRACE,160.22263999999998,407
17298,PONSFORD STREET,495.67348,402
17299,KENTON ROAD / WELL STREET,330.66997,176
17301,BARNABAS ROAD,500.04975,177
17307,FOREST HILL STATION  / DARTMOUTH ROAD,222.55838,80
17308,DARTMOUTH ROAD / THORPEWOOD AVENUE,251.72619,256
17309,DARTMOUTH ROAD / THORPEWOOD AVENUE,243.22009,256
1731,PARK ROAD,40.00923,83
17310,SYDENHAM SCHOOL,148.97773,256
17311,SYDENHAM SCHOOL,181.75199,176
17312,SYDENHAM / THE WOODMAN,242.03934,330
17313,SYDENHAM / THE WOODMAN,534.58493,328
17314,PEAK HILL,314.43959,336
17315,PEAK HILL,267.69754,340
17316,SYDENHAM STATION  / KIRKDALE,1360.16579,335
17317,SYDENHAM STATION  / KIRKDALE,703.79963,340
17319,ST CHRISTOPHER'S HOSPICE,58.257709999999996,177
17320,BORDER ROAD,101.93090000000001,176
17321,SPRINGFIELD ROAD,46.13749,177
17323,THICKET ROAD,272.85227,255
17326,HIGH STREET / MAPLE ROAD,312.63699,324
17327,HIGH STREET / MAPLE ROAD,1000.2838,329
17328,PORTLAND ROAD / NORWOOD JCT STATION,709.76139,237
1733,AVENUE ROAD / SWISS COTTAGE LIBRARY,253.8172,187
17330,HARRINGTON ROAD,435.4816,235
17331,HARRINGTON ROAD,347.4813,237
17332,SOUTH NORWOOD LEISURE CENTRE,393.47776,235
17333,SOUTH NORWOOD LEISURE CENTRE,425.25967,237
17334,CROYDON ARENA,341.18182,238
17335,CROYDON ARENA,208.60913,237
17336,WOODSIDE TRAM STOP,61.26612,156
17338,ASHBURTON PARK,325.93394,233
17339,ASHBURTON PARK,194.49376,233
17340,BROCKENHURST ROAD,307.44251,231
17341,BROCKENHURST ROAD,47.82839,230
17342,ADDISCOMBE TRAM STOP,207.71106,232
17343,ADDISCOMBE TRAM STOP,146.2528,229
17344,ASHBURTON ROAD,186.86848,233
17345,LESLIE GROVE,333.40753,311
17346,CROSS ROAD,74.48313999999999,309
17347,CROSS ROAD,131.62774,316
17348,ADDISCOMBE ROAD,44.333009999999994,314
17349,ST PETER'S CHURCH,68.98618,95
1735,STEPNEY GREEN,403.3805,199
17350,ST PETER'S CHURCH,119.36281,100
17352,QUEENS ROAD,77.76803,232
17353,QUEENS ROAD,229.69483,223
17354,BUTTER HILL,86.87074,77
17355,BOWMAN'S MEADOW,62.91722,77
17356,BOWMAN'S MEADOW,25.59928,78
17357,BEDDINGTON PARK,21.41629,77
17358,BEDDINGTON PARK,39.64037,77
17359,PARK ROAD,44.22856,77
1736,STEPNEY GREEN,260.28526,197
17360,PARK ROAD,94.64207,78
17361,ORCHARD AVENUE,86.05245000000001,75
17363,SEYMOUR ROAD,108.00852,73
17365,MILL GREEN ROAD,61.00144,73
17366,GOAT ROAD,46.17391,149
17367,GOAT ROAD,97.41708,147
17368,NORTH POLE ROAD,124.35036,173
17369,MITCHAM JUNCTION STATION,773.34347,149
17371,MITCHAM GARDEN VILLAGE / WILLOW LANE,42.444199999999995,146
17374,MITCHAM POLICE STATION,90.77027,146
17376,PEALL ROAD,52.35857,77
17377,PEALL ROAD,117.16918,76
17378,CECIL ROAD,198.37663,76
17379,DRAKE ROAD,166.13108,77
17380,NEWMAN ROAD,93.34898,77
17381,NEWMAN ROAD,174.35277,76
17382,PURLEY WAY / BEDDINGTON FARM ROAD,124.75767,149
17383,PURLEY WAY / BEDDINGTON FARM ROAD,214.98617000000002,146
17384,CHURCH VALE,94.4827,77
17385,CHURCH VALE,14.508859999999999,72
17386,WESTBOURNE DRIVE,26.79852,75
17387,WINDRUSH LANE,54.07623,70
17388,SIDDONS ROAD,221.68941,160
17389,SIDDONS ROAD,174.29231,158
1739,KATHERINE ROAD,1475.64607,357
17390,GARLIES ROAD,7.430209999999999,72
17391,GARLIES ROAD,54.56453,72
17392,ADAMSRILL ROAD,2.37897,70
17393,BELL GREEN,69.12461,73
17394,BELL GREEN / SOUTHEND LANE,390.50481,463
17395,SOUTHEND LANE,548.66292,311
17396,KIRTLEY ROAD,132.55443,310
17398,HIGHCLERE STREET,374.18431,310
17399,HIGHCLERE STREET,224.15156,309
174,GOLDHAWK ROAD,188.9894,350
1740,KATHERINE ROAD,502.1681,277
17400,SYDENHAM ROAD / MAYOW ROAD,299.53568,236
17401,SYDENHAM ROAD / MAYOW ROAD,352.65875,236
17402,STUDLAND ROAD,66.67189,163
17403,STUDLAND ROAD,49.72189,164
17405,PENGE EAST STATION,226.54216,163
17406,PENGE LANE,73.07435,164
17407,THESIGER ROAD,89.22865,164
17408,PARISH LANE,148.80455,240
17409,AVENUE ROAD,172.69856,349
1741,PORCHESTER TERRACE NORTH,293.37802,93
17410,AVENUE ROAD,160.65046,344
17411,ANERLEY ROAD / OAK GROVE ROAD,334.07863,348
17412,ANERLEY ROAD / OAK GROVE ROAD,523.2224,345
17413,BIRKBECK STATION,76.3034,140
17414,BIRKBECK STATION,38.366859999999996,144
17415,BECKENHAM CREMATORIUM,45.14609,140
17419,ABBOTS WAY,187.68824,239
1742,QUEENSWAY,199.61829,91
17420,ABBOTS WAY,176.3366,234
17421,ALTYRE WAY,305.53243,241
17422,ALTYRE WAY,281.60597,234
17423,LODGE GARDENS,60.00972,242
17424,LODGE GARDENS,43.71713,235
17425,EDEN PARK STATION,339.04717,242
17426,EDEN PARK STATION,266.76614,232
17427,LINKS WAY,236.8588,241
17428,LINKS WAY,171.3386,232
17429,SOUTH EDEN PARK ROAD,6.450099999999999,78
1743,WESTBOURNE GROVE / QUEENSWAY,643.88584,261
17431,STATION ROAD / WEST WICKHAM STATION,88.31626,78
17432,BECKENHAM ROAD / WEST WICKHAM STATION,83.15835,79
17433,HIGH STREET / WICKHAM COURT ROAD,275.2052,170
17434,HIGH STREET / THE GROVE,276.13501,173
17435,SHERWOOD WAY,274.69455,174
17436,SHERWOOD WAY,257.26683,173
17437,HIGH STREET / MANOR ROAD,233.47673,174
17438,HIGH STREET / MANOR ROAD,166.17354,173
17439,BETHLEM ROYAL HOSPITAL,188.98937,176
17440,WEST WICKHAM AND SHIRLEY BAPTIST CHURCH,277.77057,174
17441,LANGLAND GARDENS,213.7862,176
17442,LANGLAND GARDENS,99.22731999999999,174
17443,CHESTON AVENUE,85.01312,176
17444,CHESTON AVENUE,31.799519999999998,174
17445,VERDAYNE AVENUE,236.87413,327
17446,UPPER SHIRLEY ROAD,238.14894,253
17447,UPPER SHIRLEY ROAD,182.20879,251
17448,TRINITY SCHOOL,734.83958,329
17449,TRINITY SCHOOL,221.79569999999998,327
17450,MAPLEDALE AVENUE,134.75006,324
17451,MAPLEDALE AVENUE,35.243379999999995,326
17452,SANDILANDS TRAM STOP,268.94658,322
17453,SANDILANDS TRAM STOP,389.63126,326
17457,PARK LANE / FAIRFIELD HALLS,1607.25019,326
17458,WARHAM ROAD / BRIGHTON ROAD,557.31467,314
17460,BRAMLEY HILL,186.23265,242
17461,BRAMLEY HILL,236.31351,96
17462,CROWLEY CRESCENT,28.44187,96
17463,CROWLEY CRESCENT,293.61028,96
17464,STAFFORD ROAD,4.34061,96
17465,COLDHARBOUR ROAD,119.26735,169
17466,COLDHARBOUR ROAD,51.32695,173
17469,WISE LANE,21.08754,76
17470,WISE LANE,19.4604,77
17471,CRESSIDA ROAD,91.89407,162
17472,CRESSIDA ROAD,168.66757,163
17473,BRENT GREEN,254.18644,110
17474,PINNER STATION,227.82557,304
17477,LALEHAM ROAD,30.224079999999997,81
17478,LALEHAM ROAD,48.14349,79
17479,BROWNHILL ROAD / ST FILLANS ROAD,81.51538,81
17480,BROWNHILL ROAD / ST FILLANS ROAD,108.86944,80
17481,TORRIDON ROAD,139.86633,82
17482,TORRIDON ROAD,117.90578,80
17483,PARKCROFT ROAD,165.55922,158
17484,PARKCROFT ROAD,124.2431,155
17485,BARING ROAD,155.83766,158
17486,BARING ROAD,244.95917,155
17487,WOODYATES ROAD,45.43605,76
17488,WOODYATES ROAD,8.51095,74
17489,ALWOLD CRESCENT,41.52512,149
1749,PUTNEY HILL / GREEN MAN,834.41922,332
17490,HORN PARK LANE,50.35037,77
17491,SIDCUP ROAD,45.9979,150
17492,SIDCUP ROAD,24.071769999999997,149
17493,WESTHORNE AVENUE / ELTHAM ROAD,83.43045,150
17495,CHURCHBURY ROAD,69.0505,77
17496,CHURCHBURY ROAD,33.10911,77
17497,NEWMARKET GREEN,343.26028,157
17498,NEWMARKET GREEN,69.64002,77
17499,KINGSGROUND / ELTHAM PALACE ROAD,100.55747,157
175,SELFRIDGES,2662.14272,520
1750,CHURCH ROAD,213.01506,253
17500,KINGSGROUND / ELTHAM PALACE ROAD,51.04072,156
17501,KINGSGROUND / ELTHAM HILL,26.81089,156
17502,KINGSGROUND / ELTHAM HILL,210.54872,156
17504,WESTMOUNT ROAD / ELTHAM HIGH STREET,4.36954,73
17506,ELTHAM PARK GARDENS,45.470439999999996,73
17507,ELTHAM PARK GARDENS,22.83876,65
17508,ELTHAM PARK METHODIST CHURCH,58.06845,72
17509,ELTHAM PARK METHODIST CHURCH,25.364739999999998,65
1751,ETON STREET,492.63555,336
17511,WESTMOUNT ROAD / ROCHESTER WAY,43.48442,66
17512,ROCHESTER WAY / GLENESK ROAD,65.44463999999999,71
17513,ROCHESTER WAY / GLENESK ROAD,38.82821,67
17522,CENTRE COMMON ROAD / WAR MEMORIAL,298.54082999999997,397
17523,CENTRE COMMON ROAD / WAR MEMORIAL,431.95529,390
17524,CHISLEHURST / ASHFIELD LANE,70.49333999999999,458
17525,CHISLEHURST / ASHFIELD LANE,64.31634,164
17526,CHISLEHURST SAINSBURY'S,798.51627,458
17527,ALBANY ROAD,86.88401,166
17528,INGLEBY WAY,138.04083,170
17529,INGLEBY WAY,42.07996,168
17530,OAKDENE AVENUE,232.09011,171
17531,OAKDENE AVENUE,94.53724,171
17532,ELMSTEAD LANE,277.45324999999997,171
17533,ELMSTEAD LANE,158.68603,171
17534,MOTTINGHAM ROAD / RAVENSWORTH ROAD,471.03914,238
17535,MOTTINGHAM ROAD / RAVENSWORTH ROAD,186.45505,237
17536,MOTTINGHAM / PRINCE OF WALES,184.33662999999999,238
17537,MOTTINGHAM / PRINCE OF WALES,115.30447,237
17538,RAYNES PARK STATION,612.3034,209
17539,BLENHEIM ROAD,58.379509999999996,83
1754,PALMERS GREEN STATION,703.18168,156
17540,BLENHEIM ROAD,104.83431,83
17541,GREENWAY,124.03227,83
17542,GREENWAY,178.80633,83
17543,RAYNES PARK PLAYING FIELDS,77.02228,83
17544,WESTWAY,154.17009000000002,83
17545,ST JOHN FISHER SCHOOL,136.16119,156
17546,ST JOHN FISHER SCHOOL,161.05729,162
17547,TUDOR DRIVE,285.33655,155
17548,QUEEN MARY AVENUE,213.86834,158
17549,CHURSTON DRIVE,177.07782,156
17550,CHURSTON DRIVE,84.66886,156
17551,HILLCROSS AVENUE,69.79373,156
17552,HILLCROSS AVENUE,40.91841,156
17553,MONKLEIGH ROAD,185.51774,156
17554,MONKLEIGH ROAD,63.01726,156
17555,ASHRIDGE WAY,80.32706,157
17556,ASHRIDGE WAY,49.47041,154
17557,MAYCROSS AVENUE,29.338729999999998,157
17558,MAYCROSS AVENUE,30.535839999999997,154
17559,LINKS AVENUE,5.108279999999999,157
1756,CARLTON AVENUE,124.8094,386
17560,LINKS AVENUE,110.94106,154
17561,MORDEN HALL,643.61177,471
17564,THE DRIVE,32.36485,97
17565,THE DRIVE,28.47747,100
17566,MILNER ROAD,46.44178,101
17567,MILNER ROAD,22.09584,97
17568,BISHOPSFORD ROAD,71.26689,101
17569,WANDLE ROAD,85.19651,96
1757,KENTON STATION,610.13348,389
17570,MITCHAM TRAM STOP,534.62121,193
17571,MITCHAM TRAM STOP,599.81145,199
17572,GEDGE COURT,300.16077,266
17574,UPPER GREEN EAST,685.93974,342
17575,THREE KINGS POND,56.43275,98
17576,CEDARS AVENUE,47.44934,98
17577,PENTLANDS CLOSE,9.500139999999998,99
17578,TAMWORTH PARK,34.82576,98
17579,TAMWORTH PARK,80.80446,99
17580,HENDON STATION,429.68382,190
17582,LONGLEIGH LANE,24.499309999999998,81
17583,LONGLEIGH LANE,26.18852,81
17584,BOSTALL HILL / BRAMPTON ROAD,18.43977,81
17585,WOOLWICH ROAD / BRAMPTON ROAD,109.71612999999999,228
17586,NEW ROAD,97.86082,162
17587,NEW ROAD,117.61726,224
17588,THE VIEW,36.05104,162
17589,THE VIEW,81.64305,161
17591,THE EARDLEY ARMS,427.97073,160
17592,ERITH ROAD / NUXLEY ROAD,148.03322,81
17593,ALFORD ROAD,158.12469000000002,81
17594,ALFORD ROAD,311.24689,82
17596,EUROPA TRADING ESTATE,71.23421,163
17597,FRASER ROAD / BEXLEY ROAD,22.548969999999997,159
17600,MOTSPUR PARK,272.40754,220
17601,BLAKES LANE,280.26467,220
17602,LYTTON GROVE,448.69567,512
17603,LYTTON GROVE,474.99791,458
17604,TIBBET'S CORNER,138.67914,93
17605,INNER PARK ROAD,124.15952,89
17606,QUEENSMERE ROAD,103.55288,90
17607,QUEENSMERE ROAD,266.46368,91
17608,PARKSIDE HOSPITAL,92.64106,90
17609,PARKSIDE HOSPITAL,272.57833,91
17610,CALONNE ROAD,36.68679,90
17611,CALONNE ROAD,153.57744,91
17612,PARKSIDE AVENUE,58.2618,91
17613,PARKSIDE AVENUE,24.39021,90
17616,WIMBLEDON THEATRE,314.17216,343
17617,WIMBLEDON THEATRE,576.35908,337
17618,THE POLKA THEATRE,386.73345,345
17620,KENLEY ROAD,31.3858,160
17625,OAKS AVENUE,28.42836,71
17626,OAKS AVENUE,17.874579999999998,74
1763,STAPLES CORNER,649.50738,344
17630,FAIRFIELD HALLS,1425.8027,478
17633,HINTON ROAD,134.18601,169
17634,WHITEHALL SCHOOL,91.29776,174
17635,WHITEHALL SCHOOL,133.92708,168
17636,FERNDALE CRESCENT,282.74378,167
17637,FERNDALE CRESCENT,189.91855,173
17638,BENBOW WAYE,156.82819,92
17639,BENBOW WAYE,148.73837,96
1764,BARRHILL ROAD,580.46894,898
17640,PACKET BOAT LANE,117.93045,92
17641,PACKET BOAT LANE,70.19119,96
17642,PHILPOTS BRIDGE,76.77074999999999,93
17643,MOORFIELD ROAD,82.95645999999999,96
17644,FALLING LANE,218.30915,96
17645,FERRERS AVENUE,1530.86834,337
17646,FERRERS AVENUE,1500.9653,333
17647,CHURCH ROAD,76.02475,255
17648,CHURCH ROAD,143.17752,253
17649,PORTERS WAY,375.62432,177
17650,PORTERS WAY,406.75047,174
17651,MAXWELL ROAD,138.94422,96
17652,MAXWELL ROAD,241.23936,92
17653,CHERRY LANE SCHOOL,154.92406,94
17654,CHERRY LANE SCHOOL,204.12593999999999,92
17655,HARMONDSWORTH LANE,121.89565,91
17656,HARMONDSWORTH LANE,73.05298,94
17657,SIPSON CLOSE,107.77403,91
17658,SIPSON CLOSE,70.481,95
17659,SIPSON WAY,82.05919,91
17660,SIPSON WAY,81.76263,95
17662,DOGHURST DRIVE,192.49045,96
17663,ST LEONARD'S AVENUE,307.95402,386
17664,DOWNS ROAD,122.85878,137
17665,DEVON CLOSE,13.622459999999998,80
17666,PARK VIEW ROAD,55.10545,78
17667,STAINES ROAD / MARTINDALE ROAD,204.42293,388
17668,MARTINDALE ROAD,596.8943399999999,377
17671,OXLEAS MEADOW,56.06743,69
17672,OXLEAS MEADOW,34.29926,67
17681,WHITEHALL / TRAFALGAR SQUARE,363.74717,123
17683,REGENT STREET / ST JAMES'S,1382.59569,462
17684,PARCHMORE ROAD,374.16323,154
17685,PARCHMORE METHODIST CHURCH,357.59677,166
17686,PARCHMORE METHODIST CHURCH,265.77379,170
17687,SANDFIELD ROAD,339.91291,92
17688,SANDFIELD ROAD,227.38579000000001,93
17689,PARK LAWN,117.27879,92
17690,PARK LAWN,109.32587,93
17691,COUNTY ROAD,411.55068,93
17692,COUNTY ROAD,230.49526,92
17693,GREEN LANE POST OFFICE,215.40839,94
17694,KENSINGTON AVENUE,253.61199,91
17695,KENSINGTON AVENUE,266.35023,94
17696,NORBURY HILL,102.89818,91
17697,NORBURY HILL,178.3675,96
17698,COURTLAND AVENUE,45.52335,91
17699,COURTLAND AVENUE,97.96743,98
177,MARBLE ARCH STATION,1199.53543,327
17700,HERMITAGE LANE,283.07421,92
17701,HERMITAGE LANE,123.37526,98
17702,BROADOAKS WAY,23.20057,171
17703,BROADOAKS WAY,112.30492,167
17705,THE AVENUE,59.44363,133
17706,THE PICKHURST,38.757239999999996,134
17707,THE PICKHURST,48.66224,133
17708,HAYES HILL ROAD,28.902949999999997,210
17709,HAYES HILL ROAD,8.01604,214
17710,HAYES / STATION APPROACH,505.48486,377
17711,HAYES / STATION APPROACH,361.74812000000003,379
17712,TIEPIGS LANE,110.48496,372
17713,TIEPIGS LANE,280.49122,377
17714,ADDINGTON ROAD / GLEBE WAY,218.90577,238
17715,ADDINGTON ROAD / GLEBE WAY,276.28594,370
17716,CONEY HALL / KINGSWAY,14.306759999999999,68
17717,CONEY HALL PARADE,39.867509999999996,71
17718,CRICKLEWOOD STATION,393.46921,252
17719,CRICKLEWOOD STATION,170.19622999999999,243
17720,RAYNES PARK LIBRARY,91.16513,211
17721,PARKHURST ROAD,25.10805,175
17722,BEXLEY WAR MEMORIAL,156.34306,176
17725,FARM LANE,30.78278,148
17726,FARM LANE,51.637409999999996,147
17727,ROYAL BLACKHEATH GOLF CLUB,20.914389999999997,156
17728,ROYAL BLACKHEATH GOLF CLUB,35.781389999999995,157
17729,MOTTINGHAM STATION,648.95177,237
1773,WELLINGTON ROAD SOUTH,598.09926,386
17730,NORTHOVER,516.54111,172
17733,MARVELS LANE / CHINBROOK ROAD,110.64712,242
17734,GROVE PARK BUS STATION,43.51197,143
17735,GROVE PARK STATION,466.71708,157
17736,VANOC GARDENS,245.37429,159
17738,WHITEFOOT LANE,405.00285,161
17739,WHITEFOOT LANE,205.88705,162
17740,HITHER GREEN CEMETERY,98.48287,81
17741,HITHER GREEN CEMETERY,27.967029999999998,81
17742,ARDOCH ROAD,129.82489999999999,80
17743,ARDOCH ROAD,47.03931,80
17744,DOWANHILL ROAD,86.95792,80
17745,DOWANHILL ROAD,45.43123,80
17746,TORRIDON ROAD / ST ANDREWS CHURCH,360.36233,99
17748,SANDHURST ROAD / ST FILLANS ROAD,702.10186,328
17749,SANGLEY ROAD / ST FILLANS ROAD,390.63736,334
17750,BEECHFIELD ROAD,174.1569,244
17751,BEECHFIELD ROAD,140.46688,248
17752,VANCOUVER ROAD,132.43191,87
17754,KILMORIE ROAD,69.18175,87
17755,KILMORIE ROAD,65.59012,87
17756,ST IGNATIUS CHURCH,48.968849999999996,144
17758,STAIN HILL WEST RESERVOIR,1.2075699999999996,69
17759,KENTON AVENUE,1.7315499999999997,71
17762,COCKFOSTERS STATION,66.92975,44
17763,COCKFOSTERS STATION,157.19344,138
17764,FRESTON GARDENS,10.95229,67
17765,FRESTON GARDENS,20.50665,68
17766,BRAMLEY ROAD,29.97285,44
17767,BRAMLEY ROAD,12.734,43
17768,GREEN ROAD,2.8885,41
17769,GREEN ROAD,8.06061,43
17770,AVENUE ROAD,186.37789,187
17771,AVENUE ROAD,179.05941,195
17772,SOUTHGATE POLICE STATION,238.73599000000002,189
17775,SOUTHGATE COLLEGE,137.70838,215
17776,SOUTHGATE COLLEGE,240.48566,214
17777,MEADWAY,55.482879999999994,213
17778,MEADWAY,78.01677,212
17779,YE OLDE CHERRY TREE,247.21914,216
1778,HOUNSLOW BUS STATION,935.41982,498
17780,YE OLDE CHERRY TREE,188.88155,168
17781,FORESTDALE,101.82389,167
17782,SELBORNE ROAD,143.82959,178
17783,FORESTDALE,48.01052,157
17784,BROOMFIELD PARK,185.30256,156
17785,BROOMFIELD PARK,111.31981,146
17786,PALMERS GREEN STATION,302.39052,146
17787,ST MARK'S CHURCH,341.28435,331
17789,HAYES ROAD / HAYES LANE,174.10529,207
17790,HAYES ROAD / HAYES LANE,113.75115,208
17791,HAYES LANE / NORMAN PARK,95.85097,127
17792,HAYES LANE / NORMAN PARK,234.56668,206
17793,CLUB GARDENS ROAD,16.73005,126
17794,CLUB GARDENS ROAD,39.51781,127
17797,FIVE ELMS ROAD,9.096079999999999,110
17798,BASTON ROAD / CROYDON ROAD,1.4241399999999997,99
17799,BASTON ROAD / CROYDON ROAD,0.7735799999999997,109
17802,KESTON / THE FOX,5.211739999999999,86
17803,KESTON / THE FOX,67.08185,98
17804,KESTON VILLAGE HALL,1.7403099999999998,103
17805,KESTON VILLAGE HALL,0.11604,88
17806,HEATHFIELD ROAD / KESTON COMMON,0.5124599999999998,88
17807,WESTERHAM ROAD / HEATHFIELD ROAD,14.91063,223
17808,HOLWOOD FARM,0.1664699999999998,32
17809,HOLWOOD FARM,0.27685,28
17810,FARTHING STREET,4.273759999999999,29
17811,FARTHING STREET,0.0,33
17812,HAYES LIBRARY,68.81784,164
17813,HAYES LIBRARY,133.06148,163
17814,LAYHAMS ROAD,115.12043,238
17815,LAYHAMS ROAD,129.71877,240
17816,COURTFIELD RISE,47.09446,91
17817,COURTFIELD RISE,32.378479999999996,90
17818,WEST WICKHAM PLAYING FIELDS,3.6830999999999996,91
17819,WEST WICKHAM PLAYING FIELDS,2.9425099999999995,92
17820,WESTCOMBE PARK STATION,408.07228,333
17821,WESTCOMBE PARK STATION,190.93771,335
17822,KIRKSIDE ROAD,80.72381999999999,333
17823,KIRKSIDE ROAD,236.80989,335
17824,STRATHEDEN ROAD / SHOOTERS HILL ROAD,212.43965,250
17825,ST GERMANS PLACE,65.88568,187
17826,MONTPELIER ROW,105.90281,187
17830,SYDENHAM HIGH SCHOOL,78.83033999999999,155
17831,SYDENHAM HIGH SCHOOL,61.352599999999995,158
17832,CHARLEVILLE CIRCUS,75.99734,158
17833,CHARLEVILLE CIRCUS,322.59366,155
17834,CRYSTAL PALACE PARK ROAD,68.02494,157
17835,CRYSTAL PALACE PARK ROAD,150.54621,233
17837,PRIORY PARK,21.287679999999998,79
17838,PRIORY PARK,15.742959999999998,81
17839,CRYSTAL PALACE PARADE / COLLEGE ROAD,229.12722,338
1784,ASKEW ROAD,714.10453,178
17840,MANOR WAY,71.3878,81
17841,HANDEN ROAD,116.88475,161
17842,MICHELDEVER ROAD,268.0132,165
17843,ELM LANE,221.25784,158
17844,ELM LANE,327.10325,248
17845,CASTLANDS ROAD,131.44446,158
17846,CASTLANDS ROAD,228.42808,161
17847,HOUSTON ROAD,73.36442,158
17848,HOUSTON ROAD,148.12328,161
17849,OAK HILL,34.78432,152
1785,MERTON ABBEY,1394.16565,420
17851,SWAN & SUGAR LOAF,566.82008,404
17852,SPRING LANE,38.65357,81
17853,WOODSIDE GREEN,84.39854,82
17854,WOODSIDE GREEN,95.77062000000001,81
17855,BLACKHORSE LANE,97.2137,82
17856,BLACKHORSE LANE,100.57669,81
17857,GORDON CRESCENT,109.41084000000001,81
17858,GORDON CRESCENT,144.05496,82
17859,LOWER ADDISCOMBE ROAD,42.90041,82
17862,FOXLEY HILL ROAD,55.23072,152
17863,LEGION HOUSE,9.903369999999999,80
17864,LEGION HOUSE,81.28246,80
17866,DEVON CLOSE,38.58351,80
17867,MAPLE ROAD,24.42556,80
17868,MAPLE ROAD,68.36892,80
17869,WHYTELEAFE SOUTH STATION,19.81947,126
1787,NEW MALDEN STATION,449.26286,96
17870,WHYTELEAFE SOUTH STATION,75.06483,128
17871,HIGHFIELD ROAD,2.6870199999999995,80
17872,HIGHFIELD ROAD,20.73528,80
17873,FARNINGHAM ROAD,3.8795699999999993,80
17874,FARNINGHAM ROAD,40.14092,80
17876,ST HELEN'S ROAD,45.70941,79
17877,NORBURY CRESCENT / LONDON ROAD,161.02611,80
17878,NORBURY CRESCENT / ST HELEN'S ROAD,33.71566,79
17879,NORBURY CRESCENT / ST HELEN'S ROAD,105.61524,80
1788,NEW MALDEN STATION,347.7937,89
17880,EDERLINE AVENUE,98.20315,79
17881,EDERLINE AVENUE,62.960319999999996,80
17882,BRAEMAR AVENUE,73.05499,79
17883,BRAEMAR AVENUE,101.34140000000001,80
17884,SANDFIELD ROAD,121.1753,79
17885,SANDFIELD ROAD,124.91061,80
17886,BROOK ROAD,124.70415,79
17887,BROOK ROAD,57.71313,80
1789,NEW MALDEN / THE FOUNTAIN,1728.35482,365
17890,THORNTON HEATH CLOCK TOWER,443.40484,234
17892,THE CRESCENT,243.55352,185
17893,BEACONSFIELD ROAD / LEGACY YOUTH ZONE,195.49090999999999,195
17896,HACKNEY DOWNS STATION  / DALSTON LANE,863.11011,161
17897,HACKNEY DOWNS STATION,326.68348000000003,163
17898,PEMBURY ROAD / DOWNS PARK ROAD,133.06188,81
17899,PEMBURY ROAD / DOWNS PARK ROAD,323.47895,83
179,MARBLE ARCH STATION,988.01677,188
1790,NEW MALDEN / THE FOUNTAIN,439.2406,289
17900,CRICKETFIELD ROAD,156.09663,83
17901,OLIVER ROAD,54.83483,143
17902,OUR LADY & ST GEORGE'S CATHOLIC SCHOOL,61.81313,143
17903,ADDISON ROAD,35.17996,78
17904,ADDISON ROAD,128.60573,146
17905,BROOKFIELD AVENUE,80.04844,78
1791,RUSSELL GARDENS,78.72161,154
17910,WOOD STREET STATION,129.93515,77
17911,WOOD STREET MARKET,79.29628,77
17912,WOOD STREET MARKET,72.23376,77
17913,WOODLANDS ROAD,113.25907,77
17914,FOREST ROAD / WOOD STREET LIBRARY,74.06658,77
17915,FOREST ROAD / WOOD STREET LIBRARY,286.93317,159
17916,CLIFFORD ROAD,200.52209,157
17917,VICTORIA ROAD,667.12831,158
17918,VICTORIA ROAD,111.14,157
17919,QUEENSWOOD AVENUE,411.71032,158
17920,QUEENSWOOD AVENUE,89.49243,157
17921,GARNER ROAD / NORTH ARM,170.01863,158
17922,GARNER ROAD / NORTH ARM,49.439429999999994,157
17923,WADHAM ROAD,218.71529,158
17924,WADHAM ROAD,107.7518,157
17925,SWANAGE ROAD,41.92443,158
17926,SWANAGE ROAD,26.915529999999997,157
17927,HALDAN ROAD,149.53555,158
17928,HALDAN ROAD,81.62003,157
17929,HIGHAMS PARK STATION,519.64865,158
17930,HIGHAMS PARK STATION,709.9406,156
17931,HICKMAN AVENUE,280.4696,155
17932,HICKMAN AVENUE,156.61191,159
17933,EAST VIEW,43.15766,158
17934,EAST VIEW,30.09131,155
17935,LARKSHALL CRESCENT,61.06529,158
17936,LARKSHALL CRESCENT,24.242649999999998,155
17937,ST ANNE'S PARISH CHURCH,316.00283,158
17938,ST ANNE'S PARISH CHURCH,74.3437,155
17940,HATCH LANE,406.86974,156
17944,TONSLEY STREET,140.73628,186
17947,SWANDON WAY,294.87681,194
17949,CHELMSFORD ROAD,95.66847,147
1795,HARLINGTON CORNER,1828.25314,455
17950,ST AUBYN'S SCHOOL,30.446219999999997,147
17951,ST AUBYN'S SCHOOL,17.912959999999998,153
17952,HIGHBURY NEW PK / HIGHBURY GROVE SCHOOL,204.69182,162
17953,HIGHBURY NEW PK / HIGHBURY GROVE SCHOOL,91.91375,160
17954,CANONBURY STATION,69.93913,84
17955,CANONBURY STATION,178.31567,83
1796,GALLEYMEAD ROAD,252.47872999999998,79
17962,CROSSWAY / KINGSLAND HIGH STREET,65.73529,85
17963,SHACKLEWELL LANE / KINGSLAND HIGH STREET,160.61273,165
17964,SHACKLEWELL LANE,325.87328,166
17965,RIDLEY ROAD MARKET,306.0955,85
17966,RIDLEY ROAD MARKET,139.75432,85
17967,RICHMOND ROAD,112.42212,83
17968,RICHMOND ROAD,175.2387,84
1797,GALLEYMEAD ROAD,77.82867,79
17973,BROADWAY MARKET,306.74535000000003,163
17974,BROADWAY MARKET,185.62989,159
1798,WEST MOLESEY WAR MEMORIAL,177.26037,61
17982,TROWBRIDGE ESTATE,131.08137,272
17985,RUCKHOLT ROAD BRIDGE,13.80538,173
17986,SPITALFIELDS MARKET,75.87342,173
17987,SPITALFIELDS MARKET,186.49935,100
17988,OLIVER ROAD,76.84913,171
17989,OLIVER ROAD,76.98551,176
1799,KINGS ROAD,387.84069,95
17991,FRANCIS ROAD,138.31837,155
17992,LEYTON HIGH ROAD / LEYTON STATION,185.75413,155
17993,FRANCIS ROAD,89.29257,155
17994,CENTRAL AVENUE,128.19803,156
17995,CENTRAL AVENUE,111.26894,153
17996,ASHVILLE ROAD,63.538579999999996,156
17998,HAMPTON ROAD,240.08842,156
17999,HAMPTON ROAD,241.34308,153
180,MARBLE ARCH STATION,1085.95529,444
1800,KINGS ROAD,63.40267,89
18000,CLARENDON ROAD,65.95118,232
18001,CLARENDON ROAD,74.34819,229
18002,ELIM PENTECOSTAL CHURCH,188.96222,232
18003,ELIM PENTECOSTAL CHURCH,100.22931,229
18004,BULWER ROAD,37.04605,78
18005,BULWER ROAD,19.59692,77
18006,THE SIDINGS,53.97309,78
18007,THE SIDINGS,60.98187,76
18008,KING EDWARD ROAD,17.73471,78
1801,TYSOE STREET,819.856,310
18010,THE CITY ACADEMY,86.31105,162
18011,THE CITY ACADEMY,15.574419999999996,163
18012,BANISTER HOUSE,514.50158,483
18018,WICK LANE,23.81233,164
1802,FINSBURY TOWN HALL,712.54912,305
18020,OLD FORD ROAD,405.92683,267
18022,TREDEGAR ROAD,59.55518,163
18023,TREDEGAR ROAD,100.20546,166
18024,MEDWAY ROAD,549.75272,178
18025,ST CHAD'S ROAD,598.07511,311
18026,ST CHAD'S ROAD,1101.63827,310
18028,THURLOE GARDENS,142.96152,414
18029,BRENTWOOD ROAD,75.00037999999999,413
1803,WARWICK AVENUE STATION,466.10456,243
18031,HARROW LODGE PARK,255.82995,242
18032,HARROW LODGE PARK,101.77694,174
18033,UPMINSTER WINDMILL,162.54585,151
18034,UPMINSTER WINDMILL,64.3208,151
18036,STEWART AVENUE,39.46015,69
18037,STEWART AVENUE,61.01969,77
18038,GAYNES PARK ROAD,70.74867,69
18039,GAYNES PARK ROAD,28.77819,75
1804,WARWICK AVENUE STATION,357.87394,252
18040,CRANSTON PARK AVENUE,18.73996,74
18041,CRANSTON PARK AVENUE,144.90440999999998,69
18042,BARKINGSIDE HIGH STREET,218.96927,162
18043,BARKINGSIDE HIGH STREET,109.60954,167
18044,MOSSFORD LANE,74.1194,96
18045,MOSSFORD LANE,163.1616,95
18046,BEAMINSTER GARDENS,3.735559999999999,96
18047,BEAMINSTER GARDENS,58.36526,95
18048,BERKELEY AVENUE,40.770649999999996,96
18049,BERKELEY AVENUE,359.71659,93
1805,THE NELSON HEALTH CENTRE,704.56466,292
18050,RUSHDEN GARDENS,41.10452,93
18051,CATERHAM AVENUE,326.1821,92
18052,COUCHMORE AVENUE,11.89077,92
18053,COUCHMORE AVENUE,208.08416,91
18055,CLAYBURY BROADWAY,218.07064,174
18057,TRINITY AVENUE / BUSH HILL PARK STN,243.18986,159
18058,BETHNAL GRN RD / SHOREDITCH HIGH ST STN,11.609829999999999,180
18059,SHOREDITCH HIGH STREET STATION,315.16395,182
1806,THE NELSON HEALTH CENTRE,402.87452,288
18060,POLLARD ROW,479.80582,263
18061,BARNET GROVE,685.95012,184
18062,SMART STREET,169.52978,181
18063,BONNER STREET,536.9032100000001,183
18067,ALICE LANE,506.91158,103
18069,KIT CROWLEY GARDENS,95.34083,176
18071,GASCOYNE ROAD,117.74288,177
18073,CHRISTIE ROAD,116.05254,176
18075,ALPHA ROAD,225.54335,216
18076,ALPHA ROAD,196.67585,221
18077,RIDGEWAY PARK,89.78626,173
18078,RIDGEWAY PARK,251.68957,167
18079,FAIRBRIDGE ROAD,182.78127,182
1808,WORLDS END HEALTH CENTRE,689.08554,266
18080,BAVARIA ROAD,79.6415,100
18081,TOLLINGTON PARK,332.18545,101
18082,SEVEN SISTERS ROAD,228.13462,101
18084,BIRCH WALK,38.74121,161
18085,BIRCH WALK,18.75654,163
1809,WORLDS END HEALTH CENTRE,512.53473,266
18099,DURY ROAD,1.0042,9
181,ST PANCRAS INTERN'L & KING'S X STNS,1144.83164,170
18100,DURY ROAD,0.2944899999999999,7
18102,ST ALBANS ROAD,51.194179999999996,278
18104,GLEBE LANE,12.5689,145
18105,ROWLEY GREEN ROAD,31.518839999999997,145
18106,ROWLEY GREEN ROAD,15.12702,150
18107,QUINTA DRIVE,23.76461,78
18108,QUINTA DRIVE,33.89266,149
18109,GARDEN CLOSE,9.14515,78
18110,GARDEN CLOSE,7.268769999999999,79
18111,GALLEY LANE,62.29795,78
18112,WARWICK ROAD,121.53138,303
18113,WARWICK ROAD,130.79185,301
18114,VICTORIA ROAD,140.71887,280
18115,NEW BARNET SAINSBURY'S,865.96635,283
18116,NEW BARNET SAINSBURY'S,763.33713,282
18117,VICTORIA ROAD,374.95536,281
18118,CRESCENT ROAD,233.31671,282
18119,EAST BARNET VILLAGE,495.90526,158
18120,BELMONT AVENUE,105.46812,81
18121,BELMONT AVENUE,66.33907,83
18122,HEDDON COURT AVENUE,101.40856,81
18123,HEDDON COURT AVENUE,105.83858000000001,83
1817,LAKEDALE ROAD,1114.9297100000001,507
18188,LEE GREEN,458.28665,270
18189,BROMLEY HILL CEMETERY,114.65098,174
1819,PLUMSTEAD CORNER / CHURCH MANORWAY,947.50716,244
18190,BROMLEY HILL CEMETERY,89.1784,169
18191,WARNER ROAD,200.63718,174
18192,WARNER ROAD,103.64029,170
18193,FARWIG LANE,140.13675,174
18194,FARWIG LANE,169.65229,171
18195,BROMLEY MAGISTRATES COURT,117.87835,172
18196,SOUTHLANDS ROAD,219.87779,416
18197,SOUTHLANDS ROAD,801.41937,405
18198,BROMLEY COMMON / TURPINGTON LANE,327.90249,394
18199,BROMLEY COMMON / TURPINGTON LANE,492.95441999999997,312
18200,BROMLEY BUS GARAGE,556.04714,315
18201,BROMLEY BUS GARAGE,293.44082,318
18202,LAKESIDE DRIVE,69.80036,318
18203,LAKESIDE DRIVE,127.49126,312
18204,FARNBOROUGH HIGH STREET / CHURCH ROAD,67.73069,83
18205,FARNBOROUGH HILL / SHIRE LANE,7.4502299999999995,110
18206,FARNBOROUGH HILL / SHIRE LANE,17.995749999999997,83
18207,BOLTON'S LANE,726.31989,644
18208,NENE ROAD,499.57491,495
1821,NEWLANDS PARK,1307.32558,320
18210,HEATHROW PARK THISTLE HOTEL,289.74823,157
18211,CROWN CLOSE,55.110730000000004,79
18212,CROWN CLOSE,32.41558,79
18213,ST BARNABAS CHURCH,1020.00728,340
18215,ALMINGTON STREET,88.88154,81
18216,ALMINGTON STREET,88.32269,80
1822,NEWLANDS PARK,1265.05522,322
18221,NORTHOLT STATION,3425.98657,425
18222,HARLESDEN JUBILEE CLOCK,2670.939,276
18226,FARNBOROUGH GREEN,46.04925,84
18235,MILTON CRESCENT,180.31948,223
18236,DENHAM DRIVE,97.89201,227
18237,NEWBURY PARK STATION,386.31173,222
18239,BAWDSEY AVENUE,109.05269,221
1824,MARKHAM STREET,1161.22711,445
18240,BAWDSEY AVENUE,29.246619999999997,225
18244,KING GEORGE CLOSE,44.18887,152
18245,ROMFORD BUS GARAGE,9.685569999999998,577
18246,THE AVENUE,391.48169,575
18247,ALBERT ROAD,18.33326,146
18248,ALBERT ROAD,126.23864999999999,152
18249,MANOR ROAD,128.77702,146
18250,MANOR ROAD,52.151489999999995,152
18251,FAIRHOLME AVENUE,40.6367,146
18252,FAIRHOLME AVENUE,17.591009999999997,152
18253,THE DRILL ROUNDABOUT,78.3263,146
18255,KINFAUNS AVENUE,96.16544999999999,151
18256,BROOKLANDS GARDENS,95.84251,152
18257,WALDEN WAY,31.847099999999998,150
18258,WALDEN WAY,87.14894,150
18259,WYKEHAM AVENUE,123.33324999999999,226
1826,TRINITY CHURCH,279.38615,182
18260,BURNTWOOD AVENUE,85.8068,226
18261,EMERSON PARK STATION,107.32809999999999,226
18263,BURNWAY,50.909299999999995,227
18264,BURNWAY,98.39591,226
18265,QUEEN'S THEATRE,317.63511,228
18266,QUEEN'S THEATRE,108.34465999999999,226
18267,DEVONSHIRE ROAD,91.71049,233
18268,DEVONSHIRE ROAD,39.127649999999996,235
18269,EMERSON PARK STATION,159.30712,226
1827,TRINITY CHURCH,368.22221,178
18273,LONGFIELD AVENUE,92.14059,83
18274,LONGFIELD AVENUE,5.554919999999999,84
18275,HAVELOCK ROAD,51.60754,229
18280,HEATHER GARDENS,265.9892,141
18281,HEATHER GARDENS,39.511849999999995,145
18282,PETTITS LANE,46.04614,75
18283,PETTITS LANE,5.899089999999999,79
18284,ASHMOUR GARDENS,89.91786,75
18285,ASHMOUR GARDENS,3.733519999999999,79
18286,NORTH STREET,37.93705,75
18287,HAVERING ROAD,28.19681,79
18289,ROM VALLEY WAY,187.36536999999998,557
18290,OLDCHURCH RISE,252.84707,220
18291,OLDCHURCH RISE,276.81629,229
18292,CROW LANE,74.12246999999999,155
18293,CROW LANE,206.6628,226
18294,NORWOOD AVENUE,115.08973999999999,155
18295,NORWOOD AVENUE,351.01475,224
18296,BULL LANE,73.9647,74
18297,BULL LANE,34.51605,79
18298,WOODSHIRE ROAD,135.57797,74
18299,WOODSHIRE ROAD,135.0108,79
183,KING'S CROSS STATION,1313.7466,473
1830,MORRIS ROAD,2521.90199,402
18301,OXLOW LANE,129.27497,79
18304,VICTORIA ROAD,44.50797,75
18305,VICTORIA ROAD,112.94051,79
18306,REEDE ROAD,65.07583,76
18307,REEDE ROAD,132.04257,79
18308,DAGENHAM EAST STATION,601.6612,153
18309,DAGENHAM EAST STATION,775.19632,153
1831,MORRIS ROAD,664.00064,335
18310,ALDBOROUGH ROAD,114.38329,154
18311,SANDOWN AVENUE,202.50588,153
18312,BALLARDS ROAD,84.26609,76
18313,BALLARDS ROAD,0.0,78
18314,LEYS AVENUE,40.975699999999996,76
18316,YORK ROAD,3.394739999999999,76
18317,YORK ROAD,6.797879999999999,78
18318,THOROGOOD WAY,23.23867,76
1832,ARRAGON GARDENS,409.41429,422
18329,NORTH CIRCULAR ROAD,92.59241,75
1833,ARRAGON GARDENS,927.5332,421
18340,RENWICK ROAD,274.32045,151
18341,DAGENHAM LEISURE PARK,341.51231,151
18342,DAGENHAM LEISURE PARK,240.5791,155
18343,EASTFIELD ROAD,247.58221,240
18344,EASTFIELD ROAD,435.612,233
18345,CONNOR ROAD,139.09051,158
18346,CONNOR ROAD,191.12265,155
18347,CLAYTON ROAD,141.67508,344
18348,CLAYTON ROAD,203.85439,423
18349,LEONARD AVENUE,204.25639,346
1835,WATERLOO BRIDGE / SOUTH BANK,1153.72253,973
18350,LEONARD AVENUE,286.49932,424
18351,NORWOOD AVENUE,457.58727,272
18352,NORWOOD AVENUE,208.59301,278
18353,PARKLANDS SCHOOL,372.54768,340
18354,PARKLANDS SCHOOL,85.11144,342
18355,HAINAULT ROAD,121.29558,342
18356,HAINAULT ROAD,495.90469,338
18357,MOWBRAYS ROAD,303.0075,338
18358,HILLFOOT ROAD,64.60262999999999,342
18359,HULSE AVENUE,354.57713,339
1836,WATERLOO ROAD,252.16989,113
18360,LOWSHOE LANE,90.01262,344
18362,FELSTEAD ROAD,59.58045,98
18363,FELSTEAD ROAD,2.55237,103
18364,BELLE VUE ROAD,180.56365,97
18365,BELLE VUE ROAD,3.9971099999999997,103
18369,HAYES STREET,8.652,111
1837,WATERLOO ROAD,7.563479999999999,111
18370,HAYES ROAD / CAMERON ROAD,22.843629999999997,335
18371,CAMERON ROAD,31.56411,209
18372,HAYBURN WAY,49.38639,84
18374,GORDON AVENUE,53.880829999999996,84
18375,GORDON AVENUE,76.73183,86
18376,CHESTNUT AVENUE,86.33322,85
18377,CHESTNUT AVENUE,235.68575,86
18378,LABURNUM AVENUE,39.88729,85
18379,LABURNUM AVENUE,45.16412,86
1838,BEDFONT GREEN,329.27232,159
18380,ELM PARK STATION,1354.57774,322
18381,ELM PARK STATION,980.52994,327
18382,CALBOURNE AVENUE,24.68411,83
18383,CALBOURNE AVENUE,89.38115,82
18384,DOVERS CORNER,125.50952,228
18385,DOVERS CORNER,96.72282,232
18386,BETTERTON ROAD,97.05424000000001,77
18387,BETTERTON ROAD,80.47937999999999,164
18388,SOUTH STREET,111.5553,185
18389,SOUTH STREET,589.70184,158
1839,BEDFONT GREEN,93.66166,159
18391,RIPPLESIDE CEMETERY,130.06581,232
18392,RIPPLESIDE CEMETERY,143.22277,232
18393,KING EDWARDS ROAD,432.50225,393
18394,KING EDWARDS ROAD,161.46821,404
18397,COMO STREET,33.96051,82
18398,COMO STREET,98.84279,83
18399,OAK STREET,14.14208,83
18400,OAK STREET,144.29919,85
18401,EASTERN AVENUE,107.08904,85
18402,EASTERN AVENUE,240.92301,85
18403,SUSAN CLOSE,26.59365,86
18404,SUSAN CLOSE,187.74915000000001,83
18405,BIRCH ROAD,20.607419999999998,86
18406,BIRCH ROAD,169.40585,83
18407,CORBETS TEY ROAD,110.78157,83
18408,CORBETS TEY ROAD,1.4501899999999996,77
18409,TUDOR GARDENS,26.8202,79
18410,TUDOR GARDENS,3.7804599999999997,78
18411,ARGYLE GARDENS,12.186269999999999,77
18412,ARGYLE GARDENS,48.47143,79
18413,POND WALK,4.28013,66
18414,POND WALK,32.9834,75
18415,MOOR LANE,247.38602,78
18416,MOOR LANE,100.3092,156
18417,HUNTERS GROVE,0.0,95
18418,HUNTERS GROVE,52.8643,88
18419,BURLAND ROAD,8.430629999999999,94
18420,BURLAND ROAD,109.16192,88
18421,COLLIER ROW / NTH ROMFORD COMMUNITY CTR,43.69938,91
18422,ABBS CROSS LANE,222.36007,241
18423,STANLEY ROAD,82.68851,246
18424,STANLEY ROAD,113.18397999999999,242
18425,SUTTONS AVENUE,125.17742,247
18426,SUTTONS AVENUE,174.87793,241
18427,ABBS CROSS ACADEMY,88.98229,240
18428,ABBS CROSS ACADEMY,82.04072,247
18429,WOBURN AVENUE,264.14286,83
18430,WOBURN AVENUE,54.14341,84
18431,CARFAX ROAD,118.12689999999999,84
18432,CARFAX ROAD,41.21346,85
18441,SOUTH HORNCHURCH LIBRARY,36.72989,76
18442,SOUTH HORNCHURCH LIBRARY,201.19277,78
18443,CHERRY TREE LANE,52.66193,76
18444,CHERRY TREE LANE,202.42598,78
18445,DOVERS CORNER,7.796189999999999,76
18446,DOVERS CORNER,89.26177,78
18447,RAINHAM VILLAGE SCHOOL,41.32211,158
18448,RAINHAM VILLAGE SCHOOL,166.11905,159
18449,BRIGHTS AVENUE,30.61841,158
1845,CANNING ROAD,170.83282,229
18450,BRIGHTS AVENUE,216.27204,158
18451,ACER AVENUE,0.39185,159
18452,ACER AVENUE,85.6236,157
18453,CLIFTON ROAD,132.96669,78
18454,CLIFTON ROAD,186.1327,82
18455,KENTON / CHARLTON ROAD,443.82639,79
18456,KENTON / CHARLTON ROAD,361.55391,82
18459,DURHAM ROAD,187.03145,150
1846,CANNING ROAD,250.86109,232
18460,DURHAM ROAD,40.745549999999994,144
18462,RAYNERS LANE,105.27871,79
18463,EALING POLICE STATION,274.93799,276
18464,DEAN GARDENS / MATTOCK LANE,877.45907,181
18465,GREAT WEST ROAD,516.37355,90
18468,ROMFORD POLICE STATION,628.49591,236
18469,UPPER BRENTWOOD ROAD,273.9205,250
1847,MORLAND ROAD,295.06918,233
18470,UPPER BRENTWOOD ROAD,102.38064,248
18477,WHITE HART LANE,163.72499,151
18478,MELVILLE ROAD,106.08391999999999,233
1848,LOWER ADDISCOMBE ROAD / DAVIDSON ROAD,157.33136,155
18480,COLLIER ROW LIBRARY,521.20768,235
18481,SOUTH STREET,20.99984,229
18482,SOUTH STREET,87.02212999999999,232
18483,ALBERT ROAD,272.35115,229
18484,ALBERT ROAD,137.88584,232
18485,PRINCES ROAD,232.48075,228
18486,PRINCES ROAD,150.53474,233
18487,FRANCES BARDSLEY ACADEMY,312.52811,229
18488,FRANCES BARDSLEY ACADEMY,227.61193,232
18489,CRANHAM ROAD,120.81,156
1849,CROWN POINT / BEULAH HILL,772.95951,264
18490,CRANHAM ROAD,43.69096,159
18491,SALISBURY ROAD,54.172509999999996,156
18492,SALISBURY ROAD,44.961729999999996,160
18493,THE DRILL ROUNDABOUT,132.4315,156
18494,THE DRILL ROUNDABOUT,117.73427,153
18495,GIDEA PARK STATION,257.66436,150
18498,UPPER BRENTWOOD ROAD,25.26877,78
18499,HARDLEY CRESCENT,57.01437,76
185,KING'S CROSS ROAD,617.5273,454
1850,CROWN POINT / BEULAH HILL,873.3164,267
18500,HARDLEY CRESCENT,23.2582,78
18501,ROSSLYN AVENUE,109.48181,150
18502,ROSSLYN AVENUE,102.50062,153
18503,RECREATION AVENUE,91.41487,150
18505,HAROLD WOOD STATION,616.04015,75
18506,HAROLD WOOD STATION,605.15367,354
1851,CROWN LANE / CROWN POINT,212.2773,174
1853,THE ROYAL COURTS OF JUSTICE,565.19989,212
18535,AMBLECOTE ROAD,0.05416,18
18536,AMBLECOTE ROAD,0.0,18
18537,BUSHEY ROAD / THE GREEN,93.42757,83
18539,SUTTON BUS GARAGE,46.94153,83
18540,SUTTON BUS GARAGE,66.56175,244
18541,COLLINGWOOD ROAD / BUSHEY ROAD,105.68663,82
18542,BUSHEY ROAD / COLLINGWOOD ROAD,63.18702,83
18543,ALEXANDRA AVENUE,62.21658,82
18544,ALEXANDRA AVENUE,81.78162,83
18545,COLLINGWOOD ROAD / OLDFIELDS ROAD,113.23348,82
18546,COLLINGWOOD ROAD / OLDFIELDS ROAD,183.7978,83
18547,STAYTON ROAD,235.50989,143
18548,STAYTON ROAD,106.82391,83
18553,WANDLE ROAD,69.17567,100
18554,GREEN WRYTHE LANE,190.2201,96
18555,GREEN WRYTHE LANE,165.03194,175
18556,MIDDLETON ROAD,340.60565,170
18557,MIDDLETON ROAD,128.45207,175
18558,NETLEY ROAD,71.36825999999999,170
18559,NETLEY ROAD,72.39724,175
18560,BISHOPSFORD ROAD / ROSE HILL ROUNDABOUT,98.90523999999999,175
18561,ROSE HILL / ROSE HILL ROUNDABOUT,972.28886,340
18562,ROSEHILL PARK WEST,147.06944,339
18563,ROSEHILL PARK WEST,137.75253,342
18565,CRANLEIGH GARDENS,362.83612,342
18569,BRIGHTON ROAD / CAVENDISH ROAD,234.85477,159
18570,BRIGHTON ROAD / CAVENDISH ROAD,123.6485,235
18571,DEVONSHIRE AVENUE,610.10206,159
18572,DEVONSHIRE AVENUE,46.263419999999996,161
18573,GATTON CLOSE,824.02906,159
18574,GATTON CLOSE,6.079929999999999,161
18575,SUTTON HOSPITAL,5.6399799999999995,78
1858,HENRIQUES STREET,784.1506,285
18593,SUTTON HOSPITAL,363.65351,156
18594,SUTTON HOSPITAL,50.62612,157
18595,DOWNS ROAD / BELMONT STATION,251.62811,157
18596,DOWNS ROAD / BELMONT STATION,26.343239999999998,157
18597,HIGHDOWN LANE,0.6335899999999997,75
18598,HIGHDOWN LANE,1.8601099999999997,74
18599,BANSTEAD DOWNS,0.23281999999999992,74
18600,BANSTEAD DOWNS,0.0,75
18601,GRANGE GARDENS,16.850009999999997,75
18602,GRANGE GARDENS,0.75496,74
18603,CROYDON LANE,50.63791,74
18604,CROYDON LANE,0.23229,74
18605,BANSTEAD / THE WOOLPACK,196.88911,149
18606,BANSTEAD / THE WOOLPACK,11.052769999999999,146
18607,BANSTEAD / MARKS & SPENCER,301.57655,149
18608,BANSTEAD / MARKS & SPENCER,29.39768,148
1863,WATNEY MARKET,584.6923,289
1864,WATNEY MARKET,1386.76305,285
18643,GOUROCK ROAD,27.19425,73
18644,MANOR DRIVE,36.2071,91
18645,MANOR DRIVE,14.90405,89
18646,HAYDONS ROAD / MERTON HIGH STREET,58.85514,78
18647,HAYDONS ROAD / MERTON HIGH STREET,23.98426,77
18648,QUICKS ROAD,99.04414,78
18649,QUICKS ROAD,84.12607,77
1865,MARION RICHARDSON SCHOOL,697.66374,286
18650,MILTON ROAD,223.48994,78
18651,MILTON ROAD,152.16278,77
1866,ARBOUR SQUARE,455.89862,285
18660,SADLER CLOSE,132.3484,77
18661,LOVE LANE,87.93782,78
18662,LEWIS ROAD,115.10607,77
18663,LEWIS ROAD,83.87607,78
18664,LAVENDER AVENUE,162.26505,77
18665,LAVENDER AVENUE,43.16473,78
18666,CHELSEA FIELDS,40.70551,77
18667,CHELSEA FIELDS,15.506509999999999,78
18669,RUNNYMEDE,483.67807,155
1867,LOWELL STREET,356.28032,393
18671,CHRIST CHURCH,93.08942,207
18673,COLLIERS WOOD STATION,1771.78816,154
18674,ABBEY ROAD,251.33556,426
18675,ABBEY ROAD,384.48578,419
18676,WIMBLEDON FIRE STATION,24.09998,77
18677,WIMBLEDON FIRE STATION,31.63674,77
18678,MERTON PARK TRAM STOP,94.61507,77
18679,MERTON PARK TRAM STOP,71.7936,76
1868,LOWELL STREET,226.69319,387
18680,WILTON CRESCENT,106.3975,286
18681,WILTON CRESCENT,246.99632,291
18682,WIMBLEDON CHASE STATION,477.85892,290
18683,WIMBLEDON CHASE STATION,8.35662,293
18686,CARTERS BRIDGE,3.2900199999999993,126
18687,CARTERS BRIDGE,113.81355,124
18688,RAYNES PARK HIGH SCHOOL,76.05329,198
1869,SALMON LANE,222.46284,386
18690,SHANNON CORNER / BEVERLEY WAY,258.63573,202
18693,MALDEN WAY / MALDEN ROAD,46.666019999999996,77
18695,MANOR DRIVE NORTH,33.62391,152
18696,ELMBRIDGE AVENUE / SOUTHWOOD DRIVE,59.33258,74
18698,WARREN DRIVE NORTH,33.28469,74
187,CITY ROAD / LEONARD STREET,908.17945,466
18719,BEVERLEY WAY / GOALS SPORTS CENTRE,55.2338,74
1872,POPLAR RECREATION GRD / POPLAR STN,171.70021,278
18722,COLLIERS WOOD UNITED FOOTBALL CLUB,3.5641899999999995,76
18723,GRASMERE AVENUE,116.38316999999999,216
18724,GRASMERE AVENUE,51.445499999999996,76
18725,THE POLKA THEATRE,296.95169,336
18726,MERTON ROAD,383.6695,333
18727,MERTON ROAD,617.35269,343
18728,DOYLE ROAD,21.714799999999997,160
18729,BLANDFORD CLOSE,102.5397,90
1873,POPLAR RECREATION GROUND,1021.41873,287
18730,BLANDFORD CLOSE,39.56047,91
18731,SOUTH STREET,277.13974,81
18732,BRIDGEND ROAD,676.88094,260
18733,HOLLAND WAY,59.087379999999996,377
18735,ALBEMARLE,96.60347,91
18736,ALBEMARLE,124.40236,90
18738,LEAS GREEN,53.82575,154
18739,LEAS GREEN,18.719359999999998,153
18740,THE SLADE / RAVINE GROVE,121.85216,85
18741,PLUMSTEAD COMMON ROAD / WARWICK TERRACE,835.01302,257
18742,PLUMSTEAD COMMON / THE SHIP,711.02665,257
18743,PLUMSTEAD COMMON / THE SHIP,280.93161,163
18744,PLUMSTEAD COMMON / THE SHIP,157.72386,177
18745,KIRK LANE,392.29612,178
18746,BLENDON TERRACE,135.56133,182
18752,CRESCENT ROAD,89.55529,179
18753,BURRAGE ROAD / ARTHUR GROVE,98.07495999999999,337
18756,THE WOOLWICH CENTRE,71.05704,340
18757,ARTILLERY PLACE / JOHN WILSON STREET,339.18288,422
18758,ARTILLERY PLACE / FRANCES STREET,368.67267,422
18759,ARTILLERY PLACE / FRANCES STREET,610.82631,416
18760,ERWOOD ROAD,485.41475,354
18761,ERWOOD ROAD,587.36007,356
18762,CEMETERY LANE,386.02327,354
18763,CEMETERY LANE,300.67945,355
18764,CHARLTON PARK ROAD,587.90252,434
18765,CHARLTON PARK ROAD,293.78582,355
18766,CHARLTON ROAD / VICTORIA WAY,711.18431,264
18767,CHARLTON ROAD / VICTORIA WAY,667.82527,263
18768,WYNDCLIFF ROAD,309.50262,264
18769,WYNDCLIFF ROAD,347.92345,263
18770,MAZE HILL,104.92209,338
18771,MAZE HILL,37.271319999999996,241
18772,THE CLARENDON HOTEL,116.85864,316
18773,THE CLARENDON HOTEL,133.11005,315
18774,BLACKHEATH HOSPITAL,148.01727,262
18775,BLACKHEATH HOSPITAL,108.9702,268
18776,ST MARGARET'S CHURCH / BRANDRAM ROAD,258.92649,267
18777,ST MARGARET'S CHURCH / BRANDRAM ROAD,383.00804,261
18778,LOCKMEAD ROAD,55.51555,268
18779,LOCKMEAD ROAD,1263.18276,266
1878,CROYDON ROAD,753.61391,422
18780,BECKENHAM HILL ROAD / PRIMROSE CLOSE,79.28926,82
18781,PRIMROSE CLOSE,171.17258999999999,82
18782,BECKENHAM HILL STATION,143.48998,82
18783,BECKENHAM HILL STATION,137.93814,82
18784,HIGHLAND CROFT,69.50826,82
18785,HIGHLAND CROFT,54.02189,82
18786,STUMPS HILL LANE,103.51067,82
18787,STUMPS HILL LANE,92.98514,82
18788,COPERS COPE ROAD,77.01725,150
18789,COPERS COPE ROAD,320.33388,156
1879,ROKEBY SCHOOL,556.1717,423
18791,BECKENHAM HOSPITAL,157.21601,244
18792,BECKENHAM HOSPITAL,139.24253,244
18794,EDEN PARK AVENUE,236.94529,244
18795,ELMERS END / TESCO,47.02244,149
18796,ELMERS END / TESCO,211.75887,148
18797,KINGFISHER WAY,41.45886,150
18798,THE GLADE,84.82168,76
18799,ARENA TRAM STOP,74.07052,76
188,OLD STREET ROUNDABOUT,1439.06303,372
18800,RAINHAM ROAD SOUTH / DAGENHAM ROAD,192.93757,75
18801,LONGHURST ROAD,108.18327000000001,77
18802,LONGHURST ROAD,23.7856,76
18804,OASIS ACADEMY,85.89898,150
18805,BINGHAM ROAD,40.062709999999996,152
18806,BINGHAM ROAD,87.87972,151
18808,SHIRLEY CLINIC,34.541669999999996,151
18809,SUSSEX ROAD,97.95952,150
1881,KING STREET,356.46992,424
18810,SUSSEX ROAD,73.94902,147
18811,HURST VIEW ROAD,12.331339999999999,72
18812,HURST VIEW ROAD,14.29117,74
18813,WEST HILL,7.501789999999999,73
18814,WEST HILL,12.6548,73
18815,ELMFIELD WAY,12.9308,74
18816,ELMFIELD WAY,28.96272,73
18817,ARUNDEL AVENUE,21.71585,74
18818,ARUNDEL AVENUE,35.41751,68
18819,ST JOHN THE DIVINE CHURCH,19.35831,68
1882,PLAISTOW POLICE STATION,656.43761,340
18820,MARLTON STREET,143.30758,341
18821,MARLTON STREET,158.6763,340
18822,RAINTON ROAD,370.83728,185
18823,WOOLWICH ROAD / VICTORIA WAY,743.86677,182
18825,WOOLWICH ROAD / GALLIONS ROAD,130.98628,182
18828,CHARLTON STATION  / WOOLWICH ROAD,201.135,185
1883,PLAISTOW POLICE STATION,417.65918,342
18832,WARSPITE ROAD,444.29008,354
18833,CHURCH ROAD,1.8536799999999998,77
18834,PROSPECT VALE,631.54474,431
1884,NEW CITY ROAD,950.1211,339
18843,GREENWICH PARK,40.77549,99
18844,LEWISHAM ROAD,258.7841,175
18845,LEWISHAM ROAD,255.21815,175
18847,GLENFIELD ROAD,129.15125,149
18848,GLENFIELD ROAD,8.411109999999999,147
18849,EALING TOWN HALL,1565.11379,239
1885,NEW CITY ROAD,556.48814,339
18851,TUFNELL PARK STATION / BRECKNOCK ROAD,405.67003,89
18852,CARLETON ROAD,130.81749,96
18853,CARLETON ROAD,211.45796,89
18854,HILLDROP ROAD,76.58748,96
18855,HILLDROP ROAD,190.85647,89
18856,BRECKNOCK ROAD,125.9992,174
18857,CAMDEN ROAD,264.78075,167
18858,CLIFF ROAD,389.63126,168
18859,CAMDEN PARK ROAD / CLIFF VILLAS,135.70401,172
18860,CAMDEN PARK ROAD,255.61923,166
18861,RANDELL'S ROAD,194.17842000000002,95
18862,VALE ROYAL,329.31569,92
18863,COPENHAGEN STREET,298.43386,94
18864,RANDELL'S ROAD,179.0269,94
18866,KING'S CROSS STATION   / YORK WAY,3936.06834,527
18868,ALL SAINTS CHURCH,111.7455,78
18869,ALL SAINTS CHURCH,215.79353,79
18870,HASELBURY ROAD,226.84104,78
18871,EDMONTON FIRE STATION,258.87567,79
18872,LOWER EDMONTON SCHOOL,169.43846,78
18873,LOWER EDMONTON SCHOOL,97.81428,79
18875,BURY STREET WEST,47.84126,79
18876,ENFIELD TOWN / SILVER STREET,296.39165,147
18877,ENFIELD CIVIC CENTRE,495.64923,146
18878,BELL ROAD,61.21048,79
18879,BELL ROAD,60.51582,78
1888,UPTON PARK / PRIORY ROAD,578.51168,342
18880,CHASE SIDE,109.98357,79
18881,GORDON HILL STATION,81.4369,79
18882,GORDON HILL STATION,257.50958,78
18883,CHASE FARM HOSPITAL / THE RIDGEWAY,506.85732,215
18884,HADLEY ROAD,8.285929999999999,73
18885,ALEXANDRA PALACE STATION,231.30099,158
18886,ALEXANDRA PALACE STATION,457.11597,160
18887,PALACE GATES ROAD,120.69205,81
18888,PALACE GATES ROAD,77.17129,81
18891,PRIORY PARK,325.43737,81
18892,NIGHTINGALE LANE,557.71127,163
18893,MIDDLE LANE,131.38203,81
18894,STATION APPROACH,296.80269,80
18895,TOTTENHAM LANE,526.8887100000001,81
18896,WESTON PARK,590.24749,81
18897,WESTON PARK,210.85028,81
18898,MOUNT VIEW ROAD,298.35721,81
18899,MOUNT VIEW ROAD,113.76516000000001,81
189,MARBLE ARCH / BAYSWATER ROAD,738.66421,293
1890,DICKENS ROAD,1553.66614,342
18900,SWAN & SUGAR LOAF,252.11075,78
18901,OSSIAN ROAD,213.76812,81
18902,OSSIAN ROAD,155.37151,81
18904,WHARTON CLOSE,169.90872,92
18905,WHARTON CLOSE,9.975119999999999,88
18906,NEASDEN STATION,243.5403,90
18907,NEASDEN STATION,110.10018,88
18908,PROUT GROVE,121.1139,90
18909,PROUT GROVE,88.12787,88
1891,ARRAGON ROAD,465.08971,345
18910,WEALDSTONE BAPTIST CHURCH,635.97926,359
18911,PONDERS END PARK,260.8123,309
18912,GOLDERS GREEN STATION,37.68902,182
18916,BLAKES LANE,262.71861,211
18917,TORRIDON ROAD / ST ANDREWS CHURCH,111.90459,79
18918,RIVERDALE ROAD,43.34478,176
18919,RIVERDALE ROAD,62.209489999999995,175
1892,AINTREE AVENUE,816.72945,343
18922,SIDCUP HILL / CRAY ROAD,752.07408,387
18923,RECTORY LANE,232.56867,128
18926,ANNANDALE ROAD,46.50429,80
18927,ANNANDALE ROAD,43.77957,85
18928,MARLBOROUGH PARK AVENUE,42.47149,85
18929,THE OVAL,122.56756,80
1893,KATHERINE ROAD,420.28275,345
18930,THE OVAL,101.37676,85
18931,WELLINGTON AVENUE / BLACKFEN ROAD,335.70473,80
18932,WESTWOOD LANE / BLACKFEN ROAD,163.85717,85
18933,WENDOVER WAY,102.31335,85
18934,WENDOVER WAY,173.78467,80
18938,BELLEGROVE ROAD / CHURCHFIELD ROAD,894.63788,408
18939,WELLING STATION,322.06077,80
1894,BARTLE AVENUE,25.54703,343
18940,WELLING STATION,191.67222,85
18942,LOCKSBOTTOM / ST MICHAEL'S CHURCH,338.30421,395
18943,LOCKSBOTTOM / ST MICHAEL'S CHURCH,484.74415,409
18944,CROFTON ROAD / STARTS HILL ROAD,544.37579,321
18945,CROFTON ROAD / STARTS HILL ROAD,157.26811,331
18946,OAKWOOD ROAD / ST PAUL'S CHURCH,127.48315,262
18947,OAKWOOD ROAD / ST PAUL'S CHURCH,81.30243999999999,265
18948,POUND COURT DRIVE,57.71812,301
18949,POUND COURT DRIVE,108.29941,291
1895,BARTLE AVENUE,80.15962999999999,345
18950,ORPINGTON STATION,195.46999,366
18951,ORPINGTON STATION,718.97322,346
18952,TUBBENDEN LANE,672.74702,1033
18958,WILLETT WAY,34.05247,74
18959,WILLETT WAY,26.116319999999998,77
1896,ALTMORE AVENUE,904.66325,345
18960,CHISLEHURST ROAD / POVEREST ROAD,46.43984,77
18961,CHISLEHURST ROAD / POVEREST ROAD,34.606989999999996,75
18962,BIRCHWOOD ROAD,25.95042,77
18963,BIRCHWOOD ROAD,34.63541,75
18964,ST PAULS CRAY ROAD / LEESONS HILL,63.77558,148
18965,ST PAULS CRAY ROAD / LEESONS HILL,20.1419,142
18966,MANOR PARK ROAD,18.32592,148
18967,MANOR PARK ROAD,46.39137,138
1897,ALTMORE AVENUE,497.63844,350
18973,EDEN PARK AVENUE,135.38117,246
18976,MAINRIDGE ROAD,125.38034,154
18978,MONTBELLE ROAD,110.40724,154
18979,MONTBELLE ROAD,53.19766,154
18980,FIVEWAYS,369.95917,299
18981,FIVEWAYS,108.11591,231
18982,NEW ELTHAM STATION  / FOOTSCRAY ROAD,669.20128,393
18984,HALONS ROAD,82.05033999999999,315
18986,CRITTALL'S CORNER,121.03256,257
18987,CRITTALL'S CORNER,152.32642,248
18988,SEVENOAKS WAY / MIDFIELD WAY,137.47168,219
18989,MIDFIELD WAY,57.43165,85
18990,WALSINGHAM ROAD,61.55466,80
18991,WALSINGHAM ROAD,82.20526,85
18992,BROOMWOOD ROAD,185.47248,80
18993,BROOMWOOD ROAD,171.17757,85
18995,STATION APPROACH,94.11433,85
18996,SPRINGVALE WAY,54.3097,80
18997,NUGENT RETAIL PARK,847.89247,384
18998,NUGENT RETAIL PARK,510.69655,375
18999,STANLEY WAY,90.97986,384
1900,ST OLAVE'S ROAD,528.34292,263
19000,KENT ROAD,162.93312,306
19001,KENT ROAD,120.81573,386
19002,HILLCREST ROAD,42.81642,271
19004,SEVENOAKS ROAD / TOWER ROAD,31.5749,218
19005,SEVENOAKS ROAD / TOWER ROAD,65.66868,210
19006,SEVENOAKS ROAD / CLOONMORE AVENUE,126.37398,219
19007,SEVENOAKS ROAD / ORPINGTON HOSPITAL,100.96319,210
19008,CRESCENT WAY,236.99093,218
19009,CRESCENT WAY,100.50051,210
19010,GLENTRAMMON ROAD,211.64563,216
19011,GLENTRAMMON ROAD,95.95849,210
19014,UNIVERSITY OF GREENWICH / SOUTHWOOD SITE,234.88461,154
1902,BURGES ROAD,271.3047,264
19020,CRYSTAL PALACE PARADE / FOUNTAIN DRIVE,12.800309999999998,337
19021,KNIGHTON PARK ROAD,280.89437,236
19022,ARDLEY CLOSE,48.68994,158
19023,ARDLEY CLOSE,114.72892,162
19024,WICKHAM COURT ROAD,52.203630000000004,93
19025,WICKHAM COURT ROAD,30.69594,91
19026,PARSONAGE LANE,42.65217,79
19027,PARSONAGE LANE,80.30377,78
19028,FARNBOROUGH PARK,10.922079999999998,310
19029,FARNBOROUGH PARK,7.84376,318
1903,BURGES ROAD,189.84419,274
19032,BOND STREET,8.05557,94
19033,THE GREEN,1085.01908,495
19037,HILDA VALE ROAD,26.4543,84
19038,HILDA VALE ROAD,30.13337,83
1904,BARKING TESCO,321.31599,263
19041,EAST ROAD,327.47281,79
19042,PADNALL ROAD,146.60484,79
19043,MERTON PARK TRAM STOP,76.77119,164
19048,ALEXANDRA ROAD / WIMBLEDON,1168.31817,178
19049,ALEXANDRA ROAD / WIMBLEDON,218.62683,183
19050,WIMBLEDON MAGISTRATES COURT,39.34336,178
19051,WIMBLEDON MAGISTRATES COURT,22.62567,183
19052,STRATHEARN ROAD,145.75439,177
19053,STRATHEARN ROAD,255.23368,183
19054,AVONDALE ROAD,93.21457,177
19055,AVONDALE ROAD,237.49567000000002,183
19057,PLOUGH LANE,209.46199000000001,101
19058,PITT CRESCENT,180.76224,98
19059,PITT CRESCENT,187.67753,101
19060,WIMBLEDON PARK / ARTHUR ROAD,69.54283,98
19061,WIMBLEDON PARK / ARTHUR ROAD,115.34515,100
19062,STROUD ROAD,84.18831,98
19063,GORDONDALE ROAD,160.62995,100
19064,PENWITH ROAD,176.00741,98
19065,PENWITH ROAD,77.60772,100
19066,SOUTHFIELDS ACADEMY,126.01466,98
19067,SOUTHFIELDS ACADEMY,82.255,101
19068,STANDEN ROAD,287.89958,98
19069,STANDEN ROAD,144.14498,101
19070,THE PARK TAVERN,513.42203,182
19071,THE PARK TAVERN,321.24576,184
19078,WIMBLEDON VILLAGE / RIDGWAY,183.97503,78
19079,WIMBLEDON VILLAGE / RIDGWAY,137.2923,77
1908,NORTHWOOD ROAD,194.27246,282
19080,WIMBLEDON TELEPHONE EXCHANGE,33.33689,78
19081,WIMBLEDON TELEPHONE EXCHANGE,168.32491,77
19082,EDGE HILL,78.2852,78
19083,EDGE HILL,670.17257,77
19085,COPSE HILL / CHRIST CHURCH,23.53616,78
19086,PEPYS ROAD,4.34425,78
1909,NORTHWOOD ROAD,427.55433,286
19090,AVENUE ROAD,27.29093,90
19091,DURHAM ROAD,176.70349,195
19095,SYDNEY ROAD,118.45483,209
19096,SYDNEY ROAD,123.92717999999999,210
19097,LOWER DOWNS ROAD,533.09565,210
19098,LOWER DOWNS ROAD,135.97867,209
19099,MERTON PARK BAPTIST CHURCH,240.57239,83
1910,ALEXANDRA PARK ROAD,231.09145999999998,186
19100,MERTON PARK BAPTIST CHURCH,80.8872,81
19101,MERTON MANSIONS,90.076,83
19102,MERTON MANSIONS,123.34145,82
19103,ST JAMES CHURCH,281.43132,160
19104,ST JAMES CHURCH,242.53099,159
19105,ASHRIDGE WAY,119.78291,159
19106,ASHRIDGE WAY,134.6,158
19107,SOUTH MERTON STATION,63.74841,159
19108,SOUTH MERTON STATION,116.03728,158
19109,LINKS AVENUE,91.39335,160
19110,LINKS AVENUE,31.57556,156
19111,ST HELIER HOSPITAL,1162.14357,300
19112,ST HELIER HOSPITAL,904.24138,302
19113,WELBECK ROAD,212.94016,154
19114,WELBECK ROAD,149.39512,159
19115,MUSCHAMP ROAD,286.89357,154
19116,MUSCHAMP ROAD,391.78575,159
19117,POULTON AVENUE,121.14234,153
19118,POULTON AVENUE,318.91477,159
19119,WRYTHE RECREATION GROUND,151.96188,81
1912,COLNEY HATCH LANE,277.60433,91
19120,WRYTHE GREEN,82.12882,86
19121,CORBET CLOSE,276.4126,152
19122,CORBET CLOSE,193.07297,151
19123,NIGHTINGALE CLOSE,37.55536,151
19124,NIGHTINGALE CLOSE,35.5366,151
19125,STRAWBERRY LANE,119.38415,151
19126,STRAWBERRY LANE,60.034819999999996,151
19127,BUCKLERS WAY,376.64200999999997,151
19128,WRYTHE GREEN,446.67092,158
19129,CARSHALTON COLLEGE,472.11886,160
1913,COLNEY HATCH LANE,62.87088,93
19132,CARSHALTON PONDS,238.1804,154
19133,CARSHALTON PONDS,177.56974,161
19139,FOOTSCRAY RUGBY CLUB,121.68281999999999,393
1914,LILLIE ROAD,487.73448,342
19140,FOOTSCRAY RUGBY CLUB,38.363229999999994,317
19142,UPHILL ROAD,48.91954,78
19143,SUNNYFIELD,8.72958,78
19144,SUNNYFIELD,23.250149999999998,77
19145,HOLCOMBE HILL,38.06107,77
19146,HOLCOMBE HILL,31.49973,78
19147,MILL HILL / THE RISING SUN,39.61433,78
19148,MILL HILL / THE RISING SUN,36.32902,77
19149,HENDON WOOD LANE,22.01331,78
1915,GEORGE ROAD,107.43829,166
19150,HENDON WOOD LANE,16.20222,76
19151,WEST END HOUSE,5.077699999999999,78
19152,WEST END HOUSE,1.8468499999999997,76
19153,TOTTERIDGE COMMON / MILL HILL,7.309419999999999,78
19154,TOTTERIDGE COMMON / MILL HILL,7.45122,76
19155,ELLERN MEDE FARM,1.9103899999999998,78
19156,ELLERN MEDE AND DENHAM FARMS,0.9250699999999997,76
19159,HORSESHOE LANE,6.87149,78
1916,GEORGE ROAD,184.57056,169
19160,HORSESHOE LANE,7.92899,75
19163,GRANGE AVENUE,24.18414,78
19164,GRANGE AVENUE,11.71088,75
19165,TOTTERIDGE WAR MEMORIAL,61.49401,78
19166,TOTTERIDGE WAR MEMORIAL,52.4456,75
19167,THE ORANGE TREE,23.8778,77
19168,THE ORANGE TREE,11.48754,76
19169,PINE GROVE,16.98393,78
1917,PARK ROAD,280.15222,278
19170,TOTTERIDGE GREEN,8.72598,76
19171,LINKS DRIVE,13.17253,77
19172,LINKS DRIVE,14.07589,76
19173,LONGLAND DRIVE,15.18315,77
19174,LONGLAND DRIVE,24.535629999999998,75
19175,TOTTERIDGE & WHETSTONE STATION,400.61375,154
19176,TOTTERIDGE & WHETSTONE STATION,381.69507,152
19179,HARMONDSWORTH LANE,116.6,162
19180,HARMONDSWORTH LANE,64.02253,154
19181,CANDOVER CLOSE,52.96881,159
19182,CANDOVER CLOSE,42.50112,153
19183,SKYPORT DRIVE,252.55106,156
19184,SKYPORT DRIVE,55.56284,155
1919,WILLIAM PATTEN SCHOOL,635.75744,251
192,LEA BRIDGE ROUNDABOUT,795.03837,280
1920,STOKE NEWINGTON TOWN HALL,664.16932,251
19208,SCOTS CLOSE,15.364709999999999,77
19209,SCOTS CLOSE,23.12291,80
1921,STOKE NEWINGTON TOWN HALL,328.42847,181
19214,MIDCROFT,543.94736,341
19215,STIRLING CORNER / BARNET ROAD,41.05461,149
19216,STIRLING CORNER / BARNET ROAD,42.137029999999996,150
1922,CLISSOLD CRESCENT,738.20619,174
19220,SWAN & SUGAR LOAF,552.44476,319
19221,STANMORE STATION,275.44473,158
19223,LITTLE COMMON,89.4999,82
19224,PRIORY DRIVE,48.400909999999996,83
19225,PRIORY DRIVE,10.01325,83
19226,HEATHBOURNE ROAD / BENTLEY PRIORY MUSEUM,20.60585,83
19227,HEATHBOURNE ROAD / BENTLEY PRIORY MUSEUM,2.2456199999999997,83
19228,COMMON ROAD,147.90471,157
19229,COMMON ROAD,41.91652,156
1923,CLISSOLD CRESCENT,317.17122,181
19259,SHOREDITCH HIGH STREET STATION,362.55602,371
19261,SOUTHGATE ASDA,61.39078,194
19262,SOUTHGATE ASDA,319.95174000000003,187
19263,MONKFRITH WAY,6.40745,43
19264,MONKFRITH WAY,2.35477,40
19265,BARTON AVENUE,112.33379,343
19266,BARTON AVENUE,79.61661,422
19267,WITHAM ROAD,86.46204,147
19268,MARGARET ROAD,57.69787,149
19269,FOXLEY HILL ROAD,162.99242,150
19271,SUNNYDENE ROAD,51.14867,80
19272,COURT BUSHES ROAD,21.27251,129
19273,WELL FARM ROAD,59.87081,128
19276,BERTHA JAMES DAY CENTRE,142.43819,492
19277,BERTHA JAMES DAY CENTRE,330.44823,487
19278,COOMBEHURST CLOSE,0.9269599999999999,42
19279,COOMBEHURST CLOSE,0.3111799999999999,42
19280,EALING BROADWAY STATION,2763.18127,273
19281,GOODMAYES HOSPITAL,6.83414,78
19282,GOODMAYES HOSPITAL,221.64258,77
19283,PRIESTLEY GARDENS,18.957359999999998,78
19284,PRIESTLEY GARDENS,159.01193,77
19285,GOODMAYES HIGH ROAD,378.63594,152
19286,GOODMAYES HIGH ROAD,355.50914,152
19287,GOODMAYES STATION,926.44177,152
19288,GOODMAYES STATION,1202.08846,152
19289,GREEN LANE,104.55817,78
19290,GREEN LANE,263.31694,75
19291,MELDRUM ROAD,71.75448,77
19292,MELDRUM ROAD,142.14093,75
19293,LEVETT GARDENS,87.49559,77
19294,LEVETT GARDENS,57.74148,75
19296,MAPLESTEAD ROAD,382.9112,153
19297,STAMFORD ROAD,241.38354999999999,159
19298,WOODWARD ROAD,280.39547,154
19299,CAMPSEY ROAD,122.05189,79
1930,BURNT ASH ROAD / LEE ROAD,366.76858,164
19300,CANONSLEIGH ROAD,80.92265,77
19301,CANONSLEIGH ROAD,212.31071,79
19302,STAMFORD ROAD / HEALTH CENTRE,111.25536,79
19303,MARTINS CORNER / WOOD LANE,61.92538,76
19304,MARTINS CORNER / WOOD LANE,369.91749,79
19305,LINDISFARNE ROAD,92.64359,76
19306,LINDISFARNE ROAD,145.72989,79
19307,BECONTREE AVENUE,165.35607,76
19308,BECONTREE AVENUE,137.84043,79
19309,VALENCE AVENUE / GREEN LANE,157.15917,154
19310,GREEN LANE,192.31092,157
19311,KEMP ROAD,157.49923,154
19312,MAYFIELD ROAD,58.63933,157
19313,CHADWELL HEATH STATION,825.45176,154
19314,CHADWELL HEATH STATION,462.60833,157
19315,GREATFIELDS PARK,173.2048,243
19316,GREATFIELDS PARK,758.51941,248
19322,THAMES ROAD,110.1961,77
19324,RIVER ROAD / LONGREACH ROAD,29.13654,77
1933,WEMBLEY CENTRAL STATION,2911.28735,341
19331,CRANBROOK ROAD,138.39097,156
19332,DE VERE GARDENS,90.4209,159
19333,DE VERE GARDENS,206.58661,155
19334,SEYMOUR GARDENS,125.09600999999999,159
19335,SEYMOUR GARDENS,344.57064,155
19336,CRANBROOK PRIMARY SCHOOL,47.48216,159
19337,CRANBROOK PRIMARY SCHOOL,235.16694,156
19338,WANSTEAD LANE,20.73848,159
19339,WANSTEAD LANE,161.92945,156
1934,WEMBLEY CENTRAL STATION,3171.21322,329
19342,CREST ROAD,58.2052,211
1935,DORMER'S WELLS LANE,422.27242,179
19352,ORCHARD WAY,10.93492,66
19353,ORCHARD WAY,0.9838699999999998,69
19354,ARBROOK LANE,24.74373,66
19355,ARBROOK LANE,3.27988,69
19357,LOSEBERRY ROAD,8.246229999999999,67
19358,LOSEBERRY ROAD,4.752059999999999,69
19359,THE PARADE / CLAYGATE STATION,62.07812,66
1936,DORMER'S WELLS LANE,277.84888,178
19360,THE PARADE / CLAYGATE STATION,16.974159999999998,70
19361,ST LEONARD'S ROAD,19.45385,138
19362,RED LANE,63.59352,140
19363,CLAYGATE VILLAGE HALL,48.94115,144
19364,BRIDGE ROAD,35.03354,138
19366,MALDEN RUSHETT / SHY HORSE,0.87213,61
19367,MALDEN RUSHETT / SHY HORSE,6.33048,61
1937,WOODGRANGE ROAD,1764.89295,275
19376,HAMPTON COURT STATION,157.59766,61
19378,ARNISON ROAD,3.8143399999999996,62
19379,ARNISON ROAD,19.45549,64
19380,MANOR ROAD,35.26486,62
19381,MANOR ROAD,152.33648,63
19382,SPREIGHTON ROAD,1.57444,65
19383,SPREIGHTON ROAD,130.57038,61
19384,FARADAY ROAD,0.59633,69
19385,FARADAY ROAD,75.43662,59
19386,FIRST AVENUE,0.32593,70
19387,FIRST AVENUE,61.04133,59
19398,THE VALE,50.94815,72
19399,THE VALE,55.64576,74
194,LEA BRIDGE ROUNDABOUT,515.60288,420
19400,HAMILTON ROAD,30.21972,77
19402,KINROSS DRIVE,87.26219,76
19403,KINGS AVENUE,20.6071,77
19404,BEECHWOOD AVENUE,35.16682,77
19405,BEECHWOOD AVENUE,155.86138,77
19406,WOLSEY ROAD,10.442049999999998,77
19407,WOLSEY ROAD,65.97025,77
1945,NEATHOUSE PLACE,170.14801,291
19463,ELECTRIC PARADE,24.794819999999998,69
19464,ST MARY'S ROAD,7.204819999999999,67
19465,ST MARY'S ROAD,36.83899,67
19466,WINDMILL LANE,17.08652,67
19467,WINDMILL LANE,152.67123,66
1948,STANFORD STREET,421.24001,285
19480,ESHER ROAD,6.85811,61
19484,BROAD STREET / TEDDINGTON,1087.27458,472
19485,TEDDINGTON MEMORIAL HOSPITAL,181.58913,166
19487,NATIONAL PHYSICAL LABORATORY,65.98071,166
19488,NATIONAL PHYSICAL LABORATORY,56.768209999999996,165
19490,OXFORD ROAD,42.9229,166
19499,QUEENS ROAD,16.12137,94
195,LEA BRIDGE ROAD / UPPER CLAPTON ROAD,735.04805,275
19500,QUEENS ROAD,16.8642,96
19501,HAMPTON ROAD EAST,76.57449,239
19502,HAMPTON ROAD EAST,110.63926,240
19503,APEX CORNER / HAMPTON ROAD WEST,327.36446,183
19504,APEX CORNER / HAMPTON ROAD WEST,209.85419,174
19505,POPHAM CLOSE,70.68405,182
19506,POPHAM CLOSE,57.138169999999995,173
19507,HOUNSLOW ROAD / HANWORTH,620.02307,182
19508,HOUNSLOW ROAD / HANWORTH,429.26375,173
19509,WIGLEY ROAD,69.89184999999999,176
19510,WIGLEY ROAD,61.935159999999996,173
19511,BROWELLS LANE,272.44921,176
19512,BROWELLS LANE,255.19757,172
1952,HARLEYFORD ROAD / DURHAM STREET,68.24246,277
19541,NORTH CIRCULAR ROAD,735.93539,265
19542,NORBITON CHURCH,506.84162,608
19544,QUEENS ROAD / KINGSTON HOSPITAL,377.57901,280
19545,QUEENS ROAD / KINGSTON HOSPITAL,826.70557,280
19547,RAVENSWOOD COURT,95.2788,168
19548,KINGSTON UNIVERSITY,282.25263,169
19549,KINGSTON UNIVERSITY,419.70901,165
1955,JOHN RUSKIN STREET,257.77561,273
19550,WOODVIEW CLOSE,24.599,168
19551,WOODVIEW CLOSE,24.28219,165
19553,ROEHAMPTON VALE CAMPUS,76.71625999999999,234
19555,WEST LODGE,5.579949999999998,169
19556,WANBOROUGH DRIVE,78.81484,167
19559,DOVER PARK DRIVE,130.40769,256
1956,WYNDHAM ROAD,846.02,274
19560,DOVER PARK DRIVE,279.71468,254
19562,EXETER HOUSE,187.07375,304
19565,ROYAL PARADE,648.60521,503
19566,NORTH END LANE,11.24948,32
19568,CHURCH GROVE /  THE KING'S FIELD,139.88582,224
19569,CHURCH GROVE / THE KING'S FIELD,8.78821,274
1957,VASSALL ROAD,790.47472,269
19571,PADDOCK GATES,3.6779699999999997,229
19574,PARK HOUSE,11.081639999999998,231
19575,PARK HOUSE,1.7597899999999995,227
19577,CHESTNUT AVENUE,76.74974999999999,225
19578,HAMPTON COURT PALACE,357.31035,229
19579,HAMPTON COURT GREEN,502.20961,239
1958,HAMPTON LODGE,13.316409999999998,240
19580,HAMPTON COURT GREEN,26.963749999999997,240
19581,HAMPTON LODGE,25.364869999999996,240
19583,ST ALBAN'S RIVERSIDE,14.046499999999996,235
19584,ST ALBAN'S RIVERSIDE,13.311369999999998,240
19585,GARRICK VILLA,17.368989999999997,235
19586,ST ALBANS LODGE,11.818789999999996,240
19587,GARRICK VILLA,77.49524,237
19588,BLACKWALL TUNNEL / EAST INDIA DOCK ROAD,157.84125,94
19589,THE CRESCENT,207.13001,457
19590,THE CRESCENT,198.26352,464
19592,ELECTRIC PARADE,35.322089999999996,67
19599,NORTHWOOD HEALTH CENTRE,104.08846,149
1960,ST GILES CHURCH,963.4407,499
19600,NORTHWOOD HEALTH CENTRE,20.55426,153
19601,DENMARK HILL / CAMBERWELL GREEN,1587.18488,527
19603,ONSLOW GARDENS,69.70705,187
19604,ONSLOW GARDENS,178.18827,185
19605,FORTIS GREEN ROAD,1002.01216,185
19606,PEMBROKE ROAD / ST PETERS CHURCH,136.87068,188
19607,PEMBROKE ROAD / ST PETERS CHURCH,616.5453,182
19608,NORTH CIRCULAR ROAD,353.29605,267
19609,FRIERN BARNET ROAD,95.41454,173
1961,ST GILES CHURCH,496.55275,503
19610,FRIERN BARNET ROAD,595.99698,262
19611,THE RIDGEWAY,58.062129999999996,121
19612,THE RIDGEWAY,101.58895,122
19613,MYDDELTON PARK,8.80567,123
19614,LAWRENCE CAMPE CLOSE,30.53629,119
19615,SWEETS WAY,8.72482,123
19616,SWEETS WAY,61.46599,120
19617,HARDY WAY,289.60485,143
19618,HARDY WAY,2.5016199999999995,152
1962,HARRIS ACADEMY,1307.16543,668
19620,CALVERT ROAD,89.60717,260
19621,VANBRUGH PARK / BEACONSFIELD ROAD,441.61665,338
19622,VANBRUGH PARK / BEACONSFIELD ROAD,299.82579,339
19623,OKEHAMPTON CRESCENT / LODGE HILL,159.67738,224
19624,LODGE HILL,118.8714,84
19625,TOR ROAD,217.27535,224
19626,TOR ROAD,122.6557,84
19627,PLYMSTOCK ROAD,155.22696,222
19628,PLYMSTOCK ROAD,39.86437,84
19629,MELANIE CLOSE,58.08869,143
1963,HARRIS ACADEMY,736.8875400000001,680
19630,MELANIE CLOSE,72.80497,140
19631,LONG LANE / KIPLING ROAD,13.895139999999998,144
19632,LONG LANE / KIPLING ROAD,122.59878,140
19633,AVENUE ROAD / CROOK LOG,10.655639999999998,303
19636,ELTHAM HILL / WESTHORNE AVENUE,319.21989,258
19637,BELMONT PARK,369.0046,419
19638,MARISCHAL ROAD,269.88124,426
19639,BRANDRAM ROAD,177.53816,352
19640,BRANDRAM ROAD,588.12633,356
19643,DACRE PARK,219.89195,354
19644,DACRE PARK,406.57864,356
19645,LAMPMEAD ROAD,110.80968999999999,354
19646,LAMPMEAD ROAD,374.39376,356
19647,CAMBRIDGE DRIVE,200.08924,272
19649,WEIGALL ROAD,137.75744,272
1965,PECKHAM POST OFFICE,2164.75018,618
19650,WEIGALL ROAD,105.60267999999999,270
19651,COURTLANDS AVENUE,161.55638,272
19652,COURTLANDS AVENUE,304.76158,269
19653,ELTHAM ROAD / KIDBROOKE PARK ROAD,290.26112,268
19654,SUTCLIFFE PARK,114.36276,264
19655,CEDARHURST DRIVE,71.20209,261
19657,VANDYKE CROSS,137.72737,259
19658,GREENWAY,56.654289999999996,251
19659,KINGSGROUND,139.0559,260
1966,CARLTON GROVE,627.16989,621
19660,KINGSGROUND,345.94503,251
19661,THAXTED ROAD,85.00716,169
19662,THAXTED ROAD,114.84082,173
19663,COUNTY GATE,61.76856,171
19664,COUNTY GATE,78.35057,173
19665,MARECHAL NIEL PARADE,92.42595,172
19666,MARECHAL NIEL PARADE,174.56356,172
19667,SYDNEY ROAD,48.36638,96
19668,SYDNEY ROAD,85.86754,92
19669,CHRISTCHURCH ROAD,15.064329999999998,96
1967,CARLTON GROVE,636.38329,619
19670,CHRISTCHURCH ROAD,81.52587,91
19674,HILLSIDE NURSERY,8.987699999999998,76
19675,HILLSIDE NURSERY,14.948459999999999,77
19682,EAGLESFIELD ROAD,82.35354,186
19683,EAGLESFIELD ROAD,58.03021,188
19684,MEMORIAL HOSPITAL,324.4144,264
19685,MEMORIAL HOSPITAL,478.12056,266
19686,RED LION LANE,267.25689,265
19687,RED LION LANE,312.09725,264
19688,SHOOTERS HILL ROAD / BAKER ROAD,416.51802,250
19689,SHOOTERS HILL ROAD / BAKER ROAD,361.79434,348
19690,CHARLTON PARK LANE,161.99113,174
19691,CHARLTON PARK LANE,266.83895,174
19692,SHOOTERS HILL ROAD / KIDBROOKE PARK ROAD,269.62861,410
19693,SHOOTERS HILL ROAD / EASTBROOK ROAD,56.77489,176
19694,SHOOTERS HILL ROAD / STRATHEDEN ROAD,132.75182999999998,252
19695,THE FAIRWAY,119.42037,96
19696,THE FAIRWAY,97.86748,98
19697,SOUTHBOROUGH LIBRARY,156.81356,171
197,ROSEBERY AVENUE,389.138,213
1970,POMEROY STREET,363.50033,549
19700,HAMMELTON ROAD,48.54387,307
19701,MORGAN ROAD,221.50576,311
19702,BURNT ASH LANE / SOUTHOVER,224.40139,156
19703,BURNT ASH LANE / SOUTHOVER,222.91605,156
19704,NEW STREET HILL,223.06443,155
19705,NEW STREET HILL,286.85444,154
19706,TREEWALL GARDENS,36.0722,155
19707,TREEWALL GARDENS,61.733109999999996,153
19708,BARING ROAD / COOPERS LANE,164.72437,232
19709,BARING ROAD / COOPERS LANE,144.84273,225
1971,POMEROY STREET,717.77422,543
19710,HEATHER ROAD,98.11818,83
19711,HEATHER ROAD,64.31188,80
19712,HARLAND ROAD,106.95887,83
19713,HARLAND ROAD,78.09462,81
19714,ST MILDREDS ROAD,64.60121,83
19715,ST MILDREDS ROAD,102.60447,81
19718,BIRCH TREE WAY,50.130849999999995,327
19719,BIRCH TREE WAY,164.77442,325
1972,NEW CROSS FIRE STATION,427.04427,543
19720,NEW ELTHAM STATION  / SOUTHWOOD ROAD,237.56131,370
19721,RENNETS WOOD ROAD,112.51375999999999,99
19722,RENNETS WOOD ROAD,335.36489,98
19723,THE SLADE / RAVINE GROVE,113.88403,80
19724,WENSLEYDALE AVENUE,132.49102,89
19729,CHISLEHURST / GORDON ARMS,163.69099,213
19732,CAMDEN PARK ROAD,22.806649999999998,153
19733,CAMDEN PARK ROAD,24.96307,214
19734,SUSAN WOOD,75.22729,211
19735,SUSAN WOOD,29.13234,215
19736,CHISLEHURST STATION,213.67711,211
19737,CHISLEHURST STATION,406.9413,215
19738,BLACKBROOK LANE,46.953469999999996,154
19739,BLACKBROOK LANE,59.41798,152
19740,BICKLEY PARK ROAD / ST GEORGES CHURCH,97.51112,152
19741,BICKLEY PARK ROAD / ST GEORGES CHURCH,63.370419999999996,154
19742,SOUTHBOROUGH ROAD / BICKLEY STATION,51.72014,152
19744,BIRD IN HAND LANE,135.72904,153
19745,BIRD IN HAND LANE,111.87967,155
19747,PLAISTOW LANE,149.96773,154
19748,WANSTEAD ROAD,95.94022,153
19749,WANSTEAD ROAD,72.67271,154
19750,FREELANDS ROAD,52.80106,153
19751,FREELANDS ROAD,49.42426,154
19752,WIDMORE ROAD / KENTISH WAY,14.150569999999998,153
19755,VALLEY SCHOOL,209.60513,162
19756,MEADOW ROAD,157.17846,161
19757,BROMLEY ROAD / SHORTLANDS STATION,136.27417,78
19758,BROMLEY ROAD / SHORTLANDS STATION,77.37046,78
19759,BROMLEY ROAD / SCOTTS LANE,72.47488,78
19760,ASHMERE AVENUE,29.79694,78
19761,OAKWOOD AVENUE,105.31216,78
19762,BROMLEY ROAD / OAKWOOD AVENUE,110.10923,152
19763,WESTGATE ROAD,102.3161,152
19764,WESTGATE ROAD,149.74598,153
19765,HAYNE ROAD,163.88512,328
19766,HAYNE ROAD,198.18369,329
19767,CLOCK HOUSE STATION,191.00946,328
19768,BECKENHAM ROAD TRAM STOP,319.05016,262
19769,BECKENHAM ROAD TRAM STOP,367.37366,259
1977,LUCAS STREET,498.71833,369
19770,CLEVEDON ROAD,231.72809,259
19771,HIGH STREET / PENGE WEST STATION,325.77605,325
19772,PENGE / SAINSBURY'S,603.46712,262
19773,BROMLEY COMMON / THE CROWN,1244.33989,404
19774,BRABOURNE RISE,22.26165,97
19775,BRABOURNE RISE,33.00396,100
19776,HAYES LANE / KINGSWOOD ROAD,5.72988,96
19777,HAYES LANE / KINGSWOOD ROAD,12.4394,100
19778,KENWOOD DRIVE,30.49887,184
19779,KENWOOD DRIVE,20.97015,180
1978,LUCAS STREET,399.38751,372
19780,OVERBURY AVENUE,25.79066,97
19781,OVERBURY AVENUE,30.79386,100
19782,CHANCERY LANE,24.63582,99
19783,CHANCERY LANE,10.613529999999999,97
19784,SHIRLEY CHURCH ROAD,175.05417,153
19785,SHIRLEY CHURCH ROAD,206.9049,154
19786,SHIRLEY WINDMILL,295.08934,153
19787,SHIRLEY WINDMILL,76.96219,154
19788,OAKS ROAD,17.469849999999997,154
19789,OAKS ROAD,77.43567,154
19790,PINE COOMBE,5.160049999999998,154
19791,PINE COOMBE,22.98464,154
19792,COOMBE LANE TRAM STOP,6.152539999999999,154
19793,COOMBE LANE TRAM STOP,57.0146,155
19795,GRAVEL HILL TRAM STOP,117.7766,155
19796,ADDINGTON PARK,11.485399999999998,154
19797,ADDINGTON PARK,209.24526,155
1980,LEWISHAM COLLEGE / ASHMEAD SCHOOL,670.56609,371
19800,OASIS ACADEMY,49.083529999999996,152
19801,WOLSEY CRESCENT,48.259969999999996,170
19802,GRENVILLE ROAD,5.542999999999998,171
19804,ELMHURST SCHOOL,74.66213,166
19805,ELMHURST SCHOOL,38.907019999999996,166
19806,CAMPDEN ROAD,133.5137,165
19807,ST PAUL'S UNITED REFORMED CHURCH,24.83598,166
19808,MANOR WAY,38.36278,165
19809,MANOR WAY,8.53847,166
1981,UNDERCLIFF ROAD,251.06307,372
19810,BALLARDS WAY,55.35938,165
19811,BALLARDS WAY,11.22852,166
19813,LITTLEHEATH ROAD,13.14331,167
19815,OLD FARLEIGH ROAD,478.16956,117
19816,SELSDON CRESCENT,117.93295,117
19817,SELSDON CRESCENT,146.52769,137
19818,SELSDON PRIMARY SCHOOL,200.43108,125
19819,SELSDON PRIMARY SCHOOL,66.71892,137
1982,UNDERCLIFF ROAD,390.03145,370
19820,PIXTON WAY,363.72442,131
19821,ASHEN VALE,40.09748,139
19822,JOHN RUSKIN COLLEGE,240.91162,89
19823,JOHN RUSKIN COLLEGE,116.81597,137
1983,LOAMPIT VALE / JERRARD STREET,287.25415,372
19846,TEDDINGTON MEMORIAL HOSPITAL,48.283179999999994,164
19869,RAYNES PARK STATION,1479.59882,272
19870,KILNWOOD LANE,0.91833,20
19871,KILNWOOD LANE,1.50406,18
19872,BOWER HOUSE,0.17432,20
19873,BOWER HOUSE,8.15041,17
19874,HAVERING GREEN,1.10402,21
19875,HAVERING GREEN,15.156460000000001,18
19876,DAME TIPPING SCHOOL,0.0,20
19877,SAMANTHA MEWS,11.42428,18
19878,LIBERTY COTTAGES,0.28786,23
19879,LIBERTY COTTAGES,8.7653,17
19918,ALBANY ROAD / GREEN LANE,16.753069999999997,294
1992,THE CATFORD CENTRE,1600.9147600000001,451
1995,BARGERY ROAD,445.83351,680
19965,CAMBRIDGE ROAD,31.53865,91
19966,CAMBRIDGE ROAD,103.05675,96
19967,MORTLAKE BUS STATION,0.0,153
19968,OXLEAS WOOD / WOODLANDS FARM,13.49237,186
19969,OXLEAS WOOD / WOODLANDS FARM,5.97235,188
19970,CHINGFORD POLICE STATION,178.9719,164
19971,CHINGFORD GREEN,6.5050099999999995,159
19972,POLE HILL ROAD,18.114169999999998,163
19973,POLE HILL ROAD,60.23531,160
19974,HAWKSMOUTH,51.717749999999995,163
19975,HAWKSMOUTH,173.13995,161
19976,KINGS HEAD HILL / SEWARDSTONE ROAD,121.40994,84
19977,KINGS HEAD HILL / SEWARDSTONE ROAD,62.68851,83
1998,NEWQUAY ROAD,337.47278,604
1999,BELLINGHAM ROAD,987.70396,349
200,GRAY'S INN ROAD,913.72863,406
2000,CATFORD POLICE STATION,189.90341999999998,352
2004,GREEN MAN COMMUNITY HUB,946.3549,431
20040,NORTHWICK AVENUE,210.49452,319
20041,NORTHWICK AVENUE,259.96682,385
20043,INCA DRIVE,43.366479999999996,315
20045,YARDLEY LANE,4.14115,144
20046,HAWKWOOD CRESCENT,275.11719,146
2005,OLD BROMLEY ROAD,334.9727,344
20056,CUMMINGS HALL LANE,37.72246,150
20058,KYNANCE CLOSE,46.47773,148
20059,TAUNTON ROAD,4.298749999999999,150
20060,TAUNTON ROAD,96.80806,147
20061,HAILSHAM ROAD,0.4394199999999999,76
20062,HAILSHAM ROAD,186.64988,76
20063,ST URSULA'S SCHOOL,5.73757,76
20064,ST URSULA'S SCHOOL,54.61273,76
20065,GRANGE ROAD,71.39762,164
20066,GRANGE ROAD,157.8384,96
20067,MYRTLE ROAD,26.03709,96
20068,MYRTLE ROAD,262.15317,97
20069,HEATON AVENUE,129.5055,96
20070,HEATON AVENUE,553.99821,167
20071,FARINGDON AVENUE,117.5883,165
20072,SHEPHERD'S BUSH ROAD,722.37401,177
20073,GALLOWS CORNER,235.97067,241
20074,GALLOWS CORNER,434.42219,245
20076,WESTERN AVENUE,1.1015399999999997,76
20077,WESTERN AVENUE,6.84103,74
20078,BELGRAVE AVENUE,5.61822,76
20079,BELGRAVE AVENUE,48.83909,74
20080,ROYAL LIBERTY SCHOOL,29.95722,76
20081,ROYAL LIBERTY SCHOOL,78.42307000000001,74
20082,DURHAM AVENUE,37.2767,74
20084,THE DRILL ROUNDABOUT,260.06002,154
2009,ARCADIAN GARDENS,341.8761,344
20096,BARWELL BUSINESS PARK,6.572629999999999,149
20097,BARWELL BUSINESS PARK,23.95656,148
20099,GLYNDEBOURNE PARK,163.32933,258
201,ROSEBERY ROAD,212.88925,94
20101,THE SQUIRRELS,198.11655,263
20102,THE SQUIRRELS,126.77157,266
20103,HUNTLEY WAY,3.97084,76
20107,CHURCH ROAD,28.481659999999998,151
20108,CHASE SIDE,81.03542,78
2012,ROSEBERY ROAD,252.99393,95
2013,COLDHARBOUR LANE,350.01063,589
20131,DOWNE CHURCH,16.14658,99
20132,GLYNDEBOURNE PARK,98.31622,269
20133,CROFTON ROAD / CROFTON LANE,57.33804,265
20134,ELTHAM ROAD / WESTHORNE AVENUE,453.75441,260
20140,OLD PALACE OF JOHN WHITGIFT SCHOOL,63.41292,165
20141,OLD PALACE OF JOHN WHITGIFT SCHOOL,23.30424,166
20145,HILLSIDE AVENUE,63.00974,269
20146,HILLSIDE AVENUE,169.48642999999998,265
20151,FIELDWAY TRAM STOP,10.544319999999999,77
20159,ST DAVID'S CLOSE,16.36384,78
2016,LORDSHIP LANE / WOOD VALE,666.5848,437
20160,ST DAVID'S CLOSE,13.96538,79
20166,BOURNE COURT,0.05505,80
20169,GLEBE COTTAGES,11.40804,73
2017,LORDSHIP LANE / WOOD VALE,754.75863,435
20170,GLEBE COTTAGES,60.80907,72
20171,OLD MAIDSTONE ROAD,4.945639999999999,76
20172,OLD MAIDSTONE ROAD,18.25781,73
20179,WESTMINSTER ABBEY,739.44975,496
2018,HOLBORN CIRCUS,877.46597,468
20185,RIDGE LANGLEY / EAST ARM,10.686419999999998,68
20186,REYNOLDS CLOSE,0.0,82
20187,MUSCHAMP ROAD,382.49868,158
20188,MUSCHAMP ROAD,119.16647,160
20189,GREEN WRYTHE LANE / WALTHAM ROAD,363.37654,160
2019,HOLBORN CIRCUS / FETTER LANE,522.54963,315
20190,GREEN WRYTHE LANE / WALTHAM ROAD,153.81426,160
20191,WELBECK ROAD,239.64446,160
20192,WELBECK ROAD,144.8832,160
20193,THORNTON ROAD,294.12094,83
20194,THORNTON ROAD,38.26185,82
20195,SHAFTESBURY ROAD,141.96864,83
20196,SHAFTESBURY ROAD,28.765719999999998,82
20198,FULLWELL CROSS,889.09332,468
20199,BISHOPSFORD ROAD,110.96476,83
20200,BISHOPSFORD ROAD,78.15239,82
20206,HILLSIDE ROAD,39.78775,129
20207,HILLSIDE ROAD,23.91843,126
20213,MORFORD WAY,75.95813,77
20214,EASTCOTE STATION,600.27378,148
20215,MEADOW WAY,119.66081,77
20216,MEADOW WAY,60.54992,77
20217,BRIDLE ROAD,91.77716,77
20218,EASTCOTE ROAD,70.8896,77
20219,EASTCOTE HIGH ROAD,47.143769999999996,78
2022,WORCESTER PARK STATION,688.91125,231
20220,WILTSHIRE LANE,136.78842,78
20221,THE WOODMAN,90.6003,77
20222,MIDDLETON DRIVE,19.69907,77
20223,MIDDLETON DRIVE,17.80643,78
20224,NORTHWOOD HILLS STATION,197.00534,143
20225,NORTHWOOD HILLS STATION,646.12131,145
20226,NORTHWOOD HILLS CIRCUS,151.59229,153
20228,COLCHESTER ROAD,46.58597,144
20229,NORWICH ROAD,98.76211,78
2023,WORCESTER PARK STATION,472.90537,229
20236,KIDBROOKE GROVE,127.96279,251
20237,SHOOTERS HILL ROAD / KIDBROOKE PARK ROAD,99.94499,174
20240,RAMSGILL DRIVE,46.788419999999995,225
20242,PONDERS END HIGH STREET,83.01796,215
20243,SCOTLAND GREEN ROAD,238.91644,214
20244,ALEXANDRA ROAD,90.71807,220
20250,WHARF ROAD,18.19402,74
20251,WHARF ROAD,5.7144699999999995,71
20253,KING GEORGE SAILING CLUB,3.3524399999999996,74
20254,ASHLEY ROAD,159.10585,83
20255,ASHLEY ROAD,172.14502,82
20256,MAYFIELD ROAD,10.72664,83
20257,MAYFIELD ROAD,274.32966,81
20258,BRIMSDOWN STATION,36.1774,77
20266,THE BELL,2612.72891,379
20268,EVERSLEY MOUNT,29.685319999999997,129
20269,EVERSLEY MOUNT,88.59141,131
20272,EVERSLEY PARK ROAD,169.4282,216
20273,CHASEVILLE PARK ROAD,286.271,132
20274,BAZILE ROAD,10.98083,77
20275,BAZILE ROAD,40.97593,77
20276,HADLEY WAY,13.183549999999999,77
20277,HADLEY WAY,59.81482,77
20278,OLD PARK RIDINGS,12.255939999999999,77
20279,OLD PARK RIDINGS,58.813179999999996,77
2028,RUISLIP ROAD EAST,932.31299,327
20282,CHILDS HILL / CRICKLEWOOD LANE,51.67361,231
20283,ORCHARD ROAD,187.48887,84
20287,EDENSOR ROAD / NEW CHISWICK POOL,187.85859,166
2029,RUISLIP ROAD EAST,1990.13514,331
20294,CHARDIN ROAD,75.66037,101
20298,TITCHFIELD ROAD,37.20739,85
20299,MALVERN ROAD,475.12226,76
2030,CLIFTON ROAD,2232.3646,241
20300,ENFIELD LOCK STATION,197.43312,85
20301,ENFIELD LOCK STATION,295.9343,76
20302,ORDNANCE ROAD / MOLLISON AVENUE,413.71473000000003,148
20303,MOLLISON AVENUE,48.26369,157
2031,GREENFORD BROADWAY,1384.27671,580
20313,MILL HILL EAST STATION,506.50942,222
2032,GREENFORD BROADWAY,1610.47131,332
20320,MIDDLETON AVENUE,50.068009999999994,383
20322,WESTHORNE AVENUE / ST BARNABAS CHURCH,132.1887,158
20323,APPLETON ROAD,184.31789,154
20324,APPLETON ROAD,222.63913,158
20325,WENDOVER ROAD,328.80244,154
20326,WENDOVER ROAD,302.07321,158
20327,BROAD WALK,227.09767,154
20328,BROAD WALK,147.80925,158
20329,BROOK LANE,591.63786,234
20332,WRICKLEMARSH ROAD,316.1826,234
20339,PEMBERTON GARDENS,214.929,136
20344,WHALEBONE LANE NORTH,5.94358,142
20345,ROMFORD ROAD,3.972289999999999,136
20346,HAINAULT FOREST GOLF CLUB,93.64072,143
20347,HAINAULT FOREST GOLF CLUB,41.21592,132
20348,FOWLER ROAD,113.89519,141
20349,FOWLER ROAD,106.72926,129
20352,LAMBOURNE ROAD,0.0,78
20353,LAMBOURNE ROAD,158.43928,77
2036,DENEHURST GARDENS,285.06575,195
20361,CHASE CROSS,4.06461,20
20362,CHASE CROSS,6.95025,18
20363,THE SPANIARDS INN,30.525489999999998,80
20364,THE SPANIARDS INN,21.041459999999997,82
2037,ACTON FIRE STATION,93.66475,171
20379,MONTPELIER ROAD,105.00658,174
2038,STEYNE ROAD,1830.47742,362
20380,FAIRLEA PLACE,207.27508,176
20381,FAIRLEA PLACE,37.70538,176
20382,ST BARNABAS CHURCH,40.42469,177
20383,ST BARNABAS CHURCH,241.90017,177
20384,HARROW VIEW ROAD,166.6221,182
20385,PITSHANGER LIBRARY,545.64639,180
20386,KENT GARDENS,74.39159,182
20387,KENT GARDENS,422.55833,183
20388,SCOTCH COMMON,272.66584,431
20389,TOWNMEAD ROAD,338.72974,185
20392,STAMFORD ROAD / HEALTH CENTRE,61.17119,77
20394,HIGH HOLBORN,1103.77936,268
20396,RIDGE LANGLEY,10.162469999999999,75
20399,NORTHOVER / SHROFFOLD ROAD,240.62853,161
20400,NORTHOVER / SHROFFOLD ROAD,215.65304,159
20401,HENRIQUES STREET,338.82655,291
20402,PARK AVENUE,151.00751,232
20403,PARK AVENUE,103.54321,233
20404,GLYNDE ROAD,87.23334,301
20406,SOUTHALL STATION,2152.13038,562
20407,KENTISH TOWN ROAD,1439.17136,300
20412,IFFLEY ROAD,69.78273999999999,590
20413,MANOR HOUSE STATION,1647.27154,180
20414,ENFIELD TOWN STATION,898.86959,435
20418,TOLLERS LANE / THE CROSSWAYS,4.1706,97
20420,ST ANDREW'S CHURCH,31.131649999999997,148
20421,ST ANDREW'S CHURCH,37.5559,151
20422,KNIGHTSWOOD ROAD,22.68398,76
20423,KNIGHTSWOOD ROAD,46.82978,78
20424,ST ALBANS ROAD,2.7721,6
2043,ALTAB ALI PARK,461.00324,291
20433,FROGMORE,291.80979,229
20434,WESTMINSTER CITY HALL,635.25631,570
20436,BUCKINGHAM ROAD,99.41476,235
20437,CARLTON ROAD,739.11171,445
20438,THE ROYAL COURTS OF JUSTICE,395.89351,265
20443,OLD COULSDON / TUDOR ROSE,477.40357,188
20444,PALLET WAY,96.66277,174
20445,PALLET WAY,190.90417,175
2045,THE EAST LONDON MOSQUE,329.59635000000003,291
20453,VANBRUGH PARK / STRATHEDEN ROAD,284.7945,240
2046,THE EAST LONDON MOSQUE,1071.21819,296
20462,THE ROYAL COURTS OF JUSTICE,339.49855,491
20466,ORPINGTON ROAD,16.5801,75
20467,ORPINGTON ROAD,8.25873,77
20469,KIMBERLEY AVENUE,28.8531,72
20471,NUNHEAD STATION,84.64719,72
20472,WESTMINSTER CITY HALL,345.74096,569
20477,OTTERFIELD ROAD,112.07565,236
20478,MILBURN DRIVE,121.12559999999999,229
20479,RAINHAM WAR MEMORIAL,758.35911,308
20480,LAMBTON ROAD,49.39843,155
20486,UXBRIDGE STATION,3550.23038,329
20487,UXBRIDGE STATION,2554.46383,233
20493,WADDON STATION,155.17735,75
20494,BROADMEAD ROAD,827.27536,406
20495,BROADMEAD ROAD,696.0548,329
20496,STATION CRESCENT,11.66442,72
20497,STATION CRESCENT,27.91172,68
20498,EDGWAREBURY LANE / EDGWARE WAY,297.73233,324
20499,TUDOR ROAD,162.47234,156
205,FLEET STREET / CITY THAMESLINK,457.99605,351
2050,BOOTH MEMORIAL,318.78695,198
20500,TUDOR ROAD,55.31002,152
20501,LONGHEATH GARDENS,5.759849999999999,76
20502,LONGHEATH GARDENS,29.68945,76
20503,MAPLE ROAD,407.09064,386
20505,PLUMSTEAD COMMON ROAD / ERINDALE TERRACE,212.13468,163
2051,BOOTH MEMORIAL,458.36274,199
20511,RAPHAEL PARK,22.727829999999997,170
20512,RAPHAEL PARK,64.99686,176
20513,ISLEWORTH LIBRARY,293.85188,262
20514,WORTON ROAD,142.85558,197
20515,BELLEGROVE ROAD / SHERWOOD ROAD,63.27749,183
20516,BELLEGROVE ROAD / SHERWOOD ROAD,86.9232,189
20517,THOROGOOD WAY,148.51607,78
20518,THE CATFORD CENTRE,392.32197,168
20519,NORTH COMMON ROAD,299.48267,277
20521,BARKING INDUSTRIAL PARK,237.80179,234
20523,HOLLY ROAD,146.44129999999998,254
20524,HOLLY ROAD,99.47529999999999,252
20525,EASTCOTE STATION,378.31921,137
20527,FERNCROFT AVENUE,39.24581,77
20528,FERNCROFT AVENUE,50.02663,77
20529,WHITBY ROAD,127.89618,77
20530,WHITBY ROAD,92.81486,77
20531,THE FAIRWAY,96.55114,77
20532,THE FAIRWAY,66.53202,77
20533,LONG DRIVE,126.93629,77
20534,MALVERN AVENUE,133.5103,77
20535,VICTORIA ROAD,178.04395,77
20536,VICTORIA ROAD,153.8632,77
20537,PRITCHARDS ROAD,143.8371,197
20540,TALBOT ROAD / GORESBROOK PARK,20.733359999999998,78
20541,TALBOT ROAD / GORESBROOK PARK,94.666,78
20542,HOLY CROSS SCHOOL,86.39251999999999,326
20543,HOLY CROSS SCHOOL,86.66060999999999,334
20545,LARCHWOOD AVENUE,169.99489,88
20546,LARCHWOOD AVENUE,0.5516399999999999,95
20547,LEIGHAM COURT ROAD / STREATHAM COMMON,182.43722,93
20548,ELTHAM HIGH STREET / ST MARY'S PLACE,937.94605,482
20575,WHITE HART LANE,109.42883,239
2058,COBORN ROAD,207.19904,280
20581,RICHMOND ROAD,44.23965,80
20582,RICHMOND ROAD,117.49663,81
20583,ROCK STREET,159.86016,424
20588,DOWNE COURT RIDING CENTRE,0.0,33
20589,HEATHFIELD PARK DRIVE,1.8598599999999994,78
2059,COBORN ROAD,565.49607,280
20590,HEATHFIELD PARK DRIVE,274.3716,77
20591,THE DESIGN MUSEUM,496.19826,444
20592,GLENHURST AVENUE / LISSENDEN GARDENS,310.74769,262
20594,GREEN STREET,345.98871,265
20595,DURANTS PARK,333.51394,257
20598,MARLBOROUGH PARK AVENUE,47.24718,80
20599,DOWNE ROAD / MITCHAM LIBRARY,601.87745,641
2060,COLINDALE AVENUE,450.35871000000003,279
20600,LOWER DOWNS ROAD,471.69814,190
20601,LOWER DOWNS ROAD,165.40349,195
20607,BEECH CLOSE,1.1027699999999998,82
20608,BEECH CLOSE,85.81525,82
20616,KENLEY TREATMENT WORKS,44.17958,79
20617,KENLEY TREATMENT WORKS,11.63068,80
20618,NEW ELTHAM STATION  / SOUTHWOOD ROAD,272.45074,231
20619,ELGIN AVENUE / MAIDA VALE STATION,302.59389,195
2062,BOW CHURCH,1663.35453,695
20623,MARSTON ROAD,15.20863,187
20624,MARSTON ROAD,26.441899999999997,186
20626,THREE KINGS POND,15.22533,99
20627,VANBRUGH HILL,312.03418,255
20628,HOLBORN CIRCUS / FETTER LANE,394.70183000000003,308
20638,GOLF LINKS ESTATE,231.20542,155
20639,GOLF LINKS ESTATE,144.7454,157
20643,THE CAUSEWAY,64.40328,141
20644,OLD FARLEIGH ROAD,392.65516,136
20647,PARKLAND AVENUE,63.063320000000004,69
20648,PARKLAND AVENUE,6.773919999999999,73
20649,HANNIBAL WAY,139.60159,164
20650,HANNIBAL WAY,198.07745,170
20651,WANDSWORTH POLICE STATION,584.02863,233
20654,RUGBY AVENUE,690.96036,235
20655,OAKBURY ROAD,216.89736,187
2066,MARSHGATE LANE,728.61613,483
20662,SPRINGFIELD PLACE,329.47135000000003,149
20667,CLAYBURY BROADWAY,366.31358,177
20668,LEA VALLEY RIDING CENTRE,48.47862,202
20669,LEE VALLEY RIDING CENTRE,36.39863,203
2067,ABBEY LANE,449.45246,480
20671,MOUNTCOMBE CLOSE,36.55757,282
20672,MOUNTCOMBE CLOSE,48.880559999999996,286
20674,MILE END STATION,1091.27386,280
20677,COULSDON LIBRARY,193.50776,240
20678,LION GREEN ROAD,47.30758,331
2068,WARTON ROAD,1259.32474,483
20682,FULWELL STATION,196.395,226
20683,FULWELL STATION,54.40257,223
20684,MOUNT PLEASANT,256.21483,213
20686,SWYNCOMBE AVENUE,47.69156,163
20687,SWYNCOMBE AVENUE,87.32057999999999,162
20688,PORTNALLS ROAD,21.679859999999998,121
20691,QUEEN ANNE AVENUE,35.03462,243
20692,QUEEN ANNE AVENUE,45.792179999999995,240
20693,JAMES AVENUE,164.80114,75
20694,JAMES AVENUE,251.05788,149
20696,SHIRLEY PARK / SHIRLEY AVENUE,59.46599,76
20697,GREENWAY,227.7741,243
20698,CROYDON FLYOVER,11.95052,246
2070,STRATFORD HIGH ST STN  / CARPENTERS RD,513.83847,366
20701,ACACIA ROAD,108.60356,169
20702,ACACIA ROAD,132.05594,170
20703,RICHMOND STATION,2852.45369,170
20705,RECTORY ROAD,167.91507,275
20706,RECTORY ROAD,156.92457,274
20707,IVYBRIDGE,86.69248999999999,155
20708,CHERTSEY ROAD,45.61423,153
2071,MARKET PLACE,391.047,104
20712,SOUTHALL BROADWAY,3307.85057,322
20715,KINGSMEADOW,124.90569,99
20716,STATION ROAD / HIGH STREET,175.32862,79
20718,ST PETER'S CHURCH,90.59682,161
2072,MARKET PLACE,398.39994,167
20723,KINGSGATE PLACE,1845.31397,442
20726,FINSBURY SQUARE,661.4958,186
20727,LEA BRIDGE ROUNDABOUT,45.1411,282
2073,ICKBURGH SCHOOL,58.92534,81
2074,ICKBURGH SCHOOL,37.90558,81
20740,TRELAWNEY ROAD,138.95751,176
20741,TRELAWNEY ROAD,183.93157,175
20742,HAINAULT STATION,1327.37827,176
20743,HAINAULT STATION,423.54943,175
20744,BEECH GROVE,74.52065999999999,177
20745,BEECH GROVE,122.16721,175
20746,HAINAULT FIRE STATION,71.11047,177
20747,HAINAULT FIRE STATION,237.00754,175
20748,STAGGART GREEN,209.60438,154
20749,STAGGART GREEN,418.08241,175
2075,SOUTH TOTTENHAM STATION,759.29878,537
20750,ANERLEY ROAD / ANERLEY STATION,404.6574,414
20751,ANERLEY PARK,153.16415,347
2076,SOUTH TOTTENHAM STATION,956.94503,538
20760,STRATFORD HIGH ST / CARPENTERS ROAD,424.64586,370
20761,BEACONSFIELD ROAD,161.87079,85
20769,NEWHAM TOWN HALL,565.15851,262
20770,HIGH STREET NORTH,1126.56926,433
20773,HERMIT ROAD,994.78081,610
20775,DUNCRIEVIE ROAD,282.23674,184
20776,BRUCE GROVE STATION,2416.77262,506
20778,CANN HALL ROAD,206.86144,109
20785,CAMBRIDGE ROAD,403.61376,261
20786,CAMBRIDGE ROAD,332.54867,264
20787,STATION APPROACH,70.5429,81
20788,STATION APPROACH / SOUTH RUISLIP STN,109.43071,80
20789,R A F NORTHOLT,16.171,80
20790,R A F NORTHOLT,25.47902,80
20791,RUISLIP GARDENS STATION,101.11747,80
20792,RUISLIP GARDENS STATION,72.32464,80
20793,NORTHDOWN CLOSE,65.047,80
20794,WEMBLEY TRIANGLE,564.82947,232
20796,CROOK LOG LEISURE CENTRE,214.70941,406
20797,PUTNEY BRIDGE STATION,0.0,500
20798,PUTNEY BRIDGE,3015.63977,861
2080,ST ANN'S ROAD,830.45568,544
20800,LEISURE WAY,492.4994,245
20803,COMMERCIAL STREET / WORSHIP STREET,1851.4034,845
20806,ALLEN ROAD,2.9302499999999996,158
20807,ALLEN ROAD,170.69789,158
20808,KING HENRY'S DRIVE TRAM STOP,66.2159,167
20809,CASTLE HILL AVENUE,11.054949999999998,77
20810,MANBEY GROVE,182.96086,201
20811,WHALEBONE LANE NORTH,262.94538,202
20813,HAMLET ROAD,310.76699,346
20816,FELTHAM ASSEMBLY HALL,1351.00439,486
20817,FERN GROVE,234.77178,477
20818,MEON ROAD,108.82188,164
20819,PETERSFIELD ROAD,115.21355,174
20821,SLOANE STREET / KNIGHTSBRIDGE STATION,1148.8601,442
20822,DAGENHAM HEATHWAY STATION,2612.6897,234
20823,BROWNS ROAD,129.57461,233
20826,KING'S CROSS STATION,1723.4687,178
20830,ROYAL DOCKS MEDICAL CENTRE,82.56296,169
20831,ROYAL DOCKS MEDICAL CENTRE,192.26509,168
20835,WEST HILL / SHEPHERDS LANE,416.60666000000003,225
20836,BASTON SCHOOL,58.55051999999999,104
20837,HAYES STREET,18.737659999999998,106
20840,CONWAY ROAD,192.77962,155
20857,FLOWER LANE / SACRED HEART CHURCH,325.15385,307
20858,ST MICHAEL & ALL ANGELS CHURCH,209.09194,77
20859,PARKMEAD GARDENS,19.24279,77
20860,PARKMEAD GARDENS,6.3038099999999995,77
20861,BUNNS LANE BRIDGE,132.44310000000002,77
20862,BUNNS LANE BRIDGE,55.66375,77
20863,COPTHALL GARDENS / PAGE STREET,81.75602,77
20864,COPTHALL GARDENS / PAGE STREET,94.18990000000001,77
20865,PAGE STREET,103.53472000000001,77
20866,PAGE STREET,107.15408000000001,77
20868,PIXTON WAY,88.78542,139
20869,MONKS HILL,221.24955,130
2087,STOKE NEWINGTON POLICE STATION,709.84014,361
2088,STOKE NEWINGTON ROAD / AMHURST ROAD,1872.00509,362
20880,CASTLE GREEN RECREATION GROUND,5.787009999999999,150
20881,CASTLE GREEN / RIPPLESIDE COMMERCIAL EST,121.90856,156
20882,COCKFOSTERS ROAD,231.7327,107
20883,PEMBRIDGE VILLAS / WESTBOURNE GROVE,179.1805,356
20884,MANFORD WAY,71.23052,205
20885,TUNSTALL AVENUE,318.23227,176
20886,COPPICE PRIMARY SCHOOL,4.841279999999999,78
20887,COPPICE PRIMARY SCHOOL,285.89981,75
20888,COPPICE PATH,1.1555099999999998,78
20889,COPPICE PATH,279.1761,76
20890,BROCKET WAY,0.7666299999999999,78
20891,BROCKET WAY,111.41479,77
20900,SWAN ROAD,45.553399999999996,81
20907,WANSTEAD STATION,53.989,181
20908,HOLBORN STATION,1312.23267,271
20909,GOLFSIDE CLOSE,13.37111,123
2091,PRINCESS MAY ROAD,677.17142,360
20910,GOLFSIDE CLOSE,24.17206,118
20914,ST PAULS CRAY ROAD / CHURCH LANE,30.620669999999997,148
20915,ROYAL PARADE,261.06096,136
20916,UPLAND ROAD,138.53235999999998,404
20917,EUSTON STATION,1739.18111,446
20919,ELEY TRADING ESTATE,224.17901,161
2092,PRINCESS MAY ROAD,853.37358,363
20927,ACKROYD DRIVE,505.67855000000003,260
20928,BEAUFORT DRIVE,92.99803,95
20929,BEAUFORT DRIVE,63.3538,95
2093,DALSTON KINGSLAND STATION,1384.7482400000001,444
20932,HIGH ROAD LEYTON / BAKERS ARMS,230.40205,202
2094,DALSTON KINGSLAND STATION,3452.95864,439
2095,FOREST ROAD,1448.19229,617
20958,MONTROSE ROAD,338.60984,77
2096,DALSTON JUNCTION STATION,656.95943,381
20968,CADOGAN GARDENS / SLOANE SQUARE,612.7556500000001,443
20969,ELTHAM HIGH STREET / PASSEY PLACE,703.75437,382
20970,BECMEAD AVENUE,989.22366,667
20971,GENEVA GARDENS,31.10765,144
20972,LEA BRIDGE ROUNDABOUT,1247.70993,421
20974,LONG DRIVE,173.08359,325
20975,THE FAIRWAY,202.24802,324
20976,GROSVENOR ROAD,41.70838,93
20977,THE DRIVE METHODIST CHURCH,264.29804,156
20979,BECKENHAM HIGH STREET / KELSEY SQUARE,316.14295,320
20980,ASH GROVE,23.946289999999998,72
20981,ASH GROVE,62.15572,68
20983,ALDWYCH / DRURY LANE,642.23248,587
20985,EAGLE LANE,70.99451,147
20986,SNARESBROOK STATION,50.69246,77
20987,SNARESBROOK STATION,26.33541,75
20988,MARTINS CORNER / VALENCE AVENUE,1080.9057,174
20989,ARBOUR WAY,47.85383,83
20990,ARBOUR WAY,31.45269,83
20991,WEMBLEY PARK STATION,2360.39,173
20992,WEMBLEY PARK STATION,1035.76055,239
20993,WEMBLEY PARK STATION,3665.52356,414
20994,EMPIRE WAY,614.90482,414
20995,EMPIRE WAY,275.23518,92
20996,FULTON ROAD,528.69661,246
20997,HACKNEY CENTRAL / MARE STREET,753.02251,301
21,HILLMARTON ROAD,191.44441,219
2100,HAGGERSTON STATION  / DOWNHAM ROAD,274.7744,95
2103,LABURNUM STREET,715.9126,284
2104,ST LEONARD'S HOSPITAL,952.5428,369
2105,ST LEONARD'S HOSPITAL,780.91301,360
2106,MUSEUM OF THE HOME,51.54367,78
2107,HOXTON STATION  / MUSEUM OF THE HOME,435.94673,363
2108,HOXTON STATION  / MUSEUM OF THE HOME,536.85934,291
2114,PRIMROSE STREET,1230.94175,920
2116,LIVERPOOL STREET STATION,3184.54313,556
2123,MONUMENT STATION,1322.58697,931
21237,KING CHARLES ROAD,147.19171,314
2127,INCHMERY ROAD,479.53343,605
2128,PENGE / PAWLEYNE ARMS,753.72979,438
213,KNIGHTSBRIDGE STATION,1333.08593,363
2131,HIGH STREET / GREEN LANE,318.62987,255
2135,UNION STREET,1306.91358,389
2137,INNER LONDON CROWN COURT,568.36296,455
2140,NEWINGTON BUTTS,191.96498,436
2141,NEWINGTON BUTTS,680.16646,366
2143,PENTON PLACE,259.72427,361
21529,SWEEPS LANE,52.84927,64
21558,BROMLEY SOUTH STATION,1899.00679,575
2156,NELSON'S ROW,943.4332,440
2157,ST LUKE'S AVENUE,365.04827,444
21597,BRIDGE ROAD / NORTHEND ROAD,99.65454,171
21598,HOWBURY LANE / SLADE GREEN STATION,75.01685,154
21599,WHITEHALL LANE / SLADE GREEN STATION,239.65532,153
216,KNIGHTSBRIDGE STATION  / HARRODS,744.54859,283
21600,SHEARWOOD CRESCENT,26.65477,72
21601,SHEARWOOD CRESCENT,57.48507,68
21602,WATERSIDE,97.61155000000001,73
21603,WATERSIDE,9.36829,72
21625,NORTHALL ROAD / BARNEHURST STATION,66.22911,80
21626,NORTHALL ROAD / BARNEHURST STATION,21.505219999999998,80
2163,LYNETTE AVENUE,197.23472,256
2164,LYNETTE AVENUE,132.92077,256
2165,CATHLES ROAD,160.83222,253
2167,ALDERBROOK ROAD,254.80988,253
2168,ALDERBROOK ROAD,332.74282,252
21697,MANOR ROAD / MANOR CLOSE,2.69885,66
2171,DU CANE COURT,157.56582,252
2172,DU CANE COURT,447.49723,252
2175,UPPER TOOTING PARK,349.20519,252
2176,UPPER TOOTING PARK,370.99393,251
2179,LYNWOOD ROAD,236.29943,248
21790,ST MARY'S ROAD,10.867639999999998,104
2180,DAFFORNE ROAD,508.47763,253
2181,HEBDON ROAD,699.53858,248
21819,BARTON ROAD,12.05607,72
2182,LYNWOOD ROAD,387.85474,253
21820,ELLENBOROUGH ROAD,80.27798,67
21822,MOUNT MASCAL FARM,2.0816899999999996,63
21823,MOUNT MASCAL FARM,3.0228599999999997,70
21826,NORTH CRAY ROAD / VICARAGE ROAD,2.968009999999999,63
2183,BROADWATER ROAD,1513.77741,246
2184,BROADWATER ROAD,273.07776,253
2185,EAST ACTON LANE,185.48417,192
2186,EAST ACTON LANE,248.17001,187
21881,PARKSIDE CROSS,75.57873,80
21882,PARKSIDE CROSS,27.67133,80
2189,WEST END LANE,227.91792,178
219,PUTNEY PIER,756.57392,334
2190,QUEX ROAD,96.2655,169
2191,PRIORY ROAD,213.27875,190
2193,ST JOHN'S WOOD STATION,1176.98384,342
2194,KEW BRIDGE,493.94837,175
2196,KEW BRIDGE STATION,810.14242,260
2197,LONDON BRIDGE STATION,1242.31493,286
2198,LONDON BRIDGE STATION,1500.78939,275
220,PUTNEY PIER,188.45491,341
2216,ROTHERHITHE POLICE STATION,23.79732,353
22191,HOLLY COTTAGE,0.5494599999999998,75
22195,HAREWOOD GARDENS,102.61752,77
22196,HAREWOOD GARDENS,35.750550000000004,77
2224,DEPTFORD PARK SCHOOL,566.79925,207
2225,DEPTFORD PARK SCHOOL,536.25448,208
22263,MERLE AVENUE,59.06377,123
22265,LOVETT ROAD,13.363269999999998,123
22266,LOVETT ROAD,14.28169,126
22267,ST MARY'S ROAD,29.57697,122
22268,ST MARY'S ROAD,53.44889,123
22269,PRIORY AVENUE,58.12075,123
2227,EVELYN STREET / GRINSTEAD ROAD,126.2716,96
22270,PRIORY AVENUE,72.10792,124
22293,DENE ROAD,57.94529,222
22294,DENE ROAD,180.71789,214
22295,MYRTLESIDE CLOSE,8.54787,214
22298,MOUNT VERNON / BISHOPS WOOD HOSPITALS,2.9653199999999997,71
22301,LITTLEBOURNE FARM,0.82749,68
22302,LITTLEBOURNE FARM,0.8821899999999998,67
22303,SHEPHERDS HILL HOUSE,2.41591,68
22304,SHEPHERDS HILL HOUSE,1.15274,67
22305,THE HAREFIELD ACADEMY,57.158319999999996,66
22306,THE HAREFIELD ACADEMY,80.64108999999999,69
22311,THE GREEN,45.65893,72
2232,NORTH CHEAM / QUEEN VICTORIA,326.03844,165
22342,LARNER ROAD,61.86001,74
22343,LARNER ROAD,95.82197000000001,75
2238,LITCHFIELD AVENUE,542.518,348
2239,ST HELIER AVENUE / ROSE HILL ROUNDABOUT,187.42629,162
22398,ORPINGTON BUS STATION,408.29272000000003,194
2240,ST HELIER AVENUE / ROSE HILL ROUNDABOUT,68.15146,166
2242,WRYTHE LANE / ROSE HILL ROUNDABOUT,798.34194,299
2243,WRYTHE LANE / ROSE HILL ROUNDABOUT,369.71181,300
2245,ROMFORD STATION,658.164,152
22450,NORTHEND ROAD / COLYERS LANE,108.94972,173
2246,ST JOHN'S SCHOOL,391.55699,274
2247,JOHN RUSKIN STREET,306.06289,270
2249,CRANWICH ROAD,165.14923,171
2250,CRANWICH ROAD,399.63317,173
2253,STAMFORD HILL STATION,601.03003,171
2254,STAMFORD HILL STATION,361.64155,174
2255,CLAPTON COMMON,427.66681,172
2256,CLAPTON COMMON,283.92034,173
2259,FORBURG ROAD,642.95587,172
226,KINGS REACH BUILDING,109.54768,114
2260,OSBALDESTON ROAD,284.48461,173
2261,JESSAM AVENUE,372.44042,172
2262,JESSAM AVENUE,707.99833,172
2263,CAZENOVE ROAD,584.68055,172
2265,ROSSINGTON STREET,817.22647,172
2266,ROSSINGTON STREET,350.04851,175
2268,CLAPTON GIRLS' ACADEMY,541.79536,624
2269,CLAPTON GIRLS' ACADEMY,276.3392,262
227,KINGS REACH BUILDING,30.096439999999998,110
2270,HACKNEY BATHS,743.62492,460
2271,CLAPTON SQUARE,552.81521,556
2272,MARE STREET / NARROW WAY,968.0381600000001,461
2275,ST THOMAS'S SQUARE,499.18778,459
2276,ST THOMAS'S SQUARE,689.52995,281
2277,MARE STREET / VICTORIA PARK ROAD,1207.13391,538
2280,OLD FORD ROAD,445.22872,345
2282,CEPHAS STREET,91.4819,182
2286,BARBICAN STATION,121.53358,239
2287,BARBICAN STATION,1411.91246,235
2288,HEATHWAY,53.97042,77
2290,REEDE ROAD,215.50158,233
22916,THE CROSSWAYS,173.81814,120
2292,MORPETH STREET,266.27381,184
2293,BONNER STREET,509.28372,181
2294,POLLARD ROAD,247.44672,238
2295,POLLARD ROAD,138.56706,161
2296,WINDMILL ROAD,112.84004,136
2297,EAST END ROAD,260.43797,411
2298,TEMPLE FORTUNE LANE,347.78878000000003,259
2299,TEMPLE FORTUNE LANE,798.09644,263
2300,GREEN LANE,28.80532,316
23060,UXBRIDGE STATION,494.08943999999997,77
23062,UXBRIDGE STATION,1608.59392,292
231,BRIXTON STATION,4938.62422,696
2310,KINGS HEAD HILL,25.11781,98
23105,DUNTON ROAD,3953.80843,624
2311,KINGS HEAD HILL,173.41091,96
23114,STATION ROAD / CHASTILIAN ROAD,4.60302,64
23115,CHASTILIAN ROAD / STATION ROAD,9.50778,66
23116,CRAYFORD STATION,18.7628,65
23117,CRAYFORD STATION,9.08396,66
23118,CRAYFORD TOWN HALL,389.95154,221
2314,WANDSWORTH COMMON STATION,100.12595,153
2315,WANDSWORTH COMMON STATION,160.55951,151
2316,SALAMANCA STREET,403.34533,245
2317,SALAMANCA STREET,201.79571,244
2318,TINWORTH STREET,213.37523,244
23185,OVAL STATION,157.38639,182
23186,CORBETS TEY,86.06867,69
2322,COVENT GARDEN MARKET EAST SIDE,355.26476,327
2323,COVENT GARDEN MARKET EAST SIDE,135.71399,332
2324,NINE ELMS STATION,702.64252,326
23251,MAYPLACE RD WEST / BEXLEYHEATH CLOCK TWR,1317.09601,81
23253,PELHAM ROAD,0.7916199999999999,147
23254,GARDEN AVENUE,3.945349999999999,149
23255,PELHAM ROAD,110.51717000000001,143
23256,LONG LANE / WOOLWICH ROAD,50.25432,143
23257,WOOLWICH ROAD / LONG LANE,15.582879999999998,149
23258,HEVERSHAM ROAD,138.75921,144
23259,HEVERSHAM ROAD,140.29215,149
23260,BELVEDERE ROAD,54.45205,144
23261,BEDONWELL ROAD / LONG LANE,31.44252,146
23262,HOLLINGBOURNE AVENUE,5.532279999999999,143
23263,HOLLINGBOURNE AVENUE,17.68698,146
23264,LITTLE HEATH ROAD,44.28996,142
23265,LITTLE HEATH ROAD,110.14831,146
23266,PARSONAGE MANORWAY,195.57259,155
23267,PARSONAGE MANORWAY,120.96264000000001,156
23268,BEDONWELL ROAD / STREAMWAY,200.49749,158
23269,NUXLEY ROAD / DRYHILL ROAD,66.00251,74
23271,STAPLEY ROAD,145.82127,74
23273,ALL SAINTS CHURCH,86.26096,75
2328,LANSDOWNE GREEN,659.87216,326
2329,LANSDOWNE GREEN,732.01612,331
23295,PARBURY RISE,53.642269999999996,91
23296,CHESSINGTON NORTH STATION,97.49097,90
23297,CHESSINGTON NORTH STATION,291.18969,91
23298,CHURCH RISE,35.43268,90
23299,CHURCH RISE,180.64028,89
233,BRIXTON STATION,7826.39595,413
23300,MELFORD CLOSE,23.20786,90
23341,COLERAINE ROAD,1259.24364,436
23354,ROYSTON ROAD,3.7977799999999995,66
23355,ROYSTON ROAD,6.43043,64
2338,ST RULE STREET,300.88761,249
2339,WESTBURY STREET,365.0837,254
23397,ROBINSON ROAD,107.91631,81
2340,SILVERTHORNE ROAD,227.75853,249
23405,CHESSINGTON WORLD OF ADVENTURES,88.42972,181
2341,SILVERTHORNE ROAD,399.40322,254
23410,BROMLEY ROAD / LEWISHAM TOWN HALL,1021.8198600000001,352
23415,BOURNE HILL,380.60866,169
23416,CLAREMONT ROAD / SURBITON STATION,2581.28629,459
2342,THE CHASE,502.89601,249
23435,HADLEY GREEN,0.2957999999999999,9
2344,TIPTHORPE ROAD,664.71526,339
2345,TIPTHORPE ROAD,871.45587,346
2348,BATTERSEA ARTS CENTRE,509.13962,339
2349,BATTERSEA ARTS CENTRE,398.6386,346
23492,SANDERSTEAD PLANTATION,6.176339999999999,101
23493,SANDERSTEAD PLANTATION,6.844859999999999,97
235,BRIXTON STATION,286.55757,75
2350,LAVENDER HILL POLICE STATION,1450.54873,409
23503,AUSTYN GARDENS,18.3333,74
23504,AUSTYN GARDENS,2.85079,74
23505,SOUTHCOTE AVENUE,27.26748,74
23506,SOUTHCOTE AVENUE,134.6715,74
23509,PINE GARDENS,33.174,74
2351,LAVENDER HILL POLICE STATION,495.57459,420
23510,PINE GARDENS,79.62047,74
23511,THE ROYSTONS,12.0919,74
23512,THE ROYSTONS,25.89796,74
23513,PEMBROKE AVENUE,127.25341,74
23514,PEMBROKE AVENUE,64.15643,74
23515,THE BERRYLANDS / BERRYLANDS STATION,57.74837,74
23516,THE BERRYLANDS / BERRYLANDS STATION,127.79775,74
23517,THE RIDINGS,12.359459999999999,74
23518,THE RIDINGS,43.35292,74
23520,REGENT ROAD,39.21114,74
23521,BERRYLANDS ROAD,117.26308999999999,74
2355,UNION ROAD,553.50263,253
236,BRIXTON ROAD / BRIXTON POLICE STATION,1000.53326,294
23602,OLD ROAD / PERRY STREET,26.121599999999997,68
23603,WOODSIDE ROAD,10.66262,64
23604,WOODSIDE ROAD,16.23755,71
23605,MAYPLACE ROAD EAST / MANOR WAY,9.87222,65
23606,MAYPLACE ROAD EAST / MANOR WAY,10.197189999999999,72
23607,MAYPLACE ROAD EAST / BARNEHURST ROAD,47.599,142
23608,MAYPLACE ROAD EAST / BARNEHURST ROAD,85.57731,151
23609,MAYPLACE ROAD EAST / PINNACLE HILL,17.16387,142
23610,MAYPLACE ROAD EAST / PINNACLE HILL,21.05011,152
23611,ERITH ROAD,5.659549999999999,151
2365,MERTON ROAD,369.03852,246
2366,MERTON ROAD,177.53563,252
23663,LINCOLN ROAD,55.62072,150
2367,GALVESTON ROAD,152.11082,165
2368,GALVESTON ROAD,193.66293,168
2369,EXETER HOUSE,462.68051,303
23698,MANOR ROAD / MANOR CLOSE,4.176449999999999,71
237,BRIXTON ROAD / BRIXTON POLICE STATION,839.43334,336
2370,MANFRED ROAD,54.660779999999995,171
2371,EAST PUTNEY STATION,533.86593,165
2372,EAST PUTNEY STATION,601.74856,171
23742,BOTWELL COMMON,71.467,75
23782,ST JOHN'S WOOD ROAD,403.94874,289
23786,BOURNE COURT,32.449709999999996,81
238,GRESHAM ROAD / BRIXTON POLICE STATION,2313.23107,355
2380,PHOENIX HIGH SCHOOL,25.299429999999997,79
2382,KENNINGTON ROAD / IMPERIAL WAR MUSEUM,529.80251,370
23853,SOUTH LANE,47.71124,74
23874,KENNET ROAD,2.8514099999999996,68
2391,GROVEWAY,481.86075999999997,465
2392,GROVEWAY,732.56948,468
23927,COLLIERS WOOD STATION,634.88416,270
2393,VILLA ROAD,616.25614,472
2394,VILLA ROAD,369.17306,472
2395,RUSH COMMON,844.3536,718
2396,RUSH COMMON,712.92157,720
2397,HOLMEWOOD ROAD,1684.28828,715
2398,HOLMEWOOD ROAD,678.09035,722
240,LAMBETH TOWN HALL,2374.08572,333
24008,LINCOLN ROAD,52.13613,154
2403,KINGSCOURT ROAD,964.61686,1023
2404,KINGSCOURT ROAD,970.18549,1033
24132,BARTON ROAD,25.04245,66
24133,RUXLEY NURSERY,4.330849999999999,72
24134,RUXLEY CORNER,54.82732,140
24135,TUBBENDEN LANE SOUTH,106.70282,83
2416,ROBIN HOOD LANE,181.90811,164
2417,ROBIN HOOD LANE,214.3294,168
2418,WESTMINSTER ABBEY,123.01151,91
24180,CAMDEN TOWN / CAMDEN ROAD,2521.87265,298
2419,WESTMINSTER ABBEY,186.69633,95
2421,MILLBANK,255.79019,156
2424,CHINGFORD OLD CHURCH,160.40368,223
2425,CHINGFORD OLD CHURCH,265.75363,165
2428,GLOUCESTER DRIVE,248.28152,174
24280,STAPLES CORNER,138.51063,180
2429,GLOUCESTER DRIVE,107.20835,178
24294,SHEPHERD'S BUSH GREEN,311.16112,409
2430,LORDSHIP PARK,374.06223,174
2431,BROWNSWOOD ROAD,459.58661,179
24330,WHITCHURCH LANE,271.21196,83
24335,EDGWARE COMMUNITY HOSPITAL,626.31433,431
24339,WALTHAMSTOW STADIUM,866.03647,472
2434,RIVERSDALE ROAD,294.35773,254
2435,KINGS CRESCENT ESTATE,98.50406,179
2436,STOKE NEWINGTON CHURCH STREET,451.98638,177
2437,GREEN LANES / STOKE NEWINGTON CHURCH ST,509.14199,256
2438,PETHERTON ROAD,244.93779,177
2439,PETHERTON ROAD,205.65983,179
2440,ADEN GROVE,190.75404,177
24404,NORBURY STATION,639.55884,254
2441,ADEN GROVE,191.06401,179
2442,NEWINGTON GREEN,2072.99666,431
2443,NEWINGTON GREEN / MILDMAY ROAD,35.87428,83
2444,MILDMAY GROVE,130.82537,81
24458,LAMBETH TOWN HALL,634.96955,536
2446,SOUTHGATE ROAD / ARDLEIGH ROAD,79.33168,81
2448,DOWNHAM ROAD,564.73459,178
24483,PARKLANDS,38.22774,74
2449,DOWNHAM ROAD,170.19538,175
2450,BARING STREET,179.55562,172
2452,EAGLE WHARF ROAD,1030.70161,347
2455,BEVENDEN STREET,459.26436,284
2456,BEVENDEN STREET,467.30779,269
2460,EPWORTH STREET,664.02147,466
2462,FINSBURY SQUARE / MOORGATE,974.09928,430
2463,FINSBURY SQUARE,1190.67873,273
24637,PALM AVENUE,54.8027,131
24647,SOUTH LAMBETH ROAD / STOCKWELL STN,239.47433,345
24648,NEW CROSS BUS GARAGE,2961.6685,640
2466,GREAT SWAN ALLEY,345.75505,259
2467,LONDON WALL,628.54543,258
2468,BANK STATION  / PRINCES STREET,978.5705,260
24705,NEW CROSS BUS GARAGE,1070.25101,370
24743,CROYDON ROAD / WALLINGTON GREEN,596.16392,312
24779,HAMMERSMITH TOWN HALL,647.18665,595
248,THE LATCHMERE,908.22014,292
24843,BROMLEY LANE / CHISLEHURST WAR MEMORIAL,79.50828,154
24851,SHRUBBERY GARDENS,165.4028,177
2487,HOUNSLOW ROAD,167.65763,152
2488,BUTLERS GREEN,493.55323,180
2489,THE GREEN / CARLTON AVENUE WEST,204.96794,179
2490,THE GREEN / CARLTON AVENUE WEST,293.97944,181
2491,PETTITS LANE,152.97044,246
2492,PETTITS LANE,84.37058999999999,169
24961,BROMLEY LANE / CHISLEHURST WAR MEMORIAL,263.13071,153
24994,SHEPHERD'S BUSH STATION,2967.29763,501
2502,BARLEY LANE,918.6345,220
25027,BURNT OAK STATION,1641.52979,331
25031,GOODMAYES PRIMARY SCHOOL,236.58694,243
25042,ARGYLE ROAD / AVONDALE AVENUE,89.54966,77
25043,ARGYLE ROAD / AVONDALE AVENUE,62.18002,78
25044,SUSSEX RING,116.52055,77
25045,SUSSEX RING,245.91217,155
25046,SINGLETON SCARP,13.417769999999999,78
25048,CISSBURY RING / WESTERN ARM,58.77222,77
25051,SHELLEY AVENUE,325.64062,256
25053,NOTTING HILL GATE STATION,1056.21049,445
25056,GRASMERE GARDENS,159.02161,173
25057,KINGSMEADOW,154.74266,145
25066,ST LEONARDS AVENUE,185.26304,388
25067,PERCY ROAD,77.64624,78
25068,ECCLESTON CRESCENT,205.54581,154
25069,HAMPSTEAD ROAD / DRUMMOND STREET,663.94512,180
25070,MALDEN GREEN AVENUE,40.61616,91
25071,MALDEN GREEN AVENUE,29.97748,93
25072,THE VALE,439.77538,257
25073,STAFFORD ROAD,301.16211,96
25076,LUMLEY ROAD,36.065349999999995,165
25077,LUMLEY ROAD,48.97876,174
25078,GURNELL LEISURE CENTRE,480.19292,421
25079,GURNELL LEISURE CENTRE,387.52877,414
2508,CHURCH STREET,261.88394,158
25080,CHASE SIDE,29.94821,149
2509,CHURCH STREET,182.85339,158
25092,NOEL ROAD,192.80852,173
25093,NOEL ROAD,140.10351,245
25096,BOW CHURCH STATION,1470.92778,371
25102,HENDON MAGISTRATES COURT,1374.92285,375
25103,EAST STREET,2105.07196,577
25105,WESTMORELAND ROAD,906.42173,493
25106,WESTMORELAND ROAD,1535.50405,577
25108,HOWARD ROAD,5.92532,73
25109,HOWARD ROAD,14.83493,81
25115,RUXLEY NURSERY,17.21291,69
25117,SOUTHWOOD DRIVE / ELMBRIDGE AVENUE,136.78111,152
25118,EDGWARE STATION  / STATION ROAD,2378.57539,466
25119,MANOR DRIVE NORTH,16.48127,74
25125,FORD'S EAST ENTRANCE,31.6209,154
25130,EAGLE WHARF ROAD,636.01909,287
25131,STONEFIELD WAY,238.80656000000002,81
25132,BARBAULD ROAD,528.6232,174
25133,PERTH ROAD,421.84523,203
25134,STONEFIELD WAY,135.90872,83
25135,ST MARK'S CHURCH,48.694849999999995,225
25136,WALPOLE STREET,463.41471,438
25138,UPMINSTER STATION,898.90254,298
25139,UPMINSTER STN   / ST LAWRENCE ROAD,415.82478,76
25140,GAYNES ROAD,335.4192,300
25141,ST LAURENCE CHURCH,509.94789000000003,151
25143,WATERS ROAD,145.66956,100
25144,CAMBRIDGE GROVE,223.6303,99
25145,OLD PARK LANE / HARD ROCK CAFE,234.46206,311
25146,ANGEL STATION,3495.63713,369
25153,FYFIELD ROAD,70.06855,76
25154,FYFIELD ROAD,228.27264,78
25155,BRIMSDOWN STATION,467.61095,164
25159,VERNON ROAD,389.06771000000003,147
25160,YORK ROAD,54.53313,163
25161,CORNWALL ROAD,37.06462,149
25162,CORNWALL ROAD,104.46891,81
25163,WOODFIELD WAY,53.31599,175
25164,WOODFIELD WAY,208.65864,172
25165,MITCHAM POLICE STATION,66.96938,149
25179,CHINGDALE ROAD,70.58937,79
2518,LONDON ROAD / THE GEORGE,151.22276,175
25180,DAGMAR AVENUE,112.33764,251
25181,LAVENDER AVENUE,204.70502,188
25182,LAVENDER AVENUE,345.52065,180
25185,NEWBURY PARK STATION,1479.96257,227
25187,STAMFORD HILL,719.80209,173
2519,SOUTH THAMES COLLEGE,716.11182,253
25193,WARDEN AVENUE,501.96957000000003,222
25194,WARDEN AVENUE,175.21496,80
25195,EDMONTON FIRE STATION,143.28637,78
25196,KENILWORTH GARDENS,41.90675,79
25197,KENILWORTH GARDENS,485.36249,78
25198,LAWSON ROAD,211.25447,78
25199,LAWSON ROAD,43.26509,79
25200,WINDERMERE ROAD,72.44356,79
25201,WINDERMERE ROAD,279.63716,78
25202,ASCOT GARDENS,78.20189,79
25203,SOMERSET ROAD,389.43288,158
25204,DENBIGH ROAD,301.39676000000003,159
25205,DENBIGH ROAD,497.03778,159
25206,CARLYLE AVENUE,125.06031,159
25207,SOLWAY ROAD,154.47752,81
25209,PAISLEY ROAD,53.0254,81
25210,PAISLEY ROAD,321.00858,81
25211,NEW RIVER SPORTS CENTRE,205.81283,81
25212,NEW RIVER SPORTS CENTRE,337.43079,81
25213,HARINGEY FOOTBALL CLUB,252.29572,81
25214,HARINGEY FOOTBALL CLUB,404.85921,81
25215,ROWLAND HILL AVENUE,122.46963,81
25216,ROWLAND HILL AVENUE,202.92952,81
25217,GREAT CAMBRIDGE ROAD,313.29962,153
25218,GREAT CAMBRIDGE ROAD,351.15077,156
25219,TOTTENHAM CEMETERY,158.21458,153
2522,ST JOHN THE DIVINE CHURCH,20.71011,72
25220,TOTTENHAM CEMETERY,273.4497,156
25221,HARINGEY SIXTH FORM COLLEGE,111.00278,81
25222,HARINGEY SIXTH FORM COLLEGE,391.33642,82
25223,WHITE HART LANE STATION,161.2361,81
25224,WHITE HART LANE STATION,911.56378,82
25225,TOTTENHAM HIGH ROAD,178.05152,80
25226,WORCESTER AVENUE,497.64663,81
25227,GILLHAM TERRACE,27.75436,80
25228,GILLHAM TERRACE,317.38818,81
25229,SCOTSWOOD WALK,7.293639999999999,80
2523,ARKWRIGHT ROAD,44.91296,71
25230,SCOTSWOOD WALK,398.34711,81
25233,DEYNCOURT GARDENS,5.960539999999999,85
25234,UPMINSTER STATION,56.52613,88
25235,INGREBOURNE GARDENS,5.6887099999999995,85
25236,INGREBOURNE GARDENS,36.85738,88
25237,THE FAIRWAY,1.21413,85
25238,THE FAIRWAY,5.196159999999999,88
25239,UPMINSTER TITHE BARN MUSEUM,1.8260499999999995,85
2524,ARKWRIGHT ROAD,16.11085,73
25240,UPMINSTER TITHE BARN MUSEUM,41.72452,88
25241,RIVER DRIVE,3.38688,85
25242,SEVERN DRIVE,123.76161,78
25243,RIDDLESDOWN,37.86229,69
25244,RIDDLESDOWN,22.95198,69
25245,MITCHLEY HILL,10.90078,68
25246,MITCHLEY HILL,20.84146,66
25247,BORROWDALE DRIVE,13.88862,67
25248,BORROWDALE DRIVE,16.67693,66
25249,SANDERSTEAD CLINIC,14.27906,65
25250,SANDERSTEAD CLINIC,64.50886,66
25251,SANDERSTEAD / ALL SAINTS CHURCH,85.04865,98
25252,SANDERSTEAD / ALL SAINTS CHURCH,26.78893,98
25253,HARBLEDOWN ROAD,11.202679999999999,102
25254,HARBLEDOWN ROAD,3.2055199999999995,98
25265,CARLYLE AVENUE,193.23448,158
25266,NEW HILL,20.62435,92
25267,NEW HILL,2.7416300000000002,97
25270,EAST INDIA DOCK ROAD,950.49869,260
25271,CHISLEHURST COMMON,13.3102,154
25272,CHISLEHURST COMMON,90.47345,153
25276,WILLIAM BAREFOOT DRIVE,29.51082,154
25277,WILLIAM BAREFOOT DRIVE,28.27901,154
25280,HENRY COOPER WAY,118.6533,243
25281,HENRY COOPER WAY,121.08724,239
25282,DUDDINGTON CLOSE,80.62369,243
25283,DUDDINGTON CLOSE,98.14909,239
25286,TOOTING BROADWAY STATION,1704.39681,485
25287,TOOTING BROADWAY STATION,194.03594,75
25288,DUNKERY ROAD / MOTTINGHAM ROAD,114.09518,247
25289,DUNKERY ROAD / MOTTINGHAM ROAD,129.34201,245
25290,BEXLEYHEATH BUS GARAGE,0.0,141
253,WARNER ROAD,2132.64461,275
2532,SANDY LANE,107.37077000000001,95
25331,SHAKESPEARE ROAD,523.2460599999999,100
2534,SOUTH HARROW STATION,2326.05959,303
25349,RICHMOND ROAD,163.43946,125
25351,BARNFIELD AVENUE,73.64164,80
25352,BARNFIELD AVENUE,17.964019999999998,81
25353,HOLLYBUSH ROAD,64.05312,81
25354,HOLLYBUSH ROAD,118.94663,80
25355,LATCHMERE LANE,53.54086,81
25356,LATCHMERE LANE,102.87089,80
25357,WINGFIELD ROAD,42.29874,81
25358,WINGFIELD ROAD,121.32987,80
25359,LATCHMERE ROAD,41.9231,81
25360,KELVEDON CLOSE,111.35947,79
25362,REDVERS ROAD,2464.33065,180
25366,PRINCES AVENUE,413.53889,165
25367,KILBURN HIGH ROAD / QUEX ROAD,803.29869,159
25368,FREMANTLE ROAD,1659.64848,498
25369,YORK ROAD,69.4417,170
25370,YORK ROAD,163.28504,169
25371,COURT FARM ROAD,144.85583,244
25372,COURT FARM ROAD,153.59914,240
25373,BEACONSFIELD ROAD,204.12593999999999,246
25374,BEACONSFIELD ROAD,229.94852,242
25375,DUNKERY ROAD / RAVENSWORTH ROAD,159.07329,247
25376,DUNKERY ROAD / RAVENSWORTH ROAD,152.48378,242
25377,RUSH GREEN ROAD,119.51695,81
25378,RUSH GREEN ROAD,173.54327,79
25379,RUSH GREEN SCHOOL,150.34634,81
2538,EMPRESS STATE BUILDING / WEST BROMPTON,152.05276,199
25380,RUSH GREEN SCHOOL,91.79656,79
25381,BARKING & DAGENHAM COLLEGE,707.56004,81
25382,BARKING & DAGENHAM COLLEGE,422.45985,79
25383,VALENTINES WAY,215.46642,81
25384,VALENTINES WAY,103.66625,79
25385,EASTBROOKEND COUNTRY PARK,5.478159999999999,81
25386,EASTBROOKEND COUNTRY PARK,11.461839999999999,79
25387,THE CHASE,27.13066,81
25388,THE CHASE,16.904739999999997,79
25389,PARK DRIVE,153.21899,81
2539,EMPRESS STATE BUILDING / WEST BROMPTON,231.74147,269
25390,PARK DRIVE,143.74065,79
25391,EASTBROOK SCHOOL,273.46215,81
25392,EASTBROOK SCHOOL,219.26796,79
25393,RAINHAM ROAD NORTH,125.52961,81
25394,RAINHAM ROAD NORTH,193.102,79
25395,HUNTERS HALL ROAD,294.4955,81
25396,HUNTERS HALL ROAD,411.61289,79
25399,HEATHWAY,241.98213,79
25444,GRENFELL GARDENS,166.55738,222
25445,SHORE ROAD,812.68583,280
25446,SHORE ROAD,353.81842,188
25447,VILLAGE WAY,218.41259,232
25448,CAMBRIDGE GARDENS / LADBROKE GROVE,52.25806,184
25449,FOREST ROAD / BELL CORNER,1191.35622,431
25450,MORDEN ROAD,205.93267,77
25453,PORTLAND CRESCENT,240.4777,157
25456,RIDDLESDOWN SCHOOL / RIDDLESDOWN STN,17.89746,73
25457,RIDDLESDOWN SCHOOL / RIDDLESDOWN STN,5.4698899999999995,69
25460,THE RECREATION GROUND,41.37278,143
25468,THE PLOUGH,248.92416,94
25469,THE PLOUGH,342.8468,94
25470,RECTORY GARDENS,32.84575,66
25471,RECTORY GARDENS,33.21713,76
25472,SOUTHBOROUGH LANE / BLACKBROOK LANE,79.79581,165
25478,TOTTENHAM LANE Y M C A,617.3893,193
25480,CHURCH ROAD,322.54325,382
25483,AMITY ROAD,367.47067,168
25484,LONGFIELD AVENUE,202.28742,249
2550,TRINITY STREET / THE ROEBUCK,86.98743,101
2551,TRINITY STREET / THE ROEBUCK,108.73647,101
25511,SWANDON WAY,174.58671,187
25512,PETERGATE,325.7716,266
25513,PETERGATE,523.06885,264
25514,CHATFIELD ROAD,270.77504,266
25515,CHATFIELD ROAD,324.77380999999997,264
25518,HOPE STREET / PLANTATION WHARF PIER,400.97736,266
25519,HOPE STREET / PLANTATION WHARF PIER,196.84228,264
2552,BARTHOLOMEW STREET,227.22140000000002,100
25522,YORK GARDENS,219.82914,178
25523,BATTERSEA HIGH STREET,56.40234,96
25524,BATTERSEA HIGH STREET,938.31083,476
25525,BULLEN STREET,1505.48772,481
25528,THE LATCHMERE,1241.66509,190
25529,HARRIS ACADEMY / BATTERSEA,364.25888,190
2553,BLACKHORSE COURT,119.83258,102
25530,HARRIS ACADEMY / BATTERSEA,669.97894,188
25531,BATTERSEA PARK LIBRARY,711.46054,191
25532,BATTERSEA PARK LIBRARY,394.67838,188
25533,BATTERSEA MEDICAL CENTRE,459.65947,193
25534,MACDUFF ROAD,423.6229,188
25535,BATTERSEA PARK STATION,660.94352,176
25536,BATTERSEA MEDICAL CENTRE,159.74282,189
25537,BATTERSEA PARK STATION,896.93036,248
25538,BATTERSEA DOGS & CATS HOME,171.31754,176
25539,BATTERSEA DOGS & CATS HOME,347.96577,248
2554,OLD KENT ROAD / EAST STREET,2755.04363,697
25542,BATTERSEA POWER STATION,1511.40959,257
25543,BATTERSEA POWER STATION,1253.09767,249
25544,RIVERLIGHT QUAY,521.08346,248
25545,RIVERLIGHT QUAY,281.87086,257
25546,UNITED STATES EMBASSY,254.04108,256
25547,UNITED STATES EMBASSY,384.82021000000003,250
2555,CASTLE WAY,4.5342199999999995,82
25550,ST GEORGE WHARF PIER,61.23517,256
25551,ST GEORGE WHARF PIER,32.96021,251
25552,LAMBETH PALACE,133.23683,90
25553,BOROUGH ROAD,45.58323,94
25554,GREAT SUFFOLK STREET,70.22729,94
25555,GREAT SUFFOLK STREET,105.9261,96
25556,MARSHALSEA ROAD,76.51948,94
25557,MARSHALSEA ROAD,70.72439,96
25559,NINE ELMS STATION,1284.37257,331
25560,LARKHALL PARK,824.66142,325
25561,LARKHALL PARK,909.80811,325
25562,UNION ROAD,859.88526,251
25563,WANDSWORTH ROAD STATION,530.30544,250
25564,THE CHASE,144.30986,254
25566,CLAPHAM JUNCTION STATION,5946.2567500000005,520
25569,CLAPHAM JUNCTION STN  / THE FALCON,4059.59185,815
25570,CLAPHAM JUNCTION STATION,378.74723,90
25571,MANSFIELD ROAD,326.44494,226
25572,MANSFIELD ROAD,27.92501,89
25577,COPT GILDERS,40.73038,121
25578,REYNOLDS CLOSE,341.81576,83
2558,PECKHAM PARK ROAD,1623.90123,370
25582,IMPERIAL WAY,54.95468,172
25583,IMPERIAL WAY,300.76719,168
25585,AIRPORT HOUSE,345.31306,167
25586,BATTLE OF BRITAIN WAR MEMORIAL,4.16684,77
25587,BATTLE OF BRITAIN WAR MEMORIAL,3.2268399999999993,76
25588,SALCOT CRESCENT,553.05588,252
25593,HOUNSLOW HEATH / THE HUSSAR,0.0,85
25595,WHITEFIELD AVENUE,112.08814,68
25596,GRAVEL HILL,123.48522,280
25597,BARRATT AVENUE,124.47079,158
25598,BARRATT AVENUE,155.33819,160
25599,SOUTHAMPTON ROW / THEOBALD'S ROAD,574.3234,276
256,DENMARK HILL / CAMBERWELL GREEN,2664.27946,435
25605,BEXLEYHEATH BUS GARAGE,215.15818,308
25606,LONDON ROAD / TWICKENHAM,795.33336,320
25608,THE PARKWAY,177.21778,191
2561,MCCARTHY ROAD,91.28368,83
25613,ST MARK'S ROAD,425.56348,190
25614,ST MARK'S ROAD,374.82178,188
25615,KINGSBRIDGE ROAD,64.89681999999999,153
25616,KINGSBRIDGE ROAD,269.78407,149
25617,HAROLD HILL COMMUNITY CENTRE,65.78093,153
25618,HAROLD HILL COMMUNITY CENTRE,249.71477000000002,151
25619,CENTRAL PARK LEISURE CENTRE,64.0652,153
25620,CENTRAL PARK LEISURE CENTRE,421.023,150
25625,CAMBORNE AVENUE,28.019889999999997,153
25626,CAMBORNE AVENUE,300.52823,151
25627,FULHAM TOWN HALL,848.73919,313
25629,FRANCIS GROVE,1645.33988,196
25631,WALPOLE ROAD,233.94661,268
25632,WALPOLE ROAD,346.44998,269
25633,LONGLEY ROAD,157.03118,268
25634,LONGLEY ROAD,360.6634,422
25635,NUTWELL STREET,826.56869,666
25636,NUTWELL STREET,362.11722,422
25637,CLAPHAM SOUTH STATION,780.02144,252
25638,CLAPHAM NORTH & HIGH STREET STNS,480.08704,274
2564,CASTLE WAY,20.63712,83
25640,LANSDOWNE WAY,434.39547,182
25641,LANSDOWNE WAY,361.63763,182
25642,ALBERT SQUARE,224.0432,182
25643,ALBERT SQUARE,447.74225,182
25644,DORSET ROAD,288.13235000000003,182
25645,DORSET ROAD,254.28235,182
25646,FENTIMAN ROAD,96.69241,182
25647,FENTIMAN ROAD,193.60578,182
25648,OVAL STATION,540.1621700000001,183
25649,KENNINGTON PARK,76.07311,194
25650,CAMBERWELL NEW ROAD,120.13226999999999,183
25652,LAMBETH NORTH STATION,204.64799,189
25653,LAMBETH NORTH STATION,975.8472,194
25654,KENNINGTON ROAD / IMPERIAL WAR MUSEUM,324.43372,267
25655,MITCHAM ROAD / TOOTING BROADWAY STN,4846.74042,506
25657,AMEN CORNER,240.87592,253
25658,CROWBOROUGH ROAD,314.04142,253
2566,FERNSIDE AVENUE,116.04698,81
25660,EASTBOURNE ROAD,246.84943,251
25661,EASTBOURNE ROAD,478.99308,252
25662,NIMROD ROAD,223.09565,250
25663,NIMROD ROAD,503.73102,252
25664,SOUTHCROFT ROAD / MITCHAM LANE,752.35187,251
25665,SOUTHCROFT ROAD / MITCHAM LANE,676.14991,251
25666,TELFORD AVENUE,1742.05781,525
2567,BRIANT STREET,819.3601,368
25672,EDGEHILL ROAD,67.81319,76
25673,EDGEHILL ROAD,7.50808,77
25674,RUSSELL HILL ROAD,156.02208,74
25678,ACTON GREEN,539.08398,96
25679,QUEENSTOWN ROAD,192.31787,92
25680,BRIXTON WATER LANE,350.71374,257
25681,BRIXTON WATER LANE,527.04944,261
25682,JUBILEE PRIMARY SCHOOL,669.73165,256
25683,JUBILEE PRIMARY SCHOOL,185.52058,261
25684,CRAIGNAIR ROAD,1043.04547,256
25685,CRAIGNAIR ROAD,197.80729,261
25686,UPPER TULSE HILL,281.36679,257
25687,UPPER TULSE HILL,188.24354,338
25689,HIGH TREES,118.92178,338
2569,ST GEORGE'S ROAD / IMPERIAL WAR MUSEUM,272.09515,487
25691,TULSE HILL HOTEL,211.62227,409
25693,LODGE DRIVE,434.55505,173
25694,WHITE CITY ESTATE,176.87629,152
25695,CHELSEA PARK GARDENS,170.10863,92
25696,HATHERLEY CRESCENT / SIDCUP STATION,436.1786,216
25697,HEMMINGS CLOSE,19.36076,77
25698,HEMMINGS CLOSE,16.33944,76
25699,BIRCHWOOD AVENUE,20.53715,77
257,TOWFIELD ROAD,1.15278,81
25700,BIRCHWOOD AVENUE,27.20547,76
25701,MELVILLE ROAD,19.461679999999998,76
25702,MELVILLE ROAD,12.1406,77
25707,BRIAN CLOSE,48.41137,240
25708,BRIAN CLOSE,21.09421,246
25710,OKEHAMPTON CRESCENT / BRAMPTON ROAD,141.48398,84
25711,KING HAROLDS WAY / BRAMPTON ROAD,51.15863,82
25712,WESTBOURNE ROAD,23.99382,84
25713,WESTBOURNE ROAD,30.260559999999998,82
25714,LECKWITH AVENUE,37.84004,84
25715,LECKWITH AVENUE,64.56483,82
25716,LENHAM ROAD,67.95071,84
25717,LENHAM ROAD,83.59501,82
25718,BEDONWELL ROAD / DRYHILL ROAD,146.50297,82
25719,SHINGLEWELL ROAD,38.83146,70
25729,BRIGSTOCK ROAD / LONDON ROAD,640.22298,170
2573,RODNEY PLACE,1189.6969,711
25730,BRIGSTOCK ROAD / LONDON ROAD,86.05229,176
25731,WHITEHORSE MANOR-BRIGSTOCK SITE,164.31398,169
25733,NUTFIELD ROAD,339.20003,169
25734,WHITEHORSE MANOR BRIGSTOCK SITE,304.64857,176
25735,BENSHAM LANE,426.47051,176
25736,THORNTON HEATH LIBRARY,535.11025,245
25737,BROOK ROAD,283.78124,245
25738,BROOK ROAD,1088.61322,251
25739,THORNTON HEATH STATION,2055.6431900000002,325
2574,RODNEY PLACE,1380.63902,708
25740,THORNTON HEATH STATION,1006.35639,330
25741,THORNTON HEATH CLOCK TOWER,623.28531,236
25742,NURSERY ROAD,233.20826,78
25745,WESTHORNE AVENUE / ST BARNABAS CHURCH,205.1518,155
25746,WELL HALL ROAD / KIDBROOKE LANE,270.21478,240
25747,WELL HALL ROAD / WELL HALL ROUNDABOUT,323.8559,238
25748,WELL HALL ROAD / KIDBROOKE LANE,215.16825,237
25749,ELTHAM STATION  / SHERARD ROAD,554.73651,240
25751,ELTHAM STATION  / LASSA ROAD,61.262029999999996,460
25754,CENTRAL PARADE,227.06524,231
25755,ST EDWARD'S CHURCH,12.16709,134
25756,NEW ADDINGTON BAPTIST CHURCH,6.278669999999999,135
25757,NEW ADDINGTON BAPTIST CHURCH,35.65551,140
25758,CALLEY DOWN CRESCENT,8.506829999999999,140
25759,CALLEY DOWN CRESCENT,154.31592,139
25760,KING HENRY'S DRIVE / HOMESTEAD WAY,83.85907,158
25761,KING HENRY'S DRIVE / HOMESTEAD WAY,10.401469999999998,159
25762,AVERY HILL / RIEFIELD ROAD,20.24573,75
25763,RIEFIELD ROAD / CROWN WOODS SCHOOL,8.636039999999998,75
25764,RIEFIELD ROAD / CROWN WOODS SCHOOL,9.26009,68
25765,ELTHAM CEMETERY,1.8325699999999994,75
25766,ELTHAM CEMETERY,7.92932,67
25773,CUMBERLAND AVENUE,70.02049,75
25775,HOOK LANE / WESTWOOD LANE,90.43728,80
25776,YORKLAND AVENUE,43.74702,68
25777,WESTWOOD LANE / HOOK LANE,101.64016,85
25778,FARADAY ROAD,32.90858,80
25779,FARADAY ROAD,27.63367,85
25780,CENTRAL AVENUE / WICKHAM STREET,86.66468,80
25781,CENTRAL AVENUE / WICKHAM STREET,76.8728,85
25782,WICKHAM STREET / EDISON ROAD,50.85828,85
25783,PEREGRINE COURT,83.02139,80
25784,CHAUCER ROAD,72.15886,79
25785,CHAUCER ROAD,74.41575,85
25786,THE GLENMORE ARMS,76.997,79
25787,COMBESIDE,70.93431,85
25788,THORNHILL AVENUE,147.73246,85
25789,THORNHILL AVENUE,164.3258,80
25794,STANBOROUGH ROAD,70.51462000000001,79
25795,STANBOROUGH ROAD,8.93085,79
25798,FARNELL ROAD,35.96786,79
25799,FARNELL ROAD,70.02674,79
25800,HEATH ROAD,130.50858,155
25801,HEATH ROAD,97.90566,154
25802,EATON ROAD,43.62051,154
25803,EATON ROAD,78.83318,155
25804,REAPERS WAY,103.32416,154
25805,REAPERS WAY,86.37701,79
25806,WHITTON DENE,62.26386,78
25807,WHITTON DENE,87.21349,79
25808,KNELLER GARDENS,12.747919999999999,78
25809,KNELLER ROAD,12.997549999999999,117
2581,ABBEY STREET,476.26191,249
25810,KNELLER ROAD,12.69512,128
25812,WHITTON STATION,295.77753,155
25813,PAULINE CRESCENT,23.02019,158
25814,PAULINE CRESCENT,41.08249,155
25815,RYECROFT AVENUE,48.402,159
25816,RYECROFT AVENUE,91.38477,155
25819,"GUY, EARL OF WARWICK",297.48837,346
25820,MORDEN COURT,175.16018,253
25821,MORDEN COURT,287.81716,256
25823,THE ADMIRAL NELSON / WHITTON,140.00552,300
25824,WHITTON HIGH STREET,325.51552,155
25825,WHITTON HIGH STREET,369.1752,158
25827,GOLDWELL ROAD,73.16217,78
25828,GOLDWELL ROAD,35.74337,79
25829,SILVERLEIGH ROAD,89.37038,79
25830,RECREATION WAY,163.57691,78
25831,YORKSHIRE ROAD,234.04981,78
25832,YORKSHIRE ROAD,117.88194,80
25833,POLLARDS HILL LIBRARY,845.18523,233
25834,POLLARDS HILL LIBRARY,327.1999,306
25835,IVY GARDENS,259.24016,305
25836,NORTHBOROUGH ROAD,482.454,306
25838,STANFORD WAY,527.50117,326
25839,ROSEMEAD AVENUE,366.17779,406
2584,ABBEY STREET,230.99555,244
25841,SOUTHBOURNE CRESCENT,32.993159999999996,156
25842,SOUTHBOURNE CRESCENT,34.766169999999995,158
25848,SIDCUP STATION  / STATION ROAD,1277.23479,536
2585,SOUTHWARK STATION,421.55498,200
25851,SEWARDSTONE GARDENS,1.28466,143
25852,SEWARDSTONE GARDENS,49.2356,75
25853,REGENT'S PARK ROAD,105.37153,80
25856,STREATHAM HILL STN  / STREATHAM HILL,1553.41559,538
25857,BECMEAD AVENUE,2135.49049,589
25859,STREATHAM STATION,1057.95608,253
2586,SOUTHWARK STATION,953.01329,203
25860,STREATHAM STATION,2114.14849,449
25861,STREATHAM STATION,797.68248,226
25865,ST HELEN'S ROAD,630.43965,174
25866,CANTERBURY ROAD,1025.58194,522
25868,CROYDON FLYOVER,508.42438,248
2587,POCOCK STREET,235.38827,203
25870,ABERDEEN ROAD,374.42003,715
25871,SWAN & SUGAR LOAF,106.90724,144
25875,BRIGHTON ROAD / PURLEY DOWNS ROAD,201.18246,368
25876,PURLEY HIGH STREET,0.0,108
2588,POCOCK STREET,166.70705,200
2589,ST GEORGE'S CIRCUS,250.2918,201
25893,WATERLOO BRIDGE / SOUTH BANK,2143.82642,970
25895,WATERLOO STATION / WATERLOO ROAD,868.71376,342
25896,WATERLOO STATION   / WATERLOO ROAD,3497.02218,385
25898,HEATH ROAD / TWICKENHAM,1272.97345,505
2590,ST GEORGE'S CIRCUS,251.83261,203
25904,EGERTON ROAD,1257.58537,611
25906,GREENWICH CHURCH STREET,237.2645,208
25907,CREEK ROAD / NORMAN ROAD,218.34931,208
25908,CREEK ROAD / NORMAN ROAD,633.97813,209
25909,CREEKSIDE,117.61937,208
25910,CREEKSIDE,128.34618,209
25912,MACMILLAN STUDENTS VILLAGE,319.39023000000003,208
25913,DEPTFORD HIGH STREET,506.97011000000003,304
25915,DEPTFORD HIGH STREET,917.54351,303
25916,ABINGER GROVE,598.53702,304
25917,ABINGER GROVE,877.09405,304
25918,DEPTFORD FIRE STATION,716.62273,303
25920,BESTWOOD STREET,333.96783,207
25921,BESTWOOD STREET,170.85514,110
25922,LOWER ROAD / PLOUGH WAY,1.6226599999999998,15
25923,ROTHERHITHE POLICE STATION,111.92927,420
25924,SURREY QUAYS ROAD,35.838359999999994,275
25926,SOUTHWARK PARK,240.39796,457
25927,SOUTHWARK PARK,222.91638,374
25928,DRUMMOND ROAD,735.55664,385
25929,DRUMMOND ROAD,645.91809,375
2593,WATERLOO STATION   / WATERLOO ROAD,1105.4233,464
25932,JAMAICA ROAD / ABBEY STREET,523.20887,383
25936,TOWER BRIDGE ROAD,118.18105,206
25938,LAVINGTON STREET,189.25837,117
25939,LAVINGTON STREET,92.67896999999999,116
25940,BLACKFRIARS ROAD,144.28925,117
25941,BLACKFRIARS ROAD,61.442589999999996,111
25945,BRIXTON STATION,14137.45918,726
25946,WEST CROYDON STATION,133.45929999999998,166
25953,PARK ROAD,22.637529999999998,95
25954,PARK ROAD,44.84684,95
25955,ROYAL TRINITY HOSPICE,31.80322,98
25956,BALHAM NEW ROAD,407.12884,328
25959,SYDENHAM AVENUE,137.77068,78
2596,ST GEORGE'S CIRCUS,735.69597,555
25960,CRYSTAL PALACE PK RD / CHARLEVILLE CIR,125.74079,78
25963,LEIGHAM COURT ROAD,916.93144,670
25964,BARNET COPTHALL LEISURE CENTRE,140.21648,77
25965,BARNET COPTHALL LEISURE CENTRE,147.83019,77
25966,SALCOMBE GARDENS,185.52953,77
25967,SALCOMBE GARDENS,180.53498,77
25968,RUSHDEN GARDENS,66.65784,77
25969,RUSHDEN GARDENS,32.43891,78
2597,ST GEORGE'S CIRCUS,425.83779,555
25970,BITTACY HILL,47.31152,77
25971,BITTACY HILL,47.8224,78
25974,SANDYCOMBE ROAD,0.8234699999999997,253
25975,MILL HILL EAST STATION,956.93761,229
25976,CROOKED BILLET / WALTHAMSTOW AVENUE,267.97261,83
25978,HENLYS ROUNDABOUT,79.66116,143
25979,HENLYS ROUNDABOUT,123.90826,152
25980,GIRLING WAY,221.2073,235
25981,GRANTLEY ROAD,228.74115,145
25982,GRANTLEY ROAD,101.0966,151
25983,THE PARKWAY,862.84388,147
25984,THE PARKWAY,235.9768,152
25985,GIRLING WAY,294.5245,232
25988,CLAPHAM COMMON STATION,1239.97781,178
25990,CLAPHAM COMMON STATION,4059.03192,624
25991,CLAPHAM COMMON STATION,1893.24101,356
25994,LOWER ROAD / SURREY QUAYS STATION,1175.16581,382
25998,SIDCUP STATION,1439.35223,310
260,TOOTING BROADWAY  / STH THAMES COLLEGE,2896.29174,424
26006,TUNNEL AVENUE,739.1772100000001,181
26007,GREENWICH STATION,113.15034,252
26009,ASHBURNHAM GROVE,56.633649999999996,252
26010,ASHBURNHAM GROVE,99.13338,250
26011,GREENWICH SOUTH STREET / BLACKHEATH ROAD,155.64658,252
26012,GREENWICH SOUTH STREET / BLACKHEATH ROAD,107.64040999999999,250
26013,SPARTA STREET,122.00610999999999,195
26014,SPARTA STREET,368.60741,198
26015,MORDEN HILL,59.50958,195
26016,MORDEN HILL,121.60369,197
26018,BLACKHEATH RISE,47.611329999999995,197
26020,CATFORD & CATFORD BRIDGE STATIONS,1581.74686,341
26021,CATFORD & CATFORD BRIDGE STATIONS,298.08213,245
26022,CATFORD & CATFORD BRIDGE STATIONS,711.69351,333
26025,BLYTHE VALE,295.00831,181
26026,BLYTHE VALE,564.24986,176
26027,HURSTBOURNE ROAD,171.5237,181
26028,HURSTBOURNE ROAD,335.21907,176
26030,FOREST HILL FIRE STATION,434.18192,161
26032,FOREST HILL STATION  / LONDON ROAD,487.63732,177
26034,UPLAND ROAD,224.60946,259
26035,UPLAND ROAD,258.40711,255
26036,DULWICH / THE PLOUGH,736.23451,261
26037,CRYSTAL PALACE ROAD,170.02855,260
26038,CRYSTAL PALACE ROAD,78.84783,258
26039,HEBER ROAD,442.87783,260
26040,HEBER ROAD,190.74931,257
26041,MELBOURNE GROVE,696.44319,331
26042,MELBOURNE GROVE,243.70086,257
26043,NORTH CROSS ROAD,680.88725,331
26045,GOOSE GREEN,572.51744,329
26046,GOOSE GREEN,1073.31338,498
26047,EAST DULWICH STATION,1361.46531,492
26049,CHAMPION HILL,197.40496,335
26050,CHAMPION HILL,418.23531,344
26051,CHAMPION GROVE,217.30236,344
26052,CHAMPION GROVE,73.74586,336
26053,DENMARK HILL STATION,1420.73517,339
26054,DENMARK HILL STATION,659.51891,345
26055,KING'S COLLEGE HOSPITAL,1149.94623,248
26056,KING'S COLLEGE HOSPITAL,1250.43093,339
26057,KING'S COLLEGE HOSPITAL,2015.61187,590
26058,COLDHARBOUR LANE,1047.0003,587
26059,DENMARK HILL / CAMBERWELL GREEN,4163.82425,524
26060,CAMBERWELL GREEN,1163.14379,338
26062,LARCOM STREET,1326.45837,579
26063,LARCOM STREET,446.51072,354
26064,LARCOM STREET,609.87961,563
26065,HEYGATE STREET,705.50425,580
26066,HORNIMAN MUSEUM,449.81178,413
26068,SACRED HEART SCHOOL,555.26157,274
26070,RYE HILL PARK,88.9262,181
26071,MACLEAN ROAD,87.08784999999999,331
26072,MACLEAN ROAD,91.04554999999999,335
26073,DALRYMPLE ROAD,133.28835,249
26074,DALRYMPLE ROAD,123.49377,252
26075,BRAXFIELD ROAD,371.31828,171
26076,BRAXFIELD ROAD,234.26275,252
26077,ST ANDREW'S CHURCH / WICKHAM ROAD,136.09355,171
26078,ST ANDREW'S CHURCH / WICKHAM ROAD,60.12289,172
26079,BROCKLEY STATION,651.86282,256
2608,EAST STREET,685.73993,262
26080,BROCKLEY STATION,540.1844,172
26089,EAST DULWICH ROAD / GOOSE GREEN,180.02187,170
2609,EAST STREET,1229.55978,355
26090,EAST DULWICH ROAD / GOOSE GREEN,179.84162,172
26091,OAKHURST GROVE,104.7039,172
26092,SOLOMON'S PASSAGE,178.80719,176
26093,SOLOMON'S PASSAGE,104.43166,181
26094,RYE HILL PARK,463.29306,175
26095,MERTTINS ROAD,232.26677,251
26096,ST NORBERT ROAD,253.47769,176
26097,ST NORBERT ROAD,208.3429,177
26098,TURNHAM ROAD,220.7052,177
26099,TURNHAM ROAD,206.0827,176
26112,NEATHOUSE PLACE,3037.91316,284
26113,SOUTHEND LANE / BROMLEY ROAD,221.27455,156
26114,DUNFIELD ROAD,385.63367999999997,156
26115,DUNFIELD ROAD,109.32406,155
26116,FARMSTEAD ROAD,82.48566,80
26117,FARMSTEAD ROAD,61.96432,79
26118,KING ALFRED AVENUE,86.0655,79
26119,KING ALFRED AVENUE,92.63389000000001,79
2612,CAMBERWELL ROAD / ALBANY ROAD,947.66585,924
26120,WORSLEY BRIDGE ROAD,68.24609,80
26121,WORSLEY BRIDGE ROAD,78.52947,79
26124,MIDFIELD WAY / SEVENOAKS WAY,68.0029,135
26125,CROXLEY GREEN,58.39909,140
26126,CROXLEY GREEN,198.81453,202
26127,MIDFIELD WAY / CHIPPERFIELD ROAD,26.95148,213
26128,MIDFIELD WAY / CHIPPERFIELD ROAD,39.66392,135
26129,BREAKSPEARS DRIVE,18.53569,142
2613,BOWYER PLACE,1336.2447300000001,915
26130,BREAKSPEARS DRIVE,36.358959999999996,136
26131,BEDDINGTON ROAD,38.49079,140
26132,BEDDINGTON ROAD,96.84133,206
26133,CHORLEYWOOD CRESCENT,55.93479,209
26134,CHORLEYWOOD CRESCENT,99.07416,208
26136,KINGS CHURCH,154.07453,138
26137,RAVENSCOURT ROAD,47.20684,139
26138,RAVENSCOURT ROAD,106.48718,139
26139,LONGBURY DRIVE,52.73314,138
2614,WYNDHAM ROAD,1851.56334,915
26140,LONGBURY DRIVE,86.78973,141
26141,ST MARY CRAY STATION,585.93655,367
26142,ST MARY CRAY STATION,406.48516,282
26143,ST MARY CRAY / STATION APPROACH,264.53593,409
26144,UPPER RICHMOND ROAD,37.58162,82
26145,UPPER RICHMOND ROAD,30.00963,84
26146,WEST HILL ROAD,92.73034,81
26147,WEST HILL ROAD,66.09991,84
26148,LYTTON GROVE,162.81362000000001,81
2615,BOWYER PLACE,533.61796,922
26150,BEAUMONT ROAD,116.2935,81
26151,WEST HILL / BEAUMONT ROAD,114.62635,247
26152,BIGS HILL WOOD,38.79849,81
26153,BIGS HILL WOOD,8.59663,82
26154,BULWER ROAD,139.16074,128
26155,BULWER ROAD,74.72046,133
26156,CLIFFORD ROAD,61.77865,133
26157,HADLEY ROAD,153.51398,129
26158,ST MARK'S CLOSE,23.74655,133
26159,ST MARK'S CLOSE,37.72605,132
2616,MEDLAR STREET,452.93097,358
26160,KING EDWARD ROAD,39.831559999999996,133
26161,KING EDWARD ROAD,63.33845,132
26163,HIGH BARNET STATION,175.72274000000002,134
26165,WILLOW DRIVE,33.23294,77
26166,WILLOW DRIVE,1.6523599999999996,78
26167,LEESIDE,228.43578,77
26168,LEESIDE,40.201859999999996,78
26169,KENERNE DRIVE,179.04891,77
26170,KENERNE DRIVE,4.290579999999999,78
26171,CONNAUGHT ROAD,1.8159299999999994,78
26172,MAYS LANE,234.29281,77
26173,CHESTERFIELD ROAD,345.63253,76
26174,CHESTERFIELD ROAD,0.0,78
26178,NEW CITY COLLEGE / ARDLEIGH GREEN,95.09871,76
26179,NEW CITY COLLEGE / ARDLEIGH GREEN,316.95719,76
2618,DULWICH WOOD PARK / COLLEGE ROAD,98.39157,173
26180,AYLOFFS WALK,14.00431,76
26181,AYLOFFS WALK,19.18294,76
26182,HAYNES ROAD,16.698449999999998,76
26183,HAYNES ROAD,16.362669999999998,76
26185,FARLEY ROAD,12.74082,181
26187,TALBOT ROAD,197.84544,158
26188,PLAISTOW STATION,1423.66983,338
2619,DULWICH WOOD PARK / COLLEGE ROAD,23.302899999999998,175
26190,CLAPHAM ROAD / STOCKWELL STATION,486.19886,239
26192,SOUTH WIMBLEDON STATION,591.7407,340
26196,CISSBURY RING / WESTERN ARM,33.32957,78
26197,PARTINGDALE LANE,79.83256999999999,77
26198,PARTINGDALE LANE,68.79375999999999,78
26199,FINCHLEY GOLF CLUB,71.53855,77
26200,FINCHLEY GOLF CLUB,70.67351,78
26202,FRITH LANE,81.17052,150
26203,GRESHAM ROAD / BRIXTON POLICE STATION,299.54036,356
26204,SOUTHWARK PARK ROAD / ST JAMES'S ROAD,52.83943,98
26205,SOUTHWARK PARK ROAD / ST JAMES'S ROAD,1045.42581,269
26206,ANCHOR STREET,393.01912,260
26207,ANCHOR STREET,313.06422,195
26208,LYNTON ROAD,127.4161,187
26212,ELEPHANT & CASTLE / LONDON ROAD,8503.56281,631
26218,HOOK LANE / ST LEONARDS CLOSE,509.33347000000003,85
26219,FOREST HILL STATION  / LONDON ROAD,1674.60518,332
2622,CLERKENWELL ROAD,284.40964,215
26220,THE RIDE,218.50868,162
26221,THE RIDE,140.23278,164
26226,WHITTON CORNER HEALTH & SOCIAL CARE CTR,297.64635,126
26230,GREEN LANES,699.92297,172
26231,BALFERN GROVE,52.11134,75
26232,BALFERN GROVE,33.8343,79
26234,STOKE NEWINGTON STATION,1396.98989,548
26238,FOREST ROAD / JUBILEE PARK,25.51778,180
26239,CUCKOO HALL LANE,375.26282,178
26241,WILLESDEN GREEN STATION,1146.80559,241
26242,QUEEN'S ROAD,429.27483,173
26244,WHITTON CORNER HEALTH & SOCIAL CARE CTR,13.51295,39
26250,GROVE PARK STATION,271.38326,339
26251,GROVE PARK STATION,1934.55969,335
26252,THE GREEN,21.23455,339
26253,THE GREEN,147.09853999999999,332
26254,DOWNHAM WAY / NORTHOVER,239.19821,339
26255,DOWNHAM WAY / SOUTHOVER,145.6925,179
26256,DOWNHAM WAY / SOUTHOVER,265.617,173
26257,HEADCORN ROAD,61.38635,178
26258,HEADCORN ROAD,166.44772,173
26259,VALESWOOD ROAD,90.24707,178
2626,PACKINGTON STREET,729.66679,445
26260,DOWNHAM WAY / VALESWOOD ROAD,157.90586,173
26261,ST BARNABAS HALL,92.6827,178
26262,GLENBOW ROAD,215.48169000000001,253
26263,ST BARNABAS HALL,179.93608,174
26264,GLENBOW ROAD,341.09068,250
26265,RANGEFIELD ROAD,308.95169,178
26266,RANGEFIELD ROAD,89.57267,173
26267,BROMLEY ROAD / DOWNHAM WAY,485.70006,174
26268,BROMLEY ROAD / DOWNHAM WAY,1061.58316,342
26269,OLD BROMLEY ROAD,559.5504,351
2627,PACKINGTON STREET,589.08098,450
26273,BELLINGHAM ROAD,683.50717,352
26274,INCHMERY ROAD,213.88173,606
26276,BROMLEY ROAD / LEWISHAM TOWN HALL,67.66183,255
26277,WINDMILL ROAD,126.5906,166
26278,ROSENTHAL ROAD,1095.68726,622
26279,ROSENTHAL ROAD,878.24595,621
26280,MOUNT PLEASANT ROAD,838.17912,622
26281,LEWISHAM HOSPITAL,700.29731,621
26283,LEWISHAM PARK,630.76583,621
26284,LEWISHAM FIRE STATION,751.47123,452
26285,MORLEY ROAD,571.21634,452
26286,MORLEY ROAD,1048.36971,651
26292,LOAMPIT VALE / JERRARD STREET,692.34914,370
26294,AMERSHAM ROAD,328.47132,369
26296,CATFORD ROAD / LEWISHAM TOWN HALL,1892.75739,177
26299,WEST NORWOOD STATION,1119.26812,512
26300,NORWOOD ROAD / ROBSON ROAD,394.36811,185
26301,NORWOOD ROAD / ROBSON ROAD,999.22273,401
26304,BROCKWELL PARK,582.60165,174
2632,NORTHCHURCH ROAD,865.83519,255
26321,POMFRET ROAD,472.2081,274
26322,LILFORD ROAD,523.42439,274
26323,LILFORD ROAD,367.29496,275
26324,CALDECOT ROAD,490.39669,274
26325,CALDECOT ROAD,754.31406,275
2633,NORTHCHURCH ROAD,407.82115,450
26338,ROCHESTER ROW,704.09992,285
26339,WHEATSHEAF LANE,334.58101,187
26340,THORNE ROAD,301.45301,195
26341,STANSFIELD ROAD,515.2992,426
26342,BRIXTON WATER LANE,180.75056,269
26343,NEW CROSS GATE STATION,3396.73605,837
26348,VESTRY ROAD,853.47925,503
26351,BOROUGH STATION,113.22721,99
26352,BOROUGH STATION,603.20555,273
26353,BOROUGH STATION,1089.78678,374
26354,ST DUNSTANS COLLEGE,109.22446,181
26355,ST DUNSTANS COLLEGE,251.17958,176
2636,ESSEX ROAD / MARQUESS ROAD,1332.92364,444
26360,STAMFORD HILL LIBRARY,668.13063,458
26361,STAMFORD HILL LIBRARY,694.95704,453
26367,BARKING BUS GARAGE,531.73459,328
26368,BARKING BUS GARAGE,355.84274,334
2637,OCKENDON ROAD,498.41866,453
26370,BLYTH ROAD,0.0,77
26375,CLARENDON ROAD,12.04253,77
2638,MILDMAY PARK / SOUTHGATE ROAD,762.31391,280
26383,MAYFIELD VILLAS,23.31779,257
26388,LONG ELMES / ASPRI MEDICAL CENTRE,395.15663,141
26389,STANHOPE AVENUE,54.502069999999996,148
2639,CULFORD ROAD,145.15276,282
26390,STANHOPE AVENUE,72.81362,142
26392,COURTENAY AVENUE,141.64569,142
26393,HEADSTONE LANE,502.96672,223
26394,HEADSTONE LANE,243.65598,219
26395,WOODHALL DRIVE,66.23192,75
26396,HARROW ARTS CENTRE,113.68662,150
26397,WAXWELL LANE,74.46003,75
26398,CHESSWOOD WAY,59.9015,76
26399,CHESSWOOD WAY,16.501469999999998,75
2640,BALLS POND ROAD / BURDER ROAD,549.50464,276
26402,LANCASTER AVENUE,972.6242,330
26403,BROCKWELL PARK GARDENS,256.61256,324
26404,BROCKWELL PARK,791.13449,329
26407,BRIXTON ROAD / BRIXTON POLICE STATION,635.61699,179
26408,BRIXTON ROAD / BRIXTON POLICE STATION,2232.75416,559
26409,ST MARK'S CHURCH,488.62435,175
26412,EASTCOTE ROAD,62.13409,151
26413,WHITTINGTON WAY,130.35814,151
26414,STANSTEAD ROAD / COLFE ROAD,118.14092,160
26415,DUNCOMBE HILL,103.50175,179
26416,MARQUIS OF GRANBY / GOLDSMITHS,966.20057,376
26418,CAMBERWELL CHURCH ST / CAMBERWELL GRN,1162.40249,501
26425,KINGSWAY / HOLBORN STATION,4258.82787,606
26428,MOUNT PLEASANT,60.3212,96
26431,HOLLOWAY / NAGS HEAD,2497.17428,450
26436,MANOR HOUSE STATION,206.21583,178
26437,HARRINGAY ROAD,164.28741,93
26439,WARWICK GARDENS,42.08911,93
26440,WARWICK GARDENS,148.97158,90
26441,CHESTNUTS PRIMARY SCHOOL,255.09416,171
26442,CHESTNUTS PRIMARY SCHOOL,285.28081,168
26443,ABBOTSFORD AVENUE,140.40439,173
26444,ABBOTSFORD AVENUE,259.71557,170
26445,PHILIP LANE,1368.38236,277
26446,PHILIP LANE,1022.3654,267
26447,SUMMERHILL ROAD,292.08982,178
26448,SUMMERHILL ROAD,444.63899,177
26449,MOUNT PLEASANT ROAD,375.33337,178
26450,MOUNT PLEASANT ROAD,430.44868,176
26451,WINCHELSEA ROAD,143.37189,178
26452,WINCHELSEA ROAD,202.37941,176
26453,TOTTENHAM BUS GARAGE,160.70701,178
26454,TOTTENHAM BUS GARAGE,767.79532,175
26455,WHITTINGTON WAY,48.39368,76
26456,ST MICHAEL'S CRESCENT,30.45033,76
26457,ST MICHAEL'S CRESCENT,38.30941,74
26458,CANNONBURY AVENUE,97.88747000000001,76
26459,CANNONBURY AVENUE,83.15473,74
26460,DURLEY AVENUE,134.92568,76
26461,SOUTHBOURNE CLOSE,187.06289,139
26462,THE GLEN,32.16711,140
26463,VILLAGE WAY / RAYNERS LANE,186.71332,136
26464,VILLAGE WAY EAST,133.1211,141
26471,COLES CRESCENT,140.04353,75
26472,SOUTH HARROW STATION,2570.08677,389
26473,THE GLEN,32.64197,139
26476,ROTHERHITHE STATION,427.85317,180
26477,ROTHERHITHE STATION,333.39382,171
2648,ROYAL OAK ROAD,90.99556,300
26484,BARNET CHURCH / WOOD STREET,590.02291,337
26487,ST THOMAS' HOSPITAL / COUNTY HALL,2211.41453,611
2649,ARCHBISHOP TENISON'S SCHOOL,149.53058,277
26492,ST CHARLES HEALTH & WELLBEING CENTRE,216.53213,173
26493,ST CHARLES HEALTH & WELLBEING CENTRE,382.98573,170
26495,ROE GREEN PARK,41.041729999999994,252
26496,TOWN TREE ROAD,6.71647,71
26497,TOWN TREE ROAD,38.223,140
2650,KENNINGTON LANE,800.63626,366
26500,ISLINGTON TOWN HALL,583.39232,391
26503,EAST ACTON STATION  / ERCONWALD STREET,304.38227,321
26504,THE FAIRWAY,88.6668,324
26506,HILLDENE AVENUE / CHATTERIS AVENUE,261.09367,301
26507,CHATTERIS AVENUE,284.97537,241
26508,HILLDENE AVENUE SHOPPING CENTRE,548.65024,284
26509,HILLDENE AVENUE SHOPPING CENTRE,789.12604,292
26510,CHIPPENHAM ROAD,162.62781,281
26511,CHIPPENHAM ROAD,306.27793,285
26518,AINTREE ROAD,296.02776,88
26519,AINTREE ROAD,288.62193,91
26520,LEE ROAD,279.00815,88
26521,LEE ROAD,300.27981,91
26522,BROOKLANDS DRIVE,171.47969,88
26523,BROOKLANDS DRIVE,156.65213,91
26524,KINGSBURY CIRCLE,971.38887,252
26525,KINGSBURY CIRCLE,189.20403,250
26526,PRINCES AVENUE,156.07238,179
26527,COWBRIDGE ROAD,87.5642,180
26528,QUEENSBURY MORRISONS,167.09429,180
26529,QUEENSBURY MORRISONS,104.3122,153
26530,QUEENSBURY CIRCLE,216.92076,104
26531,BROADCROFT AVENUE,119.17255,104
26532,BROADCROFT AVENUE,171.26195,98
26533,WIGTON GARDENS,101.59351,104
26534,WIGTON GARDENS,116.70312,98
26535,WEMBOROUGH ROAD,117.21664,97
26536,THE FOREST ACADEMY,30.312929999999998,130
26537,THE FOREST ACADEMY,26.924879999999998,141
26538,HARBOURER ROAD,145.38221,130
26539,REGARDER ROAD,288.35178,142
2654,HOLLAND PARK,117.92863,372
26540,YELLOWPINE WAY,341.3204,144
26541,YELLOWPINE WAY,160.74855,129
26543,THE LOWE,99.00218,131
26544,CROUCH END BROADWAY / PARK ROAD,766.14475,192
26545,EDISON ROAD,518.3894,193
26546,ELM PARADE,239.46474,241
26547,ELM PARADE,331.28314,244
26548,AMBLESIDE AVENUE,149.34972,245
26549,AMBLESIDE AVENUE,120.73454,236
26550,ALDINGHAM GARDENS,90.37586,246
26551,ALDINGHAM GARDENS,28.257469999999998,236
26554,RAINHAM ROAD,270.19446,242
26555,RAINHAM ROAD,139.0442,245
26556,STANLEY ROAD SOUTH,60.79847,153
26557,STANLEY ROAD SOUTH,172.84115,242
26558,EDMUND ROAD,121.02825,241
26559,DUNEDIN ROAD,49.42286,153
26560,MANOR WAY,139.41967,229
26561,WREN ROAD,87.61935,77
26562,WREN ROAD,105.96941,76
26563,CANTERBURY AVENUE,41.46736,140
26564,CANTERBURY AVENUE,36.59795,139
26566,FOOTS CRAY LANE / HURST ROAD,63.68982,139
26567,EYNSFORD CRESCENT,113.26950000000001,157
26579,ARBUTHNOT LANE,31.387900000000002,77
26580,ARBUTHNOT LANE,31.61029,77
26581,TOWNLEY GRAMMAR SCHOOL,152.65549000000001,148
26582,TOWNLEY GRAMMAR SCHOOL,163.74645,147
26583,LATHAM ROAD,3.60338,77
26584,LATHAM ROAD,87.23628,147
26586,BEXLEYHEATH LIBRARY,360.17217,76
26591,ESSEX ROAD STATION,617.45508,450
26592,EAST LANE,0.4377599999999998,62
26593,EAST LANE,9.234259999999999,56
26597,PORTMAN SQUARE,628.23365,538
2660,ROMFORD STADIUM,185.22747,97
26601,ABBEY WOOD ROAD,549.64999,471
26602,GREENING STREET,38.73529,100
26603,GREENING STREET,136.88707,99
26604,MCLEOD ROAD / BOSTALL LANE,141.76564,100
26605,MCLEOD ROAD / BOSTALL LANE,284.16141,99
26606,BOSTALL GARDENS,118.44847,100
26607,BOSTALL GARDENS,143.29357000000002,99
26608,CASSILDA ROAD,255.67639,262
26609,CASSILDA ROAD,274.90604,181
2661,BEAUFORT STREET,96.49709,81
26610,BASILDON ROAD / BOSTALL HILL,137.37372,182
26613,PLUMSTEAD CORNER / CHURCH MANORWAY,690.22654,262
26614,PLUMSTEAD CORNER / ROCKMOUNT ROAD,717.13203,246
26615,PLUMSTEAD CORNER / ROCKMOUNT ROAD,716.09015,261
26616,PURRETT ROAD,190.21939,244
26617,PLUMSTEAD HIGH ST / THE PLUMSTEAD CENTRE,1023.49388,506
26618,PLUMSTEAD HIGH STREET / POLICE STATION,244.5812,262
26619,BANNOCKBURN ROAD,1061.3914,503
2662,ROYAL HOSPITAL CHELSEA / LOWER SLOANE ST,132.53235,84
26621,LAKEDALE ROAD,2242.81289,502
26625,PLUMSTEAD STATION,597.55929,264
2663,WEST MOLESEY WAR MEMORIAL,0.92286,68
26639,WOOLWICH ARSENAL STATION,66.72803,238
2664,UNIVERSITY COLLEGE LONDON OBSERVATORY,151.55458,94
26642,CLAYDOWN MEWS,5.092359999999999,396
26644,NAAFI MESSING STORE,7.400349999999999,398
26645,GUNNER LANE,819.0195,398
26646,NIGHTINGALE PLACE,365.20871,154
26647,HA HA ROAD,207.90512,156
26650,WOOLWICH COMMON,199.21532,79
26651,ROYAL GARRISON CHURCH,104.38553,80
26652,ROYAL GARRISON CHURCH,22.306279999999997,79
26653,WELL HALL ROAD / SHOOTERS HILL ROAD,240.69013999999999,161
26654,ACADEMY ROAD / SHOOTERS HILL ROAD,74.7782,80
26655,WELL HALL ROAD / BROAD WALK,116.96806,163
26656,WELL HALL ROAD / BROAD WALK,43.45231,161
26657,WELL HALL ROAD / DUNBLANE ROAD,312.60231,163
26658,WELL HALL ROAD / DUNBLANE ROAD,253.67917,162
26659,ARBROATH ROAD,145.11777,163
26660,ARBROATH ROAD,97.11582,163
26661,DICKSON ROAD,309.45498,163
26662,WELL HALL ROAD / WELL HALL ROUNDABOUT,99.76084999999999,163
26665,ELTHAM CHURCH / WELL HALL ROAD,1530.2384,470
26666,ELTHAM CHURCH / WELL HALL ROAD,655.01049,460
26667,SHERARD ROAD,139.80938,416
26668,ELTHAM CHURCH / HIGH STREET,527.50807,407
26669,ELMBROOK GARDENS,59.83632,80
26670,ELMBROOK GARDENS,111.31344,80
26671,WESTHORNE AVENUE / KIDBROOKE LANE,25.65523,80
26672,WESTHORNE AVENUE / BRISET ROAD,32.085609999999996,80
26673,WESTHORNE AVENUE / BRISET ROAD,53.326699999999995,80
26675,HAIMO ROAD,188.93719000000002,79
26676,HAIMO ROAD,102.18025,80
26677,GREEN WAY,156.17267,79
26678,GREEN WAY,20.47091,80
26679,ELTHAM ROAD / WESTHORNE AVENUE,661.53261,264
26687,WOOLWICH FERRY,662.6208,352
26692,KINGSMAN STREET,272.12035,361
26693,KINGSMAN STREET,406.25891,351
26699,WOOLWICH ROAD / CHARLTON LANE,259.69436,356
26701,CHARLTON STATION / WOOLWICH ROAD,425.38688,355
26703,RAINTON ROAD,134.85123,183
26707,NATIONAL MARITIME MUSEUM,551.70566,422
26709,GREENWICH HIGH ROAD / ROAN STREET,469.88069,334
26710,MILLER HOUSE,77.31563,83
26711,GREENWICH HIGH ROAD / BLACKHEATH ROAD,34.39458,83
26712,GREENWICH HIGH ROAD / BLACKHEATH ROAD,19.698549999999997,83
26718,OLD KENT ROAD / ILDERTON ROAD,749.22667,248
26719,TYRWHITT ROAD / ST JOHNS STATION,207.85524999999998,372
26721,MALPAS ROAD,240.73717,369
26722,AMERSHAM ROAD,386.69178,541
26726,OLD KENT ROAD / ILDERTON ROAD,1692.72229,444
26727,COMMERCIAL WAY,361.45568,368
26728,COMMERCIAL WAY,1245.62928,444
26733,QUEEN'S ROAD PECKHAM STATION,1255.14027,548
26734,QUEEN'S ROAD PECKHAM STATION,1757.43367,617
26736,CAMBERWELL CHURCH ST / CAMBERWELL GRN,3477.76746,500
26739,SACRED HEART SCHOOL,228.24608,270
2674,HAWLEY ROAD,638.31816,301
26741,BRICKLAYER'S ARMS,536.14781,351
26743,BRICKLAYER'S ARMS,1153.66727,523
26746,BRICKLAYER'S ARMS / NEW KENT ROAD,335.35645,347
26747,ELEPHANT & CASTLE / NEW KENT ROAD,1080.62352,189
2675,ROYAL COLLEGE STREET,276.39396,365
26755,STAMFORD STREET,219.26145,200
26756,STAMFORD STREET,521.29628,201
26761,KENNINGTON PARK POST OFFICE,790.7173300000001,286
26763,WINDMILL ROW,350.82125,291
26764,FITZALAN STREET,572.72907,366
26765,FITZALAN STREET,497.70655,371
26766,KENNINGTON ROAD / IMPERIAL WAR MUSEUM,52.40115,95
26768,LAMBETH NORTH STATION,888.38645,405
26792,NEAVE CRESCENT,67.31526,76
26793,ASHTON ROAD,15.57024,76
26794,NEAVE CRESCENT,65.28489,74
26795,SPILSBY ROAD,28.424139999999998,124
26796,FARINGDON AVENUE / ASHTON ROAD,61.88493,135
26797,CHATTERIS AVENUE,36.17024,76
26798,FARINGDON AVENUE / CHATTERIS AVENUE,188.07502,138
26799,DEWSBURY ROAD,18.55979,76
26800,DULVERTON ROAD,96.53173,74
26801,GOOSHAYS DRIVE,37.77226,76
26802,GOOSHAYS DRIVE,63.80517,75
26803,PAINES BROOK WAY,7.452859999999999,76
26804,PAINES BROOK WAY,30.39023,75
26805,THE PETERSFIELD CENTRE,57.40369,76
26806,THE PETERSFIELD CENTRE,114.60055,75
26807,LEAMINGTON CLOSE,31.893909999999998,76
26808,REDRUTH ROAD,37.70573,76
26809,SETTLE ROAD,105.64691,76
26810,SHEFFIELD DRIVE,27.65648,76
26811,STRATTON ROAD,54.54906,76
26813,ST NEOT'S ROAD,78.21897,75
26817,LONDON ROAD / MORDEN STATION,2385.91984,287
26819,LONDON ROAD / MORDEN STATION,1865.6226100000001,115
26822,MORDEN STATION,2365.89873,165
26825,BEECHWOOD GROVE,38.1148,86
26826,ST THOMAS' HOSPITAL / COUNTY HALL,3084.40774,606
26828,BENNETTS WAY,32.58079,79
26829,BENSON SCHOOL,72.73786,79
26830,BENSON SCHOOL,27.3341,79
26831,HARTLAND WAY,16.48171,78
26832,BENNETTS WAY,10.40014,78
26833,BENNETTS AVENUE,28.48253,79
26834,BENNETTS AVENUE,90.70185,79
26835,MILLERS POND,31.59754,79
26836,MILLERS POND,64.31591,79
26837,SHIRLEY WAY / BRIDLE ROAD,25.31967,79
26838,LINKS VIEW ROAD,110.27463,156
26839,DEVONSHIRE WAY,22.113089999999996,156
26840,ASH ROAD,12.420239999999998,158
26842,CHERRY ORCHARD RD / EAST CROYDON STN,2298.74367,311
26846,LUDLOW ROAD,169.4192,78
26847,LUDLOW ROAD,18.78597,77
26850,PARK ROAD,127.95653,95
26851,PARK ROAD,103.69212999999999,92
26854,SUTTON ROAD,217.47132,171
26855,WALES AVENUE,59.36507,84
26859,STAPLES CORNER,38.990249999999996,79
26861,THORNTON HEATH CLOCK TOWER,263.63530000000003,171
26878,HEATHFIELD FARM,4.947789999999999,154
26879,HEATHFIELD FARM,26.433479999999996,156
26882,ELTHAM STATION  / LASSA ROAD,0.05534,232
26884,BARNET CHURCH,532.27413,337
26885,CARNEGIE STREET,272.44353,262
26886,MANOR ROAD / WOOD STREET,14.29018,77
26887,LEYS AVENUE,116.4701,78
26888,BALLARDS ROAD,195.0645,78
26906,LADYWOOD AVENUE,27.23141,140
26907,PETTS WOOD ROAD,6.166099999999999,137
26908,PETTS WOOD ROAD,7.870799999999998,137
26909,CROSSWAY,14.94892,134
26910,CROSS WAY,1.5713799999999998,136
26911,WOODLAND WAY,73.93623,132
26912,WOODLAND WAY,3.3156499999999993,135
26914,EDEN PARK,76.84974,233
26915,EDEN PARK,133.91325,242
26920,CREASE PARK,45.55018,146
26922,BRAMERTON ROAD,19.973029999999998,146
26923,BRAMERTON ROAD,19.58669,147
26924,UPLANDS,4.34221,146
26925,UPLANDS,7.121919999999999,146
26926,ST EDMUND'S HALL,72.44199,145
26927,ST EDMUND'S HALL,114.86602,147
26932,ANSON PRIMARY SCHOOL,5.043129999999999,82
26933,ANSON PRIMARY SCHOOL,195.97579000000002,83
26934,DAWSON ROAD,6.407169999999999,82
26935,DAWSON ROAD,10.179709999999998,82
26936,HENSON AVENUE,13.04652,82
26937,HENSON AVENUE,17.32135,82
26938,THE GLADSTONE CENTRE,27.60814,82
26939,THE GLADSTONE CENTRE,46.882,82
26940,CULLINGWORTH ROAD,10.408219999999998,82
26941,CULLINGWORTH ROAD,10.95129,83
26942,GEARY ROAD,16.04771,82
26943,GEARY ROAD,15.540759999999999,83
26944,DOLLIS HILL STATION,49.13281,83
26945,DOLLIS HILL STATION,36.89091,82
26946,ABERDEEN ROAD,8.975019999999999,82
26947,ABERDEEN ROAD,19.90297,83
26948,BERTIE ROAD,8.118049999999998,177
26949,BERTIE ROAD,478.73588,168
26950,CLARE ROAD,31.69495,177
26951,WILLESDEN CENTRE FOR HEALTH AND CARE,238.40782000000002,161
26952,ROUNDWOOD PARK,169.26699,159
26953,ROUNDWOOD PARK,170.24508,161
26954,NEWMAN COLLEGE / WROTTESLEY ROAD,285.05198,159
26955,NEWMAN COLLEGE / WROTTESLEY ROAD,83.69648,161
26958,NORTH WOOLWICH FERRY,157.9603,91
26959,LONGFELLOW ROAD,275.63366,168
26965,ORPINGTON BUS STATION,606.48494,279
26966,ORPINGTON BUS STATION,562.82254,263
26968,DANEMEAD GROVE,539.6309,310
26969,FOREST ROAD,6.6383899999999985,142
26970,SHAFTESBURY ROAD,265.43087,80
26973,WILLOW WALK,363.31186,335
26975,BRIMSDOWN STATION,0.0,74
2698,ST DOMINIC'S PRIORY,151.7537,170
26981,THORNTON HEATH POND,1510.43704,267
26983,ALL SAINTS MEWS,105.66759,226
26984,ALL SAINTS MEWS,60.201719999999995,222
26985,GARTH ROAD,96.16985,94
26986,GARTH ROAD,145.97366,94
26988,SANDRINGHAM,12.57749,72
26989,AVANTI HOUSE PRIMARY SCHOOL,17.52848,73
26994,WELLBROOK ROAD,12.23983,84
26995,STATION ROAD / THE GREEN,1008.95539,253
26996,TATE BRITAIN / MILLBANK MILLEN'M PIER,73.96078,99
26997,TATE BRITAIN / MILLBANK MILLEN'M PIER,128.81242,98
270,UXBRIDGE RD / WESTFIELD SHOPPING CENTRE,768.88711,427
27058,OMMANEY ROAD,0.8206599999999995,99
2710,PLOUGH GREEN,154.88393,91
2711,PLOUGH GREEN,135.16476,93
2713,EAST ACTON LANE / OLD OAK ROAD,311.17849,310
2715,SAVOY CIRCUS,39.51117,77
2716,SAVOY CIRCUS,60.43466,79
2717,WESTERN AVENUE / SAVOY CIRCUS,104.94674,157
2718,WESTERN AVENUE / SAVOY CIRCUS,577.02731,157
2721,OLD OAK COMMON LANE / SAVOY CIRCUS,203.57194,235
2724,CECILIA ROAD / GREENACRE COURT,296.67035,162
2725,CECILIA ROAD / GREENACRE COURT,191.84293,162
2726,CHINGFORD MOUNT,116.41535,90
2727,SUTHERLAND AVENUE,1082.89458,191
27302,BUTLER'S GREEN / CHESTNUT AVENUE,54.48305,79
27303,GUNNERSBURY STATION,1958.04542,338
27306,BEXLEYHEATH CLOCK TOWER,4370.80012,793
27307,SIPSON WAY / BLUNTS AVENUE,775.38729,610
27308,MILL ROAD,76.7463,80
27310,SPRINGBANK ROAD / HITHER GREEN STATION,39.47314,204
27312,CHURCH STREET,11.475439999999999,68
27326,STAMFORD BROOK STATION,56.569520000000004,81
27329,MOORCROFT LANE,42.66126,77
27331,MERRIMANS CORNER / HARLINGTON ROAD,208.17729,152
27332,GOULDS GREEN,177.59531,158
27333,CORWELL GARDENS,172.30516,156
27334,WOOD END PARK SCHOOL,140.51168,76
27335,HAYDON DRIVE,80.41414,78
27336,PRINCES PARK LANE,122.48408,76
27337,PRINCES PARK LANE,365.57901,77
27338,LILAC GARDENS,133.51257,77
27339,LILAC GARDENS,316.88049,77
2734,CROUCH END BROADWAY,1892.68963,80
27340,SYCAMORE AVENUE,66.53448,77
27341,WILLENHALL DRIVE,126.08824,77
27343,BOTWELL COMMON,96.72117,158
27344,PRINTING HOUSE LANE,28.50369,158
27345,KINGSTON LANE,166.15182,190
27349,PRINCES ROAD,384.5973,225
27350,ELMFIELD AVENUE,421.89286,261
27351,ELMFIELD AVENUE,270.12404,263
27353,TEDDINGTON LOCK,195.36506,187
27354,MAPLE ROAD,229.54069,383
27355,FAIRFAX ROAD,150.77931999999998,191
27356,HAMPTON WICK STATION,105.96498,187
27358,KINGSTON UNIVERSITY / COUNTY HALL,700.96055,466
2736,PRINCE ALBERT RD / LORD'S CRICKET GROUND,18.10344,80
27360,BROWN'S ROAD,251.31874,232
27363,PRINCES ROAD,182.08845,223
27364,GLOUCESTER ROAD,88.03309,227
27365,GLOUCESTER ROAD,118.28298,226
27367,TEDDINGTON LOCK,361.8925,262
27368,KINGSTON LANE,195.12215,187
27369,FAIRFAX ROAD,189.33104,188
2737,LONDON CENTRAL MOSQUE,604.17957,266
27370,HAMPTON WICK STATION,341.37387,191
27378,TOLWORTH TOWER / TOLWORTH STATION,32.99168,74
27379,SURBITON STATION,385.59713,227
2738,LONDON CENTRAL MOSQUE,488.56758,265
27383,WALTON AVENUE,413.25203,255
27386,NEW MALDEN / THE FOUNTAIN,189.88831,151
27387,NEW MALDEN / KINGSTON ROAD,1012.0836400000001,221
27388,ELM ROAD / NEW MALDEN BAPTIST CHURCH,234.48777,99
27389,DARLASTON ROAD,178.47659,195
2739,FENTON AVENUE,59.07753,135
27390,ARTERBERRY ROAD,61.11654,195
27391,WEST BARNES LEVEL CROSSING,209.47219,151
27392,WEST BARNES LEVEL CROSSING,249.77274,99
27393,ARTERBERRY ROAD,265.83418,192
27398,RAYNES PARK METHODIST CHURCH,407.85913,272
27399,PEPYS ROAD,58.367689999999996,194
2740,FENTON AVENUE,69.1588,140
27400,ELEPHANT & CASTLE / NEW KENT ROAD,3076.69218,520
27402,WINDMILL ROAD,383.56539,84
27447,UXBRIDGE ROAD,10.71384,161
27451,CHEQUERS LANE,111.95405,319
27454,CRICKLEWOOD BROADWAY / THE CROWN,1723.90401,335
27455,BEECH WALK,38.34986,229
27458,HORNSEY ROAD,107.3665,80
27459,MANOR DRIVE,29.085379999999997,151
27461,FOLLY LANE,97.37665,172
27462,MUSWELL HILL BROADWAY,0.0,163
27463,DORKING ROAD,18.67519,71
27464,DORKING ROAD,7.3513399999999995,71
27465,DORKING WALK,57.49442,73
27466,DORKING WALK,13.21235,70
27467,ASHBOURNE ROAD,76.47852,224
27468,WINCANTON ROAD,35.86295,224
27469,TROOPERS DRIVE,36.63068,151
27470,WHITCHURCH ROAD,2.41441,154
27471,PRIORY ROAD,0.10941000000000001,154
27472,WINCANTON ROAD,53.79665,305
27475,FINSBURY SQUARE,0.0,116
27476,EAST FINCHLEY STATION,571.11825,99
27477,EAST FINCHLEY STATION,390.29642,262
27480,CHASE CROSS,120.57533,154
27481,GIDEA PARK STATION,443.5974,152
27495,TELFORD AVENUE,1313.21229,905
27496,PHILLIMORE GARDENS,977.39049,469
27497,PHILLIMORE GARDENS,922.11802,458
27498,SUMMIT CLOSE,60.34345,77
27499,BACON LANE,62.90019,76
27500,BACON LANE,110.43052,77
27501,MERLIN CRESCENT,123.82094,77
27502,MERLIN CRESCENT,111.7585,77
27503,ST BRIDE'S AVENUE,201.88319,77
27504,ST BRIDE'S AVENUE,130.29716,77
27505,BRIDGEWATER GARDENS,72.57327000000001,77
27506,BRIDGEWATER GARDENS,63.677749999999996,77
27507,MOLLISON WAY,55.20156,76
27508,MOLLISON WAY,8.6119,76
27509,CEDARS ROAD / CLAPHAM COMMON NORTH SIDE,258.99589,188
27510,RAVENSCOURT PARK STATION,62.10268,169
27512,HERMITAGE STREET,215.04305,178
27514,JAMES LANE,59.19083,163
27515,JAMES LANE,13.342929999999999,170
27516,WARNER ROAD,278.67309,270
27519,CRYSTAL PALACE STATION,731.46746,425
27521,ACTON MAIN LINE STATION,393.95703000000003,246
27522,CRESWICK ROAD,97.04354,169
27523,CRESWICK ROAD,42.26298,169
27524,FARADAY ROAD,336.50468,171
27525,FARADAY ROAD,112.30902,166
27526,TRAFALGAR ROAD / PRINCE OF WALES,198.99891,327
27527,GYPSY CORNER,177.93095,315
27528,GOLDHAWK ROAD,57.23755,161
27529,GOLDHAWK ROAD,168.37241,169
27530,JOHN BETTS SCHOOL,68.07097,169
27531,JOHN BETTS SCHOOL,52.85561,162
27532,SURBITON STATION,2121.13995,468
27533,ST MARK'S CHURCH,136.13119,226
27534,TEDDINGTON MEMORIAL HOSPITAL,214.82534,227
27537,LOWER TEDDINGTON ROAD,54.70281,187
27540,FURNEAUX AVENUE,92.9371,190
27555,STAFFORD ROAD / WOODCOTE ROAD,524.70978,238
27556,ANERLEY ROAD / WORBECK ROAD,272.26282,324
27557,CROYDON ROAD / ELMERS END ROAD,137.24484,326
27558,BRANTWOOD AVENUE,88.53435999999999,264
27559,MILL RIDGE,30.14512,82
27560,MILL RIDGE,23.501929999999998,83
27561,PARK GROVE,59.07004,83
27562,WILLOW COURT,260.69819,81
27563,GROVE ROAD,19.81892,82
27564,KENTISH TOWN WEST STATION,131.20592,153
27565,ANSON ROAD,423.93462,241
27566,WOODBERRY AVENUE,305.44109,101
27567,WHITTON ROAD,12.946639999999997,154
27569,PARK ROAD,37.16403,148
27571,PRINCES ROAD,80.67146,81
27572,PRINCES ROAD,24.05945,82
27573,PRINCES AVENUE,974.61702,448
27575,KINGSLEY AVENUE,40.25514,84
27576,YORK WAY / KINGS PLACE,64.86128,93
27577,ST JOHN'S CHURCH,119.1027,173
27578,CHURCH ROAD,194.42426,256
2758,LONG LANE,611.68917,410
27585,ASKEW ROAD LIBRARY / GAYFORD ROAD,147.68592,159
27586,ASHCHURCH TERRACE,265.26703,170
27587,KELMSCOTT GARDENS,150.76405,159
27588,KELMSCOTT GARDENS,272.60904,169
27589,WELLINGTON AVENUE / BLACKFEN ROAD,163.71764000000002,85
2759,LONG LANE,379.41362,272
27591,THE AVENUE,261.25115,282
27594,RUISLIP YOUNG PEOPLE'S CENTRE,10.559849999999999,129
27595,RUISLIP YOUNG PEOPLE'S CENTRE,41.9783,139
27596,SCRATCHWOOD OPEN SPACE,1.7389499999999998,148
27597,SCRATCHWOOD PARK,8.33223,139
27598,MOAT MOUNT PARK,0.3495399999999999,148
27599,MOAT MOUNT OPEN SPACE,2.74129,137
2760,FINCHLEY CENTRAL STATION,1228.26639,411
27601,SOUTHBOROUGH LANE / BLACKBROOK LANE,102.27155,96
27602,OXHAWTH CRESCENT / WEST ARM,55.60447,165
27603,OXHAWTH CRESCENT / WEST ARM,99.1933,157
27604,SOUTHBOROUGH LANE / BAPTIST CHURCH,74.72212999999999,235
27605,OXHAWTH CRESCENT / EAST ARM,86.52732999999999,156
27606,PETTS WOOD LIBRARY,65.28827,221
27608,FACTORY LANE,63.81383,88
27609,LEIGHTON STREET,48.65657,95
2761,FINCHLEY CENTRAL STATION,1668.19332,420
27610,WRYTHE GREEN ROAD,27.06319,86
27612,KESTON CHURCH,1.1107099999999999,33
27613,STAMFORD BROOK STATION,165.53399,82
27614,STAMFORD BROOK ROAD,37.309219999999996,81
27615,STAMFORD BROOK ROAD,36.55547,82
27617,WILLESDEN LANE,460.86767,243
27618,WILLESDEN LANE,250.82333,243
27622,BRITISH LIBRARY,1081.90165,551
27625,AUDLEY ROAD,112.65707,108
27629,WOLFERTON ROAD,49.996249999999996,81
2763,DOLLIS PARK / FINCHLEY CENTRAL STN,954.22401,424
27631,ST STEPHENS CHURCH,300.47941000000003,81
27633,CHURCH ROAD,231.73839,81
27635,SHERIDAN ROAD,214.76571,81
27636,RUSKIN AVENUE,464.40111,81
27637,ST BARNABAS CHURCH,123.76982,81
27638,ST BARNABAS CHURCH,150.49042,81
27639,BROWNING ROAD,100.43098,82
2764,HENDON LANE,64.56484,269
27640,BROWNING ROAD,70.45482,81
27641,HIGH STREET NORTH,54.19628,82
27642,EAST HAM STATION,3481.45223,664
27645,ST GABRIEL'S CHURCH,141.41647,307
27646,ST GABRIEL'S CHURCH,113.7923,318
27647,EVERSLEY PARK ROAD,81.88884,212
27648,JUBILEE ROAD,63.45561,88
2765,EAST END ROAD,162.84112,170
27650,PERIVALE COMMUNITY CENTRE,31.4406,88
27652,PERIVALE STATION,472.71215,88
27655,HERBERT ROAD / PLUMSTEAD COMMON ROAD,298.93773,154
27656,HERBERT ROAD / PLUMSTEAD COMMON ROAD,551.95901,155
27657,EGLINTON ROAD,126.02533,78
27658,EGLINTON ROAD,297.83214,78
2766,HENLYS CORNER,287.99971,166
27660,CANTWELL ROAD,65.01421,78
27662,BRENT ROAD,28.38649,77
27663,EAGLESFIELD ROAD,195.90159,78
27664,EAGLESFIELD ROAD,48.13579,77
27665,SHREWSBURY LANE / FOXCROFT ROAD,17.19843,77
2767,HENLYS CORNER / ADDISON WAY,183.12949,262
2768,GOLDERS GREEN STATION,388.15085,348
27680,WESTMORELAND AVENUE,68.06736,76
27683,NUTMEG LANE,152.53601,124
2770,GOLDERS GREEN STATION,2455.12552,261
27706,ORCHARD STREET / SELFRIDGES,1749.8388400000001,646
27707,ST LAURENCE CHURCH,34.77543,151
27708,KING CHARLES ROAD,590.08387,295
27709,HIGH STREET NORTH,361.58541,82
2771,GOLDERS GREEN / FINCHLEY ROAD,1558.93585,587
27710,VERNEY ROAD,129.08409,96
27711,THERAPIA ROAD,601.27686,174
27712,WOOD VALE / FOREST HILL ROAD,31.76327,98
27713,LANGTON RISE,97.6923,97
27714,LANGTON RISE,49.18458,97
27715,MELFORD ROAD,31.7031,97
27716,MELFORD ROAD,7.2278199999999995,97
27717,UNDERHILL ROAD / MELFORD ROAD,85.21261,168
27718,UNDERHILL ROAD,26.88868,97
27719,HORNIMAN PARK,46.31559,99
27720,HORNIMAN PARK,51.39998,97
27721,SYDENHAM HILL / KIRKDALE,56.64866,173
27722,SYDENHAM HILL / KIRKDALE,45.67516,169
27723,CRESCENT WOOD ROAD,96.11649,173
27724,CRESCENT WOOD ROAD,43.83141,169
27725,DROITWICH CLOSE,31.30351,173
27726,DROITWICH CLOSE,14.34348,170
27727,WELLS PARK ROAD,155.02078,178
27728,WELLS PARK ROAD,31.150989999999997,179
27729,DOME HILL PARK,92.23354,178
2773,FARM AVENUE,225.53199,232
27730,DOME HILL PARK,15.58714,179
27731,WESTWOOD HILL,144.93809,178
27732,PRINCES AVENUE,10.8151,77
27733,THE CHENIES,17.03143,74
27734,HAYDON DRIVE,46.092839999999995,77
2774,HENDON WAY,158.01238,236
27740,WARLEY ROAD,743.53203,156
27741,EXETER ROAD,359.79826,155
27743,CHESTER ROAD,363.55334,155
27744,CHESTER ROAD,110.17331,152
27745,ST EDMUNDS CATHOLIC PRIMARY SCHOOL,152.54603,155
27746,ST EDMUNDS CATHOLIC PRIMARY SCHOOL,125.21626,152
2775,CRICKLEWOOD BROADWAY,1362.78592,402
27754,FRIMLEY CLOSE,65.14138,169
27755,FRIMLEY CLOSE,158.876,169
27756,GOLDCREST COMMUNITY CENTRE,48.26969,169
27757,GOLDCREST COMMUNITY CENTRE,95.00303,168
27758,GOLDCREST WAY / KING HENRY'S DRIVE,79.54123,170
27759,GOLDCREST WAY / KING HENRY'S DRIVE,147.36899,167
2776,CRICKLEWOOD BROADWAY,1843.12677,413
27763,HOMESTEAD WAY / MILNE PARK,220.03686,89
27766,WEARSIDE ROAD,72.89296999999999,325
27767,WEARSIDE ROAD,427.21306,325
27769,SOUTHGATE POLICE STATION,123.80974,195
2778,ISLEWORTH STATION,772.8356699999999,271
27780,LOOP ROAD,102.05912,212
27781,AMBERDEN AVENUE,41.74317,156
27785,ST PAUL'S WAY,292.62647,260
27786,HOLBORN CIRCUS / FETTER LANE,480.98667,158
27787,MORA ROAD,343.38081,166
27791,KENSINGTON OLYMPIA STATION,439.93356,289
2780,KING'S CROSS STN   / PENTONVILLE RD,534.23814,431
27803,GROSVENOR CRESCENT,273.3709,78
27804,GROSVENOR CRESCENT,89.62295,76
27805,RYEFIELD AVENUE,149.89524,78
27806,RYEFIELD AVENUE,97.67826000000001,48
27807,RICHMOND AVENUE,53.22204,78
27808,RICHMOND AVENUE,133.38931,76
27809,GRANVILLE ROAD,15.301549999999999,77
27810,GRANVILLE ROAD,9.09269,76
27812,TWICKENHAM GOLF CENTRE,59.09853,161
27813,TWICKENHAM GOLF CENTRE,149.28528,156
27814,WOODBINE PLACE,0.0,225
27820,ALEXANDRA AVENUE,92.56459,75
27831,SHREWSBURY LANE / OCCUPATION LANE,111.50703,78
27833,TRINITY SCHOOL,56.35435,81
27834,TRINITY SCHOOL,106.29828,82
27837,HAVELOCK ROAD,129.7152,233
27838,HIGH STREET / WHITEHORSE LANE,231.23464,235
27839,CARLTON AVENUE,73.28604,73
27840,CARLTON AVENUE,47.04436,72
27844,ST ANNE'S CHURCH,583.51048,347
27845,SACRED HEART HOUSE,182.7732,190
27850,ST PATRICK'S CHURCH,33.01336,296
27851,SOUTHGATE STATION,0.0,74
27852,HIGH STREET / SOUTHALL TOWN HALL,246.23449,330
27854,BEDFORD ROAD,16.358169999999998,147
27855,BEDFORD ROAD,43.46531,135
27856,CHIPSTEAD VALLEY / RECTORY LANE,41.80502,146
27857,SOUTH CROYDON BUS GARAGE,0.0,80
27858,RUISLIP STATION,0.0,303
27860,RUISLIP STATION,822.05811,287
27862,RUISLIP STATION,1426.11719,411
27869,THE CITY PAVILION,101.51507,140
27870,THE CITY PAVILION,57.05191,138
27876,VAUGHAN AVENUE,116.95414,160
27877,VAUGHAN AVENUE,86.41111,157
27879,BLACKHEATH / ROYAL STANDARD,1113.10513,340
27880,WATLING AVENUE,248.23488,253
27889,RINGWAY,249.69874000000002,166
27890,RINGWAY,393.60634,164
27891,NEW HESTON ROAD,252.71503,167
27892,NEW HESTON ROAD,198.45865,164
27893,WEST GROVE PRIMARY SCHOOL,78.29182,101
27894,WEST GROVE PRIMARY SCHOOL,128.2737,106
27895,CHARTER WAY,102.88606,100
27896,CHARTER WAY,96.61261,108
27897,MERRIVALE,122.87078,100
27898,MERRIVALE,84.35369,108
27899,HESTON HEALTH CENTRE,205.96546,95
2790,CHURCH STREET,26.27542,101
27900,HESTON HEALTH CENTRE,168.28493,92
27901,SOMERSET WAYE,286.31804,167
27902,SOMERSET WAYE,136.82825,163
27903,NORTHFIELD ROAD,467.21246,168
27905,HARLECH GARDENS,287.29046,95
27906,HARLECH GARDENS,132.09814,95
27907,CRANFORD LANE / REDWOOD ESTATE,330.47532,160
27908,QUINTON CLOSE,173.17852,192
2791,ELTHAM HILL / MIDDLE PARK AVENUE,86.39458,252
27910,HARMONDSWORTH ROAD,247.11726000000002,160
27911,HARMONDSWORTH ROAD,120.09542,157
27912,UPHILL ROAD,9.58528,77
27913,KENNARD STREET,29.68829,178
27915,KENNARD STREET,53.411609999999996,172
27916,BUSHEY ROAD / GRAND DRIVE,35.24003,128
27917,BROOKSIDE SCHOOL,66.96773,212
27918,BROOKSIDE SCHOOL,229.63046,213
27919,HARKNESS CLOSE,278.03359,210
2792,STAR ROAD,246.43592,421
27920,LINDFIELD ROAD,14.8729,78
27921,WIGTON WAY,1.6512499999999997,78
27922,WIGTON WAY,111.25918,75
27923,TEES DRIVE,113.73389,75
27927,PALACE ROAD,178.3099,81
27934,DARLASTON ROAD,353.17987,189
27937,CLAPHAM JUNCTION STATION,1538.24821,294
27939,THE PARKWAY,61.324529999999996,192
27942,PUTNEY STATION,319.74986,133
27945,WILTON STREET,478.68145,772
27946,OAKWOOD STATION,33.76367,116
2795,GREYHOUND HILL,667.89527,169
27950,BALLARDS ROAD / PRINCESS PARADE,528.38316,311
27954,BANK STATION  / KING WILLIAM STREET,786.77317,367
27955,EDGEBURY PRIMARY SCHOOL,27.26781,77
27956,EDGEBURY PRIMARY SCHOOL,40.0637,76
27957,CHISLEHURST / GORDON ARMS,242.95575,153
2796,GREYHOUND HILL,154.20853,96
27960,BOUNCES ROAD,530.88853,485
27961,BROMLEY COURT HOTEL,121.04034,169
27962,BROMLEY COURT HOTEL,191.31571,174
27963,HOLLINGBOURNE ROAD,154.90179,175
27966,RYECROFT ROAD,44.36242,175
27967,RYECROFT ROAD,137.23509,171
27970,FOREST ROAD,13.870579999999999,131
27971,WATLING AVENUE,458.46202999999997,158
27974,GREAT SOUTH WEST ROAD,18.30774,76
27976,BEACON ROAD,3.5885999999999996,73
27977,LONG LANE,52.17865,66
27983,CONWAY ROAD,3.3929999999999993,98
27984,CONWAY ROAD,183.26642,98
27985,GRIFFIN ROAD / BREWERY ROAD,38.24319,98
27986,GRIFFIN ROAD / BREWERY ROAD,225.81172,177
27987,HEAVITREE ROAD,229.44659,177
27988,HEAVITREE ROAD,224.9464,177
2799,ADDISON WAY,563.31086,262
27998,HEATHER CLOSE,23.1723,145
27999,HEATHER CLOSE,133.50305,140
280,PECKHAM LIBRARY,2347.05283,682
2800,HOOP LANE,228.7533,263
2801,HOOP LANE,148.39428,260
28017,HURSTMERE SCHOOL,70.18558,80
28018,HURSTMERE SCHOOL,22.66643,78
2802,BRIDGEWATER ROAD,498.82574,417
28020,CLAPHAM SOUTH STATION,821.46949,253
2805,SUDBURY & HARROW ROAD STATION,2279.91339,333
2806,CHAPLIN ROAD,487.30853,335
2807,COPLAND AVENUE,346.80727,334
2809,FLAMSTED AVENUE,276.57067,172
2810,FLAMSTED AVENUE,440.55808,171
2811,STONEBRIDGE PARK STN   / POINT PLACE,611.36326,99
28111,UPTON PARK / GREEN STREET,1366.55089,343
2814,NORTH CIRCULAR ROAD,253.62426,100
28146,PLAISTOW LANE,162.73221,153
28147,SOUTHBOROUGH ROAD / BICKLEY STATION,239.04836,154
2815,SUNNY CRESCENT,100.53531,99
2817,WEST END CLOSE,284.97703,99
28177,HURST SPRINGS,79.21995,156
28178,WEST HILL / SHEPHERDS LANE,250.47929,221
2819,SHAKESPEARE ROAD,445.95014,98
2821,KNATCHBULL ROAD,369.81209,99
28215,TOLWORTH BROADWAY,619.87195,363
2822,KNATCHBULL ROAD,257.07901,100
2823,CRAVEN PARK,176.29663,99
28236,CRAYFORD BRIDGE,286.65523,221
2824,CRAVEN PARK,339.06627000000003,100
2825,KENSAL GREEN STATION,151.55828,99
2829,ROYAL OAK STATION,165.98478,100
283,BELMONT HILL,1623.7282500000001,416
28315,SUTTON POLICE STATION,398.70106,78
2838,BARKING INDUSTRIAL PARK,161.90105,232
2840,COUNTY GROVE,311.49077,270
2841,HEATH ROAD / GROVE AVENUE,568.97978,499
28421,HOLLAND PARK STATION,597.0118200000001,363
2850,MORDEN HALL ROAD / CENTRAL ROAD,318.89513,473
28511,WHITTON STATION,204.20575,158
2853,VILLIERS ROAD,940.48324,513
2854,VILLIERS ROAD,1669.76962,515
28562,ANGEL CORNER,306.50737,247
28647,BLACKBIRD HILL,1200.18862,347
28655,CUCKOO HALL LANE,124.15745,181
2866,CHARLTON WAY / MAZE HILL,14.27475,99
2867,NORTHUMBERLAND PARK,382.6372,80
2869,BRIGHTON ROAD / OLD LODGE LANE,249.99011,322
2870,REGENT'S PARK STATION,276.04617,473
28747,SUSSEX GARDENS,1150.68047,207
2876,SAVAGE GARDENS,76.6815,167
28770,THE HIGHWAY SCHOOL,11.50766,72
28771,THE HIGHWAY SCHOOL,3.3243899999999997,71
28772,CHELSFIELD STATION,27.75679,72
2878,TOLLGATE ROAD,47.387119999999996,411
288,MARQUIS OF GRANBY / GOLDSMITHS,1375.53668,460
2880,ALBATROSS CLOSE,139.91986,411
2882,LONSDALE AVENUE,112.03527,252
2883,LONSDALE AVENUE,533.2386300000001,423
2884,EAST HAM FIRE STATION,293.84163,334
2885,MORTIMER ROAD,679.8484,342
2886,VICARAGE LANE,471.66324,334
2887,MARLOW ROAD,789.49494,261
2888,EAST HAM / CENTRAL PARK,1207.49848,425
2889,MARKET STREET,53.855419999999995,416
28900,NORTH FINCHLEY BUS STATION,2144.81131,387
2891,NEWHAM TOWN HALL,1298.55288,490
2892,KEMPTON ROAD,2670.11183,663
2896,CALEDON ROAD,1574.18478,664
28972,GLOUCESTER PLACE,723.66669,297
28985,MOUNT VERNON HOSPITAL,0.0,150
2899,EAST HAM STATION,2776.46229,658
29,PUTNEY STATION,882.93787,167
29000,MASHITERS HILL,137.16011,140
29001,MASHITERS HILL,23.64481,146
29002,MORAY WAY,241.24628,141
29003,MORAY WAY,22.94641,148
29006,CAMPBELL CLOSE,169.86274,142
29007,GARRY WAY,138.79171,142
2901,GLADSTONE AVENUE,147.95821,254
29010,KENSAL RISE STATION,782.64447,75
29017,TURNHAM GREEN CHURCH,0.0,74
29018,BARKINGSIDE POLICE STATION,1227.46608,419
29020,THE CROSSWAYS,6.885179999999999,138
29021,OLD DOVER ROAD,86.57346,176
29022,NORMAN ROAD,5.000499999999999,73
29023,NORMAN ROAD,5.743019999999999,70
29024,MEADHURST PRIMARY SCHOOL,40.6342,71
29025,MEADHURST PRIMARY SCHOOL,33.344590000000004,70
29026,ELGIN AVENUE,43.34832,71
29027,ELGIN AVENUE,39.590559999999996,69
29028,SCHOOL ROAD,16.65746,69
29038,HATTON ROAD NORTH,1063.62064,247
29039,HATTON ROAD NORTH,91.97588,255
2905,SHELLEY AVENUE,482.68131,254
29054,HERVEY ROAD,187.36051,251
29055,TAVISTOCK SQUARE,341.03419,252
2906,GLADSTONE AVENUE,430.89273000000003,257
29063,KINGS ROAD,84.65051,77
29064,QUEENS ROAD,102.1913,77
29065,NORTH ROAD,158.32444,77
29066,NORTH ROAD,311.11532,77
29067,MULBERRY PARADE,80.26998,77
2907,RUSKIN AVENUE,446.151,253
29071,OLD STREET STATION,780.93493,378
29072,BOSTALL HILL / BOSTALL LANE,27.74811,81
29073,LASCELLES AVENUE,209.7836,261
29074,LASCELLES AVENUE,239.8327,254
29075,TREVE AVENUE,150.19457,257
29076,WHITMORE ROAD,104.19214,182
29077,SHAFTESBURY AVENUE,823.9705,183
29078,PORLOCK AVENUE,498.24106,186
29079,DUDLEY ROAD,63.89732,187
2908,RUSKIN AVENUE,296.65859,256
29080,DUDLEY ROAD,148.35028,183
29081,BERKELEY CLOSE,85.29197,80
29082,BERKELEY CLOSE,103.94972,80
29083,RAYNERS LANE,119.17577,220
29084,RAYNERS LANE STATION,919.45069,219
2909,BERKELEY ROAD,724.93298,253
2910,BERKELEY ROAD,309.3967,257
29102,RECTORY WAY,21.94948,78
29103,IVY HOUSE ROAD,50.72654,78
29105,COLCHESTER ROAD,91.04811,76
29106,HALIDON RISE,10.75769,72
29107,HALIDON RISE,67.725,76
29108,DAVID DRIVE,32.10773,72
29109,DAVID DRIVE,46.21117,76
29110,FIRHAM PARK AVENUE,22.46635,74
29111,FIRHAM PARK AVENUE,24.61779,76
29112,HAROLD WOOD LIBRARY,0.63873,76
29113,HAROLD WOOD STATION,1332.88975,162
29114,ARUNDEL ROAD,88.10468,158
29115,OXFORD ROAD NORTH,5.11166,77
2913,CRANBOURNE ROAD,1130.85748,251
29139,CURZON CRESCENT,47.38864,172
2914,CAPEL ROAD,46.90931,156
29140,BASTABLE AVENUE / RIVER ROAD,279.72907,169
29141,THAMES VIEW / CHRIST CHURCH,60.428799999999995,172
29142,THAMES VIEW / CHRIST CHURCH,587.04021,169
29143,THAMES VIEW HEALTH CENTRE,297.62226,172
29144,THAMES VIEW HEALTH CENTRE,801.56542,169
29146,SEVERN DRIVE,6.12596,79
29147,BRIDGEND ROAD,241.34051,263
29149,CHISWICK LANE,380.02953,356
29158,SOUTHFIELDS AVENUE,32.54707,71
29159,CHESSHOLME ROAD,16.366149999999998,69
29161,WOOLWICH ROAD / VICTORIA WAY,530.36816,185
29163,ARUNDEL ROAD,69.02902999999999,162
29164,CHINGDALE ROAD,301.77113,155
29165,MERSEY AVENUE,1.70983,79
29166,MERSEY AVENUE,87.29475000000001,77
29167,CROUCH VALLEY,0.9357099999999998,79
29168,CROUCH VALLEY,75.50247,77
29169,FRONT LANE,10.777429999999999,79
2917,CITY OF LONDON CEMETERY,15.759629999999998,156
29170,FRONT LANE,317.56392,78
29171,EDGWARE WAY,49.31004,79
29172,NEWPORT ROAD,87.08834,448
2918,CITY OF LONDON CEMETERY,157.30282,154
29181,HAMPSTEAD HEATH,3.5666099999999994,82
29182,HAMPSTEAD HEATH,6.079869999999999,81
29184,HAROLD WOOD LIBRARY,18.86988,75
2919,WANSTEAD PARK AVENUE,37.5154,155
29200,PERCY ROAD,4.352419999999999,86
29201,PERCY ROAD,59.48347,83
29202,CROSS ROAD,213.03382,84
29203,CROSS ROAD,30.499229999999997,86
29204,VALIANT CLOSE,43.336349999999996,86
29205,VALIANT CLOSE,162.67193,83
29213,BUSH ROAD,2.6984399999999997,22
29214,BUSH ROAD,4.11245,21
29216,HERONWAY,3.0865699999999996,20
29217,HERONWAY,3.15019,23
29218,HILLSIDE CLOSE,0.9923999999999997,20
29219,SPENCER CLOSE,0.6631299999999998,22
29220,WOODFORD STATION,2.65218,21
29221,WOODFORD STATION,633.41284,96
29222,SPRING GARDENS,112.01863,93
29223,ST ANTHONY'S AVENUE,18.71163,99
29224,GORDON ROAD,29.54121,76
29225,BROADMEAD ROAD,67.24278,75
29226,BROADMEAD ROAD,25.28132,76
29227,GORDON ROAD,65.21904,75
29228,LATCHETT ROAD,32.37215,75
2923,WAKEFIELD ROAD,411.45949,164
29234,CHURCH LANE,115.96065,78
29235,FARM CLOSE,31.440199999999997,77
29236,FARM CLOSE,13.36698,78
29237,RIDGEWELL CLOSE,40.34091,78
29238,RIDGEWELL CLOSE,17.88714,78
29239,OVAL ROAD NORTH,312.62102,79
29240,OVAL ROAD NORTH,45.085699999999996,78
29241,OVAL ROAD SOUTH,73.23113,79
29245,MILLFIELDS ROAD,997.00873,621
29246,SOUTHEND CRESCENT / SOUTHEND CLOSE,0.0,80
29249,LAMBETH TOWN HALL,506.86164,351
29251,STRATHEDEN PARADE,247.3081,249
29254,WANSFORD ROAD,5.1472999999999995,76
29255,WANSFORD ROAD,53.19237,75
29256,LONGBRIDGE ROAD,135.10907,79
29257,MAYESBROOK ROAD,82.7458,79
29258,MAYESBROOK ROAD,50.21389,77
29259,SCHOOL WAY,69.50236,79
29260,SCHOOL WAY,48.91102,77
29261,WALDEGRAVE ROAD,61.68027,79
29262,WALDEGRAVE ROAD,90.46702,78
29269,CLAREMONT ROAD,9.563759999999998,96
2927,STAMFORD ROAD,376.53113,165
29270,BELMORE PARADE,224.58529,255
29286,RUXLEY CORNER,70.54444,134
29287,CHADWELL HEATH LANE,255.38473,223
29289,OLD RUISLIP ROAD,31.939809999999998,80
2929,TOTTENHAM HALE RETAIL PARK,615.89191,166
29290,HENSON PLACE,44.111399999999996,80
29292,BELMONT HILL,187.70765,429
29293,MONTGOMERY ROAD,259.71428,234
29295,EDGWARE WAY,108.04406,78
29296,PORTLAND PLACE,190.41621,217
29307,DEEPDENE ROAD,959.27889,420
29308,RUSKIN DRIVE,678.48413,409
29309,FOREST HILL STATION  / DEVONSHIRE ROAD,250.9301,234
29310,SHAWFORD COURT,464.83758,334
29312,HYACINTH ROAD,504.84213,338
29314,HEATHMERE PRIMARY SCHOOL,294.17931,340
29318,PARK ROAD / LONDON BUSINESS SCHOOL,215.27918,186
29319,ROSSMORE ROAD / LONDON BUSINESS SCHOOL,115.38002,183
2932,WATERWORKS CORNER,13.42049,152
29320,ROSSMORE ROAD / LISSON GROVE,436.52554,185
29321,CHURCH STREET MARKET,211.85775999999998,183
29323,THE AVENUE,695.88022,191
29326,KENMORE ROAD,237.27008,163
2933,WATERWORKS CORNER,30.14407,147
29331,WOOD LANE,171.7231,247
29332,FREEBORNE GARDENS,117.50448,237
29333,FREEBORNE GARDENS,363.74446,247
29335,KINGABY GARDENS,193.21358,245
29336,JERSEY ROAD,49.74162,239
29337,MUNGO PARK ROAD / SOUTH END ROAD,187.56835,243
29338,FORD LANE,162.08231,244
29339,ALEXANDRA ROAD,75.18787999999999,242
2934,CHELMSFORD ROAD,29.146479999999997,152
29340,ALEXANDRA ROAD,94.76472,244
29355,PARKGATE ROAD,161.49547,155
29356,PARKGATE ROAD,79.10751,161
29357,PARK LANE,57.45316,161
29358,PARK LANE,59.743919999999996,155
29363,EYNSHAM DRIVE / BLITHDALE ROAD,64.39406,163
29364,EYNSHAM DRIVE / BLITHDALE ROAD,185.68928,162
29365,FELIXSTOWE ROAD,266.03521,163
29366,FELIXSTOWE ROAD,524.78188,162
29367,PETERSTONE ROAD,34.856719999999996,84
29368,CHALCOMBE ROAD,238.4988,162
29369,WAXWELL LANE,39.19262,76
29382,NORTH CIRCULAR ROAD,285.33805,99
29384,CASSIOBURY AVENUE,152.20511,76
29385,CASSIOBURY AVENUE,24.054299999999998,74
29386,DULWICH / THE PLOUGH,85.58153,83
29394,HOWE CLOSE,8.1764,86
29395,HOWE CLOSE,79.83549,83
29396,PADDINGTON STN / EASTBOURNE TERRACE,1199.98688,458
29397,PADDINGTON STN / EASTBOURNE TERRACE,1112.35584,547
29399,PARKWAY,44.81267,175
29402,LONGFORD CLOSE,63.84586,94
29403,LONGFORD CLOSE,40.3512,96
29408,ALBYNS CLOSE,92.32914,241
29409,FORD LANE,458.67782,245
29413,MARKS GATE COMMUNITY CENTRE,238.84259,215
29414,KINGSTON HILL AVENUE,48.61725,136
29415,ROSE LANE / BILLET ROAD,133.41117,216
29416,ROSE LANE / BILLET ROAD,197.14539,207
29417,FURZE FARM CLOSE,5.155459999999999,139
29418,FURZE FARM CLOSE,119.2009,136
29419,KINGSTON HILL AVENUE,3.7882199999999995,139
29420,MARKS GATE COMMUNITY CENTRE,569.9587,199
29422,ALDERMAN AVENUE,75.7116,171
29423,ALDERMAN AVENUE,285.94367,169
29424,GLENMORE WAY,60.59182,172
29425,GLENMORE WAY,496.99557,169
29426,GOSPATRICK ROAD,109.36452,320
29427,GOSPATRICK ROAD,247.27012,318
29428,NORTHWICK PARK STATION,182.06238,67
29429,PECKHAM POST OFFICE,258.41609,176
2943,ACTON MAIN LINE STATION,139.49659,169
29430,THE BROOK HOUSE,105.66002,152
29432,ADELPHI CRESCENT,55.50957,155
29433,ADELPHI CRESCENT,125.92437,152
29434,WEYMOUTH ROAD,56.83233,154
29439,GREENWICH TOWN CENTRE / CUTTY SARK,1162.55638,408
29441,LAUNCELOT ROAD,65.33512,156
29442,LAUNCELOT ROAD,175.04035,153
29443,ROYAL VETERINARY COLLEGE,94.48341,76
29444,ROYAL COLLEGE STREET,208.65613,96
29445,WANGEY ROAD,487.38862,161
29447,GRIFFIN ROAD / PLUMSTEAD STATION,0.0,98
29449,DORCHESTER GROVE,7.459539999999999,79
29450,STREATHAM HILL STN  / STREATHAM HILL,1434.90877,978
29453,MARSH HILL,219.16166,325
29454,ADLEY STREET,317.78774,321
29455,KINGSMEAD ESTATE,551.45372,321
29456,KINGSMEAD ESTATE,875.85515,325
29460,HARROW LODGE PARK,45.61945,84
29461,MAYPLACE RD WEST / BEXLEYHEATH CLOCK TWR,2874.97363,465
29462,SYCAMORE AVENUE,117.87485000000001,98
29463,SOUTH WOODFORD STATION,516.56921,337
29464,NORTH CHEAM / QUEEN VICTORIA,673.07655,244
29468,DANSON PARK,1.2183899999999999,62
29469,DANSON ROAD / SANDHURST ROAD,21.14199,60
29472,BEDFONT ROAD,121.07813,68
29473,BEDFONT ROAD,68.98671,74
29474,EVEREST ROAD,143.60305,70
29475,EVEREST ROAD,92.92201,77
29476,CORDELIA ROAD,77.74562999999999,74
29477,CORDELIA ROAD,45.42017,76
29478,VISCOUNT ROAD,175.80006,76
29479,VISCOUNT ROAD,88.31442,76
29480,ST ANNE'S AVENUE,71.53061,80
29481,ST ANNE'S AVENUE,51.62083,77
29488,BLOEMFONTEIN ROAD / HAMMERSMITH HOSPITAL,41.36435,79
29492,CECIL AVENUE,772.81496,261
29497,MOSAIC & THE WOODLANDS,16.216269999999998,81
29498,MOSAIC & THE WOODLANDS,11.736479999999998,79
29499,HANWORTH AIR PARK LEISURE CTR & LIBRARY,228.23761,178
2950,HARLESDEN POLICE STATION,403.86843,176
29500,HANWORTH AIR PARK LEISURE CTR & LIBRARY,119.92239,173
29505,HERMIT ROAD,27.00782,93
29507,STRATFORD PARK,122.42823,168
29508,CHURCH STREET,401.74984,426
29510,LEVETT ROAD,83.00362,78
29511,SALISBURY AVENUE,24.953709999999997,77
29512,SALISBURY AVENUE,35.42359,79
29513,SANDRINGHAM ROAD,166.61312,76
29514,BARKING COMMUNITY HOSPITAL,52.98775,79
29516,UPNEY STATION,119.19107,79
29517,MEADOW ROAD,127.99871,76
29518,MEADOW ROAD,41.7444,79
2952,OCEAN ESTATE,494.69328,200
29522,POWERSCROFT ROAD / LOWER CLAPTON ROAD,305.57825,99
29523,COLLIER ROW ROAD,6.51695,86
29524,COLLIER ROW ROAD,114.50821,83
29525,GOBIONS FARM,122.92491,152
29526,HOG HILL ROAD,25.06135,76
29527,FRINTON ROAD,1.2612899999999998,76
29528,FRINTON ROAD,140.06447,76
29529,STAPLEFORD GARDENS,2.19825,76
2953,CURZON CRESCENT,674.10082,174
29542,UPNEY STATION,199.021,76
29543,MEDFIELD STREET,630.97937,335
29545,TOWER ROAD,44.40364999999999,458
29548,WALTHAM PARK WAY,356.77473,168
2955,ROMAN ROAD,137.24525,181
29556,WOODFORD STATION,270.65523,79
29557,GREENSTEAD AVENUE,44.2592,79
29558,RAY LODGE PRIMARY SCHOOL,124.75932,76
29559,CHIGWELL ROAD,17.17888,76
2956,ERIC ROAD,174.05056,171
29560,RAY LODGE PRIMARY SCHOOL,74.32034,79
29563,STRATFORD PARK,105.38024,172
29566,LITTLE PARK DRIVE,311.15487,170
29567,CENTRAL SQUARE,179.52217,127
2957,ILEX ROAD,134.46403,173
29573,DEPTFORD BRIDGE,0.0,96
29576,HAMMERSMITH BRIDGE ROAD,19.16948,161
29578,GREATFIELD AVENUE,219.8731,164
2958,WILLESDEN MAGISTRATES COURT,360.66014,260
29581,HENDON WAR MEMORIAL,714.34984,400
29584,ARMOURY WAY,197.65085,233
29589,NENE ROAD ROUNDABOUT,0.9689399999999999,22
2959,MEYRICK ROAD,156.35282,256
29596,WATERSON STREET,950.19653,291
2960,POUND LANE,982.1610900000001,503
29600,ST MARGARETS CHURCH,1045.31455,318
29605,FREDERICK PLACE,133.09138,257
29606,BLOOMFIELD ROAD / PLUMSTEAD COMMON ROAD,331.57693,258
29608,HERBERT ROAD,887.36415,178
29609,FREDERICK PLACE,157.91534,256
2961,WILLESDEN GREEN LIBRARY,681.87532,343
29610,BROOKHILL ROAD / CONNAUGHT ESTATE,0.3303299999999999,77
29611,STANMORE HILL,87.59421999999999,234
29614,BOW BUS GARAGE,27.3986,166
29615,CHELSEA WORLDS END,0.0,15
29619,ST MARY'S CHURCH / PUTNEY PIER,1976.13564,533
2962,WILLESDEN GREEN LIBRARY,1682.16474,344
29620,ST MARY'S CHURCH / PUTNEY PIER,979.60261,645
29622,LONDON HILTON HOTEL,2229.61533,944
29623,DORCHESTER HOTEL,675.74025,940
29626,DORCHESTER HOTEL,1410.42816,932
29629,MARBLE ARCH,2105.69701,934
29632,MARBLE ARCH / BAYSWATER ROAD,302.84317,292
29635,MEDFIELD STREET,1076.67157,170
29637,CAMBRIDGE HEATH ROAD,213.34224,97
29641,SOUTH HARROW STATION,2875.69496,689
29648,MANSELL STREET,287.55464,326
29652,HYDE PARK CORNER STATION,189.7947,93
29653,BURGESS ROAD,669.94899,251
29658,GLENBURNIE ROAD,436.38673,154
29659,GREENWICH TOWN CENTRE / CUTTY SARK,266.16848,76
2966,SHELDON ROAD,954.73944,324
29666,CAMDEN TOWN STATION,0.0,113
2967,SHELDON ROAD,181.69388,329
29684,DENMARK STREET,1284.90577,664
29685,LAMBETH TOWN HALL,279.55415,264
29686,MITCHAM ROAD / TOOTING BROADWAY STN,5243.57901,325
29687,CLEVELEY CLOSE,299.84695,358
29688,ALBERT ROAD,696.7796,242
29689,CROUCH HILL STATION,236.84402,80
2969,MORA ROAD,308.4444,422
29690,CROUCH HILL STATION  / HANLEY ROAD,80.9888,80
29691,VICTORIA ROAD,172.15384,81
29698,INVERFORTH HOUSE,42.288109999999996,181
29699,BETSTYLE ROAD,67.82352,119
297,ST JOHN STREET / GOSWELL ROAD,880.95194,381
2970,MORA ROAD,972.86681,247
29700,BETSTYLE CIRCUS,15.259339999999998,119
29701,BROOKDALE,29.35181,119
29702,BROOKDALE,26.835179999999998,119
29703,MORTON WAY,44.30996,118
29704,MORTON WAY,33.397529999999996,79
29705,LINCOLN AVENUE,24.730719999999998,79
29706,LINCOLN AVENUE,73.60423,77
29707,ARLINGTON ROAD,54.31696,79
29708,ARLINGTON ROAD,120.7711,77
29709,HAMPDEN SQUARE,85.22542,79
2971,LONGLEY WAY,458.86881999999997,424
29710,PARKSIDE GARDENS,136.63055,152
29711,PARKSIDE GARDENS,104.22006,150
29712,ST MARY'S CHURCH,47.70326,79
29713,ST MARY'S CHURCH,25.37607,77
29714,CEDAR AVENUE,18.653869999999998,79
29715,CEDAR AVENUE,38.03791,76
29716,CHURCH HILL ROAD,134.37842,76
2972,GLADSTONE PARK GARDENS,984.58163,419
29720,TOTTENHAM HIGH ROAD,212.47842,236
29721,TOTTENHAM HIGH ROAD,157.81069,247
29722,SPENCER ROAD,590.7234,235
29723,SPENCER ROAD,74.59676999999999,247
29724,CHALGROVE ROAD,664.29186,235
29725,CHALGROVE ROAD,132.82207,247
2973,DOLLIS HILL LANE,211.2528,268
29730,HAGGERSTON STATION,1142.20059,291
29733,BURNHAM STREET,711.71371,263
29734,BROOK CRESCENT,365.92707,236
29745,BROCKLEY RISE / CHANDOS,89.47445,145
29747,PORTERS AVENUE,65.80114,79
29748,ST MARY'S CHURCH,805.33107,377
29749,ST CEDD'S CHURCH,193.79653,79
29750,ST CEDD'S CHURCH,188.92442,78
29751,IVINGHOE ROAD,40.74807,79
29752,IVINGHOE ROAD,40.14374,78
29753,ILCHESTER ROAD,61.80403,79
29754,ILCHESTER ROAD,78.62054,78
29756,BECONTREE AVENUE,838.68276,255
29759,LONSDALE CLOSE,214.51244,167
2976,STAPLES CORNER RETAIL PARK,501.77088,193
29760,LONSDALE CLOSE,532.03166,165
29761,HATHERLEY GARDENS,227.17579,167
29763,HALDANE ROAD,37.26316,84
29765,CREIGHTON AVENUE,63.78703,84
29767,GLENTHORNE HIGH SCHOOL,321.45291,131
29768,FOREST ROAD,158.91481,82
29769,TONFIELD ROAD,208.18099,82
2977,OXGATE LANE,161.75945,190
29772,HIGHBURY & ISLINGTON STATION,2639.99578,363
29775,TURNPIKE LANE STATION,847.15232,518
29776,BARKING STATION,6433.30789,414
2978,PARK ROAD,489.17232,178
29782,VALENTINE ROAD,421.16686,176
29787,MOUNT ANGELUS ROAD,1.453849999999999,181
29788,MOUNT ANGELUS ROAD,271.19077,169
29789,ROEHAMPTON LIBRARY,132.33086,180
29790,ROEHAMPTON LIBRARY,469.14705,170
29791,CLAPHAM ROAD / STOCKWELL STATION,1309.04849,363
29792,ST MARY'S CHURCH,912.08847,393
29796,GEORGE STREET,270.63946,271
29797,DORSET STREET,74.48279,272
29807,DORSET STREET,1806.94444,723
29808,ST GEORGE'S CIRCUS,480.62390999999997,656
29809,SANDFORD ROAD,206.31755,167
29810,CATFORD BUS GARAGE,408.77876,351
29813,HOLLAND AVENUE,237.45094,95
29814,HOLLAND AVENUE,107.01018,92
29815,ORCHARD LANE,47.72941,78
29816,KINGSTON HOSPITAL,250.6031,253
29817,KINGSTON HOSPITAL,614.80749,250
29818,NEW VICTORIA HOSPITAL,99.84139,93
29819,NEW VICTORIA HOSPITAL,107.91184,95
2982,SHEAVESHILL AVENUE,580.83622,196
29820,COTTENHAM PARK ROAD,137.62975,96
29821,COTTENHAM PARK ROAD,23.230629999999998,91
29824,THOROGOOD GARDENS,86.73022,74
29825,MCGRATH ROAD,160.11603,77
29826,MCGRATH ROAD,56.16654,74
29828,MAGPIE CLOSE,28.50515,74
29829,ST JAMES' SCHOOL,229.10937,77
2983,SHEAVESHILL AVENUE,515.44303,197
29830,ST JAMES' SCHOOL,45.13465,74
29831,FOREST GATE STATION,36.45796,74
29832,FOREST GATE STATION,679.9102,162
29833,MANOR PARK CRESCENT,150.04041,83
29834,MANOR PARK CRESCENT,112.89237,650
29835,CECIL ROAD,10.570459999999999,73
29836,PORTERS AVENUE,76.56461,78
29837,MORFORD WAY,93.6988,77
2984,COLINDEEP LANE,755.68115,351
29841,CRESCENT DRIVE,28.538529999999998,218
29842,STANMORE STATION,979.66182,254
29844,MUSEUM STREET,1726.17805,721
29845,SANDFORD ROAD,502.37462,165
29849,WALTHAM PARK WAY,38.86944,173
29851,GREENWICH TRUST SCHOOL,339.95256,356
29867,HAYMARKET / JERMYN STREET,572.85907,317
2987,BURNT OAK BROADWAY,930.3202200000001,425
29874,GOLDHAWK ROAD / YOUNG'S CORNER,168.47415999999998,350
29879,WIMBLEDON POLICE STATION,76.88231,78
2988,NORTH ROAD,493.7225,431
29880,WIMBLEDON POLICE STATION,1209.50803,77
29881,TRINITY ROAD,85.75863,78
29882,TRINITY ROAD,62.57333,77
29883,CRAVEN GARDENS,111.88698,78
29884,CRAVEN GARDENS,31.21399,77
29885,HAYDONS ROAD STATION,223.16999,78
29886,HAYDONS ROAD STATION,173.84773,77
2989,NORTH ROAD,346.65396,426
29899,KING'S CROSS ROAD / PENTONVILLE ROAD,144.57383,341
2990,DEANSBROOK ROAD,740.27133,580
29902,ACTON STREET,11.172979999999999,99
29903,ACTON STREET,140.55774,160
29906,COLLIER ROW / NTH ROMFORD COMMUNITY CTR,80.42206,88
29907,MARBLE ARCH STATION  / PARK LANE,7667.70439,935
29911,MOORGATE STATION,127.16451,169
29912,LONDON WALL,104.99374,171
29914,LITTLE HEATH,828.97438,279
29918,HIGHBURY BARN,0.0,76
29919,FIRS AVENUE,123.10833,267
29926,DUNEDIN ROAD,211.95717,241
29927,ROYAL FREE HOSPITAL,1502.96875,231
29930,MOORFIELDS EYE HOSPITAL,809.80361,289
29935,ST BARNABAS CHURCH,90.08445,156
29936,GUNTER GROVE,501.84096,169
29937,FULHAM ROAD,773.57347,169
29938,REDCLIFFE STREET,121.73885,169
29939,OLD BROMPTON ROAD,74.8943,170
29940,EARLS COURT SQUARE,393.79115,362
29941,EARLS COURT STATION,664.1247,361
29948,FISHER ROAD,62.32905,73
29949,FISHER ROAD,47.604,65
2995,WILLESDEN GREEN STATION,1208.12179,244
29950,CLIFTON AVENUE,80.72744,66
29951,CLIFTON AVENUE,22.16638,74
29952,QUEENS AVENUE,101.89049,65
29953,QUEENS AVENUE,57.35985,71
29954,HAMMERSMITH BRIDGE ROAD,277.19615,162
29955,WHITE HART LANE STATION,1890.42645,358
29957,YARDLEY LANE ESTATE,167.44789,210
29958,LEA VALLEY ROAD,13.43267,75
29959,LEA VALLEY ROAD,130.75238,85
2996,MAYO ROAD,412.47927,174
29960,HAWKWOOD CRESCENT,0.11584,75
29961,MAIDA AVENUE,57.90538,85
29962,MOUNT ECHO DRIVE,1.9639399999999994,77
29963,MOUNT ECHO DRIVE,32.82408,73
29964,MANSFIELD PARK,28.470309999999998,71
29966,HAMMERSMITH STN / H&C AND CIRCLE LINES,482.81621,590
2997,ROUNDWOOD ROAD,293.77058999999997,174
29973,GREENWAY,340.57637,244
29976,PIMLICO STATION,765.40369,291
29977,PIMLICO STATION,765.80952,288
29979,PRIORY ROAD,517.14878,96
2998,WANSTEAD STATION  / GEORGE GREEN,698.25274,419
29982,GEORGE STREET,1565.14498,666
29987,YORK STREET / TWICKENHAM,1269.58673,423
29990,GREEN PARK STATION,50.32854,99
29991,BERKELEY SQUARE,33.57222,99
29994,HAYES & HARLINGTON STATION,4928.22815,814
29995,KINGWOOD ROAD,923.48383,298
29997,LONDON HILTON HOTEL,1197.57227,672
30,MILL LANE,208.46495,339
3001,CONNAUGHT GARDENS,210.53640000000001,245
30011,DURRANT WAY,4.68446,83
30012,DURRANT WAY,8.5811,85
3002,CONNAUGHT GARDENS,230.83836,250
3003,LANGDON WALK,184.85396,245
3004,LANGDON WALK,64.74589999999999,250
3005,CHESTER GARDENS,351.71139,245
3006,LEOMINSTER WALK,116.81265,249
3007,ST HELIER AVENUE / MIDDLETON ROAD,411.55234,246
3008,ST HELIER AVENUE / MIDDLETON ROAD,239.14364,249
3009,DORE GARDENS,151.7238,162
30099,OLD COULSDON / TUDOR ROSE,107.85536,127
3010,NETLEY GARDENS,77.35581,166
3013,LITTLE ILFORD LANE,916.3125,354
3015,BROOK GREEN,256.91746,269
3017,OSTERLEY STATION,121.29321,79
3019,MOUNT EPHRAIM ROAD,487.26977,1032
3022,SHEPHERDS BUSH MARKET STATION,2172.44331,333
3023,BOUNDARY ROAD,584.82528,186
3025,SHEPHERDS BUSH MARKET STATION,537.2065,330
3029,LOFTUS ROAD,379.22059,251
3030,LOFTUS ROAD,305.35437,253
3031,ADELAIDE GROVE,1092.45524,333
30312,UXBRIDGE HIGH STREET,455.64877,134
3032,ADELAIDE GROVE,408.20123,409
3033,SECOND AVENUE,853.90764,339
3034,THIRD AVENUE,626.5119,332
3035,LARDEN ROAD,200.64667,192
3036,LARDEN ROAD,253.25193,186
30361,DOVEDALE CLOSE,14.07968,123
3037,GROSVENOR ROAD,113.07241,190
3038,CHAUCER ROAD / EFFRA PARADE,217.75629,268
3039,ACTON PARK,63.480109999999996,289
3040,ACTON PARK,200.28952999999998,279
3041,ACTON CENTRAL STATION,833.2729,367
30419,MOSSENDEW CLOSE,41.57016,65
3042,ACTON CENTRAL STATION,862.59712,360
30420,WICKHAM CLOSE,19.597739999999998,70
3043,ACTON OLD TOWN HALL,2433.26402,615
3044,ACTON OLD TOWN HALL,3381.8986,606
3049,TWYFORD AVENUE,95.61866,116
30496,CANONS CORNER,68.28524,160
305,HACKNEY CENTRAL STATION,1609.14682,458
3050,TWYFORD AVENUE,315.36526,121
3051,BIRCH GROVE,112.7246,116
3052,BIRCH GROVE,45.19387,121
3053,HANGER LANE,193.74259,114
3054,WORMHOLT ROAD,209.32385,255
3058,LONGFIELD AVENUE,244.72128,425
30598,OLD BEXLEY LANE,6.14319,52
306,HACKNEY TOWN HALL,1916.70228,781
3062,ST LEONARDS ROAD,269.13165,423
3063,DANE ROAD,253.25681,191
3064,BROUGHTON ROAD,843.72486,263
3066,NORTHFIELD AVENUE,288.66091,276
3067,DEAN GARDENS / BEDFORD ROAD,658.3379,277
3069,DEAN GARDENS / BEDFORD ROAD,773.64745,360
307,HACKNEY TOWN HALL,2126.49826,382
3071,WEST EALING BROADWAY,1129.24928,269
30714,METCALF ROAD / THE ASH TREE,39.577479999999994,143
3072,GROSVENOR ROAD,581.89446,359
3073,WEST EALING BROADWAY,729.4174,168
30743,WOOD GREEN STATION,568.40909,418
3077,CHURCH ROAD,380.71758,359
308,GRAHAM ROAD / HACKNEY CENTRAL,1575.46521,287
3080,HALF ACRE ROAD,247.50006,191
3081,EALING HOSPITAL / WHARNCLIFFE DRIVE,1755.77608,358
3082,EALING HOSPITAL,1067.00898,257
3083,ST BERNARD'S GATEHOUSE / WINDMILL PARK,635.14945,413
30877,SLADES HILL,85.67931,72
3088,LYNDHURST AVENUE,93.41763,179
3089,LYNDHURST AVENUE,96.76781,178
30901,ST HELIER STATION,188.60533,84
3092,SOUTHALL PARK,90.30465,179
3093,SOUTHALL PARK,48.78604,178
3094,SOUTHALL / NORTH ROAD,3140.56522,258
3096,NORTHCOTE AVENUE,777.98551,178
3097,ABBOTTS ROAD,518.89044,178
31,VICTORIA BUS STATION,2.2420299999999997,184
3100,SOUTHALL / TRINITY ROAD,1415.73884,257
3101,SOUTHALL / TRINITY ROAD,1206.4696,258
3103,HAYES BRIDGE,212.45071000000002,179
3104,HAYES BRIDGE,408.72029,178
3105,DELAMERE ROAD,203.81459999999998,179
31051,ST MARY'S ROAD,3.4258399999999996,131
3108,BROOKSIDE ROAD,909.25314,178
3109,SPRINGFIELD ROAD,507.76997,179
31090,PUTNEY BRIDGE STN  / GONVILLE STREET,666.53446,174
3110,HAYES BY-PASS,238.39499,179
3111,HAYES BY-PASS,42.63632,104
3112,HAYES / THE GRAPES,2500.19933,177
3114,UXBRIDGE COUNTY COURT,2685.70443,565
3115,UXBRIDGE COUNTY COURT,1357.91294,338
3116,ROSEDALE PARK,92.4913,256
31173,HILLCREST ROAD,111.31007,275
3118,PARK ROAD,246.49933,256
3119,PARK ROAD,83.42227,260
312,HOLLOWAY / NAGS HEAD,687.25692,379
3122,HAYES END,812.5067,335
3123,HAYES END,492.37219,341
3124,HAYES POLICE STATION,561.02797,255
3125,MORGANS LANE,150.61966999999999,260
31250,HIGH STREET / WORLDS END LANE,0.0,150
3126,HEWENS ROAD,208.32552,180
3127,WEST DRAYTON ROAD,127.33492,182
3130,HEATH ROAD,212.40802,179
3131,NEW ROAD,147.53682,182
31326,ELMERS END GREEN,445.99243,320
31327,ELMERS END GREEN,344.15309,239
3133,HILLINGDON HEATH / LEES ROAD,1202.8575700000001,258
3134,HILLINGDON HEATH / LEES ROAD,588.62972,262
3135,HILLINGDON PRIMARY SCHOOL,446.57216,254
3136,HILLINGDON PRIMARY SCHOOL,414.88037,260
3138,LONG LANE,113.56932,103
314,HOLLOWAY / NAGS HEAD,1724.16095,357
3141,ST JOHN'S CHURCH,149.6474,181
31426,ASHFORD ROAD,17.807479999999998,73
31461,ENFIELD TOWN STATION,309.93147,125
31468,KINGSTON STATION,1034.2896700000001,169
3147,THE GREENWAY,1233.84751,488
31473,JAMES WATT WAY,185.71788,253
3148,THE GREENWAY,503.85925,493
31498,PIMLICO STATION,297.93538,160
315,SEVEN SISTERS ROAD / NAGS HEAD,2373.94587,379
3151,MANOR WAYE,114.97831,489
3152,MANOR WAYE,42.60359999999999,486
3153,ST ANDREW'S CHURCH,369.5844,489
31531,ERITH TOWN CENTRE / RIVERSIDE,383.80295,158
3162,TUFNELL PARK STATION,15.225,96
3163,BRENTFORD FOUNTAIN LEISURE CENTRE,429.36697,260
3164,BRENTFORD FOUNTAIN LEISURE CENTRE,234.96264,255
3165,SHOOTERS HILL ROAD / WELL HALL ROAD,474.33717,350
3170,CAMBRIDGE ROUNDABOUT / NORTH SIDE,116.06756,158
3171,CAMBRIDGE ROUNDABOUT / SOUTH SIDE,189.4411,243
3173,TRINITY AVENUE / BUSH HILL PARK STN,178.72259,214
3174,SOUTHBURY ROAD,551.34415,158
31742,BERRYLANDS ROAD,52.1018,74
3176,CAMBRIDGE GARDENS,72.1839,158
3177,FETTER LANE,571.8246,480
3178,CHANCERY LANE,405.33612999999997,494
3179,ST BERNARD'S GATEHOUSE / WINDMILL PARK,908.00504,413
318,KINGSLAND HIGH STREET,2232.62706,439
31802,ALTON ROAD,226.3046,233
3182,HALL ROAD,364.49323,184
3183,ABBEY ROAD STUDIOS / GROVE END ROAD,173.38078,189
3184,MARLBOROUGH PLACE,136.67723,185
3185,MARLBOROUGH PLACE,102.15853,189
3186,BOUNDARY ROAD,279.24942,187
3188,CRICKLEWOOD LANE,1964.37057,420
3189,CRANFORD LIBRARY / THE PARKWAY,585.09899,276
319,DALSTON JUNCTION STATION,1783.05368,447
3190,THE PARKWAY,456.36101,273
3191,QUEEN'S GATE TERRACE,161.20013,81
3192,QUEEN'S GATE TERRACE,275.77517,81
3193,EDGWARE STATION,957.15234,151
3195,BARNET WAY / APEX CORNER,604.50902,168
3196,APEX CORNER,267.18304,169
3197,AMEN CORNER,886.27775,491
3198,AMEN CORNER,746.51689,761
31982,SUTTON / MARSHALL'S ROAD,368.59225,160
32,VICTORIA BUS STATION,0.76347,150
320,DALSTON JUNCTION STATION,2175.9833,356
3200,CUBA STREET,177.02976,289
3201,BYNG STREET,354.54108,284
3211,LEYTONSTONE HIGH ROAD STATION,431.09019,184
3212,WILLESDEN BUS GARAGE,603.65208,270
3213,WILLESDEN BUS GARAGE,2326.84001,512
3215,HARLESDEN POLICE STATION,148.63421,173
3217,CHATSWORTH ROAD,5.52484,203
3218,CHATSWORTH ROAD,311.74204,202
3219,LEA BRIDGE STATION,402.76839,199
3223,NIGHTINGALE ROAD,1132.58579,190
3224,WILLESDEN JUNCTION STATION,413.48736,196
32250,GREEN DRAGON LANE,376.22837,178
3227,EALING BROADWAY CENTRE,1671.6067,91
3228,ST ANDREW'S CHURCH,39.51105999999999,408
3231,CROFTON LANE / CROFTON ROAD,91.26607,156
3234,VICTORIA GATE,147.89505,292
3235,VICTORIA GATE,47.19687,294
3237,PORCHESTER TERRACE,202.22204,215
3238,ORME SQUARE,15.829569999999999,75
3239,PALACE COURT,127.97171,293
324,CAMDEN TOWN STATION,1683.50422,450
3243,NORLAND SQUARE,132.49056,374
3246,ELMS ROAD / WINDMILL ON THE COMMON,256.08344,256
3247,ELMS ROAD / WINDMILL ON THE COMMON,263.61579,255
3249,BISHOPS BRIDGE ROAD / LITTLE VENICE,138.4645,176
325,CAMDEN TOWN STATION,2750.69585,398
3251,BISHOPS BRIDGE ROAD / LITTLE VENICE,333.9244,101
3253,SUTHERLAND AVENUE,397.3726,197
3254,WESTMINSTER REGISTRATION OFFICE,554.2422,193
3256,PORTNALL ROAD,489.12706,257
3257,ASHMORE ROAD,1197.79241,258
3259,FIFTH AVENUE / QUEEN'S PARK LIBRARY,163.519,258
3260,FIFTH AVENUE,639.20315,257
3262,BERENS ROAD,108.92153,99
3263,KENSAL GREEN CEMETERY,623.49886,100
3265,KENSAL GREEN STATION,43.04263,100
3266,ST MARY'S CEMETERY,257.67767,99
3267,ST MARY'S CEMETERY,196.12659,100
3275,WYLD WAY,296.91249,172
3277,TRING AVENUE,262.78528,172
3278,TRING AVENUE,248.71788,173
3282,WAVERLEY AVENUE,379.81706,175
3283,WAVERLEY AVENUE,1049.47353,173
3285,EALING ROAD,1423.95898,333
3286,EALING ROAD,1641.36742,342
3290,DORSET ROAD,133.90872,159
3293,CARTERHATCH LANE,275.645,182
3294,KINGSTON ROAD,0.4397,146
3295,ATHENAEUM ROAD,871.12857,337
3296,BALGORES LANE,213.51418,175
3297,LAMBETH ROAD / KENNINGTON ROAD,190.56953000000001,168
3298,GREEN LANE,107.64729,387
3299,QUEENSWOOD GARDENS,124.39026,155
33,VICTORIA BUS STATION,4.408219999999999,187
330,CAMDEN ROAD STATION,886.1032,298
3300,WINDSOR ROAD,85.22592,76
33000,HAMMERSMITH BROADWAY,782.41207,402
33001,HAMMERSMITH BROADWAY,175.36802,406
33002,NORTHWOOD STATION,302.38211,68
33004,WESTERDALE ROAD,173.79277,335
33008,MONKS ORCHARD ROAD,150.66721,158
33009,LINKS VIEW ROAD,145.19518,158
3301,WINDSOR ROAD,26.4193,73
33011,SHIRLEY YOUTH AND COMMUNITY CENTRE,528.27195,154
33012,WEST WICKHAM AND SHIRLEY BAPTIST CHURCH,229.70727,175
33013,DALMORE AVENUE,3.4413199999999997,70
33015,THE LATCHMERE,1065.71482,475
33016,YEADING / WHITE HART ROUNDABOUT,1650.67217,439
33021,NORTHOLT HIGH SCHOOL,89.24186,77
33022,NORTHOLT HIGH SCHOOL,84.47377,78
33023,SANDOWN WAY,101.6592,77
33024,SANDOWN WAY,171.48769000000001,78
33025,SOMERVELL ROAD,52.69251,77
33026,SOMERVELL ROAD,113.52461,78
33027,EASTCOTE LANE,73.99012,77
33028,EASTCOTE LANE,247.53375,78
33029,COOMBE GIRLS SCHOOL,196.1969,94
33031,OAK ROAD,91.48109,90
33032,OAK ROAD,137.46151,96
33034,THE TRIANGLE,224.14977000000002,96
33036,GROVE ROAD,58.271679999999996,136
33037,VICTORIA ROAD,293.70598,174
33038,VICTORIA ROAD,727.79729,173
33040,HARROW MANORWAY / YARNTON WAY,629.88127,492
33041,OVERTON ROAD,486.45611,494
33045,HARROW MANORWAY / LENSBURY WAY,428.66553,501
3305,QUEENSWOOD GARDENS,132.16689,154
33052,BASSANT ROAD,84.26038,85
33053,KINGSDALE ROAD,55.71043,85
33054,KINGSDALE ROAD,84.69562,80
33055,BASSANT ROAD,168.91377,80
33056,NEWQUAY ROAD,1384.50862,604
33058,GLOUCESTER ROAD,34.77731,129
33059,GLOUCESTER ROAD,109.43715,146
33062,OXFORD CIRCUS STN  / MARGARET STREET,2076.12051,485
33066,NEW CAVENDISH STREET,375.06148,213
3307,SOUTHEND ROAD,140.22347,172
33077,SYCAMORE GROVE,106.73662,96
33078,CAMBRIDGE AVENUE,79.32149,90
33088,TOWN LANE / ASHFORD HOSPITAL,58.19215,78
33091,SISTERS AVENUE,46.90846,189
33092,ISLINGTON TOWN HALL,815.55242,375
33093,RED LION STREET,1473.55215,407
33096,CAMDEN GARDENS,1255.26601,757
33097,PRATT STREET,91.29169,80
33099,OAKLEY SQUARE,43.25073,80
331,CAMDEN ROAD STATION,560.52949,215
33100,NEW CROSS BUS GARAGE,1375.65977,278
33101,NEW CROSS BUS GARAGE,2456.51913,639
33107,PROCTER STREET,1024.30865,305
33109,BOROUGH STATION  / GREAT DOVER STREET,306.03729,100
33110,UPMINSTER PARK ESTATE,210.82006,225
33111,LEXINGTON WAY,168.79546,291
3312,BRUNSWICK AVENUE,160.64575,225
33130,NORWOOD JUNCTION STATION,200.34019,159
33137,ELEPHANT & CASTLE / LONDON ROAD,4501.53586,664
33138,ELEPHANT & CASTLE / LONDON ROAD,830.90856,351
3314,EALING ROAD,135.34645,78
33141,HIGHGATE SCHOOL,212.59408,261
33144,BECKENHAM JUNCTION STN  / RECTORY RD,116.38243,154
3315,EALING ROAD,185.56895,77
33152,LYNDHURST AVENUE,2.02593,75
33153,YORK WAY / KINGS PLACE,73.55633,94
3316,NORTHWOOD SCHOOL,145.8722,73
33160,RAYNES PARK LIBRARY,87.94472999999999,209
33164,GREEN LANE POST OFFICE,240.69353,91
33165,SHRUBLANDS / BRAMBLE CLOSE,219.15101,158
33167,GORSE ROAD,117.40679,79
3317,SANDERSTEAD UNITED REFORMED CHURCH,80.1227,76
33170,BROOM ROAD,88.39719,77
33171,FOREST ACADEMY,86.47822,158
33173,MOLLISON AVENUE / PONDERS END,153.23178000000001,145
33174,PONDERS END STATION,45.72224,142
33177,WHITEFIELD AVENUE,0.21878,75
33178,CANONS HILL,0.0,76
33179,CANONS HILL,133.12666000000002,66
3318,JUTSUMS LANE,213.58409,97
33180,HENDON WAY,64.47718,168
3319,WHALEBONE LANE,191.84204,98
33190,PRIORY ROAD,113.64303,89
33191,PRIORY ROAD,70.4207,96
33192,HOLLY BUSH LANE,29.43554,89
33193,HOLLY BUSH LANE,52.96593,96
33195,PERCY ROAD,4.03035,82
33198,NIGHTINGALE ROAD,40.6657,96
33199,HAMPTON SCHOOL,152.64405,172
332,GREAT WESTERN ROAD / ELGIN AVENUE,856.60556,256
3320,WHALEBONE LANE,616.86446,238
33201,GARDEN CLOSE,106.68201,173
33202,GARDEN COURT,81.13093,95
33203,GARDEN COURT,104.1717,175
33204,HAMPTON LANE,96.94676,178
33205,HAMPTON LANE,62.52641,95
33206,SWAN CLOSE,38.02019,95
33207,SWAN CLOSE,102.08453,178
33208,GREEN LANE,308.85179,177
33209,GREEN LANE,492.38457999999997,176
3321,WHALEBONE LANE SOUTH,652.01125,164
33210,BEAR ROAD FLYOVER,174.38068,177
33215,TAVISTOCK ROAD,1396.7196,266
33216,CHEYNE HILL,24.00192,59
33217,BURNEY AVENUE,14.036059999999999,59
33218,BURNEY AVENUE,12.021899999999999,57
33219,SURBITON STATION,709.02876,350
3322,WHALEBONE LANE SOUTH,40.25061,171
33221,QUEENSWAY / PETTS WOOD STATION,633.08275,220
33222,QUEENSWAY / PETTS WOOD STATION,364.12018,230
33223,JERSEY DRIVE,51.76538,94
33224,JERSEY DRIVE,31.94033,98
33225,CROFTON SCHOOL,46.96967,168
33226,CROFTON SCHOOL,63.47553,217
33227,PLACE FARM AVENUE,100.35386,218
33228,PLACE FARM AVENUE,142.42242,229
33229,ST THOMAS DRIVE,29.365289999999998,155
33230,ST THOMAS DRIVE,19.69832,167
33231,CROFTON ROAD / CROFTON LANE,141.30781,300
33234,BARNEHURST AVENUE,106.97822000000001,96
33235,HURST ROAD,20.08223,96
33236,HURST ROAD,46.46617,92
33237,NORTHUMBERLAND WAY,43.04885,97
33238,NORTHUMBERLAND WAY,175.0019,92
33239,COLYERS WALK,46.18983,97
33240,COLYERS WALK,192.16096000000002,92
33241,MYRTLE CLOSE,104.17891,93
33242,MYRTLE CLOSE,27.31374,97
33243,MASEFIELD CLOSE,55.00595,176
33244,MASEFIELD CLOSE,84.54373,172
33245,BRIDGE ROAD / SLADE GREEN ROAD,2.8821499999999993,96
33246,BRIDGE ROAD / SLADE GREEN ROAD,147.78941,91
33247,HAZEL ROAD,83.88517,197
33248,HAZEL ROAD,361.31342,193
33249,FOREST ROAD / SLADE GREEN STATION,550.57868,279
33256,CRICKLEWOOD BROADWAY / THE CROWN,119.15794,94
33257,STH KENSINGTON STN  / OLD BROMPTON RD,376.11237,349
33259,HAWLEY ROAD,698.8498500000001,390
33260,PRATT STREET,1138.71133,391
33261,ARLINGTON ROAD,121.82809,172
33263,OLD STREET STATION,693.776,286
33266,ATHLONE HOUSE,28.03673,80
33268,KENLEY ROAD,19.52965,89
33269,KENLEY ROAD,18.855649999999997,96
3327,PINGLESTONE CLOSE,322.68135,233
33272,WANDSWORTH TOWN HALL,2573.80944,505
33273,WANDSWORTH TOWN HALL,158.18549,194
33274,WANDSWORTH PLAIN,1276.57984,259
3328,PINGLESTONE CLOSE,415.17096,237
33283,SUSSEX GARDENS,378.04144,474
33284,ST MARY'S HOSPITAL,456.55616,475
33288,CAMDEN TOWN STATION  / BAYHAM STREET,982.4199600000001,420
33290,MORNINGTON CRESCENT STATION,385.12048,166
33291,MORNINGTON CRESCENT STATION,687.3726,372
33301,JOSEPH AVENUE,0.0,81
33302,GYPSY CORNER,57.90748,157
33308,FAIRFIELD HALLS,0.0,86
33309,FAIRFIELD HALLS,4215.49225,759
33313,CHISLEHURST WAR MEMORIAL,136.1043,196
33320,BERRIMAN ROAD,544.78589,528
33321,SOBELL CENTRE,718.96939,529
33322,HOLLOWAY ROAD,36.46263,398
33325,CALEDONIAN ROAD,2135.26097,376
33326,HILLMARTON ROAD,348.2093,213
33327,CAMDEN ROAD,147.30161999999999,342
33328,FREEGROVE ROAD,100.77553999999999,342
33329,HOLLOWAY DELIVERY OFFICE,387.26812,342
3333,THE AVENUE,494.99838,276
33330,PARKHURST ROAD / HOLLOWAY NAGS HEAD,400.53784,340
33331,SOBELL CENTRE,74.31117,101
33332,WOODCHURCH ROAD,203.4276,177
33333,EAST FINCHLEY CEMETERY,99.4277,90
33334,EAST FINCHLEY CEMETERY,93.62008,99
33335,SIMMONS LANE,67.77624,80
33336,SIMMONS LANE,126.93723,81
33338,WHITEHALL ROAD,232.02663,129
33346,SHOREDITCH HIGH STREET STATION,2706.05222,561
33347,SHOREDITCH TOWN HALL,499.22401,387
33348,ETON ROAD,122.49212,78
33349,ETON ROAD,198.61319,156
33350,LOXFORD LANE,225.63212000000001,159
33351,LOXFORD LANE,65.21268,78
33353,LONGBRIDGE ROAD,61.5148,78
33354,THREE FISHES,0.0,77
33355,HENDON CENTRAL STATION,1144.20176,247
33356,HENDON CENTRAL STATION,873.29591,152
33357,COCKFOSTERS ROAD,181.22207,105
33361,SOUTH PARK CRESCENT,43.92281,78
33362,SOUTH PARK CRESCENT,68.6835,78
33363,FRIMLEY ROAD,31.26158,78
33364,FRIMLEY ROAD,18.66443,78
33377,SPENCER ROAD,3.7340799999999996,78
33378,REGENT'S PARK ROAD,11.110779999999998,79
33381,COLLIER ROW ROUNDABOUT / CLOCKHOUSE LANE,241.0858,104
33383,CROYDE AVENUE,492.34487,263
33384,CROYDE AVENUE,343.8727,263
33385,NEW CHANGE / CANNON STREET,87.80848,173
33388,POYLE ROAD,443.0478,79
33389,CHESSINGTON SOUTH STATION,19.812849999999997,120
33394,SHIRLEY GROVE,295.80993,77
33395,STOKE NEWINGTON HIGH ST / BROOKE ROAD,162.32412,86
33396,RECTORY ROAD / BROOKE ROAD,1075.31793,447
33397,AINTREE CRESCENT,34.15426,79
33398,AINTREE CRESCENT,15.35761,81
33399,MOSSFORD LANE,81.32763,79
334,GREAT WESTERN ROAD / HARROW ROAD,593.03795,271
33400,MOSSFORD LANE,8.316199999999998,81
33401,RAVENSBOURNE GARDENS,129.78374,79
33402,RAVENSBOURNE GARDENS,5.83454,81
33404,COPPER BEECH CLOSE,130.07178,78
33413,MANSE ROAD,661.61951,362
33415,CALNE AVENUE,167.33924,79
33416,BASILDON AVENUE,4.15283,81
33426,LEWISHAM FIRE STATION,225.6008,492
33431,ALDGATE EAST STATION,1321.48344,294
33432,WATERLOO STATION   / YORK ROAD,1362.06063,505
33434,WANDSWORTH PLAIN,0.0,79
33436,MOORFIELDS EYE HOSPITAL,1491.66743,365
33437,GALPINS ROAD / LONDON ROAD,161.03966,79
33438,ROEHAMPTON LANE / DANEBURY AVENUE,605.20268,255
33439,CLAYTON ROAD,377.6557,340
33440,THE AYLESHAM CENTRE,863.30576,569
33441,THE AYLESHAM CENTRE,1954.82443,442
33442,THE AYLESHAM CENTRE,1162.51928,325
33447,GROSVENOR GARDENS,5404.33335,763
33452,WARNDON STREET,113.00176,189
33453,SURREY QUAYS STATION,299.31691,541
33456,GOODMAYES PRIMARY SCHOOL,220.40828,240
33463,RUISLIP ROAD,189.79896,170
33464,RUISLIP ROAD,99.83921,169
33465,AVON ROAD,130.56956,170
33466,AVON ROAD,130.41387,172
33469,HANOVER PARK,5802.8534,667
33470,TOLWORTH HOSPITAL,52.71008,76
33471,TOLWORTH HOSPITAL,132.44454,75
33472,DOUGLAS ROAD,62.66674,76
33473,DOUGLAS ROAD,121.47846,75
33474,MALVERN ROAD,111.12858,77
33475,MALVERN ROAD,90.26238,74
33477,BUCKINGHAM PALACE RD / BRESSENDEN PLACE,1242.67123,488
33486,LOCKS LANE,158.62326,146
33490,JOHN SILKIN LANE,62.82385,83
33491,FIELDWAY,1.4335299999999997,79
33492,SCARBOROUGH ROAD,38.32775,77
33493,SCARBOROUGH ROAD,30.42951,75
33495,SHIRLEY GROVE,127.34873,75
33496,ST MARY'S ROAD,146.49005,74
33497,ST MARY'S ROAD,246.39326,77
33498,MONTAGU ROAD,204.65363,152
33499,DEANS LANE,60.426809999999996,75
33500,EDWIN ROAD,73.72716,74
33501,EDWIN ROAD,240.77878,76
33502,GOLDBEATERS GROVE,37.60485,74
33503,GRANGE ROAD,147.15365,76
33504,LYNDHURST AVENUE,163.05828,311
33510,TANNER STREET,91.96562,91
33514,RIPPLE ROAD,40.71558,75
33515,RIPPLE ROAD,43.391,76
33516,NORWOOD JUNCTION STATION,169.87769,80
3352,ROYAL ALBERT HALL,1026.3707,340
33520,RIEFIELD ROAD,507.63096,320
33528,HOUNSLOW BUS STATION,0.0,813
33531,PARKWAY,149.35574,173
33533,HARTLAND ROAD / CAMDEN MARKET,781.99505,401
33534,ROXETH HILL,43.44533,74
33535,HARROW PARK,106.41967,148
33536,HARROW PARK,16.000329999999998,147
33537,HARROW SCHOOL,119.86536,148
33538,HARROW SCHOOL,24.944349999999996,147
33539,KENTON ROAD,6.966009999999999,147
33542,ROXETH HILL,213.88404,73
33544,COLERIDGE CRESCENT,122.27464,79
33548,WARREN STREET STATION,193.46354,255
33550,SHOTFIELD,87.53436,155
33556,MIDDLETON AVENUE,136.91688,387
33559,MOUNT ROAD,361.02797,79
33561,HASLEMERE AVENUE,166.55673,79
33562,HASLEMERE AVENUE,102.84924,76
33563,MILES ROAD,217.13699,79
33564,MILES ROAD,132.51394,76
33565,FRENSHAM COURT,170.7415,79
33566,FRENSHAM COURT,72.00308,76
33567,OXTED CLOSE,116.83399,79
33568,OXTED CLOSE,92.18259,75
33570,HARROW COLLEGE,13.6909,74
33571,HARROW COLLEGE,96.76947,71
33572,HALL PLACE,137.34115,79
33583,ST PAUL'S CHURCH,1.1372399999999998,99
33584,GLAMIS PLACE,22.55198,76
33585,KING DAVID LANE,2.6817399999999996,76
33586,ST GEORGE'S TOWN HALL / SHADWELL STN,0.0,76
33588,CHESSINGTON SOUTH STATION,115.96743,112
3359,LAMBETH BRIDGE,108.55262,98
33590,REYNOLDS AVENUE,119.48919,113
33591,REYNOLDS AVENUE,8.227549999999999,119
33592,STOKESBY ROAD,14.27653,121
33599,HAY'S GALLERIA,1055.24068,279
3360,MILLBANK TOWER,109.14815,99
33604,AYLESBURY STREET,41.14147,77
33606,ESMERALDA ROAD,141.85824,170
33607,ESMERALDA ROAD,157.81766,162
33610,ST JAMES'S ROAD / SOUTHWARK PARK ROAD,132.40391,162
33611,VERNEY ROAD,57.98666,96
33613,TOLWORTH BROADWAY,90.3869,90
33614,ELEPHANT & CASTLE STATION,6104.56816,1093
33616,ELEPHANT & CASTLE STATION,2446.3729,441
33617,ELEPHANT & CASTLE STATION,1792.55128,599
33618,ELEPHANT & CASTLE STATION,408.36573,392
33619,ELEPHANT & CASTLE STATION,2746.85973,536
33623,LONDON COLLEGE OF COMMUNICATION,3885.33252,661
33624,ELEPHANT & CASTLE / NEWINGTON CAUSEWAY,3353.72287,1024
33625,ELEPHANT & CASTLE / NEWINGTON CAUSEWAY,2273.92415,620
33626,ELEPHANT & CASTLE / NEWINGTON CAUSEWAY,704.18762,321
33627,ELEPHANT & CASTLE / NEW KENT ROAD,1107.6275,518
33628,ELEPHANT & CASTLE / NEW KENT ROAD,453.55523,194
33629,MITCHAM / CRICKET GREEN,345.64619,275
33630,OXFORD STREET / JOHN LEWIS,4206.04806,527
33634,NORTHOLT LEISURE CENTRE,67.75592,141
33635,NORTHOLT LEISURE CENTRE,125.48146,147
33638,CHARVILLE LIBRARY,45.59794,157
33639,CHARVILLE ACADEMY,20.19894,152
33640,CHARVILLE ACADEMY,94.33144,159
33641,CHARVILLE LANE ESTATE,0.0,80
33642,ROMNEY ROAD,204.29693,159
33643,CHARVILLE LIBRARY,78.88233,158
33644,COLLIERS WOOD STATION,575.65314,203
33648,WOODCROFT AVENUE,91.58361,305
33659,APPLEGARTH,60.12805,164
33660,APPLEGARTH,174.11677,171
33661,THE COPPINS,66.40944,164
33663,FOXCOMBE,289.98642,168
33664,FOXCOMBE,86.41553,164
33665,NORTH WALK,45.49671,164
33666,NORTH WALK,146.7861,166
33667,CASTLE HILL SCHOOL,168.36123,166
33668,THE LINDENS,209.34877,166
33669,CASTLE HILL SCHOOL,72.99285,165
33670,THE LINDENS,55.068059999999996,165
33671,MERROW WAY,67.51937,165
33672,MERROW WAY,157.18542,166
33673,WALTHAMSTOW / CROOKED BILLET ROUNDABOUT,748.54811,327
33682,MUSGROVE CLOSE,32.364979999999996,322
33683,ALDGATE STATION,2246.34874,803
33692,TURNPIKE LANE BUS STATION,153.68193,82
33694,TURNPIKE LANE BUS STATION,1538.92595,396
33696,TURNPIKE LANE BUS STATION,4861.3355,416
33705,MANOR PARK / GLADDING ROAD,26.58956,165
33707,HACKNEY BATHS,104.99675,99
33709,MITCHAM / CRICKET GREEN,90.07496,149
33722,MARTINS CORNER / VALENCE AVENUE,157.79905,155
33725,CEDARS AVENUE,71.00402,99
33726,GLEBE WAY,12.963239999999999,132
33727,HAM STREET,115.89268,82
33728,HAM STREET,98.31718000000001,80
33729,ASHBURNHAM ROAD,242.57515999999998,80
33730,MARINER GARDENS,184.801,82
33731,MARINER GARDENS,157.95298,80
33733,LOCK ROAD,79.5278,80
33734,LOCK ROAD,1.0411199999999998,82
33735,DYSART AVENUE,153.18016,82
33736,DYSART AVENUE,76.90288,130
33737,CLIFFORD ROAD,31.77311,82
33738,CLIFFORD ROAD,54.3181,80
33739,NORLEY VALE,0.0,94
33740,RINGWOOD GARDENS,248.05351,165
33744,ABERCORN ROAD,126.55132,77
33748,FALCONWOOD COMMUNITY CENTRE,42.159929999999996,74
33749,FALCONWOOD COMMUNITY CENTRE,31.72976,66
3375,FIVE ARCHES BUSINESS ESTATE,14.917359999999999,130
33750,THE GREEN,49.70368,66
33751,BUCKINGHAM AVENUE,76.5844,74
33752,BUCKINGHAM AVENUE,32.83794,67
33753,NORTHUMBERLAND AVENUE,65.06361,72
33754,NORTHUMBERLAND AVENUE,34.52465,68
33755,MILLBROOK AVENUE,52.01274,70
33756,MILLBROOK AVENUE,17.00654,68
33757,FALCONWOOD STATION,91.33926,69
33758,FALCONWOOD STATION,47.56037,68
33760,WOOD GREEN BUS GARAGE,999.28723,329
33761,OLD MARYLEBONE ROAD,190.6263,100
33766,PURLEY STATION,535.35412,151
33767,LOVE LANE,0.88713,76
33768,CROSS ROAD,175.20906,229
3377,MAIN ROAD / STATION ROAD,8.669929999999999,96
33771,MILL HILL BROADWAY STATION,944.57163,314
33772,MILL HILL BROADWAY STATION,574.16836,228
33773,MILL HILL BROADWAY STATION,144.10884000000001,76
33774,MILL HILL BROADWAY STATION,485.91227000000003,152
33775,SWISS COTTAGE STATION,1107.0434,183
33776,FINCHLEY ROAD,116.94391,107
33777,BLACKHEATH STATION,664.0831000000001,253
33780,NEW CHANGE / CANNON STREET,322.65481,172
33782,SHARDELOES ROAD / LEWISHAM WAY,48.79994,170
33783,SHARDELOES ROAD / LEWISHAM WAY,202.19991,173
33784,ST DONATTS ROAD,156.01961,171
33785,ST DONATTS ROAD,72.36925,171
33786,MILLMARK GROVE,106.2064,172
33787,MILLMARK GROVE,45.72592,172
3379,FOOTSCRAY ROAD / SOUTHEND CRESCENT,139.88857,315
33791,LAKE AVENUE,0.6130699999999998,159
33792,LAKE AVENUE,96.68643,157
33793,KING EDWARD AVENUE,0.05461,159
33794,BRISCOE ROAD,0.62157,157
33795,ABBEY WOOD LANE,77.38561,314
33796,THORN LANE,179.07776,157
33797,CANFIELD GARDENS / FINCHLEY ROAD STN,198.86644,75
33798,FINCHLEY ROAD / COLLEGE CRESCENT,558.26634,416
33799,BELSIZE SQUARE,60.89476,77
33800,BELSIZE SQUARE,33.25854,76
33801,HAVERSTOCK HILL,33.9211,78
33802,BELSIZE AVENUE,49.74609,76
33803,PILGRIM'S LANE,146.11044,174
33804,PILGRIM'S LANE,115.13756000000001,173
33805,HAMPSTEAD STATION,516.55824,173
33806,HAMPSTEAD STATION / HAMPSTEAD HIGH ST,417.82452,175
33807,WHITESTONE POND / JACK STRAW'S CASTLE,36.28627,98
33808,WHITESTONE POND / JACK STRAW'S CASTLE,52.78757,99
33809,SUTTON GREEN,941.03311,774
3381,ELTHAM HIGH STREET / PASSEY PLACE,1683.48136,482
33818,MITCHAM / LOWER GREEN,183.2743,79
33819,FAIRFAX ROAD,321.7325,102
33823,THE DRIVE,51.00482,80
33824,SHERNHALL STREET,118.60534,82
33825,SHERNHALL STREET,39.27158,80
33826,CHURCH HILL ROAD,67.2169,82
33827,CHURCH HILL ROAD,86.48203,80
33828,CHURCH HILL,465.98898,79
33829,HOE STREET,9.44876,82
3383,BELMONT PARK,538.16301,426
33832,WALTHAMSTOW MARKET,555.42509,428
33833,KING EDWARD ROAD,74.33711,76
3384,MANOR PARK,197.59662,350
33841,DOCKHEAD,240.41265,302
33842,ST MARK'S CHURCH,134.01645,243
33845,REYNOLDS ROAD,166.81265,81
33850,ST JAMES'S ROAD,618.59667,379
33851,ACTON TOWN STATION,600.21828,97
33852,ACTON TOWN STATION,962.41341,171
33854,DRAYTON GREEN ROAD,21.323199999999996,155
33855,DRAYTON GREEN ROAD,399.1597,149
33856,WEST EALING STATION,162.40879,150
33857,WEST EALING STATION,92.78041999999999,154
33858,SUTHERLAND AVENUE,57.040259999999996,155
33859,SUTHERLAND AVENUE,27.008119999999998,80
33860,CLEVELAND ROAD,102.26737,80
33861,CLEVELAND ROAD,138.8998,247
33862,CLIFTON ROAD,1758.08658,415
33863,DANE ROAD,287.88682,262
33864,DANE ROAD,477.26954,328
33866,HANWELL BROADWAY,1608.63362,354
33867,TURNHAM GREEN CHURCH,208.38487,66
33869,WINDMILL ROAD,502.02201,336
33871,CLIFTON GARDENS,465.07132,337
33882,ERNEST AVENUE,63.44476,99
33891,ALL HALLOWS CHURCH,59.10942,155
33892,GLEBE COURT,1210.73079,501
33894,ST GERMANS PLACE,46.45133,188
33895,WALLINGTON STATION  / MANOR ROAD,261.02905,318
33896,HIGHFIELD ROAD,263.74687,100
3390,SUDBURY COURT ROAD,144.5405,176
33905,JAMAICA ROAD / ABBEY STREET,461.18316,299
33906,DOCKHEAD,461.34904,299
33911,MICHAEL GAYNOR CLOSE,162.99049,169
33912,COMBEDALE ROAD,324.97682,333
33913,ST MARK'S CHURCH,87.69824,581
33917,FULWELL STATION,91.40627,82
33918,CROSS ROAD,61.66201,76
3392,NORTHWICK PARK HOSPITAL,941.29497,177
33921,CHESSINGTON SCHOOL,154.50005,110
33924,GREAT TITCHFIELD ST / OXFORD CIRCUS STN,1545.46657,467
33925,RUSSELL SQUARE,330.21293,211
33928,WILSON'S SCHOOL,261.95699,222
33929,SPITFIRE ROAD,290.44906,220
33930,SPITFIRE ROAD,187.49688,225
33931,ROUNDSHAW / PHOENIX CENTRE,335.21044,218
33932,GROVE PARK ROAD,0.36673,71
33933,CHISWICK STATION,96.64105,72
33934,SWISS COTTAGE STATION,101.37195,92
33935,NORTHWICK PARK STATION,20.538429999999998,70
33938,CHURCH LANE,77.75906,113
33940,BAKER STREET,365.94489,78
33941,BLOSSOM LANE,16.1744,79
33942,BLOSSOM LANE,160.86633,78
33944,BARKING ROAD,214.24429,153
33948,STANLEY AVENUE,319.4559,354
33951,GASCOIGNE PRIMARY SCHOOL,3.1860099999999996,77
33952,BOUNDARY ROAD,15.25723,77
33954,GREATFIELDS ROAD,79.04137,80
33955,PERTH ROAD,78.5257,78
33956,ST MARGARETS,33.98479,78
33958,HATHERLEY GARDENS,442.43947,164
33966,COLLEGE CRESCENT,591.46678,418
33968,ENFIELD TOWN / CECIL ROAD,6.48199,310
33971,WILLOW WALK,121.35315,333
33973,HOGARTH CRESCENT,524.20904,433
33974,FRASER ROAD,169.24111,78
33978,EDMONTON GREEN STATION,1272.6686,150
33979,EDMONTON GREEN STATION,71.36285,148
33985,ARCHWAY STATION,2435.6059,451
33995,NEW CITY ROAD,733.68706,153
33996,WILSON ROAD,378.43672,153
33997,ROMFORD BUS GARAGE,447.76488,573
33998,HARROW VIEW WEST,51.65925,147
33999,HARROW VIEW WEST,224.3465,148
34,VICTORIA BUS STATION,5.6082399999999994,199
3400,NORTHWOOD IRON BRIDGE,33.07026,153
34000,HEADSTONE DRIVE,456.03279,151
34001,HEADSTONE DRIVE,68.48832,147
34002,HIDE ROAD,375.92385,149
34003,CUNNINGHAM PARK,52.01549,147
34004,HINDES ROAD,110.34479,149
34005,HINDES ROAD,84.98304,146
34006,PORTMAN STREET,0.86178,80
34007,PINNER PARK AVENUE,266.98745,74
34008,PINNER PARK AVENUE,33.19141,75
34010,GRANGE ROAD / CALEDONIAN MARKET,177.57236,78
34016,CHINGFORD STATION,138.26671,173
34017,CHINGFORD STATION,76.88419,319
34018,CHINGFORD STATION,128.14815,310
34020,WEST SIDE,11.539169999999999,74
34022,PECKHAM RYE / NUNHEAD LANE,261.52608,253
34023,RINGSTEAD ROAD / CARSHALTON ROAD,86.24442,84
34029,HOLY TRINITY CHURCH,91.51639999999999,471
34031,WALTON AVENUE,1089.43923,250
34034,ROEBUCK ROAD,15.837259999999999,74
34035,ROEBUCK ROAD,89.14037,74
3404,TAUNTON LANE,296.98882,81
34042,HOLMWOOD GARDENS,0.39819,24
34043,HOLMWOOD GARDENS,0.17113,15
3405,OLD COULSDON / TUDOR ROSE,387.3818,117
34050,WOODBINE PLACE,288.18656,207
34055,FONTHILL ROAD,113.83776999999999,530
34056,CLITHEROE AVENUE,182.9241,76
34057,CLITHEROE AVENUE,132.56398000000002,75
34058,COLES CRESCENT,126.64613,76
3406,COULSDON COURT ROAD,27.023709999999998,122
34060,BOW INTERCHANGE,49.60657,158
34063,FIELDING AVENUE,10.996239999999998,115
34064,FIELDING AVENUE,30.39128,106
34065,STAINES ROAD,44.6458,106
34066,STAINES ROAD,45.2341,118
34069,WANDSWORTH / SOUTHSIDE,1328.2526,250
34070,SOUTHEND ROAD,47.96805,77
34071,SOUTHEND ROAD,132.62388,78
34072,THORPE HALL ROAD,158.92018,78
34073,THORPE HALL ROAD,54.02881,77
34074,FOREST ROAD,80.66501,78
34075,FOREST ROAD,39.34861,77
34080,BROWNHILL ROAD / THE CATFORD CENTRE,207.94545,80
34081,PLASSY ROAD,491.95695,413
34082,LORDSHIP LANE,156.87328,324
34083,TIBBET'S CORNER,48.14016,81
34084,TIBBET'S CORNER,244.16455,247
34087,HARROW HIGH SCHOOL,181.04002,242
34089,CAVENDISH ROAD,41.09689,143
34090,MORNING LANE / TRELAWNEY ESTATE,1625.15222,407
34092,ROMFORD MARKET,485.45175,759
34094,ROMFORD MARKET,672.22594,490
34096,WANSTEAD FLATS,267.53772,158
341,SOUTH WIMBLEDON STATION,1198.23254,348
34101,ROYAL ALBERT HALL,703.03215,264
34102,KNIGHTSBRIDGE STATION  / HARRODS,431.88523,268
34105,OXGATE LANE,91.29585,156
34106,LOWER BOSTON ROAD,155.8185,163
34112,OLIVE STREET,44.04746,82
34113,NORTH STREET,155.24121,490
34114,KENSAL RISE STATION,715.80397,414
34115,NORTH STREET,307.5808,489
34116,ROMFORD MARKET,1251.14355,652
34118,ROMFORD MARKET,538.5419,585
34119,WESTERN ROAD,1320.33887,902
34120,MERCURY GARDENS,860.55545,313
34121,WESTERN ROAD,5249.2051,896
34124,SOUTH AFRICA ROAD,319.20252,334
3413,WOOD LANE,150.89468,79
34130,ST GEORGE'S PARK,80.97001,159
34131,ST GEORGE'S PARK,48.432719999999996,157
34132,COLCHESTER ROAD,28.90895,73
34133,FAIRFORD WAY,66.89486,76
34134,ST NEOT'S ROAD,5.187179999999999,137
34135,REDRUTH ROAD,31.47344,209
34137,SHEFFIELD DRIVE,99.63067,210
34138,SETTLE ROAD,417.11904,208
3414,WOOD LANE,102.0817,78
34141,THE AVENUE,571.55903,576
34142,ROYAL OAK STATION,539.63625,197
34143,WESTBOURNE TERRACE,105.99979,100
34145,GLOUCESTER TERRACE,231.25011,377
34148,MONMOUTH ROAD,850.91946,484
34149,SIPSON ROAD,138.45881,153
34151,SCYLLA ROAD,40.857749999999996,155
34152,STARLIGHT WAY,292.18293,160
34153,SHEFFIELD WAY,44.39147,168
34154,SCYLLA ROAD,6.620669999999999,170
34158,BRICKLAYER'S ARMS,293.62568,176
34159,EVERSFIELD GARDENS,136.66019,235
3416,SUTTON LANE,237.1383,78
34160,ORCHARDSON STREET,1010.03634,283
34161,BRIARLEAS GARDENS,6.56898,79
34162,KINGS GARDENS,0.33233,79
34163,KINGS GARDENS,59.70645,77
34164,BRIARLEAS GARDENS,23.79909,77
34165,UPMINSTER STN   / ST LAWRENCE ROAD,959.50286,237
3417,SUTTON LANE,63.77707,78
34171,HOLLAND ROAD / UPPER ADDISON GARDENS,259.19295,155
34172,LOWER ADDISON GARDENS,171.18484,156
34173,RUSSELL GARDENS,139.7742,156
34178,DENEHURST GARDENS,797.46127,195
34182,CAMDEN TOWN STATION,2310.97178,425
34183,HOLDERS HILL CIRCUS,25.47028,77
34184,WHITBY AVENUE,98.04478,145
34185,WHITBY AVENUE,45.63915,152
34186,POUND LANE / WILLESDEN BUS GARAGE,1271.10332,515
3419,HARLINGTON CORNER,3146.35052,724
34190,ST BOTOLPH STREET,574.09557,433
34195,ROUNDSHAW / PHOENIX CENTRE,253.65484,225
34196,CENTRAL PARADE,39.90469,77
34198,UNIVERSITY OF WESTMINSTER,101.8032,184
342,MORDEN ROAD / SOUTH WIMBLEDON STATION,433.09454,112
3420,NEWPORT ROAD,210.04427,237
34201,THYRA GROVE,143.83788,78
34202,NETHER STREET,33.79072,77
34203,NETHER STREET,11.31648,78
3421,BATH ROAD / NEWPORT ROAD,108.00216999999999,232
34212,SWAN ROAD,100.89921,79
34214,POPLAR HIGH STREET / BLACKWALL,292.13526,322
34215,POPLAR / ALL SAINTS CHURCH,1057.239,322
34229,COLINDALE AVENUE,912.95149,275
3423,HEATHROW CLOSE,76.91353,159
34231,SANDHURST ROAD / ST ANDREWS CHURCH,526.31362,331
34232,DRUID STREET,705.06289,248
3424,YE OLDE GEORGE INN,121.69196000000001,79
3425,THE STAR & GARTER,21.225199999999997,79
34251,MONUMENT STATION,386.95662,100
34252,TOWER OF LONDON,116.4767,98
34253,TOWER OF LONDON,493.16591,97
34254,TOLWORTH TOWER,96.53308,185
34256,LANGLEY PARK SCHOOL,51.280570000000004,83
34265,LEWISHAM FIRE STATION,738.09543,621
34268,BLACKHEATH STATION,1429.2882,342
34269,OLD FORD ROAD,134.65291,165
3427,BRIGHTON ROAD / PURLEY DOWNS ROAD,327.74103,354
34271,PERRY HALL SCHOOL,133.28055,73
34272,MOUNTVIEW ROAD,47.43113,74
34273,ORPINGTON / PERRY HALL ROAD,315.49041,160
34274,GOODMEAD ROAD,163.98902999999999,712
34275,MOUNTVIEW ROAD,12.395209999999999,77
34276,PERRY HALL SCHOOL,28.71721,77
34277,GRAVEL HILL CLOSE,85.19624,320
34278,GRAVEL HILL CLOSE,74.55046,317
3428,BIDDULPH ROAD,122.52467,324
34280,IRON BRIDGE,1154.67177,414
34282,BEAUMONT RISE,183.01665,81
34284,KEMSING ROAD,246.24442,340
34287,TOTTENHAM HIGH ROAD,733.06379,290
34288,BRICKLAYER'S ARMS / NEW KENT ROAD,931.26229,711
34289,BRICKLAYER'S ARMS / NEW KENT ROAD,198.21467,191
34290,BRICKLAYER'S ARMS / TOWER BRIDGE ROAD,565.107,264
34291,BARTHOLOMEW STREET,67.67265,102
34292,WOOLWICH ROAD / CHARLTON LANE,284.29089,360
34293,VANBRUGH HILL,929.01521,341
34295,MILL LANE,207.63297,78
34296,MILL LANE,70.10932,77
34297,CHINGFORD LANE,96.89872,77
34298,CHINGFORD LANE,41.72414,79
34299,FOREST GLADE,21.98751,77
34300,SUNNYDENE AVENUE,47.82682,79
34301,RICHMOND AVENUE,13.874989999999999,77
34302,RICHMOND AVENUE,12.03169,79
34303,HIGHAMS PARK STATION,357.3285,77
34304,HIGHAMS PARK STATION,88.66015,79
34305,FOREST MOUNT ROAD,50.16547,77
34306,HOLLYWOOD WAY,86.71164,78
34307,RED LION SQUARE,276.09662000000003,201
34309,SHEPHERDS BUSH GREEN,0.0,77
34310,FULLWELL CROSS,1658.21625,474
34317,WHITGIFT CENTRE,844.9651700000001,579
34318,FLORENCE ROAD,15.852719999999998,307
34321,CLAPHAM COMMON STATION,1022.4494,270
34322,HATCH LANE,150.76065,158
34325,ST IGNATIUS CHURCH,304.20745,146
34328,KENTON STATION,1295.84288,386
34329,PYMMES ROAD,204.81366,251
34330,GREAT CAMBRIDGE ROAD,302.74726,167
34331,BARING STREET,184.03219,108
34332,TIBBET'S CORNER,252.64377,89
34333,TUFNELL PARK ROAD / ODEON CINEMA,246.72614000000002,78
34334,HOLLOWAY ROAD,41.04371,77
34335,CARLETON ROAD,92.71321,77
34336,CARLETON ROAD,71.84817,77
34337,DALMENY ROAD,77.74412,77
34338,DALMENY ROAD,79.93878,77
34339,CAMPDALE ROAD,108.58840000000001,77
34340,TUFNELL PARK STATION,35.88498,77
34341,WILLOW ROAD,93.74186,74
34342,WILLOW ROAD,198.95444,75
34347,GREAT GUILDFORD STREET,53.7819,114
34348,BROOMHILL ROAD,171.81059,183
34349,WANDSWORTH / SOUTHSIDE,2.48136,183
3435,HENDON CENTRAL STATION,976.44971,401
34350,KENSINGTON OLYMPIA / HAMMERSMITH ROAD,269.44872,165
34352,WALES FARM ROAD,265.92361999999997,400
34354,CROUCH HILL STATION  / HANLEY ROAD,29.463379999999997,81
34357,LEYTON GREEN ROAD,172.52085,467
34358,WADDON LEISURE CENTRE / FIVEWAYS,334.87096,169
34361,LODGE AVENUE,1461.00694,252
34363,FORTY HILL,102.47026,130
34364,LINWOOD CRESCENT,94.97378,74
34365,FORTY HILL,162.17494,125
3437,FIVEWAYS CORNER,399.4217,92
34372,ST GEORGE'S ROAD / IMPERIAL WAR MUSEUM,116.66891,173
34375,KNOWLE GREEN,114.34446,135
34376,KNOWLE GREEN,31.15822,140
3438,FIVEWAYS CORNER,163.47896,96
34383,FRAMPTON STREET,388.4038,183
34384,CARLTON VALE,504.93249000000003,264
34385,RUDOLPH ROAD,390.74734,269
34386,BIRDHURST GARDENS,95.08151,166
34387,GRAVEL HILL,175.56709,273
3439,BUNNS LANE BRIDGE,143.94366,93
34392,DANSON UNDERPASS,19.00272,130
34394,HACKNEY MARSH,10.84273,172
34395,HACKNEY MARSH,2.5215499999999995,179
3440,BUNNS LANE BRIDGE,25.95731,96
34401,KEMSING ROAD,235.92092,340
34405,ABBOTT ROAD,76.68672,82
34406,ST LEONARD'S WHARF,130.0764,78
34407,COVENTRY CROSS ESTATE,104.69328,78
34408,LOCHNAGAR STREET,39.67424,82
3441,UNIVERSITY COLLEGE LONDON OBSERVATORY,7.478319999999999,96
34412,BROMLEY BY BOW STATION,121.94212,162
34413,ANDREW STREET,166.3338,78
34424,SOUTHALL BROADWAY,1663.32022,248
34429,ARCHWAY STATION,512.5483,469
34430,WOLMER CLOSE,36.19462,77
34431,GLENGALL ROAD,25.9488,77
34432,MEADFIELD,39.90656,154
34433,SPRINGWOOD CRESCENT,262.94476000000003,77
34434,MORLEY CRESCENT,119.00248,77
34435,ALDRIDGE AVENUE,163.37678,77
34436,GLENGALL ROAD,201.46934,77
34437,BROADHURST AVENUE,79.69572,77
34443,SOUTHEND CRESCENT / WYTHENS WALK,207.33113,315
34447,GRACE STREET,90.73743999999999,158
34448,ST LEONARD'S WHARF,33.10335,82
34451,REPLINGHAM ROAD,512.59959,84
34452,GATWICK ROAD,49.29206,84
34454,EDGEWORTH AVENUE,212.40358,82
34459,MEDLAR STREET,699.71559,432
34460,MEDLAR STREET,710.87926,488
34465,REDWALD ROAD,52.95322,101
34466,REDWALD ROAD,205.62407,92
34467,DAUBENEY ROAD,86.04485,101
34468,MANDEVILLE STREET / GILPIN ROAD,451.14877,93
34469,MANDEVILLE STREET,106.26665,100
34470,MANDEVILLE COMMUNITY PRIMARY SCHOOL,144.81731,93
34472,OSWALD STREET,52.74685,100
34478,FOREST ROAD,37.84744,71
34479,FINCHLEY ROAD STATION,272.50486,77
34481,STONDON PARK / HONOR OAK PARK,523.89283,331
34494,MILL LANE,60.59034,77
34496,BROADHURST GARDENS,96.22652,74
34497,FAIRHAZEL GARDENS,42.81154,74
34498,BROADHURST ESTATE,19.94413,74
34499,FAIRHAZEL GARDENS,38.51083,77
34500,PRIORY ROAD,27.34241,77
34501,CLEVE ROAD,20.85317,77
34502,SOUTHAMPTON ROAD / AGINCOURT ROAD,74.77625,77
34503,ESTELLE ROAD,57.49326,75
34504,ESTELLE ROAD,80.47945,77
34505,GOSPEL OAK STATION,191.81463,76
34506,GOSPEL OAK STATION,192.79213,76
34507,GORDON HOUSE ROAD,41.05081,76
34508,GORDON HOUSE ROAD,96.84194,77
34509,SWAINS LANE,61.57183,75
34510,BROOKFIELD PARK,69.3821,77
34511,BROOKFIELD PARK,53.45226,75
34512,CHESTER ROAD / HIGHGATE LIBRARY,34.211619999999996,75
34515,DARTMOUTH PARK HILL,13.93667,75
34516,MAGDALA AVENUE / DARTMOUTH PARK HILL,27.35496,153
34517,MAGDALA AVENUE / DARTMOUTH PARK HILL,206.36465,153
34518,WHITTINGTON HOSPITAL,327.74575,152
34519,WHITTINGTON HOSPITAL,3.3614999999999995,153
34522,PINNER STATION,1367.37039,296
34523,PINNER STATION  / BRIDGE STREET,0.0,82
34546,COLLIER ROW / CLOCKHOUSE LANE,142.64917,239
34553,OXFORD CIRCUS STATION,0.0,16
34554,OXFORD CIRCUS STATION  / JOHN LEWIS,1689.9437,509
34558,SOUTHALL TOWN HALL,0.0,241
34564,QUEENSDALE ROAD,163.6734,166
34565,QUEENSDALE ROAD,68.59612,165
34566,WILSHAM STREET,242.31323,165
34567,WILSHAM STREET,332.245,165
34570,LATIMER ROAD STATION,86.50354,166
34571,LATIMER ROAD STATION,364.89448,164
34572,CROWTHORNE ROAD,324.5956,166
34573,CROWTHORNE ROAD,301.52432,164
34574,CAMBRIDGE GARDENS / ST MARKS ROAD,188.19554,164
34575,CAMBRIDGE GARDENS / ST MARKS ROAD,81.65859999999999,166
34577,PLUMSTEAD HIGH STREET / PLUMSTEAD STN,887.4319,244
34579,GREENWICH COMMUNITY COLLEGE,557.5402,900
34581,PETERSTONE ROAD,187.30718,82
34582,BOXGROVE ROAD,67.50368999999999,164
34583,EYNSHAM DRIVE / HARROW MANOR WAY,413.59889,162
34584,EYNSHAM DRIVE / HARROW MANOR WAY,79.67141,164
34585,HESTON CENTRE,237.80843,168
34586,HESTON CENTRE,263.12838,160
34587,CRANFORD COMMUNITY SCHOOL,395.92866,168
34588,CRANFORD COMMUNITY SCHOOL,112.81782,158
34589,WENTWORTH ROAD,220.33043,166
34590,WENTWORTH ROAD,62.80253,161
34591,CONVENT WAY SHOPPING PRECINCT,152.12887,166
34592,CONVENT WAY SHOPPING PRECINCT,80.65237,162
34593,HOLLY FARM ROAD,235.69619,165
34594,HOLLY FARM ROAD,92.47305,162
34596,OLDFIELD LANE NORTH,236.33871,79
34597,OLDFIELD LANE NORTH,224.61673,78
34598,CURREY ROAD,309.90713,152
34599,CLARE ROAD,183.98082,77
34600,AURIOL DRIVE,88.08812999999999,153
34601,AURIOL DRIVE,295.18146,150
34605,FAIRFIELD HALLS,0.0,177
34606,SPRINGFIELD GARDENS,232.85729,178
34608,COLINDALE LIBRARY,496.99725,323
34609,COLINDALE LIBRARY,832.24541,310
34610,QUAKERS COURSE,898.11229,223
34611,YARNTON WAY / HARROW MANORWAY,234.82698,156
34612,HARTSLOCK DRIVE,210.58292,221
34613,YARNTON WAY / HARROW MANORWAY,225.85179,293
34615,SWISS COTTAGE STATION,673.50695,416
34616,STAPLEFORD GARDENS,159.52847,77
34617,PORTMORE GARDENS,124.98366,76
34620,CHARLOTTE GARDENS,217.00718,77
34621,HAVERING PARK,42.26396,77
34622,HAVERING PARK,28.80499,153
34623,HOLLYDALE ROAD,199.76545,150
34624,HILLCREST ESTATE,109.04401,167
34625,HILLCREST ESTATE,103.9337,167
34626,ST MICHAELS SCHOOL,37.50094,167
34627,NORTH HILL AVENUE,122.16002999999999,168
34628,NORTH HILL AVENUE,186.71565,167
34629,MYRTLE AVENUE,40.79152,231
3463,RUTLAND DRIVE,85.53071,176
34630,MYRTLE AVENUE,5.629199999999999,236
34631,CAINS LANE,76.75748,231
34632,CAINS LANE,216.32943,235
34633,HAZELMERE CLOSE,138.96734,232
34634,HAZELMERE CLOSE,226.24747,233
34635,WEST ROAD,162.803,230
34636,WEST ROAD,277.67001,231
34637,BEDFONT CLOSE,112.25818,231
34638,SPINNEY DRIVE,44.82622,75
34639,GREAT SOUTH WEST ROAD,22.667749999999998,67
34652,MONTAGU ROAD,122.83994,80
34653,MERIDIAN WAY,0.0,78
34654,MERIDIAN WAY,63.21747,79
34673,WITHYCOMBE ROAD,118.93356,163
34674,KEEVIL DRIVE,189.86962,164
34675,WINDLESHAM GROVE,220.96805,164
34678,BOUNDARY ROAD,94.76735,154
34679,GRANVILLE ROAD,79.11181,84
34686,WEST NORWOOD STATION,640.76256,516
34695,BISHOPSFORD ROAD,30.84828,97
34698,ELMERS END / STATION PARADE,23.93488,74
3470,HUNTLEY WAY,11.082989999999999,74
34707,ORCHARD ROAD / GRIFFIN ROAD,690.63337,98
34711,ELTHAM GREEN SCHOOL,10.357429999999999,77
34716,PICCADILLY CIRCUS,2857.92735,503
34717,OLD BOND STREET / ROYAL ACADEMY,880.05596,502
34718,GUNTER GROVE,150.78934999999998,259
34719,GUNTER GROVE,110.97444999999999,255
3472,COOMBE LANE WEST,58.41413,75
34720,PAGEANT AVENUE,171.02138,168
34721,ANGUS GARDENS,178.56737,175
34722,NORTH ACRE,296.43607000000003,168
34723,NORTH ACRE,238.81776,175
34726,BARKING BUS GARAGE / FAIRCROSS,11.46745,77
34729,ANGEL LANE,108.77564,250
34731,THORNHAM GROVE,42.74892,92
34732,WINDMILL LANE,424.19458000000003,253
34733,CHOBHAM ROAD,86.56233,167
34736,RALEIGH ROAD,164.35484,163
34737,RALEIGH ROAD,79.68482,162
34748,ST MATTHEW'S CHURCH,299.78809,261
3475,VALE CRESCENT / ROBIN HOOD,58.74234,216
34750,DILTON GARDENS,16.45165,172
34751,PETERSFIELD RISE,20.02852,172
34752,PUTNEY STATION,2226.53762,280
34753,HAVERING PARK,95.45687,189
34755,WEST CROMWELL ROAD / TESCO,241.9026,110
34756,NEASDEN UNDERPASS,1330.83463,499
34758,CRESSINGHAM ROAD,355.7554,168
3476,KESWICK AVENUE,56.59487,76
34760,PEMBROKE ROAD,214.4792,247
34767,COPPER BEECH CLOSE,3.3007199999999997,82
34769,OWEN WATERS HOUSE,173.35572,78
3477,VALE CRESCENT / ROBIN HOOD,30.15585,76
34773,CROWN WALK,57.89749,578
34774,CROWN WALK,292.57815,401
34775,CROWN WALK,181.14836,172
34778,CHARLBURY CRESCENT,204.97594,240
34784,PECKHAM RYE / NUNHEAD LANE,83.01324,87
34786,AYLESBURY STREET,590.0203,347
34787,QUAINTON STREET,779.33798,345
34788,PRESS ROAD,548.5907,348
3479,ROEHAMPTON LANE / DANEBURY AVENUE,1071.8241600000001,262
34790,OSBORNE ROAD,15.726169999999998,85
34791,BERKSHIRE ROAD,45.82816,85
34792,HACKNEY WICK STATION,96.08316,85
34793,HACKNEY WICK STATION,22.71678,78
34795,CAMBRIDGE ROAD,148.23531,171
34796,HANSEL ROAD,305.9755,278
34797,CHIPPENHAM GARDENS,453.64501,282
34798,SALTRAM CRESCENT,55.371269999999996,175
34799,SHIRLAND ROAD / FERNHEAD ROAD,250.85065,175
348,BOW CHURCH,1212.0819,541
3480,BROOK GREEN,715.07239,348
34800,FORDINGLEY ROAD,95.49025,176
34801,CARLTON VALE,33.126709999999996,177
34802,FERNHEAD ROAD / CARLTON VALE,175.32279,175
34812,SOUTHMERE LAKE,450.93433,489
34813,SOUTHMERE LAKE,620.28225,498
34815,LIMESTONE WALK,269.00385,222
34816,LIMESTONE WALK,291.16496,220
34817,HARRIS GARRARD ACADEMY,320.61113,223
34818,HARRIS GARRARD ACADEMY,410.47642,221
34819,YARNTON WAY / NORMAN ROAD,20.62697,154
34825,HAILEY ROAD,249.94385,147
34826,LAUREL CRESCENT,1.6461499999999991,79
34827,FIR TREE GARDENS,0.1646399999999999,79
34828,BERKELEY STREET,38.72254,98
34832,SOUTH ROAD / FULWELL,332.03901,228
34835,ETHELBURGA STREET,389.26079,292
34836,UXBRIDGE HIGH STREET,3450.07936,566
34838,MILLFIELDS ROAD / CLAPTON PARK,34.96168,100
34839,PRINCE CONSORT ROAD / IMPERIAL COLLEGE,0.0,78
3484,WOODBERRY AVENUE,118.75462,100
34843,GASCOIGNE ESTATE,113.52286,158
34846,HOLLES STREET,899.50357,249
34847,JOHN PRINCE'S STREET / OXFORD CIRCUS,8.67975,33
34861,TELFORD ROAD,204.18018,96
34862,MASEFIELD AVENUE,79.55102,174
34865,PARSLOES AVENUE,599.61704,155
34866,PARSLOES AVENUE,135.49039,157
3487,ST STEPHENS CHURCH,271.70707,179
34870,NEASDEN SHOPPING CENTRE / BIRSE CRESCENT,2296.9983,496
34872,BURNT OAK STATION,359.84295000000003,154
3488,ST STEPHENS CHURCH,193.79015,180
34884,OVAL ROAD SOUTH,297.39826,161
34888,AMHURST ROAD,425.80035,362
34889,BETHUNE ROAD,516.46294,174
3489,ENFIELD TOWN STATION,362.5234,154
34890,VARTRY ROAD,176.089,180
34891,NEW PEACHEY LANE,143.81947,92
34892,SEFTON WAY,150.90475,96
3490,ENFIELD TOWN STATION,1718.43988,471
34904,RAM STREET,0.0,61
34906,MARTINDALE ROAD,11.251829999999998,85
3491,GREAT CAMBRIDGE ROAD,539.23978,451
34911,GREEN LANE,171.14214,83
34913,ST MARY'S ROAD,1374.03784,276
34914,GOLDERS WAY,57.24199,82
34917,FRAMPTON STREET,105.15272,188
34918,CARLYLE ROAD / BENTHAM ROAD,616.90535,500
3492,GREAT CAMBRIDGE ROAD,340.77134,294
34926,ERITH TOWN CENTRE / RIVERSIDE,899.3351,241
34927,PYMMES ROAD,367.23983,250
34929,ST GEORGE'S ROAD,55.85572,176
3493,TURKEY STREET STATION,411.27358,157
34930,BEAUFORT ROAD,0.0,45
34931,ASH GROVE,432.25502,172
34936,HAYES ROAD / TESCO,184.83296,152
34937,HAYES ROAD / TESCO,323.72828,146
3494,TURKEY STREET STATION,101.3612,149
34940,KING'S CROSS / CALEDONIAN ROAD,755.25855,450
34942,HINCHLEY WOOD STATION,120.40819,69
34943,HINCHLEY WOOD STATION,23.852059999999998,70
34944,CLAYGATE LANE,208.28145,67
34945,CLAYGATE LANE,72.49759,68
34946,MAYFIELD CLOSE,118.20806,66
34947,MAYFIELD CLOSE,9.12487,67
34948,RECTORY LANE,122.2978,67
34949,RECTORY LANE,18.69034,67
3495,BULLSMOOR LANE / GREAT CAMBRIDGE ROAD,178.50499,150
34953,UPPER PARK ROAD,171.77108,170
34955,BROOK STREET,81.15582,82
34958,KINGS ROAD,94.28533,170
34959,JUNCTION ROAD,146.58778,77
3496,BULLSMOOR LANE / GREAT CAMBRIDGE ROAD,364.91154,148
34960,CHESTER ROAD,14.20538,78
34962,ACLAND BURGHLEY SCHOOL,135.75948,77
34964,DARTMOUTH PARK ROAD,84.941,76
34965,CHESTER ROAD,171.99941,153
34966,STRATH TERRACE,20.29442,166
34967,STRATH TERRACE,143.39201,167
34968,WAYLAND ROAD ESTATE,170.08062,247
34969,WAYLAND ROAD ESTATE,301.0655,250
34970,WALLIS CLOSE,146.61604,248
34971,WALLIS CLOSE,223.41359,251
34973,NORWOOD JUNCTION STATION,594.10496,229
34975,HARROW TOWN CENTRE / SHEEPCOTE ROAD,2953.92621,516
34978,HUBERT ROAD,27.75337,94
34979,PHILIP ROAD,5.67456,95
34980,KAREN CLOSE,14.40707,95
34981,ORCHARD VILLAGE / LOWEN ROAD,99.35322,96
34982,ORCHARD VILLAGE,17.85792,96
34983,WILSON'S SCHOOL,175.05174,226
34989,ROYAL FREE HOSPITAL,305.79712,232
34991,CHIPPENHAM ROAD / SHIRLAND ROAD,339.46215,360
34992,CHIPPENHAM ROAD / SHIRLAND ROAD,837.39027,363
34994,HARROW ROAD,763.24834,285
34995,PADNALL ROAD,61.387139999999995,73
34996,PADNALL ROAD,150.26164,75
34997,RED HOUSE FARM,0.7670299999999999,73
34998,RED HOUSE FARM,14.0986,76
34999,HAINAULT ROAD,9.12426,73
35000,HAINAULT ROAD,12.648119999999999,76
35013,VINE STREET,2057.5086,406
35030,TOTTENHAM COURT ROAD STATION,1447.22296,479
35033,DOWNE HIGH STREET,0.05825,61
35036,STREATHAM UNITED REFORMED CHURCH,701.445,423
35037,STREATHAM UNITED REFORMED CHURCH,1304.51272,256
35038,TREE ROAD,518.68502,346
35039,TREE ROAD,296.58344,351
3505,WHITE HART LANE,891.63237,392
35052,SHEPHERDS BUSH GREEN,1584.04664,333
351,ROCHESTER ROW,638.22961,290
3510,TOTTERIDGE ROAD,207.43617,134
3511,OAKHURST ROAD,348.82396,97
3512,MANDEVILLE ROAD,63.28564,137
3513,ISLEDON ROAD,323.10393,237
35140,GREAT WESTERN ROAD,55.06453,94
35141,WESTBOURNE PARK BUS GARAGE,0.0,95
35147,CRAY ROAD / FOOTS CRAY HIGH STREET,369.29655,257
35150,GURU NANAK ROAD,149.90137000000001,79
35151,MARLOW ROAD,13.15582,79
35152,HUNT ROAD,4.461939999999999,79
35153,TENSING ROAD,4.80005,79
35155,HUNT ROAD,136.46376,78
35157,ST MARY'S CHURCH / PUTNEY PIER,43.59947,508
35161,SYDENHAM HILL / BLUEBELL CLOSE,14.124849999999999,179
35166,ONSLOW GARDENS,84.99322,179
35167,ONSLOW GARDENS,59.49747,177
3517,CAMDEN TOWN STATION / CAMDEN STREET,1311.53712,420
35170,RAVEN ROAD,93.73729,169
35171,RAVEN ROAD,13.71598,98
35172,MAYBANK ROAD,10.175059999999998,92
35173,MAYBANK ROAD,9.85533,96
35174,SOUTH WOODFORD STATION,76.63897,144
3518,CHANDOS ROAD,173.77171,95
35184,DEPTFORD CHURCH STREET / CREEK ROAD,96.0767,96
35185,CREEK ROAD,61.40047,92
35186,WAVELENGTHS,162.69504,96
35187,WAVELENGTHS,72.85134,91
35188,DEPTFORD BRIDGE,151.70382,93
35189,DEPTFORD BRIDGE,265.33155,91
35192,COLD BLOW LANE,29.17374,83
35193,COLD BLOW LANE,107.92702,85
35194,STERLING GARDENS,80.22862,83
35195,COTTESBROOK STREET,49.749919999999996,85
35196,COTTESBROOK STREET,41.72769,83
35197,LUDWICK MEWS,44.2231,84
35198,EDWARD STREET,65.20152,83
352,EDGWARE ROAD STATION,800.04661,192
35200,BRIXTON STATION,1364.23049,254
35202,WARWICK GARDENS,442.84931,443
35204,THE DRIVE,17.22654,80
35205,THE DRIVE,44.03933,82
35207,SPALDING ROAD,76.98292,303
35208,PRINCE CHARLES DRIVE,222.81164,460
35210,COLES GREEN ROAD,21.306369999999998,156
35211,BRENT CROSS SHOPPING CENTRE,0.0,796
35212,BRENT CROSS SHOPPING CENTRE,3759.56145,406
35214,BRENT CROSS SHOPPING CENTRE,6045.85522,789
35215,TILLING ROAD,568.42999,411
35216,BRENT CROSS TESCO,74.07626,82
35217,ALICE LANE,75.87622,101
35218,MEDWAY ROAD,99.52235999999999,176
35219,FORD ROAD,144.10398,177
35220,CHIGWELL ROAD,109.48953,173
35221,SANDY LANE SOUTH,59.218289999999996,154
35222,SANDY LANE SOUTH,51.94846,156
35223,WATERER RISE,42.46899,154
35224,THE NEWLANDS,129.2045,154
35225,THE NEWLANDS,205.27119,219
35229,REEVES CORNER,444.29825,407
35230,RECTORY GROVE,115.76861,409
35232,BISHOPS BRIDGE ROAD / WESTBOURNE TERRACE,442.05991,373
3525,SHRUBBERY GARDENS,335.70863,177
35254,LAMBETH TOWN HALL,596.01661,336
35255,TROWBRIDGE ESTATE,230.74574,267
35256,POPLAR CLOSE,76.34322,187
35271,BRIDGELAND ROAD,107.52111000000001,195
35272,BRIDGELAND ROAD,45.71436,201
35274,KEIR HARDIE RECREATION GROUND,124.18399,399
35276,HENDON CENTRAL STATION,325.4658,108
35277,FORDHAM PARK,12.93749,85
35281,STOKE NEWINGTON COMMON,598.62308,163
35287,HATTON CROSS STATION,2457.3014,336
35288,HATTON CROSS STATION,1328.19347,238
35289,HATTON CROSS STATION,730.85349,169
35290,INGRAM WAY / BRIDGE HOTEL,86.04329,253
35291,UNEEDA DRIVE,69.87721,252
35292,ROCKWARE AVENUE / GREENFORD STATION,1183.13599,325
35293,GREENFORD STATION,0.0,175
35294,ASHBURN GARDENS,141.37761,116
35297,POPLAR / ALL SAINTS CHURCH,187.62136,78
35298,PENTON PLACE,205.17039,366
35303,TULSE HILL STATION,1224.82772,404
35304,HARDEL RISE,617.40842,330
35305,CONFERENCE ROAD,23.55059,100
35306,CONFERENCE ROAD,218.97633000000002,96
35309,HARROW MANORWAY / ABBEY WOOD STATION,3156.04793,566
35311,EBURY BRIDGE ROAD,169.89085,256
35312,ECCLESTON BRIDGE,100.22979,508
35314,VICTORIA STATION,83.56592,192
35320,ROYAL PARADE,0.0,75
35321,RAVENSCOURT GROVE,24.04984,73
35322,RAVENSCOURT GROVE,8.02188,74
35323,ALMA AVENUE,43.35568,73
35325,CENTRAL DRIVE,256.0403,73
35326,BRENT CROSS STATION,105.28015,82
35327,BRENT CROSS STATION,228.90700999999999,80
35328,TARLING ROAD,77.77951,196
35333,CLAREMONT ROAD,30.13175,158
35335,PUTNEY HILL / GREEN MAN,831.1524000000001,464
35336,BENHILL AVENUE,639.89082,693
35337,NEW BARNET STATION,29.710749999999997,173
3534,NORTH CIRCULAR ROAD,581.74273,185
35342,HAMPTON COURT STATION,100.81683,65
35346,STRADBROKE PARK,12.463189999999999,76
35347,STRADBROKE PARK,8.30154,77
35348,WANNOCK GARDENS,31.93194,76
35349,WANNOCK GARDENS,85.23639,76
35350,KINGSLEY ROAD,45.23612,76
35351,BENREK CLOSE,111.22766,78
35352,FENCEPIECE ROAD,8.1607,76
35353,FENCEPIECE ROAD,132.53875,78
35357,GREENWICH PARK,77.81255,174
35359,TUDOR GARDENS,94.12806,180
35360,MORDEN ROAD,52.53519,77
35361,BEAUMONT RISE,59.53715,81
35368,ESHER HIGH STREET,0.0,68
35376,CHESSINGTON SCHOOL,3.2953599999999983,121
3538,ST EDWARD'S / C OF E ACADEMY,127.16578,98
35381,CRICHTON ROAD,159.66692,140
35382,CRICHTON ROAD,132.53348,83
35383,STANLEY ROAD,147.27255,83
35384,STANLEY ROAD,224.69018,151
35387,BEXLEY WAR MEMORIAL,196.47683,155
35388,PARKWOOD ROAD,41.30549,156
35389,WOODSTOCK CLOSE,35.63214,155
3539,MAWNEY ROAD,201.45087,408
35390,GRANGE WOOD,20.20594,156
35391,VALENTINE AVENUE,51.54983,155
35392,CROFTON AVENUE,112.79673,157
35393,CROFTON AVENUE,113.33189,154
35395,CARISBROOKE AVENUE,36.88428,154
35396,CARISBROOKE AVENUE,60.83976,156
35397,MERLIN ROAD,11.26783,83
35399,HIGHFIELD ROAD,256.15221,79
35400,HILLRISE ESTATE,175.77176,162
35401,HIGHFIELD ROAD,0.27431,83
35402,KEW BRIDGE STATION,366.67813,95
35403,CATERHAM AVENUE,175.24725,78
35406,CARLYLE ROAD / CROSSWAY,1152.23483,490
35407,ST LEONARD'S STREET,50.18058,82
3541,REPTON AVENUE,107.95246,176
35410,ILFORD STATION,3928.95416,519
35411,HARKNESS CLOSE,21.06803,132
35412,SEDGEFIELD CRESCENT,161.91521,133
35413,SEDGEFIELD CRESCENT,4.003399999999999,134
35414,DAGNAM PARK SQUARE,165.47756,368
35415,WICKFORD DRIVE,35.05962,208
35418,TARNWORTH ROAD,1.4843499999999994,139
35419,FAIRFORD WAY,35.92086,75
3542,CASTELLAN AVENUE,97.04799,175
35420,BURWOOD PLACE,614.71382,280
35424,ERITH HIGH STREET,99.70966,241
35432,ST PAUL'S STATION,457.21275,170
35435,BURDETT ROAD / ST PAUL'S CHURCH,86.50735,83
35437,THE LOWE,81.66938999999999,88
35438,KIELDER CLOSE,0.1081599999999998,23
35453,BLACKHEATH / ROYAL STANDARD,0.0,81
35457,CLAYHALL / THE GLADE,225.55796999999998,162
35459,MORDEN CIVIC CENTRE,1198.46918,318
35464,ROSSMORE ROAD / LISSON GROVE,276.75887,185
35472,YORK ROAD,71.20087,161
35474,LECHMERE APPROACH,189.15259,176
3548,CRAVEN CLOSE,312.92613,98
35482,WOOLWICH ARSENAL STATION,2714.05801,423
35483,WOOLWICH ARSENAL STATION,2581.67639,315
35484,ST KATHARINE CREE,161.19747,117
35485,DAVENANT ROAD,86.48253,84
35486,DUPPAS HILL,165.1574,83
35487,WOOLWICH FERRY,89.44702,361
3549,HAYES / THE GRAPES,1644.78911,181
35491,SHIRLEY CLINIC,43.02995,152
35502,HAHA ROAD / GRAND DEPOT ROAD,272.20212,317
35503,QUEEN ELIZABETH HOSPITAL / MAIN ENTRANCE,744.8191400000001,490
35505,HA-HA ROAD / REPOSITORY ROAD,12.102039999999997,314
35510,MANOR PLACE,1218.22887,835
35518,MANOR ROAD / APERFIELD ROAD,152.05548,100
35519,ELGIN AVENUE / CHIPPENHAM ROAD,414.78488,284
35522,OAKEN LANE,17.60085,70
35523,OAKEN LANE,55.81709,73
35524,MANOR ROAD SOUTH / OAKEN LANE,0.9335899999999997,69
35525,MANOR ROAD SOUTH / OAKEN LANE,11.18536,73
35528,ETHERIDGE ROAD,93.08591,408
35529,BLACKFEN ROAD / PENHILL ROAD,105.36614,166
3553,CHATTERN HILL,23.1469,75
3554,CHATTERN HILL,9.94023,71
35541,THAMES INNOVATION CENTRE,108.3571,148
35550,BIGNOLD ROAD,87.05254,155
35551,BIGNOLD ROAD,189.29519,159
35552,CATLIN STREET,199.585,162
35553,CATLIN STREET,59.74153,171
35556,CROWN ROAD,0.2752999999999999,169
35557,SUTTON BUS GARAGE,0.0,78
35560,BERTRAM COTTAGES,4.513969999999999,164
35561,MERTON PARK TRAM STOP,171.42406,165
35563,VINCENT ROAD / WOOLWICH ARSENAL STATION,4176.55404,502
35568,SUTTON CIVIC CENTRE,1282.88015,837
35570,ST NICHOLAS CENTRE,1121.60093,843
35572,STATION SQUARE / PETTS WOOD STATION,307.76141,270
35573,CROWN ROAD,3088.10126,614
35574,BERKSHIRE ROAD,58.78097,83
35575,OSBORNE ROAD,17.34496,84
35576,TOWER GATEWAY STATION,16.33728,77
35579,BILTON ROAD,11.011299999999999,100
3558,THE BROADWAY,1062.39286,311
35580,SLADE GREEN ROAD / MANOR ROAD,67.11173,100
35581,GRANGE WAY,106.00748,101
35582,GRANGE WAY,148.20495,103
35584,MANOR ROAD / FROBISHER ROAD,176.51422,103
35585,COMPTON PLACE,55.07218,103
35586,BILTON ROAD,19.905929999999998,103
35589,QUEEN ELIZABETH HOSPITAL / MAIN ENTRANCE,1378.80517,491
3559,THE BROADWAY,1644.51977,314
35591,QUEEN ELIZABETH HOSPITAL / WEST ENTRANCE,349.67719999999997,408
35592,RAINSFORD ROAD,69.52894,74
35597,WINGFIELD SCHOOL,107.93935,303
35607,WINDLASS PLACE,225.26371,93
35608,ST ANN'S HOSPITAL,44.34811,78
35609,CORNWALL ROAD,254.38974000000002,78
35610,SEVEN SISTERS ROAD / KERSWELL CLOSE,160.29227,78
35611,RIVERSIDE YOUTH CLUB,316.04807999999997,95
35612,SEVEN SISTERS ROAD / PLEVNA CRESCENT,102.55673,78
35613,HOWARD ROAD,54.15954,78
35614,ERMINE ROAD / ST IGNATIUS CHURCH,27.76593,78
35615,HOWARD ROAD,140.59595,79
35616,SEVEN SISTERS ROAD / KERSWELL CLOSE,344.64218,79
35617,CORNWALL ROAD,333.63765,78
35618,ST ANN'S HOSPITAL,39.46134,78
3562,SELSDON LIBRARY,146.31517,95
35628,HAVEN GRN / EALING BROADWAY STN,2197.20947,313
3563,ST DUNSTANS ROAD,338.32778,147
35630,EALING HOSPITAL,15.34409,94
35631,EALING HOSPITAL,238.23187000000001,101
35632,HIGH BARNET STATION,867.875,578
3564,ST DUNSTANS ROAD,193.78599,144
3565,HAMPTON / THAMES STREET,49.72498,158
35667,GREAT TOWER STREET,55.76362,100
35670,BECKENHAM CREMATORIUM,31.058239999999998,141
35673,ONSLOW GARDENS,216.83,155
35674,ONSLOW GARDENS,29.854509999999998,155
35675,CLARENCE ROAD / NARROW WAY,140.9365,99
35677,CHINBROOK ROAD / BARING ROAD,41.19652,97
35678,ENFIELD TOWN / CHURCH STREET,754.42488,280
35683,HUTTON WALK,0.8757399999999996,81
35684,HUTTON WALK,176.2694,80
35688,LONG ELMES,14.94374,75
35691,MILNER ROAD,128.48626,85
35692,MITRE ROAD,20.28588,84
35693,CORPORATION STREET,27.20917,84
35701,MILNER ROAD,80.14907,83
35702,WEST HAM STATION,1.4260099999999996,83
35703,LEYWICK STREET,75.79652,83
35704,MITRE ROAD,45.21081,83
35706,ANCHOR AND HOPE LANE,365.2852,260
35707,CLAPHAM JUNCTION / THE NORTHCOTE,1967.69564,654
35708,ANCHOR AND HOPE LANE,484.1389,267
35713,SIDCUP / QUEEN MARY'S HOSPITAL,109.77839,234
35714,BEDDINGTON GARDENS,4.236929999999999,157
35716,BALAAM STREET,30.372049999999998,322
35719,AVONDALE ROAD,124.19136,182
35727,HAREFIELD LIBRARY,8.51211,59
35728,HAREFIELD LIBRARY,2.6292799999999996,59
35730,CHARING CROSS STATION,1200.20332,593
35731,LITTLE PARK GARDENS,521.44509,256
35733,DYSART AVENUE,0.1167,44
35737,HOUNSLOW WEST STATION,702.15165,157
35739,PARLIAMENT HILL FIELDS,160.62798,77
35743,HIGH STREET / CARLTON PARADE,866.46008,737
35749,GODBOLD ROAD,59.63559,85
35750,FOREST HILL STATION  / WALDRAM CRESCENT,100.80724,161
35758,AMHURST ROAD / DALSTON LANE,83.51029,83
35759,HACKNEY DOWNS STATION,65.01268,83
35760,SANDRINGHAM ROAD,25.62135,83
35761,SANDRINGHAM ROAD,43.70254,83
35762,DOWNS PARK ROAD,65.35254,83
35763,DOWNS PARK ROAD,146.32716,83
35764,SHACKLEWELL LANE,60.12044,83
35765,SHACKLEWELL LANE,169.43654,84
35766,RECTORY ROAD / DOWNS ROAD,60.49419,84
35767,DOWNS ROAD,109.64202,84
35770,ABBEY SPORTS CENTRE,113.59822,235
35771,BARKING ABBEY,93.88586,236
35773,WELLING HIGH STREET,1280.44922,345
3578,HARROW ROAD,49.82191,76
35786,TWYFORD ABBEY ROAD,157.05737,149
35789,BERESFORD AVENUE,84.08215,155
3579,HARROW ROAD,9.02727,75
35790,HEATHER PARK DRIVE,125.45967,156
35791,TWYFORD ABBEY ROAD,10.757299999999999,72
35792,KENMERE GARDENS,193.28855,155
35793,KENMERE GARDENS,149.56794,152
35794,HEATHER PARK DRIVE,18.167689999999997,150
35795,BERESFORD AVENUE,176.03275,154
35798,IVEAGH AVENUE,23.084339999999997,146
35800,CARDINAL WISEMAN HIGH SCHOOL,431.96679,236
35801,GAP ROAD / PLOUGH LANE,257.16537,177
35803,WILLESDEN JUNCTION STATION,531.00623,171
3581,HARLINGTON ROAD WEST,48.29904,149
35811,HANGER LANE GYRATORY,160.17021,179
35812,HANGER LANE GYRATORY,76.30447,160
35813,HANGER LANE STATION,294.67774000000003,155
35829,CARLISLE SCHOOL,14.80326,82
35830,CARLISLE SCHOOL,49.11072,81
35831,ALBURY CLOSE,5.027069999999999,82
35832,ALBURY CLOSE,24.16703,81
35833,NIGHTINGALE ROAD,3.2087599999999994,82
35834,NURSERYLANDS SHOPPING CENTRE,175.73886,254
35835,ACACIA ROAD,38.94672,172
35836,SOUTHGATE STATION,1868.02251,212
35838,CANEY MEWS,169.71321,249
35839,PENNINE DRIVE / CLAREMONT ROAD,207.76061,163
3584,FAGGS ROAD,254.49487,150
35840,CLITTERHOUSE ROAD SOUTH,332.75768,243
35841,CLITTERHOUSE ROAD SOUTH,106.05044,249
35842,CLAREMONT WAY,457.50122,244
35843,CLITTERHOUSE ROAD NORTH,37.737779999999994,249
35844,CLITTERHOUSE ROAD NORTH,167.55352,244
35845,MAPLEDOWN SCHOOL,267.85252,244
35846,CLAREMONT WAY,105.00389,249
35847,MAPLEDOWN SCHOOL,152.80002000000002,245
3585,CHERTSEY ROAD,15.91405,74
35850,BAYNES CLOSE,46.16123,74
35851,LEYS ROAD EAST,13.81373,74
35852,LEYS ROAD EAST,89.4171,77
35853,FOURACRES,10.0863,74
35854,FOURACRES,128.4655,75
35856,CASTLE ROAD,94.61768,77
35857,ALBANY PARK AVENUE,54.49172,74
35858,BAYNES CLOSE,204.17915,76
35859,GREAT CAMBRIDGE ROAD,171.78546,74
35860,GREAT CAMBRIDGE ROAD,130.50332,76
35861,LARKSFIELD GROVE,34.61841,74
35862,LARKSFIELD ROAD,117.76058,76
35863,SHERBORNE AVENUE,19.94214,74
35864,SHERBORNE AVENUE,140.23229,76
35865,ALBANY PARK AVENUE,100.59851,77
35866,HERTFORD ROAD,38.69027,76
35867,CASTLE ROAD,15.9094,74
35868,HERTFORD ROAD,63.44769,74
35877,DYNEVOR ROAD,74.34624,80
35878,DYNEVOR ROAD,3.0659099999999992,81
35879,THE VINEYARD,18.24276,80
35880,THE VINEYARD,6.231339999999999,81
35881,ST MATTHIAS CHURCH,52.41697,80
35882,ST MATTHIAS CHURCH,97.73599,81
35885,CHISHOLM ROAD,62.66846,81
35886,PARK ROAD,125.92609,81
35887,MARCHMONT ROAD,74.27515,81
35893,NORTHUMBERLAND PARK,68.22912,170
35897,SUTTON STATION  / THE QUADRANT,32.25983,200
35900,ROTHERHITHE TUNNEL,83.02852,171
35904,LANCASTER GATE STATION,102.67716,159
35905,OLD CHURCH STREET,836.9638,450
35906,KINGS ROAD,3.0691099999999993,81
35908,QUEEN MARY AVENUE,305.7119,161
35909,CROUCH END BROADWAY,1376.27904,150
3591,ANDERSON DRIVE,98.0211,75
35911,ROGERS ROAD,146.74158,198
35914,HALLSVILLE PRIMARY SCHOOL,69.90666,200
35918,TITMUSS AVENUE,223.05494,173
3592,ANDERSON DRIVE,28.48605,68
35920,HAWKSMOOR SCHOOL,118.84171,169
35921,HAWKSMOOR SCHOOL,106.06456,171
35922,SOUTHWOOD ROAD,268.35562,171
35924,ST ELPHEGE'S SCHOOL,178.55989,225
35926,TITMUSS AVENUE,138.5045,170
35928,NORTHWOOD PLACE,204.68377,149
35929,NORTHWOOD PLACE,108.97264,154
35931,GLOUCESTER ROAD,503.29368,178
35934,NORTHUMBERLAND PARK,1827.84138,244
35935,GOBIONS AVENUE,0.4932299999999997,79
3595,ASHFORD ROAD,31.97353,75
35953,PONSFORD STREET,134.28335,163
35955,ST ELPHEGE'S SCHOOL,222.55273,223
35956,LEE CONSERVANCY ROAD / POPLAR CLOSE,51.81409,191
35965,GEORGE LANE SHOPPING CENTRE,944.39582,308
35966,GEORGE LANE SHOPPING CENTRE,517.91819,321
35968,CHESTER ROAD / HIGHGATE LIBRARY,118.47965,77
3597,KENTON AVENUE,32.90047,70
35973,VECTIS ROAD,82.66365,151
35978,RICHMOND HILL / RICHMOND GATE,68.53214,81
35979,FERRY LANE PRIMARY SCHOOL,91.33902,150
35980,ERSKINE CRESCENT,9.1565,74
35981,ERSKINE CRESCENT,0.12246,76
35982,FERRY LANE,12.02306,74
35983,FERRY LANE,3.1190599999999997,76
35985,MOUNT PLEASANT,17.176389999999998,61
35987,EDENHAM WAY,1.9284999999999999,95
35988,EDENHAM WAY,17.76941,92
3599,PERCY ROAD,0.4021999999999999,68
35995,DANEBURY AVENUE / MINSTEAD GARDENS,970.66365,170
35996,SHOTFIELD,51.59654,158
360,ANGEL STATION,154.50955,191
36002,SIDCUP STATION,0.0,150
36004,CROYDON ROAD / WALLINGTON GREEN,589.74754,305
36012,VICARAGE RD / WANDLE PARK TRAM STOP,104.98469,230
3605,SHORTWOOD AVENUE,24.689329999999998,131
3606,SHORTWOOD AVENUE,6.233909999999999,147
3608,SANDERSTEAD / ALL SAINTS CHURCH,155.13148999999999,78
361,PENTONVILLE ROAD / BARON STREET,978.68657,544
3613,NORTH CHEAM / QUEEN VICTORIA,918.85409,162
3614,BROOK GREEN,384.58674,272
3617,TURNPIKE LANE STATION,2948.76531,567
3619,PARK AVENUE,84.85828,169
3620,MALDEN WAY / MALDEN ROAD,16.6312,74
36214,BRIXTON STATION,1587.40358,266
363,ANGEL ISLINGTON / CITY ROAD,2222.86604,601
36324,ALMA AVENUE,6.252059999999999,74
3649,FULHAM TOWN HALL,418.25882,318
36501,HAVERING SIXTH FORM COLLEGE,90.57025,74
36502,HAVERING SIXTH FORM COLLEGE,152.53872,73
36503,LEE GARDENS AVENUE,6.97465,74
36505,HERBERT ROAD,6.92097,74
36506,HERBERT ROAD,39.62854,72
36508,PLUMSTEAD BUS GARAGE,187.84694,155
36510,PLUMSTEAD ROAD / PLUMSTEAD STATION,1758.19378,500
36512,EUSTON STATION,905.25644,232
36513,EUSTON STATION,1558.90656,283
36514,EUSTON STATION,1343.16274,153
36521,TIMES SQUARE,989.02538,827
36522,NICKELBY CLOSE,337.46621,345
36529,HOVETON ROAD,245.10945,347
36530,CURLEW CLOSE,106.46266,347
36531,POPLAR PLACE,155.90093,347
36534,ANNESLEY ROAD,116.66044,315
36536,ST ASAPH ROAD,124.46127,176
36537,AVIGNON ROAD / DRAKEFELL ROAD,64.25632,179
36539,KIDBROOKE PARK ROAD / ALDI STORE,255.10234,157
36540,KIDBROOKE PARK ROAD / ALDI STORE,74.77937,159
36541,THOMAS STREET,0.0,160
36543,COPTHORNE GARDENS,1.16685,74
36544,PARKSTONE AVENUE,109.20785,72
36545,HUBBARDS CHASE / WINGLETYE LANE,0.3495699999999999,74
36546,COPTHORNE GARDENS,53.02432,74
36547,HUBBARDS CLOSE,1.4019799999999998,74
36548,ESSEX GARDENS,210.57569,148
36549,THOMAS TALLIS SCHOOL,161.70512,78
36550,THOMAS TALLIS SCHOOL,171.62367,159
36551,GLENTHORNE HOUSE,0.0,78
36552,KIDBROOKE PARK CLOSE,177.76356,316
36553,KIDBROOKE PARK CLOSE,52.54222,78
36554,ANNESLEY ROAD,11.996699999999999,77
36556,SUNNYDENE AVENUE,37.14258,77
36559,LONGBRIDGE ROAD,279.64585,78
36561,NURSERYLANDS SHOPPING CENTRE,186.35783,96
36562,COURTLANDS AVENUE,86.51344,96
36563,COURTLANDS AVENUE,32.10369,171
36564,ESSEX ROAD SOUTH,103.12263,152
36565,ESSEX ROAD SOUTH,522.83123,154
36566,CLARE ROAD,105.75666,152
36567,PETERBOROUGH ROAD,289.20637,154
36569,CLARE ROAD,315.15125,154
36575,LIMERSTON STREET,174.74958,136
36577,ACACIA ROAD,19.04141,96
36578,BERESFORD ROAD,38.50696,84
36579,BRENT CIVIC CENTRE,48.52093,152
36581,OLYMPIC WAY,268.17032,235
36582,OLYMPIC WAY,283.33641,229
36584,FIRST WAY,277.64265,309
36585,BROCKILL CRESCENT,100.0526,178
36586,OLDFIELD LANE SOUTH,1453.43562,245
36594,CHELSEA COLLEGE OF ARTS,123.10683,173
36595,TATE BRITAIN,128.19039,174
36598,HARRODS,912.33968,362
36599,ALDWYCH / KINGSWAY,1462.61932,419
366,LAMBETH BRIDGE,208.34286,168
36601,ANGEL STATION,1428.68396,255
36602,ANGEL STATION,3584.01018,572
36604,PLUMSTEAD ROAD / PLUMSTEAD STATION,752.40274,398
36608,BERESFORD ROAD,105.35566,83
36615,LEE GARDENS AVENUE,83.1866,73
36618,FULMER CLOSE,85.70679,81
36619,STANBOROUGH CLOSE,102.71536,81
36620,OLD FARM ROAD,91.06294,81
36621,CLEVELAND AVENUE,74.38949,81
36622,PERCY ROAD,136.12208,81
36623,NIGHTINGALE ROAD,105.37351,81
36624,THE COPPICE / SCHOOL ROAD,24.050629999999998,73
36625,ASHFORD WAR MEMORIAL,148.63662,210
36626,GABLES AVENUE,7.14508,69
36627,FORDBRIDGE ROUNDABOUT,15.795399999999999,70
36628,FORDBRIDGE ROUNDABOUT,35.16874,67
36629,GABLES AVENUE,12.915379999999999,68
36630,THE COPPICE,15.606539999999999,71
36642,THAMES INNOVATION CENTRE,41.98017,154
36643,MIRAMAR WAY,184.12742,158
36644,KNIGHTSBRIDGE GARDENS,16.32568,93
36645,CROWN LANE SPUR,146.46369,97
36646,TUBBENDEN LANE SOUTH,51.02433,85
36647,PLENDER STREET,153.59452,114
36651,MARKS GATE / BILLET ROAD,113.17054,216
36653,WALLINGTON STATION,705.56961,383
36654,WALLINGTON STATION,184.31628,283
36656,FELTHAM ROAD,62.87733,140
36658,ST GEORGE'S HOSPITAL,854.46918,325
36660,ABBEY SCHOOL,11.135959999999999,78
36663,LONDON ROAD SYNAGOGUE,25.67834,160
36665,ROCHESTER WAY / WELLING WAY,0.7566999999999997,67
36666,ROCHESTER WAY / WELLING WAY,2.6345099999999997,68
36667,GALLIONS REACH HEALTH CENTRE,145.62736,165
36668,GALLIONS REACH HEALTH CENTRE,159.24023,172
36669,LINTON MEAD PRIMARY SCHOOL,291.27864,339
36670,LINTON MEAD PRIMARY SCHOOL,554.7090900000001,351
36673,HOVETON ROAD,219.85403,339
36674,NICKELBY CLOSE,336.91549,340
36675,EASTGATE CLOSE,751.88908,342
36676,MANORDENE ROAD,579.335,345
36677,LISTER WALK,363.91935,340
36678,POPLAR PLACE,333.22646,335
36680,ENFIELD TOWN STATION,681.76837,80
36686,SHIPWRIGHT ROAD,510.87418,178
36688,ALDGATE BUS STATION,1761.3659,279
36693,WHITEHALL ROAD / BANCROFTS SCHOOL,38.30356,70
36729,SOUTHSIDE SHOPPING CENTRE,722.60564,168
36732,ROTHERHITHE TUNNEL,42.91941,179
36733,AVELON ROAD,2.9744999999999995,97
36734,AVELON ROAD,85.28292,96
36736,ELLERSLIE ROAD,99.18068,153
36737,WESTWAY,265.66697,76
36741,COMMONWEALTH AVENUE,724.35188,151
36751,BRUNSWICK QUAY,28.35203,178
36752,ONEGA GATE,82.65313,179
36753,BRUNSWICK QUAY,86.086,179
36754,MAGNOLIA COURT,59.8227,79
36755,MAGNOLIA COURT,127.25609,80
36756,THE GARTH,44.66777,79
36757,THE GARTH,51.00288,81
36758,KINGSBURY CIRCLE / THE MALL,42.806439999999995,79
36759,KINGSBURY CIRCLE / THE MALL,175.00163,81
36760,MARGARET STREET / OXFORD CIRCUS,0.0,237
36761,QUEENSBRIDGE ROAD / FOREST ROAD,52.34219,83
36762,TUDOR DRIVE,340.94913,156
36763,HANCOCK ROAD,332.50427,161
36765,PUTNEY BRIDGE STATION,977.50337,153
36767,DOWNTOWN ROAD,180.90116,96
36768,RUSSIA DOCK ROAD,150.91740000000001,92
36769,BYWATER PLACE,149.75944,89
36770,PETER HILLS SCHOOL,206.75234,89
36771,PETER HILLS SCHOOL,120.16358,97
36772,BYWATER PLACE,63.8787,97
36773,RUSSIA DOCK ROAD,130.92516,96
36774,SHIPWRIGHT ROAD,232.30289,179
36775,ONEGA GATE,141.33089999999999,177
36776,ARTERBERRY ROAD,19.62174,77
36777,WOODHAYES ROAD,249.13144,156
36780,HAILEY ROAD,40.71826,154
36782,RICHMOND BUS STATION,1836.36715,606
36783,SUTTON BUS GARAGE,0.0,92
36784,HAYWARD GARDENS,209.80267,256
36785,HAYWARD GARDENS,188.04945,255
36788,STONELEIGH PLACE,167.51038,165
36790,RICHMOND BUS STATION,2.6807099999999995,78
36792,GREAT PORTLAND STREET STATION,1154.75709,353
36793,GOLDERS MANOR DRIVE,194.00399,255
36798,HIGHLEVER ROAD,304.8772,167
36799,HARMOOD STREET,58.524319999999996,153
36800,HOLLOWAY ROAD / CAMDEN ROAD,70.97122,234
36804,TUFNELL PARK STATION,377.11654,77
36805,ARNOS GROVE STATION,0.0,120
36806,CLIFTON ROAD,517.20211,244
36808,WOOLWICH HIGH STREET,39.540499999999994,242
3681,BERESFORD SQ / WOOLWICH ARSENAL STN,2092.15398,584
36810,CALDERWOOD STREET,1091.71257,397
36813,BRENT ROAD,150.47957,77
36816,COLMAN ROAD,266.59039,259
36817,SULLIVAN AVENUE,426.63234,260
36818,SULLIVAN AVENUE,204.18054,257
36819,COLMAN ROAD,230.67315,256
36822,BURRAGE ROAD,173.54012,423
36829,BECKTON DISTRICT PARK,79.58847,188
36830,BECKTON DISTRICT PARK,52.68085,188
36831,DOVE APPROACH,205.19918,188
36832,DOVE APPROACH,585.90584,188
36833,SWALLOW STREET,116.54044999999999,188
36834,SWALLOW STREET,314.5279,188
36835,TOLLGATE ROAD,220.24285,415
36836,REDCLIFFE GARDENS,359.25731,268
36838,OLD STREET STATION,536.64416,85
36847,LAMBETH CEMETERY,19.853209999999997,323
36850,PARK VIEW ROAD,81.62409,289
36853,LABURNUM STREET,648.53732,292
36855,HERVEY ROAD,104.50471999999999,251
36857,HYDE PARK CORNER,1450.41285,772
36859,PRATT STREET,570.66691,313
36860,BRENTFORD COUNTY COURT,106.73801,78
36861,SHARPS LANE,8.169149999999998,179
36868,MILLWALL PARK,50.880199999999995,180
36869,MASTMAKERS ROAD,12.597509999999998,82
36870,MASTMAKERS ROAD,0.5165199999999999,77
36875,LIMEHOUSE POLICE STATION,176.71023,373
36879,LYON PARK AVENUE,120.37495,354
36880,LYON PARK AVENUE,118.16185,342
36881,DUKE OF YORK SQUARE,1996.34736,438
36885,NOTTING HILL GATE STATION,28.26712,75
36886,LANCASTER PLACE,1006.7896,966
36887,SMITH CLOSE,430.9674,171
36889,HALL PLACE,23.85149,77
36894,AUDRIC CLOSE,281.88665,81
36895,WRYTHE GREEN,90.57897,78
36896,ST JOHN'S ROAD,150.44096,77
36897,WALTHAM ROAD,53.2963,78
36898,WALTHAM ROAD,115.72571,77
36899,DORCHESTER ROAD,50.633559999999996,139
369,VAUXHALL BRIDGE / MILLBANK,139.20322,465
3690,BRONDESBURY ROAD,1024.53804,243
36900,ST HELIER STATION,120.54979,83
36902,CANTERBURY ROAD,52.47994,153
36903,WORCESTER PARK STATION,164.72908,154
36908,MOUNT ROAD,60.0543,76
36915,MOUNT EPHRAIM ROAD,1481.71979,1025
36916,THORNTON ROAD / GREEN WRYTHE LANE,275.17021,77
36917,THORNTON ROAD / GREEN WRYTHE LANE,130.85054,78
36918,FORTUNE GREEN ROAD,48.68475,75
36919,SOLENT ROAD,65.03479,75
36920,SOLENT ROAD,29.29684,77
36921,HILLFIELD ROAD,30.46044,77
36923,MILL LANE,66.3463,75
36927,STRATFORD LIBRARY,752.68895,170
36928,UPTON PARK / PRIORY ROAD,1000.77621,345
36929,STRATFORD CENTRE,2981.95164,274
36930,HILLBURY ROAD,38.41657,71
36931,HILLBURY ROAD,18.5373,67
36932,FONTENOY ROAD,25.38169,66
36933,BALHAM HEALTH CENTRE,35.95348,67
36934,BALHAM HEALTH CENTRE,5.24205,71
36935,FONTENOY ROAD,38.43472,71
36936,BECMEAD AVENUE,7.693829999999999,69
36937,WOODFIELD AVENUE,17.3923,69
36938,BECMEAD AVENUE,37.54792,73
36939,CHRIST CHURCH,55.31888,77
36940,CHRIST CHURCH,25.5579,77
36941,ATWATER CLOSE,33.5371,77
36942,ATWATER CLOSE,50.84286,75
36943,ST MARTINS ESTATE,139.3828,75
36944,ROUPELL ROAD,25.03926,77
36945,ROUPELL ROAD,64.87797,76
36946,HILDRETH STREET MARKET,1116.63339,321
36947,OLD BOND STREET / ROYAL ACADEMY,1151.94291,499
36948,SHOREDITCH,0.0,192
36951,BROMLEY NORTH STATION,1135.77898,456
36953,BROMLEY NORTH STATION,611.11861,568
36954,BROCKLEY RISE,172.36124,153
36958,HILLFIELD ROAD,97.04111,75
36959,BALHAM STATION,96.63719,145
36961,SEDGMOOR PLACE,470.3157,174
36962,SOUTHAMPTON WAY ESTATE,493.66366,171
36963,SEDGMOOR PLACE,668.20643,171
36964,COTTAGE GREEN,628.81496,171
36966,ALSACE ROAD,688.05307,247
36967,EAST STREET,388.50373,174
36968,BALFOUR STREET,214.07247,174
36969,SOUTHAMPTON WAY / PECKHAM ROAD,121.53914999999999,174
36970,ALSACE ROAD,448.71348,256
36971,EAST STREET,323.48677,179
36972,LARCOM STREET,174.69182,179
36973,SOUTHAMPTON WAY ESTATE,497.88237,174
36974,SEYMOUR ROAD,40.58631,75
36975,ST GEORGE'S WAY / BURGESS PARK,202.48151,171
36976,LARCOM STREET,108.53513,174
36977,ST GEORGE'S WAY / BURGESS PARK,197.56746,173
36978,BALFOUR STREET,117.42296999999999,179
36991,HOMEFIELD CLOSE,69.63335,81
36993,HOMEFIELD CLOSE,95.47512,81
36994,LAYER GARDENS,11.1753,73
36995,LAYER GARDENS,28.84621,76
36996,WEST ACTON STATION,71.69792,73
36997,WEST ACTON STATION,190.82693,76
36998,NORMAN WAY,47.82237,77
370,BEAK STREET / HAMLEYS TOY STORE,209.51829,243
37000,PARK ROYAL ASDA / WESTERN ROAD,198.65683,231
37002,THORNTON HEATH POND,1605.46841,513
37003,DAWLISH AVENUE,112.23097,88
37004,PERIVALE LANE,321.59796,174
37005,PERIVALE LANE,239.62138000000002,166
37011,KNATCHBULL ROAD,171.31063,152
37012,FAWOOD AVENUE,140.49325,150
37013,FAWOOD AVENUE,101.40464,152
37014,GLOUCESTER CLOSE,115.20101,150
37015,GLOUCESTER CLOSE,75.7721,153
37016,SWAMINARAYAN TEMPLE,226.10784,149
37017,SWAMINARAYAN TEMPLE,163.5365,154
37018,KINGFISHER WAY,382.76572,148
37019,KINGFISHER WAY,110.73984,154
37020,LOVETT WAY,96.55747,152
37021,LILBURNE WALK,70.59585,152
37022,LOVETT WAY,7.175309999999999,151
37023,LILBURNE WALK,1.7811299999999997,149
37024,MITCHELL WAY,89.05123,302
37025,OWEN WAY,104.71895,152
37026,OWEN WAY,0.8958299999999999,151
37027,RUISLIP LIDO,0.0,71
37035,WESTBOURNE ROAD / JUPITER WAY,88.40009,78
37036,LIVERPOOL ROAD,53.39417,78
37037,LOUGH ROAD,43.93811,78
37038,OFFORD ROAD,64.58832,78
37040,CHAPEL MARKET,955.19238,157
37045,HEMINGFORD ROAD,80.61373,78
37046,RICHMOND AVENUE,28.25723,78
37047,THE HEMINGFORD ARMS,26.52629,78
37048,WESTBOURNE ROAD / ARUNDEL SQUARE,42.89711,78
37049,WESTBOURNE ROAD / JUPITER WAY,44.38267,78
37050,LOWTHER ROAD,36.83302,78
37051,LOUGH ROAD,64.22492,78
37052,ELLINGTON STREET / ARUNDEL SQUARE,108.20795,78
37053,THE HEMINGFORD ARMS,91.33088,78
37054,RICHMOND AVENUE,80.04051,79
37055,COPENHAGEN STREET,88.76778,78
37056,KITTO ROAD,212.2686,179
37057,ARBUTHNOT ROAD,0.2735999999999999,99
37059,NEW CROSS / JERNINGHAM ROAD,362.67389000000003,176
37060,OMMANEY ROAD,26.581509999999998,97
37061,BROCKILL CRESCENT,108.9831,176
37062,KITTO ROAD,25.203229999999998,92
37063,DRAKEFELL ROAD,152.3583,176
37065,STAFFORD GARDENS,201.7165,165
37070,PICARDY MANORWAY / BELVEDERE STATION,12.05373,68
37071,PICARDY MANORWAY / BELVEDERE STATION,27.20542,71
37074,PRETORIA AVENUE,104.17998,187
37075,BISHOPSGATE,20.006359999999997,104
37076,ANDERSON WAY,358.96239,187
37078,PICARDY MANORWAY / EASTERN WAY,92.13582,151
37087,BROMLEY NORTH STATION,0.0,737
37088,CLYDESDALE ROAD,120.8595,181
37089,CLYDESDALE ROAD,223.35204,184
37090,KINGSLEY AVENUE,73.97295,174
37091,KINGSLEY AVENUE,44.71808,174
37092,HILLINGDON / T A CENTRE,17.09417,77
37093,SARRE AVENUE,167.51821,82
37094,WOOD LANE,165.03001,82
37095,GOSPORT DRIVE,44.15244,84
37096,WOOD LANE,53.272619999999996,83
37097,HERON FLIGHT AVENUE,25.82667,83
37098,DOWDING WAY,79.73705,81
37099,GOSPORT DRIVE,62.7291,82
37100,SARRE AVENUE,127.8638,84
37101,HORNCHURCH COUNTRY PARK,26.200029999999998,84
37102,HORNCHURCH TOWN CENTRE,0.0,84
37103,HORNCHURCH COUNTRY PARK,22.77131,82
37104,ST GABRIEL'S CHURCH,31.94744,76
37105,OLD RUISLIP ROAD,92.28305,80
37106,ST GABRIEL'S CHURCH,3.5416199999999995,73
37107,TWYFORD CRESCENT,21.23987,76
37108,TWYFORD CRESCENT,110.73007,73
37113,THEODORE ROAD,280.69587,165
37114,COURTHILL ROAD,52.74121,165
37116,THORNFORD ROAD,33.13399,163
37118,THEODORE ROAD,130.40167,163
37119,GEORGE LANE,198.32856999999998,164
37121,NORWOOD BUS GARAGE,737.9189,515
37122,PICCADILLY CIRCUS,50.321239999999996,497
37123,YARNTON WAY / NORMAN ROAD,110.51394,147
37124,BRUSHFIELD STREET,18.57792,78
37125,BECKTON STATION,906.90301,345
37127,STAR LANE STATION,69.6137,162
37128,GODBOLD ROAD,39.1199,83
37138,ST KATHARINE DOCKS,68.48040999999999,104
37139,ST KATHARINE DOCKS,16.74578,100
3714,PUTNEY HEATH / GREEN MAN,1204.32831,260
37142,GEORGE LANE,42.86894,163
37143,JACK DASH HOUSE,262.12471999999997,165
37144,JACK DASH HOUSE,3.989319999999999,166
37145,HARBOUR EXCHANGE SQUARE,7.8899599999999985,248
37146,HARBOUR EXCHANGE SQUARE,272.0046,244
37147,EAST FERRY ROAD,1.6709999999999994,248
37148,CROSSHARBOUR STATION,484.14537,244
37149,THOMAS STREET / GREENS END,1600.95726,439
3715,CLAPHAM COMMON STATION,273.29747,77
37150,HERMITAGE LANE,72.37004999999999,142
37151,RONEO CORNER,444.09011,255
37152,RONEO CORNER,369.8361,255
37154,DULWICH ROAD,0.0,76
37157,LYNTON ROAD,55.96522,76
37158,LYNTON ROAD,23.432019999999998,73
37159,GOUROCK ROAD,26.19221,67
37161,PARK ROYAL ASDA,728.1813,384
37162,CHALK FARM STATION,256.01653,180
37163,STEELE'S ROAD / STEELE'S VILLAGE,51.7789,101
37168,PECKHAM BUS STATION,1019.34492,341
37169,MINSTEAD GARDENS,0.0,181
37171,THE ROUNDHOUSE,429.20554,285
37172,CECIL AVENUE,389.02957,251
37173,FITZJOHN'S AVENUE,171.36339,76
37174,ST MARY'S SCHOOL,52.3604,76
37175,NUTLEY TERRACE,25.52067,76
37176,BELSIZE LANE,26.626669999999997,76
37177,BELSIZE LANE,79.50428,80
37178,ST MARY'S SCHOOL,44.76119,80
37179,LYNDHURST ROAD / AKENSIDE ROAD,34.27887,80
37180,HEATH STREET / HAMPSTEAD STATION,27.72709,80
37181,LISTER WALK,248.27932,347
37183,STREATHAM / ST LEONARD'S CHURCH,250.1253,297
37184,ST GILES AVENUE,174.41788,77
37185,ST GILES AVENUE,45.56032,78
37186,VICARAGE ROAD,198.01542,78
37187,HOLLIDGE WAY,57.097590000000004,78
37188,FORD ROAD,72.50342,78
37189,HEATHWAY,459.79385,78
37192,DOWDING WAY,98.19354,84
37195,KINGSTON CLOSE,200.50563,372
37196,RECTORY ROAD,25.66882,78
372,PUTNEY STATION,844.2946,98
37200,ROSEDALE PARK,51.606429999999996,259
37215,ILFORD SAINSBURY'S,79.43469999999999,167
37219,ILFORD BROADWAY,3795.49921,433
37221,PIMLICO STATION,422.42919,159
37222,SHIP LANE / STAG BREWERY,88.20097,178
37229,TROCADERO / HAYMARKET,840.05431,290
37230,BRIDGE ROAD,91.4269,154
37232,WESTCROFT WAY,30.18758,76
37233,WESTCROFT WAY,76.54362,75
37234,HAMPSTEAD SCHOOL,22.85679,76
37236,MINSTER ROAD,23.4455,76
37237,MINSTER ROAD,81.6008,75
37238,WESTBERE ROAD,39.0619,77
37239,CRICKLEWOOD LANE,245.45805000000001,75
3724,ISLEWORTH WAR MEMORIAL,628.68807,280
37240,CRICKLEWOOD LANE,10.47567,76
37242,GRANVILLE PLACE,43.37435,214
37243,GRANVILLE PLACE,62.55919,223
37247,CHURCH STREET MARKET,1531.59672,287
37248,JUBILEE ROAD,94.60443000000001,92
37249,DAWLISH AVENUE,105.5861,94
3725,LION ROAD,229.89330999999999,710
37250,PERIVALE STATION,214.9468,93
37251,PERIVALE LIBRARY,104.09284,92
37253,BRENT PARK TESCO,1531.26231,695
37255,BITTACY RISE,30.71755,77
37257,HACKNEY CENTRAL STATION,564.12301,261
37258,WADDON LEISURE CENTRE / FIVEWAYS,182.75864,173
37259,JOHN WILSON STREET / POWIS STREET,339.54532,361
37261,TELFORD ROAD,58.03872,96
37262,MOAT FARM ROAD,613.06859,441
37263,YEADING / WHITE HART ROUNDABOUT,1751.54035,422
37264,MINERVA ROAD,19.47839,74
37266,STREATHAM HILL STATION,198.82561,155
37267,BINFIELD ROAD / STOCKWELL STATION,322.47975,146
37277,MOUNT PLEASANT,285.18670000000003,153
37278,MOUNT PLEASANT,154.72653,157
37279,IKEA BRENT PARK / DRURY WAY,118.70663,229
37280,IKEA BRENT PARK,356.99018,383
37283,MAYFIELD SURGERY,106.12686,167
37285,STAVELEY ROAD,191.99125,83
37286,STAVELEY ROAD,1.4306199999999996,83
37291,BANNISTER PLAYING FIELDS,94.2446,161
37292,COURTENAY AVENUE,242.37549,222
37293,ALEXANDRA ROAD,179.87661,81
37294,BROMLEY SOUTH STATION,88.71521,519
37302,PONSONBY TERRACE,179.45113,177
37303,VICTORIA STATION,2855.15906,264
37304,BROMPTON SQUARE,407.05271,361
37306,NORTH DULWICH STATION,345.36661,257
37309,HARROW TOWN CENTRE,1558.00166,708
37310,HARROW TOWN CENTRE,602.62421,701
37312,HARROW TOWN CENTRE,1426.77712,517
37314,GREENHILL WAY,42.01381,79
37316,PLUMSTEAD ROAD / BURRAGE ROAD,0.0,82
37317,TOTTENHAM COURT ROAD STATION,2081.36923,468
37322,PARK VIEW ROAD / CROOK LOG,277.86475,336
37323,HATTON CROSS STATION,1875.73366,501
37329,GLENTHORNE HIGH SCHOOL,332.60745000000003,130
3733,SUTTON STATION,1468.50161,398
37338,WINSLOW CLOSE,70.60264,154
37340,ST SAVIOURS CHURCH / SUNBURY CROSS,480.09156,77
37346,LOCKSBOTTOM / PALLANT WAY,83.66894,150
37348,ORPINGTON POLICE STATION,15.57545,102
37350,GROVELANDS ROAD,51.96143,141
37351,FARNBOROUGH WAY,22.17963,65
37359,BLACKSMITHS LANE,89.3477,61
37361,POWNALL ROAD / REGENTS COURT,128.23533,83
37362,POWNALL ROAD / LAXFIELD COURT,107.6617,84
37363,LAXFIELD COURT,80.58319,83
37364,QUEENSBRIDGE ROAD / BROWNLOW ROAD,152.35345,84
37365,BROWNLOW ROAD,136.86808,83
37366,MIDDLETON ROAD,82.44763,84
37367,MIDDLETON ROAD,56.95646,83
37369,WATERLOO STATION   / UPPER TAXI ROAD,209.75108,77
37371,CRAYFORD BRIDGE SAINSBURY'S,377.7538,224
37379,EASTERN WAY / NORMAN ROAD,204.19544,147
37382,GOLBORNE ROAD,16.20817,94
37383,WEST ROW,39.87074,90
37384,BOSWORTH ROAD,57.37239,90
37385,GOLBORNE ROAD,127.32819,90
37386,ALDERSON STREET,25.58253,92
37391,SOUTH END GREEN,0.0,78
37401,NATURAL HISTORY MUSEUM / CROMWELL ROAD,3.67006,76
37402,EATON SQUARE,6.34362,73
37404,NATURAL HISTORY MUSEUM / CROMWELL ROAD,402.76533,192
37405,KENSINGTON ROAD / ROYAL ALBERT HALL,82.58893,74
37407,SLOANE SQUARE STATION,555.89335,426
37408,VICTORIA COACH STATION,5.0255399999999995,73
37414,QUEENSBERRY PLACE,5.134879999999999,273
37417,THAMESMEAD TOWN CENTRE,0.0,236
37419,PECKHAM BUS STATION,1362.0955,321
37420,WATERLOO STATION   / UPPER TAXI ROAD,0.0,157
37421,ELTHAM STATION  / SHERARD ROAD,429.84678,237
37425,SOUTH END GREEN,454.10376,92
37426,NORTH END ROAD MARKET,391.18269,172
37428,WESTHORNE AVENUE,313.48476,238
37429,SYCAMORE CLOSE,237.40735,368
37430,HARRINGTON ROAD,0.2201999999999999,76
37435,HAVERSTOCK HILL / STEELE'S VILLAGE,126.60454,94
37436,CHALK FARM STATION,229.84529,173
37444,EDITH GROVE / WORLDS END,482.22555,187
37445,BOLTON GARDENS / BROMPTON LIBRARY,104.06581,155
37446,MEDFIELD STREET,840.93683,161
375,TURNPIKE LANE STATION,2495.37545,494
376,FINSBURY PARK / BLACKSTOCK ROAD,2527.62667,378
37600,LONDON WALL,142.88872,167
37601,BUCKLAND CRESCENT,11.94614,76
37602,BUCKLAND CRESCENT,2.4228699999999996,76
37606,PRATT STREET,503.63511,170
37615,LADBROKE GROVE SAINSBURY'S,1020.15706,570
37616,LADBROKE GROVE SAINSBURY'S,1058.31397,488
37624,BARLBY GARDENS,142.37347,153
37625,BARLBY GARDENS,138.35977,151
37626,PENTON STREET / ISLINGTON POLICE STATION,114.36295,158
37627,COPENHAGEN STREET,88.97893,157
37630,CHARLES I I STREET,169.7049,192
37632,CURTAIN ROAD,3.723369999999999,266
37634,WEST END LANE,100.67513,188
37637,BLACKFRIARS STATION / SOUTH ENTRANCE,172.19802,199
37639,NORTHUMBERLAND AVENUE / TRAFALGAR SQUARE,109.20045,118
37641,LIVERPOOL STREET STATION,1532.45801,192
37642,SAVILLE ROW,187.21615,96
37643,CAMBRIDGE CIRCUS,797.83377,371
37644,ST BARTHOLOMEW'S HOSPITAL,297.20829,326
37646,ANGEL ISLINGTON,511.02432,238
37655,WESTBOURNE GROVE,228.49994,272
37656,WHITELEYS,14.048879999999999,76
37657,INVERNESS TERRACE,85.52567,76
37658,QUEENSWAY STATION,107.12192,75
37659,BAYSWATER STATION,101.08767,75
37661,WATERLOO STATION,269.94782,152
37666,BLACKFRIARS STATION / SOUTH ENTRANCE,338.25955,201
37671,BRITISH MUSEUM,10.81083,96
37672,BRITISH MUSEUM,168.43540000000002,96
37674,BAYLIS ROAD / LOWER MARSH,254.47949,173
37676,FENCHURCH STREET,2238.18665,465
37689,STONELEIGH PLACE,176.07534,164
377,FINSBURY PARK / BLACKSTOCK ROAD,623.19061,375
3776,SQUIRES LANE,508.71025000000003,175
3777,SQUIRES LANE,468.0436,251
3778,LYONSDOWN ROAD,268.20501,325
379,CITY & ISLINGTON COLLEGE,1437.15626,341
37920,COURTENAY AVENUE,0.0549299999999999,81
3794,DURLSTON ROAD,335.35191,95
3795,DURLSTON ROAD,263.52022,91
37977,WARSPITE ROAD,466.4295,359
3805,CHURCH STREET,585.52152,179
3807,BARNET EVERYMAN CINEMA,502.23689,305
3808,BARNET EVERYMAN CINEMA,249.23187,302
3809,NEW BARNET STATION  / STATION ROAD,496.78008,436
3810,NEW BARNET STATION  / STATION ROAD,735.10878,430
3816,BURNSIDE ROAD,603.0843,238
3819,ROBINHOOD LANE,114.35093,98
3820,ROBINHOOD LANE,133.18488,100
3821,BANISTER ROAD,272.37942,245
3827,TOWNMEAD ROAD,512.89022,186
384,WINDMILL ROW,350.74739,286
38453,SUDBURY TOWN STATION,0.0,79
3851,DORSET ROAD,75.58992,163
386,KENNINGTON LANE,597.1552,293
387,VASSALL ROAD,277.24303,274
389,UNION ROAD,569.38386,446
390,UNION ROAD,329.77617,437
3900,SLOANE SQUARE,371.66639,431
3901,DARTFORD ROAD / BALDWYNS PARK,3.3632,75
3902,BALDWYNS PARK,11.78887,48
3905,RUSKIN AVENUE / WELLING STATION,366.81595,328
3906,CENTRAL AVENUE / WELLING STATION,333.20745999999997,335
391,WAT TYLER ROAD,133.33138,175
3911,HOMESDALE ROAD,302.69764,408
3912,HOMESDALE ROAD,307.18789,491
3922,PARK AVENUE,154.69112,174
3923,BROMLEY COMMON / HOLY TRINITY CHURCH,191.65619999999998,390
3924,OAKLEY ROAD / HOLY TRINITY CHURCH,95.63072,318
3929,KNOLL ROAD,229.84834,388
3930,KNOLL ROAD,108.53171,381
3936,NORTHCOTE ROAD,148.69227,92
3937,NORTHCOTE ROAD,98.60245,96
394,PECKHAM PARK ROAD,772.05567,368
395,PECKHAM PARK ROAD / OLD KENT ROAD,547.59559,176
3952,ERITH ROAD / NUXLEY ROAD,184.35547,81
3953,EARDLEY ROAD,307.95377,152
3954,KENTISH ROAD,31.143269999999998,152
3955,HALT ROBIN ROAD,142.39282,153
3961,ERITH ROAD / BROOK STREET,42.49086,81
3962,PEARESWOOD ROAD,88.30664,76
3963,ABBEY WOOD ROAD,252.9078,474
3964,LESNES ABBEY,87.13489,78
3965,LESNES ABBEY,27.67468,80
397,BATTERSEA HIGH STREET,529.79552,382
399,LILLIE ROAD,681.68126,350
400,GREYHOUND ROAD,1489.37204,407
40001,KEW GARDENS STATION,33.08642,81
40003,FISHERS LANE,32.42751,67
40007,ST ASAPH ROAD,111.72242,178
40008,BELL GREEN / SOUTHEND LANE,1151.4777100000001,457
40011,LUTWYCHE ROAD,36.90313,87
40015,GREENWICH TOWN CENTRE / NELSON ROAD,759.18097,333
40020,GEDDES PLACE,0.0,99
40021,AVERY HILL ROAD / HALFWAY STREET,30.33169,147
40022,SHINGLEWELL ROAD,31.89188,72
40023,BARNEHURST ROAD / RANDOLPH CLOSE,10.16143,81
40024,BARNEHURST ROAD / RANDOLPH CLOSE,5.422049999999999,80
40027,SHAKESPEARE ROAD,34.78687,223
40028,PICKFORD LANE / LONG LANE,143.07397,228
40029,HYTHE AVENUE / CUMBERLAND DRIVE,27.9808,83
40030,WINCHELSEA AVENUE,39.81762,82
40031,THE PANTILES,41.57563,83
40032,THE PANTILES,64.24661,82
4004,CECIL AVENUE,171.44236,460
40046,SMITH CLOSE,78.64109,180
40047,BALDWYNS PARK / DARTFORD ROAD,22.76527,28
4005,CECIL AVENUE,304.07076,457
40050,OLD ROAD / PERRY STREET,11.35029,65
40051,CRAYFORD HIGH STREET,22.52685,66
40052,CRAYFORD HIGH STREET,7.6901899999999985,66
40053,EXETER WAY,22.98165,85
40054,EXETER WAY,22.80089,83
40057,DOWNTOWN ROAD,184.39069,95
40060,NEWTON TERRACE,199.2145,98
40062,BRIDGE ROAD / WHITEHALL LANE,25.99073,81
40064,HOWBURY LANE,20.20382,81
40065,THAMES ROAD,96.08812,80
40069,SURREY QUAYS SHOPPING CENTRE,528.7203,273
40070,SURREY QUAYS SHOPPING CENTRE,171.54268,146
40071,SURREY QUAYS SHOPPING CENTRE,715.93381,282
40072,YEOMAN STREET,30.19512,95
40073,YEOMAN STREET,96.98367999999999,92
40078,SHEPPARD DRIVE,18.31,74
40082,ELTHAM BUS STATION,0.0,232
40085,ELTHAM BUS STATION,440.07181,224
40086,FOREST ROAD / BRIDGE ROAD,27.46281,81
40087,FOREST ROAD / BRIDGE ROAD,30.33796,81
40089,CATFORD BRIDGE STATION,0.0,227
40090,THOMAS LANE,272.30818,230
40091,CANADIAN AVENUE / LEWISHAM TOWN HALL,556.65805,77
401,GREYHOUND ROAD,452.59183,408
40104,BROMLEY SOUTH STATION,2781.58972,491
40105,BROMLEY TOWN HALL,2697.17475,704
40106,BROMLEY TOWN HALL,9.855769999999998,588
40107,WEST STREET,1.87106,657
40118,HASTINGS ROAD / TRINITY CHURCH,27.38939,76
40119,OAKLEY ROAD / THE LIMES,12.442689999999999,76
40120,OAKLEY ROAD / THE LIMES,42.67539,76
40121,OAKLEY ROAD / THE KESTON MARK,28.3339,76
40122,WESTERHAM ROAD / THE KESTON MARK,104.84328000000001,119
40123,ROLINSDEN WAY,1.39071,123
40124,ROLINSDEN WAY,34.38033,117
40125,FISHPONDS ROAD,1.2244499999999998,122
40126,FISHPONDS ROAD,18.9594,116
40130,WESTERHAM ROAD / HEATHFIELD ROAD,1.9635099999999999,121
40131,KESTON CHURCH,5.629939999999999,182
40132,KESTON CHURCH,31.756529999999998,221
40133,BLACKNESS LANE,2.4200399999999993,183
40134,BLACKNESS LANE,22.571809999999996,189
40135,LEAVES GREEN / THE KINGS ARMS,11.658819999999999,191
40136,LEAVES GREEN / THE KINGS ARMS,3.826979999999999,184
40137,LEAVES GREEN / ASHMORE LANE,16.280829999999998,190
40139,BIGGIN HILL AIRPORT / PASSENGER TERMINAL,7.476959999999999,186
40140,BIGGIN HILL AIRPORT / PASSENGER TERMINAL,34.82568,190
40141,BIGGIN HILL MEMORIAL MUSEUM,39.70896,188
40142,HANBURY DRIVE,15.859929999999999,187
40143,MAIN ROAD / SALTBOX HILL,3.4372099999999994,238
40144,MAIN ROAD / SALTBOX HILL,44.3112,233
40145,MAIN ROAD / SUNNINGVALE AVENUE,118.57333,228
40146,MAIN ROAD / SUNNINGVALE AVENUE,32.14682,237
40147,BIGGIN HILL / BLACK HORSE,95.45063999999999,270
40148,BIGGIN HILL / BLACK HORSE,272.42394,252
40149,LEBANON GARDENS,87.03855,244
40150,MAPLE LEAF CLOSE,101.40559999999999,247
40151,VILLAGE GREEN WAY,17.884059999999998,78
40152,HAIG ROAD,16.00661,58
40153,APERFIELD ROAD,1.6862899999999998,60
40154,ST WINIFRED'S ROAD,10.46326,50
40155,APERFIELD INN,0.9827100000000001,61
40156,APERFIELD INN,11.85775,56
40157,WESTERHAM HILL BAPTIST CHURCH,0.2323799999999999,60
40158,WESTERHAM HEIGHTS,6.494479999999999,65
40159,WESTERHAM HEIGHTS,0.8754099999999999,60
40160,GRAHAM HALL COACHWORKS,1.5695799999999995,67
40161,GRAHAM HALL COACHWORKS,0.23113,60
40162,TATSFIELD PATH,2.9010399999999996,52
40163,MAIN ROAD / APERFIELD ROAD,16.19745,75
40164,VILLAGE GREEN WAY,5.639819999999999,60
40165,LEBANON GARDENS,160.9604,168
40166,NORHEADS LANE / STOCK HILL,2.8000999999999996,130
40167,KINGS ROAD RECREATION GROUND,1.0453999999999997,131
40168,BIGGIN HILL VALLEY,149.60025000000002,206
40169,STOCK HILL,111.7479,125
40170,WILMINGTON AVENUE,50.73494,78
40171,CRAVEN ROAD,34.72254,77
40172,LONG ACRE,43.47897,75
40173,SKEET HILL,98.78866,74
40174,BROW CRESCENT,119.30425,202
40175,RAMSDEN ROAD,73.64034,203
40176,QUILTER ROAD,136.22545,142
40178,ELDRED DRIVE,55.58668,69
40188,CHELSFIELD CENTRE,47.90378,72
40189,CHELSFIELD CENTRE,12.164639999999999,73
40190,HIGH BEECHES,25.94081,68
40191,HIGH BEECHES,4.77231,74
40192,WOODLANDS ROAD,32.67911,66
40193,WOODLANDS ROAD,3.12938,75
40196,SPUR ROAD,3.1463299999999994,69
40197,SPUR ROAD,13.1192,77
40198,COURT ROAD,73.93948,78
40199,COURT ROAD,1.4915999999999996,69
40201,THE HIGHWAY,6.6447,56
40202,THE HIGHWAY,0.4913899999999999,63
40207,LOWER ROAD,8.67729,115
40208,LOWER ROAD,31.589989999999997,128
40209,REYNOLDS CROSS / RED LION,24.560879999999997,118
40210,REYNOLDS CROSS / RED LION,53.98964,119
40211,THE TEMPLE,8.17687,119
40212,THE TEMPLE,78.53563,119
40213,FORGEFIELD COURT,21.286830000000002,58
40214,FORGEFIELD COURT,11.473279999999999,58
40223,SEVENOAKS ROAD / GREEN STREET GREEN,0.0,12
40224,SEVENOAKS ROAD / GREEN STREET GREEN,0.77842,10
40225,CHARMWOOD LANE,1.7655999999999998,11
40232,ORPINGTON / WALNUTS CENTRE,399.45351,502
40233,MEAD WAY / NORMAN PARK,33.27786,78
40234,BROMLEY HIGH STREET / THE MALL,2387.87916,489
40235,BROMLEY HIGH STREET / THE MALL,2417.75361,656
40236,HAMMELTON ROAD,135.76868,310
40237,MORGAN ROAD,128.28364,309
40238,DEN CLOSE,4.85478,100
40239,SEVENOAKS ROAD / ORPINGTON HOSPITAL,201.15548,219
40240,MARDEN AVENUE,56.45312,79
40241,MARDEN AVENUE,23.65917,78
40242,EASTWAY,21.62749,78
40243,EASTWAY,57.73572,79
40244,CHELSFIELD STATION,19.78746,72
40245,LADYWOOD AVENUE,9.061199999999998,135
40246,FORCE GREEN,0.1743099999999999,66
40247,FORCE GREEN,0.05865,62
40248,PILGRIMS WAY,0.7527599999999998,66
40249,PILGRIMS WAY,0.52596,62
40250,OLEANDER CLOSE,11.015649999999999,85
40251,OLEANDER CLOSE,7.42742,83
403,PORTLAND RISE ESTATE,759.58354,173
4074,FARNBOROUGH COMMON / P R U HOSPITAL,113.17837,84
4075,FARNBOROUGH HIGH STREET / CHURCH ROAD,63.51987,83
4083,FARNBOROUGH GREEN,66.50178,81
410,BELMONT STATION  / BRIGHTON ROAD,283.68086,77
41001,VILLAGE GREEN ROAD,135.56284,70
411,PUTNEY BRIDGE STATION,1861.90327,349
4127,BARNET HIGH STREET / BARNET CHURCH,1348.07417,247
415,KILBURN LANE,642.76448,250
416,TOMSWOOD HILL,114.87588,246
418,PENWITH ROAD,83.42491,77
419,PENWITH ROAD,356.77357,75
4208,STATION ROAD / THE GREEN,1099.98402,291
421,BRIXTON ACADEMY,1942.06177,425
4279,WALNUT TREE ROAD,137.7522,168
4282,GALE STREET / GORESBROOK LEISURE CENTRE,110.81255,155
4283,GALE STREET / GORESBROOK LEISURE CENTRE,162.34096,151
4284,BLAKE AVENUE,534.25741,156
4285,BLAKE AVENUE,173.51619,153
4289,STATION ROAD / THE GREEN,204.78673,547
429,CLAPHAM JUNCTION STATION,2007.75255,350
4292,CHINGFORD MOUNT,447.53744,90
4294,WHALEBONE LANE NORTH,114.91993,79
4295,WHALEBONE LANE NORTH,73.83986,79
4296,WALNUT TREE ROAD,211.41682,165
4298,JAPAN ROAD,681.23709,313
43,CHRISTCHURCH ROAD,1761.0288,909
43001,VERDANT LANE / SANDHURST ROAD,16.586949999999998,81
43002,VERDANT LANE / SANDHURST ROAD,35.34124,81
43003,PASTURE ROAD,58.03193,81
43004,SANDHURST ROAD / ST ANDREWS CHURCH,112.17686,156
43005,MINARD ROAD,50.92698,156
43006,SANDHURST ROAD / VERDANT LANE,196.74044,157
43007,SANDHURST ROAD / VERDANT LANE,90.34913999999999,156
43008,MINARD ROAD,129.67449,157
43011,ALBEMARLE ROAD,69.3783,78
43015,PENGE EAST STATION,306.55611,164
4303,COOK ROAD,45.67975,151
431,CLAPHAM JUNCTION STN  / THE FALCON,478.69936,221
4318,ALDBOROUGH ROAD SOUTH,330.82063,221
4319,OAKS LANE,206.12975,225
432,TOMSWOOD HILL,54.76471,243
4321,GANTS HILL STATION,107.98428,168
4322,ALDBOROUGH ROAD NORTH,155.41072,224
4323,THE DRIVE,104.76463,103
4325,HORNS ROAD,414.40788,227
4326,BARLEY LANE,334.17262,152
4328,SOUTH VIEW CRESCENT,57.797529999999995,225
4329,ASHURST DRIVE,67.75707,227
4331,SOUTH PARK DRIVE,395.2881,251
434,MITCHAM ROAD / TOOTING STATION,1320.5055,493
4346,MAWNEY ROAD,316.83765,155
4347,MAWNEY ROAD,78.28458,152
4348,LINKS AVENUE,68.09206,171
435,TOOTING STATION,811.80216,504
4350,CEDAR ROAD,524.22121,575
4358,EMPRESS AVENUE,21.842789999999997,171
4359,ST ALBANS ROAD,131.40329,170
436,HERNE HILL STATION,538.65927,422
4363,WOODFORD GREEN / BROADMEAD ROAD,354.53033,246
437,HERNE HILL STATION,1006.94578,345
4380,BISHOPSFORD ROAD / ROSE HILL ROUNDABOUT,259.57096,170
4383,WHYTELEAFE & UPPER WARLINGHAM STNS,98.80214,124
4384,WHYTELEAFE & UPPER WARLINGHAM STNS,129.12453,127
4385,SMITHAM DOWNS ROAD,162.12763,323
4388,WINDERMERE ROAD,17.63825,78
4390,WINDERMERE ROAD,66.89666,78
4391,PURLEY TESCO,270.83903,391
4392,WOODPLACE LANE,13.546029999999998,72
4395,WOODPLACE LANE,50.39013,73
4396,PURLEY / DOWNLANDS PRECINCT,1527.31829,326
4397,COULSDON COURT ROAD,5.490309999999999,125
4399,WOODFIELD HILL,34.9346,73
4400,WOODFIELD HILL,4.093719999999999,72
44002,DARWIN ROAD,10.39113,72
44003,DARWIN ROAD,10.40566,75
44004,CAMBRIDGE AVENUE,2.563659999999999,71
44005,YORKLAND AVENUE,48.441629999999996,75
44006,ELTHAM HIGH STREET / FOOTS CRAY ROAD,0.0,75
44007,BLACKHEATH / ROYAL STANDARD,1226.41335,587
44009,MIDDLE PARK AVENUE / COURT ROAD,43.58128,81
4401,PURLEY STATION  / PURLEY HIGH STREET,1006.13177,530
44010,MIDDLE PARK AVENUE / COURT ROAD,5.999899999999999,79
44011,ELTHAM GARDENS,14.605709999999998,81
44012,ELTHAM GARDENS,4.22099,79
44013,THE VISTA,39.15826,81
44014,THE VISTA,32.08276,79
44015,NEWMARKET GREEN,188.73431,79
44016,OAKLANDS AVENUE,52.34287,85
44017,OAKLANDS AVENUE,24.70654,80
4402,THE KENLEY HOTEL / KENLEY STATION,44.84051,80
44020,ROCHESTER WAY / KIDBROOKE WAY,32.01854,157
44021,KIDBROOKE WAY,81.31573999999999,155
44022,BOWATER PLACE,13.84517,75
44023,BOWATER PLACE,40.85817,76
44025,STRATHEDEN ROAD,187.33128,75
44026,RODMERE STREET,12.084219999999998,74
44027,GUNNER LANE,52.197359999999996,396
44029,CAMPFIELD ROAD,60.05806,77
4403,THE KENLEY HOTEL / KENLEY STATION,249.2954,80
44030,CAMPFIELD ROAD,42.39076,77
4404,COULSDON TOWN STATION,708.67187,353
4405,OLD BARN LANE,116.81304,80
4406,OLD BARN LANE,17.64765,80
4407,ST JAMES ROAD,106.85143,80
4408,ST JAMES ROAD,21.08944,80
4409,SANDERSTEAD METHODIST CHURCH,107.75906,75
441,WAKEMAN ROAD,366.72959,247
4410,HILTON WAY,145.57869,77
4411,HILTON WAY,18.4235,77
4412,SANDERSTEAD STATION,166.09727,78
4413,SANDERSTEAD / ALL SAINTS CHURCH,101.87950000000001,76
4415,RUSKIN PARADE / SOUTH CROYDON STATION,328.00088,215
4417,SUMNER ROAD,1171.51051,522
4418,SUMNER ROAD,553.62879,507
4419,LONDON ROAD / GALPINS ROAD,700.72307,174
442,BANISTER ROAD,264.15658,247
4420,WEST CROYDON STATION,170.09757,343
4423,SANDERSTEAD ROAD,160.11191,325
4425,NORBURY STATION,852.5516,253
443,PUTNEY ARTS THEATRE,515.67966,178
445,PECKHAM LIBRARY,3044.06543,349
4451,GREEN LANE,126.44087,74
4457,HENLYS ROUNDABOUT,335.56197,273
446,PECKHAM LIBRARY,382.04572,349
44624,STRATHEDEN ROAD,46.17517,76
447,MALT STREET,2495.98985,447
4471,ESHER ROAD,74.53341,63
4473,DENNIS ROAD,87.13355,61
4474,DENNIS ROAD,5.0087,61
4477,WOODBINES AVENUE,5.69965,55
4479,MANOR GATE ROAD,137.91339,362
448,MALT STREET,1014.126,449
4480,SURBITON ROAD / PENRHYN ROAD,358.26909,526
4483,TIFFIN GIRLS SCHOOL,236.37223,96
4486,SURBITON CRESCENT,343.36779,384
4489,SOUTH LANE,17.05632,77
449,ORCHARD STREET / SELFRIDGES,3444.70166,447
4490,PETERBOROUGH ROAD,96.22571,96
4491,PETERBOROUGH ROAD,113.18474,100
4493,SHANNON CORNER / BEVERLEY WAY,62.94196,195
4495,COLLIERS WOOD STATION,611.73852,268
45,BIRCH GREEN,78.53578,131
450,PORTMAN STREET / SELFRIDGES,511.65491,270
4500,HAM COMMON,53.67086,95
4501,HAM PARADE,345.40295000000003,98
4503,SANDY LANE,225.26226,92
4505,MANOR ROAD / NORTH SHEEN STATION,503.32884,254
4506,ETON STREET,2073.89233,334
4507,HIGHFIELD ROAD / OAKDENE DRIVE,23.5377,74
4508,OAKDENE DRIVE / HIGHFIELD ROAD,8.04411,77
451,VASSALL ROAD,849.46054,463
4510,TOLWORTH TOWER / TOLWORTH STATION,43.49097,151
4513,HOLLYFIELD ROAD,286.27125,231
4514,HOLLYFIELD ROAD,44.63518,233
4515,SOUTHBOROUGH HIGH SCHOOL,539.64626,213
4516,SOUTHBOROUGH HIGH SCHOOL,265.26632,214
4517,THE NORTH STAR,159.57051,232
4518,THE NORTH STAR,44.85979,232
452,VASSALL ROAD,797.0752,469
4520,CHESSINGTON WORLD OF ADVENTURES,9.57166,55
4521,RUSHETT LANE,39.94313,64
4522,RUSHETT LANE,9.946159999999999,60
4523,ELLINGHAM ROAD,120.06406,134
4524,ELLINGHAM ROAD,25.362759999999998,137
4529,BELMONT STATION  / BRIGHTON ROAD,0.0,78
4530,ROSE HILL / ROSE HILL ROUNDABOUT,901.57,342
4533,CRANLEIGH GARDENS,433.36866,338
4538,BURY STREET,275.31183,159
4539,BURY STREET,223.2113,158
4541,BAIRD ROAD,861.35054,449
4543,LOVE LANE,961.99307,222
4545,HOUNSLOW ROAD,389.42182,153
4546,STATION ROAD,509.83053,149
4547,STATION ROAD,260.11239,144
455,HOLBORN STATION,542.46022,325
4550,PINNER CEMETERY,33.40291,82
4551,PINNER CEMETERY,115.54928,79
4554,FRAMPTON ROAD,844.86747,379
4557,EAGLE LANE,84.11136,138
4558,HENLYS ROUNDABOUT,404.91711,275
4565,BARRACK ROAD,284.23315,221
4568,TWICKENHAM RD / WEST MIDDLESEX HOSPITAL,509.09941,148
4570,HALLOWELL ROAD,200.60614,149
4571,HOLY TRINITY SCHOOL,206.37404,223
4573,THE AVENUE,71.25189,223
4575,ALEXANDRA AVENUE,1064.9366,178
4576,SOUTHALL BROADWAY / ST GEORGES AVENUE,461.29816999999997,178
4578,IRON BRIDGE,812.26327,258
4579,WORPLE ROAD,27.183,139
4580,WORPLE ROAD,109.15621,134
4583,SUNBURY CROSS,290.02221000000003,136
4584,SUNBURY CROSS,288.35209000000003,134
4586,WINDMILL ROAD,96.57814,143
4588,CHERTSEY ROAD,33.11728,72
459,CEDARS ROAD,562.52814,248
4590,HIGH ROAD WEMBLEY,498.73394,415
4592,NORTH WEMBLEY STATION,710.47105,159
460,CEDARS ROAD,565.73122,253
46008,EARLSTHORPE ROAD,160.0114,86
46009,EARLSTHORPE ROAD,58.18268,85
4601,EAST SHEEN,442.60461,246
46010,BURGHILL ROAD,73.1564,86
46011,BURGHILL ROAD,56.07177,87
46012,DACRES ROAD,229.70153,86
46013,DACRES ROAD,125.45588,87
46014,INGLEMERE ROAD,101.76604,86
46015,INGLEMERE ROAD,86.8783,87
46016,CHURCHLEY ROAD,238.49381,156
46017,CHURCHLEY ROAD,123.542,154
46018,COOMBE ROAD,96.85573,154
46019,COOMBE ROAD,249.38017,154
4602,EAST SHEEN,476.48189,255
46020,SYDENHAM HILL ESTATE,20.84192,154
46021,SYDENHAM HILL ESTATE,102.01142,153
46022,CANBURY MEWS,2.23845,154
46023,CANBURY MEWS,40.58151,152
4603,PRIESTS BRIDGE,271.9547,248
4606,BARNES / RED LION,416.40659,272
4607,CHURCH ROAD / RED LION,499.5663,257
4608,LONSDALE ROAD,261.24584,280
4609,LONSDALE ROAD,1024.09246,428
461,ZSL LONDON ZOO,200.78495,80
4610,BRICKLAYER'S ARMS / TOWER BRIDGE ROAD,560.84386,265
4611,OLD FORD ROAD,486.34356,340
4612,BETHNAL GREEN STATION,1543.5141,181
4613,BETHNAL GREEN STATION,1764.48227,509
4614,BARNET GROVE,589.3449,180
4615,BETHNAL GREEN STATION,699.66887,263
4616,GLOBE ROAD,192.38111,184
462,ALBERT TERRACE / LONDON ZOO,145.65762,79
4622,TRAFALGAR AVENUE,1565.83115,448
4627,DEPTFORD BRIDGE STATION,1700.58139,299
4629,LEWISHAM COLLEGE,894.7402,372
4631,MARQUIS OF GRANBY,958.21572,359
4637,HALF ACRE ROAD,559.18971,354
4639,EALING COMMON STATION,1273.96381,201
464,LEIGHAM COURT ROAD,678.05106,363
4643,HIGH STREET NORTH,919.38159,353
4644,HIGH STREET NORTH,1020.05783,278
4645,LITTLE ILFORD LANE,1036.59493,431
4647,FORTIS GREEN,62.22493,96
4651,FAIRLAWN AVENUE,450.61647,200
4653,HIGH ROAD WHETSTONE / ATHENAEUM ROAD,929.38668,328
4655,BOTHWELL STREET,844.87605,498
466,BECMEAD AVENUE,888.05879,366
4662,SHOOTERS HILL ROAD / ACADEMY ROAD,474.38394,348
4663,WEYMAN ROAD,404.51127,251
4664,WEYMAN ROAD,432.92051000000004,252
4670,MIDDLETON ROAD,495.28012,292
4678,GOLDHAWK ROAD / YOUNG'S CORNER,0.43878999999999957,81
468,ST LEONARD'S CHURCH,2940.17451,853
4682,LATYMER COURT,75.80748,269
4683,SCRUBS LANE,249.52697,100
4684,SCRUBS LANE,333.69151,99
469,TOOTING BEC STATION,266.18233,157
4690,NORTH CIRCULAR ROAD,435.37561,266
4691,FARNSWORTH DRIVE,80.06077,83
4692,NORTH CIRCULAR ROAD,212.55283,256
4694,STATION ROAD,273.55204,174
4695,FARNSWORTH DRIVE,176.50050000000002,82
470,TOOTING BEC STATION,456.39353,157
47001,EAST STREET,1735.45702,493
4705,CHILDS HILL / CRICKLEWOOD LANE,124.67486,268
4709,HIGHGATE WOOD,7.104539999999999,99
4710,MUSWELL HILL ROAD,26.11816,98
4711,ALEXANDRA GROVE,217.01414,378
4714,BRECKNOCK ROAD,640.66796,213
4715,NEWINGTON GREEN ROAD / BALLS POND ROAD,285.40865,272
4716,ANGEL STATION,5034.37158,475
4717,TUFNELL PARK STATION,517.69672,200
4720,CAMDEN ROAD,109.63034999999999,173
4725,BRIXTON WATER LANE,710.00336,720
4726,LOUGHBOROUGH ROAD,950.1131,469
4727,LOUGHBOROUGH ROAD,1139.15966,470
4729,STOCKWELL STATION,865.60446,191
4730,ST MARK'S CHURCH,1239.06755,292
4734,OVAL STATION,2117.81765,272
4736,KENNINGTON PARK POST OFFICE,388.52371,288
4738,BROCKWELL PARK GARDENS,77.46034,329
474,STREATHAM COMMON / GREYHOUND LANE,563.35053,422
4741,LOWER MARSH,1005.66596,519
4742,LOWER MARSH,2088.97167,609
4744,COUNTY HALL,347.52961,505
4745,COUNTY HALL,607.78188,255
4747,ASHGROVE ROAD,187.53031000000001,174
4748,ASHGROVE ROAD,181.23792,169
4749,GREEN MAN COMMUNITY HUB,235.71677,343
4750,LEE VALLEY ICE CENTRE,171.99175,202
4752,LEWISHAM PARK,516.05593,621
4759,HIGH ROAD LEYTON / BAKERS ARMS,1377.85478,201
476,ROBSON ROAD / NORWOOD ROAD,5.948239999999999,77
4760,MARKHOUSE ROAD,1219.37574,200
4761,LEYTONSTONE HIGH ROAD / THATCHED HOUSE,307.27112,184
477,SOUTHAMPTON ROW / THEOBALD'S ROAD,739.39665,271
4770,BANK STATION  / QUEEN VICTORIA STREET,8.92658,18
4773,EDGWARE ROAD,209.43141,100
4774,EDGWARE ROAD,893.75325,176
4775,WESTMINSTER REGISTRATION OFFICE,438.31894,273
478,ROBSON ROAD / NORWOOD ROAD,191.43199,75
4783,PENGE / PAWLEYNE ARMS,1278.61696,443
4789,BAKER STREET STATION,582.50343,363
4790,ALBANY STREET,216.71208000000001,96
4796,EUSTON ROAD,55.74587,96
4797,EDGWARE ROAD / PRAED STREET,1441.01376,292
4798,ST JOHN'S WOOD ROAD,295.71797,196
48,SHIRLAND ROAD,220.5963,272
480,THURLOW PARK ROAD,52.191849999999995,155
4803,MARBLE ARCH STATION,1551.56411,422
4804,LORD'S CRICKET GROUND,193.77084,186
4805,MORNINGTON CRESCENT STATION,44.13419,96
4807,HEATHCOTE STREET,226.29484,158
4813,PRINCE ALBERT ROAD / LONDON ZOO,23.74982,96
4816,SHOREDITCH HIGH STREET STATION,373.58568,288
4824,NEW ROAD,1152.66888,285
4825,REGENTS CANAL,405.09812,272
4826,MILE END STATION,837.85378,200
4828,STEPNEY GREEN STATION,569.23716,200
4829,TOWER HILL / TOWER GATEWAY STATION,889.21487,336
4832,MANOR HOUSE STATION,884.17149,277
4833,MANOR HOUSE STATION,2156.0608,173
4836,RIO CINEMA,905.08424,439
4837,TOOTING BROADWAY STATION,1137.51293,400
4838,HARRINGAY GREEN LANES STATION,1804.40523,272
4839,HARRINGAY GREEN LANES STATION,1416.11438,277
484,MORVAL ROAD,422.77130999999997,529
4840,LORDSHIP LANE,1073.78917,355
4842,STONEBRIDGE RD / SEVEN SISTERS STN,802.33729,180
4844,HOE STREET / THE BELL,393.3272,171
485,FLORENCE ROAD,1320.19087,382
4857,PARK HILL,651.4577,362
4858,PUTNEY STATION,543.63382,173
4859,MITCHAM LANE / SOUTHCROFT ROAD,104.88834,148
486,DEPTFORD HIGH STREET,553.55053,380
4860,MITCHAM LANE / SOUTHCROFT ROAD,420.97566,254
4861,PUTNEY ARTS THEATRE,109.48331,166
4864,PUTNEY STATION,707.92212,512
4865,BECMEAD AVENUE,1784.76487,436
4866,QUEEN MARY'S HOSPITAL,517.41314,260
4867,QUEEN MARY'S HOSPITAL,371.65019,266
4868,STREATHAM COMMON / GREYHOUND LANE,449.13237,422
4869,BALHAM STATION,347.89007,253
4870,TOOTING BEC STATION,945.68132,247
4871,BALHAM STATION,1678.78804,328
4872,TOOTING BEC STATION,653.0947600000001,251
4875,BOW FLYOVER,318.71605,478
4876,WOODGRANGE ROAD,1860.82228,519
4880,LITTLE COMMON,29.9365,81
4891,BALAAM STREET,793.88519,341
4892,BALAAM STREET,1196.02099,424
4893,PLAISTOW / PRINCE REGENT LANE,1448.20316,339
4894,WATER LANE / UNIVERSITY OF EAST LONDON,405.80689,348
4896,WATER LANE / UNIVERSITY OF EAST LONDON,1027.59581,279
4897,WARTON ROAD,579.08889,462
490,FRIENDLY STREET,239.28465,175
4900,HYDE PARK CORNER,1893.15294,1128
4906,HYDE PARK CORNER STATION,1152.11347,280
4909,BRONDESBURY STATION,1366.5027,333
4910,BUCKLEY ROAD,702.46123,332
4911,KILBURN STATION,2770.39912,335
4912,SKARDU ROAD,324.79316,342
4913,CRICKLEWOOD BROADWAY / THE CROWN,387.1913,252
4916,MINSTER ROAD,334.30266,338
4917,ST CUTHBERT'S ROAD,179.89704,340
4918,KILBURN STATION,817.83303,341
4919,BUCKLEY ROAD,511.77986,342
4920,BRONDESBURY ROAD,791.5634,179
4925,FOOTSCRAY ROAD / SOUTHWOOD ROAD,100.59073,173
4928,EASTCOTE ROAD,79.12455,185
4945,TOTTENHALL ROAD,1072.87825,344
4946,NORTH CIRCULAR ROAD,218.05072,177
50,CHIPPENHAM ROAD,202.88542,174
500,VAUXHALL CROSS,80.41617,245
501,VAUXHALL CROSS,278.3728,244
509,STOCKWELL GARDENS,339.45884,256
51,CHIPPENHAM ROAD,613.57712,164
517,ST MARK'S CHURCH,1164.58832,462
5176,RYDAL DRIVE,106.11961,170
5178,HARWOODS GARAGE,11.094209999999999,72
51781,LIVAT HAMMERSMITH SHOPPING CENTRE,3005.61562,592
5179,HARWOODS GARAGE,3.748819999999999,72
520,OVAL STATION,777.46189,276
523,LAMBETH NORTH STATION,307.53484,406
526,ARCHWAY STATION,611.2868,212
529,ARCHWAY ROAD / ST JOHN'S WAY,1193.83272,181
53,CLAPTON STATION,737.09833,260
530,ARCHWAY ROAD,67.26136,180
531,KENNINGTON PARK,886.93058,272
532,KENNINGTON PARK,424.62175,273
5333,CRANLEIGH GARDENS,82.30868,75
534,STOCKWELL GARDENS,1799.03712,347
536,ELGIN AVENUE / MAIDA VALE STATION,365.38221,197
538,BLACKFRIARS STATION / NORTH ENTRANCE,168.57321,199
539,LOUGHBOROUGH JUNCTION STATION,465.05198,275
54,CLAPTON STATION,940.39939,261
540,LOUGHBOROUGH JUNCTION STATION,780.36458,356
541,PECKHAM ROAD / SOUTHAMPTON WAY,580.07886,505
542,PECKHAM ROAD / SOUTHAMPTON WAY,1981.30117,667
544,WARREN STREET STN / TOTTENHAM COURT RD,2881.1213,352
548,CLAPHAM NORTH & HIGH STREET STNS,347.20109,442
549,CLAPHAM NORTH & HIGH STREET STNS,212.23426,96
55,HARROW ROAD,205.35788,264
553,WELLINGTON ROAD SOUTH,707.52905,377
5534,CAMBRIDGE GARDENS,261.10449,158
5535,CARTERHATCH LANE,163.82347000000001,154
5536,CARTERHATCH LANE,166.50366,160
5537,HOE LANE,406.32859,159
5538,HOE LANE,99.19995,151
5539,ENFIELD CREMATORIUM,27.17684,149
5540,ENFIELD CREMATORIUM,77.85485,158
5541,MANOR COURT,55.03026,149
5542,MANOR COURT,117.68391,154
5543,LANGDALE GARDENS,10.948469999999999,150
5544,LANGDALE GARDENS,81.60043,183
5545,BULLSMOOR LANE / HERTFORD ROAD,4.10516,150
5546,BULLSMOOR LANE / HERTFORD ROAD,273.88751,181
555,CLARENDON ROAD,58.09932,136
557,NENE ROAD,1157.3383,643
559,ARNHEM WHARF PRIMARY SCHOOL,216.71385,279
56,EDGWARE ROAD STATION,1434.08346,282
565,BRENT CROSS STATION,168.85562,158
573,THE DYSART,156.69663,170
575,COULSDON LIBRARY,427.9008,333
578,THE DYSART,83.58454,172
58,SUSSEX GARDENS,835.05405,194
585,LINDSAY ROAD,61.67744,166
5861,FERRO ROAD,31.51334,68
5863,EASTWOOD DRIVE,12.8338,69
5868,WENNINGTON GREEN,15.31916,70
587,CHEQUERS LANE / MERRIELANDS RETAIL PARK,614.66044,154
588,MANOR ROAD NORTH / ACRE LANE,49.04515,78
5885,DALE VIEW,48.539249999999996,155
5886,DALE VIEW,97.13997,154
589,MANOR ROAD / ACRE LANE,157.46829,77
590,HACKBRIDGE CORNER / HACKBRIDGE STATION,193.24456,77
595,WEMBLEY STADIUM STATION,1149.56517,480
596,HUGUENOT PLACE / ALMA ROAD,489.16374,519
597,EAST HILL / ALMA ROAD,1208.71719,505
5974,CULLODEN ROAD,16.38728,72
5975,CULLODEN ROAD,47.77652,74
5976,DRAPERS ROAD,20.32489,74
5977,DRAPERS ROAD,86.10979,72
5978,ROUNDHEDGE WAY,4.514329999999999,73
5979,ROUNDHEDGE WAY,30.06353,70
5980,BOTANY BAY / THE ROBIN HOOD,0.8552,74
5981,BOTANY BAY / THE ROBIN HOOD,7.327329999999999,68
5982,WINDRUSH,0.9749899999999997,74
5983,WINDRUSH,4.13322,68
5984,ST JOHN'S SENIOR SCHOOL,11.51865,74
5985,ST JOHN'S SENIOR SCHOOL,18.88759,68
5986,NEW COTTAGE FARM,0.36585,75
5987,NEW COTTAGE FARM,1.7577699999999998,68
60001,CHASTILIAN ROAD / NORTH ROAD,3.18938,66
60002,NORTH ROAD,6.657769999999999,63
60003,SEATON ROAD,14.71975,67
60004,SEATON ROAD,17.12716,62
60005,PRINCES ROAD,11.99171,63
60006,PRINCES ROAD,5.534009999999999,67
6001,NORTH CRAY ROAD / VICARAGE ROAD,11.12103,145
6002,PARSONAGE LANE / NORTH CRAY CHURCH,18.08604,65
6007,NORTH ACTON STATION,1086.38796,318
6008,NORTH ACTON STATION,91.42052,90
6009,WALES FARM ROAD,27.268919999999998,87
6010,SCHOOL ROAD,5.256309999999999,77
6012,CHANDOS ROAD,15.007719999999999,90
6013,CHANDOS ROAD,78.47175,87
6014,SHAFTESBURY GARDENS,34.26722,89
6015,SHAFTESBURY GARDENS,68.97442,88
6016,OLD OAK COMMON LANE,172.0511,89
6017,OLD OAK LANE / ATLAS ROAD,199.05693,169
6018,WEBB PLACE,218.36334,164
6019,WEBB PLACE,54.07892,167
602,KENNINGTON ROAD,656.00253,360
6020,WILLESDEN JUNCTION STATION,182.53106,169
6021,WILLESDEN JUNCTION STATION,159.85906,165
6024,ST MARY'S ROAD,1092.12709,269
6025,DIXON WAY,170.35138,174
6026,DIXON WAY,354.89453,176
6029,WILLESDEN MAGISTRATES COURT,1026.77985,270
603,KENNINGTON ROAD,544.36981,366
6030,BEACONSFIELD ROAD,596.42962,270
6031,BEACONSFIELD ROAD,128.12434,257
6038,MELROSE AVENUE,152.46843,245
604,KENNINGTON STATION,370.12208,360
6044,CRICKLEWOOD BUS GARAGE,451.68794,422
6045,HUMBER ROAD,325.30325,270
6046,HUMBER ROAD,119.56716,191
6047,SUTHERLAND HOUSE,43.99675,180
6048,PRIESTLEY WAY,257.43145,177
605,KENNINGTON STATION,548.37863,366
6051,WEST HENDON BROADWAY / HERBERT ROAD,846.24069,376
6052,WEST HENDON BROADWAY / HERBERT ROAD,459.05471,368
6056,HENDON MAGISTRATES COURT,1206.30603,371
6059,ANNESLEY AVENUE,860.1379900000001,251
606,MANOR HOUSE STATION  / WOODBERRY GROVE,2134.93386,281
6060,THE GREENWAY,736.62367,252
6061,CARLISLE ROAD,233.22858,252
6062,CARLISLE ROAD,312.29589,251
6063,MONTROSE AVENUE / UNITAS YOUTH ZONE,145.96692,253
6064,MONTROSE AVENUE / UNITAS YOUTH ZONE,143.6625,251
607,MANOR HOUSE STATION,680.75239,173
6070,DEANSBROOK ROAD,306.41993,577
6071,WHITCHURCH LANE,1631.10593,578
6073,CLAREMONT ROAD,315.08865000000003,230
6074,CLAREMONT ROAD,370.04079,236
6077,DERSINGHAM ROAD,202.96497,231
6078,DERSINGHAM ROAD,211.28225,236
6079,LYNDALE AVENUE,258.05721,232
608,TATE LIBRARY,394.42344,187
6080,LYNDALE AVENUE,192.19232,236
6081,LLANVANOR ROAD,284.47915,495
6082,LLANVANOR ROAD,457.8585,504
6083,DUNSTAN ROAD,208.8937,496
6084,DUNSTAN ROAD,68.14381999999999,504
6085,GOLDERS GREEN / FINCHLEY ROAD,3951.60027,496
609,TATE LIBRARY,387.16433,193
6090,CLIFTON GARDENS,450.7917,263
6091,CLIFTON GARDENS,252.10798,258
6092,CHILDS WAY,720.86592,262
6095,CHILDS WAY,281.96341,260
6096,HENLYS CORNER,154.86758,168
6097,ALLANDALE AVENUE,210.05886,165
6098,ALLANDALE AVENUE,88.84736,168
6099,MOUNTFIELD ROAD,290.12969,165
610,THIRD AVENUE,607.87231,257
6100,MOUNTFIELD ROAD,119.77541000000001,169
6108,VICTORIA PARK,307.83481,263
6109,VICTORIA PARK,139.22897,272
611,SECOND AVENUE,347.53667,258
6112,GRANVILLE ROAD,301.86749,265
6113,GRANVILLE ROAD,89.40844,272
6114,CHRISTCHURCH AVENUE,356.08739,269
6117,WOODBERRY GROVE,413.8677,350
6119,SUNBEAM ROAD,28.90764,74
6120,SUNBEAM ROAD,4.36557,69
6121,CUNARD ROAD,63.10293,74
6125,WAXLOW ROAD,93.91547,471
6127,HARLESDEN STATION,959.33763,471
6129,FAIRLIGHT AVENUE,183.49964,478
6130,FAIRLIGHT AVENUE,222.7797,468
6131,VICTORIA ROAD,294.04304,158
6132,GORST ROAD,181.98052,157
6133,GORST ROAD,107.64672,158
6136,ACTON LANE,719.24978,231
6137,BARRETTS GREEN ROAD,171.86914,473
6138,BARRETTS GREEN ROAD,322.87492,464
6144,DALLING ROAD,221.37676,341
6146,RAVENSCOURT PARK STATION,1.2941499999999997,341
6148,RAVENSCOURT PARK,282.43059,341
6149,RAVENSCOURT PARK,199.30402,350
6153,CHISWICK LANE,430.81419,353
6157,CHISWICK ROAD,143.02833,338
6158,THORNEY HEDGE ROAD,519.78309,405
6159,POWER ROAD,325.65862,337
616,MOUNT PLEASANT,459.2145,212
6163,LONDON MUSEUM OF WATER AND STEAM,234.90717,273
6164,THE MUSICAL MUSEUM,4.358389999999999,273
6167,THE MUSICAL MUSEUM,266.86348,273
6168,WATERMANS CENTRE,567.89341,271
6169,WATERMANS CENTRE,805.92416,273
617,ROSEBERY AVENUE / MOUNT PLEASANT,2.1118099999999997,185
6170,GOAT WHARF,546.84322,256
6173,BRENTFORD COUNTY COURT,328.10729,336
6174,BRENTFORD COUNTY COURT,271.29428,257
6175,MARKET PLACE,2036.22416,425
6176,MARKET PLACE,1152.25355,427
6179,BRENT LEA,489.54919,337
618,ROSEBERY AVENUE / MOUNT PLEASANT,495.05962,100
6180,BRENT LEA,695.42411,344
6181,BEECH AVENUE,167.58521,338
6183,SYON LANE,214.1661,337
6184,SYON LANE,212.63272,345
6187,BUSCH CORNER,617.94838,409
6188,BUSCH CORNER,658.58626,411
6189,THE GREEN SCHOOL,197.63094,261
619,TELFORD AVENUE,0.0,80
6190,THE GREEN SCHOOL,341.25577,271
6191,TURNPIKE WAY,204.76156,262
6192,TURNPIKE WAY,361.79665,272
6193,WOOD LANE,176.89612,262
6194,WOOD LANE,335.69158,272
6195,LINKFIELD ROAD,78.25721,262
6196,LINKFIELD ROAD,165.52042,272
6197,ISLEWORTH STATION,631.45453,262
6200,WEST THAMES COLLEGE,719.10969,415
6201,WEST THAMES COLLEGE,1222.05539,421
6202,THORNBURY ROAD,174.95363,414
6205,BRIDGE ROAD,415.29368,410
6206,BRIDGE ROAD,219.27049,499
621,MARBLE ARCH STATION  / EDGWARE ROAD,1217.89718,495
6210,HIBERNIA ROAD,625.88802,378
6211,HIBERNIA ROAD,707.68127,380
6212,ST STEPHEN'S AVENUE,398.77551,173
6213,ST STEPHENS AVENUE,187.90655,177
6214,CATHNOR ROAD,445.53379,175
6217,CATHNOR ROAD,187.52725,177
6218,ASKEW ROAD,235.46727,177
622,NEPTUNE STREET / ST OLAVES ESTATE,302.74279,277
6220,RAVENSCOURT GARDENS,50.7405,82
6221,RAVENSCOURT GARDENS,42.7023,81
6229,TUNSTOCK WAY,24.93373,78
6230,TUNSTOCK WAY,48.0755,80
6231,KINGSWOOD AVENUE,74.06554,78
6232,KINGSWOOD AVENUE,92.86887,80
6233,ST AUGUSTINE'S ROAD,75.09458,78
6234,ST AUGUSTINE'S ROAD,142.72253,80
6235,GILBERT ROAD,129.61176,80
6236,GILBERT ROAD,104.78831,78
6238,LOWER ROAD / BELVEDERE STATION,663.78038,232
6239,HALT ROBIN LANE,59.85471,159
6240,HALT ROBIN LANE,46.31093,161
6241,POPLAR MOUNT,86.28286,161
6242,POPLAR MOUNT,105.5309,159
6243,MAYFIELD ROAD,148.73697,158
6244,MAYFIELD ROAD,277.6239,161
6247,LOWER ROAD / CHURCH MANORWAY,84.30468,239
6248,ST FRANCIS ROAD,206.02376,241
6249,ST FRANCIS ROAD,227.34687,239
6251,WINIFRED ROAD / THE SHIP,168.56636,239
6252,MAXIM ROAD / THE SHIP,294.67258,241
6254,ERITH STATION  / WEST STREET,69.58894,319
6255,WALNUT TREE ROAD,248.24841,321
6257,FRASER ROAD,19.228559999999998,80
626,BROOKE ROAD,583.25779,361
6260,LESNEY PARK,72.83845,78
6261,LESNEY PARK,21.30316,80
6264,CARLTON ROAD,163.4751,80
6265,CARLTON ROAD,210.12157,78
6266,NORTHUMBERLAND PARK,303.61125,78
6268,BROOK STREET,500.42043,171
6271,RYDAL DRIVE,37.57365,177
6272,BARNEHURST STATION,173.43115,171
6273,BARNEHURST STATION,265.15395,177
6274,LYNDHURST ROAD,35.50528,171
6275,LYNDHURST ROAD,19.128249999999998,177
6276,LONG LANE,21.80803,171
6277,BEXLEYHEATH BUS GARAGE,101.44122,177
6279,FORESTERS CRESCENT,136.32404,460
6286,TRINITY PLACE,858.86686,718
6287,TRINITY PLACE,1377.88558,636
6290,LION ROAD,489.15965,702
6294,UPTON ROAD,810.8762399999999,702
6295,UPTON ROAD,365.25489,710
6301,BETHEL ROAD,212.25612999999998,336
6302,BETHEL ROAD,185.35996,345
6303,"GUY, EARL OF WARWICK",274.72546,337
6307,UPPER WICKHAM LANE / COTON ROAD,126.97794,156
6308,UPPER WICKHAM LANE / COTON ROAD,711.66014,155
6309,UPPER WICKHAM LANE / BURNELL AVENUE,54.351839999999996,156
6310,UPPER WICKHAM LANE / BURNELL AVENUE,167.20367,155
6313,SOMERHILL ROAD,60.15108,154
6314,EAST ROAD,115.03049,156
6315,LOWER ROAD / BELVEDERE STATION,417.63076,228
6316,LOVEL AVENUE,185.00202000000002,82
6317,UPPER WICKHAM LANE / WICKHAM STREET,122.4598,81
6318,UPPER WICKHAM LANE / WICKHAM STREET,210.17711,82
6319,FORESTERS ARMS,161.44453,164
6320,PLUMSTEAD CEMETERY,164.24919,165
6323,BEXLEYHEATH / HIGHLAND ROAD,348.14257,400
6324,BEXLEYHEATH / HIGHLAND ROAD,637.0902,396
6326,WATLING STREET / CIVIC OFFICES,131.38079,82
6327,CIVIC CENTRE,83.50842,81
6328,PARK GROVE,50.42944,82
6329,PARK GROVE,79.48849,80
633,UPTON PARK / BOLEYN,538.1239,316
6330,OLD ROAD,132.32337,81
6334,BEXLEY LANE,23.99338,82
6335,CEMETERY ROAD,94.73926,165
6336,LITTLEDALE,201.76001,165
6337,LITTLEDALE,74.72435,165
6338,KING'S HIGHWAY,510.10951,165
6339,KING'S HIGHWAY,140.84655,165
634,COMPTON AVENUE / KENWOOD HOUSE,75.80481999999999,80
6342,RUTHERGLEN ROAD,197.86663,164
6343,RUTHERGLEN ROAD,88.91288999999999,164
6347,CRAYFORD TOWN HALL,855.94147,224
6348,HEATH ROAD,56.33195,156
6349,HEATH ROAD,79.10501,158
635,COMPTON AVENUE / KENWOOD HOUSE,133.61105,82
6350,MAIDEN LANE,78.81056,156
6351,MAIDEN LANE,164.23655,157
6352,BIRD IN HAND,32.57411,156
6354,HAVELOCK ROAD,36.48343,156
6355,HAVELOCK ROAD,91.30683,155
6356,WEST HILL SCHOOL,142.13407,157
6357,WEST HILL SCHOOL,145.74021,155
6360,PRIORY HILL,84.60239,221
6366,FORD ROAD,1042.15574,179
6367,BEXLEY LANE,122.2542,81
6368,MANDEVILLE ROAD,131.42203,273
6372,ISLEWORTH LEISURE CENTRE AND LIBRARY,319.27713,271
6373,LYNTON CLOSE,160.55613,269
638,JACK STRAW'S CASTLE / WHITESTONE POND,29.219489999999997,81
6382,LONDON ROAD / TWICKENHAM,966.66739,248
6387,TWICKENHAM GREEN,253.32941,336
6388,THE PRINCE ALBERT / TWICKENHAM,306.98224,332
6390,TRAFALGAR ROAD / PRINCE OF WALES,374.21174,332
6393,FULWELL STATION,47.1835,81
6398,CROSS STREET,224.43798,251
64,CLAPTON POND,770.77581,623
640,MANOR PARK STATION,1011.18517,332
6402,TEESDALE GARDENS,44.4634,143
6405,MANDEVILLE ROAD,166.42016,252
641,MANOR PARK STATION,1290.55259,323
6410,LYNTON CLOSE,261.08811000000003,270
6411,WOODSTOCK AVENUE,367.83344,272
6412,MOGDEN LANE,124.61184,153
6413,CRANE AVENUE,299.27888,153
6417,CRANE AVENUE,244.41977,155
6422,HEATH ROAD / GROVE AVENUE,710.42538,501
6424,TWICKENHAM GREEN,191.45474,329
6428,FULWELL / SIXTH CROSS ROAD,298.74801,331
6433,PARKSIDE,243.57296,249
6435,CROSS STREET,312.67128,252
6437,UXBRIDGE ROAD,21.034619999999997,78
6439,HAMPTON POOL,6.968139999999998,78
644,BOROUGH STATION  / GREAT DOVER STREET,50.12245,101
6440,UXBRIDGE ROAD,120.36815,254
6441,PARK CLOSE,48.43401,77
6449,HAMPTON POOL,18.42993,77
6451,PARK CLOSE,6.958769999999998,78
646,NORTH DULWICH STATION,324.72351,246
6461,TWICKENHAM RD / WEST MIDDLESEX HOSPITAL,666.4621,323
6463,BENHILL AVENUE / THROWLEY WAY,60.15686,85
6465,BENHILL WOOD ROAD,61.73086,151
6466,THICKET ROAD,160.38194,147
6467,BENHILL ROAD,99.98323,147
6468,BYRON AVENUE,208.19583,147
6471,CARSHALTON ROAD / RINGSTEAD ROAD,157.36516,164
6479,HIGH STREET / MARSHALLS ROAD,1092.13116,692
648,PRIESTS BRIDGE,430.50858,244
6480,BENHILL AVENUE / THROWLEY WAY,366.09652,150
6481,LENHAM ROAD,65.02276,150
6482,BENHILL WOOD ROAD,95.89644,150
6483,LIND ROAD,87.13596,150
6484,BENHILL ROAD,66.69626,144
6485,BYRON AVENUE,71.09177,143
6486,KINGSLEY AVENUE,27.80896,84
6489,CARSHALTON ROAD / CAMBRIDGE ROAD,432.24838,223
649,PRIORY LANE,162.67251,247
6497,BOUNDARY ROAD,120.1421,85
6500,ELGIN ROAD,85.34974,236
6501,MILTON ROAD,105.66579,235
6503,STAFFORD ROAD / SANDY LANE SOUTH,316.71566,236
6504,MELLOWS PARK,43.35083,80
6505,PLOUGH LANE,190.83392,80
6506,THE CHASE,143.92196,164
6509,WADDON LEISURE CENTRE / FIVEWAYS,190.1868,166
651,TOWER BRIDGE,587.4962400000001,237
6510,WADDON STATION,102.37759,165
6511,EPSOM ROAD,42.592,82
6512,WADDON NEW ROAD / WADDON ROAD,79.88019,312
6522,STAFFORD ROAD / WOODCOTE ROAD,778.33884,242
6523,ELGIN ROAD,141.52962,241
6524,MILTON ROAD,185.01201,241
6526,STAFFORD ROAD / SANDY LANE SOUTH,76.93244,86
6528,PLOUGH LANE,262.00643,170
6529,MELLOWS PARK,28.05491,86
6531,THE CHASE,193.95252,170
6533,WADDON LEISURE CENTRE / FIVEWAYS,307.81335,169
6534,WADDON STATION,138.40185,169
6535,EPSOM ROAD,82.34604,86
6537,RECTORY GROVE,179.48828,315
654,BOSS STREET,474.90869,300
6542,BEDFORD HALL,49.236259999999994,251
6543,HOGARTH CRESCENT,381.48605,435
6544,CROMWELL ROAD,770.47407,436
6545,NORTHCOTE ROAD / LEGACY YOUTH ZONE,207.44742,194
6546,BEACONSFIELD ROAD,206.57353,166
6547,SELHURST NEW ROAD,269.84224,167
6548,SELHURST STATION,212.31411,167
6549,HEAVERS FARM CENTRE,178.81769,168
655,DRUID STREET,282.08826,246
6551,SELHURST ROAD / PARK ROAD,268.68445,327
6553,SOUTH NORWOOD CLOCK TOWER,1555.94057,326
6554,PORTLAND ROAD,218.21134,169
6556,CLIFTON ROAD,170.2355,169
6559,SELBY ROAD,227.13879,250
656,WESTMORELAND ROAD,836.16356,179
6560,DERWENT ROAD,258.76745,325
6561,ANERLEY / THE MITRE,184.88432,325
6564,BEDFORD HALL,735.47681,507
6568,BEACONSFIELD ROAD,186.61997,172
6569,SELHURST NEW ROAD,379.21645,172
657,WESTMORELAND ROAD,631.12035,355
6570,SELHURST STATION,402.31510000000003,172
6571,CLIFTON ROAD,185.85288,172
6572,PARK ROAD,72.06174,172
6575,SOUTH NORWOOD CLOCK TOWER,800.96386,328
6576,PORTLAND ROAD,1016.57349,401
6578,SUNNYBANK,211.63456,252
658,CAMBERWELL ROAD / ALBANY ROAD,666.54882,914
6580,SELBY ROAD,347.83478,323
6581,ANERLEY / THE MITRE,289.35536,324
6582,SAMOS ROAD,132.48920999999999,324
6587,SEYMOUR VILLAS,179.06007,256
6589,THICKET ROAD,144.93594,347
6593,ANERLEY HILL / CRYSTAL PALACE,287.26736,425
6594,SEYMOUR VILLAS,32.50886,262
6595,ANERLEY ROAD / ANERLEY STATION,590.1768500000001,420
6597,THICKET ROAD,201.15582,347
6599,CRYSTAL PALACE STATION,1131.47768,425
660,GOODGE STREET STATION,1996.98783,482
6600,ELSTREE GARDENS,23.132469999999998,78
6601,BETTS WAY,76.94551,255
6602,ANERLEY ROAD / CROYDON ROAD,120.08394,255
6603,FOSSINGTON ROAD,9.82233,80
6606,WOODBERRY GROVE,988.34957,353
6607,AMHURST PARK,129.07761,181
6617,MILL MEAD ROAD,227.35892,277
6618,WALTHAMSTOW WETLANDS / FERRY BOAT INN,76.38352,202
6622,BLACKHORSE RD STN   / BLACKHORSE LANE,490.99144,120
6625,KING EDWARD ROAD,461.07981,190
6627,HIGHAM HILL ROAD,441.50986,188
6630,WOLSEY AVENUE,215.65604,110
6631,LLOYD PARK / WILLIAM MORRIS GALLERY,141.10198,110
6633,BROMLEY ROAD,383.00477,110
6635,WALTHAM FOREST TOWN HALL,514.01305,166
6636,WALTHAM FOREST COLLEGE,324.66733,166
6637,WOOD STREET LIBRARY,395.95819,168
6640,HALE END ROAD,138.9224,92
6642,BEACONTREE AVENUE,11.673609999999998,94
6644,WOODFORD NEW ROAD,67.81907,94
6648,MANOR HOUSE STATION,0.0,77
6650,WOODBERRY GROVE,404.87518,353
6661,MILL MEAD ROAD,501.04313,269
6662,WALTHAMSTOW WETLANDS / FERRY BOAT INN,6.637069999999999,196
6665,FERRY LANE INDUSTRIAL ESTATE,36.67115,196
6666,BLACKHORSE ROAD STN   / BLACKHORSE LN,898.35136,193
667,MORNINGTON CRES STN / CAMDEN TN LIBRARY,50.23165,96
6671,HIGHAM HILL ROAD,350.01875,189
6673,WOLSEY AVENUE,124.97875,113
6676,BROMLEY ROAD,206.17835,113
668,PRINCE OF WALES ROAD,815.7162,379
6680,WALTHAM FOREST TOWN HALL,580.44619,170
6681,THORPE COOMBE HOSPITAL,1180.86942,252
6682,WOOD STREET LIBRARY,276.0638,170
6683,HALE END ROAD,185.44885,92
6685,HILLCREST ROAD,109.27543,92
6687,WOODFORD NEW ROAD,46.92349,94
669,KENTISH TOWN ROAD / PRINCE OF WALES ROAD,1047.28219,365
6691,CRICKLEWOOD BUS GARAGE,754.14389,416
6696,SHEPHERD'S BUSH STATION,1114.06882,215
670,COLLEGE OF NORTH EAST LONDON,1504.70312,792
671,COLLEGE OF NORTH EAST LONDON,1667.17673,790
672,EUSTON SQUARE STATION,292.81579,447
6726,SOUTH TERRACE / SURBITON LIBRARY,151.01151000000002,231
673,EUSTON SQUARE STATION,1311.4470000000001,517
675,HAMPSTEAD ROAD / DRUMMOND STREET,1245.46182,219
679,HAMMERSMITH LIBRARY,2342.16051,345
6816,BELMORE PARADE,464.67194,251
6817,CENTRAL AVENUE,462.553,255
6819,CHURCH ROAD,438.23618,250
682,HAMMERSMITH LIBRARY,289.69844,183
684,PADDENSWICK ROAD,93.7825,177
6846,LONG LANE,88.00635,98
6848,HARLINGTON ROAD,32.901849999999996,98
685,PADDENSWICK ROAD,570.01597,178
6852,HILLINGDON CEMETERY,29.91604,174
6853,HILLINGDON CEMETERY,8.160369999999999,180
687,LATYMER COURT,480.87179000000003,272
6872,HALF ACRE,510.43619,247
6873,WINDMILL ROAD,211.91072,164
6875,BRENTFORD STATION,532.71111,162
6876,GREAT WEST ROAD,555.02335,162
688,EALING COMMON STATION,523.79349,195
6881,BOSTON MANOR STATION,785.72392,162
6883,HASLEMERE AVENUE,149.68464,162
6885,CHRISTOPHER AVENUE,185.57193,163
6886,ELTHORNE PARK ROAD,215.68018,163
6887,STUDLEY GRANGE ROAD,305.67629,163
6891,HALF ACRE,68.90805,249
6893,WINDMILL ROAD,140.56168,164
6895,BRENTFORD STATION,154.55129,164
6896,GREAT WEST ROAD,139.41232,164
6897,MANOR VALE,56.43821,164
690,QUEENSWAY STATION,445.22847,293
6903,HASLEMERE AVENUE,71.48756,164
6905,CHRISTOPHER AVENUE,103.65209,164
6906,ELTHORNE PARK ROAD,80.57392,164
6907,CUMBERLAND ROAD,282.72305,164
6909,ROSEBANK ROAD,310.97827,164
691,QUEENSWAY STATION,716.45105,213
6910,JESSAMINE ROAD,623.28792,164
6914,DEVONSHIRE ROAD,1247.16678,431
6915,CRYSTAL PALACE PARK,603.73756,425
6917,LOWER TEDDINGTON ROAD,159.45596,190
6919,TEDDINGTON MEMORIAL HOSPITAL,181.28282,224
6920,DURHAM ROAD,272.22808,190
695,NORTH STREET,236.04221,275
696,NEWHAM TOWN HALL,1130.44392,416
697,HIGH STREET NORTH,444.84805,491
698,NEWHAM TOWN HALL,1253.42475,164
70,WESTMORELAND TERRACE,60.316159999999996,172
70101,HIGHGATE GROUP PRACTICE,103.95378,167
70116,PICKETTS LOCK CENTRE,78.36813,157
70117,BELMONT HEALTH CENTRE,187.86805999999999,140
70119,OAKLEIGH PARK NORTH,60.265119999999996,236
70120,ASHCROFT COURT,53.31294,238
70224,CANNON LANE,23.26118,71
70225,MALPAS DRIVE,34.31297,71
70226,MALPAS DRIVE,16.32322,72
70227,ROSEBERY GARDENS,0.0,77
70228,COLNEY HATCH LANE,106.0884,77
70229,ATHLONE HOUSE,15.91237,82
70336,HAREFIELD CLOSE,44.5522,226
70337,CHASE FARM HOSPITAL,37.09504,73
70340,TOTTENHAM TOWN HALL,475.87608,285
70343,FALCON ROAD,240.81276,74
70344,OASIS ACADEMY HADLEY,295.35083000000003,77
70345,SCOTLAND GREEN ROAD,142.19764,74
70346,SCOTLAND GREEN ROAD,154.11713,77
70347,ALEXANDRA ROAD,116.76771,74
70349,PONDERS END STATION,111.78774,77
70351,COLERAINE ROAD,733.34708,738
70355,SOUTHGATE STATION,0.0,136
70356,HARRINGAY SAINSBURY'S,222.04419000000001,141
70358,ENFIELD POLICE STATION,40.42397,148
70359,CHASE SIDE AVENUE,15.961079999999999,70
70360,CHASE SIDE AVENUE,16.633969999999998,68
70361,SOUTHGATE STATION,1071.90335,150
70362,HIGHFIELD ROAD,443.54518,100
705,NEW PARK ROAD,588.65423,723
7059,UPTON PARK STATION,2480.75135,316
706,NEW PARK ROAD,1586.67655,715
707,JEBB AVENUE / BRIXTON PRISON,1499.93727,717
708,JEBB AVENUE / BRIXTON PRISON,382.39707,722
709,BLENHEIM GARDENS,605.46814,722
71,CANAL WALK,677.5834,174
710,BLENHEIM GARDENS,1620.21936,717
716,STREATHAM STATION,1506.91422,346
717,HERNE HILL STATION,864.65533,175
718,HERNE HILL STATION,95.22251,175
719,HERNE HILL,99.16643,95
72,BARING STREET,206.41146,256
720,HERNE HILL,350.34362,96
721,OLD MARYLEBONE TOWN HALL,1284.21685,560
723,BAKER STREET STATION,2853.53803,560
724,BAKER STREET STATION,1056.4261099999999,472
725,YORK STREET,1276.24131,445
728,PRINCE ALBERT RD / LORD'S CRICKET GROUND,111.55972,78
730,LORD'S CRICKET GROUND,198.21499,182
733,EALING BROADWAY STATION,1418.19987,366
7330,PURLEY LIBRARY,3.3842299999999996,126
734,EALING BROADWAY STATION,3812.67418,340
736,WORDSWORTH HEALTH CENTRE,0.0,80
7360,EAST HALL LANE,1.6969799999999997,68
7361,EAST HALL LANE,5.37705,70
737,CHRISTCHURCH,8.410829999999999,96
738,EALING / CHRISTCHURCH,4761.11603,361
740,SEVEN SISTERS ROAD / AMHURST PARK,718.76269,353
7435,RUSKIN ROAD,244.22106,407
747,PLAISTOW / PRINCE REGENT LANE,1656.04337,340
750,UPPER WOBURN PLACE,1341.69936,258
7500,EASTCOTE ROAD,8.139199999999999,82
7501,PINNER LIBRARY,445.07592,298
7502,HOLWELL PLACE,73.87639,220
7503,HOLWELL PLACE,145.61248,220
7504,KENTON LIBRARY,549.92272,232
7509,SOUTH WOODFORD STATION,531.53982,191
751,BRECKNOCK ROAD,652.54597,219
7514,ENDLEBURY ROAD,43.97495,98
7515,ENDLEBURY ROAD,111.21672,96
752,MARE STREET / WELL STREET,868.06792,459
7520,CROMWELL ROAD,656.30212,188
7521,HAMPDEN ROAD,187.91777,188
7540,OLD ROAD,85.51669,82
7541,MANSFIELD HILL,73.41029,95
7542,MANSFIELD PARK,46.73656,174
755,MARE STREET / WELL STREET,594.8325,191
7562,MELVILLE GARDENS,239.76169000000002,172
7563,LAMBETH ROAD / KENNINGTON ROAD,225.26791,189
7564,QUEENSBURY ROAD,957.20114,181
7565,QUEENSBURY ROAD,528.06096,187
7566,CATFORD POLICE STATION,237.28312,349
7570,CAMBRIDGE HEATH STATION,1210.66881,346
7584,COURT ROAD / MOTTINGHAM ROAD,463.16359,237
759,NIGHTINGALE ROAD,300.08287,344
7591,LANGLEY AVENUE,503.49912,219
7592,LANGLEY AVENUE,243.06505,284
7594,SUTTON GREEN,785.49875,459
76,NORTH END ROAD,851.83086,195
760,NIGHTINGALE ROAD,884.52915,337
7602,EGMONT ROAD,14.723109999999998,161
7603,WIMBLEDON HILL ROAD,1938.74389,248
7604,WIMBLEDON HILL ROAD,688.65301,253
7605,HIGH STREET / WIMBLEDON VILLAGE,585.49985,173
7606,HIGH STREET / WIMBLEDON VILLAGE,378.70815,170
7609,MARRYAT ROAD,252.58935,88
761,PALMERS GREEN / THE TRIANGLE,660.91456,178
7610,MARRYAT ROAD,353.65956,92
7611,WIMBLEDON WAR MEMORIAL,76.16741,92
7612,WIMBLEDON WAR MEMORIAL,22.578899999999997,88
764,CHILDS HILL / FINCHLEY ROAD,353.20164,232
765,CHILDS HILL / FINCHLEY ROAD,245.07399,236
766,CHILDS HILL / CRICKLEWOOD LANE,562.04313,265
768,LIVERPOOL STREET STATION,3778.17262,729
7699,SOUTHALL BROADWAY,3882.18255,489
7700,SOUTHALL BROADWAY,1.0837799999999995,164
7708,CROYDON CREMATORIUM,88.36906,76
7709,CROYDON CREMATORIUM,99.73146,77
7710,LOMBARD ROUNDABOUT,122.29937,77
7711,LOMBARD ROUNDABOUT,86.08202,76
7712,COMMERCE WAY,229.00609,146
7715,ALTON ROAD,38.09815,77
7717,WADDON STATION,55.45696,77
7722,BARNFIELD WOOD ROAD,78.41944,173
7723,BARNFIELD WOOD ROAD,178.20182,167
7724,QUEEN MARY / UNIVERSITY OF LONDON,527.77239,199
7725,QUEEN MARY / UNIVERSITY OF LONDON,640.07315,276
7730,TULSE HILL STATION,1010.14486,507
7732,WRENTHAM AVENUE,959.11418,332
7733,KENSAL RISE STATION,605.0291,329
7735,CALEDONIAN ROAD & BARNSBURY STATION,557.45858,343
7738,QUEENHILL ROAD,27.407719999999998,168
7739,QUEENHILL ROAD,173.10975,165
7740,BRENT ROAD,8.284889999999999,167
7741,BRENT ROAD,45.42387,165
7742,FARLEY ROAD / CROHAM VALLEY ROAD,15.798289999999998,167
7743,FARLEY ROAD / CROHAM VALLEY ROAD,74.39194,165
7769,ST. THOMAS MORE CATHOLIC CHURCH,669.85851,333
7770,ST. THOMAS MORE CATHOLIC CHURCH,1052.82692,327
7771,HACKBRIDGE CORNER / HACKBRIDGE STATION,81.81143,75
7772,HACKBRIDGE CORNER,289.62963,151
779,GRAHAM ROAD,357.80014,245
780,GRAHAM ROAD,407.19042,246
7800,BREWERY ROAD,224.18774,171
7801,BREWERY ROAD,165.30167,173
7805,NORTH WEMBLEY STATION,613.98452,157
781,DALSTON LANE,33.57359,84
7810,PARK ROYAL STATION,259.50327,154
7814,BELGRAVE ROAD,23.260479999999998,94
7815,ST GEORGE'S SQUARE / PIMLICO STATION,174.54052,89
7816,ST GEORGE'S SQUARE / PIMLICO STATION,20.16694,94
7817,VICTORIA STATION,1302.53638,249
7819,VICTORIA COACH STATION,1477.38669,515
782,STANNARD ROAD,300.07355,288
7820,VICTORIA COACH STATION,506.1255,435
7823,LEICESTER SQUARE STATION,1001.22952,374
7824,LEICESTER SQUARE STATION,1275.36279,371
7825,CLAVERTON STREET / CHURCHILL GARDENS,131.22767,91
7827,WARWICK WAY,301.76823,89
783,STANNARD ROAD,350.41841,302
7831,TATE BRITAIN,212.3821,178
7832,STRUTTON GROUND,21.316419999999997,75
7833,STRUTTON GROUND,93.35012,75
7835,MARSHAM STREET,142.57048,75
7838,ALDERNEY STREET,120.45078,253
7839,PAGE STREET,306.81396,174
784,KING EDWARD'S ROAD,1343.17707,461
7840,PAGE STREET,395.13594,176
7841,VAUXHALL BRIDGE ROAD,93.81039,98
7842,VAUXHALL BRIDGE ROAD,89.59477,99
7849,BEAK STREET / HAMLEYS TOY STORE,297.44752,154
785,KING EDWARD'S ROAD,1231.45859,540
7851,GERRARD PLACE / CHINATOWN,1883.44306,293
7852,BEDFORD STREET,671.77385,948
7853,SOUTHAMPTON STREET / COVENT GARDEN,1608.58498,926
7861,WESTMINSTER CATHEDRAL / VICTORIA STN,941.77361,572
7863,ST JAMES'S PARK STATION,717.30191,495
7864,ST JAMES'S PARK STATION,619.03351,496
7867,HORSE GUARDS PARADE,458.88632,823
7868,GOSWELL ROAD,495.9046,197
7869,VICTORIA STATION,788.01676,268
7871,WARWICK WAY,228.81283,93
7873,PARK ROYAL STATION,399.45833,156
789,EGERTON ROAD,1728.57585,615
79,TUFNELL PARK STATION,109.22319,118
790,ISLINGTON GREEN,1025.36211,448
791,ISLINGTON GREEN,472.01105,443
7911,HALL LANE,1686.65239,398
7912,HALL LANE,310.37463,404
7915,LARKSWOOD ROAD,459.22068,397
7916,HAMPTON ROAD,223.21651,402
7919,LEONARD ROAD,936.62997,397
792,CROSS STREET,592.17042,450
7920,LEONARD ROAD,393.37529,404
7922,HIGHAM STATION AVENUE,178.09745,478
7923,HIGHAM STATION AVENUE,489.2763,474
7926,ROWDEN ROAD,190.07999999999998,479
7927,ROWDEN PARK GARDENS,312.11613,475
793,CROSS STREET,1090.642,444
7931,WALTHAMSTOW STADIUM,366.63208,422
7933,WALTHAMSTOW / CROOKED BILLET ROUNDABOUT,452.25381,331
7935,BRETTENHAM ROAD,1125.54208,327
7937,SIR GEORGE MONOUX COLLEGE,779.3308499999999,325
7938,CAZENOVE ROAD,391.05619,331
7941,AVELING PARK ROAD,461.71403,326
7945,FOREST ROAD / BELL CORNER,629.37998,324
7949,JEWEL ROAD,520.8731,426
7950,JEWEL ROAD,675.07779,429
7952,WALTHAMSTOW MARKET,3196.93903,430
796,CAMDEN ROAD,599.48787,438
7960,QUEEN'S ROAD,355.78899,828
7962,GROVE ROAD,373.8471,770
7963,GROVE ROAD,407.97459,765
7964,BAKERS AVENUE,1382.79566,769
7966,HOE STREET / BAKERS ARMS,1817.49494,771
7967,LEYTON GREEN,1745.96584,278
7968,LEA BRIDGE ROAD / BAKERS ARMS,1629.07929,662
797,TOLLINGTON ROAD,1624.71995,443
7971,COLCHESTER ROAD,819.46432,276
7972,COLCHESTER ROAD,473.40391,270
7973,LEYTON MIDLAND ROAD STATION,923.1325,276
7974,LEYTON MIDLAND ROAD STATION,729.44566,269
7975,LEYTON SPORTS GROUND,396.57516,275
7976,BRUNSWICK ROAD,232.68117,197
7979,VICARAGE ROAD,625.53908,194
7980,VICARAGE ROAD,506.16974,198
7982,WILTON STREET,1401.07892,1120
7983,GRANGE PARK ROAD,873.48547,376
7985,BUCKINGHAM ROAD,316.26552,376
7986,BUCKINGHAM ROAD,555.17165,367
7988,LEYTON LIBRARY,779.94266,366
7989,LEYTON LIBRARY,1082.68328,375
7991,LEYTON STATION,1383.69813,351
7992,LEYTON STATION,4967.52553,352
7995,MILLAIS ROAD,387.33140000000003,351
7996,MILLAIS ROAD,504.65107,351
7997,DRAPERS FIELD,582.95159,370
7998,DRAPERS FIELD,698.56594,369
80001,UPPER STREET / LAYCOCK STREET,1958.81193,374
80002,SALISBURY ROAD,57.66551,284
80003,BARNET HIGH STREET,403.0243,285
80005,BARNET HOSPITAL,520.89537,97
80006,HERA AVENUE,234.80769,153
80007,QUINTA DRIVE,104.88086,66
80008,RAVENSDALE AVENUE,476.24859,168
80009,CARLISLE PLACE,173.4047,159
8001,EDITH ROAD,186.67729,250
80010,MEADOW DRIVE,145.08527999999998,354
80011,ST PANCRAS WAY,378.01905,220
80013,BARNET HOSPITAL,181.31858,164
8002,EDITH ROAD,194.63858,252
8005,BURGESS ROAD,426.17981000000003,250
8009,CHOBHAM ROAD,617.81807,200
8010,CHOBHAM ROAD,380.02182,202
8013,MARYLAND STATION,360.05792,200
8015,MARYLAND STATION  / MANBEY GROVE,133.7095,202
8017,THE GROVE,550.37552,202
8019,STRATFORD CENTRE,1743.09499,453
802,ST ANN'S ROAD,682.64281,179
8023,STRATFORD BROADWAY,227.85247,509
8026,BARNBY STREET,1106.07397,599
8027,PAUL STREET,513.18308,591
8029,CHURCH STREET,618.36142,424
803,ST ANN'S ROAD,371.29186,180
8034,PLAISTOW GROVE,486.44092,341
8035,PLAISTOW GROVE,1173.99691,341
8036,MORLEY ROAD,274.98368,340
8037,MORLEY ROAD,667.54248,341
804,FALKLAND ROAD,400.29059,181
8041,PLAISTOW STATION,1232.78339,339
8042,VICTORIA ROAD,408.47942,247
8044,STEELE ROAD,157.56126,83
8045,HIGH ROAD LEYTONSTONE,38.771409999999996,81
8048,SELBY ROAD,114.46403,83
8049,SELBY ROAD,174.21347,82
805,FALKLAND ROAD,213.84742,185
8052,BUXTON SCHOOL,190.66734,83
8053,BUXTON SCHOOL,203.69175,82
8055,BOURNE ROAD,149.84058,82
8056,COBBOLD ROAD,59.77829,82
8057,WANSTEAD FLATS,163.0838,155
806,THORNTON HEATH POND,931.3208,250
8060,SIDNEY ROAD,169.52021,158
8061,PEVENSEY ROAD,129.40487,155
8069,WANSTEAD PARK STATION,460.37928,234
807,COLLIERS WATER LANE,394.62345,174
8071,FOREST GATE STATION,280.0126,161
8074,ROMFORD ROAD,655.3742,162
8075,NURSERY LANE,158.54745,79
8076,ROMFORD ROAD,174.64028,79
8077,STUDLEY ROAD,108.89806,79
8078,CLAREMONT ROAD,310.46063,161
8079,ST GEORGE'S ROAD,125.59955,80
8080,ST GEORGE'S ROAD,161.27608,79
8081,UPTON AVENUE,73.40075,80
8082,STRATFORD SCHOOL,79.66915,79
8083,WEST HAM PARK,104.61287,80
8086,WEST HAM PARK,72.11287,79
8087,PLASHET ROAD / PORTWAY,68.18494,80
8088,PLASHET ROAD / PORTWAY,40.19213,79
8089,CRESCENT ROAD,31.92534,80
809,WEST CROYDON STATION,1989.44905,251
8090,CRESCENT ROAD,46.75136,79
8091,TERRACE ROAD,51.22853,80
8092,STOPFORD ROAD,113.45354,79
8096,KENNEDY CLOSE,847.62799,245
8097,KENNEDY CLOSE,521.77608,327
8098,BALAAM STREET,167.94638,164
81,HIGH STREET KENSINGTON STATION,1263.66055,370
8100,PERTH ROAD,89.11049,164
8101,GAD CLOSE,159.75116,161
8102,BARKING ROAD,144.63358,164
8104,BEAUMONT ROAD,574.43955,330
8105,BARKING ROAD,1271.9482,161
8107,WIGSTON ROAD,256.30522,325
8108,NEWHAM UNIVERSITY HOSP / NEW VIC COLLEGE,610.71232,330
8109,NEWHAM UNIVERSITY HOSP / NEW VIC COLLEGE,2110.01457,325
8110,BENNETT ROAD,602.21804,398
8113,BENNETT ROAD,1197.35192,396
8116,NEWHAM WAY,294.69428,351
8118,MORTLAKE ROAD,338.01769,351
8122,VICTORIA DOCK ROAD,218.00066,352
8123,VICTORIA DOCK ROAD,475.96502,346
8129,HIGH STREET PLAISTOW,62.75049,92
8131,FLORENCE ROAD,170.25568,92
8132,FLORENCE ROAD,190.2555,93
8135,UPPER ROAD / GRANGE ROAD,100.66087,92
8136,SUFFOLK ROAD,337.06832,94
8139,EAST LONDON CEMETERY,91.43317,92
8140,LADYSMITH ROAD,106.52232000000001,93
8143,STEPHENS COURT,114.39591,92
8144,STEPHENS COURT,192.68616,93
8145,BLAKE ROAD,118.0081,93
8146,BLAKE ROAD,194.24871000000002,92
8148,STAR LANE,359.26443,92
8149,STAR LANE,40.42066,93
815,SANDERSTEAD ROAD,819.59951,318
8152,RATHBONE MARKET,250.3413,522
8153,RATHBONE MARKET,185.04437,528
8154,PLAISTOW BROADWAY,117.86881,161
8156,SEWELL STREET,106.27216,161
8157,SEWELL STREET,186.00959,161
8158,LIDDON ROAD,72.98947,160
8159,BALAAM PARK HEALTH CENTRE,212.50135,160
816,SOUTH CROYDON BUS GARAGE,311.84144,325
8162,BARKING ROAD,358.77371,160
8163,BARKING ROAD,819.30549,160
8168,DENMARK STREET,199.74376,243
8169,DENMARK STREET,342.17454,241
8170,NEWHAM WAY,201.0424,243
8171,NEWHAM WAY,328.68532,241
8173,CANNING TOWN RECREATION GROUND,134.84964,243
8177,RUSSELL ROAD,293.72085,240
8178,VANDOME CLOSE,54.01918,243
8180,LESLIE ROAD / CUSTOM HOUSE STATION,501.7006,242
8181,LESLIE ROAD / CUSTOM HOUSE STATION,907.61979,240
82,HIGH STREET KENSINGTON STATION,1554.18299,268
8204,HIGH STREET / GREEN STREET GREEN,3.26497,192
8239,HIGH STREET / GREEN STREET GREEN,175.58617,170
8276,GREAT PORTLAND STREET STATION,383.40693,215
8279,REGENT'S PARK STATION,152.32617,461
8285,ST JOHN'S CHURCH,234.56136,242
8287,GREAT PORTLAND STREET STATION,270.95641,216
8294,LAMBETH PALACE,257.42347,188
8295,LAMBETH PALACE,4.38779,22
8296,PRATT WALK,236.50663,188
8297,PRATT WALK,244.61455,188
83,KENSINGTON CHURCH STREET / HOLLAND ST,2069.29467,523
8301,IMPERIAL WAR MUSEUM,151.66197,171
8302,COIN STREET,48.23426,115
8303,COIN STREET,6.3756499999999985,110
8315,IMPERIAL WAR MUSEUM,85.80737,171
8316,THE HOP EXCHANGE,136.78252,204
8317,THE HOP EXCHANGE,240.19246,114
8318,WELL STREET,874.68846,268
8319,CHESTER GATE,41.35009,96
832,SHEPHERDS BUSH STATION,632.33611,95
8320,CHESTER GATE,79.6428,96
8321,ROBERT STREET,110.95835,96
8322,ROBERT STREET,96.77063,96
8323,CUMBERLAND TERRACE,58.20178,96
8324,CUMBERLAND TERRACE,107.12028,96
8325,REGENT'S PARK BARRACKS,16.03749,96
8326,REGENT'S PARK BARRACKS,102.66508,95
8329,GREAT PORTLAND ST STN  / EUSTON RD,429.00445,344
8330,BRITISH LIBRARY,1159.49126,467
8332,ACTON STREET,339.71572000000003,158
8340,CAMDEN HIGH STREET,262.57683000000003,174
8342,EUSTON STATION  / EVERSHOLT STREET,468.50109000000003,138
8344,ALDENHAM STREET,201.50672,136
8348,WARREN STREET STATION,4084.69111,568
8353,NORTH CHEAM / QUEEN VICTORIA,861.86483,250
8354,WELLINGTON AVENUE,167.57936,166
836,ROYAL CRESCENT,662.34576,363
8363,PENTON RISE,734.67197,453
8368,CENTRAL STREET,1129.28395,367
8369,CENTRAL STREET,632.63106,366
837,ROYAL CRESCENT,380.42034,538
8371,WINDSOR TERRACE,790.6412,365
8372,WINDSOR TERRACE,1217.79826,365
8375,MOORFIELDS EYE HOSPITAL,392.84455,286
8376,ACTON STREET,297.55629,100
8378,GWYNNE PLACE,112.02673,100
8380,CALTHORPE STREET,158.45145,99
8381,BOWLING GREEN LANE,36.833709999999996,188
8383,CLERKENWELL ROAD,100.33763,196
8385,HALL STREET,85.50329,159
8386,CITY UNIVERSITY,771.92769,159
8387,CITY UNIVERSITY,502.18267000000003,159
8388,PERCIVAL STREET,644.8664,158
8389,PERCIVAL STREET,130.27229,159
839,HOLLAND ROAD / UPPER ADDISON GARDENS,12.330539999999997,155
8390,GOSWELL ROAD / GREAT SUTTON STREET,145.43127,158
8391,PEAR TREE STREET,244.87290000000002,160
8392,CLERKENWELL ROAD,39.316179999999996,160
8393,CLERKENWELL ROAD / OLD STREET,344.30653,236
8394,BALTIC STREET WEST,128.00304,238
8395,PIMLICO ACADEMY & LIBRARY,222.53979999999999,253
8396,PIMLICO ACADEMY & LIBRARY,211.52113,89
8398,FINCHLEY ROAD,57.60664,175
8399,FORTUNE GREEN ROAD,139.50908,168
84,YORK HOUSE PLACE / KENSINGTON HIGH ST,554.2011,527
840,SHEPHERD'S BUSH ROAD,132.7699,170
8402,HOLY TRINITY SCHOOL,29.20149,213
8405,DUNBAR AVENUE,101.23201,79
8406,DUNBAR AVENUE,125.36638,80
8407,FIFTH AVENUE,83.00452,246
8408,ALLINGTON ROAD,189.33935,253
8409,CATFORD ROAD / LEWISHAM TOWN HALL,2495.78911,572
8410,WEST BROMPTON STATION,606.73562,192
8411,BEVERLEY ROAD,145.06073,78
8412,ADELAIDE ROAD,120.43374,159
8416,HIGH HOLBORN / CHANCERY LANE STATION,43.828089999999996,161
8417,CLERKENWELL ROAD / ROSEBERY AVENUE,113.22921,161
8419,BROWNLOW STREET,478.21543,307
842,GOLDHAWK ROAD,248.50755,349
8420,CHANCERY LANE STATION,409.61516,315
8424,ELTHAM ROAD / KIDBROOKE PARK ROAD,233.43458,272
8428,EDGWAREBURY LANE / EDGWARE WAY,233.33999,322
843,GOLDHAWK ROAD,867.28859,353
8437,SOUTHAMPTON ROW,1046.87821,276
8438,RUSSELL SQUARE,1058.03835,257
8441,PORTLAND STREET,8.85733,77
8442,ALBANY ROAD / WELLS WAY,386.1703,247
8443,ALBANY ROAD / WELLS WAY,355.15134,254
8456,ESHER HIGH STREET,120.24152,68
846,GOLDHAWK ROAD STATION,757.59397,177
847,GOLDHAWK ROAD STATION,422.72108,170
848,BLOEMFONTEIN ROAD,552.67839,253
849,BLOEMFONTEIN ROAD,498.59568,253
8499,CATERHAM VALLEY,382.96319,81
850,ASKEW ROAD,39.21976,99
8500,CATERHAM VALLEY,0.0,80
8501,BEECHWOOD GARDENS,90.45766,80
8502,BEECHWOOD GARDENS,16.92662,80
8503,MARDEN LODGE SCHOOL,88.42616,80
8504,MARDEN LODGE SCHOOL,33.23485,80
8506,CHANDOS ROAD,149.09667,98
8509,SPENCER ROAD,39.18435,77
851,FIRST AVENUE,820.37294,338
8510,SPENCER ROAD,62.23234,164
8511,MANOR WAY,195.06342,77
8517,NEW ROAD,158.43111,158
8522,CORBETS TEY,9.495959999999998,73
8523,ST LAURENCE CHURCH,67.00642,76
8524,HACTON LANE,823.36295,152
8525,HACTON LANE,394.763,149
8527,HORNCHURCH TOWN CENTRE,1996.83214,617
8528,HORNCHURCH TOWN CENTRE,2043.35192,527
8531,HORNCHURCH STATION,433.44107,235
8547,ALDERSGATE STREET,97.01892,157
8548,LONDON WALL,19.54758,159
8551,MANSION HOUSE STATION,313.93701,355
8552,CANNON STREET STATION,466.78248,194
8553,CANNON STREET STATION,171.62933,196
8556,BREAD STREET,311.35633,310
8557,FACTORY LANE,62.85995,96
8558,BANK STATION  / CORNHILL,712.5901700000001,361
8559,BANK STATION  / CORNHILL,477.75765,343
8560,BISHOPSGATE,449.5127,357
8561,SNOW HILL,680.38846,354
8562,SNOW HILL,2.1620699999999995,274
8564,FLEET STREET / CITY THAMESLINK,2100.79666,356
8570,FETTER LANE,450.03446,492
8571,HOLBORN CIRCUS,193.16685999999999,390
8577,ST MARY AXE,74.72279,117
8578,ST MARY AXE,320.13566000000003,117
8579,ST KATHARINE CREE,73.34061,117
8581,CITY THAMESLINK STN  / LUDGATE CIRCUS,825.25783,463
8585,MINORIES,781.84925,429
8586,KING EDWARD STREET,531.50749,385
8590,POULTRY / BANK STATION,551.29768,461
8591,QUEEN STREET PLACE,145.3912,91
8596,BANK STATION  / QUEEN VICTORIA STREET,2.3798299999999997,19
86,OLD KENT ROAD / ILDERTON ROAD,520.56395,194
8600,ST PAUL'S STATION,370.02873,480
8601,ST PAUL'S CATHEDRAL,540.82715,450
8602,ST PAUL'S CATHEDRAL,448.73208,465
861,OLD STREET STN   / MOORFIELDS EYE HOSP,640.21903,273
862,MINTERN STREET,705.74556,287
8621,GANTS HILL STATION / CRANBROOK ROAD,2002.30047,548
8622,GANTS HILL STATION / CRANBROOK ROAD,1868.4997,551
8624,NATIONAL MARITIME MUSEUM,1297.58762,429
863,MINTERN STREET,716.71328,347
864,LANCASTER GATE,206.57313,213
865,LEINSTER TERRACE,125.05919,215
866,UPPER NORTH STREET,587.50941,287
868,BAZELY STREET,1664.77216,377
869,CHRISP STREET MARKET / ALL SAINTS DLR,514.84605,278
87,PALACE GATE,349.19542,338
871,GRACECHURCH STREET / MONUMENT STATION,1402.87537,459
8745,TORRINGTON PARK,679.13481,222
8748,KING STREET,2424.93422,407
8749,KING STREET,1835.51284,417
875,ABBOTT ROAD,259.11142,131
8750,THE GREEN,1126.7922,487
8752,RUSKIN ROAD,1013.33309,403
876,ABBOTT ROAD,187.26455,126
8763,SUMNER ROAD,145.44957,91
8764,SUMNER ROAD,204.87139,90
8769,DRAKE ROAD,176.33786,96
877,NEW ROAD,314.23925,290
8770,LOMBARD ROUNDABOUT,151.20211,89
8771,LOMBARD ROUNDABOUT,129.17564,96
8772,OCKLEY ROAD,257.92253,89
8777,THERAPIA LANE / CROYDON CEMETERY,100.83118,96
8778,THERAPIA LANE / CROYDON CEMETERY,110.5185,89
8781,ROCHFORD WAY,223.71764,95
8782,ROCHFORD WAY,147.75391,89
8784,WATNEYS ROAD,26.93161,89
8785,WATNEYS ROAD,16.282909999999998,95
8786,BEDDINGTON LANE,19.1453,93
8787,BEDDINGTON LANE,20.55284,89
879,ST MARY'S & ST MICHAEL'S CHURCH,256.31267,287
8792,THE RAVENSBURY,27.618219999999997,91
8793,THE RAVENSBURY,8.3439,89
8794,MADEIRA ROAD,10.696639999999999,243
8795,MADEIRA ROAD,25.18056,90
8797,THREE KINGS POND,55.57733,245
8798,THREE KINGS POND,133.41202,241
88,ALBANY ROAD / CAMBERWELL ROAD,103.9508,74
8803,DOWNE ROAD / MITCHAM LIBRARY,614.39714,643
8806,EVELINE ROAD,1315.54808,416
8807,EVELINE ROAD,321.71281,417
881,EXMOUTH ESTATE,593.3939,286
8810,LONDON ROAD / FIGGE'S MARSH,271.69418,419
8811,LONDON ROAD / FIGGE'S MARSH,87.70526,418
8812,GORRINGE PARK AVENUE,735.28352,343
8813,GORRINGE PARK AVENUE,465.64259,342
8816,TOOTING / THE MITRE,1261.19733,833
8817,BICKLEY STREET,703.26488,812
882,ST MARY'S & ST MICHAEL'S CHURCH,391.43114,285
8822,FAIRLIGHT ROAD,883.9458,320
8823,FAIRLIGHT ROAD,280.60542,337
8824,STREATHAM CEMETERY,193.25984,320
8825,STREATHAM CEMETERY,242.19565,328
8826,WIMBLEDON ROAD,956.88619,328
8827,WIMBLEDON ROAD,426.42249,320
8828,HUNTSPILL STREET,231.90206,248
8832,BURNTWOOD LANE,619.43582,248
8833,SUMMERSTOWN,547.42037,254
8834,WALDRON ROAD,190.24515,254
8835,WALDRON ROAD,317.40468,248
8836,ISIS STREET,264.72676,246
8837,ISIS STREET,352.81613,252
8838,EARLSFIELD STATION,617.52283,247
8839,EARLSFIELD STATION,1284.2956,253
884,STEPNEY METHODIST CHURCH,240.31053,285
8840,EARLSFIELD ROAD,503.1379,172
8841,EARLSFIELD ROAD,378.6621,176
8844,HENRY PRINCE ESTATE,208.09808,173
8845,HENRY PRINCE ESTATE,253.83898,176
8846,SWAFFIELD ROAD,336.9745,173
8847,SWAFFIELD ROAD,541.57587,176
885,STEPNEY METHODIST CHURCH,210.18169,286
8850,THE OLD SERGEANT,115.07853,173
8851,THE OLD SERGEANT,337.55785,176
8852,MAPLETON ROAD,1107.05767,355
8853,MAPLETON ROAD,1186.48201,176
8854,SOUTHSIDE SHOPPING CENTRE,780.95912,185
8858,WANDSWORTH POLICE STATION,1107.08726,252
886,LIMEHOUSE STATION,255.23338999999999,389
8861,FROGMORE,201.85162,229
8862,RIVERSIDE QUARTER PIER,96.76532999999999,226
8863,RIVERSIDE QUARTER PIER,39.10962,232
8864,SKELGILL ROAD / WANDSWORTH PARK,46.31747,224
8865,SKELGILL ROAD / WANDSWORTH PARK,97.68765,234
8866,DEODAR ROAD,66.50185,225
8867,DEODAR ROAD,57.19023,233
887,BURDETT ROAD,405.08182,387
8870,BREWHOUSE LANE,311.93617,229
8871,BREWHOUSE LANE,989.36898,234
8872,FULHAM HIGH STREET,996.31353,468
8874,FULHAM ROAD,53.313309999999994,298
8875,BISHOP'S PARK ROAD,693.97096,296
8876,BISHOP'S PARK ROAD,216.94512,299
888,BURDETT ROAD,306.0181,207
8880,KINGWOOD ROAD,338.90624,301
8881,FULHAM CEMETERY,390.34511,298
8882,FULHAM CEMETERY,144.52904999999998,302
8886,CHARING CROSS HOSPITAL,907.22422,406
8887,CHARING CROSS HOSPITAL,1607.4697899999999,408
8894,BLYTHE ROAD,330.52073,348
8895,BLYTHE ROAD,615.2352,356
8898,UXBRIDGE RD / WESTFIELD SHOPPING CENTRE,1229.13239,423
89,ALBANY ROAD / CAMBERWELL ROAD,5.906599999999999,77
8900,HYTHE ROAD,172.65054,94
8901,ARIEL WAY / WHITE CITY BUS STATION,335.33733,427
8902,WHITE CITY STATION,1448.30558,402
8903,WHITE CITY STATION,683.48532,412
8907,CAVELL HOUSE,366.56382,332
8908,CAVELL HOUSE,281.60589,329
8909,CAVERSWALL STREET,253.35325,269
8910,NORTH POLE ROAD,310.77736,262
8911,NORTH POLE ROAD,218.73209,95
8915,MITRE WAY / WORMWOOD SCRUBS,102.67134,96
8916,MITRE WAY / WORMWOOD SCRUBS,64.49128,95
8917,MITRE BRIDGE,19.82361,96
8918,MITRE BRIDGE,48.95773,95
8919,TOOTING BROADWAY STATION,181.34452,336
8921,CUMBERLAND BUSINESS PARK,10.27341,96
8923,HARROW ROAD / COLLEGE PARK,24.810309999999998,95
8924,HARROW ROAD / COLLEGE PARK,530.3948800000001,92
8927,RAM STREET,131.28575,172
893,SLOANE SQUARE STATION,759.63576,414
8931,MAXEY ROAD,402.61012,900
894,SLOANE SQUARE STATION,1685.11347,267
8950,INGRAVE STREET,346.86929,384
8953,FALCON GROVE,530.51257,375
8955,CLAPHAM JUNCTION STATION  / FALCON ROAD,1742.5014,384
8957,CLAPHAM JUNCTION STATION  / FALCON ROAD,1957.17201,810
8961,HERNDON ROAD,121.88283999999999,518
8966,MARCILLY ROAD,824.91636,505
8967,MARCILLY ROAD,381.69773,520
8969,BRUSSELS ROAD,339.22122,520
8970,PLOUGH ROAD,531.17843,504
8973,PLOUGH ROAD,310.0045,520
8995,BROOK GREEN,405.0655,359
8996,ST EDWARD'S / C OF E ACADEMY,122.23335,89
8997,JUTSUMS LANE,193.08694,89
8998,ROMFORD STADIUM,302.65529,90
8999,COTLEIGH ROAD,72.05387,95
900,BOW ROAD STATION,596.57128,281
9000,COTLEIGH ROAD,46.126599999999996,92
9002,REPTON AVENUE,30.95911,170
9003,CASTELLAN AVENUE,24.94045,172
9007,RUSH GREEN ROAD / DAGENHAM ROAD,870.31459,348
9008,DAGENHAM ROAD,248.51056,279
901,BOW ROAD STATION,411.43499,280
9011,WATLING AVENUE,571.29648,176
9013,LONGWOOD GARDENS,220.88386,175
9014,BEEHIVE LANE,270.47042,239
902,BOW CHURCH STATION,654.32279,370
9024,HEMLOCK ROAD,26.966179999999998,79
9025,HEMLOCK ROAD,24.25237,77
9029,GLOUCESTER ROAD,1297.91725,174
9032,CAPWORTH STREET,434.06503,175
9033,CAPWORTH STREET,209.10817,178
9034,PARK ROAD,659.43371,175
9035,PARK ROAD,351.75572999999997,178
9036,VILLIERS CLOSE,371.45173,175
9037,VILLIERS CLOSE,246.89144,178
9038,OLIVER ROAD,368.86062,175
9039,OLIVER ROAD,199.30243,178
9041,GOLDSMITH ROAD,141.90103,178
9045,GREEN STREET,1295.9622,354
9046,ST DUNSTAN'S ROAD,94.91014,161
9047,ST DUNSTAN'S ROAD,1003.96561,162
9048,STUDLEY ROAD,274.77275000000003,161
9049,STUDLEY ROAD,809.02953,162
905,ESSEX ROAD / NEWINGTON GREEN ROAD,270.95642,277
9050,CHESHUNT ROAD,337.14188,161
9051,OAKDALE ROAD,622.44744,162
9055,PLASHET ROAD,340.8214,162
9056,PLASHET ROAD,2109.55145,314
9058,UPTON PARK STATION,1149.00738,313
9060,QUEENS MARKET,1391.59752,316
9061,TUDOR ROAD,310.35266,313
9064,UPTON PARK / BOLEYN,1583.79634,314
9065,PLASHET SCHOOL,95.01817,318
9066,PLASHET SCHOOL,286.63398,244
9069,SHREWSBURY ROAD,264.91796,238
907,BALLS POND ROAD,195.08521,262
9070,KATHERINE ROAD,366.60573,246
9071,KATHERINE ROAD,164.1453,160
9074,WASHINGTON ROAD,599.33133,164
9075,WALPOLE ROAD,211.58252,163
9076,WHITFIELD ROAD,156.28248,167
9077,GREEN STREET,247.13529,167
9078,PENGE ROAD,712.99651,172
9079,PLASHET ROAD,223.56795,180
908,NEWINGTON GREEN ROAD / ESSEX ROAD,29.51449,101
9080,CHURSTON AVENUE,418.02385,169
9081,LUCAS AVENUE,219.38388,179
9082,ST ANTONY'S ROAD,606.82205,168
9083,ST ANTONY'S ROAD,465.36258000000004,177
9084,UPTON LANE,564.23158,168
9085,UPTON LANE,312.46373,175
9086,PARK ROAD,178.93676,168
9087,PARK ROAD,107.45948,172
909,ST PAUL'S ROAD / RAMSEY WALK,79.93056,96
9091,AMITY ROAD,288.6055,172
91,LANCASTER GATE STATION,392.03085,214
9109,CHARTERHOUSE STREET,47.65526,82
911,BALLS POND ROAD,285.47447,81
9110,WHITE HART LANE,637.48148,322
9111,QUEENSBURY CIRCLE,691.92799,258
9112,HONEYPOT LANE,664.34246,162
9114,HOUNSLOW WEST STATION,2647.43854,346
9115,HOUNSLOW WEST STATION,2004.37376,507
91212,THAMES BANK,18.954369999999997,162
91213,THAMES BANK,57.97099,158
91241,NAVARINO ROAD,10.36173,79
91242,NAVARINO ROAD,13.97603,75
9127,FRANCIS GROVE,1020.69469,510
913,SOUTHGATE ROAD,713.39203,276
9131,SPENCER HILL,83.64699,189
9132,SPENCER HILL,91.89820999999999,196
9137,ALBERT GROVE,160.86724,195
9138,ALBERT GROVE,513.67108,189
9145,RAYNES PARK STATION,580.56674,273
9149,FARNHAM GARDENS,153.924,99
915,DEPTFORD FIRE STATION,14.857029999999998,305
9150,FARNHAM GARDENS,82.34983,99
9151,TRAFALGAR COURT,65.99131,99
9152,TRAFALGAR COURT,112.12282,99
91521,COVELEES WALL,3.7077099999999987,176
91522,PARK GROVE,93.82812,173
91523,HARROW ROAD,177.69755,173
91524,MAIDA VALE,250.18775,158
91525,VICTORIA & ALBERT MUSEUM,62.50489,162
9153,CAVENDISH AVENUE,252.78181,140
91531,INNER LONDON CROWN COURT,538.54152,471
9154,SHANNON CORNER / CAVENDISH AVENUE,276.79737,150
9155,SHANNON CORNER / BURLINGTON ROAD,181.89269,140
9156,SHANNON CORNER / ROOKWOOD AVENUE,392.3137,250
9157,SHANNON CORNER / ROOKWOOD AVENUE,358.49275,255
9166,PLUMSTEAD HIGH STREET / POLICE STATION,361.76618,244
9167,PURRETT ROAD,151.16173,262
9170,BASILDON ROAD / BOSTALL HILL,253.72022,181
918,BRICKLAYER'S ARMS,306.594,176
9182,WELLING HIGH STREET / UPPER WICKHAM LANE,1299.17761,337
922,PYMMES PARK,543.79005,311
923,PYMMES PARK,337.24268,314
9236,PUTNEY HEATH,67.20767000000001,79
9237,PUTNEY HEATH,4.0630999999999995,81
9239,SOUTHEND ARTERIAL ROAD,145.22238,151
9240,SOUTHEND ARTERIAL ROAD,115.35453,153
9242,ST PAUL'S ROAD / HIGHBURY GROVE,601.11446,425
9248,ROMAN ROAD MARKET,705.61811,266
9249,ROMAN ROAD MARKET,641.19219,267
925,MOUNT PLEASANT ROAD,662.14849,621
9268,THE HOLT,96.36921,232
9270,GARRAD'S ROAD,77.02646,229
9271,GARRAD'S ROAD,559.132,229
9277,LANGLEY ROAD,83.17252,79
9283,GAINSBOROUGH ROAD,42.078269999999996,81
9291,PIER ROAD,353.39441,91
9292,ROYAL VICTORIA GARDENS,20.87837,96
9293,BASCULE BRIDGE,6.01907,96
9299,PIER ROAD,24.25239,96
930,GLENARM ROAD,1298.51433,624
9300,ROYAL VICTORIA GARDENS,65.88709,91
9302,BASCULE BRIDGE,6.91609,90
9304,EAST HAM / CENTRAL PARK,0.0,162
9305,MERLIN ROAD,61.79512,154
9306,MERLIN ROAD,23.63364,155
9307,EMPRESS AVENUE,164.37541,155
9308,EMPRESS AVENUE,93.33557,155
9309,HERONGATE ROAD,171.28869,155
931,LOWER CLAPTON ROAD,56.85831,95
9311,PARK ROAD,245.68948,154
9312,PARK ROAD,193.6476,154
9313,BLAKE HALL CRESCENT,140.76724,230
9316,BLAKE HALL CRESCENT,161.3971,229
9317,BUSH ROAD,70.27638999999999,274
9318,BUSH ROAD,13.39069,156
9319,FELSTEAD ROAD,85.41951999999999,275
9322,CAMBRIDGE PARK,10.48078,156
9326,WANSTEAD STATION,713.74777,422
9327,FULHAM BROADWAY,1963.63527,582
9328,FULHAM BROADWAY,2311.67867,583
933,JACK DUNNING ESTATE,119.69199,163
9330,BATTERSEA PARK / CHELSEA GATE,1158.75442,269
9331,BATTERSEA PARK / CHELSEA GATE,595.46637,267
9334,BATTERSEA PARK STATION,1385.06851,271
9335,BATTERSEA PARK STATION,871.92313,269
9338,QUEENSTOWN ROAD STATION,133.64911,251
9339,QUEENSTOWN ROAD STATION,208.04531,252
934,JACK DUNNING ESTATE,19.76618,162
9340,SILVERTHORNE ROAD,449.21070000000003,252
9341,SILVERTHORNE ROAD,400.05933,251
9342,PRAIRIE STREET,565.04609,252
9343,PRAIRIE STREET,350.0764,252
9346,QUEENSTOWN ROAD / WANDSWORTH ROAD,1216.83442,252
9347,MANOR CIRCUS,109.85495999999999,496
935,HACKNEY BATHS,387.29794,361
9350,PLAISTOW GREEN,125.8344,310
9351,EVELYN ROAD,162.46301,167
9352,EVELYN ROAD,162.2026,92
9353,SACRED HEART HOUSE,329.2734,192
9357,LYNDALE AVENUE,525.59673,265
9358,LYNDALE AVENUE,24.710829999999998,95
9359,NIGHTINGALE ROAD,479.12675,328
9360,NIGHTINGALE ROAD,720.62768,255
9361,QUEENSTOWN ROAD / WANDSWORTH ROAD,1002.59947,253
9362,WANDSWORTH ROAD,101.76122,192
9364,CEDARS ROAD / CLAPHAM COMMON NORTH SIDE,102.0165,191
9365,ROOKERY ROAD,96.44384,284
9366,ROOKERY ROAD,306.36486,375
9367,LONG ROAD / CLAPHAM COMMON,417.63971,454
9368,LONG ROAD / CLAPHAM COMMON,39.944649999999996,282
9369,BLACKBIRD CROSS,225.36912999999998,339
9370,BLACKBIRD CROSS,479.53804,333
9371,BLACKBIRD HILL,824.14525,349
9373,TUDOR GARDENS,312.06726,188
9377,BARLEY LANE / GOODMAYES STATION,449.58173,96
9378,GOODMAYES ROAD / GOODMAYES STATION,588.85767,97
9383,NIGHTINGALE LANE,57.66534,91
9388,WALM LANE,644.54768,99
9389,WALM LANE,12.542349999999999,101
9390,LEBANON COURT,231.24742,275
9391,LEBANON COURT,187.60647,277
9392,HORSEFERRY ROAD,216.67186,93
9393,HORSEFERRY ROAD,159.66346000000001,94
9395,PIMLICO ROAD / EBURY BRIDGE ROAD,225.97749,259
9399,ASHBURTON ROAD,70.95902,326
940,CRYSTAL PALACE PARADE,0.0,441
9400,ASHBURTON ROAD,96.38113,323
9401,NEASDEN SHOPPING CENTRE,345.59744,80
9414,WEST BROMPTON STATION,143.28099,199
9417,ROYAL HOSPITAL ROAD,292.41193,417
9418,CHELSEA BRIDGE ROAD,167.32485,256
9419,ROYAL HOSPITAL CHELSEA,40.169019999999996,242
9420,LISTER HOSPITAL,607.65131,340
9421,BURNT OAK STATION,1001.14241,182
9423,ROYAL HOSPITAL CHELSEA,321.72422,246
9425,LISTER HOSPITAL,625.30515,345
9427,HIGH STREET,781.8748400000001,266
943,WHITECHAPEL STN  / ROYAL LONDON HOSP,1718.42745,291
9431,HIGHGATE STATION,264.289,285
9432,HIGHGATE STATION,302.43783,281
9436,TRINITY PARK,169.76349,83
9437,TRINITY PARK,93.35309,83
944,WHITECHAPEL STN   / ROYAL LONDON HOSP,3183.40269,296
9441,MARSH LANE,247.87902,235
9442,MARSH LANE,654.06138,236
9443,WOODSIDE AVENUE,165.78024,185
9444,CRANLEY GARDENS,149.53075,187
9445,SOUTH GROVE,416.29439,249
9446,SOUTH GROVE,463.14018,248
9449,NORWOOD ROAD / ROBSON ROAD,955.51912,515
945,SIDNEY STREET,212.20009,198
9451,ELGIN CRESCENT,465.12921,261
946,DARLING ROW,65.17466,182
947,STEPNEY GREEN STATION,762.09514,200
9470,HAYES STATION,542.60837,374
9471,HAYES STATION,555.99088,377
9472,THE GARDENS,108.72548,353
9473,THE GARDENS,141.77266,351
9474,COMMERCIAL WAY,230.03208,174
9475,COMMERCIAL WAY,93.00419,176
9478,CHINGFORD FIRE STATION,77.08593,98
9479,CHINGFORD FIRE STATION,222.03772,96
9480,WILLESDEN LANE,247.04026,100
9481,LADBROKE GROVE STATION,1928.30974,507
9482,LADBROKE GROVE STATION,2287.91851,509
9487,BARON STREET / CHAPEL MARKET,128.54301999999998,279
9488,WHITE LION STREET,137.21471,302
949,ENGLEFIELD ROAD,69.33038,82
9497,GEORGE STREET,0.0,79
9498,BRUNEL STREET,7.283149999999999,277
9501,CHARRINGTON STEPS / CITY HALL,0.0,79
9504,CHARRINGTON STEPS / CITY HALL,45.08181,78
9509,WEST SILVERTOWN STATION,80.52167,78
951,UFTON ROAD,36.27471,96
9511,MILL ROAD,57.62367,161
9514,PONTOON DOCK STATION,79.06607,161
9516,MILL ROAD,44.43782,78
9517,THAMES BARRIER,134.03726,161
9518,THAMES BARRIER,61.362359999999995,161
952,UFTON ROAD,59.40744,95
9525,SAVILLE ROAD,56.96358,178
9526,LORD STREET,30.52144,178
9527,TATE ROAD,30.90877,172
953,NORTHCHURCH ROAD,396.38947,175
9531,FERNHILL STREET,39.24854,178
9532,FERNHILL STREET,100.24884,172
9533,ST JOHNS CHURCH,48.26613,178
9534,PIER ROAD,195.32997,175
9535,ROEBOURNE WAY,2.06064,83
9539,BARKING TOWN CENTRE,802.53967,238
954,NORTHCHURCH ROAD,213.94251,178
9540,BARKING TOWN CENTRE,1128.10168,353
9544,LONGBRIDGE ROAD,75.99655,245
9548,PARK AVENUE,243.18862000000001,246
9549,LOXFORD POLYCLINIC,1018.9182500000001,175
9550,LOXFORD POLYCLINIC,1128.6513,246
9551,WINGATE ROAD,703.70628,173
9554,WINGATE ROAD,688.43687,168
9555,CLEMENTSWOOD BAPTIST CHURCH,621.60704,170
9556,KINGSTON ROAD,734.21569,168
9559,BENGAL ROAD,150.57306,167
956,HAVERFIELD GREEN / GROVE ROAD,569.9996,183
9560,DUDLEY ROAD,658.28991,174
9574,BRISBANE ROAD,81.92657,81
9575,GRIGGS APPROACH,47.43922,79
9576,VICARAGE LANE,78.43984,81
9577,JAFFE ROAD,306.73164,79
958,SEVEN SISTERS ROAD,151.3136,538
9580,BENTON ROAD,41.752919999999996,81
9581,BENTON ROAD,168.45674,79
9582,LEY STREET / PERTH ROAD,344.67603,158
9583,PERTH ROAD,273.24171,79
9584,PARKLANDS CLOSE,60.37007,81
9585,PARKLANDS CLOSE,185.26378,79
9588,EASTERN AVENUE,184.58918,81
9589,CLIFTON ROAD,327.22573,79
959,SEVEN SISTERS STATION,3302.96407,536
9590,PERRYMANS FARM ROAD,251.37621000000001,81
9591,EASTERN AVENUE,376.35999,80
9594,EMMOTT AVENUE,51.19826,81
9595,ARTILLERY CLOSE,82.41337,80
9596,HAMILTON AVENUE,37.27387,81
9597,HAMILTON AVENUE,133.16863,81
9598,ALDWYCH AVENUE,82.36184,81
9599,ALDWYCH AVENUE,117.33699,81
96,HYDE PARK CORNER STATION,811.67584,215
960,TOTTENHAM SPORTS CENTRE,951.58155,356
9602,PRINCES ROAD,34.47877,81
9603,PRINCES ROAD,114.91125,81
9604,BARKINGSIDE STATION,153.80146,156
9605,BARKINGSIDE STATION,149.7852,79
9608,BARKINGSIDE MAGISTRATES COURT,230.05429,156
9609,SANDRINGHAM GARDENS,65.62193,79
961,TOTTENHAM SPORTS CENTRE,734.2286,359
9613,WAVERLEY GARDENS,548.05792,468
962,LORDSHIP LANE,1862.72391,528
9622,ALDBOROUGH ROAD SOUTH,187.28152,92
9623,ILFORD FIRE STATION,320.51471,95
9624,NEW ROAD,85.93454,93
9625,NEW ROAD,251.18144,94
9628,ROMAN CATHOLIC CHURCH OF ST CEDD,155.50278,96
9629,ROMAN CATHOLIC CHURCH OF ST CEDD,244.47527,96
9634,GOODMAYES RETAIL PARK,185.14337,96
9636,GROVE ROAD,331.35874,160
9637,GOODMAYES RETAIL PARK,365.83389,97
9638,BELFAIRS DRIVE,78.65850999999999,162
9639,MONTPELIER GARDENS,347.39155999999997,160
9644,CHADWELL HEATH LANE,1518.43893,390
9645,HERBERT GARDENS,632.16945,305
9646,PARK AVENUE,264.63054999999997,329
9647,ST ANN'S ROAD,1001.40533,537
9659,PURLEY WAY / WADDON ROAD,156.02925,144
9660,PURLEY WAY / WADDON ROAD,248.71008,236
9661,COURTNEY ROAD,258.09499,230
969,LUDGATE CIRCUS,495.50034,478
97,THRALE ROAD,324.30971,253
970,CALEDONIAN ROAD / CAMDEN ROAD,1537.28061,341
972,PALMERS GREEN / GREEN LANES,105.71003,174
975,PENGE LANE,55.154849999999996,163
9755,NEW ROAD,25.127489999999998,158
9756,LAMBS LANE NORTH,126.26476,158
9757,KING EDWARD AVENUE,1.9236299999999997,158
976,WARDOUR STREET,537.01764,246
9766,UPMINSTER BRIDGE STATION,435.57085,152
9767,UPMINSTER BRIDGE STATION,134.72004,149
9768,BILLET LANE,915.80466,302
9771,ABBS CROSS LANE,156.28638,307
9772,PARK LANE,490.35593,168
9773,PARK LANE,238.95854,172
978,LONDON BRIDGE,7737.7844000000005,931
9790,CLIFTON ROAD / MAIDA VALE,527.55653,249
9791,SOUTH CROYDON BUS GARAGE,806.76661,399
9796,TUDOR DRIVE,227.64964,98
9797,TUDOR DRIVE,105.55702,96
9798,HAM PARADE,543.6746899999999,96
98,THRALE ROAD,640.17527,254
9805,WANGEY ROAD,73.51982,156
9807,NORTHWAY ROAD,133.71025,82
9808,NORTHWAY ROAD,94.45692,81
9811,PARKVIEW ROAD,182.15538,230
9812,PARKVIEW ROAD,315.52233,231
9813,BELGRAVE ROAD,283.12234,89
9817,ELTHAM CHURCH / COURT YARD,638.4345,156
9818,MOTTINGHAM STATION,731.77034,235
9819,LYNDALE,75.17938,96
982,BLOOMSBURY SQUARE,1013.45533,432
9820,CU LONDON UNIVERSITY / RAINHAM RD NORTH,295.85121,74
9821,CU LONDON UNIVERSITY / RAINHAM RD NORTH,143.3591,146
9822,CU LONDON UNIVERSITY / WOOD LANE,318.17022,424
9823,CU LONDON UNIVERSITY / WOOD LANE,663.58929,341
9826,KILLICK STREET,173.66478999999998,262
9827,KILLICK STREET,397.95206,262
9829,CARNEGIE STREET,188.2479,263
9830,CALEDONIAN ROAD / COPENHAGEN STREET,515.15997,341
9831,CALEDONIAN ROAD / COPENHAGEN STREET,557.11319,343
9833,STORY STREET,636.30206,343
9834,STORY STREET,719.4159,342
9836,CALEDONIAN ROAD & BARNSBURY STATION,767.83996,341
9839,H M PRISON PENTONVILLE,539.0544,341
9840,H M PRISON PENTONVILLE,378.48019,344
9841,CALEDONIAN ROAD STATION,752.3461,263
9842,CALEDONIAN ROAD STATION,910.38326,265
9843,HOLLOWAY DELIVERY OFFICE,356.53758,339
9845,FREEGROVE ROAD,154.36583,341
9849,MANOR GARDENS,808.07335,290
9850,TUFNELL PARK ROAD,1012.60215,290
9852,MANOR GARDENS,451.19297,290
9853,ALEXANDER ROAD,1113.31419,288
9857,UPPER HOLLOWAY STATION,1095.34768,288
9858,UPPER HOLLOWAY STATION,654.65688,292
986,WASHINGTON ROAD,235.1728,340
9861,WATERLOW ROAD,356.35353,290
9862,WATERLOW ROAD,260.26298,281
9863,LANGDON PARK ROAD,295.90024,287
9864,LANGDON PARK ROAD,126.5298,281
9869,MUSWELL HILL ROAD,3.4753899999999995,99
987,WASHINGTON ROAD,44.68508,274
9871,NORTH HILL,14.173599999999999,98
9872,TALBOT ROAD / NORTH HILL,25.21586,98
9873,WOODSIDE AVENUE,123.11686,263
9874,WOODSIDE AVENUE,273.69673,266
9877,THE BISHOPS AVENUE,21.43219,261
9878,THE BISHOPS AVENUE,72.49728999999999,266
988,GREEN PARK / CONSTITUTION HILL,463.82174,608
9882,HERTFORD ROAD,111.08762,99
9883,KITCHENER ROAD,332.72492,94
9884,EAST FINCHLEY LIBRARY,218.16022,95
9887,OAK LANE,276.79378,98
9888,OAK LANE,186.14757,97
9889,STRAWBERRY VALE,156.63878,96
989,OLD PARK LANE / HARD ROCK CAFE,593.85216,292
9890,STRAWBERRY VALE,90.41659,99
9892,LEISURE WAY,242.37962,250
9893,GRANVILLE ROAD,252.99751,219
9894,GRANVILLE ROAD,179.08317,216
9897,CHRISTCHURCH AVENUE,507.22903,220
9899,CHRISTCHURCH AVENUE,92.53742,214
99,GREEN PARK STATION,1295.48377,506
9901,TALLY HO CORNER,527.60951,224
9903,RAVENSDALE AVENUE,384.87354,175
9906,DERWENT CRESCENT,170.98683,168
9907,SWAN LANE,54.41028,175
9908,SWAN LANE,208.25618,168
9909,WHETSTONE HIGH ROAD / FRIERN BARNET LANE,259.45495,301
9910,WHETSTONE HIGH ROAD / FRIERN BARNET LANE,544.62298,293
9912,CHANDOS AVENUE,148.90664999999998,337
9913,CHANDOS AVENUE,262.67211,326
9914,BUCKINGHAM AVENUE,82.78954999999999,338
9915,FRIERN MOUNT DRIVE,146.67216,326
9916,FRIERN MOUNT DRIVE,21.33937,338
9917,WALFIELD AVENUE,76.39934,326
9918,WALFIELD AVENUE,48.27336,338
9919,DINSDALE GARDENS,102.38105999999999,249
9920,DINSDALE GARDENS,41.4259,261
9921,POTTERS LANE,511.22269,555
9922,UNDERHILL,450.54741,578
9923,HIGH BARNET STATION,525.70951,562
9926,FITZJOHN AVENUE,0.0,84
9927,BARNET CHURCH,197.8667,282
9930,FARRINGDON STATION,76.73394,190
9931,FARRINGDON STATION,118.51476,196
9933,NORTH FINCHLEY HIGH ROAD,63.65444,167
9934,NORTH FINCHLEY HIGH ROAD,705.79803,162
9935,CHURCHFIELD AVENUE,42.9456,167
9936,GROVE ROAD,382.06605,162
9937,WOODHOUSE COLLEGE,356.28607,167
9938,WOODHOUSE COLLEGE,314.14157,162
9939,CRESCENT WAY,118.92106,167
994,SOUTHGATE STATION,1214.76975,189
9940,LEWES ROAD,219.54343,162
9941,SUMMERS LANE,272.58055,167
9944,COLNEY HATCH LANE,607.7265,235
9945,COLNEY HATCH LANE,603.6611,244
9947,ST JOHN'S CHURCH,287.28382,247
9949,STANFORD ROAD,184.38943,150
995,SOUTHGATE STATION,1002.95406,106
9950,BELLEVUE ROAD,175.45963,152
9951,BELLEVUE ROAD,134.53986,150
9952,BEACONSFIELD ROAD / NEW SOUTHGATE STN,184.05954,151
9953,BEACONSFIELD ROAD / NEW SOUTHGATE STN,84.64714,150
9954,NEW SOUTHGATE STATION,393.19355,253
9955,NEW SOUTHGATE STATION,287.22034,248
9956,WHITMORE CLOSE,49.244789999999995,253
9957,WHITMORE CLOSE,93.03007,247
996,WESTMINSTER STN  / PARLIAMENT SQUARE,1434.47734,802
9960,LOWER PARK ROAD,48.16753,180
9961,LOWER PARK ROAD,93.63686,174
9962,HOBART CORNER,126.76396,180
9963,HOBART CORNER,302.17251,174
9964,CLINE ROAD,93.27278,101
9965,CLINE ROAD,223.28874,99
9968,WARWICK ROAD,64.79077,101
9969,WARWICK ROAD,65.1831,99
9970,BOUNDS GREEN STATION,801.26433,100
9971,BOUNDS GREEN STATION,180.34301,99
9972,PALACE ROAD,181.37667,99
9973,PALACE ROAD,211.95185,99
9976,NIGHTINGALE ROAD,96.94266,99
9977,NIGHTINGALE ROAD,146.42586,99
9979,PARK AVENUE,42.27777,99
9980,HARINGEY CIVIC CENTRE,134.31102,99
9981,HARINGEY CIVIC CENTRE,17.38152,100
9982,WOOD GREEN SHOPPING CITY,3291.97352,681
9984,BRAMPTON PARK ROAD,1678.82773,578
9985,BRAMPTON PARK ROAD,784.26641,581
9986,WEST GREEN ROAD,779.62745,181
9988,BERESFORD ROAD,414.64831,181
9989,BERESFORD ROAD,487.59573,185
9990,MATTISON ROAD,1601.88994,271
9991,MATTISON ROAD,704.07599,278
9992,ENDYMION ROAD,1680.01305,271
9993,ENDYMION ROAD,279.04674,280
9995,ISLINGTON GREEN,309.94451,379
9996,THEBERTON STREET,1036.63989,393
BP001,FINSBURY PARK STATION,4385.82785,80
BP002,FINSBURY PARK STATION,3210.55267,81
BP003,FINSBURY PARK STATION,1432.57505,80
BP006,COOPERS LANE,45.126189999999994,150
BP007,COOPER'S LANE,63.12196,146
BP009,EDWARD TYLER ROAD,55.86185,77
BP010,MARVELS LANE / CHINBROOK ROAD,3.2923399999999994,80
BP011,MARBROOK COURT,36.96006,145
BP012,GROVE PARK CEMETERY,90.14549,159
BP013,ELMSTEAD WOODS STATION,93.32841,78
BP014,ELMSTEAD WOODS STATION,87.78028,79
BP015,WEST RIDGE GARDENS,28.85897,77
BP016,MARNHAM CRESCENT,67.32345,78
BP017,MARNHAM CRESCENT,184.76422,71
BP018,WEST RIDGE GARDENS,77.06031,70
BP019,FARNDALE CRESCENT,40.75178,74
BP020,ROSEDENE AVENUE,32.42023,75
BP021,FERRYMEAD DRIVE,13.75016,78
BP022,EAST CLOSE,63.11765,69
BP023,HENLEY CLOSE,56.37179,76
BP024,MARLEY CLOSE,10.230879999999999,77
BP025,MARLEY CLOSE,5.563359999999999,79
BP026,GOSLING CLOSE,65.08557,78
BP028,WALLIS ROAD,89.26034,78
BP029,WALLIS ROAD,177.82274,78
BP031,FARNDALE CRESCENT,53.29895,71
BP034,ALEXANDRA ROAD,112.52166,79
BP035,WYNDHAM ROAD,63.48208,79
BP036,BRUNSWICK ROAD,62.72731,79
BP041,ELMFIELD ROAD / THE MALL,2294.60531,644
BP042,ELMFIELD ROAD / THE MALL,25.316389999999995,501
BP043,ALPERTON SAINSBURY'S / ATHLON ROAD,308.13342,91
BP044,AMHERST ROAD,23.62174,170
BP045,CHARLBURY GROVE,83.53968,164
BP046,EATON RISE,65.53275,252
BP047,EATON RISE,9.023079999999998,163
BP049,GREENFORD POLICE STATION,9.17329,71
BP053,BROMLEY TOWN HALL,120.07379999999999,334
BP054,BROMLEY CIVIC CENTRE,470.33494,1152
BP055,BROMLEY CIVIC CENTRE,1228.4951,1140
BP056,BROMLEY MAGISTRATES COURT,35.1595,174
BP060,HALFWAY STREET / DAYS LANE,56.69403,71
BP061,CAMBRIDGE ROUNDABOUT / EAST SIDE,140.39853,117
BP067,BEDDINGTON / ASDA,310.29872,293
BP069,KESWICK AVENUE,65.42968,212
BP070,COLLIERS WOOD UNITED FOOTBALL CLUB,12.367049999999999,75
BP071,BECONTREE HEATH LEISURE CENTRE,920.98576,432
BP073,SENTINEL CLOSE,69.93042,80
BP074,EAST DULWICH SAINSBURY'S,316.53219,296
BP079,MALMESBURY ROAD,17.01509,83
BP080,MITCHAM JUNCTION STATION,220.5546,146
BP081,LIMEHOUSE STATION,393.062,396
BP082,THE HIGHWAY,295.49289,75
BP083,ALEXANDRA PARK ROAD,534.23881,184
BP086,MUNDAY ROAD / ROYAL VICTORIA,92.75986999999999,200
BP087,CROMWELL AVENUE,125.59469999999999,489
BP090,EDGWARE STATION,16.95837,1504
BP092,CYPRUS STATION,825.90801,240
BP093,HORSE LEAZE,56.65255,176
BP094,EAST HAM MANOR WAY,18.745769999999997,175
BP095,CLIFTON ROAD,1255.36082,655
BP096,BARKING STATION,4958.98104,475
BP098,CHAUNTLER CLOSE / CUNDY PARK,102.89099999999999,522
BP1000,LANDSTEAD ROAD,56.522800000000004,79
BP1001,WARLAND ROAD,67.32682,79
BP1002,HIGH GROVE / VOCE ROAD,44.70137,79
BP1003,FLAXTON ROAD / VOCE ROAD,127.82417,80
BP1004,DUNCROFT,101.17987,79
BP1005,BARDEN STREET,192.31711,79
BP1006,TIMBERCROFT LANE / PEGWELL STREET,130.04196,79
BP1007,HARROW WEALD BUS GARAGE,324.83824,143
BP1008,EALING BROADWAY STN   / HAVEN GREEN,0.22819,357
BP1009,TWICKENHAM TESCO,127.0431,236
BP101,BROOKSHILL GATE,14.25653,74
BP1010,BADRIC COURT,86.94365,95
BP1011,ARCHWAY BRIDGE,11.574929999999998,72
BP1012,ARCHWAY BRIDGE,7.973629999999999,70
BP1014,CHAPMAN STREET,32.59627,82
BP1015,CHAPMAN STREET,92.17275000000001,82
BP1019,STONEBRIDGE PARK STATION,803.30152,234
BP1026,ELMERS END STATION,25.018169999999998,73
BP1028,ELMERS END STATION,4.349119999999999,74
BP1031,CROYDON BOWLING CLUB,71.37915,235
BP1035,SPEKE HILL,34.61423,78
BP1036,NORTH CHEAM / SAINSBURY'S,115.28888,118
BP1037,WAGNER STREET,0.6005699999999999,73
BP1038,MANOR GROVE,23.78993,73
BP1039,PENARTH STREET,141.2797,73
BP104,PENDULA DRIVE,43.19936,81
BP1040,MANOR GROVE,217.59267,73
BP1041,MILLWALL FOOTBALL GROUND,69.55514,73
BP1042,MILLWALL FOOTBALL GROUND,99.30774,74
BP1043,SOUTH BERMONDSEY STATION,30.627489999999998,73
BP1044,SOUTH BERMONDSEY STATION,113.72141,74
BP1045,CHRISTCHURCH ROAD / HILLSIDE ROAD,18.00126,71
BP1046,DULWICH COLLEGE,64.10641,72
BP1047,ALLISON GROVE,68.26465,153
BP1048,SOUTHWARK SPORTS GROUND,20.01803,154
BP1049,LORDSHIP LANE ESTATE,104.6332,154
BP105,JOLLYS LANE,79.3115,161
BP1050,AVENUE PARK ROAD,65.91721,148
BP1051,LANCASTER AVENUE,0.9600599999999999,148
BP1052,THURLOW PARK ROAD / CROXTED ROAD,71.34092,149
BP1053,LANCASTER AVENUE,2.2285199999999996,145
BP1054,ELMCOURT ROAD,88.16615,146
BP1055,AVENUE PARK ROAD,55.12947,146
BP1056,CHRISTCHURCH ROAD / HILLSIDE ROAD,48.29027,72
BP1057,WEST DULWICH STATION,70.84841,72
BP1058,DULWICH COLLEGE,65.78518,72
BP106,WIMBLEDON STATION,6221.97829,602
BP1061,LORDSHIP LANE ESTATE,51.40439,155
BP1062,BREAM CLOSE,49.30797,195
BP1064,WEST DULWICH STATION,95.6619,72
BP1066,COLNEDALE ROAD,5.742869999999999,78
BP1067,CLARE HOUSE NURSING HOME,25.71771,75
BP1068,COLNEDALE ROAD,10.828389999999999,76
BP1069,WEYMOUTH ROAD,36.575649999999996,157
BP107,LIMEHOUSE POLICE STATION,113.08913,182
BP1072,HUMPHREY STREET,68.24136,80
BP1074,AVONDALE DRIVE,330.42892,260
BP1075,AVONDALE DRIVE,468.67752,258
BP1079,ANGEL ISLINGTON,715.20538,367
BP108,FAIRDALE GARDENS,318.66331,255
BP1081,CLARE HOUSE NURSING HOME,2.3683899999999998,78
BP1082,MASEFIELD AVENUE,180.88759,175
BP1096,WARREN ROAD / COURT ROAD,0.0602399999999999,64
BP1097,BELL GREEN / SAINSBURY'S,0.0,229
BP1099,BELL GREEN / SAINSBURY'S,512.0376,220
BP1100,BELL GREEN / SAINSBURY'S,610.54058,229
BP1105,SUNGATE COTTAGES,19.677419999999998,76
BP1106,MARLBOROUGH ROAD,4.95673,65
BP1107,MARLBOROUGH ROAD,7.5911599999999995,73
BP1108,PORTOBELLO ROAD,231.63761,92
BP1109,NELSON ROAD,0.1139,24
BP111,FAIRDALE GARDENS,662.41319,258
BP1110,UNDERHILL,0.16855,10
BP1112,LEWISHAM CENTRE,137.82107,572
BP1113,LEWISHAM CENTRE,2527.52061,442
BP1114,LEWISHAM CENTRE,3805.67785,503
BP1115,LEWISHAM CENTRE,3515.84384,486
BP1116,LEWISHAM CENTRE,4981.83383,617
BP1119,LEWISHAM CLOCK TOWER,1394.46032,501
BP112,ST JOHN'S WOOD ROAD / LORD'S CRICKET GRD,246.81023,188
BP113,BETSTYLE ROAD,295.44684,451
BP1134,HOOLEY / STAR LANE,47.73077,73
BP1135,NETHERNE DRIVE,1.0366799999999994,71
BP1136,NETHERNE DRIVE,17.10982,72
BP1137,KILBURN HIGH ROAD STATION,7.746769999999999,78
BP1138,BRONDESBURY ROAD,8.79736,78
BP114,BEDFONT LIBRARY,359.14856,158
BP1141,WORCESTER ROAD,46.71734,94
BP1143,ALEXANDRA PLACE,95.43129,78
BP1144,ALEXANDRA PLACE,28.427069999999997,79
BP1145,STRETTON ROAD,16.588179999999998,78
BP1146,STRETTON ROAD,88.91651,79
BP1147,DAVIDSON ROAD,36.88445,78
BP1148,DAVIDSON ROAD,67.39707,79
BP1149,BRAMPTON ROAD,242.40583,79
BP115,MALLARD PLACE,18.795209999999997,78
BP1150,BRAMPTON ROAD,82.72792,78
BP1151,TOWPATH WAY,252.0822,79
BP1152,TOWPATH WAY,79.34166,78
BP1153,CHRISTIE DRIVE,68.11342,78
BP1154,CHRISTIE DRIVE,125.88501000000001,79
BP1155,SUTTON GARDENS,45.48666,78
BP1156,SUTTON GARDENS,94.60847,79
BP1157,HEAVERS FARM SCHOOL,13.999159999999998,79
BP1158,WYNTON GARDENS,59.01179,80
BP1159,BECKMEAD COLLEGE,12.92987,79
BP116,MALLARD PLACE,35.00098,77
BP1160,THESIGER ROAD / WHATELEY ROAD,16.67687,74
BP1161,THESIGER ROAD / WHATELEY ROAD,12.01841,77
BP1162,LENNARD ROAD,35.54028,76
BP1163,LENNARD ROAD,25.3325,74
BP1164,KENT HOUSE LANE,23.51494,76
BP117,MANOR ROAD,12.65125,78
BP1172,GRANVILLE AVENUE,71.57277,72
BP1173,UPPER SUTTON LANE,13.78056,71
BP1174,UPPER SUTTON LANE,39.33292,67
BP1175,WILLOW GARDENS / GREAT WEST ROAD,34.27746,68
BP1176,WILLOW GARDENS / GREAT WEST ROAD,14.38097,70
BP1177,QUEENSWOOD AVENUE,10.84944,69
BP1178,QUEENSWOOD AVENUE,42.84706,68
BP1179,DENE AVENUE,17.42067,70
BP118,GROVE GARDENS,27.510089999999998,78
BP1180,DENE AVENUE,19.789659999999998,68
BP1181,BATH ROAD,35.21527,69
BP1182,BATH ROAD,24.10265,69
BP1183,THE GREENWAY,48.86641,70
BP1184,STAINES ROAD,32.27036,69
BP1185,BEVERLEY AVENUE,20.49183,71
BP1186,CRANFORD LANE / REDWOOD ESTATE,52.01395,167
BP1187,THE BLUE BRIDGE,187.94485,184
BP1189,ALBANY LEISURE CENTRE,218.77072,182
BP119,BEDFONT LAKES COMMERCIAL ESTATE,44.66415,74
BP1190,LEA VALLEY HIGH SCHOOL,180.79098,185
BP1193,SHADWELL STATION,86.77004,158
BP1196,POWNALL GARDENS,55.09073,169
BP1198,COLYTON WAY,1559.89141,360
BP1199,FAIRLAWN SCHOOL,65.53432,82
BP1201,KINGS CRESCENT ESTATE,242.37457,176
BP1202,MYDDLETON AVENUE,187.61144,178
BP1203,CONNAUGHT AVENUE,78.14222,152
BP1204,MERLIN ROAD,173.81896,77
BP1206,LADYWELL ROAD / PHOEBETH ROAD,20.81996,81
BP1207,LADYWELL ROAD / PHOEBETH ROAD,13.492329999999999,82
BP1208,GORDONBROCK SCHOOL / BROCKLEY CEMETERY,56.12337,81
BP1209,HENRYSON ROAD / BROCKLEY CEMETERY,45.45214,81
BP121,TOWFIELD ROAD,38.16475,83
BP1210,HUXBEAR STREET,35.20502,82
BP1211,HUXBEAR STREET,21.56025,81
BP1212,BROCKLEY GROVE / CROFTON PARK ROAD,60.40108,81
BP1213,BROCKLEY GROVE / HORSMONDEN ROAD,65.66589,82
BP1214,SOUTH VIEW COURT,50.3115,82
BP1215,SOUTH VIEW COURT,54.22256,82
BP1216,EWELME ROAD,22.085179999999998,82
BP1217,EWELME ROAD,25.82371,82
BP1218,HORNIMAN DRIVE,43.76304,82
BP1219,HORNIMAN DRIVE,42.0668,82
BP122,BEDFONT LIBRARY,156.46534,159
BP1220,HENGRAVE ROAD,77.90191,155
BP1221,HENGRAVE ROAD,48.338879999999996,153
BP1222,FAIRLAWN SCHOOL,40.43768,82
BP1223,CRICKETERS WALK,46.36573,176
BP1224,CRICKETERS WALK,65.39137,177
BP1225,GRANVILLE AVENUE,71.28491,73
BP1226,TREATY CENTRE,36.225629999999995,641
BP1227,NORTH END ROAD,525.04552,274
BP1228,KENT HOUSE LANE,8.3547,74
BP123,BEDFONT LAKES COMMERCIAL ESTATE,77.38887,76
BP1231,WESTFERRY STATION,407.85,360
BP1234,BAZELY STREET,951.66553,216
BP1236,NEW CROSS GATE STATION,1227.75487,370
BP1237,NEW CROSS GATE STATION,1416.20042,471
BP1238,BRIDGE ROAD,5.652889999999999,71
BP1239,BOUVERIE LODGE,9.7618,70
BP124,MANOR ROAD,45.032379999999996,76
BP1240,VICARAGE DRIVE,7.142329999999999,70
BP1241,VICARAGE DRIVE,4.878069999999999,69
BP1242,BOUVERIE LODGE,15.380189999999999,69
BP1243,HAYNE ROAD,5.57562,70
BP1244,BRIDGE ROAD,1.1075299999999997,70
BP1246,COURT ROAD / GREEN LANE,2.5737699999999997,131
BP1247,RAMSDEN ROAD / KYNASTON ROAD,14.930339999999998,134
BP1248,RAMSDEN ESTATE / RYE CRESCENT,148.66334,138
BP1249,ELDRED DRIVE,81.24803,73
BP125,GROVE GARDENS,44.11673,76
BP1250,RAMSDEN ROAD / TINTAGEL ROAD,117.85488,138
BP1251,SELSDON LIBRARY,219.13058,75
BP1252,FOXEARTH ROAD,15.76611,76
BP1253,DYKE DRIVE,106.0917,138
BP1254,RAMSDEN ROAD / COURT ROAD,66.81493,137
BP1255,COURT ROAD / GREEN LANE,8.72577,137
BP1264,BAYHAM STREET,393.21374,100
BP1265,BARNET HIGH STREET,8.874819999999998,213
BP1266,MANFORD CROSS,1.3707999999999998,78
BP1267,GROVE HILL,35.6868,147
BP1268,KINGSTON HOSPITAL,426.31557,207
BP1269,WORCESTER CLOSE,47.9503,156
BP127,DUNTON ROAD,1121.58656,174
BP1270,BRYAN ROAD / SURREY DOCKS FARM,123.50399,82
BP1271,BRYAN ROAD / SURREY DOCKS FARM,166.76257,83
BP1272,DOUBLETREE DOCKLANDS / NELSON DOCK PIER,205.79988,83
BP1273,DOUBLETREE DOCKLANDS / NELSON DOCK PIER,265.82426,82
BP1274,PAGEANT STEPS,62.89018,83
BP1275,PAGEANT STEPS,187.93094,82
BP1276,ESSEX HOUSE,180.77253,82
BP1277,KING & QUEEN WHARF,67.30796,83
BP1278,EDINBURGH COURT,217.59926,82
BP128,DUNTON ROAD,2050.69825,449
BP1280,THE PADDOCKS,121.10624,154
BP1281,BIDDULPH ROAD,156.99928,318
BP1283,PLUMSTEAD BUS GARAGE,563.3135,753
BP1287,STAINES ROAD,35.5888,71
BP1290,PARK ROAD,12.86796,153
BP1291,NAVIGATOR PARK,60.7959,167
BP1292,NAVIGATOR PARK,145.39877,161
BP1294,BLAKENEY ROAD / HAYNE ROAD,7.2707299999999995,70
BP1296,BECONTREE HEATH LEISURE CENTRE,747.06676,242
BP1297,BEXLEY LANE / CLEEVE PARK SCHOOL,45.0039,62
BP1298,BEXLEY LANE / CLEEVE PARK SCHOOL,42.10081,63
BP1300,QUEEN ELIZABETH HOSPITAL / WEST ENTRANCE,0.0,158
BP1304,BARKINGSIDE TESCO,106.53165,154
BP1306,SYDENHAM RISE,6.087279999999999,73
BP1307,AUGUSTA STREET,17.31515,83
BP1308,CHESTNUT AVENUE NORTH,33.87811,80
BP1309,WOODSIDE PARK AVENUE,21.5002,80
BP131,HAYES BY-PASS,0.0,75
BP1310,WOOD STREET STATION,162.10094,80
BP1311,FYFIELD ROAD,118.93533,163
BP1312,WOOD STREET STATION,42.02436,82
BP1313,CHESTNUT AVENUE NORTH,2.9135399999999994,82
BP1314,WOODSIDE PARK AVENUE,6.586069999999999,82
BP1317,COCKFOSTERS STATION,0.0,96
BP1318,HADLEY GREEN,0.5308899999999999,6
BP1319,FELTHAM POLICE STATION,34.5407,177
BP132,BENDISH ROAD,2061.10045,658
BP1320,FELTHAM POLICE STATION,32.18342,173
BP1321,CHELSFIELD LANE / ALMA ROAD,33.44028,75
BP1323,FALKIRK STREET,426.98781,288
BP1324,UPTON COURT ROAD,54.23821,79
BP1325,BRADENHAM AVENUE,40.57474,80
BP1327,PARTRIDGE GREEN,74.57805,77
BP1329,SOUTHEND LANE / BROMLEY ROAD,81.70507,155
BP133,WHALEBONE GROVE,137.87367,137
BP1330,BARWICK DRIVE,143.19040999999999,225
BP1331,LEES ROAD,200.8346,221
BP1332,SANDS END / SAINSBURY'S,51.72686,151
BP1334,LOVEL AVENUE,171.50811000000002,82
BP1335,WHITEHALL LANE / BRIDGE ROAD,87.29145,156
BP1337,GALSWORTHY HOUSE,43.30097,166
BP1338,GALSWORTHY HOUSE,23.151809999999998,168
BP134,PENTON RISE,701.14119,450
BP1340,DRURY LANE,6.126689999999999,247
BP1341,WOTTON GREEN / SANDWAY ROAD,33.93307,61
BP1342,BELGRAVE CLOSE,11.52976,58
BP1343,OLDBURY CLOSE,5.33726,58
BP1344,PECKHAM BUS STATION,0.0,448
BP1345,FULBROOK ROAD,266.93475,214
BP1347,BENNETSFIELD ROAD,72.42558,231
BP1348,DYKE DRIVE,17.25066,134
BP1349,CHESTER ROAD,215.47923,96
BP1350,CHESTER ROAD,138.79593,94
BP1351,BLACKWALL TUNNEL,97.31051,214
BP1353,YORK ROAD,59.97125,231
BP1357,IRON BRIDGE ROAD,37.98289,234
BP1358,BAMPTON ROAD,49.25993,85
BP136,THICKET ROAD,175.65175,255
BP1361,ST LEONARDS ROAD,129.84514,243
BP1362,ASHFORD HOSPITAL,89.13995,148
BP1363,ASHFORD HOSPITAL,639.07846,154
BP1364,TREATY CENTRE,3379.25461,749
BP1365,GROVE ROAD,175.4411,405
BP1366,BEDDINGTON FARM ROAD,16.64916,71
BP1367,BEDDINGTON FARM ROAD SORTING OFFICE,29.67294,73
BP1368,BEDDINGTON FARM ROAD SORTING OFFICE,10.85464,72
BP1369,MARLOWE WAY,19.38015,69
BP137,STANMORE STATION,0.0,99
BP1370,MARLOWE WAY,39.12128,74
BP1371,NEWINGTON BUTTS,108.97301,76
BP1372,BANDON HILL CEMETERY,31.773039999999998,71
BP1373,GARDEN CLOSE,17.32502,70
BP1374,FRANKLIN WAY / VALLEY PARK,31.018469999999997,71
BP1375,BEDDINGTON FARM ROAD,57.3913,72
BP1376,SOUTHFIELD CLOSE,20.95695,77
BP1377,LEES ROAD,68.18426,227
BP1378,SOUTHFIELD CLOSE,38.6357,83
BP1379,CHAPEL ROAD,1936.15504,434
BP138,KILBURN HIGH ROAD STATION,1106.76804,193
BP1380,HILLIERS AVENUE,35.37852,75
BP1385,HAMPTON COURT STATION,102.64185,155
BP1386,ABBEY ROAD,93.00538,79
BP1388,RUSSELL SQUARE,0.0,17
BP139,KENT ROAD,22.18717,64
BP1391,BARNSBURY ROAD,37.812149999999995,157
BP1392,LIVERPOOL ROAD / CHAPEL MARKET,373.42756,235
BP1393,PALMERSTON ROAD,153.31629,82
BP1394,OXFORD ROAD,51.57316,81
BP1395,MONTROSE ROAD,179.46502,75
BP1396,ENDWELL ROAD,94.6302,81
BP1397,ENDWELL ROAD,54.254799999999996,84
BP140,MONUMENT STATION,3680.40325,836
BP1400,BEDFONT LAKES,1.3124799999999999,77
BP1401,BEDFONT LAKES,6.012379999999999,75
BP1402,MARYLEBONE STATION,0.0,99
BP1403,BROCKLEY RISE / CHANDOS,0.0,148
BP1404,SUSSEX PLACE,329.74023,79
BP1405,SELSDON LIBRARY,187.14675,76
BP1406,DOVE CLOSE,10.510259999999999,76
BP1407,REDWING CLOSE,9.527059999999999,76
BP1408,BULLFINCH ROAD,9.73063,76
BP1409,KINGFISHER GARDENS,6.1073699999999995,76
BP141,MICHELHAM GARDENS,11.032709999999998,78
BP1410,GOLDFINCH ROAD,13.699259999999999,76
BP1411,PEACOCK GARDENS,9.09761,76
BP1412,SORREL BANK,16.55609,76
BP1413,SORREL BANK,64.00807,75
BP1414,PEACOCK GARDENS,35.943419999999996,75
BP1415,GOLDFINCH ROAD,72.55024,75
BP1416,KINGFISHER GARDENS,66.83814,75
BP1417,BULLFINCH ROAD,49.52362,75
BP1418,DOVE CLOSE,56.12255,75
BP1419,GLENTHORPE ROAD,45.62321,80
BP142,KENT ROAD,10.30529,70
BP1420,GLENTHORPE ROAD,24.765729999999998,73
BP1421,PARKWAY,77.27739,80
BP1422,PARKWAY,14.839149999999998,74
BP1423,CHERRYWOOD LANE,39.56973,80
BP1424,NORTHWAY,23.7754,74
BP1425,HOWBERRY ROAD,121.9837,77
BP1426,HOWBERRY ROAD,76.85067,76
BP1427,DALE PARK ROAD,80.65723,76
BP1428,BEULAH HILL,21.484499999999997,76
BP1429,BEULAH HILL,103.4666,77
BP143,RICHMOND ROAD,81.08337,145
BP1430,DALE PARK ROAD,98.17232,77
BP1431,SPRINGFIELD ROAD,152.07061,77
BP1432,BEULAH CRESCENT / BEULAH FAMILY CHURCH,130.42678,77
BP1433,BEULAH ROAD,129.08053,76
BP1434,BEULAH ROAD,130.79158,77
BP1435,CRYSTAL TERRACE,32.04631,76
BP1436,CHEVENING ROAD / HERMITAGE ROAD,50.21371,78
BP1437,UPPER NORWOOD RECREATION GROUND,45.37235,77
BP1438,HAROLD ROAD / CHEVENING ROAD,35.37226,76
BP1439,ELLERY ROAD,66.56501,76
BP144,STOCKWELL BUS GARAGE,39.97866,146
BP1440,ELLERY ROAD,143.17256,77
BP1441,ROCKMOUNT PRIMARY SCHOOL,14.82081,76
BP1442,CHEVENING ROAD / HERMITAGE ROAD,51.97895,76
BP1443,CRYSTAL TERRACE,33.97362,78
BP1444,WINDMILL GROVE,67.34492,76
BP1445,QUEENS ROAD CEMETERY,99.88671,77
BP1446,KIMBERLEY ROAD,138.35297,77
BP1447,WINDMILL GROVE,66.57185,78
BP1448,BEULAH FAMILY CHURCH,83.37421,76
BP1449,OSBORNE ROAD / NORTHWOOD ROAD,69.24847,76
BP145,STOCKWELL BUS GARAGE,71.4652,150
BP1450,SPRINGFIELD ROAD,82.03127,76
BP1451,BELMONT / STATION ROAD,24.603369999999998,66
BP1452,BELMONT / STATION ROAD,163.38659,69
BP1453,SUTTON / MARSHALL'S ROAD,656.5334,152
BP1457,AVALON CLOSE,32.92737,76
BP1458,MOLASH ROAD,6.545869999999999,61
BP1459,MANNING ROAD,27.345399999999998,119
BP146,MONRO GARDENS,187.76513,382
BP1460,CROCKENHILL ROAD,25.071659999999998,116
BP1461,NEW ROAD,19.60756,145
BP1462,NEW ROAD,115.46043999999999,148
BP1463,GREEN LANE,28.74073,145
BP1464,GREEN LANE,121.37401,146
BP1465,MARLPIT AVENUE,1.5495799999999997,49
BP1466,MARLPIT AVENUE,1.9426199999999998,42
BP1467,NINEACRES WAY,2.9473399999999996,42
BP1468,NINEACRES WAY,5.54416,49
BP1469,COULSDON WOOD,6.99937,42
BP147,CORNWALLIS ROAD,226.25312,77
BP1470,COULSDON WOOD,12.29567,46
BP1471,BLUEBERRY GARDENS,8.81573,45
BP1472,BLUEBERRY GARDENS,3.49844,45
BP1473,KESTON AVENUE,2.2666999999999993,44
BP1474,KESTON AVENUE,4.66761,48
BP1475,THE GLADE / KESTON AVENUE,0.2222799999999999,45
BP1476,THE GLADE,3.65684,46
BP1477,THE GLADE / KESTON AVENUE,1.0526,47
BP1478,CATERHAM DRIVE / WADDINGTON AVENUE,13.42036,44
BP1479,CATERHAM DRIVE / WADDINGTON AVENUE,4.10607,48
BP148,ROMFORD STATION,0.0,427
BP1480,CATERHAM DRIVE / KESTON AVENUE,5.584569999999999,45
BP1481,CATERHAM DRIVE / KESTON AVENUE,2.7051499999999997,47
BP1482,TAUNTON LANE,0.0,43
BP1484,SHIRLEY AVENUE,1.93607,50
BP1485,WADDINGTON AVENUE / HOMEFIELD ROAD,3.1576099999999996,50
BP1486,WADDINGTON AVENUE / HOMEFIELD ROAD,4.49484,43
BP1487,HOMEFIELD ROAD,1.7247399999999997,50
BP1488,HOMEFIELD ROAD,8.68393,42
BP1489,LACEY DRIVE,4.04618,55
BP1490,LACEY DRIVE,11.198690000000001,43
BP1495,HARROW & WEALDSTONE STATION,1206.1738,434
BP1496,TORRIANO PRIMARY SCHOOL,105.40931,173
BP1499,OSBORNE GARDENS,39.62918,77
BP1501,RAVENSCOURT PARK STATION,223.58203,349
BP1504,ILFORD COUNTY COURT,275.0682,92
BP1506,CHURCH STREET TRAM STOP,687.97185,314
BP1507,CHURCH STREET TRAM STOP,650.47195,92
BP1510,LINSTEAD WAY,159.25032,163
BP1511,HEMINGFORD ROAD,33.95388,80
BP1512,MARKET ROAD GARDENS,92.88344,79
BP1513,YORK WAY ESTATE,44.23283,80
BP1514,AGAR GROVE,106.16243,80
BP1515,MURRAY STREET,154.96801,80
BP1516,AGAR GROVE ESTATE,36.10992,80
BP1517,ST PANCRAS WAY,32.4722,78
BP1518,AGAR GROVE ESTATE,36.09881,78
BP1519,MURRAY STREET,70.64812,78
BP152,SELBORNE ROAD,258.39722,170
BP1520,YORK WAY,24.07783,78
BP1521,YORK WAY ESTATE,130.19407,78
BP1522,CALEDONIAN ROAD / MARKET ROAD GARDENS,114.55316,78
BP1523,HEMINGFORD ROAD,30.10437,79
BP1525,MITCHELL ROAD,0.0,75
BP1526,FRANCIS GROVE,0.0,76
BP1527,NATURAL HISTORY MUSEUM / QUEENS GATE,111.40036,110
BP1528,VICARAGE HOUSE,25.78465,101
BP1529,THE SQUARE,43.20362,239
BP153,SELBORNE ROAD,81.99679,166
BP1530,THE SQUARE,158.73965,233
BP1531,FURZEGROUND WAY,42.53633,238
BP1532,FURZEGROUND WAY,88.42835,231
BP1533,ROUNDWOOD AVENUE,145.33438999999998,230
BP1534,LONGWALK ROAD,95.36289,233
BP1535,NORTHWOOD STATION,180.00057999999999,65
BP154,COOMBE ROAD,332.93298,170
BP1540,UNION STREET,155.19428,324
BP1542,LEYTONSTONE STATION,0.0,228
BP1543,LEYTONSTONE STATION,473.76153,185
BP1545,LEYTONSTONE STATION,456.72672,228
BP1547,MORDEN PARK BAPTIST CHURCH,34.54324,79
BP1548,CROYDON LIBRARY,0.9817899999999998,225
BP1549,CROYDON LIBRARY,0.5453399999999999,185
BP155,CORNWALLIS ROAD,42.93297,73
BP1550,CROYDON LIBRARY,0.0,248
BP1554,NORTH ACTON STATION,76.63855,149
BP1557,WEST MIDDLESEX HOSPITAL,844.1582,181
BP1562,BARBAULD ROAD,125.39994,181
BP1563,MANOR GATE,63.28915,71
BP1564,ARNOLD ROAD,147.56965,70
BP1565,ISLIP MANOR PARK,17.962999999999997,71
BP157,SYDENHAM POLICE STATION,128.5752,80
BP1571,EAST STREET / THURLOW STREET,94.04834,79
BP1572,CONGREVE STREET,270.5043,79
BP1573,CONGREVE STREET,49.21737,76
BP1575,CAMOMILE STREET,1386.69812,713
BP1576,CAMOMILE STREET,3060.3095,708
BP1577,DEARSLEY ROAD,27.07727,152
BP1578,DEARSLEY ROAD,21.12607,156
BP158,CHICHESTER AVENUE,11.25518,27
BP1580,EAST STREET / THURLOW STREET,203.16914,75
BP1582,THAMESMEAD TOWN CENTRE,733.27412,340
BP1583,CENTRAL WAY / THAMESMEAD TOWN CENTRE,475.65122,248
BP1584,THE AVENUE,145.40528,192
BP1585,PARK STREET,741.82274,388
BP1586,PARK STREET,4006.17235,712
BP1588,CHARLBURY CRESCENT,235.29638,241
BP1589,HOLLAND ROAD,1047.74297,287
BP159,RUISLIP RUGBY FOOTBALL CLUB,3.745519999999999,80
BP1590,FERNS CLOSE,3.594169999999999,109
BP1591,FERNS CLOSE,14.782369999999998,96
BP1593,SPRINGFIELD AVENUE,3.5270299999999994,82
BP1594,ROY GROVE,10.996879999999999,82
BP1595,NIGHTINGALE ROAD,21.35693,82
BP160,CHURCH AVENUE,39.02457999999999,186
BP1604,HANOVER CIRCLE,0.1637199999999999,77
BP1605,HANOVER CIRCLE,21.38535,77
BP1606,YORK AVENUE,91.80597,77
BP1607,YORK AVENUE,0.7625599999999999,77
BP1608,CHURCH ROAD,97.75449,254
BP1609,CIVIC CENTRE,42.99857,409
BP161,STOCKWELL STATION  / CLAPHAM ROAD,275.06977,81
BP1610,CHERTSEY ROAD,131.34471,76
BP1611,CHERTSEY ROAD,249.2487,75
BP1612,THE SPIRES,246.20461,502
BP1616,EDGWARE LIBRARY,31.786019999999997,294
BP1619,WATERLOO STATION / TENISON WAY,2574.76151,318
BP1624,MANOR FARM ROAD,71.56287,91
BP1625,MANOR FARM ROAD,103.13447000000001,89
BP1626,BOTHWELL ROAD,15.40475,78
BP1627,WALSINGHAM ROAD,22.34912,78
BP1628,WOLSEY CRESCENT,36.0742,78
BP1629,FRENSHAM DRIVE,270.52501,155
BP163,YEADING TESCO,359.39657,161
BP1630,DUNLEY DRIVE,59.33303,155
BP1631,IVERS WAY,81.66868,155
BP1632,NETLEY CLOSE,88.17986,155
BP1633,WOLSEY CRESCENT,7.495189999999999,80
BP1634,WALSINGHAM ROAD,0.2208,80
BP1635,THE COMMON / WARWICK DENE,94.41648,146
BP1636,WELBECK AVENUE,37.47112,157
BP1638,GREAT CENTRAL STREET,208.58195,191
BP164,SCOTTES LANE,33.21384,157
BP1640,JENKINS LANE,13.12201,157
BP1641,JENKINS LANE,109.26946,159
BP1642,MADDISON CLOSE,6.52415,45
BP1643,VICARAGE ROAD,7.23823,35
BP1644,VICARAGE ROAD,12.45968,42
BP1645,TOLWORTH / KING CHARLES ROAD,79.39829,151
BP1646,KINGSTON HALL ROAD,261.96297,305
BP1648,BRONDESBURY STATION,805.95255,343
BP1649,ASHTON PLAYING FIELDS,60.54235,152
BP1650,THREE COLTS LANE,120.90011,182
BP1651,EALING ROAD,87.77594,148
BP166,FIVE ELMS ROAD,6.749019999999999,102
BP1666,WHITTINGHAM PRIMARY ACADEMY,269.83551,80
BP1667,ST ANDREWS ROAD,401.13474,80
BP1668,HILLYFIELD PRIMARY SCHOOL,243.20711,80
BP1669,RENNESS ROAD,137.17276,80
BP167,COLDHARBOUR,77.24486999999999,181
BP1670,FOREST ROAD,50.84264,80
BP1671,CHURCH OF ST MICHAEL & ALL ANGELS,84.78938,80
BP1672,BILLET ROAD,0.9905200000000001,79
BP1673,RENNESS ROAD,144.10879,79
BP1674,HILLYFIELD PRIMARY SCHOOL,28.86993,79
BP1675,ST ANDREWS ROAD,25.80893,79
BP1676,WALTHAMSTOW MARKET / HIGH STREET,126.28871,81
BP1677,WALTHAMSTOW MARKET / HIGH STREET,306.88343,79
BP1678,CHURCH OF ST MICHAEL & ALL ANGELS,36.73581,79
BP1679,FOREST ROAD,8.60249,79
BP168,ST PETERS CHURCH,208.74476,162
BP1680,FORTUNE GREEN,319.19925,168
BP1681,WIDMORE ROAD / KENTISH WAY,798.01604,154
BP1684,PINKWELL AVENUE,91.50111,75
BP1685,KINGSTON HALL ROAD,0.0,172
BP1691,DUKES AVENUE,37.572109999999995,165
BP1693,WEST HENDON BROADWAY,813.47496,365
BP1695,WATERLOO STATION / MEPHAM STREET,0.0,96
BP1696,CHALLENGE ROAD,51.24691,75
BP1697,CHALLENGE ROAD,14.46297,68
BP1698,OXFORD CIRCUS STATION,558.7746,520
BP170,WILLIAM MORRIS WAY / SAINSBURY'S,582.8331900000001,203
BP1701,KIRKSTONE LODGE,1.9261099999999995,75
BP1702,EASEDALE HOUSE,0.22021,75
BP1703,EUSTON STATION,0.0,75
BP1705,CENTRAL HILL,35.03848,76
BP1706,HIGHLAND ROAD,23.57844,76
BP1707,GIPSY HILL STATION,59.56667,76
BP1708,GIPSY HILL / GIPSY ROAD,56.20835,76
BP1709,OAKS AVENUE,59.58974,76
BP1710,SALTER'S HILL,291.90496,76
BP1711,ST GOTHARD ROAD,24.70516,75
BP1712,OAKS AVENUE,57.16374,75
BP1713,GIPSY HILL / GIPSY ROAD,78.88696,75
BP1714,GIPSY HILL STATION,99.75977,75
BP1715,HIGHLAND ROAD,2.32658,75
BP1716,BEDDINGTON LANE TRAM STOP,22.76802,76
BP1717,BEDDINGTON LANE TRAM STOP,43.5426,70
BP1718,ANIMAL RECEPTION CENTRE,3.0376499999999993,75
BP1719,ANIMAL RECEPTION CENTRE,4.25868,67
BP172,DEANS LANE,171.63748,76
BP1720,ORCHARD ROAD,32.64178,85
BP1723,WHITTINGHAM PRIMARY ACADEMY,8.24237,79
BP1726,FAIRGREEN ROAD,129.08114,77
BP1727,BERT ROAD,80.81903,77
BP1728,TORRIDGE ROAD,84.00367,76
BP1729,HASLEMERE ROAD,110.69844,77
BP173,LAWRENCE CAMPE CLOSE,21.50211,124
BP1730,LAKEHALL ROAD,150.98931,77
BP1731,FAIRGREEN ROAD,137.75208,77
BP1733,OAKWORTH ROAD,26.15635,173
BP1735,NORBITON STATION,495.43951,228
BP1736,STATION ROAD,1.4254099999999998,231
BP1737,GORDON ROAD,61.8987,252
BP174,BECKTON PARK STATION,1.3746299999999998,71
BP1742,BRANDVILLE GARDENS,267.96248,262
BP1743,REDBRIDGE STATION,229.51746,81
BP1747,FAIR STREET,944.44,379
BP1748,DOUGLAS ROAD,824.70948,379
BP1749,LEWIS GARDENS,165.21385,98
BP175,BECKTON PARK STATION,16.63856,71
BP1750,HEATHWAY,341.703,78
BP1752,HAYDON SCHOOL,128.8111,70
BP1753,CRANBOURNE ROAD,15.80865,70
BP1754,STANLEY ROAD,17.881899999999998,66
BP1755,WAVERLEY GARDENS,1.9291399999999999,66
BP1756,HILLSIDE SCHOOL,19.6048,65
BP1757,HILLSIDE ROAD / NORTHWOOD WAY,13.17579,66
BP1758,POTTER STREET HILL,15.93907,65
BP1759,WEST HATCH MANOR,7.21554,71
BP1760,WEST HATCH MANOR,11.700569999999999,66
BP1761,POTTER STREET HILL,7.2812399999999995,68
BP1762,HILLSIDE ROAD / NORTHWOOD WAY,5.404979999999999,67
BP1763,HILLSIDE SCHOOL,16.609759999999998,66
BP1764,WAVERLEY GARDENS,1.5387899999999999,66
BP1765,STANLEY ROAD,15.61024,67
BP1766,WINCHESTER ROAD,3.5783899999999997,67
BP1767,HAYDON SCHOOL,5.87548,69
BP1769,TUDOR ROAD,8.04627,71
BP1770,MILL FARM CLOSE,10.969289999999999,69
BP1771,CROSSWAY,25.65456,69
BP1772,ALBURY DRIVE,9.201659999999999,69
BP1773,TUDOR ROAD,22.28664,64
BP1774,MILL FARM CLOSE,90.74705,64
BP1775,ALBURY DRIVE,20.87916,64
BP1776,FRISWELL PLACE,0.0,245
BP1777,NORTH HYDE ROAD,7.894849999999999,81
BP1778,CROWLAND AVENUE,78.91638,81
BP1779,BEDFORD PLACE,84.23109,96
BP1780,MONTAGUE STREET,0.4365299999999997,96
BP1784,LYNDHURST AVENUE,47.63393,64
BP1785,BRIXTON ACADEMY,521.94981,423
BP1787,NEW CROSS SAINSBURY'S,0.0,165
BP1788,NEW CROSS SAINSBURY'S,245.98211,169
BP1789,HORNCHURCH STATION,1101.56232,233
BP179,BARGEHOUSE ROAD,124.66749,96
BP1790,LEYTONSTONE STN  / GROVE GREEN ROAD,2557.2053300000002,229
BP1791,LEYTONSTONE STN  / GROVE GREEN ROAD,748.57065,153
BP1792,LEYTONSTONE STATION / GROVE GREEN ROAD,0.0,153
BP1793,REGINA COELI SCHOOL,364.79718,140
BP1794,WOOD GREEN STATION,6295.32503,443
BP1795,LORDSHIP LANE,4849.22617,527
BP1796,CRANBOURNE ROAD,0.2739099999999999,67
BP1798,CRANBROOK ROAD,586.3632,378
BP1800,RUDDOCK CLOSE,8.970749999999999,75
BP1802,ISLAND GARDENS STATION,430.91803,188
BP1808,GOLDSMITH CLOSE,41.66747,94
BP181,ASHBURTON AVENUE,16.57299,78
BP1811,LANGLEY ROAD,19.279079999999997,79
BP1812,WATERSMEET PLACE,823.87356,248
BP1813,WATERSMEET PLACE,287.87217,248
BP1814,WALTHAMSTOW MARKET / HIGH STREET,9.62609,65
BP1815,CARISBROOKE ROAD,3.2065699999999997,66
BP1816,CARISBROOKE ROAD,21.56101,53
BP1817,WALTHAMSTOW MARKET / HIGH STREET,14.25464,52
BP1818,HOMERTON HOSPITAL,1064.34861,587
BP1819,CHATSWORTH ROAD / CLIFDEN ROAD,145.03225,168
BP1820,MILLFIELDS ROAD,367.87131,93
BP1822,CHATSWORTH ROAD,293.44714,94
BP1823,MEDIAN ROAD,128.02211,95
BP1824,CHATSWORTH ROAD,11.964039999999999,100
BP1825,BROOKSBY'S WALK,92.6842,175
BP1826,QUEEN'S ROAD PECKHAM STATION,148.74772000000002,72
BP1827,BLENHEIM GROVE,113.39791,74
BP1828,KINGS AVENUE,25.16855,77
BP1831,BELSIZE VILLAGE,37.7594,77
BP1832,BELSIZE VILLAGE,47.68114,76
BP1834,SILVERDALE KENNELS,37.63561,74
BP1835,SILVERDALE KENNELS,76.31725,77
BP1837,LEE VALLEY CAMPSITE,39.31078,151
BP1838,WOODSIDE FIRE STATION,24.94435,76
BP184,AMESBURY DRIVE,0.5782299999999999,75
BP1845,QUEEN MARY'S HOSPITAL / CANCER UNIT,102.3265,205
BP1846,QUEEN MARY'S HOSPITAL / MAIN ENTRANCE,130.93601,206
BP1849,YEW TREE WAY,19.5128,148
BP185,DARTMOUTH PARK ROAD,19.89381,78
BP1850,THE GREEN,34.0687,148
BP1851,COURTWOOD PRIMARY SCHOOL,2.0956699999999993,72
BP1852,BEARS WOOD,0.0,72
BP1853,COURT WOOD LANE / BARDOLPH AVENUE,101.58334,141
BP1854,THE GREEN,39.140589999999996,141
BP1855,MARKFIELD,45.50148,67
BP1856,BEARS WOOD,37.1286,67
BP1857,MARKFIELD,0.0,72
BP1858,CROFTERS MEAD,114.93836,76
BP1859,NEWLANDS WOODS,18.20572,75
BP186,ALBATROSS CLOSE,766.02004,416
BP1860,NEWLANDS WOODS,66.30633,75
BP1861,PIXTON WAY,96.57865,75
BP1862,PIXTON WAY,34.15495,75
BP1863,NESHAM STREET,122.29767,76
BP1864,HERMITAGE WALL,40.227979999999995,76
BP1865,SAMPSON STREET,32.21995,76
BP1866,DUNDEE STREET,14.51226,76
BP1867,WAPPING STATION,6.103109999999999,76
BP1868,WAPPING HEALTH CENTRE,189.23096,158
BP1869,WAPPING HEALTH CENTRE,140.72422,157
BP187,BETHNAL GREEN STATION,693.67528,269
BP1870,CLEGG STREET,23.65642,75
BP1871,GARNET STREET,34.47824,75
BP1872,WAPPING WALL,90.23014,157
BP1873,WAPPING STATION,189.94195,157
BP1874,DUNDEE STREET,73.2334,75
BP1875,SAMPSON STREET,63.65889,75
BP1876,HERMITAGE WALL,53.60085,75
BP1877,STOCKHOLM WAY,93.33435,75
BP1878,YEW TREE WAY,34.32237,143
BP1884,YEATS CLOSE,32.63037,71
BP1888,THE GREEN,213.14642,78
BP189,SURBITON SAINSBURY'S,347.9503,348
BP1892,BRIDGE ROAD,0.0,78
BP1896,MILDMAY LIBRARY,96.51816,82
BP1898,COLLEGE CRESCENT,41.74996,151
BP1899,COLLEGE CRESCENT,478.42295,155
BP1900,HILLSMEAD WAY,8.96534,77
BP1901,LYNDHURST ROAD / AKENSIDE ROAD,51.90726,76
BP1902,CHRISP STREET MARKET,88.98573999999999,83
BP1903,HAY CURRIE STREET,18.68921,83
BP1904,JOLLY'S GREEN,13.502619999999999,83
BP1905,ST MICHAEL'S COURT,26.57723,83
BP1906,TEVIOT ESTATE,29.18123,83
BP1907,POPLAR BAPTIST CHURCH,50.93454,83
BP1909,LEVEN ROAD,114.4464,84
BP191,LEWISHAM STATION,0.4857799999999998,80
BP1910,POPLAR BAPTIST CHURCH,99.01746,84
BP1911,TEVIOT ESTATE,47.54644,84
BP1912,ST MICHAEL'S COURT,49.76569,84
BP1913,GLENKERRY HOUSE,62.25974,84
BP1914,HAY CURRIE STREET,39.62752,83
BP1915,POPLAR WALK,186.41854,261
BP1916,POPLAR WALK,158.51779,249
BP1918,HAROLD WOOD NEIGHBOURHOOD CENTRE,0.6717999999999997,8
BP1920,GREENSIDE,518.84772,242
BP1923,SELSDON WOOD NATURE RESERVE,54.99152,67
BP1927,GEDDES PLACE,0.0,81
BP1928,UXBRIDGE HIGH SCHOOL,97.16231,80
BP1929,BRUNEL UNIVERSITY,283.18305,80
BP1930,HUXLEY CLOSE,50.96749,157
BP1931,ST LAURENCE CHURCH,100.1459,157
BP1932,PIELD HEATH,8.1913,157
BP1933,PEEL WAY,24.193139999999996,157
BP1934,VIOLET AVENUE,230.99042,154
BP1935,THE GREEN,21.46456,81
BP1936,MILL ROAD,38.19877,81
BP1937,ROSEARY CLOSE,6.421119999999999,81
BP1938,MAGNOLIA STREET,18.806,81
BP1939,GREAT BENTY,27.08941,81
BP1940,LAUREL LANE PRIMARY SCHOOL,13.03243,81
BP1941,BERBERIS WALK,42.33278,78
BP1942,GREAT BENTY,131.43534,78
BP1943,MAGNOLIA STREET,37.70359,79
BP1944,ROSEARY CLOSE,59.44174,79
BP1945,HARROW & WEALDSTONE STATION,1752.31272,420
BP1946,THE GREEN,54.46961,79
BP1947,VIOLET AVENUE,85.76036,153
BP1948,ST LAURENCE CHURCH,129.65683,155
BP1949,HUXLEY CLOSE,53.43969,155
BP1950,BRUNEL UNIVERSITY,658.31189,78
BP1951,VILLIER STREET,36.21503,78
BP1952,UXBRIDGE HIGH SCHOOL,28.9786,78
BP1953,CLEVELAND ROAD,35.90614,77
BP1954,CLEVELAND ROAD,34.33565,77
BP1955,MILL ROAD,76.8882,79
BP1957,OAKCROFT ROAD,10.59313,74
BP1958,OAKCROFT ROAD,136.02339,73
BP1959,MOUNT ROAD,119.38302,73
BP1960,MOUNT ROAD,11.2593,74
BP1961,LITTLEGROVE,17.51199,79
BP1962,THE REDDINGS,11.16517,78
BP1964,ELMWOOD ROAD / THE CHARTER SCHOOL,144.71255,156
BP1965,CASINO AVENUE,121.5947,156
BP1966,HERNE HILL,71.11713,156
BP1967,HAREDALE ROAD / CARNEGIE LIBRARY,79.56942,81
BP1968,DEERDALE ROAD / ST SAVIOUR'S SCHOOL,89.92419,81
BP1969,LOUGHBOROUGH JUNCTION STATION,0.8668199999999995,81
BP197,MARYLEBONE STATION,268.09755,96
BP1970,PADFIELD ROAD,46.00404,82
BP1971,DEERDALE ROAD / ST SAVIOUR'S SCHOOL,46.58239,82
BP1972,LOWDEN ROAD / CARNEGIE LIBRARY,23.67029,82
BP1973,DENMARK HILL,49.12194,82
BP1974,CASINO AVENUE,41.38368,161
BP1975,SUNRAY AVENUE,60.19919,161
BP1976,ELMWOOD ROAD / THE CHARTER SCHOOL,65.6201,161
BP1977,CEPHAS STREET,240.30788,182
BP1978,WOODCOTE PARK,5.94562,73
BP1979,UPPER WOODCOTE VILLAGE,8.275979999999999,72
BP1980,UPPER WOODCOTE VILLAGE,36.7023,76
BP1981,WOODCOTE PARK,10.507029999999999,74
BP1983,DUDLEY GARDENS,24.834889999999998,149
BP1984,DUDLEY GARDENS,130.04049,152
BP1985,SCOTLAND GREEN,1595.90203,518
BP1986,FELTHAM LEISURE WEST,133.08568,164
BP1989,GRANVILLE ROAD,79.72602,83
BP199,PORTLAND RISE,896.04721,377
BP1990,GATWICK ROAD,33.663869999999996,83
BP1991,HARTS LANE ESTATE,297.10483,157
BP1992,BELL CORNER / HOUNSLOW CIVIC CENTRE,108.13376,153
BP1993,BELL CORNER / HOUNSLOW CIVIC CENTRE,4119.71407,598
BP1994,BECKTON TRIANGLE RETAIL PARK,480.65041,238
BP1995,BECKTON TRIANGLE RETAIL PARK,57.079429999999995,235
BP1997,ENFIELD CHASE STATION,0.0,79
BP1998,WHARFDALE ROAD / LONDON CANAL MUSEUM,474.54989,431
BP1999,ST GILES SCHOOL,43.32075,147
BP2000,WEST CROYDON STATION,2393.46577,268
BP2003,DRAYTON ROAD,37.70888,154
BP2004,LEVEN ROAD,77.11847,83
BP2006,DOWNSIDE CRESCENT,166.57143,170
BP2008,MERIDIAN HIGH SCHOOL,6.076499999999999,64
BP2009,KENNELWOOD CRESCENT,107.82451999999999,88
BP2010,THORPE CLOSE,121.70231,89
BP2013,CLEVES CRESCENT,9.34281,96
BP2014,KENNELWOOD CRESCENT,10.328399999999998,96
BP2015,MERIDIAN HIGH SCHOOL,11.35517,64
BP2016,EUSTON ROAD,1137.98893,465
BP2017,OASIS ACADEMY BYRON,3.38311,48
BP2018,COULSDON RISE,3.6032999999999995,49
BP2019,ARMY RESERVE CENTRE,0.22222,50
BP202,TEDDINGTON LOCK,36.65511,78
BP2020,TERRITORIAL ARMY CENTRE,2.2733899999999996,39
BP2021,COULSDON RISE,4.10074,41
BP2022,OASIS ACADEMY BYRON,10.62852,42
BP2023,STREATHAM HILL / TELFORD AVENUE,0.0,163
BP2024,CASTLE HILL AVENUE,22.24633,78
BP2025,BAYLIS ROAD / LAMBETH NORTH STATION,76.94688000000001,83
BP2026,CONNAUGHT BRIDGE,54.79943,174
BP2027,CONNAUGHT BRIDGE,139.80142,172
BP2029,WORSLEY BRIDGE ROAD / SOUTHEND LANE,36.26729,74
BP2030,LOWER SYDENHAM STATION,50.09079,74
BP2031,GREYCOT ROAD,20.21801,74
BP2032,HACKINGTON CRESCENT,58.183009999999996,74
BP2033,WORSLEY BRIDGE ROAD / BRACKLEY ROAD,22.11795,74
BP2034,WORSLEY BRIDGE ROAD / BRACKLEY ROAD,15.32859,74
BP2035,HACKINGTON CRESCENT,25.92619,74
BP2036,GREYCOT ROAD,5.816599999999999,74
BP2037,LOWER SYDENHAM STATION,14.47712,74
BP2038,WORSLEY BRIDGE ROAD / SOUTHEND LANE,2.6144499999999997,74
BP2039,BROOK LANE,32.39029,75
BP204,BEDDINGTON VILLAGE,93.61493,149
BP2040,RANGEFIELD ROAD / SOUTHOVER,6.089549999999999,75
BP2041,BURNT ASH PRIMARY SCHOOL,13.58082,75
BP2042,PONTEFRACT ROAD,10.2335,75
BP2043,RANGEFIELD ROAD / VALESWOOD ROAD,22.10135,75
BP2044,RANGEFIELD PRIMARY SCHOOL,12.96993,75
BP2045,KEEDONWOOD ROAD,10.07212,75
BP2046,HADDINGTON ROAD,87.01373,76
BP2047,WHITEFOOT LANE / FORSTER HOUSE,29.66825,76
BP2048,WHITEFOOT LANE / BROMLEY ROAD,10.31982,76
BP2049,BROOK LANE,51.1532,76
BP2050,RANGEFIELD ROAD / SOUTHOVER,77.44311,76
BP2051,PONTEFRACT ROAD,71.5149,76
BP2052,RANGEFIELD ROAD / VALESWOOD ROAD,91.08349,76
BP2053,RANGEFIELD PRIMARY SCHOOL,59.80149,76
BP2054,KEEDONWOOD ROAD,18.2563,76
BP2055,HADDINGTON ROAD,192.57431,76
BP2056,WHITEFOOT LANE / FORSTER HOUSE,10.18891,75
BP2057,WHITEFOOT LANE / BROMLEY ROAD,52.38078,76
BP2059,TRUBSHAW ROAD,0.05456,79
BP2060,MCNAIR ROAD,130.36669,78
BP2061,TOPLOCKS ESTATE / GLADE LANE,48.55109,157
BP2062,MCNAIR ROAD,0.0546,79
BP2063,TENSING ROAD,131.02645,77
BP2064,HILLARY ROAD,49.88198,77
BP2065,GREGORY ROAD,100.94936,77
BP2067,CAMBRIDGE ROAD,31.348799999999997,145
BP2068,WEST CROMWELL ROAD,406.06142,248
BP2069,WARWICK ROAD TESCO,0.0,78
BP2072,WOODSIDE PARK STATION,190.55923,112
BP2073,ROYAL MARSDEN HOSPITAL,134.83548,259
BP2074,SEVEN SISTERS STATION,6635.04951,715
BP2076,STANHOPE ROAD,0.0,78
BP2077,OAKLEIGH PARK STATION,30.94631,57
BP2078,OAKLEIGH PARK STATION,29.75213,56
BP2079,OAKLEIGH GARDENS,32.86717,51
BP208,TUDOR ESTATE,51.47545,150
BP2080,OAKLEIGH GARDENS,3.8455199999999996,58
BP2082,YORKE GATE,1.4868399999999993,123
BP2083,STREATHAM PLACE,160.04771,359
BP2084,MONTPELIER ROW,83.90071999999999,187
BP2085,LAVENDER ROAD,65.304,83
BP2086,DULWICH WOOD AVENUE,22.88611,75
BP2087,COLBROOK AVENUE,2.5877399999999993,76
BP2088,ELERS ROAD,5.002749999999999,76
BP2089,HARLINGTON SCHOOL,15.742239999999997,76
BP209,TUDOR ESTATE,193.74354,71
BP2090,PINKWELL JUNIOR SCHOOL,12.68658,76
BP2091,PINKWELL PARK,2.3614599999999997,77
BP2093,GLAMIS CRESCENT,52.79805,76
BP2094,PINKWELL PARK,88.92117,75
BP2095,PINKWELL INFANT SCHOOL,69.07479,76
BP2096,PINKWELL JUNIOR SCHOOL,119.94626,76
BP2097,ROSS CLOSE,216.03292,76
BP2098,WALTHAM AVENUE,255.87016,76
BP2099,SPINNEY DRIVE,146.33999,152
BP210,PENGE / SAINSBURY'S,1087.58244,259
BP2100,SPINNEY DRIVE,80.64520999999999,148
BP211,EBURY STREET,57.43088,74
BP2114,ERITH TOWN CENTRE / CROSS STREET,1712.29861,332
BP2115,ERITH HEALTH CENTRE,577.78976,413
BP2117,THERAPIA LANE,4.612919999999999,73
BP2118,BEDDINGTON LANE / SEWAGE TREATMENT WORKS,3.8568999999999996,72
BP2119,BEDDINGTON CROSS,4.232009999999999,73
BP212,IMPERIAL COLLEGE / ELVASTON PLACE,221.88047,75
BP2120,THERAPIA LANE,9.32683,73
BP2123,FREEMAN COURT,81.49889,77
BP2124,OAKHILL ROAD,41.511739999999996,77
BP2125,OAKHILL ROAD,120.20293,77
BP2126,FREEMAN COURT,23.91369,77
BP2127,O2 CENTRE / SAINSBURY'S,10.145839999999998,160
BP2128,O2 CENTRE / HOMEBASE,17.07847,158
BP2129,DINGWALL ROAD / EAST CROYDON STATION,189.55003,516
BP213,IMPERIAL COLLEGE / QUEENS GATE TERRACE,18.168779999999998,76
BP2131,ST OLAVE'S WALK,120.42348,77
BP2132,LONGTHORNTON ROAD,133.34565,77
BP2133,DARCY ROAD,144.77241,77
BP2134,DARCY ROAD,15.67011,77
BP2135,LONGTHORNTON ROAD,8.47411,78
BP2136,CONWAY GARDENS,52.38428,152
BP2137,CARISBROOKE ROAD / HERTFORD WAY,52.03228,152
BP2138,LEICESTER AVENUE,61.420989999999996,154
BP2139,BRAMLEY AVENUE,3.9190099999999997,73
BP214,PRINCE CONSORT ROAD,11.911829999999998,154
BP2140,BRAMLEY AVENUE,53.97985,76
BP2141,PURLAND ROAD EAST,53.315,75
BP2142,PETTMAN CRESCENT,0.3282699999999998,75
BP2143,PURLAND ROAD EAST,57.49425,74
BP2144,NATHAN WAY / EASTERN WAY,85.6523,74
BP2145,PURLAND ROAD WEST,40.40659,75
BP2146,BOUGHTON ROAD,35.907000000000004,75
BP2147,BOUGHTON ROAD,85.88863,74
BP2148,NATHAN WAY / EASTERN WAY,43.12748,75
BP2149,PETTMAN CRESCENT,25.89543,74
BP215,WILLIAM MORRIS WAY / SAINSBURY'S,93.90743,126
BP2150,HADDEN ROAD,22.17454,75
BP2151,PURLAND ROAD WEST,45.7675,74
BP2152,HADDEN ROAD,24.00482,74
BP2154,COWBRIDGE LANE,1.4329899999999998,78
BP2155,COWBRIDGE LANE,130.00035,79
BP2156,THE LOWE,0.0,23
BP2157,BALHAM STATION  / BALHAM STATION ROAD,309.15231,151
BP2158,SIDCUP LEISURE CENTRE,15.7568,78
BP2159,SIDCUP LEISURE CENTRE,214.11286,80
BP216,BAGLEYS LANE,101.96312,153
BP2160,BEDONWELL ROAD / LONG LANE,18.71557,142
BP2161,GREAT EASTERN STREET,664.78241,195
BP2162,HOMERTON HOSPITAL / WARDLE STREET,1128.03342,487
BP2164,EDGWARE ROAD STATION,790.16815,100
BP2168,BERKELEY SQUARE,110.5132,96
BP217,IMPERIAL WHARF STATION  / IMPERIAL ROAD,532.68249,153
BP2171,PENINSULAR PARK ROAD,712.79583,267
BP2172,PENINSULAR PARK ROAD,853.58354,259
BP2173,FAIRFIELDS ROAD,1196.82803,667
BP2174,DOUGLAS ROAD,594.23602,340
BP2176,GALLOWS CORNER RETAIL PARK,60.06747,156
BP2177,GUBBINS LANE,82.98967999999999,75
BP2178,COURT AVENUE,12.06538,73
BP2179,PETERSFIELD AVENUE,82.2354,73
BP2180,PETERSFIELD AVENUE,90.28339,72
BP2181,COURT AVENUE,30.485519999999998,71
BP2182,GUBBINS LANE,53.45001,72
BP2183,BAMPTON ROAD,66.33332,80
BP2184,GALLOWS CORNER RETAIL PARK,103.38231,144
BP2185,BECK COURT,10.3492,66
BP2186,CENTRAL TERRACE,4.285819999999998,68
BP2187,CLEMENT ROAD,6.057209999999999,67
BP2188,CLEMENT ROAD,23.404149999999998,67
BP2189,SEWARD ROAD,42.36297,67
BP2190,OLD SCHOOL CLOSE,14.6793,67
BP2191,OLD SCHOOL CLOSE,5.394139999999999,68
BP2192,BLANDFORD ROAD,12.06711,67
BP2193,BLANDFORD ROAD,29.707369999999997,68
BP2194,CROYDON ROAD,11.10442,72
BP2195,ANERLEY PARK ROAD / THICKET ROAD,13.992189999999999,72
BP2196,CASTLEDINE ROAD,22.62707,71
BP2197,CASTLEDINE ROAD,2.9304099999999993,72
BP2198,ANERLEY PARK / ANERLEY ROAD,11.584919999999999,72
BP2199,ANERLEY PARK / ANERLEY ROAD,17.39735,68
BP2200,CRYSTAL PALACE PARK,2.9929799999999993,71
BP2201,CRYSTAL PALACE PARK ROAD,0.3310399999999998,70
BP2202,PENGE WEST STATION,11.643479999999998,74
BP2203,TRENHOLME ROAD,17.47488,72
BP2204,ADDINGTON ROAD / PUMPING STATION,11.95475,148
BP2205,ADDINGTON ROAD / PUMPING STATION,2.1506499999999993,152
BP2212,STONE PARK AVENUE / CHINESE GARAGE,29.64474,74
BP2213,STONE PARK AVENUE / CHINESE GARAGE,20.86358,73
BP2214,STOCK HILL,4.51875,56
BP2215,ROSEHILL ROAD,7.026459999999999,57
BP2216,SWIEVELANDS ROAD,4.12653,58
BP2217,SWIEVELANDS ROAD,5.74336,64
BP2218,CHARLTON DRIVE,8.32026,65
BP222,LONGBRIDGE ROAD,228.63614,79
BP2220,STONE PARK AVENUE / MANOR WAY,27.7395,73
BP2221,STONE PARK AVENUE / MANOR WAY,33.88861,74
BP2222,STONE PARK AVENUE / VILLAGE WAY,3.0923399999999996,72
BP2223,STONE PARK AVENUE / VILLAGE WAY,18.00279,73
BP2224,RED LODGE ROAD / WEST WICKHAM STATION,45.50005,74
BP2225,RED LODGE ROAD / WEST WICKHAM STATION,88.66004,72
BP2226,THE CHINESE GARAGE,72.53743,83
BP2227,THE CHINESE GARAGE,86.9393,85
BP2229,LANGLEY COURT / WEST GATE,30.49458,83
BP2230,LANGLEY COURT / SOUTH GATE,20.58375,85
BP2231,ELDERSLIE CLOSE,11.79357,83
BP2232,UPPER ELMERS END ROAD,117.3976,85
BP2233,SHORTLANDS STATION,121.56691000000001,154
BP2234,SHORTLANDS STATION,101.1871,158
BP2235,CHURCH ROAD,25.99628,153
BP2236,CHURCH ROAD,69.88746,158
BP2237,SHORTLANDS GROVE,16.93748,83
BP2238,SHORTLANDS GROVE,37.24995,84
BP2239,DEN ROAD,15.802539999999999,84
BP2240,DEN ROAD,25.11979,83
BP2250,ERITH TOWN CENTRE / RIVERSIDE,0.0,254
BP2251,COPTHORNE AVENUE,43.037819999999996,80
BP2252,MOUNT ASH ROAD,13.238449999999998,73
BP2253,HEATHEDGE,12.63881,72
BP2254,MOUNTEARL GARDENS,44.64459,95
BP2255,BRANDVILLE ROAD,172.38730999999999,256
BP2256,MORDEN STATION,0.0,314
BP2257,MORDEN STATION,0.0,205
BP2258,LANGLEY COURT / SOUTH GATE,19.852819999999998,83
BP2259,BLACKFEN ROAD / WESTWOOD LANE,241.7924,100
BP2260,FELTHAM STATION,121.89403,80
BP2261,FELTHAM STATION,409.32861,84
BP2267,BUGSBYS WAY / GALLIONS ROAD,510.52899,267
BP227,RENWICK ROAD,119.74471,170
BP2272,RAINHAM STATION,19.071659999999998,69
BP2273,NORTH GREENWICH STATION,4945.3192500000005,253
BP2274,NORTH GREENWICH STATION,5855.25607,351
BP2275,NORTH GREENWICH STATION,3263.02698,261
BP2276,NORTH GREENWICH STATION,2427.61514,81
BP2277,NORTH GREENWICH STATION,0.0,765
BP2278,CANNING TOWN BUS STATION,1083.97249,202
BP2279,CANNING TOWN BUS STATION,519.96786,132
BP228,GRAVEL HILL,29.13826,75
BP2280,CANNING TOWN BUS STATION,127.48539,79
BP2281,CANNING TOWN BUS STATION,1292.61601,265
BP2282,CANNING TOWN BUS STATION,4957.63839,339
BP2283,CANNING TOWN BUS STATION,887.20548,102
BP2284,CANNING TOWN STATION,0.0,517
BP2285,HOUNSLOW HIGH STREET,1625.80764,1385
BP2286,WESTERHAM HILL BAPTIST CHURCH,4.9496899999999995,63
BP2287,MARION CRESCENT,68.82447,140
BP2288,CRAY VALLEY ROAD,7.003359999999999,70
BP2289,POVEREST ROAD / CHURCH HILL WOOD,49.11888,135
BP2290,POVEREST ROAD / CHISLEHURST ROAD,6.339029999999999,136
BP2291,POVEREST ROAD / CHISLEHURST ROAD,16.074939999999998,141
BP2292,POVEREST ROAD / CHURCH HILL WOOD,75.08088,141
BP2293,CRAY VALLEY ROAD,3.45659,71
BP2294,MARION CRESCENT,49.194849999999995,137
BP2296,SIDCUP STATION,23.921079999999996,141
BP2297,CONSTANCE ROAD,6.205349999999999,40
BP2298,CONSTANCE ROAD,53.45269,45
BP2299,CECILE PARK,390.34018,80
BP230,SUNGATE COTTAGES,5.48762,75
BP2300,WEST CROYDON BUS STATION,0.0,389
BP2301,WATERSIDE CLOSE,62.30376,164
BP2305,WESTWAY,284.67573,235
BP2307,ELTHORNE ROAD,131.55589,293
BP2308,BEACONSFIELD ROAD,86.75186,76
BP2310,EYHURST CLOSE,37.491899999999994,156
BP2312,ST CATHERINE NEASDEN CHURCH,91.03256,77
BP2313,RANDALL AVENUE,34.26937,77
BP2314,GLADSTONE PARK,22.572339999999997,77
BP2315,PIPPIN CLOSE,44.044399999999996,77
BP2316,NEWFIELD RISE,35.79673,76
BP2317,PARKSIDE,22.72296,76
BP2318,GLADSTONE PARK,15.169229999999999,76
BP2319,RANDALL AVENUE,11.07291,76
BP232,EDWARD TYLER ROAD,9.589189999999999,80
BP2320,ST CATHERINE NEASDEN CHURCH,20.686239999999998,76
BP2321,WARWICK TERRACE / PLUMSTEAD COMMON ROAD,95.35,98
BP2325,SPRULES ROAD,34.82937,84
BP2326,BOORD STREET,29.61186,190
BP2327,ADDINGTON VILLAGE INTERCHANGE,983.62777,249
BP2328,ADDINGTON VILLAGE INTERCHANGE,310.03229,187
BP2329,ADDINGTON VILLAGE INTERCHANGE,821.46273,145
BP233,LAMBSCROFT AVENUE,150.61856,323
BP2330,ADDINGTON VILLAGE INTERCHANGE,994.00552,250
BP2331,ADDINGTON VILLAGE INTERCHANGE,0.0,194
BP2332,EAST CROYDON STATION,2646.33952,586
BP2333,EAST CROYDON STATION,2386.80311,345
BP2334,BOORD STREET,267.46182,187
BP2335,MUDCHUTE STATION  / SPINDRIFT AVE,23.880649999999996,187
BP2336,TELEGRAPH PLACE,90.10705,83
BP2337,CABLE STREET,36.45768,108
BP2338,KING EDWARD MEMORIAL PARK,13.211969999999999,83
BP2339,SHADWELL BASIN,7.77964,83
BP234,HORSE LEAZE,66.07458,175
BP2340,ST GEORGE'S TOWN HALL / SHADWELL STN,24.1888,158
BP2341,COMMERCIAL ROAD,108.55678,82
BP2342,ROYAL LONDON HOSPITAL,109.6804,82
BP2343,OLD MONTAGUE STREET,102.63486999999999,82
BP2344,FAKRUDDIN STREET,31.855159999999998,82
BP2345,WEAVERS FIELDS,210.14642,83
BP2346,FAKRUDDIN STREET,45.80679,83
BP2347,ROYAL LONDON HOSPITAL,110.41875,83
BP235,FERNDALE STREET,64.77891,240
BP2350,WAPPING STATION,53.84004,82
BP2351,MONZA STREET,31.46211,82
BP2352,SHADWELL BASIN,10.34372,83
BP2353,KING EDWARD MEMORIAL PARK,13.96064,83
BP2354,CABLE STREET,9.46665,105
BP2355,CANARY WHARF STATION,779.6012,445
BP2356,WEST INDIA AVENUE,17.33449,82
BP2357,TELEGRAPH PLACE,26.53439,84
BP2359,CANNING ROAD,325.67039,322
BP236,THAMES ROAD,5.785629999999999,75
BP2360,LEBANON ROAD TRAM STOP,242.89011,322
BP2361,BENSON AVENUE,59.07673,71
BP2362,FRINTON ROAD,61.65756,71
BP2363,BRAMPTON MANOR SCHOOL,153.65818,152
BP2364,NEWHAM UNIVERSITY HOSP MAIN RECEPTION,245.04055,234
BP2365,NEWHAM UNIVERSITY HOSP EMERGENCY DEPT,274.66978,234
BP2366,NEWHAM UNIVERSITY HOSP EMERGENCY DEPT,620.69663,239
BP2368,NEWHAM UNIVERSITY HOSP MAIN RECEPTION,352.22145,239
BP2369,BRAMPTON MANOR SCHOOL,190.15165,154
BP2370,LEBANON ROAD TRAM STOP,235.68591,326
BP2372,LOWER MARSH,250.03382,85
BP2373,SHOOTERS HILL / THE BULL,2.8836,77
BP2374,WESTWAY CROSS RETAIL PARK,77.32653,144
BP2378,LONG ELMES / BOXTREE LANE,170.94584,147
BP2379,ST PETER'S CHURCH,55.3321,159
BP238,SEVEN SISTERS ROAD / PLEVNA CRESCENT,158.47277,79
BP2380,DAWLEY PARADE,30.92834,80
BP2381,RUSHLEY CLOSE,12.59357,128
BP2382,EXETER ROAD,99.07741,152
BP2383,KINGS ROAD,25.86519,80
BP2384,MARCHMONT ROAD,79.48740000000001,80
BP2385,PARK ROAD,64.14726,79
BP2386,CAMBRIAN ROAD,43.99623,79
BP2387,RICHMOND HILL / RICHMOND GATE,45.09224,79
BP2388,NEW CROSS ROAD / BESSON STREET,840.5079900000001,370
BP2389,BRIANT STREET,627.13178,370
BP2390,CANADA WATER BUS STATION,5.942429999999999,399
BP2391,CANADA WATER BUS STATION,1160.48185,247
BP2393,CANADA WATER BUS STATION,1183.84105,384
BP2394,HILLYARD STREET,629.90626,463
BP2396,WEMBLEY HOSPITAL,61.01235,75
BP2397,WEMBLEY HOSPITAL,66.42964,74
BP2398,BARHAM PARK,13.77736,75
BP2399,BYRON AVENUE,5.42213,45
BP240,ROMFORD STATION,5341.66715,702
BP2400,BURNHAM GARDENS,215.36388,82
BP2401,MILLENNIUM LEISURE PARK EAST,1050.03747,676
BP2402,MILLENNIUM LEISURE PARK EAST,1121.30273,677
BP2403,AUSTIN ROAD,5.681839999999999,72
BP2404,AUSTIN ROAD,15.680629999999999,71
BP2405,BROWELLS LANE,3.702419999999999,81
BP2406,WALTHAM CROSS BUS STATION,0.0,363
BP2408,STONE LAKE RETAIL PARK,194.08,356
BP2409,STONE LAKE RETAIL PARK,149.6341,360
BP2412,BARNHILL COMMUNITY HIGH SCHOOL,359.52262,108
BP2413,WARNDON STREET,715.62767,193
BP2415,SURREY QUAYS LEISURE PARK,372.3715,370
BP2416,SURREY QUAYS LEISURE PARK,91.97086999999999,440
BP2417,CRYSTAL PALACE PARADE,2660.69961,510
BP2418,CRYSTAL PALACE BUS STATION,2341.61405,592
BP2419,CRYSTAL PALACE PARADE,274.50311,336
BP242,OAKDALE ROAD,499.62875,161
BP2420,BRUNEL ROAD,0.0,247
BP2422,BRUNEL ROAD,145.18162999999998,248
BP2426,SOUTH STREET,1.01893,287
BP2427,HACKNEY WICK STATION,28.250329999999998,83
BP2430,NEW ADDINGTON TRAM STOP,290.31788,229
BP2431,NEW ADDINGTON TRAM STOP,300.31242,133
BP2437,CROOK LOG / DALLIN ROAD,201.95,400
BP2438,CROOK LOG / DALLIN ROAD,151.49305,406
BP2439,EASEDALE HOUSE,86.51176,72
BP244,PRIMROSE STREET,1475.66012,917
BP2440,LANGDALE COMMUNITY CENTRE,98.3895,71
BP2442,AMPERE WAY TRAM STOP  / VALLEY PARK,36.23138,72
BP2444,FIELDWAY TRAM STOP,72.44501,78
BP2446,DULWICH PARK / QUEEN MARY'S GATE,37.364599999999996,154
BP2447,BERMONDSEY STATION,1239.73947,377
BP2449,MUDCHUTE STATION,3.383699999999999,84
BP2451,HATTON CROSS STATION,2258.38503,240
BP2456,GREENWICH STATION,128.86369,83
BP2459,CHARLTON STN  / CHARLTON CHURCH LANE,303.82766,92
BP246,ABINGDON STREET,4.67732,42
BP2460,MILLENNIUM VILLAGE / OVAL SQUARE,1233.22531,675
BP2461,MILLENNIUM VILLAGE SOUTH,252.30817,673
BP2462,MILLENNIUM VILLAGE SOUTH,333.96404,677
BP2463,MILLENNIUM VILLAGE / OVAL SQUARE,1292.49408,673
BP2465,VICTORIA RECREATION GROUND,59.63038,66
BP2466,VICTORIA RECREATION GROUND,12.216759999999999,67
BP2467,FORE STREET,21.76968,66
BP2468,THE COLONNADES / CROYDON AIRPORT,54.37563,92
BP2469,THE COLONNADES / CROYDON AIRPORT,0.0,94
BP247,DERWENT CRESCENT,144.1288,174
BP2470,SYLVAN ROAD,25.54196,92
BP2471,SYLVAN ROAD,21.33983,91
BP2475,POYLE ROAD,173.45362,79
BP2476,THE FURROWS,54.010169999999995,55
BP2477,UPPER CLAPTON ROAD / BROOKE ROAD,782.41733,337
BP2478,ARCHWAY STATION  / HOLLOWAY ROAD,3005.88784,287
BP2479,NORTH HYDE ROAD,195.86945,78
BP2480,NORTH HYDE ROAD,3.1169099999999994,77
BP2481,BLYTH ROAD,17.513099999999998,78
BP2482,SWALLOWFIELD WAY,21.53069,78
BP2483,SWALLOWFIELD WAY,76.71436,78
BP2484,IRON BRIDGE ROAD,77.91305,229
BP2485,WHITETHORN AVENUE,40.14683,81
BP2486,WHITETHORN AVENUE,75.34748,77
BP2487,HORTON CLOSE,15.829189999999999,79
BP2488,ALBERT ROAD,47.55125,83
BP2489,ALBERT ROAD,82.08163,80
BP249,CHICHESTER AVENUE,1.2143799999999998,28
BP2490,MERTON LANE,8.096749999999998,94
BP2494,SUNBURY TESCO,79.75849,136
BP2499,BATCHWORTH HEATH,2.5786999999999995,71
BP250,HADLEY WOOD STATION,4.30988,16
BP2500,THE MOUNT,38.6144,73
BP2502,SOUTH LAMBETH ROAD / STOCKWELL STN,494.21436,185
BP2503,SPRING GARDENS,58.413399999999996,97
BP2504,BROADMEAD ROAD / CHIGWELL ROAD,63.801289999999995,168
BP2505,ORCHARD ESTATE,285.49189,167
BP2506,ORCHARD ESTATE,93.04551,171
BP2509,BATCHWORTH HEATH,3.6163899999999995,65
BP2511,HORSESHOE CRESCENT,22.55531,79
BP2512,ISLIP MANOR ROAD,27.4606,146
BP2516,HOMESTEAD WAY / OVERBURY CRESCENT,7.898189999999999,96
BP2518,REDSTART CLOSE,172.46944,173
BP2519,REDSTART CLOSE,0.2196199999999999,166
BP252,ARMOURY WAY,525.53777,246
BP2520,VULCAN WAY,0.0,166
BP2522,SOUTHERN AVENUE,11.85456,78
BP2523,LANCASTER ROAD,28.1201,78
BP2524,HOWDEN ROAD,49.05137,78
BP2525,CYPRESS ROAD,63.28581,78
BP2526,AUCKLAND RISE,47.503589999999996,78
BP2527,CANTLEY GARDENS,62.94402,78
BP2528,HARRIS CITY ACADEMY,190.27517,78
BP2529,HARRIS CITY ACADEMY,115.30838,79
BP2530,CANTLEY GARDENS,29.31948,79
BP2531,THE VICARAGE,45.16691,79
BP2532,ACORN GARDENS,58.52692,79
BP2533,CYPRESS ROAD,43.87816,79
BP2534,WOODVALE AVENUE,53.38133,79
BP2536,LANCASTER ROAD,69.15390000000001,79
BP2537,SOUTHERN AVENUE,24.90354,79
BP2538,CHINBROOK ROAD / BARING ROAD,645.81422,238
BP2539,RENSBURG ROAD,104.99234,142
BP2540,WILLIAM MORRIS SCHOOL,146.61707,80
BP2541,HAMLET ROAD,120.40121,79
BP2542,BELVEDERE ROAD,22.51515,79
BP2543,BELVEDERE ROAD,12.073799999999999,78
BP2544,HAMLET ROAD,4.5175399999999994,78
BP2545,MONTAGUE WAYE,956.22545,408
BP2547,WEST MIDDLESEX GOLF COURSE,19.441209999999998,155
BP2548,WEST MIDDLESEX GOLF COURSE,4.509609999999999,157
BP2552,TRANQUIL VALE,88.4481,79
BP2553,KENT HOUSE STATION,113.63607,261
BP2554,KENT HOUSE STATION,222.24006,259
BP2557,SEALAND ROAD,22.036979999999996,168
BP2560,EALING BROADWAY STN   / HAVEN GREEN,3326.42535,426
BP2561,WANDSWORTH BRIDGE,244.07894000000002,127
BP2562,WANDSWORTH BRIDGE,328.88846,125
BP2563,GLENROSA STREET,240.36668,154
BP2564,GLENROSA STREET,58.32131,154
BP2565,APOLLO PLACE,64.48217,149
BP2566,HOLLYDOWN WAY,64.24181,149
BP2567,TOM CRIBB ROAD,43.20677,155
BP2568,CARRONADE PLACE,248.89533,155
BP2569,HERONSGATE PRIMARY SCHOOL,193.80236,155
BP2570,WIGEON PATH,178.71244000000002,155
BP2571,GALLIONS PARK,119.30217,155
BP2572,RIDGE CLOSE,125.36806,155
BP2573,BLUEBIRD WAY,459.60628,155
BP2574,MERBURY ROAD,73.83892,77
BP2575,GOLDFINCH ROAD,202.85166,157
BP2576,GOLDFINCH ROAD,30.090619999999998,156
BP2577,MERBURY ROAD,72.42667,79
BP2578,BLUEBIRD WAY,41.14347,156
BP2579,RIDGE CLOSE,30.56827,156
BP2580,GALLIONS PARK,17.00048,156
BP2581,WIGEON PATH,29.311539999999997,156
BP2582,HERONSGATE PRIMARY SCHOOL,91.09824,156
BP2583,CARRONADE PLACE,54.50866,155
BP2584,TOM CRIBB ROAD,24.037679999999998,155
BP2585,BREWERY ROAD,257.59035,79
BP2586,GLYNDON COMMUNITY CENTRE,364.39489,79
BP2587,FOXFIELD PRIMARY SCHOOL,169.16907,79
BP2588,FOXFIELD PRIMARY SCHOOL,58.65617,79
BP2589,GLYNDON COMMUNITY CENTRE,33.67476,79
BP2590,ROBERT STREET,51.04571,79
BP2591,YORK HALL,18.031419999999997,166
BP2592,ROWAN AVENUE,0.16545999999999988,77
BP2593,UNDERWOOD ROAD,40.81305,83
BP2594,COMMERCIAL ROAD,45.80126,82
BP2595,CLEMENT GARDENS,126.76068000000001,76
BP2596,THE GLADE,10.606679999999999,45
BP2597,CRANLEY GARDENS,240.21622,185
BP2599,MERRITT GARDENS,5.02422,59
BP2600,FARNBOROUGH CRESCENT,13.995049999999999,69
BP2601,LOMOND GARDENS,9.74772,68
BP2602,HEATHFIELD VALE / TEDDER ROAD,6.53827,65
BP2603,FREELANDS AVENUE,7.583349999999999,65
BP2604,ST FRANCIS CHURCH,27.04737,68
BP2605,EDGECOOMBE,11.82281,74
BP2606,HEATHFIELD VALE / BROADCOOMBE,4.264779999999999,77
BP2607,HEATHFIELD VALE / FARNBOROUGH AVENUE,24.09958,80
BP2609,CENTRAL WAY,114.13304,79
BP2610,CENTRAL WAY,112.75525999999999,77
BP2611,LONDON WETLAND CENTRE,16.04889,45
BP2612,QUEEN ELIZABETH WALK,2.5361700000000003,45
BP2613,AGAR GROVE / MAIDEN LANE,122.3968,95
BP2614,KINGSTON HOSPITAL,0.0,61
BP2616,VANTAGE WEST,41.86829,78
BP2617,ROYAL BRITISH LEGION,72.16418999999999,222
BP2623,YEADING RETAIL PARK,201.08942,161
BP2630,WOODSIDE TRAM STOP,203.65922,157
BP2631,EAST CROYDON BUS STATION,3053.1963,250
BP2632,EAST CROYDON BUS STATION,2577.72292,171
BP2633,EAST CROYDON BUS STATION,967.24666,151
BP2634,RICHMOND BUS STATION,0.0,317
BP2635,MORNING LANE / RETREAT PLACE,178.24307,162
BP2636,WORDSWORTH HEALTH CENTRE,7.167979999999999,81
BP2638,FORT ROAD,32.882979999999996,76
BP2640,HOTSPUR ROAD,69.42628,77
BP2641,SMITHS FARM,38.948679999999996,76
BP2642,BELVUE SCHOOL,15.388169999999999,76
BP2643,FORT ROAD,39.54483,75
BP2644,GREENFORD INDUSTRIAL ESTATE,7.7535099999999995,75
BP2645,ISLIP MANOR PARK,3.3580099999999997,73
BP2646,ARNOLD ROAD,0.8088099999999998,75
BP2647,MANOR GATE,0.8648699999999999,74
BP2648,SUNNYCROFT ROAD,180.90667,174
BP2649,ELLINGTON STREET,52.20764,78
BP2651,ENFIELD ISLAND VILLAGE,255.92654,307
BP2652,CANAL SIDE WALK,241.67239,220
BP2653,GUNNER DRIVE,390.84683,219
BP2654,CAUSEWAY BRIDGE / RIVER LEE,106.43889,219
BP2655,CAUSEWAY BRIDGE / RIVER LEE,12.913639999999997,228
BP2656,GUNNER DRIVE,18.39174,228
BP2658,BELVUE SCHOOL,77.42881,78
BP2659,DURANTS ROAD,524.60234,264
BP2660,SOUTHEND CRESCENT / SOUTHEND CLOSE,53.918279999999996,468
BP2661,FARRANCE ROAD,708.3089200000001,309
BP2663,GREENFORD STATION   / ROCKWARE AVENUE,0.6964099999999996,73
BP2664,NEATS ACRE,1.8029399999999995,21
BP2665,SOUTHCOTE RISE,1.40054,21
BP2666,ORCHARD CLOSE,2.6955599999999995,22
BP2668,GLENHURST AVENUE,8.4485,44
BP2669,FIELD WAY,4.58782,20
BP2670,SHARPS LANE,9.89358,15
BP2671,RUISLIP POLICE STATION,0.61476,14
BP2672,GREENWICH TN CTR / CUTTY SARK STN,267.00555,206
BP2673,CLAPHAM ROAD / BEDFORD ROAD,579.51092,436
BP2674,VINCENT AVENUE,33.11497,75
BP2675,ICKENHAM STATION,7.014169999999998,94
BP2679,VICTORIA ROAD,47.81894,311
BP2680,BUSH HILL ROAD,247.25594999999998,180
BP2682,THIRLMERE HOUSE,85.0801,74
BP2683,THE GLEN,33.1896,222
BP2684,THE GLEN,6.143479999999999,214
BP2686,BARNHILL COMMUNITY HIGH SCHOOL,111.28256,99
BP2687,AUTUMN STREET,44.59468,73
BP2688,FISH ISLAND,33.99607,73
BP2689,AUTUMN STREET,34.47894,76
BP269,GOLDERS GREEN STATION,0.0,159
BP2690,ERNEST STREET,54.00994,76
BP2691,ERNEST STREET,48.46498,73
BP2692,DONGOLA ROAD,31.38529,73
BP2693,DONGOLA ROAD,20.97644,76
BP2694,ST DUNSTAN'S CHURCH,81.62573,75
BP2695,ST DUNSTAN'S CHURCH,31.17744,76
BP2696,JAMAICA STREET,20.41399,76
BP2697,JAMAICA STREET,77.78259,75
BP2698,MUSBURY STREET,7.74501,76
BP2699,MUSBURY STREET,95.45136,75
BP270,BALLARDS ROAD,362.0589,153
BP2700,MARTHA STREET,21.57758,75
BP2701,SHADWELL STATION,307.2767,150
BP2702,SUTTON STREET,91.22499,75
BP2703,MANSFIELD AVENUE,8.562019999999999,70
BP2704,HOYLAKE GARDENS,8.906839999999999,72
BP2705,HOYLAKE GARDENS,5.4049,57
BP2706,MANSFIELD AVENUE,20.6969,56
BP2707,LAWN ROAD,6.109819999999999,70
BP2708,NEW BECKENHAM STATION,19.38939,72
BP2709,ST PAUL NEW BECKENHAM CHURCH,3.6096099999999995,72
BP2710,SILVERWOOD CLOSE,4.829599999999999,73
BP2711,SILVERWOOD CLOSE,16.05986,74
BP2712,ST PAUL NEW BECKENHAM CHURCH,15.83936,74
BP2713,NEW BECKENHAM STATION,46.94906,74
BP2714,LAWN ROAD,25.562089999999998,73
BP2715,HIGHLANDS AVENUE,65.76298,186
BP2716,CROSSWAY,157.70066,83
BP2717,CROWFOOT CLOSE,42.75295,187
BP2719,HIGHLANDS AVENUE,88.5099,193
BP272,TIFFIN SCHOOL / LONDON ROAD,951.42711,706
BP2723,JUDE STREET,47.661249999999995,200
BP2725,COMMERCE ROAD / BRENTFORD LOCK,148.89873,83
BP2726,BRENTFORD BUS DEPOT,0.0,85
BP2727,COMMERCE ROAD / BRENTFORD LOCK,0.0574,85
BP2729,QUEEN ELIZABETH HOSPITAL / WEST ENTRANCE,844.21964,569
BP273,BRADING ROAD,120.61656,96
BP2730,SELBY CLOSE,1.3175099999999993,119
BP2734,WOLFERTON ROAD,340.25914,80
BP2735,CHURCH ROAD,566.22029,80
BP2736,BULLS BRIDGE TESCO,691.0244,307
BP2737,MOTSPUR PARK STATION,38.24809,51
BP2738,MOTSPUR PARK STATION,57.3735,46
BP274,BRADING ROAD,136.83941,89
BP2742,WESTHORNE AVENUE,163.31226,229
BP2745,GREAT CAMBRIDGE ROAD,63.57911,75
BP2746,AWLFIELD AVENUE,48.00641,75
BP2747,ALL HALLOWS ROAD,50.67876,75
BP2748,WALTHEOF GARDENS,9.98044,72
BP2749,ALL HALLOWS ROAD,90.34598,72
BP275,AYLES ROAD,0.8282699999999998,78
BP2751,HONEYPOT LANE CENTRE,16.27695,104
BP2753,SOUTH GROVE,108.50841,311
BP2754,KIRKDALE ROAD,484.36749000000003,412
BP2756,LAVENHAM ROAD,130.74942000000001,98
BP2758,MAYLANDS WAY,14.060979999999999,71
BP2759,LOMBARDY RETAIL PARK,32.07023,142
BP276,LEESIDE ROAD,124.9773,90
BP2760,MAPLE ROAD,182.10609,262
BP2763,BETHWIN ROAD,20.00255,71
BP2765,BETHWIN ROAD,87.42786,73
BP2766,COOK'S ROAD,62.57654,73
BP2767,FORSYTH GARDENS,95.83791000000001,73
BP2768,CHAPTER ROAD,40.66138,73
BP2769,ST PAULS PRIMARY SCHOOL,16.80972,73
BP277,LEESIDE ROAD,10.22815,94
BP2770,PENROSE STREET / WALWORTH ROAD,7.00381,73
BP2771,PENROSE STREET / WALWORTH ROAD,157.75074,71
BP2772,ST PAULS PRIMARY SCHOOL,19.29665,71
BP2773,CHAPTER ROAD,19.11209,71
BP2774,FORSYTH GARDENS,18.728839999999998,71
BP2775,DALE ROAD,13.435749999999999,71
BP2776,GOLDERS GREEN STATION,1514.86828,178
BP2777,BETHANY WAYE,214.37774,159
BP2778,BRAMPTON PARK ROAD,3262.70158,417
BP2780,SOUTHWARK STREET,352.53585,93
BP2781,CROWFOOT CLOSE,8.59321,191
BP2782,MILLENNIUM LEISURE PARK WEST,845.92405,674
BP2783,MILLENNIUM LEISURE PARK WEST,464.72648,676
BP2786,NETHERBY ROAD,27.99075,73
BP2787,NETHERBY ROAD,20.29058,71
BP279,HOLLYWOOD WAY,28.07233,77
BP2790,ST MARY'S ROAD,87.02943,157
BP2791,LAUREL PARK,28.164089999999998,68
BP2792,WORCESTER PARK ROAD,74.05187,140
BP2793,RUXLEY LANE,89.91927,67
BP2794,EWELL COURT AVENUE,52.36107,67
BP2795,STONELEIGH PARK ROAD,54.25517,66
BP2796,BEGGARS HILL,19.70897,66
BP2797,SHORTCROFT ROAD,19.04725,66
BP2798,GRANGE MANSIONS,6.116999999999999,67
BP2799,EIGHT BELLS,15.96055,68
BP280,BEVERLEY ROAD,118.19997000000001,79
BP2800,SHORTCROFT ROAD,15.649849999999999,68
BP2801,BEGGARS HILL,36.77443,68
BP2802,BRADFORD DRIVE,69.88824,71
BP2803,EWELL COURT AVENUE,40.22079,72
BP2804,COURT FARM AVENUE,32.03517,71
BP2805,KINGSTON ROAD / RUXLEY LANE,177.71011000000001,148
BP2806,WORCESTER PARK ROAD,105.66991,147
BP2807,LEATHERHEAD GOLF CLUB,3.23304,59
BP2808,REGENT PARK,13.72805,62
BP2809,ALL SAINTS CHURCH,68.30947,56
BP281,KING GEORGE HOSPITAL,1032.96953,358
BP2810,ALL SAINTS SCHOOL,38.31227,51
BP2811,REGENT PARK,31.53699,55
BP2812,OAK ROAD,7.46167,53
BP2813,ALL SAINTS SCHOOL,23.16702,64
BP2814,OXSHOTT ROAD,4.375069999999999,55
BP2815,ALL SAINTS CHURCH,29.45716,59
BP2816,WALTHAM CROSS BUS STATION,919.00411,178
BP2817,WALTHAM CROSS BUS STATION,1492.52222,165
BP2818,HOLGATE ROAD,273.0128,240
BP2819,GILDERS ROAD,29.01165,118
BP282,MICHELHAM GARDENS,36.119009999999996,78
BP2820,MOOR LANE,256.2843,116
BP2821,REPOSITORY ROAD / ARTILLERY PLACE,212.01001,175
BP2822,REPOSITORY ROAD / ARTILLERY PLACE,82.07091,170
BP2823,GREENWICH HEIGHTS,965.30183,411
BP2824,GREENWICH HEIGHTS,241.26518,406
BP2825,CHARLTON STN  / CHARLTON CHURCH LANE,377.16084,90
BP2826,BEECH STREET,19.28869,79
BP283,NEW BARNET STATION,0.0,78
BP2830,LEATHERHEAD GOLF CLUB,1.96414,58
BP2831,TURNPIKE LANE BUS STATION,0.0,239
BP2832,BROUGHTON AVENUE,90.50398,230
BP2833,BROUGHTON AVENUE,89.12725999999999,230
BP2834,GRAVEL HILL,166.93825,230
BP2835,LONG LANE,226.12182,149
BP2836,THE SPRING,17.09204,28
BP2837,BELMONT LANE / IMPERIAL WAY,5.9050899999999995,77
BP2838,SLADES DRIVE,18.09498,77
BP2839,BELMONT LANE / IMPERIAL WAY,36.64495,76
BP284,RODEN STREET,111.83312,293
BP2840,BELMONT LANE / EDGEBURY,26.714119999999998,76
BP2841,BELMONT LANE / EDGEBURY,7.114369999999999,77
BP2842,SLADES DRIVE,51.01064,76
BP2843,BROWNSPRING DRIVE,37.57303,77
BP2844,BROWNSPRING DRIVE,18.69779,77
BP2845,NORTHUMBERLAND AVENUE / TRAFALGAR SQUARE,0.0,17
BP2846,BLACKFRIARS STATION,214.78548,77
BP2847,BLACKFRIARS STATION,0.0,77
BP285,KINGSTON CROWN COURT / KINGSTON COLLEGE,145.00569,467
BP2850,MERCHLAND ROAD,145.99126,148
BP2851,KELBY PATH,12.72284,77
BP2852,DOMONIC DRIVE / EDGEBURY,10.009179999999999,78
BP2853,SHALLONS ROAD,20.33341,77
BP2854,EDGEBURY / DOMONIC DRIVE,80.73606,153
BP2855,MERCHLAND ROAD,28.75169,149
BP2856,SIDEWOOD ROAD,27.17784,149
BP2857,AVERY HILL ROAD / HALFWAY STREET,103.09303,152
BP2858,SIDEWOOD ROAD,26.47317,152
BP286,FULHAM HIGH STREET / NEW KINGS ROAD,373.78697999999997,468
BP2863,BELSIZE ROAD,107.68832,79
BP2864,BELSIZE ROAD,2.1885599999999994,81
BP2865,HIGHLEVER ROAD,42.70848,173
BP2869,SCOTTS LANE,12.456949999999999,74
BP287,CLARE HILL,1.97149,71
BP2870,SCOTTS LANE,11.21652,75
BP2871,PERTH ROAD,6.45095,73
BP2872,COURTENAY DRIVE,7.140339999999999,75
BP2873,COURTENAY DRIVE,9.01963,74
BP2874,PERTH ROAD,18.701449999999998,75
BP2875,WELLHOUSE ROAD,9.19359,76
BP2876,WELLHOUSE ROAD,8.82316,74
BP2877,BIRCHWOOD AVENUE,30.72653,76
BP2878,BIRCHWOOD AVENUE,14.074409999999999,72
BP2879,BECKENHAM GROVE,15.11958,74
BP288,WOODHURST ROAD,59.77676,80
BP2880,HIGHFIELD DRIVE,21.54842,76
BP2881,ST MARY'S CHURCH,15.579519999999999,76
BP2882,KINGSWOOD ROAD / VALLEY ROAD,42.437310000000004,75
BP2883,BECKENHAM GROVE,9.329509999999999,75
BP2884,WINCHESTER PARK,12.57387,70
BP2885,ST MARY'S CHURCH,7.4792499999999995,70
BP2886,VALLEY ROAD,21.158089999999998,70
BP2887,BUTTSBURY ROAD,94.843,78
BP2888,BANKSIDE ROAD,84.78028,78
BP2889,LOXFORD YOUTH CENTRE,187.37027,78
BP289,BROOKDENE ROAD,99.26274,80
BP2890,LOXFORD SCHOOL OF SCIENCE AND TECHNOLOGY,179.12463,78
BP2891,LOXFORD SCHOOL OF SCIENCE AND TECHNOLOGY,53.57737,81
BP2892,LOXFORD YOUTH CENTRE,100.30386,81
BP2893,BANKSIDE ROAD,65.33633,80
BP2894,BUTTSBURY ROAD,100.27591,80
BP2895,REGENTS CANAL,856.19197,276
BP2896,CAYGILL CLOSE,10.16542,69
BP2897,ST HELIER STATION,19.16114,137
BP2898,STEVENAGE ROAD / FULHAM FOOTBALL CLUB,53.41186,92
BP2899,CHESTER AVENUE,8.13726,7
BP290,BEGBIE ROAD,29.515079999999998,76
BP2900,CHESTER AVENUE,0.0,8
BP2901,WINCHESTER AVENUE,7.182169999999999,7
BP2902,WINCHESTER AVENUE,0.05596,8
BP2903,FRANKS COTTAGES,0.6289599999999999,6
BP2904,FRANKS COTTAGES,0.0,9
BP2905,WYNGRAY FARM,0.2257899999999999,6
BP2906,EAST VIEW KENNELS,0.2236999999999999,9
BP2907,EAST VIEW KENNELS,0.22949999999999993,6
BP2908,CLAY TYE FARM,0.2790299999999999,6
BP2909,CLAY TYE FARM,0.0,9
BP291,DEVENISH ROAD,19.39788,81
BP2910,WHITE POST FARM,0.0,10
BP2911,WHITE POST FARM,3.677229999999999,80
BP2912,FEN LANE,7.076969999999999,83
BP2913,FEN LANE,13.655779999999998,80
BP2914,CHURCH LANE,9.175919999999998,75
BP2915,CHURCH LANE,0.3834499999999999,72
BP2916,BRIDGE COTTAGES,7.51045,75
BP2917,BRIDGE COTTAGES,0.5494399999999999,71
BP2918,MANOR FARM,3.8972699999999993,75
BP292,RODMERE STREET,157.66906,76
BP2920,STUBBERS ADVENTURE CENTRE,7.3804,73
BP2921,SOUTH ESSEX CREMATORIUM,2.482109999999999,71
BP2922,SOUTH ESSEX CREMATORIUM,21.63559,70
BP2924,ROTHBURY ROAD,82.51628,165
BP2925,MONIER ROAD,118.16544,165
BP2926,TELEGRAPH ROAD,22.831789999999998,50
BP2927,DRURY ROAD,45.66039,74
BP2928,DRURY ROAD,16.34864,73
BP2929,SHAFTESBURY AVENUE,60.86094,74
BP293,ULUNDI ROAD,18.76496,76
BP2930,SHAFTESBURY AVENUE,67.54984,73
BP2931,ELM DRIVE,10.693019999999999,73
BP2932,ELM DRIVE,27.22855,73
BP2933,IMPERIAL DRIVE,40.31527,73
BP2934,IMPERIAL DRIVE,65.72678,74
BP2935,CHURCH DRIVE,17.0235,73
BP2936,CHURCH DRIVE,38.09245,74
BP2937,RAYNERS LANE,23.52645,73
BP2938,RAYNERS LANE,38.08889,76
BP2939,COMPTON RISE,12.625009999999998,73
BP294,BEGBIE ROAD,3.95039,76
BP2940,COMPTON RISE,27.77424,76
BP2941,CANNON LANE,20.51998,73
BP2945,RIDGE LANGLEY / WEST ARM,10.725909999999999,68
BP2947,LONSDALE DRIVE / HIGHLANDS SCHOOL,58.861509999999996,115
BP2948,LONSDALE DRIVE / HIGHLANDS SCHOOL,166.90239,98
BP2949,STALHAM STREET,41.59318,73
BP295,BALCHEN ROAD,12.813979999999999,77
BP2950,KIRBY ESTATE,288.59654,73
BP2951,KIRBY ESTATE,18.67747,72
BP2952,STALHAM STREET,32.61776,72
BP2953,RAYMOUTH ROAD,25.798099999999998,72
BP2954,CAROLINE GARDENS,80.67042000000001,73
BP2955,CLIFTON WAY,90.5818,73
BP2956,CAROLINE GARDENS,47.35911,73
BP2957,CLIFTON WAY,28.60765,73
BP2958,AINSLIE WOOD ROAD,506.12758,394
BP2959,VICARAGE RD / WANDLE PARK TRAM STOP,92.87432,229
BP296,OLD ROYAL MILITARY ACADEMY,2.2000999999999995,76
BP2963,LILFORD ROAD,66.46602,72
BP2964,LOUGHBOROUGH ROAD / HOPTON HOUSE,57.39084,71
BP2967,THE BREWERY,259.07402,235
BP2968,LOUGHBOROUGH JUNCTION STATION,64.92646,71
BP2969,LOUGHBOROUGH PARK / COLDHARBOUR LANE,69.80884,71
BP297,WOOLWICH COMMON,47.70277,78
BP2970,MOORLAND ROAD,27.10509,71
BP2971,LOUGHBOROUGH PARK / ELVEDEN HOUSE,125.62199,71
BP2972,HOLLYBUSH WALK,40.92052,71
BP2973,SOMERLEYTON ROAD / COLDHARBOUR LANE,22.87642,71
BP2974,CLAPHAM PARK ROAD,51.25253,70
BP2975,TREMADOC ROAD,23.259829999999997,70
BP2976,CLAPHAM NORTH STATION,14.484419999999998,71
BP2977,CLAPHAM PARK ROAD,22.05145,73
BP2978,TREMADOC ROAD,46.198299999999996,74
BP2979,CLAPHAM NORTH STATION,88.00348,150
BP298,BALCHEN ROAD,17.05201,74
BP2980,SOMERLEYTON ROAD / COLDHARBOUR LANE,24.988999999999997,74
BP2981,LOUGHBOROUGH PARK / ELVEDEN HOUSE,72.02167,74
BP2982,MOORLAND ROAD,21.35889,74
BP2983,LOUGHBOROUGH PARK / COLDHARBOUR LANE,25.96323,74
BP2984,LOUGHBOROUGH JUNCTION STATION,62.25156,74
BP2985,LOUGHBOROUGH ROAD / HOPTON HOUSE,39.20992,74
BP2986,LILFORD ROAD,43.42758,74
BP2987,BURTON ROAD,25.18724,74
BP299,ZANGWILL ROAD,16.66778,76
BP2990,PATMOS ROAD,42.42999,74
BP2991,VASSALL ROAD / CAMBERWELL NEW ROAD,50.50295,74
BP2992,UPTON ROAD,24.40962,77
BP2993,THE BREWERY,0.0,80
BP2994,THE BREWERY,86.98684,81
BP2995,BELL GREEN / SAINSBURY'S,271.24913,81
BP2996,HOLBORN CIRCUS / FETTER LANE,97.0362,161
BP2998,PRINCES WAY,58.3621,70
BP2999,CHESTNUT AVENUE,11.51788,136
BP300,JOHN ROAN SCHOOL,44.34956,75
BP3000,BRENCHLEY ROAD,21.06791,67
BP3001,ST PETER AND ST PAUL SCHOOL,18.04028,66
BP3002,BRIDGEWATER CLOSE,17.794999999999998,136
BP3003,MARLINGS PARK AVENUE,21.26031,138
BP3004,CLARENDON WAY,43.88838,140
BP3005,LEESONS PRIMARY SCHOOL,38.92651,141
BP3006,LEESONS PRIMARY SCHOOL,55.61146,138
BP3007,CLARENDON WAY,35.90594,139
BP3008,MANORFIELDS CLOSE,12.86526,137
BP3009,MARLINGS PARK AVENUE,17.61052,137
BP301,WOOLACOMBE ROAD,34.71877,75
BP3010,BRIDGEWATER CLOSE,21.08228,69
BP3011,ST PETER AND ST PAUL SCHOOL,5.479439999999999,69
BP3012,BRENCHLEY ROAD,4.56796,68
BP3013,CHURCH LANE,17.67398,73
BP3014,DEAN LANE,2.7060899999999997,73
BP3015,HARPS OAK LANE,0.1734799999999999,73
BP3016,LONDON ROAD NORTH / SHEPHERDS HILL,5.480699999999999,73
BP3017,CHURCH HILL,4.887149999999999,72
BP3018,MERSTHAM STATION,46.85145,72
BP3019,MERSTHAM / THE GROVE,3.801439999999999,71
BP302,WISHART ROAD,34.90123,74
BP3020,ROCKY LANE,8.93844,71
BP3021,GATTON POINT / EAST SURREY COLLEGE,140.73655,71
BP3022,MONSON ROAD,12.43896,72
BP3023,CARLTON ROAD,66.46979999999999,71
BP3024,MONSON ROAD,42.45264,71
BP3025,GATTON POINT / EAST SURREY COLLEGE,180.8359,71
BP3026,ROCKY LANE,50.53846,71
BP3027,MERSTHAM / THE GROVE,2.416359999999999,72
BP3028,MERSTHAM STATION,94.57848,72
BP3029,CHURCH HILL,5.1219399999999995,73
BP303,ZANGWILL ROAD,35.0167,76
BP3030,LONDON ROAD NORTH / SHEPHERDS HILL,3.3442799999999986,73
BP3031,HARPS OAK LANE,0.5189599999999998,73
BP3032,GLEBE ROAD,0.4028499999999999,73
BP3034,CHURCH LANE,33.39277,72
BP3035,HOOLEY / STAR LANE,98.10829,72
BP3036,RICHMOND GARDENS,8.14501,68
BP3037,GORDON AVENUE,40.58116,68
BP3038,RIVERSIDE SCHOOL,0.8730799999999999,76
BP3039,GALLIONS CLOSE,164.59038999999999,77
BP304,MAPLE TREE PLACE,17.93348,75
BP3041,RADFORD WAY,220.99645,76
BP3042,RIVERSIDE SCHOOL,0.32772,76
BP3048,MILLENNIUM PRIMARY SCHOOL,24.55173,85
BP3049,MILLENNIUM PRIMARY SCHOOL,213.78423,82
BP3055,BLENHEIM GROVE,5.152469999999999,71
BP3056,CRYSTAL PALACE ROAD,52.16777,73
BP3057,WHATELEY ROAD,49.45983,73
BP3058,IVANHOE ROAD,14.963999999999999,74
BP3059,BELLENDEN ROAD SCHOOL,0.23022,74
BP306,CORELLI COLLEGE,39.73618,74
BP3062,LANGTON RISE,35.59037,71
BP3063,FRIERN ROAD,39.76921,71
BP3064,CRYSTAL PALACE ROAD,43.5466,71
BP3065,WHATELEY ROAD,28.119799999999998,71
BP3066,IVANHOE ROAD,26.311349999999997,71
BP3067,LANGTON RISE,36.29218,74
BP3068,FRIERN ROAD,48.756569999999996,73
BP3069,BELVOIR ROAD,30.91979,74
BP307,MAPLE TREE PLACE,40.43081,76
BP3070,BELLENDEN ROAD SCHOOL,30.92367,71
BP3071,CHOUMERT ROAD,37.23083,74
BP3072,DUNCRIEVIE ROAD,77.75536,79
BP3073,ST GEORGES CENTRE,684.02948,790
BP3075,CRYSTAL PALACE,0.0,153
BP3076,RUCKHOLT ROAD BRIDGE,8.66293,173
BP3077,FRIERN BARNET TOWN HALL,126.67887,244
BP3078,WAVERTREE ROAD,8.38727,71
BP3079,DOWNTON AVENUE / STREATHAM HILL,38.31854,71
BP308,CORELLI COLLEGE,43.61588,77
BP3080,NORMANHURST ROAD,19.79621,71
BP3081,PALACE ROAD,36.30859,71
BP3082,LANERCOST ROAD,24.98003,71
BP3083,PALACE ROAD,88.93248,72
BP3084,WAVERTREE ROAD,6.142939999999999,72
BP3085,NORMANHURST ROAD,8.520389999999999,71
BP3086,EMSWORTH STREET,3.1928699999999997,71
BP3087,MANOR ROAD,0.0,81
BP3088,AWLFIELD AVENUE,33.97023,72
BP3089,PARK RISE,8.787189999999999,58
BP309,KELLAWAY ROAD,33.60739,77
BP3090,LEATHERHEAD LEISURE CENTRE,14.89152,56
BP3091,THE MOUNT,0.9271599999999999,57
BP3092,THE RIDGEWAY,17.85965,59
BP3093,GIVONS ROUNDABOUT,1.68318,57
BP3094,BYTTOM HILL,5.030569999999999,57
BP3095,MICKLEHAM CHURCH,13.39414,55
BP3096,JUNIPER HALL,1.8651099999999996,54
BP3097,WESTHUMBLE STREET,2.51506,54
BP3098,NORTH DOWNS WAY,0.2738699999999999,56
BP3099,PIXHAM LANE,0.6602699999999997,58
BP310,HARRADEN ROAD,20.21641,76
BP3100,PIXHAM LANE,3.0664899999999995,53
BP3101,WESTHUMBLE STREET,1.9724099999999993,54
BP3102,MICKLEHAM CHURCH,14.12937,53
BP3103,BYTTOM HILL,4.161059999999999,53
BP3104,THE RIDGEWAY,20.70638,53
BP3105,THE MOUNT,4.04946,53
BP3106,LEATHERHEAD LEISURE CENTRE,18.17863,53
BP3107,ZIG ZAG ROAD,1.6914699999999998,54
BP3108,JUNIPER HALL,1.2601399999999996,51
BP3109,RIPON GARDENS,42.46539,121
BP311,RED BARRACKS ROAD,68.21077,77
BP3110,PELLATT ROAD,99.12938,158
BP3111,CASTLE ROAD,269.00972,168
BP3113,GRASSHAVEN WAY,829.67483,247
BP3114,GRASSHAVEN WAY,272.62549,245
BP3115,WEAVERS FIELDS,13.5353,82
BP3116,HIGHGATE WOOD,27.824499999999997,185
BP3117,SUFFOLK ROAD,6.315889999999999,73
BP3119,BROCKHURST CORNER,86.62351,69
BP312,RED BARRACKS ROAD,26.2477,79
BP3120,HALLIWICK PARK,27.198729999999998,189
BP3121,TESCO OSTERLEY,101.09300999999999,140
BP3122,BEDFORD ROAD,237.73581000000001,92
BP3123,UPPER HIGH STREET / THE ODEON,15.34487,31
BP3124,PIKES HILL,5.4299599999999995,32
BP3125,BRIDGE ROAD,3.1873999999999993,32
BP3126,ASHDOWN ROAD,6.53173,34
BP3127,LONGDOWN ROAD,3.1748999999999996,34
BP3128,LONGDOWN LODGE,1.0979099999999997,34
BP3129,EPSOM COLLEGE,0.6574399999999999,37
BP313,BANNOCKBURN SCHOOL,3.1202099999999993,80
BP3130,BUNBURY WAY,0.2734099999999999,37
BP3131,REIGATE ROAD / NORK WAY,6.443009999999999,37
BP3133,HIGH BEECHES,1.3645999999999998,36
BP3134,SYCAMORE RISE,2.4722399999999998,34
BP3135,BANSTEAD STATION,7.77631,31
BP3136,CASTLETON DRIVE,0.4389899999999999,35
BP3138,THE READENS,8.80376,70
BP3139,MANOR WAY,21.95214,71
BP314,SAMUEL STREET,52.5785,77
BP3140,WOODMANSTERNE POST OFFICE,16.53148,74
BP3141,CASTLETON DRIVE,1.2551199999999998,34
BP3142,BANSTEAD CROSSROADS,2.5161799999999994,34
BP3143,POPLAR DRIVE,0.8240299999999998,35
BP3144,HIGH BEECHES,0.6576799999999999,35
BP3145,DRIFT BRIDGE,12.351999999999999,35
BP3146,REIGATE ROAD / NORK WAY,17.8357,37
BP3147,ROSE BUSHES,5.479989999999999,73
BP3149,BUNBURY WAY,0.5469599999999998,39
BP315,WOOLWICH DOCKYARD STATION,35.30248,79
BP3150,EPSOM GOLF CLUB,0.49481999999999987,37
BP3151,EPSOM COLLEGE,5.575609999999999,37
BP3152,LONGDOWN LODGE,0.7663299999999998,37
BP3153,LONGDOWN ROAD,1.4196799999999998,36
BP3154,ASHDOWN ROAD,4.360399999999999,37
BP3155,BRIDGE ROAD,0.8766299999999998,38
BP3156,PIKES HILL,1.0359499999999997,37
BP3158,BANSTEAD CROSSROADS,0.4392199999999997,33
BP3159,BANSTEAD STATION,7.069599999999999,34
BP316,WOOLWICH DOCKYARD STATION,4.542369999999999,77
BP3160,SYCAMORE RISE,1.0394799999999997,34
BP3161,DRIFT BRIDGE,6.140809999999999,36
BP3163,DUNSTANS ROAD,52.44578,71
BP3164,DUNSTANS ROAD,61.60495,74
BP3165,BELVOIR ROAD,12.043239999999999,71
BP3166,BEAVERS COMMUNITY SCHOOL,297.57237,82
BP3167,BEAVERS COMMUNITY SCHOOL,153.30659,76
BP3168,LICHFIELD ROAD,61.0858,82
BP3169,LICHFIELD ROAD,76.42655,75
BP317,BANNOCKBURN SCHOOL,43.27108,80
BP3170,DRAYTON BRIDGE ROAD,47.859989999999996,74
BP3171,BROWNING AVENUE,38.58783,74
BP3172,BORDARS WALK,105.8143,70
BP3173,COPLEY CLOSE,79.20761999999999,70
BP3174,CASTLE BAR PARK,84.98384,71
BP3175,CHEYNE PATH,96.69158,73
BP3176,FRAMFIELD ROAD,52.85998,74
BP3177,BORDARS WALK,50.91858,74
BP3178,CUCKOO AVENUE,31.78481,75
BP3179,CASTLE BAR PARK STATION,54.475030000000004,76
BP318,SEWELL ROAD / CHURCH MANORWAY,44.97807,80
BP3180,RADNOR COURT,37.19894,75
BP3181,STAFFORD COURT,18.5947,76
BP3182,FRAMFIELD ROAD,9.69587,74
BP3183,CUCKOO AVENUE,56.2572,70
BP3184,HOME FARM COTTAGE,0.0552799999999999,83
BP3185,PIMLICO ACADEMY & LIBRARY,354.67186,160
BP3186,HOLLY LODGE GARDENS,66.87301,95
BP319,ST THOMAS CHURCH,42.03633,78
BP3190,TOLPUDDLE ST / ISLINGTON POLICE STATION,0.0,76
BP3192,GROSVENOR ROAD,106.07535,189
BP3193,ELIZABETH ROAD,233.99308,179
BP3194,NORTHWOLD ROAD / STOKE NEWINGTON COMMON,1956.03925,783
BP3195,LAMINGTON STREET,199.11929999999998,589
BP3196,DENMARK HILL / CAMBERWELL GREEN,1330.40318,433
BP3197,ALBANY ROAD,297.7071,171
BP3199,COPLESTONE ROAD,9.787569999999999,74
BP320,MORRIS WALK ESTATE,36.2387,78
BP3200,COPLESTONE ROAD,8.52313,71
BP3202,MARVELS LANE PRIMARY SCHOOL,222.47911,318
BP3203,HACKNEY BATHS,343.47382,195
BP3204,ENGLAND'S LANE,78.2245,76
BP3205,THE BREWERY,102.51592,234
BP3206,RAYMOUTH ROAD,38.33134,73
BP3207,BOURNE ROAD,9.764019999999999,82
BP3209,ST JAMES STREET STATION,0.0,159
BP321,MORRIS WALK ESTATE,51.83245,77
BP3210,ST JAMES STREET STATION,651.36238,156
BP3211,GRANGE PARK STATION,36.25848,67
BP3212,GRANGE PARK STATION,84.72664,67
BP3213,ZIG ZAG ROAD,1.3694199999999996,52
BP3215,THE VILLA,0.0,50
BP3216,GIVONS ROUNDABOUT,2.1966799999999997,55
BP3217,BURFORD BRIDGE,1.8076599999999994,54
BP3218,BURFORD BRIDGE,3.2286199999999994,51
BP3219,CHADWICK ROAD,22.58636,71
BP322,ABBEY WOOD PUMPING STATION,26.353299999999997,80
BP3220,ST MARY'S ROAD,22.45037,72
BP3222,ST JOAN OF ARC SCHOOL,247.56009,258
BP3223,TALLY HO CORNER,0.0,191
BP3226,GROVE LANE / CHAMPION PARK,212.08379,338
BP3227,QUORN ROAD,296.95063,486
BP3228,DRAYTON BRIDGE ROAD,14.51653,75
BP323,SEWELL ROAD / CHURCH MANORWAY,44.14269,80
BP3230,HIGHGATE WOOD,52.17071,185
BP3231,UPPER HIGH STREET / THE ODEON,1.91231,36
BP3233,COTMANDENE CRESCENT,7.73694,71
BP3234,COTMANDENE CRESCENT,15.74838,69
BP3235,WARING DRIVE,17.62299,68
BP3237,STATION ROAD,24.81148,118
BP3238,MURRAY ROAD,2.2527299999999997,71
BP3239,MOUNTFIELD COMMUNITY CENTRE,16.05397,59
BP324,ST PAULS ACADEMY,68.27024,80
BP3240,OLDBURY CLOSE,9.697949999999999,61
BP3241,MOLASH ROAD,28.93537,61
BP3242,PALMARSH CLOSE,13.27979,62
BP3243,BROW CRESCENT,57.853229999999996,64
BP3244,RAMSDEN ROAD,18.95883,65
BP3245,HORNSEY LANE,73.35662,72
BP3247,FITZWARREN GARDENS,32.06529,68
BP3248,FITZWARREN GARDENS,46.75599,72
BP3249,CROMWELL AVENUE,22.06035,70
BP325,PENMON ROAD,42.98345,80
BP3250,CROMWELL AVENUE,139.39608,72
BP3251,ESHER GREEN,0.0,5
BP3252,ESHER GREEN,0.60723,3
BP3253,RIO CINEMA,637.90143,444
BP3255,MITCHAM TRAM STOP,52.25248,76
BP3256,BELGRAVE WALK TRAM STOP,80.33199,77
BP3257,MORDEN HALL PARK / SURREY ARMS,12.369489999999999,75
BP3258,BELGRAVE WALK TRAM STOP,70.05107,75
BP3259,MITCHAM TRAM STOP,16.45746,75
BP326,ST PAULS ACADEMY,70.95708,80
BP3261,WALNUT WAY,16.60877,75
BP3262,HILDA MAY AVENUE,1.9697599999999997,74
BP3263,NORTHVIEW,10.04661,73
BP3264,SYCAMORE DRIVE,3.1846899999999994,72
BP3265,BARTHOLOMEW WAY,8.08131,72
BP3266,HIGH STREET / STATION ROAD,5.719469999999999,70
BP3267,HIGH STREET / GOLDSEL ROAD,1.3192799999999998,69
BP3268,ROGERS COURT,0.21944000000000002,67
BP3269,BEECHENLEA LANE,33.12042,138
BP327,PENMON ROAD,14.345349999999998,80
BP3270,ROGERS COURT,39.70049,71
BP3271,HIGH STREET / GOLDSEL ROAD,27.70329,71
BP3272,HIGH STREET / STATION ROAD,110.33085,70
BP3273,BARTHOLOMEW WAY,100.89975,71
BP3274,SYCAMORE DRIVE,19.69748,71
BP3275,NORTHVIEW,49.89928,74
BP3276,HILDA MAY AVENUE,26.53278,76
BP3277,LESLEY CLOSE,57.47116,76
BP3278,WALNUT WAY,98.9334,78
BP3279,BIRCHWOOD CORNER,24.61128,78
BP328,BROOKDENE ROAD,17.81306,80
BP3285,UXBRIDGE COUNTY COURT,415.31711,233
BP3287,FENCHURCH STREET,0.11406,12
BP3288,BERRYLANDS,28.28897,78
BP3289,HANLEY ROAD / STAPLETON HALL ROAD,623.00427,241
BP329,WYNDCLIFF ROAD,16.2644,77
BP3290,BELMONT ROAD,1.1494899999999992,645
BP3291,PINE WALK,9.09362,74
BP3292,SOMERSET ROAD,34.50598,64
BP3293,SHEPHERDS LANE / HAVELOCK ROAD,31.22342,64
BP3294,DARTFORD GRAMMAR SCHOOL FOR GIRLS,14.46103,65
BP3295,DARTFORD GRAMMAR SCHOOL FOR BOYS,15.41615,66
BP3296,DARTFORD GRAMMAR SCHOOL FOR GIRLS,26.90696,69
BP3297,DARTFORD GRAMMAR SCHOOL FOR BOYS,8.38481,70
BP3298,SHEPHERDS LANE / HAVELOCK ROAD,22.00431,66
BP3299,SOMERSET ROAD,8.5313,68
BP330,SUNDORNE ROAD,32.4464,78
BP3300,PENHILL ROAD,62.23128,78
BP3303,WOTTON GREEN / SANDWAY ROAD,30.525779999999997,62
BP3304,WARWICK ROAD,3.14932,73
BP3305,WARWICK ROAD,25.8445,76
BP3307,CANADA STREET,186.69204,370
BP3308,CANADA STREET,135.51191,440
BP3309,PARK RISE,12.93167,56
BP331,VICTORIA WAY,57.05985,78
BP3310,CALIFORNIA ROAD,364.17646,141
BP3311,TILE KILN LANE,6.678049999999999,48
BP3312,BRIAR ROAD,0.93956,44
BP3313,JOYDENS WOOD ROAD,15.9497,46
BP3314,SQUIRES WAY,4.568039999999999,41
BP3315,FERNHEATH WAY,3.198079999999999,42
BP3316,GREENFIELD ROAD,1.4306099999999995,42
BP3317,FERNHEATH WAY,8.94777,27
BP3318,SQUIRES WAY,10.80095,27
BP3319,BRIAR ROAD,6.260389999999999,26
BP332,ABBEY WOOD PUMPING STATION,14.59649,80
BP3320,PUDDLEDOCK LANE,13.072549999999998,51
BP3321,ST MARYS NURSERY,3.9672499999999995,42
BP3322,BIRCHWOOD DRIVE,2.9227499999999993,43
BP3323,HOOK GREEN LANE,21.90663,44
BP3324,BRACTON CENTRE,17.626649999999998,45
BP3325,BEXLEY PARK,42.0473,50
BP3326,LEYTON CROSS,110.83636,45
BP3327,BEXLEY PARK,27.47744,27
BP3328,LEYTON CROSS,13.872489999999999,26
BP3329,BRACTON CENTRE,6.41709,26
BP333,VICTORIA WAY,50.08844,78
BP3330,HOOK GREEN LANE,5.2959,26
BP3331,BIRCHWOOD DRIVE,5.27407,26
BP3332,ST MARYS NURSERY,1.71732,26
BP3333,PUDDLEDOCK LANE,7.2569,26
BP3334,TILE KILN LANE,28.34724,24
BP3335,JOYDENS WOOD ROAD,44.60287,31
BP3336,WINDSOR DRIVE / WARING DRIVE,18.96712,66
BP3337,VINE ROAD,1.34187,75
BP3338,FARNBOROUGH HILL,1.10098,74
BP3339,FARNBOROUGH HILL,91.25484,69
BP334,NADINE STREET,150.49242,170
BP3340,STIRLING DRIVE,4.01647,72
BP3341,STIRLING DRIVE,34.5681,73
BP3343,BROOMFIELD ROAD,30.5378,72
BP3345,BUCKSTONE CLOSE,31.84749,71
BP3346,CAMBERWELL NEW CEMETERY,14.71027,71
BP3347,BROCKLEY WAY,11.38801,71
BP3348,BROCKLEY WAY,12.71693,72
BP3349,CAMBERWELL NEW CEMETERY,19.4788,72
BP335,ELLISCOMBE ROAD,9.199969999999999,78
BP3350,BUCKSTONE CLOSE,22.94683,72
BP3351,PEEL WAY,42.98363,155
BP3353,HANAU BRIDGE,208.89154,216
BP3355,DARTFORD STATION,261.86942,66
BP3358,DARTFORD STATION,605.91893,153
BP336,POUND PARK ROAD,43.20924,78
BP3360,STANHOPE WAY / ACTON WORKS,78.40571,144
BP3361,ROSLIN ROAD,55.15108,144
BP3362,HANBURY ROAD,49.918730000000004,69
BP3363,STANLEY ROAD,102.75135,70
BP3364,ALL SAINTS ROAD,118.30590000000001,71
BP3365,NEWTON AVENUE,16.77564,76
BP3366,STANLEY ROAD,33.63661,76
BP3367,HANBURY ROAD,30.188570000000002,76
BP3368,ROSLIN ROAD,4.824499999999999,150
BP3369,COLVILLE ROAD,0.9138299999999999,151
BP337,KINVEACHY GARDENS,23.36269,77
BP3370,STANHOPE WAY / ACTON WORKS,11.8881,151
BP3372,NORMAN WAY,12.6558,73
BP3373,WALTON WAY,5.355429999999999,73
BP3374,SAXON DRIVE,9.68817,73
BP3375,NORTHFIELDS ROAD,12.221729999999999,73
BP3376,COURT WAY,11.72012,73
BP3377,CLOISTER ROAD,4.5053399999999995,73
BP3378,CLOISTER ROAD,29.3723,76
BP3379,COURT WAY,96.35659,77
BP338,BRAMSHOT AVENUE,5.7017999999999995,77
BP3380,NORTHFIELDS ROAD,26.36433,77
BP3381,WALTON WAY,42.54393,77
BP3382,NOEL ROAD,25.78321,77
BP3383,LEALAND ROAD,758.44909,538
BP3386,SPENCER RISE,19.699209999999997,77
BP3387,CAMBERWELL GREEN,1863.09948,578
BP3388,TULSE HILL STATION,634.15205,323
BP339,KELLAWAY ROAD,17.84637,74
BP3391,BROOK ROAD,32.857639999999996,76
BP3392,BROOK ROAD,79.23652,77
BP340,WHITWORTH ROAD,48.7941,76
BP3403,GWYNNE PLACE,84.03635,99
BP3404,WESTMINSTER STN  / WESTMINSTER PIER,352.01477,254
BP3406,KNIGHTSBRIDGE STATION  / HARRODS,1345.46099,266
BP3407,HEADLEY CLOSE,16.07008,28
BP3408,NIGHTINGALE DRIVE,76.76088,98
BP3409,CHESSINGTON CLOSE,12.53337,98
BP341,ULUNDI ROAD,11.487309999999999,75
BP3410,HOOK ARENA,20.99244,94
BP3411,PLOUGH ROAD,32.41787,92
BP3412,RIVERHOLME DRIVE,22.74569,93
BP3413,MEADOWVIEW ROAD,18.5325,23
BP3414,EWELL WEST STATION,1.9327199999999998,21
BP3415,EWELL WEST STATION,3.79363,27
BP3416,MEADOWVIEW ROAD,16.90004,25
BP3417,RIVERHOLME DRIVE,74.03764,87
BP3418,PLOUGH ROAD,31.8494,87
BP3419,HOOK ARENA,18.76005,87
BP342,WARREN WALK,56.11893,169
BP3420,HOOK ROAD,19.46902,89
BP3421,CHESSINGTON CLOSE,7.11653,91
BP3422,NIGHTINGALE DRIVE,37.61892,94
BP3423,HEADLEY CLOSE,1.1606899999999998,29
BP3424,RUXLEY LANE,66.65635,69
BP3425,PAMS WAY,61.68602,70
BP3426,COX LANE / EPSOM & EWELL HIGH SCHOOL,133.44379,71
BP3427,GODWIN CLOSE,74.67759,70
BP3428,HOLLYMOOR LANE,49.4829,71
BP3429,POUND LANE,7.23788,73
BP343,NADINE STREET,81.46476,168
BP3430,MILES ROAD,0.87429,73
BP3431,CHASE ROAD,1.26274,74
BP3432,WATERLOO ROAD,152.11594,71
BP3433,CHASE ROAD,45.84339,70
BP3434,MILES ROAD,24.883219999999998,65
BP3435,POUND LANE,56.84485,64
BP3436,FELSTEAD ROAD,60.55366,64
BP3437,ROY RICHMOND WAY,68.53067,63
BP3438,GODWIN CLOSE,95.77106,69
BP3439,SCOTT CLOSE,124.76033000000001,71
BP344,BEACONSFIELD ROAD,12.69585,75
BP3440,FELSTEAD ROAD,19.04619,71
BP3441,ROY RICHMOND WAY,59.67149,71
BP3442,ST PAUL'S STATION,452.24485,392
BP3443,LAUREL PARK,36.69769,66
BP3444,SUFFOLK ROAD,11.128079999999999,75
BP3445,MONMOUTH ROAD,266.27987,488
BP3446,TOWER BRIDGE,729.0735099999999,230
BP3448,DENHAM ROAD,22.66209,76
BP345,WISHART ROAD,27.98121,77
BP3450,OXSHOTT ROAD,1.2597399999999996,59
BP3452,CHALK PIT WAY,2.0843499999999993,98
BP3453,TOWER GATEWAY STATION,167.56116,257
BP3454,HAGGERSTON STATION,593.78215,188
BP3459,DURANTS ROAD,530.75636,236
BP346,OLD ROYAL MILITARY ACADEMY,48.16429,76
BP3460,REDBRIDGE CENTRAL LIBRARY,2804.17167,1224
BP3461,WANSBECK ROAD,231.52339,237
BP3466,MEDWAY PARADE,174.91985,78
BP3467,MEDWAY PARADE,38.77363,78
BP347,WARREN WALK,244.93412,170
BP3470,HIGHFIELD AVENUE,1.68406,75
BP3471,VALLEY ROAD,8.52606,75
BP3472,WINTERBOURNE ROAD,89.40147,152
BP3473,GREAT EASTERN STREET,263.22653,200
BP3474,SHOREDITCH TOWN HALL,560.66964,200
BP3475,SHOREDITCH CHURCH,314.26328,291
BP3476,SHOREDITCH HIGH ST / BETHNAL GREEN ROAD,963.79518,291
BP348,JOHN ROAN SCHOOL,44.5688,76
BP3480,BURNTWOOD LANE,403.65431,254
BP3481,GARRATT LANE / TOOTING BROADWAY,3030.48116,570
BP3482,UPMINSTER STATION FORECOURT,3.399639999999999,215
BP3483,VICTORIA ALMSHOUSES,18.01167,71
BP3484,VICTORIA ALMSHOUSES,35.57373,71
BP3485,FERNWOOD AVENUE,9.844259999999998,75
BP3486,FARM AVENUE,23.23634,75
BP3487,SWINDERBY ROAD,74.32017,74
BP3488,EALING ROAD,33.47229,74
BP3489,MILLFIELD THEATRE & ARTS CENTRE,427.28428,373
BP349,BRAMSHOT AVENUE,27.00369,78
BP3490,WATERLOO STATION   / UPPER TAXI ROAD,192.56853,80
BP3491,APPOLD STREET,0.0,76
BP3494,IVY GARDENS,87.94505,306
BP3495,LEAFY GROVE,10.92588,101
BP3496,LEAFY GROVE,1.1645999999999996,88
BP3497,HARROW & WEALDSTONE STATION,51.93047,81
BP3498,ETTRICK STREET,70.18131,84
BP3499,ANTILL ROAD,35.29337,75
BP350,WYNDCLIFF ROAD,69.81969,78
BP3500,USHER ROAD,75.78082,74
BP3501,USHER ROAD,98.34868,76
BP3502,SHETLAND ROAD,30.57213,76
BP3503,TRAFALGAR SQUARE,636.93331,564
BP3504,TRAFALGAR SQ / CHARING CROSS STN,1588.81493,375
BP3505,CHARING CROSS STN / TRAFALGAR SQUARE,209.40525,330
BP3506,CHARING CROSS STN  / TRAFALGAR SQUARE,2202.44168,329
BP3507,TRAFALGAR SQUARE,551.76247,291
BP3508,TRAFALGAR SQ / CHARING CROSS STN,945.68924,477
BP3509,TRAFALGAR SQUARE,305.88307,352
BP351,CHARLTON LANE,36.11245,77
BP3510,GALLOWS CORNER / TESCO,176.455,226
BP3511,BARGEHOUSE ROAD,149.73644,91
BP3512,MILL LANE,396.55519,338
BP3515,PLOWMAN CLOSE / WILBURY PRIMARY SCHOOL,102.14809,80
BP3516,SOMERSET ROAD / NORTH MIDDLESEX HOSPITAL,63.656839999999995,128
BP3517,BULL LANE / NORTH MIDDLESEX HOSPITAL,188.11577,125
BP3518,WIGSTON CLOSE,54.87909,80
BP3519,DERWENT AVENUE,68.67934,80
BP352,ST THOMAS CHURCH,85.61341,77
BP3521,HAWTHORN ROAD,70.12917,125
BP3523,PLOWMAN CLOSE / WILBURY PRIMARY SCHOOL,84.47662,79
BP3524,WIGSTON CLOSE,70.55519,80
BP3525,BULL LANE / NORTH MIDDLESEX HOSPITAL,349.16413,80
BP3526,HAWTHORN ROAD,77.72947,80
BP3527,SOMERSET ROAD / NORTH MIDDLESEX HOSPITAL,35.03865,80
BP3528,GARRY WAY,17.85606,69
BP3529,CHASE CROSS ROAD,39.42329,70
BP353,KINVEACHY GARDENS,30.77447,78
BP3532,SAVILLE CRESCENT,8.895769999999999,70
BP3533,SAVILLE CRESCENT,3.1734899999999993,73
BP3535,FELTHAM ASSEMBLY HALL,613.73457,484
BP3536,ST MARTIN'S PLACE,435.62658,373
BP3538,STAINTON ROAD,93.24712,80
BP354,ALL SAINTS CHURCH,147.34722,77
BP3541,BEDDINGTON CROSS,5.598449999999999,71
BP3542,OCCUPATION ROAD,266.23997,182
BP3543,SHERWOOD CLOSE,63.52089,181
BP3544,WYLIE VETERINARY CENTRE,0.2799999999999998,10
BP3545,WYLIE VETERINARY CENTRE,0.0,6
BP3547,WEST SUTTON STATION,93.84299,72
BP3548,LONDON ROAD / ST ANTHONY'S HOSPITAL,196.83324,79
BP3549,WEST SUTTON STATION,86.77545,77
BP355,POUND PARK ROAD,25.01581,77
BP3550,HOOK ROAD,48.2113,98
BP3551,CHERRY TREE LANE,298.03566,231
BP3552,NORTH STREET,69.72925,57
BP3553,BRIDGE STREET,16.13094,54
BP3554,LEATHERHEAD STATION,37.96591,57
BP3555,NORTH STREET,94.09829,52
BP3557,GALLIONS REACH STATION,222.48546,180
BP356,WOODHURST ROAD,9.335379999999999,80
BP3562,DURHAM AVENUE,35.53845,76
BP3563,GLYN ROAD,564.47811,214
BP3564,LYNDSEY PARK,24.90495,81
BP3565,LYNDSEY PARK,18.621779999999998,79
BP3566,WEST DRAYTON STATION,0.0,80
BP357,CHARLTON LANE,25.42288,78
BP3571,CAVELL STREET,319.53517,173
BP3572,SHIRLEY AMBULANCE STATION,4.79268,75
BP3573,POPPY LANE,11.88809,76
BP3574,HAZEL CLOSE,11.625639999999999,76
BP3575,HAZEL CLOSE,32.094789999999996,77
BP3576,BASIL GARDENS,20.62675,77
BP3577,BASIL GARDENS,24.86487,77
BP358,NIGHTINGALE VALE,26.26204,78
BP3580,HAVERSTOCK HILL,45.860459999999996,75
BP3581,BELVEDERE AVENUE,19.9516,81
BP3582,SOMERSET ROAD,24.672739999999997,81
BP3583,SOMERSET ROAD,36.61568,79
BP3584,WIMBLEDON TENNIS CLUB & MUSEUM,72.22307,79
BP3585,WIMBLEDON TENNIS CLUB & MUSEUM,62.836890000000004,81
BP3586,BELVEDERE AVENUE,16.99833,79
BP3587,ST GEORGE'S / UNIVERSITY OF LONDON,27.36717,161
BP3588,CANADA SQUARE NORTH,279.13432,202
BP3589,EAST STREET,171.30248,71
BP359,WHITWORTH ROAD,196.42232,76
BP3590,MEDLAR STREET,484.77731,557
BP3596,THREE FISHES,34.82166,71
BP3598,HARROW ROAD,282.90924,183
BP360,ST JOSEPH'S CHURCH,64.82324,76
BP3603,ANDERSON WAY,41.44322,82
BP3607,GILLIAM CLOSE,6.082319999999999,75
BP3608,BILTON WAY / MOLLISON AVENUE,65.95167,72
BP3609,MILLMARSH LANE,106.33784,72
BP361,NORTHFIELD ROAD,230.47942,163
BP3610,GREEN STREET / BRIMSDOWN STATION,116.06648,71
BP3611,JEFFREYS ROAD,32.77228,71
BP3612,DUCK LEES LANE,53.97146,71
BP3613,LEA VALLEY ROAD,15.13351,71
BP3614,DUCK LEES LANE,23.61166,71
BP3615,JEFFREYS ROAD,7.67777,72
BP3616,GREEN STREET / BRIMSDOWN STATION,64.15284,71
BP3617,MILLMARSH LANE,6.34512,72
BP3618,BILTON WAY / MOLLISON AVENUE,23.404,72
BP3619,COX LANE,4.17908,74
BP362,WOOLACOMBE ROAD,25.732609999999998,77
BP3620,ELM ROAD,0.8800199999999999,74
BP3621,ROSEMARY GARDENS,0.05474,74
BP3622,ELM ROAD,31.92588,74
BP3623,COX LANE,51.67485,74
BP3624,ALTON CLOSE,5.33178,70
BP3625,LONDON ROAD,23.20761,70
BP3626,PARKWOOD ROAD,11.551859999999998,70
BP3627,BOROUGH ROAD,15.400749999999999,72
BP3628,BRAYBOURNE DRIVE / GREAT WEST ROAD,56.303619999999995,73
BP3629,CONQUEST CLUB,3.35648,73
BP363,WOOLWICH COMMON / HA HA ROAD,80.71953,78
BP3630,WOOD LANE / RAILWAY BRIDGE,9.11562,74
BP3631,JERSEY ROAD,23.5827,74
BP3632,RIDGEWAY ROAD,10.591909999999999,73
BP3633,JERSEY GARDENS,4.95641,73
BP3634,OSTERLEY LIBRARY,17.450969999999998,72
BP3635,THORNBURY AVENUE / GREAT WEST ROAD,50.6882,72
BP3637,WITHAM ROAD,24.10669,72
BP3638,WORTON GARDENS,14.37097,70
BP3639,SUTTON WAY,20.48858,72
BP364,NIGHTINGALE VALE,153.20592,78
BP3640,THE WARREN,8.44462,72
BP3641,BEAUFORT GARDENS,6.5468,72
BP3642,VICTORIA GARDENS,26.42333,72
BP3643,BLACKTHORN COURT,11.99342,71
BP3644,SPEART LANE,14.98395,71
BP3645,ARMYTAGE ROAD,6.355709999999999,72
BP3646,ALCOCK ROAD,21.52946,72
BP3647,JOHNSON ROAD,13.188609999999999,73
BP3648,BLERIOT ROAD,19.09306,73
BP3649,BRABAZON ROAD / CRANFORD LANE,18.418329999999997,72
BP365,EASTBROOK ROAD,8.23303,76
BP3651,ALTON CLOSE,6.67106,71
BP3652,HARTHAM ROAD,8.49833,71
BP3653,BOROUGH ROAD,8.36961,72
BP3654,BRAYBOURNE DRIVE / GREAT WEST ROAD,30.47992,72
BP3655,CONQUEST CLUB,4.71674,72
BP3656,JERSEY ROAD,6.18124,72
BP3657,RIDGEWAY ROAD,2.6902899999999996,71
BP3658,JERSEY GARDENS,2.4511,71
BP3659,OSTERLEY LIBRARY,18.18418,70
BP366,HARGOOD ROAD,39.501599999999996,77
BP3660,THORNBURY AVENUE / GREAT WEST ROAD,11.25386,68
BP3661,EVERSLEY CRESCENT,15.973529999999998,69
BP3662,WITHAM ROAD,13.8914,71
BP3664,SPRING GROVE CRESCENT,9.79467,70
BP3665,SUTTON WAY,27.29862,68
BP3666,THE WARREN,16.9944,70
BP3667,BEAUFORT GARDENS,9.6593,72
BP3668,VICTORIA GARDENS,33.3143,72
BP3669,BLACKTHORN COURT,15.09914,72
BP367,HARRADEN ROAD,3.8536199999999994,76
BP3670,SPEART LANE,9.483189999999999,72
BP3671,ARMYTAGE ROAD,15.553569999999999,72
BP3672,ALCOCK ROAD,10.83952,70
BP3673,JOHNSON ROAD,8.310709999999998,70
BP3674,BLERIOT ROAD,12.12154,68
BP3675,BRABAZON ROAD / CRANFORD LANE,12.048939999999998,68
BP3677,CHEAM STATION,27.63216,52
BP3678,MERTON ABBEY,56.27594,54
BP3679,MERTON ABBEY,0.93308,55
BP368,EASTBROOK ROAD,7.136209999999999,77
BP3680,WINCHESTER PARK,10.33245,76
BP3681,CHADWICK ROAD,7.753709999999999,74
BP3682,HOLLYDALE ROAD,1.84191,80
BP3684,BROOKFIELD ROAD,138.08726000000001,78
BP3685,GASCOYNE ROAD,151.93494,79
BP3686,WETHERELL ROAD,92.12944,79
BP3687,LAURISTON ROAD,169.20055,79
BP3688,SKIPWORTH ROAD,144.16129,79
BP3689,FREMONT STREET,62.36105,79
BP369,THE BIRCHWOOD,40.74062,80
BP3690,ANERLEY STATION,0.0579299999999999,158
BP3694,ANERLEY STATION,312.93559,158
BP3695,MARGARET STREET / OXFORD CIRCUS,832.83222,216
BP3698,HOLLYMOOR LANE,34.60257,63
BP3699,TERRACE ROAD,300.00311,181
BP370,BEACONSFIELD ROAD,21.563609999999997,76
BP3700,CLAPTON STATION,106.38345,77
BP3701,CLAPTON STATION,2.02635,78
BP3702,JACK WATTS ESTATE,51.02072,78
BP3703,JACK WATTS ESTATE,70.0318,77
BP3704,MOUNT PLEASANT HILL,111.49444,77
BP3705,MOUNT PLEASANT HILL,59.23783,78
BP3706,LEASIDE ROAD,62.97532,78
BP3707,MOUNT PLEASANT LANE,59.19402,78
BP3708,UPPER CLAPTON ROAD,58.03982,77
BP3709,UPPER CLAPTON ROAD,8.973659999999999,78
BP371,SEDGEMERE ROAD,30.015819999999998,71
BP3710,FOUNTAYNE ROAD,55.34866,78
BP3711,STOKE NEWINGTON STATION,137.03541,78
BP3712,LEASIDE ROAD,166.14930999999999,77
BP3713,MOUNT PLEASANT LANE,184.30544,77
BP3714,WARWICK GROVE / WIGAN ESTATE,73.26178,78
BP3715,CAZENOVE ROAD / GELDESTON ROAD,54.85402,77
BP3716,FOUNTAYNE ROAD,83.02067,77
BP3717,STOKE NEWINGTON STATION,32.57453,77
BP3718,ELEPHANT & CASTLE / LONDON ROAD,3851.11566,675
BP3719,ELEPHANT & CASTLE / LONDON ROAD,11.880249999999998,233
BP372,OVERTON ROAD,64.61905,70
BP3721,BROMLEY BY BOW STATION,118.4782,80
BP3722,DEVONS ROAD STATION,52.80314,80
BP3723,WATTS GROVE,205.51351,80
BP3724,ST PAULS WAY TRUST SCHOOL,240.58083,80
BP3725,ACKROYD DRIVE,26.511049999999997,80
BP3726,ERIC STREET,11.44511,80
BP3727,BROMLEY BY BOW STATION,60.32018,79
BP3728,DEVONS ROAD STATION,37.745129999999996,79
BP3729,WATTS GROVE,66.05134,79
BP373,THE BIRCHWOOD,42.44146,80
BP3730,ST PAULS WAY TRUST SCHOOL,100.98178,79
BP3731,ACKROYD DRIVE,22.54975,79
BP3732,ERIC STREET,64.04228,78
BP3733,PAMS WAY,42.13422,72
BP3736,PROLOGIS PARK,134.75489,79
BP3737,SOUTH CRESCENT BUSINESS CENTRE,31.78181,79
BP3738,STAR LANE STATION,5.056019999999998,80
BP3739,NORTH CRESCENT BUSINESS CENTRE,28.109759999999998,79
BP374,LANRIDGE ROAD,5.079249999999999,70
BP3740,BARKING ROAD / MANOR ROAD,0.3447499999999998,80
BP3741,TWELVETREES CRESCENT,123.64433,158
BP3743,PROLOGIS PARK,81.13767,80
BP3744,LINKS WAY,22.33307,69
BP3745,LINKS WAY,10.69083,66
BP3746,GAINSBOROUGH ROAD,3.401879999999999,73
BP3747,BERESFORD TERRACE / HIGHBURY ESTATE,42.48668,78
BP3748,BERESFORD TERRACE / HIGHBURY ESTATE,97.54674,77
BP3749,BALFOUR ROAD / LEXFIELD HOUSE,14.2982,78
BP375,BUCKWHEAT COURT,8.627889999999999,69
BP3750,BALFOUR ROAD / ATHENAEUM COURT,75.77583,77
BP3751,BALFOUR ROAD / CROWFIELD HOUSE,17.836119999999998,78
BP3752,BALFOUR ROAD / CROWFIELD HOUSE,65.40118,77
BP3753,HIGHBURY QUADRANT,15.275339999999998,78
BP3754,HIGHBURY QUADRANT,73.69775,77
BP3755,SAMSON STREET,373.09484,341
BP3756,CHARGEABLE LANE,896.88986,422
BP3759,BARN CROFT PRIMARY SCHOOL,2.4664699999999993,73
BP376,BUCKWHEAT COURT,70.94568,69
BP3760,BARN CROFT PRIMARY SCHOOL,2.4043199999999993,74
BP3761,WESTOW STREET,745.38505,425
BP3762,MARIGOLD ROAD / NORTHUMBERLAND PARK,71.28947,83
BP3763,STONEBRIDGE LOCK,17.88246,83
BP3764,MARIGOLD ROAD / NORTHUMBERLAND PARK,36.19311,81
BP3765,BURDOCK ROAD / LEE VALLEY TECHNOPARK,0.0,83
BP3766,HAVELOCK ROAD,11.210569999999999,78
BP3767,WOODVILLE GARDENS,5.53736,22
BP3768,DULVERTON ROAD,10.406889999999999,57
BP3769,EASTCOTE METHODIST CHURCH,82.68659,142
BP377,LANRIDGE ROAD,11.419709999999998,69
BP3770,DULVERTON ROAD,2.5634599999999996,68
BP3772,CLAYTON ROAD,402.60612,388
BP3773,HOTSPUR STREET,132.59898,77
BP3774,MARY LEE WAY,88.5009,77
BP3775,TYERS STREET,142.67816,77
BP3776,TYERS STREET,120.86946,79
BP3777,MARY LEE WAY,57.78939,79
BP3778,DRAYCOTT PLACE,48.37238,77
BP3779,MARLBOROUGH PRIMARY SCHOOL,110.46046,77
BP3780,FULHAM ROAD,19.968339999999998,77
BP3781,PELHAM STREET,1.1500399999999995,77
BP3782,SLOANE SQUARE STATION  / SYMON STREET,124.57103000000001,79
BP3783,DRAYCOTT PLACE,55.08627,79
BP3784,MARLBOROUGH PRIMARY SCHOOL,117.59811,78
BP3785,FULHAM ROAD,90.12355,78
BP3786,WINCHESTER STREET,486.44166,159
BP3787,WESTMORELAND TERRACE,71.93056,79
BP379,SURBITON SAINSBURY'S,777.41513,358
BP3790,LEWISHAM STATION,20.66913,163
BP3791,AUGUSTUS ROAD,18.13945,81
BP3792,AUGUSTUS ROAD,31.27069,80
BP3794,BELMONT STATION,6.873139999999999,132
BP3795,BELMONT STATION,61.56312,128
BP3797,SOUTH LODGE AVENUE / YORKSHIRE ROAD,357.09231,385
BP3799,LANCASTER GATE STATION,632.43122,213
BP3801,BROOKSBY'S WALK / HOMERTON STATION,501.51754999999997,579
BP3803,CLISSOLD ROAD,109.86811,78
BP3804,STOKE NEWINGTON CH ST / CLISSOLD CRES,58.60799,78
BP3805,CLISSOLD CRESCENT,55.364309999999996,77
BP3806,CLISSOLD ROAD,104.61803,77
BP3807,KEW RETAIL PARK,162.52328,160
BP3808,CHALKERS CORNER,138.82533,79
BP3809,WEST PARK ROAD,11.29524,79
BP3810,WEST PARK ROAD,0.3870699999999999,80
BP3811,CHALKERS CORNER,15.7319,80
BP3812,PINE WALK,11.88037,70
BP3814,HURST LANE,200.49068,226
BP3815,WOODLAND WAY,6.066649999999998,227
BP3816,ABBEY ROAD,52.4509,222
BP3817,HURST LANE,40.544909999999994,224
BP3818,MANOR WAY,18.13356,74
BP3819,SKARDU ROAD,909.27644,336
BP3821,TWICKENHAM STATION,818.9660700000001,248
BP3822,ORMOND DRIVE,108.35629,176
BP3823,ORMOND DRIVE,99.25548,177
BP3824,HANWORTH ROAD,76.62967,96
BP3825,HANWORTH ROAD,34.92675,94
BP3826,WINDMILL ROAD,46.81715,95
BP3827,WINDMILL ROAD,40.8955,94
BP3828,MARTELLO STREET,6.414289999999999,79
BP3829,RICHMOND ROAD / GREENWOOD ROAD,47.16886,79
BP3830,MIDDLETON ROAD,77.56101,79
BP3831,SHEEP LANE,19.17337,79
BP3832,ADA STREET,5.306819999999999,79
BP3833,PRITCHARD'S ROAD,30.831889999999998,79
BP3834,NICHOLL STREET,30.55028,79
BP3835,THURTLE ROAD,87.66117,79
BP3836,WHISTON ROAD,99.90721,79
BP3838,KINGSLAND ROAD,22.41394,76
BP3839,THURTLE ROAD,120.35935,76
BP384,HOMERTON HOSPITAL,0.0,78
BP3840,NICHOLL STREET,75.49952,76
BP3841,PRITCHARD'S ROAD,150.49783,76
BP3843,SHEEP LANE,98.88987,75
BP3844,MIDDLETON ROAD,50.68632,75
BP3845,GREENWOOD ROAD,35.4144,75
BP3846,RICHMOND ROAD / MARTELLO STREET,76.98954,75
BP3848,BUCKLAND STREET,58.2427,75
BP3849,NEW NORTH ROAD,36.47572,75
BP3850,MURRAY GROVE / PROVOST ESTATE,49.33735,75
BP3851,BLETCHLEY STREET,60.67327,75
BP3852,SHOREDITCH POLICE STATION,6.21604,75
BP3853,MURRAY GROVE,57.76885,79
BP3854,BLETCHLEY STREET,72.77672,78
BP3855,CROPLEY STREET,106.98076,78
BP3857,BUCKLAND STREET,31.56241,78
BP3859,SHOREDITCH POLICE STATION,0.32198,79
BP386,FAIRFIELD BUS STATION,0.2187,382
BP3860,DULWICH COLLEGE,130.08144,82
BP3861,DULWICH PICTURE GALLERY,50.67947,82
BP3862,DULWICH VILLAGE,70.34965,82
BP3863,DULWICH VILLAGE SCHOOL,31.472199999999997,82
BP3864,DULWICH VILLAGE SCHOOL,71.85591,81
BP3865,DULWICH VILLAGE,69.85625,81
BP3866,DULWICH PICTURE GALLERY,47.56829,81
BP3867,DULWICH COLLEGE,91.29928,81
BP387,NORBITON CHURCH / TIFFIN BOYS SCHOOL,141.10544,703
BP3871,BOROUGH ROAD,71.48597,160
BP3872,KINGSWOOD DRIVE / COLLEGE ROAD,190.32739,76
BP3873,KINGSWOOD DRIVE / COLLEGE ROAD,110.9279,77
BP3874,FOUNTAIN DRIVE,11.52511,77
BP3875,FOUNTAIN DRIVE,11.1411,76
BP3876,SIR CYRIL BLACK WAY,1.9832299999999996,164
BP3880,FIELD MEAD,73.61333,73
BP3881,GROVE STREET / PLOUGH WAY,132.80581,91
BP3882,GROVE STREET / PLOUGH WAY,67.21546,97
BP3884,QUEEN'S CRESCENT,604.12956,170
BP3885,BURDOCK ROAD / LEE VALLEY TECHNOPARK,79.97982999999999,81
BP3886,NORTHUMBERLAND PARK RAIL DEPOT,4.2093799999999995,81
BP3887,NORTHUMBERLAND PARK RAIL DEPOT,2.7450799999999993,83
BP3888,SEDGE ROAD,43.34062,81
BP3892,EASTCOTE LANE,2.3240999999999996,76
BP3895,SOUTHFIELD GARDENS,79.01481,94
BP3896,WINDERMERE ROAD,39.30001,137
BP3897,BOWNESS CRESCENT,26.89113,140
BP3899,WALTHAMSTOW CENTRAL STATION,12.64874,448
BP390,BERBERIS WALK,36.10363,81
BP3901,FALKIRK STREET / HOXTON STATION,98.45159,78
BP3902,FALKIRK ST / HACKNEY COMMUNITY COLLEGE,111.56247,75
BP3904,CRONDALL STREET / HOXTON STREET MARKET,84.6097,75
BP3905,PITFIELD STREET,55.3955,75
BP3906,PITFIELD STREET,134.50038,78
BP3908,SOUTHFIELDS STATION,494.3946,165
BP3910,LONDON ROAD / ST ANTHONY'S HOSPITAL,12.840989999999998,74
BP3912,FINSBURY PARK STATION,2294.94124,529
BP3919,ROCKMOUNT PRIMARY SCHOOL,39.31533,78
BP3920,REEDHAM DRIVE,5.714989999999999,74
BP3921,REEDHAM DRIVE,35.80515,70
BP3923,EWELL PARK WAY,12.48815,74
BP3924,EWELL PARK WAY,24.17248,73
BP3925,WELBECK CLOSE,14.82603,74
BP3926,WELBECK CLOSE,36.17617,72
BP3927,THE SPRING,275.18803,140
BP3928,THE SPRING,74.85822,170
BP3929,WEST DRIVE,14.95147,51
BP393,MOLESWORTH STREET,0.0,242
BP3930,WEST DRIVE,6.502759999999999,56
BP3931,BRAMLEY ROAD,6.615259999999999,53
BP3932,BRAMLEY ROAD,17.33005,58
BP3933,ALBURY AVENUE,8.50381,54
BP3934,ALBURY AVENUE,7.106399999999999,58
BP3935,EWELL EAST STATION,7.10818,54
BP3936,EWELL EAST STATION,18.40307,57
BP3938,SPRINGFIELD ROAD,3.1393199999999997,55
BP3939,SPRINGFIELD ROAD,6.2720899999999995,57
BP394,RAINHAM WAR MEMORIAL,172.37735,142
BP3940,RAINBOW LEISURE CENTRE,17.44885,220
BP3941,RAINBOW LEISURE CENTRE,129.8188,220
BP3942,KILN LANE,90.2297,219
BP3943,KILN LANE,57.95695,220
BP3944,WINDMILL LANE,218.3972,221
BP3945,WINDMILL LANE,49.25108,222
BP3946,HESSLE GROVE,70.21195999999999,220
BP3947,HESSLE GROVE,70.40946,220
BP3948,MONGERS LANE,37.65701,218
BP3949,MONGERS LANE,114.9917,224
BP3950,REIGATE ROAD / GREEN MAN,311.25584,225
BP3951,REIGATE ROAD / GREEN MAN,92.86097,223
BP3952,SPARROW FARM ROAD,39.66046,71
BP3953,SPARROW FARM ROAD,21.785529999999998,73
BP3954,NONSUCH PARK,7.549639999999999,73
BP3955,NONSUCH PARK,11.68452,73
BP3956,BRIARWOOD ROAD,17.89651,74
BP3957,BRIARWOOD ROAD,39.67406,73
BP3958,LOWER MORDEN LANE / MORDEN CEMETERY,8.703899999999999,71
BP3959,ALPHA PLACE,36.64767,70
BP396,MANOR GROVE,98.07934,175
BP3960,GARTH ROAD / STONECOT HILL,32.34594,72
BP3961,ALPHA PLACE,84.38237,73
BP3962,ROSEBERY CLOSE,64.20792,73
BP3963,TANNER STREET,203.94526,207
BP3964,BOSS STREET,364.24812000000003,207
BP3965,UNICORN THEATRE,601.54024,287
BP3968,SHORT WAY,57.2374,74
BP3969,SHORT WAY,68.56719,71
BP397,ALEXANDRA AVENUE HEALTH CENTRE,32.58954,64
BP3970,WOODGRANGE AVENUE,23.665119999999998,73
BP3971,WOODGRANGE AVENUE,35.874629999999996,70
BP3972,GRANVILLE ROAD,11.78439,73
BP3973,GRANVILLE ROAD,51.4483,72
BP3974,BETSTYLE CIRCUS,15.840119999999999,70
BP3975,DARWIN CLOSE,6.43901,74
BP3976,DARWIN CLOSE,28.16372,69
BP3977,BRUNSWICK AVENUE,68.54173,69
BP3978,NORTH LONDON BUSINESS PARK,48.33709,73
BP3979,DOLLIS ROAD,24.507279999999998,71
BP398,ALEXANDRA AVENUE HEALTH CENTRE,57.76404,62
BP3980,DOLLIS ROAD,7.474119999999999,73
BP3981,FRITH COURT,36.09552,71
BP3982,FRITH COURT,2.31332,73
BP3983,MARNE AVENUE,21.40464,74
BP3984,BRUNSWICK AVENUE,29.43187,74
BP3985,NORTH LONDON BUSINESS PARK,117.62116,69
BP3986,OSIDGE LIBRARY,13.48335,73
BP3987,ARGALL AVENUE INDUSTRIAL ESTATE,0.0,74
BP3988,ARGALL AVENUE INDUSTRIAL ESTATE,78.37423,73
BP3989,STAFFA ROAD,91.8471,73
BP399,EASTCOTE LANE,20.18086,65
BP3990,GAINSBOROUGH ROAD,7.233209999999999,73
BP3992,FELMINGHAM ROAD,15.210949999999999,72
BP3993,THORNSETT ROAD,14.43433,72
BP3994,WHEATHILL ROAD,2.7863899999999995,70
BP3995,WHEATHILL ROAD,17.73746,75
BP3996,THORNSETT ROAD,16.40007,73
BP3997,FELMINGHAM ROAD,12.169449999999998,73
BP3998,EDEN WAY,3.592309999999999,70
BP3999,EDEN WAY,1.3362299999999996,78
BP400,EASTCOTE LANE,46.86606,63
BP4000,THE BETHLEM ROYAL HOSPITAL,2.8422799999999993,78
BP4001,THE BETHLEM ROYAL HOSPITAL,90.98145,70
BP4003,FARNABY ROAD / BECKENHAM LANE,7.6790199999999995,68
BP4004,BECKENHAM LANE,8.486609999999999,70
BP4005,BROMLEY AVENUE,11.94198,70
BP4006,BROMLEY AVENUE,9.79992,69
BP4007,WARREN AVENUE,12.118049999999998,69
BP4008,WARREN AVENUE,14.5558,72
BP4009,RAVENSBOURNE STATION,26.229409999999998,72
BP401,CHANDOS ROAD,6.40161,69
BP4010,RAVENSBOURNE STATION,36.0284,71
BP4011,RAVENSBOURNE AVENUE / FARNABY ROAD,6.840009999999999,72
BP4012,RAVENSBOURNE AVENUE,3.9748999999999994,72
BP4014,DOWNS BRIDGE ROAD,8.5703,72
BP4015,DOWNS HILL / THE AVENUE,11.884719999999998,73
BP4016,DOWNS HILL / THE AVENUE,14.26615,72
BP4017,SPRINGBOURNE COURT,33.923069999999996,71
BP4018,WESTGATE ROAD,40.02144,75
BP4019,CONVENT CLOSE,34.23393,72
BP402,CHANDOS ROAD,5.5218,64
BP4020,BECKENHAM CRICKET CLUB,11.94019,71
BP4021,BECKENHAM CRICKET CLUB,15.35155,75
BP4022,BEADON ROAD,7.497569999999999,125
BP4023,BEADON ROAD,9.428819999999998,133
BP4024,HAYESFORD PARK DRIVE,6.3388,124
BP4025,HAYESFORD PARK DRIVE,23.3739,132
BP4026,CHERITON AVENUE,33.26367,124
BP4027,CHERITON AVENUE,41.93812,133
BP4028,MATFIELD CLOSE,67.71929,133
BP4029,MATFIELD CLOSE,43.06234,124
BP403,THE CLOSE,3.7148,71
BP4030,STANSTEAD CLOSE,34.89177,132
BP4031,CULVERSTONE CLOSE,17.77781,124
BP4032,PICKHURST PARK,14.841199999999999,136
BP4033,PICKHURST PARK,21.689829999999997,127
BP4034,MEADWAY / PICKHURST PARK,41.06883,137
BP4035,PICKHURST LANE,27.85145,73
BP4036,THE AVENUE,12.67775,74
BP4037,THE AVENUE,21.77845,74
BP4038,THE AVENUE / GOODHART WAY,51.21525,74
BP4039,THE AVENUE / GOODHART WAY,52.84993,75
BP404,THE CLOSE,46.94849,64
BP4040,ST MARY OF NAZARETH CHURCH,10.985299999999999,72
BP4041,THE AVENUE / RED LODGE ROAD,1.4552699999999998,74
BP4042,PHILLIDA ROAD,0.51721,8
BP4043,PHILLIDA ROAD,0.39278,8
BP4044,ORCHARD COURT,12.482289999999999,74
BP4045,WATLINGTON GROVE,15.806809999999999,74
BP4046,ORCHARD COURT,10.913359999999999,75
BP4047,WATLINGTON GROVE,11.65588,74
BP4048,SYDENHAM RISE,2.3796399999999993,74
BP4049,MOUNT ASH ROAD,3.7126999999999994,74
BP4050,KIRKDALE / THORPEWOOD AVENUE,3.9516299999999993,74
BP4052,RIVER ROAD,156.95544,76
BP4053,WAVERLEY GARDENS,671.46432,247
BP4054,WAVERLEY GARDENS,230.71795,247
BP4055,MOVERS LANE / RIVER ROAD,220.44453000000001,75
BP4056,KING EDWARDS ROAD,65.90037,156
BP4057,KING EDWARDS ROAD,20.71832,76
BP4058,CENTURION WAY,7.601009999999999,148
BP4062,RIDGEMOUNT AVENUE,8.597769999999999,97
BP4063,MALPAS ROAD,385.52895,371
BP4064,WEMBLEY STADIUM STATION,59.74807,75
BP4066,FOREST ROAD / SLADE GREEN STATION,0.0,74
BP4067,FAIRVIEW INDUSTRIAL PARK,151.35603,81
BP4068,MARSH WAY,337.85308,81
BP4069,MARSH WAY,2.4808399999999997,79
BP4070,C E M E,87.47111,160
BP4071,BREAKSPEAR CREMATORIUM,20.663719999999998,71
BP4072,BREAKSPEAR CREMATORIUM,8.13468,62
BP4073,JACKETS LANE,28.32646,69
BP4074,FRINGEWOOD CLOSE,7.252199999999999,64
BP4075,RESERVOIR ROAD,15.246749999999999,71
BP4076,RESERVOIR ROAD,11.63032,63
BP4079,BURY STREET,12.68,62
BP4080,WHITEHEATH AVENUE,15.636479999999999,62
BP4081,THAMES DRIVE,74.12349,72
BP4082,LEAHOLME WAY,64.93462,72
BP4083,HAWKESWORTH CLOSE,16.54016,66
BP4084,NORTHWOOD COLLEGE NURSERY SCHOOL,13.01042,71
BP4085,LEAF CLOSE,5.494549999999999,66
BP4086,LEAF CLOSE,8.12631,71
BP4087,FINCHLEY CENTRAL,43.64676,148
BP4088,FINCHLEY CENTRAL,176.7342,150
BP409,RALEIGH CLOSE,19.73497,64
BP4090,GOLDERS GREEN STATION,630.01444,102
BP4093,WHYTELEAFE STATION,12.20683,44
BP4094,JASMINE GROVE,0.0,158
BP4095,IMPERIAL WHARF STN  / CHELSEA HARBOUR,5.6710899999999995,76
BP4096,IMPERIAL ROAD / CHELSEA HARBOUR,106.42654,75
BP4097,HARWOOD TERRACE,3.189229999999999,76
BP4098,HARWOOD TERRACE,18.927,75
BP4099,LEAHOLME WAY,29.5883,62
BP410,RALEIGH CLOSE,26.10781,67
BP4100,ST MARGARET'S ROAD,32.60868,72
BP4101,HOWLETTS LANE,29.533929999999998,72
BP4102,HOWLETTS LANE,13.77535,62
BP4103,MANOR HOUSE DRIVE,6.91538,68
BP4104,MANOR HOUSE DRIVE,3.62552,66
BP4105,NORTHGATE,7.83543,69
BP4107,NORTHGATE,5.000839999999999,66
BP4108,JACKETS LANE,43.3215,66
BP411,OXLEAY ROAD,30.29156,62
BP4111,WORMWOOD STREET,237.51451,182
BP4112,WORMWOOD STREET,18.061999999999998,181
BP4119,TOLWORTH STATION  / WOODLAND WAY,73.85034,77
BP412,BAUDWIN ROAD,82.21257,80
BP4120,HOLLYBUSH WALK,29.14173,74
BP4124,SUNNY WAY,0.1089399999999999,71
BP4125,HIGH ROAD EAST FINCHLEY,4.7015199999999995,98
BP4126,TANDRIDGE DRIVE / CROFTON LANE,3.63253,60
BP4129,NORTHUMBERLAND GARDENS,14.377099999999999,61
BP413,BAUDWIN ROAD,20.8507,80
BP4131,BROMLEY HIGH SCHOOL,16.230249999999998,62
BP4132,OLDFIELD ROAD / ST GEORGES ROAD,1.9185599999999998,62
BP4133,BROMLEY HIGH SCHOOL,22.84216,65
BP4134,OLDFIELD ROAD / ST GEORGES ROAD,7.94182,65
BP4136,BLACKBROOK LANE / SOUTHBOROUGH LANE,7.7642299999999995,61
BP4137,TUDOR WAY,3.0882,59
BP4138,TUDOR WAY,5.558,59
BP4139,ST JOHN'S ROAD / ST GEORGE'S ROAD,5.18194,60
BP414,CASTILLON ROAD,68.19501,80
BP4140,ST JOHN'S ROAD / ST GEORGE'S ROAD,2.48172,59
BP4141,TURNBERRY WAY,2.02516,61
BP4142,TURNBERRY WAY,8.06658,61
BP4143,ANDOVER ROAD,9.4127,63
BP4144,ANDOVER ROAD,2.5230399999999995,63
BP4145,ALLINGTON ROAD / ANDOVER ROAD,5.74011,63
BP4146,ALLINGTON ROAD / ANDOVER ROAD,2.69887,62
BP4147,ALLINGTON ROAD / CROFTON ROAD,3.77248,65
BP4148,ALLINGTON ROAD / CROFTON ROAD,3.27339,61
BP4149,KELVIN PARADE,3.2649,61
BP415,CASTILLON ROAD,220.87482,80
BP4150,KELVIN PARADE,8.88878,63
BP4151,TANDRIDGE DRIVE / CROFTON LANE,8.291179999999999,61
BP4152,ST JOHN'S ROAD / CROFTON LANE,17.10999,57
BP4153,ST JOHN'S ROAD / CROFTON LANE,8.11196,60
BP4154,STANSFIELD ROAD,264.45414,421
BP4155,PICKHURST MEAD,12.53168,78
BP4156,WOODMANSTERNE POST OFFICE,24.42459,70
BP4159,DUKE'S BRIDGE,83.91669,76
BP416,BOUNDFIELD ROAD,131.89611,80
BP4162,ROYAL OAK STATION,109.85539,92
BP4163,HALLOWELL ROAD,27.045229999999997,153
BP4164,RAM STREET,241.4116,185
BP4165,HACKNEY WICK,0.0,83
BP4166,HOMERTON HOSPITAL / WARDLE STREET,110.83794,94
BP4167,CHURCH CRESCENT,150.93233,181
BP4168,CARGO CENTRE,14.351259999999998,169
BP4169,CARGO CENTRE,140.73854,153
BP417,BOUNDFIELD ROAD,56.92412,80
BP4170,KENNINGHALL ROAD,0.0,81
BP4172,HAMPSTEAD STATION,17.88072,97
BP4173,WELLING WAY / ROCHESTER WAY,2.0035999999999996,69
BP4174,WELLING WAY / ROCHESTER WAY,2.2162699999999993,74
BP4175,WELLING WAY / BELLEGROVE ROAD,15.733939999999999,73
BP4176,WELLING WAY / SHERWOOD ROAD,13.015709999999999,73
BP4177,MONTROSE AVENUE,24.877209999999998,73
BP4178,MONTROSE AVENUE,23.88361,69
BP4179,WELLING WAY / SHERWOOD ROAD,17.09022,71
BP418,SCARLET ROAD,78.66101,80
BP4180,WELLING WAY / BELLEGROVE ROAD,49.121449999999996,73
BP4183,CHILHAM WAY,32.87833,79
BP4185,YORK ROAD,60.976769999999995,229
BP419,SCARLET ROAD,109.0737,80
BP4190,TAUNTON WAY,123.90522,99
BP4191,MOVERS LANE / RIVER ROAD,35.81501,76
BP4192,RAVENSBOURNE AVENUE / DOWNS HILL,4.313879999999999,72
BP4193,MUSGRAVE ROAD,7.803469999999999,71
BP4194,CANARY WHARF STATION,235.18005,285
BP4195,CANARY WHARF STATION,1845.53488,289
BP4197,GRESHAM ROAD,15.1821,70
BP4198,WORTON WAY,28.095869999999998,69
BP4199,WEST MIDDLESEX HOSPITAL,0.43831,195
BP420,GREENVALE SCHOOL,68.76966,79
BP4200,WEST LONDON MENTAL HEALTH TRUST,54.17858,223
BP4201,TEIGNMOUTH GARDENS,46.73488,171
BP4202,FRANCIS GROVE,0.0,164
BP4203,EVERSLEY CRESCENT,32.0384,72
BP4207,CRANFIELD WALK,131.50075,159
BP4208,CRANFIELD WALK,457.60944,158
BP4209,KEMNAL TECHNOLOGY COLLEGE,74.35733,224
BP421,GREENVALE SCHOOL,58.31057,80
BP4210,GODDARD ROAD,48.127359999999996,234
BP4211,PEREGRINE GARDENS,8.10581,74
BP4212,POTTERS CLOSE,3.3831599999999997,77
BP4213,POTTERS CLOSE,11.39261,72
BP4214,TOWER VIEW,32.49764,76
BP4215,TOWER VIEW,24.65309,73
BP4216,GLADE GARDENS,82.0518,76
BP4217,GLADE GARDENS,52.53187,75
BP4218,DARLEY CLOSE,32.96514,76
BP4219,DARLEY CLOSE,36.13892,75
BP422,CRUTCHLEY ROAD,90.05944,81
BP4220,HOMER ROAD,24.57665,76
BP4221,HOMER ROAD,33.98638,75
BP4222,FAIRFORD AVENUE,21.22478,75
BP4223,FAIRFORD AVENUE,38.05105,76
BP4224,HORTON WAY,16.30177,74
BP4225,HORTON WAY,7.7160899999999994,76
BP4226,PEREGRINE GARDENS,2.70096,77
BP4227,WESTERN ROAD,167.00871999999998,492
BP4228,LONDON BRIDGE STATION,19.09473,27
BP423,CRUTCHLEY ROAD,57.38626,80
BP4234,EDMONTON GREEN STATION,1316.89412,690
BP424,BLACKWALL STATION,0.0,78
BP4240,FINSBURY PARK STATION,0.0,243
BP4241,STOKE NEWINGTON HIGH STREET,982.57541,251
BP4242,FINSBURY PARK STATION,2078.70036,536
BP4243,HILLIERS LANE,36.11444,148
BP4244,HILLIERS LANE,31.28689,144
BP4246,ST MATTHEWS ESTATE,219.49367,524
BP4247,JENKINS LANE,39.18172,75
BP4248,NORTH CIRCULAR ROAD,25.43977,76
BP4249,BECKTON TRIANGLE RETAIL PARK,15.48885,76
BP425,BLACKWALL STATION,102.16586,79
BP4250,COCKABOURNE BRIDGE,0.6162799999999999,8
BP4251,COCKABOURNE BRIDGE,1.6894,8
BP4252,HOME FARM COTTAGE,0.60442,78
BP4254,STIRLING ROAD,401.90142,336
BP4255,NORTHWOOD GOLF COURSE,3.5819999999999994,70
BP4256,NORTHWOOD GOLF COURSE,3.7812799999999998,65
BP4257,BURY STREET WEST,97.91891,78
BP4258,WATERLOO STATION / TENISON WAY,2532.44277,180
BP4259,WATERLOO STATION / TENISON WAY,778.5760300000001,192
BP4266,COLINDEEP LANE,501.06799,275
BP4267,WALTHAMSTOW BUS STATION,0.0,695
BP4270,WALTHAMSTOW BUS STATION,5168.57977,299
BP4271,WALTHAMSTOW BUS STATION,2043.61049,377
BP4272,WALTHAMSTOW BUS STATION,3594.92641,336
BP4273,WALTHAMSTOW BUS STATION,1364.87621,343
BP4274,WALTHAMSTOW BUS STATION,1339.29926,287
BP4276,ST LEONARD'S ROAD,182.22154,99
BP4277,GREENFORD PARK,14.551519999999998,236
BP4279,MARKET PLACE,0.0,75
BP428,BARKING TOWN CENTRE,0.0,77
BP4280,TULIP CLOSE,36.20201,76
BP4281,STEPHENSON STREET,17.10944,230
BP4282,WOOLWICH MANOR WAY,1.0379299999999998,76
BP4283,MASEFIELD GARDENS,107.54447,75
BP4284,HELMSDALE ROAD,32.307,67
BP4285,HELMSDALE ROAD,19.81681,71
BP4286,CONDELL ROAD,4.787499999999999,71
BP4287,CORUNNA ROAD,1.2634999999999994,71
BP4288,ASCALON STREET,1.2667799999999996,71
BP4289,PATMORE ESTATE / DRURY HOUSE,63.907939999999996,145
BP4290,LINFORD STREET,99.23257,73
BP4291,CAREY GARDENS,45.35747,74
BP4292,CLYSTON STREET,82.21156,74
BP4293,BLORE CLOSE,4.184089999999999,71
BP4294,FRIERN BARNET / FRIERN BARNET LANE,2.0225199999999997,94
BP4296,CHRISTCHURCH ROAD,68.50364,81
BP4297,BODIAM WAY,119.41544,82
BP4298,BODIAM WAY,124.98627,81
BP4299,LAKESIDE DRIVE,26.522679999999998,83
BP4303,TRESILIAN AVENUE,62.877829999999996,139
BP4304,RUTHERFORD COURT,5.45895,139
BP4305,BLACKWELL CLOSE,23.727339999999998,140
BP4306,HIGHGATE SCHOOL,92.45157,166
BP4307,CATERHAM AVENUE,2.1372199999999997,81
BP431,HAREFIELD HOSPITAL,37.49686,114
BP4310,STONEBRIDGE PARK STATION,0.0,80
BP4311,HARRODIAN SCHOOL,26.63562,82
BP4315,PRATTS BOTTOM / SEVENOAKS ROAD,4.89096,11
BP4316,VAUXHALL BUS STATION,2391.7491,292
BP4317,VAUXHALL BUS STATION,1959.33963,272
BP4318,VAUXHALL BUS STATION,3650.38478,273
BP4319,VAUXHALL BUS STATION,1566.31808,192
BP4320,VAUXHALL BUS STATION,2958.98981,255
BP4321,VAUXHALL BUS STATION,269.60733,75
BP4322,VAUXHALL BUS STATION,2769.46951,331
BP4323,VAUXHALL BUS STATION,0.0,153
BP4324,VAUXHALL BUS STATION,1438.28242,249
BP4325,POND SQUARE,0.40401000000000004,94
BP4326,RIVERSDALE ROAD,162.40912,256
BP4327,TOTTENHAM LANE,21.32784,82
BP433,HEATHWAY,524.83745,74
BP4330,HEREFORD GARDENS,47.15586,150
BP4331,LAKESIDE DRIVE,36.72746,81
BP4332,PRINCESS ROYAL UNIVERSITY HOSPITAL,331.56397,160
BP4333,PRINCESS ROYAL UNIVERSITY HOSPITAL,103.07542,261
BP4336,CANADA WATER BUS STATION,2714.21913,366
BP4337,TOTTENHAM LANE,646.44086,206
BP4338,MILLENNIUM BRIDGE,107.97624,77
BP4339,MILLENNIUM BRIDGE,1.15164,77
BP434,HILLINGDON STATION,538.5127200000001,150
BP4340,SCHOONER CLOSE,255.47999000000002,173
BP4341,MAYS HILL ROAD,4.24116,70
BP4342,ENFIELD AND HARINGEY MAGISTRATES COURT,12.242159999999998,75
BP4343,HALEFIELD ROAD,74.5709,76
BP4345,LADYSMITH ROAD,41.47513,76
BP4347,THACKERAY AVENUE,44.49281,72
BP4348,HALEFIELD ROAD,41.06558,72
BP4349,TREGENNA CLOSE,13.243849999999998,108
BP435,HILLINGDON STATION,251.73469,155
BP4350,TREGENNA CLOSE,32.74322,100
BP4351,PEMBURY ROAD,143.40621,72
BP4352,ENFIELD AND HARINGEY MAGISTRATES COURT,20.28251,72
BP4353,PEMBURY ROAD,18.46698,76
BP4357,DURHAM AVENUE,13.863719999999999,71
BP4358,TUDOR GRANGE,11.220509999999999,76
BP4359,TUDOR GRANGE,16.59904,75
BP4362,ROCHESTER WAY / FALCONWOOD STATION,41.57995,136
BP4363,ROCHESTER WAY / FALCONWOOD STATION,42.17066,143
BP4369,OCKENDON STATION,3.54487,18
BP437,LEWISHAM POLICE STATION,0.2737299999999999,79
BP4370,DEWSBURY ROAD,60.71304,75
BP4371,HAROLD WOOD NEIGHBOURHOOD CENTRE,0.0,8
BP4373,YORK ROAD,367.54068,172
BP4374,TWYFORD ABBEY ROAD,12.262329999999999,82
BP4375,PARK AVENUE,7.166599999999998,81
BP4376,NORTH FINCHLEY BUS STATION,0.0,171
BP4379,SUDBURY HILL STATION,656.97672,153
BP4380,SHEEPCOTE ROAD,151.65263,160
BP4381,LODGE AVENUE,176.20162,156
BP4382,LODGE AVENUE,259.79853,151
BP4385,NORTHWICK PARK HOSPITAL,551.97821,316
BP4386,NORTHWICK PARK HOSPITAL,719.92042,229
BP4387,NORTHWICK PARK HOSPITAL,305.83636,75
BP4388,NORTHWICK PARK HOSPITAL,0.0,75
BP4389,MERIDIAN WATER STATION,376.89776,260
BP439,KING GEORGE HOSPITAL,0.0,135
BP4390,EBURY BRIDGE,95.3591,82
BP4391,SUTHERLAND ROW,146.90706,82
BP4392,WINCHESTER STREET,349.78847,253
BP4393,WESTMORELAND TERRACE,149.22163,81
BP4394,ST KEVERNE ROAD,163.77516,78
BP4395,ST KEVERNE ROAD,42.96401,78
BP4396,WOOLWICH,5095.9070600000005,739
BP4397,WOOLWICH STATION,1732.09502,349
BP4398,EAST DULWICH STATION,797.15708,484
BP440,SUDBURY TOWN STATION,268.76579,78
BP4407,BRESSENDEN PLACE,123.26505,96
BP4412,ST JOHN'S AVENUE,2.4701099999999996,508
BP442,PUTNEY COMMON,198.82474,73
BP4421,ST MARK'S HOSPITAL,52.48167,165
BP4422,FAIRWAY / TUDOR WAY,3.156929999999999,69
BP4423,FAIRWAY / TUDOR WAY,3.04297,67
BP4424,SALTWOOD CLOSE,3.32017,61
BP4425,BRIERLEY,172.13159,169
BP4426,EAST ENTRANCE,0.6317699999999996,159
BP4428,SHEARWATER CLOSE,433.12919,175
BP443,BEDFONT CLOSE,87.05722,229
BP4430,SHEARWATER CLOSE,47.98838,166
BP4431,ANCHOR CLOSE,18.33778,165
BP4432,DULVERTON ROAD,26.17022,76
BP4433,WICKHAM ROAD,88.95738,69
BP4434,CHARTERHOUSE ROAD / SEVENOAKS ROAD,6.9189300000000005,61
BP4435,CHELTENHAM ROAD,1.98096,61
BP4438,MERIDIAN WATER STATION,256.11,259
BP4439,GAYTON ROAD,24.56707,80
BP4440,HAILEYBURY ROAD,0.18239,62
BP4441,CHRIST CHURCH,1.29693,61
BP4442,CHRIST CHURCH,22.05757,60
BP4443,HAILEYBURY ROAD,15.1852,61
BP4444,CHELTENHAM ROAD,6.6817899999999995,60
BP4445,CHARTERHOUSE ROAD / SEVENOAKS ROAD,4.57466,58
BP4446,WINCHESTER ROAD,40.60327,72
BP4447,MALVERN ROAD,25.982969999999998,70
BP4448,ETON ROAD / REPTON ROAD,30.12096,69
BP4449,SANDHURST ROAD,24.34731,69
BP445,PURLEY STATION,0.0,151
BP4450,REPTON ROAD / CRANLEIGH CLOSE,15.16935,69
BP4451,CHELTENHAM ROAD,3.02749,70
BP4452,SANDHURST ROAD,3.6023899999999998,69
BP4453,ETON ROAD / REPTON ROAD,2.49903,69
BP4454,MALVERN ROAD,5.058059999999999,70
BP4455,WINCHESTER ROAD,10.52353,71
BP4456,WICKHAM ROAD,0.0,78
BP4457,ELECTRIC LANE,39.517199999999995,71
BP4458,MAYFIELDS,26.69798,72
BP446,ROBSON AVENUE,64.47713,161
BP4460,CHATSWORTH ESTATE,22.466569999999997,77
BP4461,CHATSWORTH ESTATE,98.16997,73
BP4465,EDMONTON CEMETERY,101.48295,79
BP4468,BADRIC COURT,205.25157,99
BP447,PINNER PARK AVENUE,41.43848,66
BP4474,KINGSHILL CLOSE,66.21869,81
BP4475,KINGSHILL CLOSE,31.21906,84
BP4476,COLEBROOKE STREET,167.8944,413
BP4478,CROYDON LANE SOUTH,25.29637,75
BP4479,NEW MALDEN STATION,79.56797,151
BP448,HEADSTONE LANE STATION,45.92326,70
BP4480,PHIPPS BRIDGE TRAM STOP,247.82322,79
BP4481,SOUTHWARK STREET,2862.91822,389
BP4483,YARDLEY LANE ESTATE,1.3320099999999993,75
BP4485,NEWHAM WAY,624.06608,345
BP4486,CANNING TOWN RECREATION GROUND,269.49546,239
BP4488,CHELTENHAM ROAD,14.031930000000001,70
BP4489,VICTORIA STATION,0.0,363
BP449,BROADFIELDS SPORTS GROUND,6.54195,67
BP4490,PARLIAMENT SQUARE / WESTMINSTER ABBEY,441.87704,252
BP4491,CROYDON LANE SOUTH,1.5345399999999993,73
BP4492,FAIRLAWN GROVE,4.969429999999999,75
BP4493,FAIRLAWN GROVE,6.24759,76
BP4494,PAGES LANE,1.1775399999999998,8
BP4495,PAGES LANE,1.42435,7
BP4496,HIGHLANDS AVENUE SAINSBURY'S,17.10054,138
BP4497,ROSEBERY ROAD,131.61236,251
BP4498,MCNICOLL DRIVE,63.32289,79
BP450,PINNER PARK AVENUE,74.53704,70
BP4502,LOCKS LANE,74.78643,77
BP4503,EASTFIELDS ROAD,119.17573,77
BP4507,ST THOMAS' DRIVE,68.28194,150
BP4508,LOCKS LANE,41.82829,76
BP4509,STAR ROAD,117.94651,411
BP451,PARKFIELD AVENUE,28.58298,71
BP4510,THE OAKS,421.94231,163
BP4511,WILLESDEN SPORTS CENTRE,70.0589,94
BP4512,THE OAKS,75.04095,173
BP4513,EASTFIELDS RD / MITCHAM EASTFIELDS STN,55.37221,77
BP4514,LEA VALLEY HIGH SCHOOL,46.458,149
BP4515,UNIVERSITY COLLEGE HOSPITAL / EUSTON RD,173.1121,192
BP4516,WOODLAND WAY,19.078929999999996,223
BP4517,VESTA ROAD,150.13523,171
BP4518,VESTA ROAD,223.99622,171
BP4519,EVELINE ROAD,268.03072,223
BP452,ELMCROFT CRESCENT,17.08905,70
BP4520,HIGH CEDAR DRIVE,27.211309999999997,155
BP4521,CANAL SIDE WALK,11.9399,229
BP4522,EUSTON BUS STATION,0.0,77
BP4526,LEYTON MILLS,95.28906,151
BP4527,ST STEPHEN'S AVENUE,18.30324,80
BP4528,GREAT TOWER STREET,216.24212,97
BP4529,MONUMENT STATION,272.04031,97
BP453,PRIORY WAY,12.689179999999999,69
BP4533,LEE GREEN,531.81406,273
BP4534,CATFORD GARAGE,0.0,254
BP454,ELMCROFT CRESCENT,7.642149999999999,64
BP4541,FENWICK PLACE,4.98259,76
BP4542,LAMBETH HOSPITAL,28.95776,76
BP4543,STOCKWELL GREEN,9.57255,76
BP4544,LAMBETH HOSPITAL,75.38116,75
BP4545,FENWICK PLACE,70.47938,75
BP4547,PEARSON STREET,811.11033,292
BP4548,FINCHLEY ROAD STATION,1660.32382,344
BP4549,BROXHILL ROAD,6.329039999999999,150
BP455,PRIORY WAY,22.13581,64
BP4550,KYNANCE CLOSE,2.9778099999999994,150
BP4552,WINCANTON ROAD,41.78139,73
BP4553,STRAIGHT ROAD,58.60735,68
BP4554,KENTLEA ROAD,180.22082,78
BP4555,BARNHAM DRIVE,216.60382,79
BP4556,MILES DRIVE,453.39098,78
BP4557,BARNHAM DRIVE,13.41758,77
BP4558,MILES DRIVE,12.4293,77
BP4559,NEW ACRES ROAD,11.44662,77
BP456,HEADSTONE LANE STATION,17.400399999999998,68
BP4560,MARSHALL CLOSE,25.80114,73
BP4561,MARSHALL CLOSE,47.10572,71
BP4562,ASKWITH ROAD,110.70296,163
BP4596,WARMINSTER WAY,8.254999999999999,70
BP4597,ST MARK'S C OF E ACADEMY PLAYING FIELDS,92.51438,148
BP4598,MITCHAM EASTFIELDS STATION,313.94624,150
BP4599,ST MARK'S C OF E ACADEMY PLAYING FIELDS,72.062,149
BP460,ALGERNON ROAD,130.76584,83
BP4600,WARMINSTER WAY,5.32851,73
BP4601,EBENEZER WALK,3.9612399999999997,72
BP4602,MEOPHAM ROAD / WOODSTOCK WAY,15.431539999999998,150
BP4603,MEOPHAM ROAD / WOODSTOCK WAY,193.4363,148
BP4604,EBENEZER WALK,18.6596,70
BP4605,CLAY AVENUE,15.305829999999998,77
BP4606,WARMINSTER WAY,13.013349999999999,77
BP4607,CLAY AVENUE,96.91234,78
BP4608,MANOR HOUSE STATION,123.79603,99
BP4609,BALLARDS ROAD,940.00953,319
BP461,CLIFFVIEW ROAD,6.754269999999999,83
BP4610,MERRYMEET,8.10381,69
BP4611,MERRYMEET,9.370869999999998,75
BP4616,MAYS HILL ROAD,11.018099999999999,76
BP4618,BRIXTON STATION,0.0,76
BP4619,HANSLER GROVE,4.791549999999999,61
BP462,FOSSIL ROAD,18.24954,83
BP4620,TAMWORTH ROAD / CENTRALE TRAM STOP,269.01619,406
BP4621,THE TRIANGLE,186.90322,89
BP4622,GALLIONS REACH SHOPPING PARK,342.09102,79
BP4623,GALLIONS REACH SHOPPING PARK,999.25402,183
BP4624,GALLIONS REACH SHOPPING PARK,0.0,103
BP463,SHELL ROAD / BROOKBANK ROAD,37.39032,83
BP4630,SHAKESPEARE'S GLOBE THEATRE,1.3617099999999998,91
BP4636,BECKET AVENUE,129.12872,79
BP4638,NORTHUMBERLAND PARK BUS STAND,0.0,80
BP464,BROOKBANK ROAD,28.72691,83
BP4643,LANGDON ROAD,113.95266,80
BP4644,NELSON STREET,134.99253,80
BP4645,SUSSEX ROAD,48.44416,80
BP4646,MARKET STREET,114.24527,80
BP4647,LANGDON CRESCENT,22.876949999999997,80
BP4648,FLANDERS ROAD,108.2565,80
BP4649,BRIGHTON ROAD,133.98567,80
BP465,MONTAGUE AVENUE,31.126179999999998,83
BP4650,BRIGHTON ROAD,45.73765,80
BP4651,BLANEY CRESCENT,88.04154,80
BP4652,BLANEY CRESCENT,46.731139999999996,80
BP4654,WOLSEY AVENUE,34.66993,80
BP4655,CHARLEMONT ROAD,67.18178999999999,80
BP4656,CHARLEMONT ROAD,77.57257,79
BP4657,VICARAGE PRIMARY SCHOOL,22.62887,80
BP4658,VICARAGE PRIMARY SCHOOL,72.83924,81
BP4659,BECKET AVENUE,78.1865,80
BP466,BREAKSPEARS ROAD,54.68637,83
BP4665,LOWER MORDEN LANE / MORDEN CEMETERY,9.13665,73
BP4666,CLARE ROAD,100.03787,168
BP4667,CAMBRIDGE DRIVE,171.75494,269
BP4668,SOUTH STREET,166.39724,154
BP4669,BROADWATER FARM ESTATE,456.74915,151
BP467,WICKHAM ROAD,31.73322,83
BP4672,NORTHUMBERLAND GARDENS,111.01053999999999,153
BP4674,YORK WAY / FREIGHT LANE,318.83709,94
BP4675,ST MARY'S UNIVERSITY,226.84772,88
BP4677,OLD JAMAICA ROAD,186.35365,82
BP4678,THE GRANGE,164.88083,82
BP4679,BERMONDSEY STREET,155.94846,82
BP468,BROCKLEY DELIVERY OFFICE,218.93382,81
BP4680,STAPLE STREET,214.48204,82
BP4681,TENNIS STREET,137.94187,82
BP4682,TENNIS STREET,166.16745,83
BP4683,STAPLE STREET,114.08651,83
BP4684,BERMONDSEY STREET,187.64557,83
BP4685,THE GRANGE,108.70279,83
BP4686,OLD JAMAICA ROAD,13.516989999999998,82
BP4688,PYTCHLEY ROAD,9.501349999999999,73
BP4689,PYTCHLEY ROAD,74.38634,71
BP469,WICKHAM ROAD,47.10709,80
BP4690,ESSEX CLOSE,36.36591,71
BP4691,PUTNEY HEATH / GREEN MAN,1290.68325,448
BP4693,THE GREEN,1.65772,12
BP4694,WESTBURY ROAD,0.8847499999999999,12
BP4695,ROEBUCK LANE,0.16501,14
BP4696,BEATRICE COURT,1.4310199999999997,19
BP4697,CEDAR CLOSE,0.71637,19
BP4698,BIRCH CLOSE,0.2211499999999999,19
BP4699,MONKHAMS INN,2.6010199999999997,21
BP470,BREAKSPEARS ROAD,41.51792,80
BP4700,MONKHAMS INN,3.4837399999999996,23
BP4701,OAK RISE,0.67653,22
BP4702,CEDAR CLOSE,2.26173,20
BP4703,BUCKHURST COURT,1.76044,21
BP4704,ROEBUCK LANE,0.2203399999999997,22
BP4705,WESTBURY ROAD,0.27528,20
BP4706,THE GREEN,0.0549299999999999,19
BP4707,ST PAULS CLOSE,42.49633,72
BP4708,HANFORD ROAD,18.14694,72
BP4709,AVELEY LIBRARY,21.222199999999997,73
BP471,TRESSILLIAN ROAD,19.76969,81
BP4710,CENTRAL AVENUE,7.4535599999999995,72
BP4711,THE PARADE,19.312559999999998,72
BP4712,HALL AVENUE,24.13311,72
BP4713,THE THURROCK HOTEL,11.716059999999999,69
BP4714,ARENA ESSEX,3.2837199999999998,70
BP4715,ARENA ESSEX,130.69237,67
BP4716,THE THURROCK HOTEL,86.654,68
BP4717,HALL AVENUE,18.30386,70
BP4718,THE PARADE,19.06188,70
BP4719,CENTRAL AVENUE,21.62049,71
BP472,BROOKBANK ROAD,23.57348,81
BP4720,AVELEY LIBRARY,117.30075,73
BP4721,HANFORD ROAD,87.08736,73
BP4722,ST PAUL'S CLOSE,177.00626,72
BP4723,STAG LANE,55.15961,118
BP4724,RUSSELL ROAD,77.84424,139
BP4725,CRICKET GROUND,68.37631,141
BP4726,SPRING GROVE,12.242599999999998,143
BP4727,THE CROWN,72.10911999999999,258
BP4728,SAINSBURY'S,167.23875,264
BP4729,FOREST ROAD,59.955420000000004,123
BP473,SHELL ROAD / BROOKBANK ROAD,35.65796,81
BP4730,TRAPS HILL,144.66348,125
BP4731,THE UPLANDS,14.416389999999998,74
BP4732,CHURCH CLOSE,4.226189999999999,74
BP4733,SEDLEY RISE,38.11126,74
BP4734,MAPLE GATE,11.222819999999999,74
BP4735,HILLYFIELDS,9.317849999999998,72
BP4736,HILLCROFT,13.175699999999999,72
BP4737,PYRLES LANE,44.38999,72
BP4738,CHANDLER ROAD,10.398299999999999,71
BP4739,CASTELL ROAD,26.56042,69
BP474,CLIFFVIEW ROAD,15.91645,81
BP4740,DAVENANT SCHOOL,49.996359999999996,69
BP4741,COLEBROOK LANE,30.996299999999998,70
BP4742,THE COTTAGE LOAF,19.94725,70
BP4743,GOLDINGHAM AVENUE,25.16729,71
BP4744,MANNOCK DRIVE,16.503729999999997,72
BP4745,ETHERIDGE ROAD,5.682449999999999,71
BP4746,VERE ROAD,0.4048299999999998,71
BP4747,THE BROADWAY,394.85247,172
BP4748,TORRINGTON DRIVE,20.138939999999998,126
BP4749,BURTON ROAD,61.28683,125
BP475,VICARS HILL / LADYWELL STATION,26.994,81
BP4750,ETHERIDGE ROAD,21.713,71
BP4751,MANNOCK DRIVE,46.97945,70
BP4752,GOLDINGHAM AVENUE,38.6793,70
BP4753,THE COTTAGE LOAF,50.27792,70
BP4754,COLEBROOK LANE,90.88244,69
BP4755,CASTELL ROAD,74.64997,69
BP4756,CHANDLER ROAD,25.22571,69
BP4757,PYRLES LANE,133.00707,69
BP4762,HILLCROFT,65.55857,70
BP4763,HILLYFIELDS,45.88174,70
BP4764,MAPLE GATE,34.23843,71
BP4765,SEDLEY RISE,180.82129,72
BP4766,CHURCH LANE,35.69309,71
BP4767,THE UPLANDS,19.79729,71
BP4768,TRAPS HILL,150.73052,120
BP4769,FOREST ROAD,103.65515,115
BP4770,SPRING GROVE,16.85313,131
BP4771,CRICKET GROUND,52.57956,130
BP4772,RUSSELL ROAD,41.048919999999995,131
BP4773,STAG LANE,139.07732,117
BP4774,LINKSIDE,20.97219,69
BP4775,HAINAULT GROVE,4.61376,69
BP4776,THE CHASE,6.401209999999999,69
BP4777,CHIGWELL STATION,80.1509,71
BP4778,BROOK WAY,15.646659999999999,68
BP4779,CHESTER ROAD,4.07977,68
BP4780,GURU GOBIND SINGH COLLEGE,9.85488,67
BP4781,ALFRED ROAD,2.4240999999999997,68
BP4782,RODING VIEW,3.2876199999999995,69
BP4783,PENTLOW WAY,33.535869999999996,69
BP4784,GREENSTED ROAD,6.3389999999999995,69
BP4785,HIGHLAND AVENUE,3.39864,70
BP4786,STONARDS HILL,6.568269999999999,70
BP4787,RODING ROAD,0.1159,70
BP4788,RODING ROAD,9.36727,65
BP4789,VALLEY CLOSE,38.40506,64
BP479,GUILDHALL / ROSE THEATRE,251.87805,363
BP4790,HIGHLAND AVENUE,14.15752,68
BP4791,GREENSTED ROAD,15.911999999999999,70
BP4792,PENTLOW WAY,48.74483,71
BP4793,RODING VIEW,11.04522,72
BP4794,HURST ROAD,5.461409999999999,72
BP4795,ALFRED ROAD,28.56812,68
BP4796,GURU GOBIND SINGH COLLEGE,13.23536,65
BP4797,CHESTER ROAD,8.933819999999999,64
BP4798,BROOK WAY,38.82504,65
BP4799,CHIGWELL STATION,82.90183999999999,63
BP480,WARWICK LODGE / STAINES ROAD,33.70102,153
BP4800,STATION ROAD,26.01548,63
BP4801,THE CHASE,18.28131,64
BP4802,HAINAULT GROVE,7.664909999999999,65
BP4803,LINKSIDE,35.48735,65
BP4804,THE MURRAY HALL,45.35561,48
BP4805,OAK VIEW SCHOOL,23.23221,49
BP4806,CHURCH LANE,4.53236,49
BP4807,LOUGHTON LIBRARY & TOWN HALL,1.8985399999999997,49
BP4808,LOUGHTON LIBRARY & TOWN HALL,4.16325,50
BP4809,CHURCH LANE,0.55088,51
BP481,WARWICK LODGE / STAINES ROAD,45.79447,158
BP4810,OAK VIEW SCHOOL,1.8975899999999999,51
BP4811,THE MURRAY HALL,5.515969999999999,52
BP4819,CHURCHILL PLACE,219.14486,160
BP4822,ENVOY AVENUE,107.33248,260
BP4824,HOUNSLOW BUS STATION,684.46642,165
BP4825,BROADWAY THEATRE,357.71493,229
BP4828,THE CROWN,108.54385,138
BP4829,THE CROWN,33.39437,123
BP483,HONOR OAK PARK STATION,347.1769,153
BP4830,THE CRESCENT,18.08169,131
BP4832,NORTH FARM,10.14049,143
BP4833,NORTH FARM,8.34757,131
BP4834,LOUGHTON STATION,736.32788,186
BP4835,LOUGHTON STATION,277.22270000000003,138
BP4836,BUCKHURST HILL STATION,219.02654,178
BP4837,SCHOOL ROAD,3009.28992,637
BP4839,WAPSES LODGE ROUNDABOUT,0.0,49
BP484,HONOR OAK PARK STATION,89.80587,155
BP4840,DERWENT GROVE,61.11473,169
BP4841,DERWENT GROVE,300.05938,160
BP4842,BOWEN DRIVE,137.90771,77
BP4847,ARNOS GROVE SWIMMING POOL,121.57979,262
BP4848,RAVENSCRAIG ROAD,383.80044,454
BP4851,BOWEN DRIVE,134.15252,76
BP4852,LOTHAIR ROAD,103.80062,93
BP4854,RENFREW CLOSE,1.86658,71
BP4855,STRAIT ROAD / EAST HAM MANOR WAY,7.06739,71
BP4857,BISHOP'S BRIDGE / PADDINGTON STATION,108.90322,80
BP486,SPINNEY DRIVE,29.95777,69
BP4860,BOTWELL COMMON,27.38235,81
BP4861,ORWELL CLOSE,3.2664599999999995,79
BP4862,BARRA HALL ROAD,34.97979,76
BP4863,BEECHWOOD AVENUE,64.74066,77
BP4864,BEECHWOOD AVENUE,77.92543,80
BP4865,BARRA HALL ROAD,55.54521,81
BP4866,ORWELL CLOSE,30.93095,82
BP4867,PRINCES AVENUE,351.66469,465
BP4868,SEVENOAKS ROAD / CLOONMORE AVENUE,89.68391,210
BP4871,SELBORNE WALK,161.57265999999998,605
BP4873,MERCURY GARDENS,1316.43587,514
BP4875,EBURY BRIDGE ROAD,35.60374,98
BP4876,EBURY BRIDGE ROAD,37.33189,98
BP4879,PERIVALE TESCO,280.65621,157
BP488,ST JAMES'S ROAD,0.99864,363
BP4880,WILLIAM PATTEN SCHOOL,143.46367,260
BP4882,WILLESDEN SPORTS CENTRE,213.22896,85
BP4884,QUEEN'S HOSPITAL,711.52633,226
BP4885,QUEEN'S HOSPITAL,1018.87011,413
BP4886,QUEEN'S HOSPITAL,323.12874,92
BP4887,QUEEN'S HOSPITAL,1197.79748,318
BP4890,ARNOS GROVE STATION,1446.68501,261
BP4891,BOVINGDON ROAD,93.04029,187
BP4894,WHYTELEAFE STATION,0.42736,44
BP4896,DEPTFORD BRIDGE,680.73574,202
BP4897,ELMSLIE CLOSE,0.0549799999999999,109
BP4898,ELMSLIE CLOSE,0.3320299999999999,9
BP4899,EPSOM HOSPITAL,0.0,109
BP490,BROOK STREET,1104.70658,545
BP4900,EPSOM HOSPITAL,173.23922,103
BP4901,EPSOM HOSPITAL,20.5942,15
BP4902,WESTLANDS COURT,50.37364,103
BP4903,HYLANDS ROAD,17.373739999999998,107
BP4904,HYLANDS ROAD,0.82037,7
BP4905,WOODCOTE GREEN ROAD,137.64173,108
BP4906,WOODCOTE GREEN ROAD,0.0,7
BP4907,AVENUE ROAD,26.41969,110
BP4908,AVENUE ROAD,0.0,4
BP4909,UNICORN THEATRE,137.0726,281
BP491,KINGSTON STATION,28.020359999999997,139
BP4910,CITY HALL,0.49168999999999996,80
BP4911,WEMBLEY CENTRAL STATION,152.78959,300
BP4912,WEXHAM ROAD,1.1448599999999998,79
BP4913,QUEENSMERE SHOPPING CENTRE,0.0,79
BP4916,THORNHILL ROAD,336.61504,75
BP4917,RED LION ROAD,182.62331,76
BP4918,THICKET CRESCENT,24.3565,68
BP4919,THICKET CRESCENT,16.313579999999998,65
BP492,BROOK STREET,814.7495,534
BP4920,LOWER ROAD,14.5015,68
BP4921,HACKNEY CENTRAL STATION,1039.39,358
BP4922,ST PANCRAS INTERNATIONAL STATION,509.94304,189
BP4923,BEVERLEY ROAD,15.49356,61
BP4924,BEVERLEY ROAD,3.57367,66
BP4925,ST GILES HIGH STREET,0.0,136
BP4927,ST VINCENT'S NURSING HOME,22.86534,144
BP4928,THE AVENUE,26.70541,69
BP4929,HOWARD ROAD,53.622679999999995,74
BP493,WOOD STREET,1609.07814,156
BP4930,TATSFIELD VILLAGE / OLD SHIP,15.92216,122
BP4931,UPPER PARK,6.362319999999999,145
BP4932,MALTBY STREET,167.14613,82
BP4933,MALTBY STREET,63.69377,82
BP4934,PRIORY TERRACE,55.38365,101
BP4937,STOCKLEY ROAD,155.57095,75
BP4938,STOCKLEY ROAD,115.94429,150
BP4940,BLOMFIELD ROAD,39.3654,79
BP4948,HOUNSLOW / BLENHEIM CENTRE,0.0,81
BP4949,HOUNSLOW / BLENHEIM CENTRE,732.41653,81
BP4951,EDMONTON GREEN BUS STATION,0.0,428
BP4952,EDMONTON GREEN BUS STATION,2592.7453,329
BP4953,EDMONTON GREEN BUS STATION,2387.94991,152
BP4955,EDMONTON GREEN BUS STATION,2802.69893,234
BP4956,EDMONTON GREEN BUS STATION,0.0,76
BP4957,EDMONTON GREEN BUS STATION,4879.37337,595
BP496,GUILDHALL / ROSE THEATRE,298.54004,360
BP4960,HAGGERSTON PARK,23.454909999999998,79
BP4961,HAGGERSTON PARK,20.91166,76
BP4962,LARCOM STREET,933.76926,335
BP4964,ORPINGTON HOSPITAL,159.33297,154
BP4965,PETERSFIELD AVENUE,29.577569999999998,209
BP4969,CENTRAL MIDDLESEX HOSPITAL,431.98805,301
BP497,WOOD STREET,2923.34599,299
BP4970,CENTRAL MIDDLESEX HOSPITAL,468.27138,314
BP4971,CENTRAL MIDDLESEX HOSPITAL,1227.85246,471
BP4973,WOODCOTE SIDE,19.58824,105
BP4975,ENFIELD TOWN / CECIL ROAD,1880.14038,353
BP4976,ENFIELD TOWN / CECIL ROAD,861.64554,144
BP4977,ARROWSMITH ROAD,1.0483399999999998,63
BP4978,CROSSBOW ROAD,1.5409499999999996,64
BP4979,HOLT WAY,2.3187399999999996,65
BP4980,MANFORD WAY,0.16533,65
BP4981,BROCKET WAY / MANFORD WAY,11.68779,54
BP4982,HOLT WAY,7.141829999999999,56
BP4983,BROCKET WAY / THE LOWE,7.150469999999999,56
BP4984,CROSSBOW ROAD,13.48973,56
BP4985,MANFORD WAY / THE LOWE,25.29156,55
BP4986,WEST HAMPSTEAD STATION,666.80565,251
BP4987,WEST HAMPSTEAD STATION,957.0371,251
BP499,FAIRFIELD SOUTH,21.1586,131
BP4990,ASH TREE CLOSE,87.12807,287
BP4991,PUTNEY HEATH / GREEN MAN,0.0,191
BP4992,BROOK STREET,105.09493,177
BP4996,CROFTON PARK STATION,385.06817,249
BP4997,SURBITON ROAD / MILESTONE HOUSE,5.1349599999999995,55
BP4998,SURBITON ROAD / MILESTONE HOUSE,3.6719399999999998,62
BP4999,MAPLEHURST CLOSE,101.31352,132
BP500,CENTRAL PARADE,42.07635,150
BP5000,MAPLEHURST CLOSE,7.982869999999999,139
BP5001,SURBITON HILL ROAD / HOLLYFIELD SCHOOL,131.89442,133
BP5002,SURBITON HILL ROAD / HOLLYFIELD SCHOOL,105.19172,137
BP5003,HAMMERSMITH BUS STATION,7.43265,34
BP5004,HAMMERSMITH BUS STATION,0.0,81
BP5005,HAMMERSMITH BUS STATION,592.36319,191
BP5007,HAMMERSMITH BUS STATION,0.0,93
BP5008,HAMMERSMITH BUS STATION,0.0,76
BP5009,BELL CORNER / HOUNSLOW CIVIC CENTRE,1587.3286,155
BP501,SPARROW FARM DRIVE,42.77201,76
BP5011,WIMBLEDON STADIUM,93.454,80
BP5012,WIMBLEDON ROAD,133.16761,81
BP5013,HAYDONS ROAD,82.41042,81
BP5014,HAYDONS ROAD,123.45472,80
BP5015,HAZELHURST ESTATE,38.15379,80
BP5016,ST GEORGE'S HOSPITAL,193.72178,153
BP5017,LAMBETH CEMETERY,69.59227,81
BP5018,HAZELHURST ESTATE,51.44793,81
BP5021,IMPERIAL WHARF STN  / CHELSEA HARBOUR,110.10781,77
BP5022,TWICKENHAM TRADING ESTATE,2.36245,47
BP5023,TWICKENHAM TRADING ESTATE,1.48747,45
BP5024,GOODINGE HEALTH CENTRE,26.36891,76
BP5025,NORTH ROAD / PLEASANCE THEATRE,30.10344,76
BP5026,NORTH ROAD / GOODINGE HEALTH CENTRE,109.06881,78
BP5027,PLEASANCE THEATRE,81.72926,78
BP5029,LEIGHTON ROAD / BARTHOLOMEW ROAD,44.58346,77
BP503,HAMMERSMITH BROADWAY,37.18971,268
BP5030,KENTISH TOWN STATION,182.45596,77
BP5031,MALDEN ROAD,54.420139999999996,77
BP5032,MALDEN ROAD,4.407629999999999,77
BP5033,PICKFORD ROAD,39.15745,302
BP5034,QUEENSMERE CENTRE,895.42125,78
BP5035,HERSCHEL STREET,65.48079,78
BP5036,OBSERVATORY CENTRE,263.6693,79
BP5037,WEXHAM ROAD,244.10641,79
BP5038,HOUNSLOW BUS STATION,776.35804,166
BP5039,ELMDENE ROAD,10.045939999999998,78
BP504,MALDEN RUSHETT / THE STAR,6.269559999999999,59
BP5042,HEATHER WAY,14.04206,76
BP5044,LOUGHTON STATION,0.0,91
BP5045,HOUNSLOW BUS STATION,879.14245,96
BP5046,MEDWAY ROAD,50.69228,72
BP5047,BUCKINGHAM AVENUE,78.03452,88
BP5049,BRIDGE STREET,3.9239999999999995,56
BP505,MALDEN RUSHETT / THE STAR,0.5993499999999998,60
BP5050,ST PANCRAS INTERNATIONAL STATION,584.36301,351
BP5051,QUEEN'S HOSPITAL,0.0,221
BP5052,BRENTWOOD SAINSBURY'S,123.45843,141
BP5054,LONDON ROAD CEMETERY,3.10996,74
BP5055,LONDON ROAD CEMETERY,34.88872,67
BP5056,KAVANAGHS ROAD,7.72541,74
BP5057,KAVANAGHS ROAD,30.6066,67
BP5058,THE BULL,34.479299999999995,71
BP5059,SOUTH WEALD PARISH HALL,28.78279,67
BP506,EDGEHILL ROAD,36.02384,167
BP5060,THE BULL,59.94517,67
BP5061,LOWER MARDYKE AVENUE,330.74371,159
BP5062,WEST ROAD / THE GREEN,94.89066,72
BP5063,GROVE FARM COTTAGES,0.0,83
BP5064,NELSON ROAD,3.5700799999999995,83
BP5065,WEST ROAD,72.46816,85
BP5066,TYSSEN PLACE,0.0,10
BP5067,PEARTREE CLOSE,1.1067799999999997,6
BP5068,GROVE FARM COTTAGES,0.9819399999999998,78
BP5069,BRANDON GROVES AVENUE,21.21551,76
BP5070,TAMARISK ROAD,55.60123,76
BP5071,OAKLANDS DRIVE,51.53485,76
BP5072,ELWICK ROAD,18.90905,77
BP5073,STIFFORD ROAD,17.37352,77
BP5074,DAVY DOWN,0.49400999999999995,75
BP5075,PILGRIMS ROUNDABOUT,8.84161,74
BP5076,PILGRIMS ROUNDABOUT,45.38548,69
BP5077,DAVY DOWN,10.407749999999998,68
BP5078,STIFFORD ROAD,148.82378,68
BP5079,ELWICK ROAD,46.10598,68
BP508,DERBY ROAD,183.51817,79
BP5080,BUCKLES LANE,220.47882,69
BP5081,MOSS ROAD,21.84496,70
BP5082,GARTH ROAD,88.9496,71
BP5083,BRANDON GROVES AVENUE,45.01775,71
BP5084,NELSON ROAD / VILLAGE HALL,11.732569999999999,77
BP5085,HOUNSLOW BUS STATION,558.59996,79
BP5086,HALSTEAD / THE COCK,3.9204399999999997,28
BP5087,HALSTEAD / MEADWAY,0.6089699999999999,28
BP5088,HALSTEAD / MEADWAY,0.2168199999999998,28
BP5089,KNOCKHOLT POUND / PARK CORNER,0.05591,14
BP509,HALLEY ROAD,174.02449000000001,78
BP5090,KNOCKHOLT POUND / PARK CORNER,0.7290799999999998,11
BP5091,KNOCKHOLT POUND / THREE HORSESHOES,2.53179,12
BP5092,KNOCKHOLT POUND / THREE HORSESHOES,2.97384,11
BP5093,FLANDERS ROAD,27.06544,80
BP5094,PITFIELD STREET,370.81969,183
BP5095,SHOREDITCH HIGH STREET STATION,347.62363,182
BP5096,ORLEANS PARK SCHOOL,284.83997,278
BP5097,MARBLE HILL PARK / CROWN ROAD,132.27669,263
BP5099,MAYPLACE AVENUE,37.17195,68
BP510,DERBY ROAD,167.19782,78
BP5100,ARNOS GROVE STATION,615.85441,119
BP5101,SOUTHBURY ROAD,35.26223,82
BP5102,FOTHERINGHAM ROAD,66.92448,163
BP5103,LINCOLN ROAD,21.73366,82
BP5104,SEAFORD ROAD,12.683269999999998,81
BP5105,SOUTHBURY ROAD,4.81396,81
BP5108,GALLIONS REACH STATION,493.03003,185
BP511,ST STEPHEN'S ROAD,59.56731,78
BP5114,PARK CROFT,39.60376,76
BP5116,HEATHROW CENTRAL BUS STATION,1258.59769,178
BP5117,HEATHROW CENTRAL BUS STATION,5738.64887,558
BP5119,LADY CRAIG COURT,64.47842,220
BP5120,WELLMEADOW ROAD,65.14851,99
BP5121,HIGHGATE GROUP PRACTICE,89.59563,168
BP5122,COLLIERS WOOD STATION,0.0,55
BP5125,HOMESTEAD WAY / MILNE PARK,16.993579999999998,96
BP513,WINSOR PARK ESTATE,84.80569,142
BP5130,HEATHROW TERMINAL 4,742.89052,154
BP5131,HEATHROW TERMINAL 4,151.4258,169
BP5134,HEATHROW TERMINAL 5,0.0,358
BP5140,HEATHROW TERMINAL 5,1448.96818,176
BP5141,HEATHROW TERMINAL 5,823.21515,162
BP5143,BARING ROAD,21.97872,70
BP5144,ST AUGUSTINE'S CHURCH,120.09214,232
BP5145,WOLSEY AVENUE,80.5181,79
BP5147,NORTH MIDDLESEX HOSPITAL,451.28270000000003,144
BP5148,NORTH MIDDLESEX HOSPITAL,428.52668,148
BP5149,EASTCHURCH ROAD,27.771089999999997,245
BP515,GOODWAY GARDENS,45.48453,83
BP5152,MUDCHUTE STATION,6.740489999999999,97
BP5153,MUDCHUTE STATION,0.8069699999999997,102
BP5154,SOUTH KENSINGTON MUSEUMS,10.63705,78
BP5155,SOUTH KENSINGTON MUSEUMS,202.72422,78
BP5157,LANGLEY ROAD,59.743739999999995,285
BP5158,PRINCE CONSORT ROAD,242.91436,78
BP5159,REDVERS ROAD,1429.26341,81
BP516,ETTRICK STREET,46.521969999999996,83
BP5161,HOLIDAY INN,21.8097,69
BP5162,HOLIDAY INN,3.9265699999999994,71
BP5163,BRENTWOOD POLICE STATION,0.69457,74
BP5164,SOUTH WEALD PARISH HALL,18.79466,74
BP5165,KILBURN HIGH ROAD STATION,322.30388,191
BP5167,HAMMERSMITH HOSPITAL,472.45748,142
BP5168,WOODGRANGE AVENUE,18.605159999999998,73
BP517,EAST INDIA DOCK ROAD,94.08687,82
BP5171,COLNBROOK BY-PASS,66.05139,77
BP5173,ARNHEM AVENUE,17.05049,72
BP5174,ARNHEM AVENUE,37.51107,72
BP5175,EALING HOSPITAL,0.0,78
BP5176,ULLATHORNE ROAD,243.25267,70
BP5177,ULLATHORNE ROAD,35.284909999999996,72
BP5179,HOMERTON HIGH STREET,2.4201999999999995,82
BP518,ABBOTT ROAD,115.87231,84
BP5180,HOMERTON HIGH STREET,59.28102,81
BP5181,WELL STREET,116.70883,82
BP5182,BICKLEY STATION,6.27161,62
BP5183,FULMEAD STREET,54.85169,75
BP5187,BURLEIGH ROAD,17.79703,76
BP5188,CYGNET AVENUE,13.10512,76
BP5189,MILE END STATION,161.76638,81
BP519,ABERFELDY STREET,80.27664,84
BP5190,LE MAY AVENUE / LUFFMAN ROAD,3.7652499999999995,69
BP5191,WELLCLOSE STREET,1.94591,24
BP5192,WELLCLOSE STREET,2.8106599999999995,26
BP5193,DALSTON JUNCTION STATION,94.83386,91
BP5194,BECKTON BUS STATION,0.0,390
BP5195,BECKTON BUS STATION,207.37272000000002,79
BP5196,BECKTON BUS STATION,1434.47352,341
BP5197,BECKTON BUS STATION,1946.94258,331
BP5198,WINDSOR ROAD,60.77023,89
BP5199,TYSEA HILL,0.05812,24
BP520,U E L STRATFORD CAMPUS,69.30737,74
BP5200,ROYAL OAK,0.23047,22
BP5201,BOURNEBRIDGE LANE,0.0,21
BP5202,THE NURSERY,0.0,20
BP5203,STAPLEFORD ABBOTTS PRIMARY SCHOOL,0.29054,20
BP5204,GORDON COTTAGES,0.0,20
BP5205,THE RABBITS,0.0,19
BP5206,PASSINGFORD BRIDGE,0.0,19
BP5207,PASSINGFORD BRIDGE,6.28636,21
BP5208,THE RABBITS,2.09388,15
BP5209,GORDON COTTAGES,1.69658,14
BP521,U E L STRATFORD CAMPUS,112.9681,76
BP5210,STAPLEFORD ABBOTTS PRIMARY SCHOOL,3.12115,14
BP5211,THE NURSERY,18.128909999999998,14
BP5212,BOURNEBRIDGE LANE,5.73162,16
BP5213,ROYAL OAK,4.3458,16
BP5214,TYSEA HILL,6.61086,16
BP5219,POYNDERS ROAD / KINGS AVENUE,94.77987,80
BP522,LOUISE ROAD,19.35911,74
BP5220,SHAFTESBURY ESTATE / WICKERSLEY ROAD,184.98643,144
BP5221,HACKNEY WICK STATION,9.91601,81
BP5223,DURANTS ROAD,106.68869,76
BP5224,WESTERHAM / HARTLEY ROAD,0.8130199999999999,62
BP5225,WESTERHAM / HARTLEY ROAD,18.32782,63
BP5226,WESTERHAM / THE FLYERS WAY,0.2897299999999999,62
BP5227,WESTERHAM / THE FLYERS WAY,51.80756,62
BP5228,WESTERHAM GREEN,0.0,63
BP5229,WESTERHAM GREEN,86.09827,58
BP523,LOUISE ROAD,22.91095,76
BP5230,STAMFORD HILL BROADWAY,196.9963,93
BP5231,SHEPHERD'S BUSH STATION,121.11475,80
BP5232,SHEPHERD'S BUSH STATION,211.45176999999998,627
BP5233,SHEPHERD'S BUSH STATION,5325.90875,319
BP5234,SHEPHERD'S BUSH STATION,4250.01225,389
BP5236,WHITE CITY BUS STATION,914.14312,237
BP5237,WHITE CITY BUS STATION,363.84698000000003,154
BP5238,WHITE CITY BUS STATION,476.32938,175
BP5239,WHITE CITY BUS STATION,1512.6453,237
BP5242,BATTERSEA PARK STATION,0.0,81
BP5244,ALDGATE EAST STATION,1449.48215,657
BP525,BONNER ROAD,195.99798,330
BP5253,RUSSELL COURT,135.63685999999998,328
BP5254,STOKE NEWINGTON HIGH ST / GARNHAM STREET,222.61705,243
BP5255,WHITE CITY BUS STATION,43.92423,801
BP5257,EMPRESS STATE BUILDING / W BROMPTON STN,0.0,75
BP526,PEEL GROVE,123.58084,165
BP5262,ELLERSLIE ROAD,14.05281,76
BP5263,NEWHAM LEISURE CENTRE,285.13721,398
BP5265,QUEENS PARK RANGERS FOOTBALL CLUB,24.220499999999998,77
BP5266,LADBROKE SQUARE GARDENS,9.289549999999998,77
BP5267,ELGIN CRESCENT,46.24851,77
BP5268,LADBROKE SQUARE GARDENS,11.414459999999998,76
BP5269,POOLS ON THE PARK,23.24722,173
BP527,PORTMAN PLACE,87.8696,82
BP5271,WENNINGTON HALL FARM,53.27762,72
BP5272,BOWER PARK SCHOOL,1.1619899999999999,18
BP5273,BEDDINGTON LANE / SEWAGE TREATMENT WORKS,12.969009999999999,74
BP5274,BEDDINGTON VILLAGE,21.34038,145
BP528,COLEBERT AVENUE,101.15308,82
BP5280,TAYLOR AVENUE,0.49610999999999994,80
BP5281,TAYLOR AVENUE,60.3684,79
BP5283,TOTTENHAM COURT ROAD STATION,654.66889,187
BP5285,OLD OAK COMMON RAILWAY DEPOTS,5.142599999999999,78
BP5286,OLD OAK COMMON RAILWAY DEPOTS,48.99724,77
BP5287,WELLS HOUSE ROAD,33.8047,78
BP5288,HORNCASTLE ROAD,47.200559999999996,143
BP5289,HORN PARK PRIMARY SCHOOL,80.09967,71
BP529,STEPNEY GREEN STATION,303.72383,82
BP5290,ALNWICK ROAD / MOTTINGHAM LANE,85.77274,70
BP5291,THE DUTCH HOUSE,23.991429999999998,71
BP5292,PUTNEY HEATH / GREEN MAN,8.020439999999999,103
BP5293,TELEGRAPH ROAD,2.1584399999999997,48
BP5294,NEW OXFORD STREET / HIGH HOLBORN,199.12673,168
BP5295,PRINCE OF WALES ROAD / QUEEN'S CRESCENT,77.26215,78
BP5296,HAVERSTOCK HILL,2.7832999999999997,77
BP5297,SHEPHERDS WAY,8.29527,67
BP5298,TEDDER ROAD,13.603159999999999,70
BP530,STEPNEY GREEN STATION,110.16351,84
BP5300,QUEENSBERRY PLACE,0.0,76
BP5301,BRUNEL UNIVERSITY,0.0,75
BP5303,FALMOUTH GARDENS,120.91583,158
BP5304,GORDON ROAD,487.56752,264
BP5305,GORDON ROAD,863.78376,594
BP5306,RIPLEY ARTS CENTRE,21.08822,78
BP5307,STRATFORD BUS STATION,437.98017,771
BP5308,BULLESCROFT ROAD,6.47519,77
BP5309,MANOR PARK / LEE HIGH ROAD,13.388829999999999,71
BP531,MILE END ROAD,55.737069999999996,84
BP5310,MANOR PARK / LEE HIGH ROAD,2.9589099999999995,71
BP5311,NORTHBROOK ROAD,3.0692199999999996,71
BP5312,NORTHBROOK ROAD,8.45679,69
BP5313,KELLERTON ROAD,4.808729999999999,71
BP5314,KELLERTON ROAD,16.67994,69
BP5315,HITHER GREEN STATION,62.31753,68
BP5316,HITHER GREEN STATION,78.37829,69
BP5317,FERNBROOK CRESCENT,4.231459999999999,69
BP5318,FERNBROOK CRESCENT,15.176329999999998,67
BP5319,MANOR LANE,17.977629999999998,67
BP532,MILE END ROAD,231.00681,82
BP5323,EDGWARE ROAD STATION  / BAKERLOO LINE,527.89201,99
BP5327,JUBILEE WAY / KING GEORGE'S FIELD,2.2478599999999997,74
BP5328,JUBILEE WAY / KING GEORGE'S FIELD,9.340779999999999,74
BP533,STEPNEY GREEN SCHOOL,74.41114999999999,82
BP5330,POLLARDS HILL,0.0,73
BP5332,DUKES AVENUE,63.74723,85
BP5333,BARRACK ROAD,81.83174,84
BP5334,CAVALRY BARRACKS,36.83787,83
BP5335,BEAVERS CRESCENT,24.42916,81
BP5336,BASILDENE ROAD,45.96667,75
BP5337,BEAVERS CRESCENT,31.27428,81
BP5338,CAVALRY BARRACKS,18.86509,79
BP5339,CARDINGTON SQUARE,44.37499,85
BP534,STEPNEY GREEN SCHOOL,94.7141,84
BP5340,BASILDENE ROAD,98.36473,82
BP5341,BARRACK ROAD,12.281849999999999,77
BP5344,GORDON ROAD,265.38718,78
BP5346,STREATHAM CLOSE,24.23285,102
BP5347,CHURCHFIELDS AVENUE,0.0,81
BP5348,SOUTH KENSINGTON STATION,1121.84433,170
BP5349,NATURAL HISTORY MUSEUM / CROMWELL ROAD,77.08302,186
BP535,HARFORD STREET,263.9791,155
BP5351,SOUTH KENSINGTON STATION,1679.19014,344
BP5352,SOUTH KENSINGTON STATION,2396.26057,250
BP5353,ST GEORGE'S HOSPITAL / MAIN ENTRANCE,248.09622,224
BP5354,ARMADA POINT,81.83239999999999,185
BP5355,ARMADA POINT,130.91915,181
BP5356,MONTROSE AVENUE,50.48131,46
BP5357,VINCAM CLOSE,24.24721,41
BP5358,ASHLEY DRIVE,22.58612,46
BP5359,ASHLEY DRIVE,15.12366,42
BP536,HARFORD STREET,316.28984,160
BP5360,LONGFORD ROAD,11.9086,45
BP5361,LONGFORD ROAD,4.37864,43
BP5362,MANOR ROAD / SAINSBURY'S,63.57052,162
BP5365,MITCHAM / CRICKET GREEN,207.86701,265
BP537,COPPERFIELD ROAD,37.44158,84
BP5371,HORNET WAY,13.83584,181
BP5372,HORNET WAY,4.41948,182
BP5376,POINT PLACE,338.76153,154
BP5377,MALDEN MANOR STATION,191.67827,59
BP5378,MALDEN MANOR STATION,0.0,62
BP5379,CONDUIT STREET / SAVILE ROW,4.19295,100
BP538,HIGH STREET LANGLEY,254.19746,79
BP5380,VICTORIA STATION,156.2112,90
BP5381,TURNER CLOSE,32.51238,72
BP5382,TURNER CLOSE,24.19805,75
BP5383,HEATH ROAD,4.66835,71
BP5384,HEWENS COLLEGE,14.024069999999998,72
BP5385,HEWENS COLLEGE,22.15564,69
BP5386,MELLOW LANE WEST,7.796799999999999,74
BP5387,MELLOW LANE WEST,16.29343,73
BP5388,ROMNEY ROAD,48.66574,72
BP5389,HEATH ROAD,14.31203,72
BP539,HIGH STREET LANGLEY,108.89068,79
BP5390,WESTBURY ROAD,1246.8576,483
BP5391,VICARAGE FIELD SHOPPING CENTRE,1910.48909,242
BP5392,VICARAGE FIELD SHOPPING CENTRE,2011.81779,249
BP5395,QUEEN MARY'S HOSPITAL / FROGNAL AVENUE,0.0,76
BP5396,QUEEN MARY'S HOSPITAL / CHISLEHURST ROAD,0.0,77
BP5397,STERN CLOSE,19.25858,76
BP5398,STERN CLOSE,192.23793,79
BP5399,NORTHWICK PARK HOSPITAL,0.4903099999999999,184
BP540,BURGESS STREET,167.30707,83
BP5400,HAVERING WAY,888.85579,169
BP5401,PARKWAY,9.94812,70
BP5402,PARKWAY,118.72707,68
BP5404,SANDRINGHAM ROAD,32.46784,79
BP5405,TOOTING BROADWAY STATION,0.0,158
BP5408,ALTAB ALI PARK,1210.63523,296
BP5409,POPLAR HIGH STREET / BLACKWALL,435.36251,320
BP541,DEVONS ROAD,114.5403,83
BP5410,CHOATS MANOR WAY,7.47859,76
BP5411,CHOATS MANOR WAY,135.57201,79
BP5412,PILGRIMS LANE / LTC COMPOUND,14.089509999999999,68
BP5413,PILGRIMS LANE CARAVAN PARK,2.255349999999999,75
BP5414,HINDMANS WAY,136.09326,79
BP5415,HINDMANS WAY,1.30968,76
BP5416,CHESTNUT DRIVE,21.761499999999998,79
BP5417,GORDON ROAD,31.52956,79
BP5418,EPPING FOREST COLLEGE,0.12279000000000001,51
BP542,DEVONS ROAD,41.29312,83
BP5424,GROSVENOR WAY,148.72519,143
BP5426,NUNHEAD STATION,74.27329,72
BP5427,READING ROAD,0.9262999999999999,59
BP5428,MARY PETERS DRIVE,0.40569,60
BP5429,HEMERY ROAD,45.468830000000004,130
BP5430,MARY PETERS DRIVE,75.27532,68
BP5431,READING ROAD,46.86527,64
BP5432,ST LOYS ROAD,1168.69151,357
BP5434,DAGENHAM DOCK TERMINUS,172.40375,155
BP5435,BICKLEY STATION,21.11412,62
BP5436,ST GEORGE'S ROAD,3.94961,58
BP5437,ALBYFIELD,4.066739999999999,61
BP5438,BARFIELD ROAD,6.42019,119
BP5439,BARFIELD ROAD / BLACKBROOK LANE,7.629639999999999,123
BP544,AUGUSTA STREET,97.41732,83
BP5440,AQUILA ESTATE,23.38095,123
BP5441,ST NEOT'S ROAD,53.43223,152
BP5442,ST GEORGE'S GROVE,97.35391,144
BP5443,ESMOND ROAD,4.471599999999999,162
BP5448,ST SAVIOURS & ST OLAVES SCHOOL,6.3794200000000005,2
BP5449,EXNING ROAD,31.14604,85
BP545,COPPERFIELD ROAD,32.82961,82
BP5450,AVENUE ROAD,4.8187,46
BP5451,PARK ROAD,1.10674,42
BP5452,CHURCH GROVE / THE KING'S FIELD,8.3466,34
BP5453,PARK ROAD,1.65839,35
BP5454,AVENUE ROAD,2.65901,33
BP5455,SAYES COURT ESTATE,169.47467,304
BP5456,GATEWAY SURGICAL CENTRE,73.33368,167
BP5458,VICTORIA STATION  / GROSVENOR GARDENS,0.0,153
BP5459,HERITAGE AVENUE,453.90964,153
BP546,COLEBERT AVENUE,24.851,84
BP5460,ROWAN DRIVE,317.37746,153
BP5461,ACACIA ROAD,29.658369999999998,73
BP5462,ACACIA ROAD,72.85661,70
BP5463,CEDARS AVENUE,8.35981,73
BP5465,TAMWORTH PARK,14.392,73
BP5466,TAMWORTH PARK,36.52197,70
BP5467,SHERWOOD PARK ROAD,35.51057,73
BP5468,LINDSEY CLOSE,13.80865,76
BP5469,HUNTINGDON CLOSE,18.8999,76
BP547,PORTMAN PLACE,11.85095,84
BP5470,CAERNARVON CLOSE,40.13779,71
BP5471,COOMBER WAY / BEDDINGTON LANE,19.13758,148
BP5472,COOMBER WAY / BEDDINGTON LANE,28.385379999999998,143
BP5473,THERAPIA LANE TRAM DEPOT,6.883979999999999,147
BP5474,THERAPIA LANE TRAM DEPOT,2.2617499999999997,142
BP5475,THERAPIA LANE TRAM STOP,86.00567,145
BP5476,THERAPIA LANE TRAM STOP,82.37797,142
BP5477,COULSDON SOUTH STATION,73.21048,76
BP5479,WOOLWICH ARSENAL STATION,5596.47365,579
BP548,PEEL GROVE,4.823049999999999,166
BP5480,WOOLWICH ARSENAL STATION,6345.98381,517
BP5481,WOOLWICH ARSENAL STATION,2965.63732,319
BP5484,ROYAL OAK ROAD,246.63006,288
BP5485,BLOOMSBURY SQUARE,459.09301,315
BP5486,MUSEUM STREET,345.84508,315
BP5488,ENGLEFIELD ROAD / MORTIMER ROAD,98.00085,95
BP5489,MORTIMER ROAD,22.52291,95
BP5491,WIMBLEDON STADIUM,138.74843,81
BP5494,STATION ROAD,78.53105000000001,253
BP5496,GREAT WEST ROAD / BOROUGH ROAD,19.21025,72
BP5498,GROVE FARM,0.3823499999999999,83
BP550,CHRISP STREET MARKET,206.6525,83
BP5504,HANCOCK ROAD,0.23056,162
BP5505,SQUIRES LANE / LONG LANE,90.9799,75
BP5506,LONG LANE,31.988879999999998,71
BP5507,VINEYARD GROVE,59.51393,77
BP5508,AVONDALE ROAD,63.56026,74
BP5509,OAKFIELD ROAD,114.81416,148
BP551,ST STEPHEN'S ROAD,82.74692,80
BP5510,VINES AVENUE,43.02669,148
BP5511,VINES AVENUE,75.00183,149
BP5512,HIVE ROAD,1.2650699999999997,72
BP5513,HIVE ROAD,20.35739,74
BP5516,GATAKER STREET,45.46992,73
BP5518,MITCHAM EASTFIELDS STATION,167.60567,148
BP552,SOUTH ESK ROAD,200.16493,79
BP5521,CATHALL LEISURE CENTRE,226.40288,151
BP5522,OAK GROVE,19.65626,58
BP5523,OAK GROVE,7.331659999999999,72
BP5525,CLAPTON GIRLS' ACADEMY,413.69512,362
BP5529,PEMBURY CIRCUS,555.45115,553
BP553,SOUTH ESK ROAD,134.03507,80
BP5533,THE READENS,5.696509999999999,74
BP5534,BROCKWELL PARK,556.81589,502
BP5535,SILK STREET,71.98835,78
BP5536,FINSBURY STREET,8.4703,79
BP5537,FINSBURY STREET,87.27152,78
BP5539,ERNEST AVENUE,0.0,77
BP554,HALLEY ROAD,61.54694,80
BP5540,WOOLWICH STATION,6606.33738,909
BP5546,BECONTREE HEATH LEISURE CENTRE,449.28414,177
BP5547,BRENTWOOD POLICE STATION,11.5245,66
BP5548,HAZEL MEAD,3.5942399999999997,54
BP5549,HAZEL MEAD,26.28964,57
BP555,HENDERSON ROAD,218.67882,78
BP5550,NEW CROSS FIRE STATION,393.72387,549
BP5555,ELMERS END INTERCHANGE,518.77291,160
BP5556,ELMERS END INTERCHANGE,0.0,158
BP5557,TESCO BRENT CROSS,63.3761,153
BP5558,ST MATTHEW'S CHURCH,834.10188,267
BP5561,KING GEORGE'S PARK,153.92203,184
BP5562,BETHUNE ROAD,36.441810000000004,70
BP5563,UXBRIDGE ROAD / SAINSBURY'S,8.7685,79
BP5564,OAKS PARK,9.6208,72
BP5565,OAKS PARK,3.1868399999999992,75
BP5568,WESTMINSTER STN  / PARLIAMENT SQUARE,657.343,477
BP557,EAST BECKTON / SAINSBURY'S,319.52163,317
BP5570,WARWICK ROAD,61.41192,81
BP5573,SUTTON COMMON STATION,18.20032,54
BP5574,SUTTON COMMON STATION,10.892299999999999,54
BP5575,ST PAUL'S STATION,872.15492,284
BP5576,ALDERCROFT,5.1517,44
BP558,LONDON CITY AIRPORT,258.38924,348
BP5582,RIVERGATE CENTRE,16.55045,79
BP5584,BROOMWOOD ROAD,21.20493,72
BP5585,BROOMWOOD ROAD,115.23024,71
BP5587,PALMERS GREEN / PALMERSTON ROAD,337.29338,172
BP5588,IMPERIAL ROAD,251.468,77
BP5590,GREENHILL WAY,30.88061,81
BP5591,HARROW TOWN CENTRE / ST JOHN'S ROAD,953.9841,507
BP5592,HARROW TOWN CENTRE,744.37999,507
BP5593,KING EDWARD STREET / ST PAULS STATION,101.66471,151
BP5594,LITTLE BRITAIN,1160.93841,632
BP5596,MALDEN MANOR STATION,215.48803,74
BP5597,MALDEN MANOR / RICHARD CHALLONER SCHOOL,108.0948,74
BP5598,MALDEN MANOR STATION,453.65198,77
BP5599,CRANMER TERRACE,99.91325,154
BP560,SUTTON LANE,241.62893,78
BP5602,WALLINGTON STATION,40.58772,75
BP5603,STRATFORD CITY BUS STATION,2845.56781,335
BP5604,STRATFORD CITY BUS STATION,527.63331,159
BP5605,STRATFORD CITY BUS STATION,274.4254,353
BP5609,LEA BRIDGE ROUNDABOUT / B6 COLLEGE,12.46909,81
BP561,SUTTON LANE,126.96271,79
BP5611,MUIR ROAD,115.47527,80
BP5612,MUIR ROAD,83.93121,81
BP5613,OTTAWAY STREET,87.4173,81
BP5614,OTTAWAY STREET,52.9171,82
BP5615,DOWNS ROAD / RECTORY ROAD,55.44119,82
BP5616,DOWNS ROAD / RECTORY ROAD,23.514799999999997,81
BP5617,DALSTON JUNCTION STATION,442.82787,236
BP5619,SHACKLEWELL LANE / AMHURST ROAD,128.01776,80
BP5620,BOND STREET,1526.94032,598
BP5621,SHACKLEWELL LANE / AMHURST ROAD,63.30517,82
BP5622,THE PETCHEY ACADEMY,38.44453,80
BP5623,THE PETCHEY ACADEMY,44.266799999999996,82
BP5626,LEINSTER TERRACE,551.87476,213
BP563,KENNINGTON ROAD,57.5181,75
BP5633,DOVER PATROL,394.00358,237
BP5634,ANTILL ROAD,145.83353,172
BP5638,WELLS HOUSE ROAD,62.25659,78
BP564,DURHAM STREET,75.2262,76
BP5643,BETHUNE ROAD,296.85567,173
BP5644,BOLINGBROKE WAY,28.9241,159
BP5645,CLAPHAM JUNCTION STATION,550.37236,457
BP5646,RUSSELL SQUARE STATION,842.62743,255
BP5649,PALMERSTON ROAD,883.52192,250
BP565,KENNINGTON ROAD,29.13759,75
BP5652,QUAY ROAD,223.11521,159
BP5653,QUAY ROAD,54.33641,156
BP5654,GAYTON ROAD,4.96994,82
BP5655,KING GEORGE HOSPITAL,264.48694,71
BP5656,WANDSWORTH ROAD STATION,328.29938,254
BP5657,GLOUCESTER ROAD,10.198129999999999,126
BP5659,OLDFIELDS CIRCUS / CARR ROAD,182.14934,70
BP566,LOUGHBOROUGH STREET,91.86304,75
BP5660,OLDFIELDS CIRCUS / WADHAM GARDENS,100.36736,70
BP5663,BISHOPS BRIDGE / PADDINGTON STATION,0.0,76
BP5664,BISHOP'S BRIDGE / PADDINGTON STATION,59.75179,154
BP5665,CLEVELAND TERRACE,110.77014,200
BP5669,DUKES AVENUE,127.2632,75
BP567,RENFREW ROAD,10.97603,75
BP5671,CHEYNE HILL,10.98561,59
BP5672,MOUNT VERNON HOSPITAL,103.03053,63
BP5674,PIONEER POINT,1208.04416,339
BP5678,WOOD STREET STATION,151.54448,77
BP568,RENFREW ROAD,64.84644,76
BP5680,LONDON BRIDGE BUS STATION,418.68722,164
BP5681,LONDON BRIDGE STATION,1662.80075,348
BP5683,CHESSINGTON WORLD OF ADVENTURES,10.43657,62
BP5686,SOLAR WAY,86.3775,143
BP5687,LONDON WALL / MOORGATE STATION,295.93134,167
BP5689,BROCKLEY AVENUE,36.519239999999996,154
BP569,LOUGHBOROUGH STREET,99.70035,75
BP5692,INNOVA PARK,27.266189999999998,71
BP5693,INNOVA PARK,33.44732,72
BP5695,BARNET HOSPITAL,619.86216,154
BP5696,BUCKINGHAM ROAD,115.18104,248
BP5698,KIMPTON ROAD,5.989689999999999,60
BP5699,KIMPTON ROAD,14.85041,60
BP5700,TESCO SUTTON CHEAM,16.02191,60
BP5701,TESCO SUTTON CHEAM,20.742549999999998,62
BP5710,GREENWICH PARK / CHESTERFIELD GATE,0.38486999999999977,76
BP5713,RAINSFORD ROAD,11.51363,72
BP5719,WARREN DRIVE SOUTH,1.4372599999999998,77
BP5720,ATKINSON CLOSE / COPSE HILL,267.55593,156
BP5721,SKIPTON DRIVE,6.96038,77
BP5722,PROLOGIS PARK,167.78041,152
BP5723,RAINHAM INTERCHANGE,445.3978,148
BP5724,RAINHAM STATION,0.0,75
BP5725,STREATHAM STATION,2080.8311,331
BP5726,STREATHAM STATION,0.0,257
BP5727,PONDERS END STN  / OASIS ACADEMY HADLEY,1.59971,74
BP5731,BLACKFRIARS STATION  / NORTH ENTRANCE,598.42313,202
BP5739,NORTH ACTON STATION,168.12284,70
BP574,ONDINE ROAD,249.71167,484
BP5741,LAMMAS ROAD,0.0,44
BP5742,GAYTON ROAD,51.88575,164
BP5743,CHISWICK BUSINESS PARK,23.57807,145
BP5745,MUSWELL HILL BROADWAY,2676.43977,165
BP575,HALING PARK GARDENS,69.23349,140
BP5750,ST HELEN'S COURT,80.93393999999999,160
BP5753,RINGERS ROAD,148.79662,150
BP5755,BARKING STATION,1956.52347,345
BP5756,BRABHAM COURT,109.78166,166
BP5757,SUDBURY & HARROW ROAD STATION,0.59405,102
BP5758,PARK VIEW ROAD,198.70802,289
BP5759,LAMBROOK TERRACE,299.23862,301
BP576,WHITGIFT AVENUE,58.096959999999996,140
BP5760,SUNNY WAY,64.74735,73
BP5762,ST THOMAS'S SQUARE,291.09365,186
BP5763,LEA INTERCHANGE BUS GARAGE,77.16539,74
BP5764,VELOPARK,12.390039999999999,73
BP5765,VELOPARK,9.569959999999998,77
BP5766,CHOBHAM ACADEMY,200.30909,170
BP5767,CHOBHAM ACADEMY,328.58826,178
BP577,HEATH CLOSE,23.5342,147
BP5770,STRATFORD INTERNATIONAL STATION,765.87435,256
BP5771,STRATFORD INTERNATIONAL STATION,180.01227,173
BP5772,WESTFIELD AVENUE,27.218329999999998,161
BP5773,WESTFIELD AVENUE,397.40835,162
BP5774,NELSON'S ROW,522.19658,443
BP5775,CITY THAMESLINK STATION,0.0,81
BP5776,THE COPPER BOX,71.66434,80
BP5777,THE COPPER BOX,139.81772,80
BP5778,CAMBRIDGE AVENUE,25.2167,75
BP5779,COOMBE LANE WEST / NEW VICTORIA HOSPITAL,4.7051099999999995,75
BP578,BLACKFORD CLOSE,105.64498999999999,139
BP5780,COOMBE LANE WEST / NEW VICTORIA HOSPITAL,34.95711,76
BP5781,CAMBRIDGE AVENUE,19.133309999999998,76
BP5782,HACKNEY CENTRAL STATION,871.03979,361
BP5784,STRATFORD CITY BUS STATION,32.35863,168
BP5786,MOOREHEAD WAY / WEIGALL ROAD,1.3577299999999997,152
BP5787,MOOREHEAD WAY / PINTO WAY,3.902779999999999,146
BP5788,WEIGALL ROAD / SOUTH SIDE,0.2257799999999998,152
BP5789,WEIGALL ROAD / NORTH SIDE,42.753609999999995,145
BP579,LYNSCOTT WAY,55.23517,140
BP5790,CLAPHAM COMMON OLD TOWN,0.0,77
BP5796,DUKES AVENUE / NORTHWEALD LANE,37.20171,125
BP5797,SIR LUDWIG GUTTMANN HEALTH CENTRE,72.35082,75
BP5798,SIR LUDWIG GUTTMANN HEALTH CENTRE,64.78859,76
BP5799,ESTUARY CLOSE,8.03845,92
BP580,WYVERN ROAD,13.992819999999998,147
BP5800,RIVERGATE CENTRE,19.49186,166
BP5801,GREAT WEST QUARTER,221.82154,154
BP5802,LEYTONSTONE STN  / GROVE GREEN ROAD,110.023,76
BP5807,TOTTENHAM HALE STATION,0.0,83
BP5809,EPPING FOREST COLLEGE,40.06231,48
BP581,LYNSCOTT WAY,21.87456,147
BP5811,HEATH ROAD / TWICKENHAM,926.36865,332
BP5812,HEATH ROAD / TWICKENHAM,812.59406,168
BP5813,POULETT GARDENS,712.55646,168
BP5814,YORK STREET / TWICKENHAM,884.97636,354
BP5815,NORTHWOOD HILLS CIRCUS,79.63963,149
BP5816,NORTHWOOD SCHOOL,17.67983,76
BP5819,THE PAVEMENT,205.97841,172
BP582,WYVERN ROAD,28.200969999999998,145
BP5820,BODMIN CLOSE,106.68052,82
BP5823,MILLFIELDS PARK,119.71852,73
BP5824,MILLFIELDS PARK,1.58984,77
BP5825,MILLFIELDS ROAD,107.39648,73
BP5826,MILLFIELDS ROAD,11.72942,77
BP5827,THORNTON ROAD,19.86782,73
BP5828,EMMANUEL ROAD,41.2621,74
BP5829,BURNBURY ROAD,45.52299,75
BP583,PURLEY HOSPITAL,142.76149,221
BP5830,HYDETHORPE ROAD,39.66344,74
BP5831,HYDETHORPE ROAD,65.53517,75
BP5832,BELTHORN CRESCENT,72.67373,75
BP5833,BELTHORN CRESCENT,87.16552,74
BP5835,FOUNTAYNE BUSINESS CENTRE,17.36282,174
BP5836,TOTTENHAM HALE RETAIL PARK,26.68257,174
BP5837,STANSTEAD ROAD / ST DUNSTANS COLLEGE,45.23363,159
BP5838,CHESSINGTON GARDEN CENTRE,12.4818,64
BP5839,CHESSINGTON GARDEN CENTRE,2.24238,59
BP584,ST GILES SCHOOL,124.47572,141
BP5840,PICCADILLY CIRCUS,1277.5302,682
BP5841,UNIVERSITY COLL HOSP / WARREN ST STN,878.34351,448
BP5842,LONDON AQUATICS CENTRE,49.55543,169
BP5843,LONDON AQUATICS CENTRE,180.59306,170
BP585,REGINA COELI SCHOOL,35.396699999999996,147
BP5851,HERE EAST,35.00414,79
BP5852,HERE EAST,62.31942,80
BP5853,VICTORIA ROAD / LAVENDER FIELDS,68.85875,149
BP5854,TAYLOR ROAD,44.57689,74
BP5855,TAYLOR ROAD,0.6382599999999998,75
BP586,BLACKFORD CLOSE,36.686139999999995,147
BP5861,THE PAVEMENT,0.0,76
BP5863,BURY ROAD,6.30857,49
BP5864,BURY ROAD,3.0656499999999998,48
BP5865,ABERCONWAY ROAD,1.27656,236
BP5866,LONG LANE,14.743969999999997,177
BP5867,OMNIBUS CLAPHAM,0.0,178
BP5868,WINGATE SQUARE,171.52862,176
BP5869,SOUTH THAMES COLLEGE,306.66366,257
BP587,SOUTH CROYDON STATION,15.59412,71
BP5872,U E L DOCKLANDS CAMPUS,118.55203,90
BP5873,HIGH STREET / MARKET SQUARE,674.66955,402
BP5874,HIGH STREET / MARKET SQUARE,2487.45698,400
BP5878,ROTHBURY ROAD,3.784909999999999,83
BP5879,FISH ISLAND,28.72686,76
BP588,SOUTH CROYDON STATION,30.52109,70
BP5880,KIDBROOKE PARK ROAD,52.29916,310
BP5881,TUDWAY ROAD,4.343029999999999,148
BP5882,KIDBROOKE PARK ROAD / TUDWAY ROAD,6.7294599999999996,149
BP5883,WINDMILL LANE,112.88463999999999,251
BP5884,TOTTENHAM HALE BUS STATION,0.0,91
BP5885,TOTTENHAM HALE BUS STATION,2367.93649,367
BP5887,TOTTENHAM HALE BUS STATION,1134.4436,91
BP5888,TOTTENHAM HALE BUS STATION,0.0,98
BP5889,TOTTENHAM HALE BUS STATION,1199.60602,197
BP589,WINDMILL ROAD,26.28617,76
BP5890,TOTTENHAM HALE BUS STATION,1740.82233,81
BP5892,WARTON ROAD,0.0,21
BP5893,WARTON ROAD,2.2200399999999996,17
BP5894,CARPENTERS PRIMARY SCHOOL,18.508899999999997,94
BP5895,HALLSVILLE ROAD,32.06666,202
BP5896,SUTTON STATION,315.93341,112
BP5897,SUTTON STATION,28.99769,110
BP5899,KYMBERLEY ROAD,0.0,66
BP590,WINDMILL ROAD,25.841009999999997,78
BP5900,LONGMEAD DRIVE / ALBANY PARK,19.22258,128
BP5901,LONGMEAD DRIVE / ONSLOW DRIVE,11.83949,128
BP5906,BERTRAM COTTAGES,14.615589999999997,165
BP5907,THE RED HOUSE,14.782079999999999,78
BP5908,MILLINGTON ROAD,1221.60908,582
BP591,OXLEAY ROAD,18.74489,64
BP5912,PERTH ROAD,383.02786,73
BP5913,BATHGATE ROAD,127.09211,161
BP592,PURLEY HOSPITAL,12.358749999999999,144
BP5920,THIRLMERE GARDENS,15.693109999999999,213
BP5924,PARK ROAD,24.98224,78
BP5925,PARK ROAD,47.66256,77
BP5926,LOTS ROAD,82.49761000000001,77
BP5927,LOTS ROAD,103.78358,78
BP5929,LONDON HILTON HOTEL,539.71816,260
BP5930,LONGBRIDGE WAY,129.24997,162
BP5931,GERRARD WAY,3.3931299999999993,451
BP5936,TOTTENHAM POLICE STATION,1593.71926,345
BP5937,GIBBINS ROAD,23.03765,96
BP5939,LANCASTER PLACE / SOMERSET HOUSE,497.53916,206
BP5948,BUCKINGHAM ROAD,1654.39355,329
BP5949,SUTTON STATION,773.58091,387
BP595,DEERHURST ROAD,18.98628,77
BP5950,CHURCHILL PLACE,62.7636,164
BP5951,PEEL CENTRE,495.82623,153
BP5952,ROWAN DRIVE,263.52351,154
BP5953,HERITAGE AVENUE,173.24829,154
BP5954,PEEL CENTRE,0.28612,154
BP5958,INGLIS WAY,0.32972999999999997,74
BP5959,INGLIS WAY,20.16423,71
BP596,MOTTINGHAM ROAD,165.78876,77
BP5960,MILLBROOK PARK,0.0,73
BP5961,ROYAL ENGINEERS WAY,4.51646,71
BP5962,RICHMOND STATION,5.754139999999998,158
BP5963,RICHMOND STATION,3578.69031,346
BP5968,NORTHWICK PARK HOSPITAL / A&E DEPARTMENT,1.55517,75
BP5969,LEWISHAM CLOCK TOWER,3883.827,650
BP597,LOGS HILL,58.33261,78
BP5970,ACTON TOWN STATION  / ENFIELD ROAD,22.61864,74
BP5971,NETHERHEYS DRIVE,124.0529,147
BP5972,ISLEDON ROAD,579.81801,290
BP5975,RAINSFORD ROAD,165.13479,75
BP5976,CHISWICK BUSINESS PARK,13.80842,75
BP5977,THURSTON ROAD / JERRARD STREET,168.7585,181
BP5978,LAKEVIEW ROAD,210.08416,167
BP5979,DOWSETT ROAD,348.58919,177
BP598,LOGS HILL,34.85405,79
BP5980,CHIGWELL RISE / RODING LANE,0.28767,65
BP5982,GLEBE AVENUE / ICKENHAM STATION,14.90001,39
BP5984,GREENHILL WAY / LYCEE INTERNATIONAL,0.6597799999999999,77
BP5985,GREENHILL WAY / LYCEE INTERNATIONAL,15.54893,77
BP5987,LEWISHAM STATION,1771.9187200000001,408
BP5989,LEWISHAM STATION,3364.53055,411
BP599,OLD KENT ROAD / EAST STREET,1387.17451,623
BP5990,LEWISHAM STATION,4073.95678,557
BP5991,LEWISHAM STATION,584.75841,373
BP5992,LEWISHAM STATION,119.14095,339
BP5993,LEWISHAM STATION,0.0,901
BP5994,U E L DOCKLANDS CAMPUS,183.27858,96
BP5995,TOTTENHAM CT RD STN  / GT RUSSELL ST,0.0,96
BP5996,BOWER PARK SCHOOL,0.6900099999999998,20
BP5997,DURHAM STREET / HARLEYFORD ROAD,173.69658,348
BP5998,ALDGATE STATION,891.8269,118
BP600,DRYFIELD ROAD,45.499919999999996,75
BP6000,VALLEY PARK RETAIL PARK,14.79669,69
BP6001,VALLEY PARK RETAIL PARK,12.525599999999999,74
BP6002,BRUCE CASTLE PARK & MUSEUM,247.55817,187
BP6003,FOUNTAYNE ROAD,73.0229,86
BP6004,NORMAN AVENUE,8.503589999999999,27
BP6005,NORMAN AVENUE,4.31291,38
BP6006,MAYWATER CLOSE,6.08074,29
BP6007,MAYWATER CLOSE,7.14851,37
BP6008,DOWNSWAY,3.7032,29
BP6009,DOWNSWAY,2.1014,37
BP601,DULWICH LIBRARY,761.02284,435
BP6010,SANDERSTEAD HILL,12.984499999999999,34
BP6011,ST THOMAS' HOSPITAL / EVELINA LONDON,79.16985,157
BP6012,BRETTENHAM ROAD,651.05158,608
BP6016,ARCHWAY STATION   / HOLLOWAY ROAD,1176.19417,294
BP6017,ARCHWAY STATION,3125.9602,399
BP6018,ARCHWAY STATION,1776.1462,158
BP602,BISPHAM ROAD,77.32294,81
BP6021,SPENCER ROAD,10.005909999999998,96
BP6023,CHELSFIELD VILLAGE / FIVE BELLS,16.41408,124
BP6024,HILARY HOUSE,75.7849,78
BP6025,SUSSEX MEWS,50.83209,79
BP6026,RAVENSBOURNE PARK CRESCENT,37.036789999999996,79
BP6027,BOURNEVILLE ROAD,31.712989999999998,79
BP6028,BRIGHTLING ROAD,23.37298,80
BP6029,BANKHURST ROAD,28.918699999999998,79
BP6030,EWHURST ROAD,89.74304,80
BP6031,EWHURST ROAD,69.22755,79
BP6032,BEXHILL ROAD,41.74238,80
BP6033,BEXHILL ROAD,29.174129999999998,79
BP6034,AMYRUTH ROAD,85.50628999999999,80
BP6035,FOXBOROUGH GARDENS,37.91128,80
BP6036,FRANCEMARY ROAD,57.86819,81
BP6037,GORDONBROCK ROAD,71.09196,81
BP6039,KANTOR CAMPUS,10.80496,69
BP604,ABBEY ROAD,236.58856,311
BP6040,FAIRLOP STATION,63.35342,71
BP6041,FAIRLOP STATION,17.41451,68
BP6042,FAIRLOP WATERS,5.7744,71
BP6043,FAIRLOP WATERS,21.85026,68
BP6044,FAIRLOP OUTDOOR ACTIVITY CENTRE,12.72674,71
BP6045,FAIRLOP OUTDOOR ACTIVITY CENTRE,29.75833,68
BP6046,ELMBRIDGE ROAD,4.295509999999999,66
BP6047,ELMBRIDGE ROAD,111.77503,65
BP6048,VULCAN WAY,149.47305,173
BP605,WESTERN ROAD,18.87514,83
BP6050,CRANFORD LANE,30.92422,256
BP6051,STUBBERS ADVENTURE CENTRE,2.52181,70
BP6052,ALDGATE EAST STATION,1742.49632,285
BP6054,WARBANK CRESCENT,7.80655,157
BP6055,WARBANK CRESCENT,64.36225,160
BP6058,TROTT ROAD,67.47503,77
BP6059,TROTT ROAD,33.86744,78
BP606,WESTERN ROAD,23.83107,81
BP6060,OSIER CRESCENT,206.15282,77
BP6061,OSIER CRESCENT,72.82769,78
BP6062,EVERINGTON ROAD,168.85842,77
BP6063,EVERINGTON ROAD,62.04687,78
BP6064,CREIGHTON AVENUE,51.6019,77
BP6065,CREIGHTON AVENUE,29.31312,78
BP6066,PAGES HILL,42.7736,78
BP6067,PAGES HILL,43.77365,78
BP6069,MERRIELANDS CRESCENT,14.523439999999999,77
BP607,RADNOR WAY,15.237889999999998,83
BP6070,MERRIELANDS CRESCENT,163.81011,78
BP6071,DAGENHAM DOCK STATION,2.5756399999999995,77
BP6072,DAGENHAM DOCK STATION,160.63109,78
BP6074,ROOKWOOD ROAD,75.14086,164
BP6075,CRANHAM PLACE,0.05507,71
BP6076,CRANHAM PLACE,1.6870499999999995,75
BP6077,BECKTON DLR DEPOT,4.1878,184
BP6078,BECKTON DLR DEPOT,4.5165799999999985,181
BP608,CUMBERLAND AVENUE,148.37535,146
BP6081,ELSA ROAD / UPPER WICKHAM LANE,31.165519999999997,75
BP6082,ELSA ROAD / UPPER WICKHAM LANE,51.49138,70
BP6083,KENMERE ROAD,30.87662,75
BP6084,KENMERE ROAD,50.55271,69
BP6085,AVONDALE ROAD,16.575779999999998,76
BP6086,AVONDALE ROAD,25.97113,69
BP6087,GIPSY ROAD,29.83388,77
BP6088,GIPSY ROAD,43.491839999999996,70
BP6089,HOLMESDALE ROAD,14.12932,77
BP609,CUMBERLAND AVENUE,48.05912,151
BP6090,HOLMESDALE ROAD,18.33916,69
BP6091,VEROAN ROAD,14.503919999999999,76
BP6092,VEROAN ROAD,13.435469999999999,69
BP6093,GLEBE COURT,452.54841,489
BP6094,LOVE LANE,254.00408,77
BP6096,MITCHAM FAIR GREEN,1918.79315,418
BP6097,MITCHAM FAIR GREEN,553.45519,305
BP6098,MITCHAM FAIR GREEN,2571.55354,716
BP610,COMMERCIAL WAY,72.85656,71
BP6100,HOMESTEAD WAY / OVERBURY CRESCENT,18.21455,89
BP6101,SANDERSTEAD HILL,6.26329,30
BP6102,LIMES FARM / COPPERFIELD,48.55723,138
BP6103,LIMES AVENUE,45.23164,67
BP6104,HACKNEY MARSH PLAYING FIELDS,17.82781,171
BP6105,HACKNEY MARSH PLAYING FIELDS,11.68717,179
BP6106,WHITTON CNR / HEALTH & SOCIAL CARE CTR,200.59538,159
BP6107,CENTRAL DRIVE,36.05131,74
BP6109,CENTRAL PARADE,211.89344,228
BP611,COMMERCIAL WAY,45.43353,152
BP6111,BEECHCROFT GARDENS,342.42875,239
BP6112,MANOR DRIVE,100.68883,80
BP6115,WEST CROYDON BUS STATION,4288.19719,495
BP6116,WEST CROYDON BUS STATION,1807.07243,393
BP6117,WEST CROYDON BUS STATION,4105.57732,564
BP6118,WEST CROYDON BUS STATION,3915.02734,521
BP6119,WEST CROYDON BUS STATION,0.0,174
BP612,RADNOR WAY,14.7433,81
BP6121,ELEPHANT PARK,65.09845,177
BP6122,HAYES TOWN CENTRE,4103.06458,721
BP6123,HAYES TOWN CENTRE,5748.08248,735
BP6124,WELSH HARP / NEASDEN RECREATION GROUND,1.1477299999999997,79
BP6127,GREENWAYS,1.9719199999999997,69
BP613,PARK ROYAL STATION,88.27199,83
BP6136,RIVER ROAD,104.37567,94
BP6137,MALLARDS ROAD / RIVER ROAD,84.12026,96
BP6138,RIVERSIDE CAMPUS,14.41226,94
BP6139,RIVERSIDE CAMPUS,420.10889,89
BP614,PARK ROYAL STATION,226.62083,81
BP6142,MINTER ROAD,85.04405,93
BP6143,MINTER ROAD,367.81291,99
BP6144,FOREST HILL POOLS,244.63135,256
BP6145,FOREST HILL POOLS,221.56280999999998,256
BP6146,ST AUBYNS GARDENS,3.2063699999999997,70
BP6147,ST AUBYNS GARDENS,3.13823,69
BP6148,SEVENOAKS ROAD,15.951459999999999,70
BP615,HENLYS CORNER,609.85325,252
BP6150,SEDGECOMBE AVENUE,20.51452,73
BP6151,DOVEDALE AVENUE,14.83655,73
BP6152,FERNLEIGH COURT,101.81725,73
BP6156,CHISLEHURST SAINSBURY'S,2.8081499999999995,65
BP6157,BAFFIN WAY,38.442660000000004,103
BP6158,BAFFIN WAY,67.82198,106
BP6159,EAST INDIA STATION,20.38286,103
BP616,RIVER DRIVE,15.008149999999999,88
BP6160,EAST INDIA STATION,87.65171,106
BP6161,LEAMOUTH ROAD,1.9175499999999996,103
BP6162,LEAMOUTH ROAD,50.86308,108
BP6163,LEAMOUTH / ORCHARD PLACE,230.68679,212
BP6164,GREENWAYS,10.83757,73
BP6165,HINCHLEY WOOD / KINGSTON BY-PASS,14.176129999999999,73
BP6168,DABBS HILL LANE,66.89056,67
BP6169,SUSSEX CRESCENT,67.96097,73
BP617,WICK LANE,90.17090999999999,165
BP6170,SUSSEX CRESCENT,16.419059999999998,69
BP6171,KEMPTON AVENUE,44.816,73
BP6172,KEMPTON AVENUE,16.640359999999998,71
BP6173,CHELTENHAM CLOSE,26.18767,70
BP6174,CHELTENHAM CLOSE,2.956229999999999,72
BP6175,NEWMARKET AVENUE,29.68834,67
BP6176,NEWMARKET AVENUE,8.45446,73
BP6177,YATELEY STREET,248.42655,357
BP6178,VANCOUVER ROAD,0.10968,78
BP6179,STRATFORD ROAD,0.3844499999999999,78
BP618,KINGSTON HALL ROAD,37.79788,139
BP6180,AYLES ROAD,66.78816,79
BP6183,NORHEADS LANE,15.485919999999998,131
BP6184,KINGS ROAD,0.4081499999999999,54
BP6185,SPRING GARDENS,0.2342399999999999,54
BP6186,MELODY ROAD,0.0589,54
BP6187,EAST HILL,13.098559999999999,95
BP6188,HILLINGDALE,12.66024,41
BP6189,SPRING GARDENS,15.5436,41
BP6190,ROSEHILL ROAD,22.86292,41
BP6191,KINGS ROAD,4.85804,41
BP6192,KINGS ROAD RECREATION GROUND,7.155339999999999,42
BP6193,NORHEADS LANE / STOCK HILL,23.71053,42
BP6194,COLONNADES LEISURE PARK,105.71058,77
BP6196,BOURNE ROAD,60.79349,81
BP6197,RYAN CLOSE,545.60952,451
BP6198,LANGTON ROAD,65.16225,71
BP6199,PATMOS ROAD,107.52631,71
BP6200,MOSTYN ROAD,31.30708,71
BP6201,BURTON ROAD,47.38895,71
BP6202,MOSTYN ROAD,17.859859999999998,74
BP6203,AUGUSTINE ROAD,44.69642,130
BP6204,NORTHUMBERLAND GARDENS,14.487,65
BP6208,STAGGART GREEN,19.698719999999998,65
BP6211,SALWAY PLACE,19.94408,107
BP6214,WALDEN ROAD,29.56723,78
BP6215,WALDEN ROAD,22.40279,79
BP6219,SEDGECOMBE AVENUE,134.83264,78
BP6220,PHOEBETH ROAD,8.962319999999998,81
BP6222,BURTON ROAD,0.0,71
BP6223,WOLVES LANE,22.89615,74
BP6224,WOLVES LANE CEMETERY,32.42095,74
BP6225,SYLVAN AVENUE,8.329519999999999,74
BP6226,SYLVAN AVENUE,76.29238,76
BP6227,WOLVES LANE CEMETERY,86.39001,76
BP6228,PELLATT GROVE,64.08782,76
BP6229,HORNSEY LANE,80.01224,69
BP623,PARK ACADEMY,37.74633,77
BP6230,WATERLOO STATION,280.81513,180
BP6231,HANBURY ROAD,33.97731,76
BP6232,SEYMOUR AVENUE,145.36226,76
BP6233,SHERRINGHAM AVENUE,49.703739999999996,72
BP6234,BERKSHIRE GARDENS,13.51433,74
BP6235,GRENOBLE GARDENS,11.94385,74
BP6236,BEALE CLOSE,2.5710599999999997,75
BP6237,CHEQUERS WAY,0.36757,75
BP6238,MITCHELL ROAD,198.27213,76
BP6239,PRINCES AVENUE,188.27197,76
BP6240,PASTEUR GARDENS,116.09302,76
BP6241,ST PAULS RISE,243.07583,76
BP6242,BERKSHIRE GARDENS,184.86004,76
BP6243,CLERKENWELL ROAD,21.916729999999998,191
BP6244,HOMESDALE CLOSE,15.064889999999998,79
BP6245,HOMESDALE CLOSE,10.954849999999999,80
BP6246,SUNBURY WAY,20.784969999999998,81
BP6247,SMITHAM DOWNS ROAD,18.34585,72
BP6248,SMITHAM DOWNS ROAD,85.3934,76
BP6249,YORK ROAD,52.8797,59
BP625,DOWNSIDE ROAD,36.15787,59
BP6251,OLD MARYLEBONE TOWN HALL,138.23335,96
BP6253,FARRINGDON ROAD,93.64703,194
BP6257,OVERCOURT CLOSE,44.79033,67
BP626,DOWNSIDE ROAD,48.66642,60
BP6261,ST BARTHOLOMEW'S HOSPITAL,0.0,80
BP6262,ST. BARTHOLOMEW'S HOSPITAL,0.0,82
BP6263,MONTPELIER RISE,39.4545,74
BP6264,FERNLEIGH COURT,18.6825,77
BP6265,NORTHGATE ROAD,0.0,97
BP6266,NORTHGATE ROAD,241.50116,94
BP6268,STRATFORD BROADWAY,3124.8481,504
BP6270,MILLBANK,562.99367,159
BP6271,STRATFORD BUS STATION,820.56944,106
BP6272,LONDON BRIDGE BUS STATION,0.0,175
BP6273,LONDON BRIDGE BUS STATION,2136.76716,192
BP6275,STRATFORD BUS STATION,4396.55967,371
BP6277,EDINBURGH ROAD,19.23108,66
BP6278,EDINBURGH ROAD,87.11873,71
BP6279,GREGORY ROAD,1.15696,79
BP628,BACON LANE,66.70948,73
BP6280,HALL ROAD,115.18662,196
BP6281,WALTHAMSTOW CENTRAL STATION,505.54478,376
BP6282,WALTHAMSTOW CENTRAL STATION,1122.27191,233
BP6283,NORTHGATE ROAD,42.11898,76
BP6284,NORTHGATE ROAD,120.80474,79
BP6285,BRL INFRASTRUCTURE OFFICE,6.56995,76
BP6286,BRL INFRASTRUCTURE OFFICE,30.558339999999998,79
BP6287,WHIPPS CROSS BUS STAND,71.05543,149
BP6288,WHIPPS CROSS BUS STAND,206.31653,240
BP6289,WHIPPS CROSS BUS STAND,86.16976,232
BP629,ETON GROVE,89.81851999999999,72
BP6290,WHIPPS CROSS BUS STAND,244.60854,163
BP6291,WHIPPS CROSS BUS STAND,399.74443,320
BP6292,BIGGIN HILL MEMORIAL MUSEUM,2.7372599999999996,185
BP6293,PRESTON PARK,68.9805,78
BP6294,VALLEY WALK,131.06719999999999,404
BP6295,FEN GROVE,53.83179,75
BP6296,SHERWOOD PARK AVENUE SURGERY,53.161229999999996,68
BP6297,SIBLEY CLOSE,12.47423,70
BP6298,BRASTED CLOSE,30.38436,69
BP6299,ALERS ROAD,24.9996,69
BP630,ETON GROVE,40.53379,73
BP6300,IRIS AVENUE,6.81588,68
BP6302,SANDHURST ROAD,4.289549999999999,68
BP6303,BURNT OAK LANE / THE OVAL,35.5679,67
BP6304,SIBLEY CLOSE,15.101109999999998,68
BP6305,ALERS ROAD,11.05433,68
BP6306,ANNANDALE ROAD,28.14514,72
BP6307,ANNANDALE ROAD,24.17004,74
BP6308,DAYS LANE / BURNT OAK LANE,13.873069999999998,75
BP6309,ASHCROFT AVENUE,22.526799999999998,68
BP631,BACON LANE,67.60498,74
BP6310,CLAYWORTH CLOSE,13.365929999999999,67
BP6311,BERWICK CRESCENT,49.72844,72
BP6312,IRIS AVENUE,6.65483,72
BP6313,BRASTED CLOSE,9.26625,68
BP6314,THREE BRIDGES / WINDMILL LANE,136.28919,79
BP6315,WINDMILL LANE / THREE BRIDGES,0.0,80
BP6316,VICTORIA STATION,3316.11391,410
BP6317,ELEPHANT PARK,496.77994,178
BP6318,BOBBY MOORE ACADEMY - PRIMARY,1.4842799999999994,76
BP6320,BOBBY MOORE ACADEMY - PRIMARY,12.675089999999999,73
BP6323,SANDHURST ROAD,3.825589999999999,68
BP6325,PORTMAN SQUARE,773.6134,448
BP6326,BAKER STREET STATION,3310.89807,445
BP6328,PARK ROAD / IVOR PLACE,432.21923,447
BP6329,LAMPTON SCHOOL,98.55293,78
BP6330,ALDGATE STATION,0.0,77
BP6331,CAPPER STREET,1463.73159,462
BP6332,STEPHEN STREET,841.04482,459
BP6333,GOODGE STREET STATION,786.36509,459
BP6334,LAMPTON SCHOOL,48.31555,78
BP6335,GREYHOUND HILL,105.63362,77
BP6336,CHURCH END,804.5511300000001,308
BP6337,GREYHOUND HILL,108.58689,78
BP6338,KINGSBURY HEALTH AND WELLBEING,396.64404,149
BP6339,LIME TREE AVENUE,11.15912,50
BP634,FINCHALE ROAD / EYNSHAM DRIVE,19.572119999999998,80
BP6340,TULLICK WAY,0.16670000000000001,46
BP6341,SALTER CLOSE,0.0,45
BP6342,SHAFTESBURY LANE,0.0,45
BP6343,CRAWFORD CRESCENT,16.59481,93
BP6344,SHAFTESBURY LANE,12.553329999999999,48
BP6345,SALTER CLOSE,6.48883,49
BP6346,TULLICK WAY,4.5464899999999995,50
BP6347,MIDDLE CLOSE,17.37949,91
BP6348,BATHGATE ROAD,143.09116,165
BP6349,CAPEL ROAD,10.359459999999999,154
BP635,FINCHALE ROAD / EYNSHAM DRIVE,25.983739999999997,80
BP6354,COLINDALE STATION,1062.07022,155
BP6355,CHOBHAM ROAD,74.66548,96
BP6356,WINCHESTER AVENUE,39.73109,72
BP6357,PRINCES CLOSE,3.00479,72
BP6358,CHASE FARM HOSPITAL / MAIN ENTRANCE,0.0,152
BP6359,CHASE FARM HOSPITAL / MAIN ENTRANCE,0.33238,142
BP636,DEVENISH ROAD,40.17452,80
BP6361,BROADWATER ROAD,23.88384,76
BP6362,SPERLING ROAD,44.019819999999996,76
BP6363,SPERLING ROAD,86.59297,75
BP6364,MOUNT PLEASANT ROAD,152.54389,76
BP6365,MOUNT PLEASANT ROAD,104.34776,75
BP6366,GLOUCESTER ROAD,135.86529,75
BP6367,GLOUCESTER ROAD,71.4751,76
BP6368,DUNLOE AVENUE,36.586549999999995,76
BP6369,HASTINGS ROAD,55.12327,75
BP6370,DOWNHILLS PARK ROAD,23.46259,76
BP6371,HIGHAM ROAD,70.65353,75
BP6372,BELMONT ROAD,28.81996,75
BP6373,DOWNHILLS WAY,32.03879,76
BP6374,LINDEN ROAD,29.045099999999998,75
BP6375,WEST GREEN ROAD,23.13157,76
BP638,SALTER STREET,183.68283,360
BP6381,FLANDERS WAY,27.163809999999998,82
BP6382,BARNABAS ROAD,15.33244,82
BP6383,WICK ROAD / KENWORTHY ROAD,2.1932699999999996,82
BP6386,WESTBURY ROAD,28.84763,79
BP6387,HANGER LANE,97.59322,79
BP6388,WESTBURY ROAD,3.7304099999999996,80
BP6389,FAIRWAY AVENUE,163.61685,76
BP6390,ROXBOURNE MEDICAL CENTRE,46.78049,75
BP6391,DUKE'S PLACE,320.91594,439
BP6395,OLD DEVONSHIRE ROAD,97.84557,73
BP6396,LACEY GREEN / GOODENOUGH WAY,4.8675999999999995,92
BP6397,LIME TREE AVENUE,0.3340299999999998,50
BP6398,THE ADMIRALS WALK,15.20467,91
BP6399,ELLIS ROAD,27.27864,91
BP6400,LACEY GREEN / ELLIS ROAD,8.457429999999999,93
BP6401,TOLLERS LANE / CURLING CLOSE,3.0550799999999994,96
BP6402,TOLLERS LANE / DRIVE ROAD,12.30004,92
BP6407,BRENT CIVIC CENTRE,273.92379,154
BP641,MONKS ORCHARD ROAD,65.57312,158
BP6413,FARTHING WAY,0.056,102
BP6414,CHASE FARM HOSPITAL / MAIN ENTRANCE,0.0,152
BP6416,ABBEY WOOD STATION,3737.56802,571
BP6417,QUEENSBURY MORRISONS,305.59173,178
BP642,WOOD END GREEN ROAD,72.56757,154
BP643,OAKESHOTT AVENUE,25.59133,94
BP6430,SEVEN SISTERS ROAD / NAGS HEAD,386.8098,253
BP6431,CROMWELL ROAD BUS STATION,520.64556,516
BP6432,CROMWELL ROAD BUS STATION,951.22527,445
BP6433,FINCHLEY MEMORIAL HOSPITAL,28.56338,99
BP6434,FELTHAM STATION,374.38895,178
BP6435,FELTHAM STATION,286.25849,172
BP6437,EBURY BRIDGE ROAD,26.94898,246
BP6438,OSIERS ROAD,10.591249999999999,117
BP6439,WANDSWORTH RIVERSIDE QUARTER PIER,30.32247,118
BP644,OAKESHOTT AVENUE,83.44168,95
BP6440,OSIERS ROAD,11.84128,55
BP6445,WINCHMORE HILL ROAD,21.19664,53
BP6446,WINCHMORE HILL ROAD,9.074069999999999,54
BP6447,DENLEIGH GARDENS / ST PAUL'S CHURCH,11.28716,54
BP6448,DENLEIGH GARDENS / ST PAUL'S CHURCH,3.19931,52
BP6449,WINCHMORE HILL STATION,20.08045,53
BP645,THE EARDLEY ARMS,166.74624,236
BP6450,WINCHMORE HILL STATION,26.20868,52
BP6453,FARM ROAD,10.41943,50
BP6454,FARM ROAD,24.40781,54
BP6455,HYDE PARK AVENUE,11.472579999999999,48
BP6456,HYDE PARK AVENUE,36.095890000000004,56
BP6457,THE FAIRWAY,11.52814,46
BP6458,THE FAIRWAY,13.445329999999998,57
BP6459,HEDGE LANE / FIRS LANE,256.35397,118
BP646,SALTWOOD CLOSE,35.19636,59
BP6460,HEDGE LANE / FIRS LANE,64.00671,125
BP6461,GREAT CAMBRIDGE ROAD,76.13051,120
BP6462,GREAT CAMBRIDGE ROAD,16.17022,125
BP6463,NORTH MIDDLESEX HOSPITAL,0.0,55
BP6466,HILLSIDE CRESCENT,2.81472,49
BP6467,HILLSIDE CRESCENT,22.27552,54
BP6468,CONWAY GARDENS,0.9925599999999999,50
BP6469,CONWAY GARDENS,6.39924,54
BP647,VICTORIA STREET,18.17821,74
BP6470,EASTBURY AVENUE,1.8758299999999999,49
BP6471,ORCHARD CRESCENT,62.50599,56
BP6472,ALDERSBROOK AVENUE,4.40586,51
BP6473,TENNISWOOD ROAD,31.69929,56
BP6474,CHURCHBURY CLOSE,14.30181,55
BP6475,ORCHARD WAY,2.5366999999999997,51
BP6476,PEARTREE ROAD,2.25907,55
BP648,ALBERT ROAD / NUXLEY ROAD,65.69964,74
BP6487,TOOTING BROADWAY STATION,662.16319,266
BP649,GRAVEL ROAD,219.72705,75
BP6496,MEADOW VIEW,36.96385,67
BP6497,MEADOW VIEW,15.97926,68
BP6498,ST STEPHENS C OF E PRIMARY SCHOOL,42.26805,76
BP6499,COLE PARK ROAD,20.473489999999998,77
BP650,GRAVEL ROAD,19.18366,76
BP6500,MARLOW CRESCENT,18.55369,77
BP6501,MARLOW CRESCENT,95.26653,81
BP6502,COLE PARK ROAD,49.03714,81
BP6503,ST STEPHEN'S C OF E PRIMARY SCHOOL,11.581449999999998,81
BP6505,SWEDISH SCHOOL LONDON,45.87109,82
BP6506,GRASSMERE AVENUE,47.686679999999996,73
BP6507,GRASSMERE AVENUE,49.09138,78
BP6508,EDGWARE ROAD,21.869539999999997,190
BP6514,ALDWYCH / AUSTRALIA HOUSE,89.99947,491
BP6515,ALDWYCH / BUSH HOUSE,780.4021,339
BP6516,ALDWYCH / DRURY LANE,221.95883,408
BP6517,ALDWYCH / DRURY LANE,6332.20627,763
BP653,HIGHGATE SCHOOL / HAMPSTEAD LANE,413.72821,95
BP6530,CUSTOM HOUSE STATION,419.93539,84
BP6531,CIVIC STREET,141.2729,76
BP6536,WESTCROFT SQUARE,245.58097,347
BP6538,STRATFORD INTERNATIONAL STATION,699.94946,81
BP6539,STRATFORD INTERNATIONAL STATION,8.752229999999999,170
BP6540,GAYTON ROAD / ABBEY WOOD STATION,12.81047,184
BP6547,MULBERRY WAY,6.776229999999999,81
BP6548,MULBERRY WAY,28.57641,80
BP6549,CHURCH MANORWAY / WAR MEMORIAL,118.53114000000001,81
BP655,VANBRUGH PARK ROAD,31.63543,76
BP6550,CHURCH MANORWAY / WAR MEMORIAL,328.6608,80
BP6551,CHURCH MANORWAY / VIKING WAY,10.605799999999999,81
BP6552,CHURCH MANORWAY / VIKING WAY,22.21816,79
BP6553,ERITH QUARRY / FRASER ROAD,162.05319,161
BP6556,DARTFORD STATION,2048.29257,221
BP6557,CONSTANCE GROVE,384.67118,224
BP6558,ROYAL CREST AVENUE,163.51589,166
BP656,VANBRUGH PARK ROAD,33.06525,75
BP6561,BERKELEY AVENUE,99.1413,78
BP6562,BERKELEY AVENUE,128.84776,79
BP6568,MONIER BRIDGE,5.753869999999999,73
BP6569,MONIER BRIDGE,7.45031,76
BP657,SANDERSTEAD METHODIST CHURCH,26.33586,78
BP6570,MONIER ROAD,15.73068,73
BP6571,MONIER ROAD,25.32685,76
BP6578,BRENT CROSS WEST STATION,6.023089999999999,154
BP658,EARDLEY ROAD,150.04117,153
BP659,LONDON ROAD,8.22058,71
BP660,SOUTHEND LANE,244.76829,352
BP661,SOUTHEND LANE,1076.19519,347
BP662,THE CATFORD BROADWAY,413.71107,165
BP663,BEXLEYHEATH LIBRARY,553.78803,270
BP665,ROKEBY SCHOOL,291.00779,423
BP671,BECKENHAM JUNCTION STATION,262.83525000000003,227
BP672,SYDENHAM STATION / WESTWOOD HILL,107.13349,155
BP675,BOSWORTH ROAD,15.9475,92
BP678,CASTLEVIEW GARDENS,11.459909999999999,159
BP681,LAUREL LANE PRIMARY SCHOOL,83.22408,78
BP683,UPPER GREEN EAST,823.99194,188
BP685,ST MICHAEL'S CHURCH,106.59848,95
BP686,FULHAM ROAD / BEAUFORT STREET,328.68745,338
BP688,CHURCH GREEN,68.32431,235
BP689,CHURCH GREEN,205.46314,239
BP691,TYLNEY ROAD,79.33275,76
BP692,HAWTHORNE ROAD,74.94571,76
BP693,CLARENCE ROAD,17.03836,76
BP694,CLARENCE ROAD,40.75409,74
BP695,THE AVENUE / BEACONSFIELD ROAD,12.807849999999998,76
BP696,THE AVENUE / BEACONSFIELD ROAD,42.13054,74
BP697,THE LORD HOMESDALE,126.25814,75
BP699,LINK WAY,59.8802,76
BP700,LINK WAY,14.680319999999998,74
BP701,TURPINGTON LANE COMMUNITY CENTRE,15.73358,74
BP702,TURPINGTON LANE COMMUNITY CENTRE,48.38593,76
BP703,LAVENDER CLOSE,34.77619,74
BP704,WOODSIDE ROAD,5.62243,74
BP705,WOODSIDE ROAD,6.67578,75
BP706,PARK HILL,38.8506,75
BP707,PARK HILL,24.678729999999998,76
BP708,LIME CLOSE,45.69374,137
BP710,THE LORD HOMESDALE,22.00438,76
BP711,OLD HOMESDALE ROAD,68.13468,76
BP712,GREAT ELMS ROAD,127.18757000000001,76
BP713,GREAT ELMS ROAD,32.52001,76
BP714,BLENHEIM ROAD,5.9743699999999995,76
BP715,BLENHEIM ROAD,22.042749999999998,75
BP716,FELTHAM YOUNG OFFENDERS INSTITUTE,61.41221,151
BP720,SOUTH HARROW BUS STATION,223.75591,146
BP721,SOUTH HARROW BUS STATION,332.31862,153
BP722,SOUTH HARROW BUS STATION,0.0,154
BP724,ELECTRIC LANE,284.45329,74
BP726,NORTH WOOLWICH FERRY,0.0,82
BP727,CONSTANCE STREET,103.99133,178
BP728,CHAUNTLER CLOSE / CUNDY PARK,265.28021,520
BP729,KILMORIE ROAD,283.33943,176
BP731,NORTH CHEAM / SAINSBURY'S,133.84598,164
BP732,TURPINGTON LANE / BROMLEY COMMON,48.16246,76
BP733,HAWTHORNE ROAD,28.11982,74
BP734,OLD HOMESDALE ROAD,16.288059999999998,76
BP737,WALLBUTTON ROAD,50.61777,81
BP738,WALLBUTTON ROAD,20.23168,84
BP739,MANOR ROAD,90.38127,116
BP740,MANOR ROAD / GRANGE HILL STATION,4.393999999999999,131
BP741,HAREFIELD WEST / BELFRY AVENUE,32.55818,61
BP744,TYRWHITT ROAD,6.435809999999999,81
BP745,TYRWHITT ROAD,26.78279,83
BP747,CONSTANCE STREET,117.58639,172
BP750,LITTLE PARK GARDENS,0.0,256
BP751,STANDARD ROAD,15.72147,71
BP752,BASHLEY ROAD,43.57637,69
BP753,TOLLINGTON PARK,868.13913,241
BP754,UNIVERSITY OF CUMBRIA IN LONDON,425.20965,287
BP755,UNIVERSITY OF CUMBRIA IN LONDON,384.15943,278
BP756,STRATHEDEN ROAD / SHOOTERS HILL ROAD,54.51472,249
BP758,RON LEIGHTON WAY,247.32991,248
BP759,RON LEIGHTON WAY,858.92589,412
BP760,BRUNEL UNIVERSITY SPORTS PARK,84.43966999999999,303
BP761,KINGSTON LANE / PENTECOSTAL CHURCH,43.310759999999995,307
BP764,CROYDON BOWLING CLUB,36.271429999999995,240
BP765,CAMDEN HIGH STREET,424.64952,206
BP770,GALLIONS REACH ROUNDABOUT,40.48629,279
BP771,FERNDALE STREET,56.064209999999996,271
BP773,CLEGG STREET,211.14729,79
BP774,BELMONT ROAD,3.748309999999999,308
BP776,RAINHAM TESCO,1699.6052,455
BP777,MAY ROAD,2.9805099999999998,77
BP778,MAY ROAD,44.16712,75
BP779,CHINGFORD HALL ESTATE,96.6839,154
BP780,PARKLANDS,66.67524,74
BP781,NEWHAM TOWN HALL,1661.02725,350
BP782,POPLAR / ALL SAINTS CHURCH,0.0,83
BP783,WOODFIELD AVENUE,63.74234,72
BP786,ST ALBAN'S CHURCH,57.2819,77
BP787,COLDHARBOUR LIBRARY,63.82849,77
BP788,CROUCH CROFT,26.03896,77
BP789,ALTASH GARDENS,28.24098,78
BP790,PARTRIDGE GREEN,69.59716,78
BP791,COLDHARBOUR LIBRARY,101.43488,78
BP792,ST JOSEPH'S CHURCH,50.591969999999996,78
BP793,ST JOSEPH'S CHURCH,30.179589999999997,78
BP794,SUNDRIDGE PARK STATION,80.65113,78
BP795,BAYTREE CLOSE,18.13005,78
BP796,HILL BROW,107.7513,79
BP797,BAYTREE CLOSE,26.546229999999998,79
BP798,HILL BROW,85.96511,78
BP799,WOOD LODGE GARDENS,11.35093,79
BP800,SUNDRIDGE PARK STATION,32.76545,78
BP801,BOUGHTON AVENUE,52.15617,78
BP802,BOUGHTON AVENUE,32.22631,78
BP803,WOOD LODGE GARDENS,38.82797,77
BP806,SCOTTS PARK SCHOOL,17.66853,78
BP807,SCOTTS PARK SCHOOL,35.21461,78
BP810,PLAISTOW GROVE,66.2588,78
BP811,PLAISTOW GROVE,18.89048,78
BP813,THE MOUNT,42.54631,71
BP815,LEWISHAM STATION   / LOAMPIT VALE,1405.06374,551
BP817,GROVE PARK BUS STATION,0.0,159
BP818,ST GEORGE'S HOSP / KNIGHTSBRIDGE WING,16.36283,153
BP819,RUTHERFORD WAY,4.986539999999999,78
BP820,RUTHERFORD WAY,22.46079,77
BP821,FULTON ROAD,114.97715000000001,77
BP822,FULTON ROAD,13.71682,78
BP825,WOODMANSTERNE STATION,51.27812,73
BP831,CONWAY ROAD,62.24594,154
BP833,ROWLEY GARDENS,52.02133,280
BP834,ABBOTSBURY ROAD,37.34791,55
BP835,THE WILLOWS,33.88748,57
BP836,THE WILLOWS,14.493689999999999,52
BP837,ABBOTSBURY ROAD,41.78782,56
BP842,ROWLEY GARDENS,106.61254,271
BP843,KENSINGTON ROAD / ROYAL ALBERT HALL,5.9809399999999995,76
BP847,GREEN LANE / RALEIGH ROAD,293.74835,238
BP848,SUNDORNE ROAD,37.82746,78
BP849,CHERTSEY ROAD,82.74443,81
BP850,ST MATTHEW'S CHURCH,70.17672,77
BP851,UNION STREET,994.54483,389
BP854,ORCHARD LANE,87.51164,78
BP855,SPENCER ROAD,71.96692,77
BP856,FOUNTAIN ROAD / GARRATT LANE,45.375009999999996,394
BP858,PRINCE REGENT BUS STATION,0.0,78
BP859,PRINCE REGENT BUS STATION,405.73496,257
BP860,PRINCE REGENT BUS STATION,96.00479,79
BP861,PRINCE REGENT BUS STATION,238.95458,256
BP862,DUNSTER CLOSE,4.11797,61
BP863,DUNSTER CLOSE,2.8027999999999995,59
BP864,NEW PARK ROAD,6.301839999999999,59
BP865,DENHAM STATION,141.64314,64
BP866,RONAN WAY,9.9103,67
BP868,SOUTHLANDS ROAD,22.29901,67
BP869,OAKSIDE,23.47739,70
BP870,KNIGHTON WAY LANE,5.10203,64
BP871,OXFORD GARDENS,54.55977,68
BP872,OAKSIDE,19.65778,65
BP873,KNIGHTON WAY LANE,9.987499999999999,70
BP874,VILLAGE ROAD,7.193639999999999,66
BP875,VILLAGE ROAD,3.1836599999999997,70
BP876,TILEHOUSE LANE,1.25379,72
BP877,TILEHOUSE LANE,6.86657,65
BP878,PRINCESS ALICE,354.76233,248
BP879,TRUESDALE DRIVE,31.82149,66
BP880,TRUESDALE DRIVE,24.429009999999998,70
BP881,BROADWATER LOCK / GRAND UNION CANAL,18.67326,65
BP882,TOTTENHAM CT RD STN  / NEW OXFORD ST,2532.37974,326
BP883,TOTTENHAM COURT ROAD,0.0,131
BP884,BROADWATER LOCK / GRAND UNION CANAL,3.1734799999999996,72
BP885,LINK WAY,11.41499,72
BP886,SAVAY LANE,24.75711,64
BP887,DENHAM STATION,36.90064,72
BP888,STATION ROAD,70.64368,77
BP889,STATION ROAD,141.58359,77
BP892,LONDON BRIDGE,1376.67966,403
BP893,GAYTON ROAD,4.85258,67
BP894,NEW PARK ROAD,38.12452,50
BP899,FEATHERBED LANE,128.58809,120
BP900,MOLESWORTH STREET,14.66988,160
BP904,COULSDON ROAD / LACEY DRIVE,126.58324999999999,126
BP905,COULSDON COMMON / THE FOX,35.96636,128
BP906,HAMBLEDON ROAD,76.20004,128
BP907,CATERHAM-ON-THE-HILL / TESCO,236.78788,129
BP908,WINDMILL CLOSE,172.52912,129
BP909,HAWARDEN ROAD,39.76958,129
BP910,COURT ROAD,68.46722,127
BP911,WESTWAY COMMON,63.67568,125
BP912,WESTWAY,176.33654,249
BP913,CATERHAM-ON-THE-HILL / TESCO,12.741999999999999,123
BP914,COULSDON ROAD / LACEY DRIVE,46.02022,77
BP915,COULSDON COMMON / THE FOX,9.78056,127
BP916,HAWARDEN ROAD,5.820809999999999,125
BP917,THE CROSSWAYS,43.14597,127
BP918,TAUNTON LANE,19.00536,77
BP920,ENFIELD POLICE STATION,67.50628999999999,147
BP921,VISTA DRIVE,18.8001,80
BP922,RUSKIN ROAD,82.08781,73
BP923,RUSKIN ROAD,29.6135,75
BP924,YEATS CLOSE,16.352719999999998,152
BP925,CLOCK TOWER INDUSTRIAL ESTATE,50.5974,74
BP926,SALISBURY HALL SAINSBURY'S,183.72799,272
BP929,TREATY CENTRE,1486.25097,378
BP930,THE BELL,2248.92427,484
BP931,THE BELL,187.68098,640
BP933,BANK STATION  / PRINCES STREET,528.73256,259
BP934,LESLIE GROVE,485.53235,317
BP935,HERON FLIGHT AVENUE,107.47164000000001,81
BP937,HEATH ROAD,29.39807,75
BP938,HEATH ROAD,22.242559999999997,74
BP939,NEW CLOSE,186.41129,177
BP940,VICTORIA PARK,93.91484,175
BP941,POWNALL GARDENS,129.33757,168
BP942,FIVE ARCHES BUSINESS ESTATE,58.79499,139
BP944,MARYLAND STATION,33.91803,76
BP945,SHORE GROVE,0.10936,81
BP946,THE DRIVE,2.3553699999999997,75
BP947,CHURCHFIELDS AVENUE,45.32559,83
BP948,VIOLA AVENUE,29.20518,76
BP950,CRANE VALLEY WALKWAY,14.58048,74
BP953,HARE STREET,534.05815,242
BP956,POWIS STREET,89.91618,242
BP957,UXBRIDGE COLLEGE,81.31017,74
BP958,ENFIELD RETAIL PARK,221.06999,159
BP960,WOOD GREEN SHOPPING CITY,283.74304,467
BP962,AVENUE ROAD,38.29381,96
BP963,LYNTON ROAD,40.45875,80
BP964,NORBITON STATION,141.18338,253
BP965,HACKNEY WICK / TROWBRIDGE ROAD,37.02381,163
BP966,HACKNEY WICK / TROWBRIDGE ROAD,277.64116,160
BP969,ELDON STREET,0.7702199999999997,79
BP971,SOUTH KENTON STATION,72.41157,74
BP972,SOUTH KENTON STATION,166.06847,78
BP973,STRATFORD BUS STATION,7400.85577,269
BP974,STRATFORD BUS STATION,654.00917,182
BP975,STRATFORD BUS STATION,1414.14188,420
BP976,STRATFORD BUS STATION,5376.32719,274
BP978,NEWBURY ROAD / COMPASS CENTRE,4.50215,22
BP982,CROSS WAY,111.49385,159
BP984,MOUNT VERNON HOSPITAL,344.93296,225
BP988,SYON LANE STATION,33.23477,66
BP989,SYON LANE STATION,11.08685,72
BP991,TACHBROOK ROAD,198.67007,82
BP994,HESA ROAD,794.73181,260
BP998,BROOK CRESCENT,188.49025,236
BP999,GARLAND ROAD CLINIC,32.14488,158
C10,MILVERTON ROAD,16.788249999999998,78
C101,BELL ROAD,138.86563,76
C12,IKEA BRENT PARK / PANTHER DRIVE,275.98346,309
C122,NORTHWICK PARK HOSPITAL SOCIAL CLUB,51.39794,315
C13,THIRD WAY,181.40856,231
C17,HOOK PARADE,160.64807,148
C18,LAVENDER RISE / STOCKLEY ROAD,72.36866,77
C2,PENTLAND ROAD,164.79807,164
C25,EALING HOSPITAL,338.00588,154
C3,QUEEN'S PARK STN   / VICTORIA ROAD,271.19653,79
C30,EALING HOSPITAL,333.62775,159
C35,MANOR HOUSE DRIVE,39.64652,78
C4,QUEEN'S PARK STN   / VICTORIA ROAD,78.72289,78
C40,MANOR HOUSE DRIVE,49.76927,78
C5,BROOKSVILLE AVENUE,53.492219999999996,78
C50,CONEY GREEN,134.08448,183
C57,RUISLIP MANOR STATION,101.21159,66
C58,RUISLIP MANOR STATION,25.32902,71
C59,FRANCIS ROAD,11.30875,71
C6,BROOKSVILLE AVENUE,117.4676,79
C60,FRANCIS ROAD,32.93827,70
C61,THE CHASE,18.187269999999998,69
C62,THE CHASE,17.56679,72
C63,ST LAWRENCE'S CHURCH,37.33985,69
C64,HIGH ROAD EASTCOTE,31.83306,65
C65,HIGH ROAD EASTCOTE,44.14584,72
C66,YEOMANS ACRE,3.3128099999999994,66
C67,FORE STREET,66.95932,71
C68,HUME WAY,70.9418,71
C69,HUME WAY,58.84196,66
C7,BRONDESBURY PARK STN  / THE AVENUE,91.37714,78
C74,HANNAH CLOSE,283.86139000000003,157
C75,LAVENDER RISE / STOCKLEY ROAD,96.2977,77
C77,MULBERRY PARADE,70.32567999999999,77
C8,BRONDESBURY PARK STN  / THE AVENUE,68.6137,78
C83,CHESTNUT AVENUE,144.69033,79
C85,BALMORAL COURT,38.36188,89
C86,HANNAH CLOSE,76.30797,156
C88,BRYONY ROAD,63.29797,75
C89,QUEENS PARK RANGERS FOOTBALL STADIUM,103.86861,152
C9,MILVERTON ROAD,29.76727,77
C90,MANDELA CLOSE,118.91107,152
C91,WORMHOLT ROAD,64.95403,74
C93,HILLARY ROAD,0.38627,79
C95,FEATHERSTONE ROAD,9.08485,79
C96,FEATHERSTONE ROAD,159.92799,78
C98,WALTHAM ROAD,208.41065,413
CW1,REDCROFT ROAD,125.43954000000001,79
CW10,PIELD HEATH AVENUE,70.53004,219
CW11,GROSVENOR CRESCENT,66.68165,78
CW12,GROSVENOR CRESCENT,25.81155,79
CW13,HARROW ROAD,181.27549,151
CW14,HARROW ROAD,230.95385,153
CW15,COLYTON CLOSE,116.73234,152
CW16,COLYTON CLOSE,46.7833,151
CW17,ALDENHAM DRIVE,30.86713,77
CW18,ALDENHAM DRIVE,13.92182,77
CW19,UXBRIDGE COLLEGE,28.08251,77
CW2,GOLF LINKS ESTATE,122.72678,79
CW20,WESTWAY,477.01259,400
CW25,HAVEN GRN / EALING BROADWAY STN,0.0,240
CW26,EALING BROADWAY STATION,2117.62303,194
CW27,BRICK LANE,147.69182,80
CW29,BERRYDALE ROAD,43.65933,81
CW3,REDCROFT ROAD,76.31535,78
CW33,PADDINGTON CLOSE,19.31867,81
CW34,HOTSPUR ROAD,57.974450000000004,79
CW35,KNATCHBULL ROAD,93.41275999999999,151
CW36,WINCHELSEA ROAD / HARLESDEN STATION,69.50635,151
CW37,WINCHELSEA ROAD / HARLESDEN STATION,374.1565,152
CW39,ASPEN LANE,47.80089,81
CW4,GOLF LINKS ESTATE,56.34082,78
CW43,FIFTH WAY,24.523529999999997,229
CW44,ATLAS ROAD,16.763109999999998,229
CW45,CAREY WAY,73.55866,228
CW46,STONE CLOSE,34.71929,81
CW47,ROBERTS CLOSE,19.47665,81
CW48,ROBERTS CLOSE,37.16715,78
CW49,STONE CLOSE,35.53613,79
CW5,WIDMORE ROAD,207.16075,76
CW53,GREENFORD POLICE STATION,46.59829,74
CW54,KENSINGTON ROAD / RUISLIP ROAD,52.08797,78
CW55,ELM TREE CLOSE,75.57738,77
CW56,ELM TREE CLOSE,60.79765,79
CW57,KENSINGTON ROAD / RUISLIP ROAD,19.36518,79
CW58,SOUTHALL TOWN HALL,956.07544,331
CW59,GLACIER WAY,0.0,154
CW6,WIDMORE ROAD,69.87559,77
CW60,ALPERTON SAINSBURY'S,204.02056,146
CW61,ALPERTON SAINSBURY'S,1539.31247,250
CW63,ROSEMONT ROAD,25.05414,170
CW64,ROSEMONT ROAD,763.6375,169
CW7,MICAWBER AVENUE,52.308789999999995,224
CW8,PIELD HEATH AVENUE,19.043369999999996,222
CW9,MICAWBER AVENUE,104.14889,216
FC03,ILFORD STATION,1844.0406,470
FC04,HAINAULT STREET,1611.75055,713
FC05,BILLET LANE,388.74641,306
FC08,CROSSHARBOUR STATION,1.3685100000000001,249
FC12,JANSON ROAD,685.44274,200
FC15,PEEL DRIVE,1.2088599999999998,90
FC16,CLAYBURY BROADWAY,2.1984999999999997,87
FC17,MILE END STATION / MILE END ROAD,1993.48076,328
FC18,STRAIT ROAD / EAST HAM MANOR WAY,2.0319999999999996,71
FC19,RENFREW CLOSE,22.66848,71
FC20,CAMPION CLOSE,2.9676499999999995,71
FC21,STRAIT ROAD / STANSFELD ROAD,2.5816499999999993,71
FC22,STRAIT ROAD / STANSFELD ROAD,0.7682199999999998,71
FC23,WILL THORNE PAVILION,26.22221,71
FC24,WILL THORNE PAVILION,56.22258,72
FC25,FULMER ROAD,16.719359999999998,71
FC26,FULMER ROAD,20.050159999999998,72
FC27,NORTH WOOLWICH FERRY,73.74472,176
FC28,CUSTOM HOUSE STATION,179.40426,282
FC29,CUSTOM HOUSE STATION,730.32921,195
FC30,HERON QUAYS,8.669599999999999,82
FC36,JAKE RUSSELL WALK,8.07162,71
FC39,ILFORD STATION,2978.5979,328
FC40,HIGH ROAD ILFORD,1774.48987,702
FC41,HAINAULT STREET,1948.43802,512
FC42,BEAL ROAD,866.57571,524
FC44,ILFORD / CHAPEL ROAD,3821.90497,897
FC45,HAINAULT STREET,2556.12877,418
FC46,ILFORD STATION,50.42419999999999,384
FC52,ST PETER & ST PAUL CHURCH,105.56832,96
FC53,WINSTON WAY PRIMARY SCHOOL,382.30803,427
FC54,RONEO CORNER / TESCO,277.74967,172
FC60,REDBRIDGE CENTRAL LIBRARY,2762.70405,1219
FC63,HALL ROAD,35.13661,75
FC64,SOMERVILLE ROAD,17.73403,76
FC66,LITTLE HEATH,4.533459999999999,138
FC67,HAYWARDS CLOSE,179.67617,131
FC68,GROVE ROAD,326.85290000000003,76
FC69,HAWKRIDGE CLOSE,137.43781,76
FC70,GOODMAYES TESCO,134.26342,97
FC72,KHARTOUM ROAD,16.0629,85
FC73,THE AVENUE,75.21047,235
FC76,HERON QUAYS,69.1719,77
FC80,SOUTH GROVE,233.03725,313
FC85,CHINGFORD MOUNT,679.8488600000001,168
FC86,EAGLE POND,21.26249,63
FC87,EAGLE POND,20.672259999999998,66
FC88,THE FOREST,6.989159999999999,60
FC89,THE FOREST,22.81908,66
FC90,CHURCHILL MEMORIAL,22.60813,171
FC98,ADMIRALS WAY,6.835149999999998,82
FC99,ADMIRALS WAY,159.84694,77
FL001,MATTHIAS ROAD,166.61242000000001,85
FL002,MATTHIAS ROAD,171.11992,83
FL003,BOLEYN ROAD,54.57291,85
FL004,BOLEYN ROAD,137.06415,83
FL005,HOMERTON HOSPITAL / HOMERTON ROW,221.93243,489
FL009,WEST STREET,470.15619,186
FL010,WADHAM ROAD,49.87045,77
FL011,LEYTON GREEN,242.82847,76
FL012,NIGHTINGALE ROAD,128.25511,81
FW1,KINGSGATE ROAD,225.07142,94
FW10,POPLAR COURT,249.42738,157
FW15,BUSHY PARK ROAD,19.90749,36
FW16,BUSHY PARK ROAD,12.447629999999998,42
FW17,SHAEF WAY,8.47448,36
FW18,SHAEF WAY,9.58447,44
FW19,MADDISON CLOSE,4.32355,33
FW21,SOUTH ROAD / FULWELL,227.35577,222
FW25,WHITTON LIBRARY,12.18353,41
FW26,WHITTON LIBRARY,58.894330000000004,46
FW28,TWICKENHAM STADIUM,128.57412,222
FW29,VARSITY DRIVE,0.83062,45
FW30,VARSITY DRIVE,8.4373,47
FW31,BARNES POND,89.87044,306
FW35,SHEEN LANE / MORTLAKE STATION,54.548829999999995,187
FW36,CLIFFORD AVENUE,82.60064,186
FW37,COURTLANDS AVENUE,0.11069,80
FW38,COURTLANDS AVENUE,15.43236,79
FW44,SHEEN LANE / MORTLAKE STATION,72.66899,179
FW45,ROSEMARY LANE,65.53998,179
FW46,CLIFFORD AVENUE,154.36898,179
FW49,STEWART CLOSE,52.38146,81
FW5,ARRAGON ROAD,64.61791,142
FW51,GREEN LANE,53.80539,81
FW52,HANWORTH WAR MEMORIAL,52.92436,83
FW54,MANOR ROAD / SAINSBURY'S,29.84082,80
H371,ISLEWORTH STATION  / RENNELS WAY,81.60773,148
H372,ISLEWORTH STATION  / RENNELS WAY,427.91537,153
HC1,HAIL & RIDE SECTION,0.49631000000000003,62
HC100,HAIL & RIDE KINGSLEY WAY,4.717769999999999,76
HC101,HAIL & RIDE WINNINGTON ROAD,0.0,13
HC102,HAIL & RIDE LYTTLETON ROAD,0.0586799999999999,14
HC103,HAIL & RIDE HILL RISE,0.1163499999999999,14
HC104,HAIL & RIDE HOLYOAKE WALK,2.5242599999999995,14
HC105,HAIL & RIDE CANONS CLOSE,0.0,14
HC107,HAIL & RIDE SECTION,0.05537,70
HC108,HAIL & RIDE SECTION,14.056159999999998,69
HC109,HAIL & RIDE SECTION,1.0449899999999999,71
HC110,HAIL & RIDE MILLBROOK ROAD,38.47644,83
HC111,HAIL & RIDE ANGEL ROAD,0.2429,83
HC112,HAIL & RIDE PLEVNA ROAD,0.2439799999999999,81
HC113,HAIL & RIDE LINCOLN ROAD,25.82168,81
HC114,HAIL & RIDE VILLAGE ROAD,4.02489,47
HC115,HAIL & RIDE PRINCE GEORGE AVENUE,0.05878,50
HC116,HAIL & RIDE CHILTERN DENE,0.05841,50
HC117,HAIL & RIDE TRINITY AVENUE,0.17574,57
HC118,HAIL & RIDE LINCOLN ROAD,0.40794999999999987,57
HC119,HAIL & RIDE SECTION,8.778569999999998,79
HC120,HAIL & RIDE SECTION,26.14387,77
HC121,HAIL & RIDE SECTION,23.08784,73
HC122,HAIL & RIDE SECTION,5.17144,74
HC123,HAIL & RIDE SECTION,27.57659,73
HC124,HAIL & RIDE SECTION,3.1453899999999995,73
HC125,HAIL & RIDE SECTION,3.8870999999999993,78
HC126,HAIL & RIDE SECTION,10.261,78
HC129,HAIL & RIDE SECTION,12.07147,76
HC13,HAIL & RIDE CHELSFIELD ROAD,0.0586,63
HC130,HAIL & RIDE SECTION,15.12734,75
HC131,HAIL & RIDE PARK AVENUE,72.08025,82
HC15,HAIL & RIDE SECTION,3.80244,68
HC154,HAIL & RIDE LONGLANDS ROAD,9.655059999999999,75
HC155,HAIL & RIDE LONGLANDS COURT,4.687209999999999,75
HC156,HAIL & RIDE KING GEORGE'S REC GROUND,4.25496,74
HC157,HAIL & RIDE KING GEORGE'S REC GROUND,1.8157299999999996,76
HC158,HAIL & RIDE LONGLANDS PARK CRESCENT,1.3713199999999999,77
HC159,HAIL & RIDE MAIN ROAD,10.56428,77
HC16,HAIL & RIDE SECTION,1.9291099999999999,68
HC160,HAIL & RIDE SECTION STARTS HERE,43.24515,78
HC161,HAIL & RIDE SECTION,18.41948,77
HC162,HAIL & RIDE SECTION ENDS HERE,3.44416,78
HC163,HAIL & RIDE SECTION STARTS HERE,246.52409,78
HC164,HAIL & RIDE SECTION,89.32378,78
HC165,HAIL & RIDE SECTION ENDS HERE,0.11527,78
HC166,HAIL & RIDE SECTION STARTS HERE,286.12754,81
HC167,HAIL & RIDE SECTION,29.37058,80
HC168,HAIL & RIDE SECTION ENDS HERE,3.7476399999999996,80
HC169,HAIL & RIDE SECTION STARTS HERE,9.446019999999999,81
HC17,HAIL & RIDE SECTION,0.20845999999999998,66
HC170,HAIL & RIDE SECTION,1.26726,80
HC171,HAIL & RIDE SECTION ENDS HERE,0.11510000000000001,80
HC172,HAIL & RIDE SECTION STARTS HERE,78.17475,76
HC173,HAIL & RIDE SECTION,36.81123,73
HC174,HAIL & RIDE SECTION ENDS HERE,0.8807799999999998,74
HC175,HAIL & RIDE SECTION STARTS HERE,96.89998,75
HC176,HAIL & RIDE SECTION,0.27664,76
HC177,HAIL & RIDE SECTION ENDS HERE,0.05477,76
HC178,HAIL & RIDE SECTION STARTS HERE,79.72126,71
HC179,HAIL & RIDE SECTION,6.54325,72
HC18,HAIL & RIDE SECTION,0.68761,68
HC180,HAIL & RIDE SECTION ENDS HERE,7.051949999999999,72
HC181,HAIL & RIDE SECTION STARTS HERE,23.65741,72
HC182,HAIL & RIDE SECTION,0.0,72
HC183,HAIL & RIDE SECTION ENDS HERE,0.0,72
HC184,HAIL & RIDE LINCOLN ROAD,14.210399999999998,82
HC185,HAIL & RIDE CRESCENT ROAD,106.22064,83
HC186,HAIL & RIDE PLEVNA ROAD,109.68056,83
HC187,HAIL & RIDE JEREMY'S GREEN,309.29814,83
HC188,HAIL & RIDE ANGEL ROAD,204.59927,82
HC189,HAIL & RIDE ASDA EDMONTON GREEN,28.590069999999997,81
HC19,HAIL & RIDE SECTION,0.0,69
HC190,HAIL & RIDE SECTION STARTS HERE,65.36729,68
HC191,HAIL & RIDE SECTION,8.572149999999999,70
HC192,HAIL & RIDE SECTION ENDS HERE,39.15087,70
HC195,HAIL & RIDE MILLBROOK ROAD,114.48143,81
HC196,HAIL & RIDE JUNCTION ROAD,50.26824,81
HC197,HAIL & RIDE BUSH HILL PARK,38.69616,81
HC198,HAIL & RIDE RECTORY LANE,75.61637,79
HC199,HAIL & RIDE CULVER GROVE,10.67677,76
HC20,HAIL & RIDE SECTION,6.21451,67
HC200,HAIL & RIDE STREATFIELD ROAD,40.186969999999995,76
HC201,HAIL & RIDE COLIN PARK ROAD,15.06579,78
HC202,HAIL & RIDE COLINDEEP BRIDGE,5.19846,76
HC203,HAIL & RIDE GROVE GARDENS,19.82223,76
HC204,HAIL & RIDE COLINDEEP LANE,12.494359999999999,81
HC205,HAIL & RIDE COLIN PARK ROAD,0.05457,79
HC206,HAIL & RIDE COLINDEEP LANE / THE HYDE,9.35054,78
HC207,HAIL & RIDE CULVER GROVE,47.08508,81
HC208,HAIL & RIDE OLD CHURCH LANE,3.2785699999999998,76
HC209,HAIL & RIDE RECTORY LANE,6.46899,76
HC21,HAIL & RIDE SECTION,2.06989,65
HC214,HAIL & RIDE SECTION STARTS HERE,95.5649,77
HC215,HAIL & RIDE SECTION,33.330349999999996,77
HC216,HAIL & RIDE SECTION ENDS HERE,0.38317999999999997,77
HC217,HAIL & RIDE SECTION STARTS HERE,145.48464,77
HC218,HAIL & RIDE SECTION,30.30164,77
HC219,HAIL & RIDE SECTION ENDS HERE,7.677689999999999,77
HC22,HAIL & RIDE SECTION,0.20867,73
HC220,HAIL & RIDE SECTION STARTS HERE,270.34154,77
HC221,HAIL & RIDE SECTION,9.60172,77
HC222,HAIL & RIDE SECTION ENDS HERE,0.9854499999999998,77
HC223,HAIL & RIDE SECTION STARTS HERE,374.74021,74
HC224,HAIL & RIDE SECTION,2.46333,74
HC225,HAIL & RIDE SECTION ENDS HERE,193.70748,74
HC226,HAIL & RIDE SECTION STARTS HERE,373.05187,74
HC227,HAIL & RIDE SECTION,18.76054,73
HC228,HAIL & RIDE SECTION ENDS HERE,0.0,73
HC229,HAIL & RIDE ELMCROFT AVENUE,0.4626499999999997,82
HC231,HAIL & RIDE LYTTLETON PLAYING FIELDS,0.9243299999999999,76
HC232,HAIL & RIDE NORTHWAY,18.31665,76
HC233,HAIL & RIDE MEADWAY GATE,4.97425,83
HC252,HAIL & RIDE STANHOPE ROAD,14.52473,72
HC253,HAIL & RIDE WOLSELEY ROAD,0.9880099999999998,72
HC254,HAIL & RIDE TIVOLI ROAD,47.78565,72
HC255,HAIL & RIDE WESTON PARK,41.50329,70
HC256,HAIL & RIDE MOUNT VIEW ROAD,44.63418,141
HC257,HAIL & RIDE ENDYMION ROAD,0.9202599999999996,71
HC258,HAIL & RIDE GREEN LANES,0.49148,71
HC259,HAIL & RIDE ENDYMION ROAD,130.62644,68
HC260,HAIL & RIDE STAPLETON HALL ROAD,30.23831,141
HC261,HAIL & RIDE HORNSEY LIBRARY,13.073659999999999,70
HC262,HAIL & RIDE WOLSELEY ROAD,138.67736,70
HC263,HAIL & RIDE STANHOPE ROAD,62.20462,69
HC264,HAIL & RIDE MAYBURY MEWS,0.4906599999999997,69
HC265,HAIL & RIDE YORK HILL,20.27022,70
HC266,HAIL & RIDE CANTERBURY GROVE,14.18633,70
HC267,HAIL & RIDE CANTERBURY GROVE,12.411249999999999,71
HC268,HAIL & RIDE YORK HILL,0.1651399999999999,69
HC269,HAIL & RIDE SECTION,2.5389299999999992,128
HC270,HAIL & RIDE OXHAWTH CRESCENT,4.69511,62
HC271,HAIL & RIDE FARINGDON AVE / CHESHAM AVE,9.62505,127
HC272,HAIL & RIDE FARINGDON AVE / BIRCH ROW,29.57651,128
HC273,HAIL & RIDE SECTION,8.30781,80
HC274,HAIL & RIDE SECTION,0.68825,80
HC275,HAIL & RIDE FARINGDON AVENUE / LARCH WAY,18.46851,132
HC276,HAIL & RIDE ALMOND WAY,35.076589999999996,132
HC277,HAIL & RIDE WHITEBEAM AVE / LARCH WAY,16.55212,135
HC278,HAIL & RIDE OXHAWTH CRESCENT,4.046409999999999,70
HC279,HAIL & RIDE HEATON AVENUE,73.78572,68
HC280,HAIL & RIDE GRANGE ROAD,29.78354,67
HC281,HAIL & RIDE GRANGE ROAD,13.9926,69
HC282,HAIL & RIDE HILLDENE PRIMARY SCHOOL,6.89857,68
HC283,HAIL & RIDE HILLDENE PRIMARY SCHOOL,0.16375,69
HC284,HAIL & RIDE PARKLAND AVENUE,11.0076,65
HC285,HAIL & RIDE PARKLAND AVENUE,19.81164,68
HC286,HAIL & RIDE PETTITS LANE,5.642029999999999,66
HC287,HAIL & RIDE HAVERING DRIVE,15.15641,68
HC288,HAIL & RIDE PETTITS LANE,0.60704,69
HC289,HAIL & RIDE BEECHFIELD GARDENS,9.28453,65
HC290,HAIL & RIDE BERNARD ROAD,4.241499999999999,64
HC291,HAIL & RIDE JUTSUMS LANE,7.26328,64
HC292,HAIL & RIDE SEABROOK GARDENS,48.79813,67
HC293,HAIL & RIDE WARLEY AVENUE,5.73314,68
HC294,HAIL & RIDE RUSHOLME AVENUE,0.6055599999999999,67
HC295,HAIL & RIDE FRIZLANDS LANE,53.576640000000005,67
HC296,HAIL & RIDE BULL LANE,0.16629,68
HC3,HAIL & RIDE SECTION,0.3857599999999998,57
HC304,HAIL & RIDE WHITINGS HILL PRIMARY SCHOOL,8.71101,67
HC305,HAIL & RIDE WHITINGS HILL PRIMARY SCHOOL,2.43932,67
HC306,HAIL & RIDE WHITINGS ROAD,92.40936,67
HC307,HAIL & RIDE WHITINGS ROAD,9.87418,67
HC308,HAIL & RIDE TRINDER ROAD,32.47912,67
HC309,HAIL & RIDE TRINDER ROAD,54.92893,67
HC310,HAIL & RIDE THE AVENUE,0.3912499999999999,73
HC311,HAIL & RIDE BARNET HOSPITAL A&E DEPT,27.92896,65
HC312,HAIL & RIDE GARTHLAND DRIVE,1.9584799999999998,67
HC313,HAIL & RIDE THE AVENUE,0.15667999999999999,66
HC314,HAIL & RIDE VICTORIA ROAD,1.8011,69
HC315,HAIL & RIDE ALSTON ROAD,14.62799,64
HC316,HAIL & RIDE PARK ROAD,16.31535,71
HC317,HAIL & RIDE AITKEN ROAD,35.55583,70
HC318,HAIL & RIDE EDGEWORTH ROAD,1.17439,73
HC319,HAIL & RIDE GARTHLAND DRIVE,3.3787599999999998,71
HC326,HAIL & RIDE VICTORIA RECREATION GROUND,1.0247099999999998,69
HC328,HAIL & RIDE BARING ROAD,4.24829,135
HC330,HAIL & RIDE LAWTON ROAD,23.34203,134
HC332,HAIL & RIDE WESTBROOK CRESCENT,78.21043,137
HC333,HAIL & RIDE VICTORIA ROAD,15.37604,67
HC335,HAIL & RIDE BARING ROAD,42.4191,137
HC340,HAIL & RIDE NORRYS ROAD,1.02328,74
HC342,HAIL & RIDE PARK ROAD,0.5470799999999999,66
HC343,HAIL & RIDE BEVAN ROAD,46.40149,64
HC344,HAIL & RIDE MOUNT PLEASANT,29.08497,74
HC345,HAIL & RIDE HERTFORD ROAD,95.9958,137
HC347,HAIL & RIDE MOUNT PLEASANT,26.77536,67
HC348,HAIL & RIDE WESTCOMBE DRIVE,0.0,10
HC349,HAIL & RIDE WESTCOMBE DRIVE,0.0,8
HC35,HAIL & RIDE SECTION,2.3030099999999996,75
HC350,HAIL & RIDE FAIRFIELD WAY,0.8561599999999998,10
HC351,HAIL & RIDE FAIRFIELD WAY,0.45233999999999985,9
HC352,HAIL & RIDE SHERRARDS WAY,3.79344,10
HC353,HAIL & RIDE THE LINKWAY,5.24019,10
HC354,HAIL & RIDE WESTERN WAY,0.3404899999999998,21
HC355,HAIL & RIDE THE LINKWAY,0.9265199999999997,11
HC356,HAIL & RIDE GRASVENOR AVE INFANTS SCHOOL,1.5363399999999996,11
HC357,HAIL & RIDE BARNET PLAYING FIELDS,1.9461099999999998,10
HC359,HAIL & RIDE CONVENT CLOSE,0.0,8
HC360,HAIL & RIDE CONVENT CLOSE,0.0,9
HC361,HAIL & RIDE MONKEN HADLEY CHURCH,0.0,8
HC362,HAIL & RIDE MONKEN HADLEY CHURCH,0.7085199999999999,9
HC363,HAIL & RIDE MONKEN HADLEY C OF E SCHOOL,0.0,8
HC364,HAIL & RIDE MONKEN HADLEY C OF E SCHOOL,0.1771399999999998,9
HC366,HAIL & RIDE PAGITTS GROVE,1.2983,9
HC367,HAIL & RIDE BROADGATES AVENUE,0.53132,8
HC368,HAIL & RIDE BROADGATES AVENUE,0.17771,9
HC369,HAIL & RIDE PARKGATE AVENUE,0.11771999999999999,8
HC37,HAIL & RIDE SECTION,5.9049,74
HC370,HAIL & RIDE NEWMANS WAY,1.2218299999999997,13
HC371,HAIL & RIDE GREENBROOK AVENUE,0.6142499999999997,13
HC372,HAIL & RIDE WOOD RIDE,1.0277899999999998,13
HC373,HAIL & RIDE HADLEY WOOD GOLF CLUB,0.05942,13
HC374,HAIL & RIDE BEECH HILL,0.1180799999999998,14
HC375,HAIL & RIDE DUCHY ROAD,2.36701,11
HC376,HAIL & RIDE CRESCENT WEST,0.7702399999999999,8
HC386,HAIL & RIDE BUSH HILL PARK,97.28555,82
HC387,HAIL & RIDE ROMAN WAY,59.50535,81
HC388,HAIL & RIDE ROMAN WAY,120.9662,82
HC389,HAIL & RIDE MAIN AVENUE,91.1687,81
HC39,HAIL & RIDE SECTION,0.1089399999999999,74
HC390,HAIL & RIDE MAIN AVENUE,20.18547,82
HC391,HAIL & RIDE JOHN JACKSON LIBRARY,15.08179,81
HC392,HAIL & RIDE ST MARK'S ROAD,53.71152,81
HC393,HAIL & RIDE ST MARK'S ROAD,50.93764,82
HC394,HAIL & RIDE BUSH HILL PARK STATION,66.15203,81
HC395,HAIL & RIDE BUSH HILL PARK STATION,101.15901,138
HC396,HAIL & RIDE FIRST AVENUE,62.202,137
HC397,HAIL & RIDE THE RAGLAN SCHOOLS,68.6721,82
HC398,HAIL & RIDE PARK AVENUE,68.74788,139
HC399,HAIL & RIDE WELLINGTON ROAD,16.557,82
HC4,HAIL & RIDE SECTION,0.0,62
HC400,HAIL & RIDE THE RAGLAN SCHOOLS,18.25054,82
HC401,HAIL & RIDE BURY LODGE GARDENS,36.19137,81
HC402,HAIL & RIDE WELLINGTON ROAD,74.39308,82
HC403,HAIL & RIDE GREAT CAMBRIDGE ROAD,63.40272,81
HC404,HAIL & RIDE BURY LODGE GARDENS,40.95267,82
HC405,HAIL & RIDE EDMONTON GRN SHOPPING CENTRE,24.19711,81
HC406,HAIL & RIDE GREAT CAMBRIDGE ROAD,136.59136,82
HC407,HAIL & RIDE NELSON ROAD,38.42715,81
HC408,HAIL & RIDE BURY STREET,130.82741000000001,82
HC409,HAIL & RIDE TOWN ROAD,225.07907,81
HC41,HAIL & RIDE SECTION,19.37293,73
HC410,HAIL & RIDE ASDA EDMONTON GREEN,89.84711,83
HC411,HAIL & RIDE MONTAGU ROAD,92.14993,81
HC412,HAIL & RIDE EDMONTON GRN SHOPPING CENTRE,56.30688,84
HC413,HAIL & RIDE EDMONTON CEMETERY,51.16288,82
HC414,HAIL & RIDE TOWN ROAD,144.16654,84
HC415,HAIL & RIDE JEREMY'S GREEN,151.67328,82
HC416,HAIL & RIDE GRANVILLE AVENUE,225.9707,84
HC417,HAIL & RIDE MONTAGU ROAD,137.05359,84
HC418,HAIL & RIDE EDMONTON CEMETERY,71.28741,84
HC419,HAIL & RIDE CHELSFIELD ROAD,50.38545,62
HC420,HAIL & RIDE NORTHFIELD AVENUE,9.62805,63
HC421,HAIL & RIDE MUNGO PARK WAY,5.419639999999999,63
HC422,HAIL & RIDE WALDENHURST ROAD,5.419149999999999,66
HC423,HAIL & RIDE SOMERDEN ROAD,0.5261199999999999,67
HC424,HAIL & RIDE TUBBENDEN DRIVE,2.78637,65
HC425,HAIL & RIDE BORKWOOD WAY,20.25552,66
HC426,HAIL & RIDE BORKWOOD WAY,6.61858,65
HC427,HAIL & RIDE NORTHLANDS AVENUE,21.27457,66
HC428,HAIL & RIDE NORTHLANDS AVENUE,7.709309999999999,65
HC429,HAIL & RIDE OAKLEIGH GARDENS,2.9690999999999996,64
HC430,HAIL & RIDE OAKLEIGH GARDENS,2.20044,66
HC431,HAIL & RIDE SOUTHLANDS AVENUE,18.47807,63
HC432,HAIL & RIDE HAYWOOD RISE,6.213889999999999,66
HC433,HAIL & RIDE DOWNSWAY,9.77419,63
HC434,HAIL & RIDE SOUTHLANDS AVENUE,5.3543899999999995,66
HC435,HAIL & RIDE BEECHCROFT ROAD,13.72609,63
HC436,HAIL & RIDE BEECHCROFT ROAD,1.3365799999999997,65
HC437,HAIL & RIDE EAST FINCHLEY / HILL TOP,0.8662699999999998,27
HC438,HAIL & RIDE BOSTALL ROAD,0.05867,71
HC439,HAIL & RIDE WISLEY ROAD,0.40712000000000004,71
HC440,HAIL & RIDE PYRMONT GROVE,20.946089999999998,70
HC441,HAIL & RIDE CHURCH HILL WOOD,7.333669999999999,64
HC442,HAIL & RIDE CHURCH HILL WOOD,17.391769999999998,70
HC443,HAIL & RIDE SHERBORNE ROAD,4.048729999999999,64
HC444,HAIL & RIDE SHERBORNE ROAD,5.321339999999999,70
HC445,HAIL & RIDE SEFTON ROAD,7.4898299999999995,64
HC446,HAIL & RIDE SEFTON ROAD,8.998009999999999,70
HC447,HAIL & RIDE SEFTON CLOSE,6.24832,64
HC448,HAIL & RIDE SEFTON CLOSE,5.1408499999999995,70
HC449,HAIL & RIDE DORNEY RISE,32.01976,65
HC450,HAIL & RIDE DORNEY RISE,13.926919999999999,68
HC451,HAIL & RIDE AMHERST DRIVE,3.5374099999999995,66
HC452,HAIL & RIDE CANBURY PATH,18.403119999999998,68
HC453,HAIL & RIDE AMHERST CLOSE,9.582669999999998,67
HC454,HAIL & RIDE AMHERST CLOSE,3.2674,68
HC455,HAIL & RIDE SIDMOUTH ROAD,16.4984,69
HC456,HAIL & RIDE SIDMOUTH ROAD,18.65085,67
HC457,HAIL & RIDE AUSTIN ROAD,7.71932,69
HC458,HAIL & RIDE CRAY VALLEY ROAD,9.74765,66
HC459,HAIL & RIDE AUSTIN ROAD,4.64535,66
HC46,HAIL & RIDE WHITETHORN AVENUE,13.650519999999998,71
HC47,HAIL & RIDE WOODMANSTERNE ROAD,2.75949,151
HC476,HAIL & RIDE ALFORD HOUSE,28.6086,72
HC477,HAIL & RIDE SHEPHERD'S HILL,23.52711,69
HC478,HAIL & RIDE SHEPHERD'S HILL,57.44367,71
HC479,HAIL & RIDE COOLHURST ROAD,77.20962,69
HC48,HAIL & RIDE GROVE LANE,0.11043,73
HC480,HAIL & RIDE COOLHURST ROAD,3.44927,72
HC481,HAIL & RIDE BOURNE ROAD,22.652089999999998,70
HC482,HAIL & RIDE MAYFIELD ROAD,44.77709,70
HC483,HAIL & RIDE WESTON PARK,37.96721,70
HC484,HAIL & RIDE WESTON PARK PRIMARY SCHOOL,9.540069999999998,70
HC485,HAIL & RIDE WESTON PARK PRIMARY SCHOOL,86.42831,70
HC486,HAIL & RIDE STATIONERS PARK,15.547989999999999,71
HC487,HAIL & RIDE UPLANDS ROAD,49.30676,70
HC488,HAIL & RIDE OAKFIELD ROAD,16.96394,71
HC489,HAIL & RIDE RIDGE ROAD,34.24605,70
HC490,HAIL & RIDE FINSBURY PARK / HORNSEY GATE,0.30589999999999984,71
HC491,HAIL & RIDE OAKFIELD ROAD,42.39298,69
HC492,HAIL & RIDE FINSBURY PARK / HORNSEY GATE,21.20122,69
HC493,HAIL & RIDE FINSBURY PARK / ENDYMION GT,6.3176299999999985,68
HC494,HAIL & RIDE PRATTS BOTTOM / ORCHARD ROAD,0.3807499999999999,11
HC495,HAIL & RIDE PRATTS BOTTOM / THE GREEN,1.1088900000000002,12
HC496,HAIL & RIDE PRATTS BOTTOM / THE GREEN,0.0,11
HC497,HAIL & RIDE PRATTS BOTTOM PRIMARY SCHOOL,0.9819599999999998,11
HC498,HAIL & RIDE PRATTS BOTTOM PRIMARY SCHOOL,0.16525,13
HC499,HAIL & RIDE HILLSIDE FARM,1.41997,10
HC5,HAIL & RIDE SECTION,141.92874,127
HC500,HAIL & RIDE HILLSIDE FARM,0.0,13
HC501,HAIL & RIDE COOLINGS GARDEN CENTRE,0.2459499999999999,11
HC502,HAIL & RIDE COOLINGS GARDEN CENTRE,0.2778899999999999,14
HC503,HAIL & RIDE DEERLEAP LANE,0.0,11
HC504,HAIL & RIDE DEERLEAP LANE,0.0,16
HC506,HAIL & RIDE BOWENS YARD,0.0,16
HC507,HAIL & RIDE BOWENS YARD,1.1002199999999998,12
HC508,HAIL & RIDE HALSTEAD LANE,0.06035,28
HC509,HAIL & RIDE HALSTEAD LANE,0.06035,29
HC51,HAIL & RIDE SECTION,0.3481699999999999,75
HC510,HAIL & RIDE HALSTEAD / SHOREHAM LANE,1.5611099999999998,28
HC511,HAIL & RIDE HALSTEAD / CLARKS LANE,0.3504499999999999,28
HC512,HAIL & RIDE COOLINGS GREEN & PLEASANT,0.0,13
HC513,HAIL & RIDE COOLINGS GREEN & PLEASANT,0.0,17
HC514,HAIL & RIDE BLUEBERRY LANE,0.0,13
HC515,HAIL & RIDE BLUEBERRY LANE,0.0609799999999999,17
HC516,HAIL & RIDE KNOCKHOLT WAR MEMORIAL,0.0,13
HC517,HAIL & RIDE KNOCKHOLT WAR MEMORIAL,0.06035,17
HC518,HAIL & RIDE KNOCKHOLT / BRASTED LANE,0.3297399999999999,13
HC519,HAIL & RIDE KNOCKHOLT / BRASTED LANE,0.0,17
HC52,HAIL & RIDE SECTION,18.97202,73
HC520,HAIL & RIDE KNOCKHOLT / STONEINGS LANE,0.0,15
HC521,HAIL & RIDE KNOCKHOLT MAIN ROAD,0.06187,15
HC522,HAIL & RIDE MAIN ROAD / SCOTTS LODGE,0.21989,16
HC523,HAIL & RIDE KNOCKHOLT / STONEINGS LANE,0.0,15
HC524,HAIL & RIDE HORNS GREEN,0.11147,16
HC525,HAIL & RIDE MAIN ROAD / BURLINGS LANE,0.0,15
HC526,HAIL & RIDE CUDHAM LANE SOUTH,0.11069999999999999,16
HC527,HAIL & RIDE MAIN ROAD / SCOTTS LODGE,0.0,15
HC528,HAIL & RIDE CUDHAM / CACKETS LANE,1.8649,16
HC529,HAIL & RIDE HORNS GREEN / GLENFIELD FARM,0.0,15
HC53,HAIL & RIDE LULLINGSTONE CRESCENT,0.22962,71
HC530,HAIL & RIDE CUDHAM RECREATION GROUND,0.8809399999999996,17
HC531,HAIL & RIDE HORNS GREEN,0.12344,15
HC532,HAIL & RIDE CUDHAM / CHURCH APPROACH,0.2773,18
HC533,HAIL & RIDE CUDHAM LANE SOUTH,0.06035,14
HC534,HAIL & RIDE CUDHAM / MACE LANE,0.21766,18
HC535,HAIL & RIDE CUDHAM PARISH HALL,0.18333,14
HC536,HAIL & RIDE CUDHAM SHAWS CAMPSITE,0.2161299999999999,18
HC537,HAIL & RIDE LORD DARBY MEWS,0.9138499999999998,13
HC538,HAIL & RIDE HAZELWOOD,1.2147,19
HC539,HAIL & RIDE CUDHAM RECREATION GROUND,0.24291000000000001,13
HC540,HAIL & RIDE HAZELWOOD / SNAG LANE,0.16705,19
HC541,HAIL & RIDE CUDHAM / CHURCH APPROACH,0.12146,13
HC542,HAIL & RIDE CUDHAM PARK ROAD,0.3304499999999998,19
HC543,HAIL & RIDE CUDHAM SHAWS CAMPSITE,0.0,12
HC544,HAIL & RIDE CUDHAM LANE REC GROUND,0.2225,20
HC545,HAIL & RIDE HAZELWOOD,0.0,11
HC546,HAIL & RIDE OLD HILL PLAYGROUND,0.0540299999999999,20
HC547,HAIL & RIDE HAZELWOOD / SNAG LANE,0.18392999999999998,11
HC548,HAIL & RIDE CUDHAM PARK ROAD,0.0,9
HC549,HAIL & RIDE CUDHAM LANE NORTH,0.0,8
HC550,HAIL & RIDE OLD HILL PLAYGROUND,0.18269,8
HC551,HAIL & RIDE BEDFORD ROAD,12.43803,75
HC552,HAIL & RIDE BEDFORD ROAD,6.72218,77
HC553,HAIL & RIDE LONGLANDS PARK CRESCENT,8.574,75
HC554,HAIL & RIDE LONGLANDS ROAD,7.429319999999999,77
HC555,HAIL & RIDE LINCOLN ROAD,20.7859,48
HC557,HAIL & RIDE SUFFOLK ROAD,30.28024,49
HC558,HAIL & RIDE GT CAMBRIDGE INDUSTRIAL EST,10.1203,57
HC559,HAIL & RIDE GT CAMBRIDGE INDUSTRIAL EST,12.622119999999999,51
HC560,HAIL & RIDE LUMINA WAY,10.88771,57
HC561,HAIL & RIDE LUMINA WAY,12.19008,52
HC562,HAIL & RIDE LADBROKE ROAD,7.5154,57
HC563,HAIL & RIDE TRINITY AVENUE,0.23296,55
HC564,HAIL & RIDE FIRST AVENUE,16.73295,55
HC565,HAIL & RIDE MELBOURNE WAY,25.163230000000002,55
HC566,HAIL & RIDE PARK AVENUE,1.28379,58
HC567,HAIL & RIDE BUSH HILL PARK STATION,0.0,56
HC568,HAIL & RIDE QUEEN ANNE'S PLACE,2.55935,57
HC569,HAIL & RIDE WELLINGTON ROAD,11.58323,58
HC57,HAIL & RIDE SECTION,0.9958599999999996,62
HC570,HAIL & RIDE WELLINGTON ROAD,3.30835,57
HC571,HAIL & RIDE ATHOLE GARDENS,5.601679999999999,57
HC572,HAIL & RIDE ROWLEY COURT,1.34042,57
HC573,HAIL & RIDE AUSTIN COURT,16.829169999999998,57
HC574,HAIL & RIDE AUSTIN COURT,0.58389,57
HC575,HAIL & RIDE WADE HOUSE,8.488819999999999,51
HC576,HAIL & RIDE VILLAGE ROAD,4.59579,56
HC577,HAIL & RIDE LONSDALE DRIVE,0.75642,57
HC578,HAIL & RIDE TARNBANK,16.93303,51
HC579,HAIL & RIDE CLIFTON GARDENS,18.0434,55
HC580,HAIL & RIDE LONSDALE DRIVE,7.308789999999999,51
HC581,HAIL & RIDE LOWER KENWOOD AVENUE,4.25357,50
HC582,HAIL & RIDE LOWER KENWOOD AVENUE,15.95225,53
HC583,HAIL & RIDE KENWOOD AVENUE,3.8451699999999995,49
HC584,HAIL & RIDE KENWOOD AVENUE,13.37374,55
HC585,HAIL & RIDE ST THOMAS'S CHURCH,0.6937499999999996,50
HC586,HAIL & RIDE ST THOMAS'S CHURCH,1.0522299999999998,60
HC587,HAIL & RIDE PRINCE GEORGE AVENUE,5.141719999999999,60
HC588,HAIL & RIDE OLD CHURCH LANE,0.87669,79
HC589,HAIL & RIDE STANMORE COLLEGE,59.12018,76
HC59,HAIL & RIDE SECTION,0.1117599999999999,67
HC590,HAIL & RIDE STANMORE COLLEGE,133.35393,79
HC591,HAIL & RIDE WOLVERTON ROAD,44.85218,76
HC592,HAIL & RIDE WOLVERTON ROAD,15.002809999999998,80
HC593,HAIL & RIDE STANMORE BAPTIST CHURCH,8.65648,76
HC594,HAIL & RIDE STANMORE BAPTIST CHURCH,17.608449999999998,79
HC595,HAIL & RIDE STANBURN PRIMARY SCHOOL,19.31399,78
HC596,HAIL & RIDE STANBURN PRIMARY SCHOOL,0.6025499999999998,79
HC597,HAIL & RIDE WEMBOROUGH ROAD,16.766859999999998,78
HC598,HAIL & RIDE WEMBOROUGH ROAD,57.898,79
HC599,HAIL & RIDE ST ANDREWS DRIVE,4.88826,78
HC6,HAIL & RIDE SECTION,9.53407,64
HC60,HAIL & RIDE SECTION,0.4418399999999998,68
HC600,HAIL & RIDE ST ANDREWS DRIVE,11.95368,75
HC601,HAIL & RIDE CROWSHOTT AVENUE,16.08766,79
HC602,HAIL & RIDE CROWSHOTT AVENUE,90.30683,75
HC603,HAIL & RIDE COURT WAY,25.52187,79
HC604,HAIL & RIDE COURT WAY,57.93458,76
HC605,HAIL & RIDE CLOVELLY AVENUE,32.18929,79
HC606,HAIL & RIDE CLOVELLY AVENUE,39.4934,76
HC607,HAIL & RIDE RUSHGROVE PARK,18.37489,81
HC608,HAIL & RIDE RUSHGROVE PARK,50.15348,75
HC609,HAIL & RIDE COLINDEEP BRIDGE,4.3336,81
HC61,HAIL & RIDE SECTION,0.5538499999999997,60
HC611,HAIL & RIDE NORTH END LANE / SHIRE LANE,0.0,27
HC612,HAIL & RIDE NORTH END LANE / SHIRE LANE,0.0,26
HC613,HAIL & RIDE BOGEY LANE,0.3484999999999999,25
HC614,HAIL & RIDE BOGEY LANE,0.2342899999999999,26
HC615,HAIL & RIDE ORANGE COURT LANE,1.9838599999999997,23
HC616,HAIL & RIDE ORANGE COURT LANE,0.11599,25
HC618,HAIL & RIDE NORTH END LANE / MILL LANE,0.17432,25
HC62,HAIL & RIDE SECTION,2.4366299999999996,64
HC620,HAIL & RIDE DOWNE ORCHARD,0.11678,25
HC621,HAIL & RIDE LUXTED VILLAGE,0.58197,26
HC622,HAIL & RIDE DOWNE / LUXTED ROAD,0.05825,27
HC623,HAIL & RIDE SINGLE STREET VILLAGE,4.714029999999999,24
HC624,HAIL & RIDE DOWNE COURT FARM,0.0,26
HC626,HAIL & RIDE LUXTED VILLAGE,0.05806,25
HC627,HAIL & RIDE JAIL LANE / SINGLE STREET,4.69133,26
HC628,HAIL & RIDE SINGLE STREET VILLAGE,0.0,26
HC629,HAIL & RIDE CUDHAM C OF E PRIMARY SCHOOL,0.5242099999999998,26
HC63,HAIL & RIDE SECTION,3.9307599999999994,69
HC630,HAIL & RIDE OLD TYE AVENUE,2.4526399999999997,26
HC632,HAIL & RIDE ROMFORD CEMETERY,3.78437,65
HC633,HAIL & RIDE CROW LANE,38.82098,65
HC639,HAIL & RIDE HOOP LANE / FINCHLEY ROAD,9.41001,83
HC64,HAIL & RIDE SECTION,1.3881799999999997,69
HC640,HAIL & RIDE GOLDERS GREEN CREMATORIUM,2.83662,83
HC641,HAIL & RIDE GOLDERS GREEN CREMATORIUM,0.8086399999999996,83
HC642,HAIL & RIDE HOOP LANE CEMETERY,4.688979999999999,83
HC643,HAIL & RIDE HOOP LANE CEMETERY,2.0258499999999993,83
HC644,HAIL & RIDE LINNELL DRIVE,2.71687,8
HC645,HAIL & RIDE MEADWAY GATE,3.636289999999999,84
HC646,HAIL & RIDE HAMPSTEAD HEATH EXTENSION,0.5813699999999999,8
HC647,HAIL & RIDE HAMPSTEAD WAY,0.0,9
HC648,HAIL & RIDE CORRINGHAM ROAD,0.1755299999999999,8
HC649,HAIL & RIDE HAMPSTEAD HEATH EXTENSION,0.2905499999999997,9
HC65,HAIL & RIDE SECTION,2.6604799999999997,65
HC650,HAIL & RIDE HEATHCROFT,1.2227499999999998,14
HC651,HAIL & RIDE REYNOLDS CLOSE,1.6359299999999999,10
HC652,HAIL & RIDE WELLGARTH ROAD,0.1168499999999999,14
HC653,HAIL & RIDE WELLGARTH ROAD,0.0,10
HC654,HAIL & RIDE MORLAND CLOSE,0.0,14
HC655,HAIL & RIDE ROMNEY CLOSE,0.0,10
HC656,HAIL & RIDE HAMPSTEAD WAY,0.0,14
HC657,HAIL & RIDE WILDWOOD ROAD,0.0,10
HC658,HAIL & RIDE WILDWOOD RISE,0.0,14
HC659,HAIL & RIDE WILDWOOD RISE,0.69807,11
HC66,HAIL & RIDE SECTION,3.059659999999999,70
HC660,HAIL & RIDE TURNERS WOOD,0.05799,14
HC661,HAIL & RIDE TURNERS WOOD,0.0,11
HC662,HAIL & RIDE WILDWOOD ROAD,0.23087,14
HC663,HAIL & RIDE INGRAM AVENUE,0.05846,11
HC664,HAIL & RIDE INGRAM AVENUE,0.17581,14
HC665,HAIL & RIDE SPANIARDS CLOSE,0.1744099999999999,13
HC666,HAIL & RIDE SPANIARDS CLOSE,0.1749099999999998,14
HC667,HAIL & RIDE THE BISHOPS AVENUE,0.1163599999999999,13
HC668,HAIL & RIDE WINNINGTON ROAD,0.1168599999999998,14
HC669,HAIL & RIDE CANONS CLOSE,0.1736199999999998,14
HC67,HAIL & RIDE SECTION,0.2206599999999999,72
HC670,HAIL & RIDE ARDEN COURT GARDENS,0.05799,13
HC671,HAIL & RIDE BYRON DRIVE,0.34918999999999967,14
HC672,HAIL & RIDE WHITE LODGE CLOSE,0.17398,13
HC673,HAIL & RIDE OSSULTON WAY,0.34866999999999987,11
HC674,HAIL & RIDE BISHOPS GROVE,0.05846,13
HC675,HAIL & RIDE LUDLOW WAY,0.0,13
HC676,HAIL & RIDE THE BISHOPS AVENUE,0.23221,12
HC677,HAIL & RIDE BRIM HILL,0.2325199999999999,13
HC678,HAIL & RIDE BRIM HILL,0.0,14
HC679,HAIL & RIDE BROOKLAND HILL,0.0,13
HC68,HAIL & RIDE SECTION,0.0,69
HC680,HAIL & RIDE MAURICE WALK,0.28631,14
HC681,HAIL & RIDE BROOKLAND RISE,0.0,13
HC682,HAIL & RIDE HAMPSTEAD WAY,0.6954999999999999,75
HC683,HAIL & RIDE HEATHGATE,4.6300099999999995,75
HC684,HAIL & RIDE MEADWAY,10.692809999999998,75
HC685,HAIL & RIDE HAMPSTEAD HEATH EXTENSION,14.45693,75
HC686,HAIL & RIDE WILDWOOD ROAD,30.884,75
HC687,HAIL & RIDE NEVILLE DRIVE,11.23199,75
HC688,HAIL & RIDE SPENCER DRIVE,16.50755,75
HC689,HAIL & RIDE HOLNE CHASE,29.565739999999998,75
HC69,HAIL & RIDE SECTION,0.11681,50
HC690,HAIL & RIDE CHALTON DRIVE,37.84152,75
HC691,HAIL & RIDE NORRICE LEA,16.68497,75
HC692,HAIL & RIDE LINDEN LEA,22.24999,76
HC693,HAIL & RIDE THORNTON WAY,15.99668,76
HC694,HAIL & RIDE HENRIETTA BARNETT SCHOOL,50.05416,76
HC695,HAIL & RIDE CENTRAL SQUARE,63.39703,76
HC696,HAIL & RIDE NORTH SQUARE,7.2556899999999995,76
HC697,HAIL & RIDE ERSKINE HILL,12.57927,76
HC698,HAIL & RIDE ASMUNS HILL,44.35624,76
HC699,HAIL & RIDE THE ORCHARD,2.94974,76
HC70,HAIL & RIDE SECTION,0.3493099999999999,37
HC700,HAIL & RIDE TEMPLE FORTUNE HILL,27.453129999999998,76
HC701,HAIL & RIDE WILLIFIELD WAY,27.42219,76
HC702,HAIL & RIDE HAMPSTEAD WAY,42.66953,76
HC703,HAIL & RIDE WOODMANSTERNE ROAD,9.80261,142
HC704,HAIL & RIDE ST ANDREW'S ROAD,2.2563599999999995,70
HC705,HAIL & RIDE RICHMOND ROAD,2.0307199999999996,70
HC706,HAIL & RIDE WOODMANSTERNE STATION,31.469179999999998,70
HC707,HAIL & RIDE SANDOWN ROAD,15.123709999999999,70
HC708,HAIL & RIDE WINIFRED ROAD,6.45144,70
HC709,HAIL & RIDE ALEXANDER ROAD,6.23332,70
HC71,HAIL & RIDE SECTION,0.9941899999999999,51
HC710,HAIL & RIDE BEECHWOOD AVENUE,4.7933699999999995,70
HC711,HAIL & RIDE LLOYD AVENUE,16.20459,71
HC712,HAIL & RIDE GROVE LANE,10.280069999999998,73
HC713,HAIL & RIDE LYNWOOD AVENUE,9.96031,73
HC714,HAIL & RIDE CLIFTON ROAD,8.433919999999999,73
HC718,HAIL & RIDE CLIFTON ROAD,1.2105299999999999,73
HC719,HAIL & RIDE LYNWOOD AVENUE,0.7731199999999999,73
HC72,HAIL & RIDE SECTION,5.07998,48
HC720,HAIL & RIDE BEECHWOOD AVENUE,4.018199999999999,73
HC721,HAIL & RIDE LLOYD AVENUE,12.937109999999999,74
HC722,HAIL & RIDE WHITETHORN AVENUE,10.676279999999998,74
HC723,HAIL & RIDE WITHETHORN AVE METHODIST CH,7.707089999999999,74
HC724,HAIL & RIDE ALEXANDER ROAD,3.4632599999999996,74
HC725,HAIL & RIDE WINIFRED ROAD,6.546619999999999,75
HC726,HAIL & RIDE ST ANDREWS ROAD,3.57205,75
HC727,HAIL & RIDE WOODMANSTERNE STATION,12.65176,75
HC728,HAIL & RIDE RICHMOND ROAD,8.19562,74
HC729,HAIL & RIDE ST ANDREW'S PARISH CHURCH,242.22769,146
HC73,HAIL & RIDE SECTION,1.4641699999999997,51
HC730,HAIL & RIDE BRAMPTON ROAD,87.48392,147
HC731,HAIL & RIDE BOSTALL HEATH,4.854869999999999,65
HC732,HAIL & RIDE LONGLEIGH LANE,14.193379999999998,133
HC733,HAIL & RIDE GOLDIE LEIGH,96.45326,134
HC734,HAIL & RIDE PLUMSTEAD CEMETERY,23.17459,136
HC735,HAIL & RIDE LODGE HILL PLAYGROUND,38.23027,139
HC736,HAIL & RIDE BURCHARBRO ROAD,0.3985699999999997,147
HC737,HAIL & RIDE BURCHARBRO ROAD,0.43478,141
HC738,HAIL & RIDE BOSTALL HEATH,0.11514999999999989,67
HC739,HAIL & RIDE ST PETER'S GARDENS,6.278339999999999,70
HC74,HAIL & RIDE SECTION,0.17454999999999998,49
HC740,HAIL & RIDE VALLEY ROAD,43.1387,71
HC741,HAIL & RIDE SOUTH OAK ROAD,45.62199,71
HC742,HAIL & RIDE VALLEY ROAD SURGERY,80.89205,72
HC743,HAIL & RIDE VALLEY FIELD ROAD,33.00526,72
HC744,HAIL & RIDE CLOUDESLEY ROAD,23.86019,149
HC745,HAIL & RIDE HUDSON ROAD,39.17798,149
HC746,HAIL & RIDE FRANKLIN ROAD,5.697529999999999,148
HC747,HAIL & RIDE WEST HEATH ROAD,13.033339999999999,74
HC748,HAIL & RIDE BRAMPTON ROAD,19.3245,74
HC749,HAIL & RIDE ST ANDREW'S PARISH CHURCH,1.5892899999999996,74
HC75,HAIL & RIDE SECTION,0.05855,45
HC750,HAIL & RIDE FRANKLIN ROAD,13.788959999999998,150
HC751,HAIL & RIDE HUDSON ROAD,10.79529,149
HC752,HAIL & RIDE CLOUDESLEY ROAD,13.82798,147
HC753,HAIL & RIDE ST CLEMENT'S AVENUE,6.763299999999999,34
HC754,HAIL & RIDE BROADFORD PRIMARY SCHOOL,10.85918,52
HC755,HAIL & RIDE CHATTERIS AVENUE,14.00993,62
HC756,HAIL & RIDE MYRTLE ROAD,10.506499999999999,65
HC757,HAIL & RIDE COLTSFOOT PATH,13.505279999999999,67
HC758,HAIL & RIDE HUNTINGDON DRIVE,2.8733899999999997,44
HC759,HAIL & RIDE BROADFORD PRIMARY SCHOOL,1.9932099999999997,66
HC76,HAIL & RIDE SECTION,1.576,45
HC760,HAIL & RIDE ASHTON ROAD,1.3229699999999995,46
HC761,HAIL & RIDE LISTER AVENUE,9.50832,39
HC762,HAIL & RIDE SALLOW ROAD,12.64649,40
HC763,HAIL & RIDE WESSEX LANE,0.05446,47
HC764,HAIL & RIDE KINGS PARK,2.2091299999999996,36
HC765,HAIL & RIDE SALLOW ROAD,3.4184899999999994,34
HC766,HAIL & RIDE NIGHTINGALE CRESCENT,5.92338,34
HC767,HAIL & RIDE LISTER AVENUE,0.8275899999999998,34
HC768,HAIL & RIDE ASHTON ROAD,0.4409299999999998,43
HC769,HAIL & RIDE COLTSFOOT PATH,14.74325,57
HC77,HAIL & RIDE SECTION,2.2751699999999997,49
HC770,HAIL & RIDE MYRTLE ROAD,17.6517,65
HC771,HAIL & RIDE CHATTERIS AVENUE,2.5197899999999995,63
HC78,HAIL & RIDE SECTION,1.51797,49
HC784,HAIL & RIDE STANTHORPE ROAD,3.6320499999999996,74
HC785,HAIL & RIDE BOURNEVALE ROAD,168.29024,70
HC786,HAIL & RIDE STANTHORPE ROAD,22.3631,71
HC787,HAIL & RIDE GLENELDON ROAD,34.59516,72
HC788,HAIL & RIDE VALLEY ROAD SURGERY,15.89007,73
HC789,HAIL & RIDE SOUTH OAK ROAD,9.12744,74
HC79,HAIL & RIDE SECTION,0.0,40
HC790,HAIL & RIDE VALLEY ROAD,4.787629999999999,74
HC791,HAIL & RIDE SELSDON ROAD,4.23232,71
HC792,HAIL & RIDE ROYAL CIRCUS,2.3692699999999998,70
HC793,HAIL & RIDE MADEIRA ROAD,16.07811,73
HC794,HAIL & RIDE GLENELDON ROAD,8.50891,73
HC796,HAIL & RIDE UNDERHILL,47.6579,153
HC797,HAIL & RIDE ELTON AVENUE,46.58517,153
HC798,HAIL & RIDE VALE DRIVE,19.28163,153
HC799,HAIL & RIDE GREENWAY,30.902169999999998,76
HC8,HAIL & RIDE CHELSFIELD LANE,5.765479999999999,66
HC80,HAIL & RIDE SECTION,0.4094699999999999,47
HC800,HAIL & RIDE LONGLAND DRIVE,4.78996,76
HC801,HAIL & RIDE LAUREL WAY,60.73078,76
HC802,HAIL & RIDE CHIDDINGFOLD,0.4404599999999999,76
HC803,HAIL & RIDE NORTHIAM,26.46884,76
HC804,HAIL & RIDE TILLINGHAM WAY,6.364059999999999,76
HC805,HAIL & RIDE SOUTHOVER,11.63149,76
HC806,HAIL & RIDE CHANCTONBURY WAY,1.8108799999999996,76
HC807,HAIL & RIDE SUSSEX RING,66.35876,76
HC808,HAIL & RIDE VICTORIA ROAD,8.28713,67
HC809,HAIL & RIDE ERITH LEISURE CENTRE,26.01702,67
HC810,HAIL & RIDE AVENUE ROAD,19.26606,68
HC811,HAIL & RIDE LESNEY PARK,23.198349999999998,68
HC812,HAIL & RIDE ERITH & DISTRICT HOSPITAL,30.80059,68
HC813,HAIL & RIDE CARLTON ROAD / BEXLEY ROAD,51.67624,68
HC816,HAIL & RIDE CARLTON ROAD / THE QUARRY,34.127069999999996,68
HC817,HAIL & RIDE CARLTON ROAD / BROOK STREET,33.94769,69
HC818,HAIL & RIDE ERITH CEMETERY,28.8171,70
HC819,HAIL & RIDE PARSONAGE MANORWAY SHOPS,42.79978,70
HC820,HAIL & RIDE PARSONAGE MANORWAY SHOPS,31.26429,72
HC821,ERITH CEMETERY,1.3263199999999997,72
HC822,HAIL & RIDE CARLTON ROAD,20.47394,72
HC823,HAIL & RIDE CARLTON ROAD / THE QUARRY,5.235289999999999,74
HC824,HAIL & RIDE CARLTON ROAD / BEXLEY ROAD,10.506229999999999,74
HC825,HAIL & RIDE ERITH & DISTRICT HOSPITAL,27.020889999999998,75
HC826,HAIL & RIDE KING HENRY SCHOOL,19.10421,77
HC827,HAIL & RIDE AVENUE ROAD,8.562959999999999,78
HC828,HAIL & RIDE BEECHFIELD ROAD,5.408949999999999,79
HC829,HAIL & RIDE MAYS LANE,6.034529999999998,153
HC830,HAIL & RIDE ERITH LEISURE CENTRE,0.4978199999999999,79
HC831,HAIL & RIDE VICTORIA ROAD,0.2761699999999999,79
HC832,HAMMERSMITH BRIDGE ROAD,5.7744100000000005,158
HC833,HAIL & RIDE ARGYLE ROAD,3.2402599999999997,76
HC834,HAIL & RIDE COURTHOUSE ROAD,0.9887799999999997,76
HC835,HAIL & RIDE WEST FINCHLEY STATION,50.84162,76
HC836,HAIL & RIDE CHILVINS COURT,0.21911,76
HC837,HAIL & RIDE NETHER STREET,70.9821,76
HC838,HAIL & RIDE ELM PARK ROAD,3.509659999999999,76
HC839,HAIL & RIDE EVERSLEIGH ROAD,19.54545,77
HC840,HAIL & RIDE NETHER STREET,31.14468,77
HC841,HAIL & RIDE CHILVINS COURT,0.21786,77
HC842,HAIL & RIDE WEST FINCHLEY STATION,34.96356,77
HC843,HAIL & RIDE COURTHOUSE ROAD,0.1648699999999999,77
HC844,HAIL & RIDE ARGYLE ROAD,9.10512,77
HC845,HAIL & RIDE CHANCTONBURY WAY,4.007059999999999,77
HC846,HAIL & RIDE SOUTHOVER,15.614239999999999,77
HC847,HAIL & RIDE TILLINGHAM WAY,1.4811899999999996,77
HC848,HAIL & RIDE NORTHIAM,29.598399999999998,77
HC849,HAIL & RIDE CHIDDINGFOLD,55.63372,77
HC85,HAIL & RIDE SECTION,0.55505,67
HC850,HAIL & RIDE LAUREL WAY,3.133749999999999,77
HC851,HAIL & RIDE LONGLAND DRIVE,8.720349999999998,77
HC852,HAIL & RIDE GREENWAY,5.159679999999999,77
HC853,HAIL & RIDE HILL CRESCENT,17.71716,77
HC878,O2 CENTRE / SAINSBURY'S,0.0,156
HC88,HAIL & RIDE BARNET HOSPITAL A&E DEPT,0.0,70
HC9,HAIL & RIDE TUBBENDEN LANE,5.7786599999999995,65
HC91,HAIL & RIDE BELMONT AVENUE,0.23549,72
HC96,HAIL & RIDE SECTION,35.68797,160
HC97,HAIL & RIDE SECTION,0.3818299999999999,79
HC99,HAIL & RIDE HOOP LANE,1.3315499999999998,85
HF010,IMPERIAL WHARF STN  / CHELSEA HARBOUR,236.65037,78
HF020,SHEPHERDS BUSH GREEN,1168.2072,609
LE108,TOBACCO DOCK,60.44696,157
LE116,THE HIGHWAY,40.25654,76
LE122,TOBACCO DOCK,34.97323,158
LE123,DEVALLS CLOSE,129.48051999999998,239
LE124,CYPRUS STATION,297.31853,240
LE126,BEAL ROAD,612.93195,328
LE129,LANGDON PARK STATION,56.83957,91
LE130,LANGDON PARK STATION,106.46094,88
LE131,DEVONS ROAD STATION,98.48921,88
LE132,DEVONS ROAD STATION,84.145,90
LE133,BOW ROAD,10.226299999999998,88
LE134,GOBIONS FARM,16.76248,75
LE135,MERCURY GARDENS,1886.85972,658
LE136,COVENTRY ROAD,176.33544,531
LE138,NORTH STREET,548.21863,263
LE139,WANSTEAD PARK STATION,1080.90882,237
LE140,TOBACCO DOCK,3.2446,24
LE142,BARKING TOWN CENTRE,3247.33905,495
LE146,REDBRIDGE LANE WEST,13.909989999999999,179
LE147,HAINAULT HEALTH CENTRE,87.60057,62
LE148,HAINAULT HEALTH CENTRE,42.67641,65
LE150,MANFORD PRIMARY SCHOOL,12.276,65
LE151,TINE ROAD,9.11866,65
LE152,BROCKET WAY,1.75826,130
LE153,TINE ROAD,56.06695,63
LE154,BROCKET WAY,12.36057,116
LE155,GRANGE HILL STATION,8.73481,67
LE156,MILLWELL CRESCENT,22.22973,63
LE157,MILLWELL CRESCENT,1.2628899999999996,67
LE158,GRANGE HILL STATION,31.08345,63
LE159,ST WINIFRED'S CHURCH,9.02355,67
LE160,ST WINIFRED'S CHURCH,46.09029,63
LE161,MANFORD PRIMARY SCHOOL,59.06477,63
LE162,STAR LANE STN  / STAR PRIMARY SCH,62.790279999999996,85
LE164,STAR PRIMARY SCHOOL,67.37901,83
LE165,MALMESBURY TERRACE,11.5937,85
LE166,MALMESBURY TERRACE,54.41076,83
LE167,WEST HAM STATION,0.38123999999999997,85
LE168,SOUTH QUAY STATION,1.1502099999999995,82
LE169,SOUTH QUAY STATION,55.3129,77
LE171,BARKING STATION,4122.89352,421
LE173,SUNNINGDALE AVENUE,1505.89762,392
LE174,BROADWAY THEATRE,107.03013,235
LE175,WENNINGTON HALL FARM,7.003219999999999,71
LE176,WENNINGTON GREEN,1.9183299999999994,69
LE177,KENT VIEW,16.75333,70
LE178,KENT VIEW,2.1891899999999995,69
LE179,EASTWOOD DRIVE,47.39647,68
LE180,BROOKWAY,66.08684,68
LE181,BROOKWAY,93.36099,68
LE182,FERRO ROAD,22.15477,68
LE186,WEST INDIA AVENUE,123.68225,448
LE190,WEST INDIA AVENUE,207.4607,363
LE193,WESTFERRY CIRCUS / CANARY WHARF PIER,167.56987,440
LE195,DAGENHAM ASDA,216.57536,155
LE213,BENDISH ROAD,1272.96155,661
LE214,JAKE RUSSELL WALK,68.76293,72
LE215,KINGSFORD WAY,79.97794999999999,188
LE216,KINGSFORD WAY,471.56449,189
LE217,ESTUARY CLOSE,117.10374,93
LE218,GALLIONS CLOSE,0.0,75
LE220,RADFORD WAY,2.46108,75
LE222,BENNETTS CASTLE LANE,34.26829,79
LE223,FIVE ELMS SCHOOL,270.16854,175
LE224,OGLETHORPE ROAD,181.43077,155
LE225,FREE TRADE WHARF,21.22919,106
LE226,BARKINGSIDE STATION,72.63995,75
LE235,BILLINGSGATE MARKET,71.71023,160
LE236,BILLINGSGATE MARKET,49.72871,164
LE237,WHIPPS CROSS HOSPITAL / A & E,568.1458700000001,213
LE238,WHIPPS CROSS HOSPITAL / A & E,754.81001,219
LE239,WHIPPS CROSS HOSPITAL / MAIN ENTRANCE,295.98401,221
LE240,WHIPPS CROSS HOSPITAL / MAIN ENTRANCE,254.00941,211
LE243,ROUNTON ROAD,51.1976,90
LE244,ROUNTON ROAD,38.87757,88
LE245,CRANWELL CLOSE,99.57913,90
LE246,CHRISP STREET MARKET,82.19311,92
LE247,FAWE STREET,84.90721,91
LE248,FAWE STREET,102.69416,88
LE249,CRANWELL CLOSE,137.34198,88
LE250,CHRISP STREET MARKET,207.78238,89
LG01,PRIORY ROAD,0.0,92
LG02,MERTON ABBEY,1056.88295,348
LG03,MERTON ABBEY,176.81711,78
LG04,WANDSWORTH TOWN STATION,145.21917,186
LG06,RUNNYMEDE,329.15976,157
LG08,ROEHAMPTON VALE / ASDA,465.1076,169
LG09,ROEHAMPTON VALE / ASDA,1263.59247,166
LG10,NORLEY VALE,90.97281,175
LG21,SOUTHMEAD PRIMARY SCHOOL,146.0788,163
LG22,SOUTHMEAD PRIMARY SCHOOL,209.80268,164
LG23,LEVANA CLOSE,61.28271,82
LG24,LEVANA CLOSE,178.70042,84
LG25,SMITHWOOD CLOSE,33.41365,82
LG26,SMITHWOOD CLOSE,179.78846000000001,84
LG27,MURFETT CLOSE,47.04821,82
LG28,CHURCH ROAD,112.99696,84
LG30,WOODSPRING ROAD,38.36326,165
LG31,WOODSPRING ROAD,38.55574,161
LG32,SOUTHDEAN GARDENS,64.39564,165
LG33,SOUTHDEAN GARDENS,37.42459,162
LG34,SOUTHFIELDS STATION,1042.33245,162
LG35,FALCON LANE,35.98487,151
LG36,CLAPHAM JUNCTION STATION  / GRANT ROAD,102.69673,84
LG37,CLAPHAM JUNCTION STATION  / GRANT ROAD,394.27332,81
LG38,LOMBARD ROAD,150.92097,81
LG39,LOMBARD ROAD,111.44547,84
LG40,BATTERSEA HIGH STREET,155.93254,84
LG41,SUNBURY LANE,190.54623,81
LG42,SUNBURY LANE,137.52967,84
LG43,WESTBRIDGE ROAD / PARKGATE ROAD,92.82075999999999,82
LG44,MORGANS WALK,84.84042,84
LG48,ROEHAMPTON VALE / ASDA,71.71574,145
LG50,WIMBLEDON STATION,752.91096,262
LG53,SOUTHMEAD ROAD,131.18765,163
LG54,STAPLEFORD CLOSE,123.15312,163
LG55,THE RIVERSIDE CENTRE,0.2214199999999999,82
LG56,DOWNVIEW AND HIGHDOWN PRISONS,104.8252,165
LG57,CRANMER TERRACE,12.802479999999997,242
LG58,BLACKSHAW ROAD,0.0,243
LG59,CHEAM LEISURE CENTRE,149.46844000000002,174
LG60,WESTMORLAND WAY,83.72085,152
LG61,BATTERSEA HIGH STREET,172.29765,81
LG65,WIMBLEDON STATION,3454.9117,440
LG66,WIMBLEDON BUS STATION,313.24487,99
LG67,WIMBLEDON BUS STATION,276.31539,195
LG68,WIMBLEDON BUS STATION,348.54863,247
LG69,WIMBLEDON BUS STATION,363.75325,164
M1,CLEMENTINE CHURCHILL HOSPITAL,124.45665,75
M10,PETER AVENUE,69.46268,78
M11,CHAMBERS LANE,48.74746,78
M12,BRONDESBURY PARK,30.68843,77
M13,BRONDESBURY PARK,32.5166,78
M14,CHAMBERS LANE,98.14766,78
M15,PETER AVENUE,71.84148,78
M18,COLLEGE HILL ROAD,95.93609000000001,69
M19,COLLEGE HILL ROAD,161.80453,65
M2,CLEMENTINE CHURCHILL HOSPITAL,27.70212,73
M20,HIGHFIELD AVENUE,277.36496,158
M22,BEVERLEY GARDENS,21.26603,72
M23,RAVENSCROFT AVENUE,10.05025,72
M24,RAVENSCROFT AVENUE,30.88222,77
M25,BEVERLEY GARDENS,44.65807,77
M26,MAYFIELDS CLOSE,57.10786,77
M27,EDGWARE COMMUNITY HOSP / DEANSBROOK RD,29.59551,72
M28,DEANSBROOK CLOSE,46.44159,71
M29,DEANSBROOK CLOSE,106.99503,74
M3,ROXETH HILL,304.86143,75
M30,EDGWARE COMMUNITY HOSP / DEANSBROOK RD,7.035189999999999,75
M31,WOODCROFT AVENUE,31.808999999999997,74
M32,WIGGINS MEAD,51.70625,73
M33,SARACENS HIGH SCHOOL / LONG MEAD,35.086169999999996,73
M34,SARACENS HIGH SCHOOL SOUTH MEAD,32.99667,73
M35,ROYAL AIR FORCE MUSEUM,22.71753,75
M36,BEAUFORT PARK,19.587699999999998,75
M37,EDGWARE ROAD,10.913129999999999,74
M38,COLINDALE SUPERSTORES,0.0,66
M4,ROXETH HILL,142.10772,74
M40,ROYAL AIR FORCE MUSEUM,49.71102,72
M41,SARACENS HIGH SCHOOL / SOUTH MEAD,46.73754,73
M42,LONG MEAD,70.02794,73
M43,WIGGINS MEAD,67.6908,73
M44,WOODCROFT PK / THE ORION PRIMARY SCHOOL,35.93335,72
M46,COLINDALE SUPERSTORES,0.0,63
M47,HARROW ARTS CENTRE,214.94214,151
M5,PENNINE DRIVE,11.49231,81
M6,LONG ELMES,243.11694,75
M7,BRENT CROSS SHOPPING CENTRE,216.02923,156
OC01,PARK AVENUE,12.27,118
OC02,HIGHVIEW GARDENS,21.03875,118
OC03,POTTERS BAR TESCO,21.53145,117
OC04,DARKES LANE,0.06075,116
OC05,POTTERS BAR STATION,30.611649999999997,76
OC1000,OASIS ACADEMY,3.97555,3
OC108,LAKESIDE BUS STATION,0.0,147
OC109,LAKESIDE BUS STATION,525.59081,73
OC11,DAME ALICE OWEN'S SCHOOL,34.74975,8
OC120,DACRE GARDENS,30.760189999999998,78
OC121,RIPON WAY,60.25787,78
OC122,WARREN GROVE,89.43679,78
OC123,KENILWORTH DRIVE,59.46656,78
OC124,CHESTER ROAD,49.80342,79
OC125,WARWICK HOUSE,100.20421,79
OC131,GLENHAVEN AVENUE,54.97488,152
OC134,BARHAM AVENUE,10.689729999999999,78
OC135,KNOWL WAY,8.317709999999998,78
OC136,ELSTREE HILL NORTH,11.2198,78
OC137,WATLING COURT,55.141529999999996,78
OC138,RODGERS CLOSE,62.23236,78
OC139,SULLIVAN WAY,82.37677,78
OC140,ELSTREE HILL SOUTH / CENTENNIAL PARK,61.14516,159
OC141,SULLIVAN WAY,78.20288000000001,78
OC142,RODGERS CLOSE,2.06291,78
OC143,WATLING COURT,82.71287,78
OC144,ELSTREE HILL NORTH,12.66964,78
OC145,KNOWL WAY,6.259659999999999,78
OC146,BARHAM AVENUE,3.5819999999999994,78
OC147,DEACONS HILL ROAD,19.561899999999998,78
OC148,ELSTREE & BOREHAMWOOD STATION,513.60113,147
OC154,STUDIO WAY,164.65037,79
OC155,WARWICK HOUSE,34.54873,78
OC156,CHESTER ROAD,28.42105,78
OC157,KENILWORTH DRIVE,36.72361,78
OC158,WARREN GROVE,56.75184,78
OC159,RIPON WAY,50.33092,78
OC16,POTTERS BAR TESCO,89.4478,110
OC160,DACRE GARDENS,19.02658,78
OC163,STIRLING CORNER,94.62509,149
OC164,ASHLEY DRIVE,34.34102,146
OC165,CLEVELAND CRESCENT,10.62693,69
OC166,RIPON PARK,56.69646,69
OC167,KENILWORTH HOUSE,23.97627,70
OC168,DURHAM ROAD,10.54321,71
OC169,STUDIO WAY,259.74683,149
OC17,HIGHVIEW GARDENS,192.42388,110
OC170,HERTSMERE CIVIC OFFICES,84.51901,149
OC171,ELSTREE STUDIOS,70.04343,150
OC172,BOREHAMWOOD TESCO,214.24555,151
OC173,FURZEHILL ROAD,239.13959,152
OC175,ELSTREE & BOREHAMWOOD STATION,199.12259,73
OC176,STRATFIELD ROAD,10.745479999999999,72
OC177,CROXDALE ROAD,1.03452,72
OC178,THEOBALD STREET,0.40283,70
OC179,CATTERICK WAY,0.6305799999999999,71
OC180,LEEMING ROAD,0.8058999999999998,71
OC181,BALDOCK WAY,0.57439,72
OC182,CROMWELL ROAD,0.0,71
OC183,ROSSINGTON AVENUE,0.0,72
OC184,WETHERBY ROAD,108.21003,73
OC185,CROMWELL ROAD,27.304759999999998,74
OC186,BALDOCK WAY,131.26387,72
OC187,LEEMING ROAD,117.34868,71
OC188,CATTERICK WAY,94.93945,71
OC189,GATESHEAD ROAD,87.69338,70
OC190,CROXDALE ROAD,45.66722,69
OC191,STRATFIELD ROAD,4.2909,70
OC192,ELSTREE & BOREHAMWOOD STATION,244.8217,78
OC193,GLENHAVEN AVENUE,105.1322,148
OC194,FURZEHILL ROAD,317.86942,148
OC195,BOREHAMWOOD TESCO,220.12213,151
OC196,ELSTREE STUDIOS,229.53327,153
OC197,HERTSMERE CIVIC OFFICES,157.70704,153
OC198,ELSTREE WAY,137.89077,73
OC199,DURHAM ROAD,42.4249,74
OC20,STAGG HILL,0.0,43
OC200,KENILWORTH HOUSE,49.63577,73
OC201,RIPON PARK,99.25013,73
OC202,CLEVELAND CRESCENT,39.29296,74
OC203,ASHLEY DRIVE,105.05613,151
OC204,STIRLING CORNER / BARNET LANE,280.69524,150
OC206,CLARENDON ROAD,83.78782,154
OC207,BEECHEN GROVE,382.82171,147
OC208,WATER LANE,941.87648,149
OC209,WATFORD HIGH STREET STATION,167.71223,149
OC210,WATFORD FIELD ROAD,86.23349,149
OC211,WATERFIELDS WAY,66.52907,151
OC212,BUSHEY ARCHES,37.13938,150
OC213,BUSHEY STATION,372.14495,151
OC214,GRANGE ROAD,126.99882,153
OC215,GRANGE ACADEMY,100.81151,153
OC216,THE RED LION PUBLIC HOUSE,84.37833,153
OC217,BOURNEHALL ROAD,126.82484,155
OC218,MELBOURNE ROAD,223.73831,154
OC219,STEEPLANDS,54.71642,156
OC220,THE ROYAL OAK PUBLIC HOUSE,99.8154,157
OC221,MERRY HILL ROAD,107.62561,156
OC222,ST PETER'S CLOSE,156.29373999999999,156
OC223,WINDMILL LANE,222.25198,156
OC224,WINDMILL LANE,129.02862,155
OC225,BUSHEY HEATH THREE CROWNS,75.40382,156
OC226,MERRY HILL ROAD,55.48906,158
OC227,THE ROYAL OAK PUBLIC HOUSE,83.11649,157
OC228,STEEPLANDS,53.144839999999995,157
OC229,MELBOURNE ROAD,153.1628,157
OC230,THE RED LION PUBLIC HOUSE,144.19593,157
OC231,GRANGE ACADEMY,69.09905,159
OC232,GRANGE ROAD,57.0903,160
OC233,BUSHEY STATION,160.01445999999999,158
OC234,BUSHEY ARCHES,11.322829999999998,158
OC235,DALTON WAY,32.699329999999996,156
OC236,WATFORD HIGH STREET STATION,18.52094,155
OC237,KING STREET,24.849269999999997,155
OC238,ST MARY'S ROAD,27.82079,157
OC239,ST JOHN'S ROAD,6.30519,158
OC240,WATFORD JUNCTION STATION,0.0,83
OC245,SHIP HILL / BOROUGH ROAD,3.3542899999999998,62
OC246,TATSFIELD GREEN,0.25938000000000005,62
OC247,RICKETTS HILL ROAD / MANOR HOUSE,1.03014,62
OC248,CUDHAM ROAD,4.7643699999999995,63
OC250,CUDHAM HILL,0.19311999999999999,62
OC251,RICKETTS HILL ROAD / MANOR HOUSE,0.06486,62
OC252,TATSFIELD GREEN,0.0647799999999999,61
OC253,SHIP HILL / BOROUGH ROAD,0.0,61
OC326,LINKFIELD LANE,2.3609899999999993,72
OC327,REDHILL BUS STATION,687.84649,142
OC329,LINKFIELD LANE,36.69622,70
OC35,POTTERS BAR STATION,36.57326,160
OC38,PARK AVENUE,66.40232999999999,110
OC39,STAGG HILL,2.58494,43
OC418,HAIL & RIDE LITTLE BIRCHES,11.82016,77
OC419,HAIL & RIDE SECTION,101.98497,74
OC431,HAIL & RIDE BOXER'S LAKE,24.95116,49
OC433,LONGWOOD GARDENS,71.62327,69
OC434,BEEHIVE LANE,19.86715,68
OC437,BRENT SCHOOL,59.64511,61
OC438,MILESTONE ROAD,84.67557,61
OC440,THE BRENT,15.113489999999999,63
OC441,BRENTFIELD ROAD,8.24783,65
OC442,WELSH TAVERN,16.89168,66
OC443,HAIL & RIDE SECTION,46.98999,51
OC444,WATFORD JUNCTION RAILWAY STATION,0.0,75
OC445,WATFORD JUNCTION STATION,718.63825,157
OC446,HAIL & RIDE SECTION,0.9938400000000001,49
OC447,HAIL & RIDE SECTION,2.09922,47
OC448,HAIL & RIDE SECTION,47.760819999999995,43
OC450,ELMCROFT AVENUE,67.2292,49
OC454,HAIL & RIDE SECTION,66.41202,75
OC456,HAIL & RIDE SECTION,83.816,77
OC459,BLUEWATER SHOPPING CENTRE,1343.6024400000001,148
OC460,HAIL & RIDE SECTION,151.15824,69
OC466,HINCHLEY WOOD SCHOOL,1.10951,3
OC467,HINCHLEY WOOD SCHOOL,0.0,3
OC468,HAIL & RIDE CULVER GROVE / PARK HIGH SCH,42.16195,74
OC469,HAIL & RIDE CULVER GROVE / PARK HIGH SCH,66.6694,80
OC470,HIGHAM HILL / COGAN AVENUE,0.0,80
OC472,BOURNEHALL ROAD,47.85899,157
OC476,LAKESIDE BUS STATION,534.55833,75
OC481,BARNET HOSPITAL,0.0,81
OC482,DEACONS HILL ROAD,34.82057,78
OC485,HAIL & RIDE FOREST ROAD,8.15424,48
OC486,HAIL & RIDE FOREST ROAD,50.05277,45
OC487,HAIL & RIDE BROOMLOAN LANE,35.896,113
OC488,HAIL & RIDE BROOMLOAN LANE,52.32187,116
OC489,HAIL & RIDE SUTTON COMMON ROAD,1.4374799999999999,54
OC49,EPSOM HIGH STREET,6.62822,123
OC490,HAIL & RIDE ANGEL HILL,1.26166,56
OC491,HAIL & RIDE WORCESTER ROAD,42.65783,50
OC492,HAIL & RIDE WORCESTER ROAD,4.5172799999999995,50
OC493,HAIL & RIDE YORK ROAD,27.958009999999998,56
OC494,HAIL & RIDE YORK ROAD,115.8414,58
OC495,HAIL & RIDE NORTHEY AVENUE,8.63337,54
OC496,HAIL & RIDE NORTHEY AVENUE,6.006469999999999,57
OC497,HAIL & RIDE SANDY LANE,5.187379999999999,46
OC498,HAIL & RIDE SANDY LANE,1.0486299999999997,53
OC499,HAIL & RIDE CHEAM STATION,2.32122,48
OC509,LIVERPOOL STREET STATION,0.0,184
OC515,LONSDALE ROAD / NASSAU ROAD,35.963899999999995,161
OC516,HAIL & RIDE SECTION,1.2592899999999996,79
OC517,HAIL & RIDE SECTION,140.45889,160
OC518,HAIL & RIDE SECTION,97.80337,79
OC520,HAIL & RIDE ROYAL CIRCUS,2.254679999999999,70
OC521,HAIL & RIDE CHARTHAM GROVE,4.56863,71
OC534,HAIL & RIDE BEECHWOOD AVENUE,0.0,29
OC535,HAIL & RIDE HIGH ELMS NATURE CENTRE,0.0,27
OC536,HAIL & RIDE HIGH ELMS NATURE CENTRE,0.0,27
OC537,HAIL & RIDE STANDARD ROAD,1.75012,25
OC539,HAIL & RIDE STANDARD ROAD,3.80052,23
OC542,HAIL & RIDE DOWN HOUSE,0.1170899999999999,27
OC543,HAIL & RIDE DOWN HOUSE,8.09817,26
OC544,HAIL & RIDE LUXTED ROAD,0.3491599999999998,24
OC547,HAIL & RIDE BERRYS GREEN,1.68686,23
OC548,HAIL & RIDE CHARLES DARWIN SCHOOL,19.84651,26
OC549,HAIL & RIDE CHARLES DARWIN SCHOOL,9.23594,24
OC551,HAIL & RIDE JAIL LANE,0.63796,23
OC552,HAIL & RIDE CHURCH ROAD,2.03163,27
OC553,HAIL & RIDE APERFIELD ROAD,0.0,26
OC557,HAIL & RIDE HAYES WAY,14.815169999999998,73
OC558,HAIL & RIDE HAYES WAY,0.34948999999999997,74
OC559,HAIL & RIDE WHITECROFT WAY,51.98586,71
OC560,HAIL & RIDE WHITECROFT WAY,8.03951,74
OC561,HAIL & RIDE BUSHEY WAY,27.107619999999997,71
OC562,HAIL & RIDE BUSHEY WAY,22.32171,74
OC563,HAIL & RIDE BARNFIELD WOOD ROAD,4.07614,71
OC564,HAIL & RIDE BARNFIELD WOOD ROAD,4.14501,74
OC565,HAIL & RIDE CHALK PIT AVENUE,34.72891,64
OC568,NORTH FINCHLEY BUS STATION,3271.50024,350
OC573,BRENTWOOD HIGH STREET,0.34724,75
OC576,CROWN STREET,164.19634,66
OC578,CONINGTON ROAD,71.88977,143
OC579,FOOTS CRAY TESCO,158.10102,185
OC58,EPSOM CLOCK TOWER,55.91734,37
OC581,HAIL & RIDE KING HENRY SCHOOL,4.114819999999999,71
OC586,HAIL & RIDE SECTION,62.74687,40
OC587,HAIL & RIDE SECTION,21.65173,44
OC588,HAIL & RIDE SECTION,13.996599999999999,51
OC589,HAIL & RIDE BOXER'S LAKE,36.53109,55
OC59,EPSOM HIGH STREET,612.915,247
OC599,WINCHMORE HILL / THE GREEN,127.0464,122
OC60,EPSOM HIGH STREET,70.24946,133
OC600,HAIL & RIDE SECTION,120.11549,73
OC605,HAIL & RIDE SECTION,90.67976,76
OC607,HAIL & RIDE WOODLANDS GROVE,0.49316,47
OC609,HAIL & RIDE KEATS AVENUE,18.27296,69
OC61,ASHLEY ROAD,37.46492,105
OC610,HAIL & RIDE MARSHALLS PARK ACADEMY,72.61104,67
OC611,HAIL & RIDE SECTION,0.0,57
OC612,KINGSHURST ROAD,52.45357,70
OC614,SENLAC ROAD,29.68965,71
OC619,COCKER ROAD,34.7682,69
OC620,TRINITY SCHOOL,36.08643,8
OC622,HAIL & RIDE SECTION,36.891780000000004,47
OC623,HAIL & RIDE WARDS ROAD,295.10007,73
OC624,HAIL & RIDE PERTH ROAD,0.49555,73
OC625,WINCHMORE HILL / THE GREEN,27.822039999999998,66
OC628,HAIL & RIDE STANSGATE ROAD SHOPS,42.44017,140
OC630,LEWIS ROAD,1.8021099999999997,74
OC634,HAIL & RIDE SECTION,3.40251,58
OC635,HAIL & RIDE LANCASTER AVENUE,0.0,12
OC639,GROVELANDS ROAD,157.92828,76
OC641,HAIL & RIDE SECTION,55.18665,59
OC642,HAIL & RIDE SECTION,2.9909799999999995,70
OC643,HAIL & RIDE LOVE LANE,49.40974,49
OC645,HAIL & RIDE SOUTH DRIVE,14.64107,48
OC646,LONGWOOD GARDENS,276.30719,64
OC647,BEEHIVE LANE,1.7610899999999998,66
OC649,HAIL & RIDE SECTION,2.1838699999999998,21
OC650,HAIL & RIDE SECTION,35.30582,40
OC651,ELMCROFT AVENUE,11.34423,68
OC658,HAIL & RIDE LITTLE BIRCHES,19.241699999999998,75
OC659,HORNCASTLE ROAD,8.51286,75
OC660,JEVINGTON WAY,133.40236000000002,75
OC661,GROVELANDS ROAD,285.56306,71
OC668,HAIL & RIDE SECTION,551.74925,79
OC669,HAIL & RIDE SECTION,175.34011,78
OC672,HAIL & RIDE LONGMORE AVENUE,0.93226,50
OC673,ISLE OF DOGS ASDA,0.0,351
OC677,HAIL & RIDE SECTION,7.2282399999999996,20
OC681,HAIL & RIDE LYNDHURST ROAD,6.21798,69
OC682,HAIL & RIDE LYNDHURST ROAD,10.49897,75
OC685,HAIL & RIDE SECTION,2.9673599999999993,77
OC686,HAIL & RIDE SECTION,513.08857,76
OC687,HAIL & RIDE HARRINGAY STATION,66.82175,141
OC688,HAIL & RIDE SECTION,13.516210000000001,10
OC689,HAIL & RIDE SECTION,0.8261799999999999,11
OC690,HAIL & RIDE SECTION,1.0080600000000002,10
OC691,HAIL & RIDE SECTION,6.18536,12
OC701,HAIL & RIDE SECTION,75.48758,71
OC702,HAIL & RIDE SECTION,28.00017,70
OC705,HAIL & RIDE GALLIARD ROAD,128.09824,83
OC706,HAIL & RIDE GALLIARD ROAD,48.8407,81
OC707,TURKEY STREET STATION,13.532119999999999,32
OC71,EPSOM STATION,23.26756,96
OC720,LIVINGSTON HOSPITAL,12.36159,65
OC721,LIVINGSTON HOSPITAL,21.08814,63
OC722,SHENLEY ROAD,10.276069999999999,63
OC724,PARK ROAD,72.11614,62
OC725,MILESTONE ROAD,12.39772,64
OC726,ELM ROAD,3.6844399999999995,66
OC727,THE BULL,9.40762,66
OC728,WINSTON CLOSE,1.7585299999999993,67
OC729,WATERSTONE PARK,11.122819999999999,67
OC73,EPSOM CLOCK TOWER,1092.10667,276
OC730,WATERSTONE PARK,89.65526,66
OC731,WINSTON CLOSE,4.747249999999999,67
OC732,THE BULL,55.57875,67
OC733,ELM ROAD,21.07012,65
OC734,WELSH TAVERN,85.93607,64
OC735,BRENT SCHOOL,12.20579,64
OC737,BLUEWATER SHOPPING CENTRE,214.52085,73
OC738,DARENT VALLEY HOSPITAL,32.84521,74
OC739,DARENT VALLEY HOSPITAL,756.40784,238
OC74,DORKING STATION / LONDON ROAD,0.6019699999999997,58
OC740,HAIL & RIDE LOVE LANE,44.1094,47
OC741,BLUEWATER SHOPPING CENTRE,0.0,224
OC75,DORKING STATION,20.99443,57
OC756,HAIL & RIDE JAIL LANE / SINGLE STREET,0.11742,23
OC757,HAIL & RIDE CHALK PIT AVENUE,0.1166799999999999,64
OC758,HAIL & RIDE MAIN ROAD,15.47834,65
OC759,HAIL & RIDE MAIN ROAD,4.662649999999999,63
OC76,DEEPDENE AVENUE ROAD,1.0369699999999997,57
OC760,HAIL & RIDE THE LANDWAY,24.52025,63
OC761,HAIL & RIDE THE LANDWAY,0.4640499999999999,63
OC762,HAIL & RIDE HEARNS ROAD,29.17741,61
OC768,HAIL & RIDE COCKMANNINGS ROAD,0.05697,62
OC77,DORKING SPORTS CENTRE,0.4926699999999999,54
OC770,HAIL & RIDE WALDENHURST ROAD,22.98107,62
OC771,HAIL & RIDE COCKMANNINGS ROAD,0.17313,64
OC772,HAIL & RIDE SOMERDEN ROAD,19.91279,62
OC774,HAIL & RIDE ROOKESLEY ROAD,26.25066,63
OC776,HAIL & RIDE RENTON DRIVE,2.7980799999999992,64
OC777,HAIL & RIDE ROOKESLEY ROAD,2.3928599999999993,67
OC779,HAIL & RIDE RENTON DRIVE,6.156219999999999,67
OC78,MOORES ROAD,0.97927,53
OC780,HAIL & RIDE SOUTHCROFT ROAD,4.840269999999999,62
OC781,HAIL & RIDE SECTION,27.91645,47
OC782,HAIL & RIDE SECTION,17.18095,48
OC783,HAIL & RIDE SOUTHCROFT ROAD,13.35656,66
OC784,HAIL & RIDE ASHBOURNE RISE,12.11574,64
OC787,HAIL & RIDE ASHBOURNE RISE,53.5149,66
OC789,HAIL & RIDE TUBBENDEN DRIVE,15.74442,66
OC79,WHITE HORSE,0.2731099999999999,53
OC80,SOUTH STREET,0.7610799999999999,53
OC802,HAIL & RIDE CAMLET WAY / BEECH HILL AVE,1.1247,11
OC803,SOUTH STREET / ROSE HILL,0.0,54
OC807,HAIL & RIDE SOUTH DRIVE,24.26711,54
OC81,TOWNFIELD COURT,62.70554,58
OC811,HAIL & RIDE WARDS ROAD,307.25816,77
OC812,HAIL & RIDE HEATON AVENUE,0.38558,70
OC813,HAIL & RIDE MARSHALLS PARK ACADEMY,8.945359999999999,66
OC814,EPSOM GOLF CLUB,0.0544299999999999,37
OC816,HAIL & RIDE STARTS HILL AVENUE,2.7953299999999994,65
OC818,HAIL & RIDE LOVIBONDS AVENUE,1.3419599999999996,65
OC819,HAIL & RIDE STARTS HILL AVENUE,5.207,61
OC82,VINCENT LANE,23.92747,57
OC820,HAIL & RIDE PRU STARTS HILL RD ENTRANCE,0.0,65
OC822,HAIL & RIDE LOVIBONDS AVENUE,26.02038,61
OC823,HAIL & RIDE ROSEWOOD DRIVE,29.11054,50
OC824,HAIL & RIDE ROSEWOOD DRIVE,7.0745,52
OC825,HAIL & RIDE ST JOHN'S PRIMARY SCHOOL,7.8317499999999995,49
OC826,HAIL & RIDE ST JOHN'S PRIMARY SCHOOL,0.87876,51
OC827,HAIL & RIDE WILDWOOD,3.9616499999999997,49
OC828,HAIL & RIDE WILDWOOD,0.27609,51
OC829,HAIL & RIDE FLASH LANE,8.98601,49
OC83,WEST STREET,34.13804,57
OC830,HAIL & RIDE FLASH LANE,3.64291,50
OC84,WHITE HORSE,53.11049,58
OC849,HAIL & RIDE WOODLANDS GROVE,6.14916,49
OC85,MOORES ROAD,22.58008,58
OC850,HAIL & RIDE RIDGEMOUNT AVENUE,0.1232299999999999,46
OC851,HAIL & RIDE WESTLEIGH AVENUE,1.4755799999999997,46
OC853,HAIL & RIDE WOODCREST ROAD,6.76948,42
OC854,HAIL & RIDE THE DRIVE,3.73188,51
OC856,HAIL & RIDE COPSE HILL,1.9677299999999998,50
OC857,HAIL & RIDE SMITHAM BOTTOM LANE,24.6193,46
OC858,HAIL & RIDE SMITHAM BOTTOM LANE,14.34318,49
OC859,HAIL & RIDE MANOR WAY,5.65254,49
OC86,DORKING SPORTS CENTRE,20.22543,56
OC860,HAIL & RIDE MANOR WAY,7.72921,48
OC861,HAIL & RIDE GROVELANDS ROAD,3.49346,49
OC863,HAIL & RIDE HILL ROAD,2.39892,51
OC864,HAIL & RIDE MONAHAN AVENUE,7.17718,46
OC865,HAIL & RIDE PURLEY KNOLL,0.3680299999999998,52
OC866,HAIL & RIDE PURLEY KNOLL,2.7048399999999995,45
OC867,HAIL & RIDE FOXLEY HILL ROAD,0.18450999999999979,42
OC868,HAIL & RIDE FOXLEY HILL ROAD,3.3088299999999995,50
OC869,HAIL & RIDE OLDEN LANE,3.6972899999999997,43
OC87,DORKING STATION,34.68393,56
OC870,HAIL & RIDE HIGHER DRIVE,12.526969999999999,50
OC871,HAIL & RIDE NORTHWOOD AVENUE,0.615,46
OC872,HAIL & RIDE NORTHWOOD AVENUE,7.68063,50
OC873,HAIL & RIDE OAKS ROAD,1.7227199999999998,47
OC874,HAIL & RIDE OAKS ROAD,7.26124,49
OC875,HAIL & RIDE OAKS WAY,0.79799,47
OC876,HAIL & RIDE OAKS WAY,20.16797,48
OC877,HAIL & RIDE KENLEY STATION,9.64263,48
OC878,HAIL & RIDE KENLEY STATION,38.57734,46
OC879,HAIL & RIDE HAZELDENE COURT,1.09785,48
OC880,HAIL & RIDE BADER CLOSE,16.8872,48
OC881,HAIL & RIDE HAWKHIRST ROAD,2.5788599999999997,52
OC882,HAIL & RIDE HAWKHIRST ROAD,5.2030199999999995,48
OC883,HAIL & RIDE NEW BARN LANE,1.78014,51
OC884,HAIL & RIDE NEW BARN LANE,26.93205,47
OC885,HAIL & RIDE BEVERLEY ROAD,2.08805,51
OC886,HAIL & RIDE BEVERLEY ROAD,5.955959999999999,45
OC887,HAIL & RIDE HORNCHURCH HILL,0.36985,49
OC888,HAIL & RIDE HORNCHURCH HILL,6.1444,44
OC890,HAIL & RIDE MANOR DRIVE NORTH,7.721009999999999,59
OC894,CROWN STREET,0.231,74
OC895,BRENTWOOD HIGH STREET,335.57731,67
OC896,HAIL & RIDE MANOR DRIVE NORTH,0.11049,62
OC897,HAIL & RIDE THE MANOR DRIVE,4.50245,59
OC898,HAIL & RIDE THE MANOR DRIVE,0.7814299999999998,62
OC899,HAIL & RIDE GREEN LANE,35.597159999999995,59
OC901,HEATHROW CENTRAL BUS STATION,0.0,691
OC907,HAIL & RIDE GREEN LANE,5.1646399999999995,59
OC908,HAIL & RIDE BROWNING AVENUE,46.55907,60
OC909,HAIL & RIDE BROWNING AVENUE,39.22423,62
OC910,HAIL & RIDE DORCHESTER ROAD,52.12927,61
OC911,HAIL & RIDE DORCHESTER ROAD,13.05098,64
OC912,HAIL & RIDE ANDREWS CLOSE,23.0113,60
OC913,HAIL & RIDE CANTERBURY CLOSE,55.13022,64
OC914,HAIL & RIDE STAINES AVENUE,20.46757,59
OC915,HAIL & RIDE STAINES AVENUE,5.77313,60
OC916,HAIL & RIDE HENLEY AVENUE,29.06403,59
OC917,HAIL & RIDE HENLEY AVENUE,17.6057,60
OC918,HAIL & RIDE WINDSOR AVENUE,29.42324,57
OC919,HAIL & RIDE WINDSOR AVENUE,26.37933,60
OC920,HAIL & RIDE MARLBOROUGH ROAD,12.46997,60
OC921,HAIL & RIDE MARLBOROUGH ROAD,19.91959,63
OC922,HAIL & RIDE DIBDIN ROAD,16.74034,60
OC923,HAIL & RIDE DIBDIN ROAD,1.7258999999999998,63
OC925,HAIL & RIDE PYLBROOK ROAD,14.07555,59
OC926,HAIL & RIDE PYLBROOK ROAD,4.7666699999999995,61
OC928,HAIL & RIDE CEDAR ROAD,23.09539,60
OC929,HAIL & RIDE BRIGHTON ROAD,3.1682899999999994,62
OC930,HAIL & RIDE LANGLEY PARK ROAD,2.60671,61
OC931,HAIL & RIDE CEDAR ROAD,5.0501,61
OC932,HAIL & RIDE LIND ROAD,8.99758,60
OC933,HAIL & RIDE LANGLEY PARK ROAD,24.756619999999998,63
OC934,HAIL & RIDE LOWER ROAD,0.0,60
OC935,HAIL & RIDE VERNON ROAD,8.82782,63
OC936,HAIL & RIDE BROWNING AVENUE,1.7760399999999998,60
OC937,HAIL & RIDE COLERIDGE AVENUE,12.68709,63
OC938,HAIL & RIDE COLERIDGE AVENUE,14.572379999999999,60
OC939,HAIL & RIDE COLSTON AVENUE,9.01053,62
OC940,HAIL & RIDE CARSHALTON STATION,35.20664,57
OC941,HAIL & RIDE CARSHALTON STATION,83.84943,61
OC942,HAIL & RIDE WEST STREET,9.25277,60
OC943,HAIL & RIDE CAMBRIDGE RD / CARSHALTON RD,16.89047,58
OC944,HAIL & RIDE CAMBRIDGE ROAD / BANSTEAD RD,0.3908499999999999,58
OC947,HAIL & RIDE RYECROFT ROAD,5.54777,65
OC948,HAIL & RIDE KYDBROOK CLOSE,6.51472,70
OC949,HAIL & RIDE CHESHAM AVE / WOODHURST AVE,4.05185,64
OC969,HAIL & RIDE ASH ROW,50.11429,136
OC970,HAIL & RIDE PRESCOTT AVENUE,13.49152,70
OC971,HAIL & RIDE CHESHAM AVE / WOODHURST AVE,12.17543,70
OC972,HAIL & RIDE RICKMAN HILL,3.3312799999999996,50
OC973,HAIL & RIDE THE DRIVE,16.3951,43
OC974,HAIL & RIDE BIGGIN HILL LIBRARY & POOL,1.63136,28
OC976,STAINES BUS STATION,133.02271,141
OC977,STAINES BUS STATION,247.20753,143
OC978,STAINES BUS STATION,399.59809,142
OC980,STAINES BUS STATION,181.30752,147
OC982,CENTENNIAL AVENUE,2.29948,80
OC983,CENTENNIAL PARK,3.22037,157
OC984,CENTENNIAL AVENUE,123.48813,77
OC985,HAIL & RIDE CREWS HILL,3.30476,102
R0001,FINSBURY PARK INTERCHANGE,0.0,348
R0002,FINSBURY PARK INTERCHANGE,2062.2235,248
R0003,FINSBURY PARK INTERCHANGE,1278.20755,169
R0005,INVERFORTH HOUSE,47.55493,178
R0016,SHAKESPEARE ROAD,483.21934,96
R0021,BALGONIE ROAD,303.23839,289
R0022,LEYTONSTONE HIGH ROAD STATION,487.46169,185
R0024,GREEN MAN ROUNDABOUT,437.8231,482
R0026,BUSH ROAD / GREEN MAN ROUNDABOUT,15.8159,73
R0027,BUSH ROAD / GREEN MAN ROUNDABOUT,8.707659999999999,193
R0028,THE DRIVE,168.60367,82
R0030,CENTURY ROAD,146.49203,187
R0031,ST JAMES'S STREET STATION,641.92524,247
R0033,ST JAMES'S STREET STATION,1498.85275,250
R0034,SELBORNE WALK,570.07056,618
R0035,SELBORNE WALK / VERNON ROAD,399.58977,603
R0040,WADHAM ROAD,66.17623999999999,78
R0042,AMESBURY DRIVE,108.05887,76
R0043,MAIDA AVENUE,3.0163999999999986,87
R0044,AVELING PARK ROAD,358.22071,333
R0045,ST JOHN'S ROAD,484.38318,246
R0049,ABBOTS LANE,247.07286,281
R0055,SEVEN SISTERS ROAD / PARKHURST ROAD,1035.86295,367
R0058,KING'S CROSS STATION,4069.47003,379
R0059,EUSTON BUS STATION,0.3617999999999998,19
R0063,FOOTS CRAY LANE / HURST ROAD,70.79787,140
R0067,RENWICK ROAD,95.79948,156
R0068,MORRISON ROAD,49.14835,155
R0072,BELGRAVIA POLICE STATION,16.37373,75
R0074,WOOD LANE,64.61588,236
R0078,GRAY'S INN ROAD,943.41746,387
R0079,BELLWOOD ROAD,13.03497,72
R0080,UNDERHILL ROAD,81.85792,177
R0081,GOODRICH ROAD,380.89857,177
R0083,SYDENHAM STATION  / WESTWOOD HILL,437.30699,158
R0085,CAMBRIDGE CIRCUS,3062.72594,650
R0086,JERRARD STREET,66.65179,175
R0089,MOORGATE STATION,846.72529,354
R0090,GARDEN CLOSE,29.118769999999998,72
R0097,SHERWOOD PARK ROAD,455.18054,175
R0098,SLOANE SQUARE STN  / LOWER SLOANE ST,2680.44619,421
R0103,HANGER LANE STATION,1069.84002,261
R0106,HARROW LODGE PARK,22.00697,85
R0107,SOUTHALL / NORTH ROAD,1650.06409,258
R0111,COPT GILDERS,166.42652999999999,114
R0113,OXFORD ROAD,40.58547,169
R0123,GAINSBORO GARDENS,318.02672,154
R0124,THE PRINCE ALBERT / TWICKENHAM,220.4296,328
R0125,PARKSIDE,387.57662,251
R0127,HOLMWOOD ROAD,51.91551,229
R0130,THE MAYPOLE,325.54587,286
R0132,EDITH GARDENS,202.02661,74
R0133,EDITH GARDENS,60.15509,74
R0134,MILL GREEN ROAD,177.23523,149
R0136,THE WILSON HOSPITAL,40.37423,149
R0138,THE WILSON HOSPITAL,82.67784,146
R0142,SIMPSON ROAD,187.63765,175
R0147,HAMILTON ROAD,168.4725,77
R0150,WOOD END PARK SCHOOL,247.08152,76
R0152,HAMPTON CHURCH,6.472499999999998,77
R0153,HAMPTON CHURCH,66.16721,77
R0154,QUEENS ROAD,231.87427,255
R0157,HARLINGTON ROAD WEST,23.332079999999998,148
R0158,ELGIN AVENUE / CHIPPENHAM ROAD,298.10007,359
R0160,REGENT ROAD,56.34729,74
R0162,TOLWORTH STATION,240.77813,217
R0163,COMMON ROAD,75.45094999999999,141
R0166,MANFRED ROAD,57.17299,165
R0167,RICHMOND ROAD,103.21718,126
R0168,POPES GROTTO,115.25585,170
R0171,SAVAGE GARDENS,59.07423,169
R0175,HEDGEMANS ROAD,784.22629,241
R0185,PUTNEY BRIDGE STN / FULHAM HIGH STREET,19.763569999999998,142
R0189,SOUTH VALE,126.00623,153
R0192,PENDULA DRIVE,33.16595,80
R0197,RAVENSCOURT PARK STATION,178.92766,164
R0199,ASKEW ROAD LIBRARY / GAYFORD ROAD,744.9382400000001,167
R0200,UXBRIDGE ROAD,155.09058,167
R0201,FULHAM TOWN HALL,1.6865599999999996,97
R0205,KINGSASH DRIVE,74.04965,81
R0206,KINGSASH DRIVE,75.90829,80
R0208,BERRYDALE ROAD,60.58061,80
R0209,CHISWICK ROAD,141.56092999999998,338
R0210,DERLEY ROAD,620.51435,334
R0213,QUEENS WALK,152.49298000000002,81
R0214,TURNHAM GREEN CHURCH,723.5281,227
R0217,CROYDON ROAD / PLOUGH LANE,262.83754,159
R0219,LOWER MORDEN LANE,526.20639,170
R0221,WINDMILL ROAD,201.08272,164
R0222,BIDEFORD AVENUE,44.21147,158
R0224,OSTERLEY STATION,263.54991,78
R0225,GILLETTE CORNER,281.91447,79
R0226,CHISWICK ROUNDABOUT / GUNNERSBURY,9.08377,77
R0227,BEACON ROAD,16.76721,67
R0228,LONG LANE,22.482229999999998,75
R0229,CROYSDALE AVENUE,19.92568,147
R0232,WELLINGTON ROAD NORTH,192.80094,427
R0233,ST PAUL'S CHURCH,382.50649,427
R0234,HEATHROW PARK THISTLE HOTEL,411.94853,154
R0238,BRICKFIELD LANE,338.99495,261
R0240,BRODRICK ROAD,270.77561000000003,157
R0242,HILL VIEW ROAD,74.11031,154
R0244,HILL VIEW ROAD,52.05731,155
R0245,WHITTON ROAD,126.23913,155
R0247,PRIORY LANE,444.82025,244
R0248,SHEEN COURT,179.0661,255
R0251,MITCHAM GARDEN VILLAGE / WILLOW LANE,24.09919,149
R0253,CHASE ROAD,108.89495,316
R0254,GYPSY CORNER,173.91541999999998,249
R0255,STONEBRIDGE PARK STN   / POINT PLACE,1125.52025,172
R0256,TEIGNMOUTH GARDENS,150.84158,246
R0259,BRENTMEAD GARDENS,63.28006,80
R0260,HARLESDEN STATION,835.61983,465
R0261,WILLESDEN JUNCTION STATION,0.0,166
R0264,ARK ELVIN ACADEMY / PARK LANE,2270.47048,504
R0266,WAXLOW ROAD,345.8234,463
R0267,WEMBLEY HIGH ROAD,142.147,253
R0268,WEMBLEY CENTRAL STATION,2879.30386,432
R0272,QUEENS RIDE,276.87023,244
R0273,UXBRIDGE ROAD / HAMPTON SAINSBURY'S,473.46514,336
R0274,TEDDINGTON POLICE STATION,7.79841,44
R0275,TOOTING / THE MITRE,1247.77484,742
R0276,MORTLAKE ROAD,231.78109,178
R0279,RAVENSWOOD COURT,266.57192,168
R0280,BULLEN STREET,687.78547,475
R0284,WOFFINGTON CLOSE,111.81512000000001,191
R0285,WOFFINGTON CLOSE,72.67896999999999,188
R0286,HAYES CRESCENT,0.27426,94
R0287,TOLWORTH STATION,484.98023,223
R0290,MORTLAKE BUS STATION,81.74622,136
R0292,MAPLE ROAD,51.77001,77
R0293,MANOR CIRCUS,395.77945,416
R0297,HERMIT ROAD,1997.16981,607
R0299,MORDEN HALL ROAD / CENTRAL ROAD,202.60496,478
R0307,TOTTENHAM POLICE STATION,1420.86556,513
R0308,MASEFIELD CRESCENT,680.30844,244
R0310,FRITH LANE,170.78929,145
R0311,ROMAN ROAD / GROVE ROAD,267.02382,177
R0312,LEY STREET,380.31422,221
R0313,ASPEN WAY,258.40498,183
R0314,CANADA SQUARE SOUTH / CANARY WHARF STN,900.96569,447
R0315,CANARY WHARF STATION,1352.13875,449
R0316,WOODVILLE ROAD,43.74827,79
R0320,STANLEY AVENUE,277.91573,75
R0321,HIGHLANDS VILLAGE / ELIZABETH LODGE,59.82161,139
R0323,ANGEL CORNER,1175.50811,358
R0324,REGENTS COURT,118.74724,84
R0325,SHREWSBURY ROAD,988.7388,278
R0326,NUTTER LANE,130.12018,181
R0327,LONDON ROAD SYNAGOGUE,37.931599999999996,160
R0328,KING GEORGE AVENUE,156.88569,228
R0329,TOBACCO DOCK,15.62203,25
R0331,PONTOON DOCK STATION,137.907,161
R0332,MAWNEY ROAD,297.3535,491
R0334,SOUTHEND ROAD,163.53498,169
R0336,PENTLAND CLOSE,1.5407399999999996,78
R0337,ROM VALLEY WAY,211.5231,547
R0338,VICTORIA ROAD,477.54227000000003,256
R0341,TREDERWEN ROAD,63.6506,84
R0347,HAMPTON SCHOOL,111.12051,96
R0348,WELLINGTON CRESCENT,260.14909,147
R0351,MARYLAND STATION,816.21249,203
R0353,STUDLEY ROAD,111.28672,79
R0359,WEMBLEY HILL ROAD,319.65712,246
R0361,EAST LANE,146.12301,159
R0362,THORNHAM GROVE,101.66976,96
R0363,LITTLE ILFORD SCHOOL,640.15316,80
R0365,STOKE NEWINGTON CHURCH STREET,1519.2937,548
R0368,ST MARY'S CHURCH,58.83554,160
R0369,ST MARY'S CHURCH,44.060579999999995,155
R0370,PINNER VIEW,99.03239,81
R0381,MILE END PARK LEISURE CENTRE,161.08875,265
R0382,UPPER NORTH STREET,194.33619,278
R0385,MAXEY ROAD,571.70326,908
R0386,BELMARSH PRISON,772.53051,404
R0388,ALBEMARLE ROAD,58.93722,78
R0389,LEBANON GARDENS,24.00151,105
R0392,DOWNE COURT RIDING CENTRE,0.3914299999999999,28
R0393,THE HILLSIDE,0.0542,11
R0394,MILL BROOK ROAD,33.35227,120
R0395,MEAD WAY,18.36532,77
R0396,ASHFIELD LANE,108.63848,154
R0397,BLACKSMITHS LANE,23.83303,63
R0398,ORPINGTON STATION,1.9776699999999994,756
R0401,LEWISHAM HOSPITAL,1259.39137,620
R0402,WEMBLEY HILL ROAD,56.55414,91
R0403,GROVE PARK BUS STATION,221.65781,159
R0404,PASTURE ROAD,115.55818,81
R0405,MANOR ROAD,448.3039,324
R0406,THORNFORD ROAD,151.2109,166
R0409,LODGE HILL,46.66614,69
R0410,BURNT ASH ROAD / LEE ROAD,796.10838,161
R0411,FARMCOTE ROAD,62.00656,83
R0412,FARMCOTE ROAD,35.78691,81
R0413,MARVELS LANE / CHINBROOK ROAD,406.38555,317
R0414,GROVE PARK STATION,1383.00103,152
R0416,CREST ROAD,28.868229999999997,214
R0417,STREATHAM HILL / CHRISTCHURCH ROAD,2419.14744,986
R0418,MAPLETON CRESCENT,0.0,191
R0419,TRENT COUNTRY PARK,2.3947299999999996,43
R0420,TELFORD AVENUE,1465.99071,459
R0421,STREATHAM HILL STN  / STREATHAM HILL,1262.25781,431
R0427,FENN STREET,142.77626999999998,489
R0429,PUTNEY COMMON,0.0,76
R0430,LAMBETH ROAD,0.0,234
R0433,WINDMILL HILL / ENFIELD WAR MEMORIAL,460.44114,74
R0435,PUTNEY VALE CEMETERY,94.11322,169
R0436,LADYSMITH ROAD,197.80167,76
R0439,SLADE GREEN ROAD / MANOR ROAD,106.01079,103
R0441,DUNNAGE CRESCENT,233.66361,92
R0442,DUNNAGE CRESCENT,72.21695,96
R0443,WINDLASS PLACE,119.0424,97
R0444,RIVERSIDE YOUTH CLUB,170.58456,97
R0445,DEPTFORD PARK SCHOOL,163.65432,97
R0446,DEPTFORD PARK SCHOOL,29.02518,96
R0449,HYTHE ROAD,1.91561,96
R0451,GUINNESS CLOSE,95.16393,76
R0458,GRAHAM AVENUE,370.64827,182
R0459,YIEWSLEY LIBRARY,285.43606,230
R0460,PRINTING HOUSE LANE,155.86351,159
R0463,LOAMPIT VALE,8.072009999999999,175
R0464,POMEROY STREET,973.12344,370
R0465,MARQUIS OF GRANBY,2569.23259,566
R0467,NILE TERRACE,208.79179,172
R0468,LOWER ROAD / CHURCH MANORWAY,107.6368,240
R0469,HAMPSTEAD SCHOOL,100.37152,75
R0470,HORSE GUARDS PARADE,490.89265,804
R0471,VICTORIA STATION,60.96118,287
R0472,GRANGE PARK ROAD,1006.26994,367
R0473,MARKHOUSE ROAD,443.87125000000003,203
R0474,EMMANUEL PARISH CHURCH,664.58407,202
R0477,CHINGFORD LANE,445.51996,318
R0478,KINGS ROAD / FRIDAY HILL,140.49741,210
R0479,CHINGFORD MOUNT,804.34164,394
R0481,PARSONAGE LANE / NORTH CRAY CHURCH,19.51021,72
R0482,ELLENBOROUGH ROAD,57.818619999999996,73
R0485,QUAKERS COURSE,539.23386,260
R0487,SWAN & SUGAR LOAF,848.2196299999999,465
R0488,NEVILLE CLOSE,278.74836,172
R0490,ADELPHI WAY,140.66092,149
R0491,KENTON LIBRARY,83.17312,70
R0492,CURZON CRESCENT,350.82918,175
R0494,GREAT WEST ROAD,578.82938,174
R0498,SOUTHEND ROAD,62.95451,176
R0499,CHARLIE BROWN'S ROUNDABOUT,90.54611,174
R0500,BRENTWOOD ROAD,63.45057,181
R0501,HOLLAND WAY,29.929289999999998,374
R0504,FARNBOROUGH WAY,50.36206,62
R0505,CONVENT HILL,172.53643,267
R0506,SUNNYBANK,181.85778,250
R0507,LEAVES GREEN / ASHMORE LANE,7.40588,184
R0509,BROMLEY MAGISTRATES COURT,161.22168,227
R0511,HIGH TREES,1151.05475,331
R0512,WARREN ROAD,1.86021,57
R0514,HIGH STREET / BROOMHILL ROAD,700.78587,717
R0515,DULWICH WOOD PARK / KINGSWOOD DRIVE,312.64589,173
R0516,TINTAGEL ROAD / GILLMANS ROAD,6.499859999999999,138
R0517,PICKHURST LANE / GOODHART WAY,14.08828,68
R0519,DALBERG ROAD / EFFRA PARADE,253.24031,268
R0520,WALNUTS CENTRE,1165.74565,723
R0521,OLD FARM AVENUE,474.72242,154
R0522,BETCHWORTH WAY,70.396,89
R0523,WARHAM ROAD / BRIGHTON ROAD,142.65879,235
R0524,UNIVERSITY OF GREENWICH / SOUTHWOOD SITE,496.74591,152
R0525,DUNHEVED ROAD NORTH,648.40045,513
R0528,CHISLEHURST / GORDON ARMS,66.43907999999999,154
R0533,WAT TYLER ROAD,106.02235,175
R0535,SUFFOLK ROAD,104.30624,248
R0536,NORTHEND ROAD / COLYERS LANE,373.34676,168
R0537,BEXLEYHEATH LIBRARY,1.5471199999999996,77
R0539,LITTLEHEATH ROAD,33.663109999999996,165
R0540,DUNRAVEN SCHOOL,90.04784,92
R0541,SUNNYDENE ROAD,8.98439,80
R0542,SHEPPARD DRIVE,17.249,73
R0543,TYLECROFT ROAD,690.7953,96
R0545,HOLYROOD AVENUE,532.45018,81
R0546,NORWOOD GARDENS,146.26038,78
R0548,SIDCUP HIGH STREET / STATION ROAD,726.78638,229
R0550,WESTHORNE AVENUE / ELTHAM ROAD,162.83934,149
R0551,PLAISTOW GREEN,250.71258,311
R0553,GOOSE GREEN CLOSE,92.39592999999999,210
R0554,ELTHAM HIGH STREET / POUND PLACE,450.67538,479
R0555,BLACKFEN ROAD / WELLINGTON AVENUE,374.87603,98
R0556,KILMORIE ROAD,458.8673,180
R0557,CRESCENT DRIVE,16.75348,234
R0559,BASILDON ROAD,35.05176,81
R0561,EASTCOTE ROAD,94.93016,188
R0562,HALONS ROAD,83.1746,315
R0563,FRANCES STREET,690.64563,360
R0564,SPENCER PARK,53.96657,75
R0565,MITCHAM / LOWER GREEN,342.57916,487
R0567,THE CATFORD CENTRE,2610.9924,621
R0568,MANOR WAY,20.649079999999998,79
R0573,WESTMOUNT ROAD / ROCHESTER WAY,99.28732000000001,71
R0575,BALHAM NEW ROAD,476.81864,253
R0579,CLEVELEY CRESCENT,135.76425,169
R0590,CHADWELL HEATH HIGH ROAD,392.68239,76
R0591,ROMFORD STATION,3386.29039,485
R0592,ROEHAMPTON UNIVERSITY / MAIN ENTRANCE,429.4039,267
R0599,CROYDON ROAD / THE KESTON MARK,45.89331,128
R0600,KESTON PARK CLOSE,24.70357,127
R0602,AL-EMAAN CENTRE / KESTON MOSQUE,65.92546,73
R0603,AL-EMAAN CENTRE / KESTON MOSQUE,27.0719,68
R0604,BASTON ROAD,6.728389999999999,68
R0605,BASTON ROAD,0.6565799999999996,72
R0606,CROYDON ROAD / THE KESTON MARK,144.83115999999998,114
R0608,KESTON PARK CLOSE,18.17247,115
R0611,CONEY HALL,11.66072,63
R0612,CONEY HALL,12.38056,57
R0613,HARTFIELD CRESCENT,11.00243,56
R0614,HARTFIELD CRESCENT,1.6810099999999994,62
R0615,LOCKSBOTTOM / FARNBOROUGH COMMON,1.7336499999999997,114
R0640,BLACKHEATH RISE,137.36099,194
R0642,THIRLMERE HOUSE,1.1009,76
R0643,CLOCK TOWER INDUSTRIAL ESTATE,14.30973,75
R0644,CLAYTON ROAD,31.91103,75
R0645,CLAYTON ROAD,38.33668,75
R0646,ROSEBERY ROAD,140.58137,74
R0647,LYNCROFT GARDENS,45.094229999999996,76
R0648,LYNCROFT GARDENS,183.4616,75
R0649,NORBURY AVENUE,32.61187,76
R0650,SOUTHLAND WAY,77.61467,76
R0651,SHIP LANE / STAG BREWERY,42.464439999999996,187
R0653,BROAD STREET / TEDDINGTON,1586.20232,467
R0654,BIRCHWOOD CORNER,7.896069999999999,76
R0656,WESTERN ROAD,3070.71729,667
R0657,CLAYTON AVENUE,1161.69091,341
R0664,ROSEHILL ROAD,83.35857,134
R0666,STOATS NEST VILLAGE,25.598609999999997,78
R0672,TREDERWEN ROAD,68.41314,84
R0673,CHEAM BROADWAY,33.8517,51
R0674,BANCROFT ROAD / OCEAN ESTATE,287.32033,200
R0680,ROMFORD STATION,4315.53244,473
R0681,ROMFORD STATION,614.84267,338
R0682,NURSERY ROAD,67.07554,145
R0683,ENDLEBURY ROAD,20.74138,79
R0685,COOMBE GIRLS SCHOOL,260.11674,96
R0691,KINGSTON STATION,1556.11245,431
R0698,EDEN STREET,713.5283000000001,90
R0699,EDEN STREET,6433.0356,618
R0700,EDEN STREET,2730.41514,576
R0701,EDEN STREET,808.0949,301
R0702,EDEN STREET,6362.36977,537
R0705,FAIRFIELD BUS STATION,519.59325,377
R0708,THE APPLEBY CENTRE,179.54024,196
R0719,PURLEY CROSS,164.91329,348
R0721,WOODCOTE DRIVE,62.18912,74
R0722,ARCADIAN GARDENS,1030.96926,337
R0723,STATION ROAD,511.716,254
R0724,MACMILLAN STUDENTS VILLAGE,336.69223,207
R0725,MALMESBURY ROAD,148.31458,83
R0726,LONDON ROAD / MORDEN STATION,640.18295,316
R0728,TOOTING BROADWAY STATION,243.39117,254
R0729,ARCHBISHOP TENISON'S SCHOOL,188.64769,272
R0731,ABNEY PARK,192.3056,259
R0732,HOLLY COTTAGE,2.86115,68
R0733,ROYAL MARSDEN HOSPITAL / DOWNS ROAD,2.000529999999999,132
R0734,LAMBETH BRIDGE,140.43216,165
R0735,AUDLEIGH PLACE,66.03365,77
R0736,AUDLEIGH PLACE,88.58354,77
R0737,CHINGFORD STATION,38.37888,227
R0739,UPPER WOBURN PLACE / EUSTON ROAD,383.27212000000003,251
R0741,NEPTUNE STREET / ST OLAVES ESTATE,51.58105,274
R0742,KING STREET,1836.64964,538
R0743,ELGIN AVENUE / HARROW ROAD,919.27432,357
R0744,CRICKLEWOOD LANE,1805.5544,411
R0746,ARENA TRAM STOP,24.81532,76
R0748,SOUTHWOOD ROAD,263.25154,173
R0751,PENNINE DRIVE,133.64274,92
R0752,CROSSHARBOUR ASDA,894.67864,341
R0754,WEST SILVERTOWN STATION,1.0444799999999996,78
R0755,VANDOME CLOSE,184.97949,240
R0757,ILFORD HILL,2243.37546,765
R0758,FREE TRADE WHARF,31.85623,108
R0760,ROMFORD STATION,2556.53604,532
R0761,KING GEORGE SAILING CLUB,0.7309899999999999,73
R0775,CLEVEDON ROAD,62.383309999999994,261
R0776,HIGH STREET / PENGE WEST STATION,418.54125,329
R0777,SYDENHAM AVENUE,30.36851,78
R0778,CRYSTAL PALACE PARK ROAD / WESTWOOD HILL,13.882879999999998,78
R0780,EAST INDIA DOCK ROAD,313.15549,265
R0781,ST PAUL'S WAY,398.28668,265
R0782,NORTHUMBERLAND AVENUE,8.415069999999998,78
R0783,DEN CLOSE,2.2630199999999996,96
R0789,EDGWARE STATION,2279.59137,313
R0790,EDGWARE BUS STATION,1953.78093,505
R0791,EDGWARE BUS STATION,1211.70101,324
R0792,EDGWARE BUS STATION,1993.54739,372
R0796,GOLDERS GREEN STATION,342.81902,319
R0797,GOLDERS GREEN STATION,232.08155,152
R0798,GOLDERS GREEN STATION,488.3484,348
R0800,GOLDERS GREEN STATION,214.35233,347
R0803,GOLDERS GREEN STATION,215.43961,80
R0814,LIVERPOOL STREET STATION,538.13641,95
R0815,LIVERPOOL STREET STATION,175.21094,77
R0816,LIVERPOOL STREET STATION,16.36285,15
R0838,HARROW BUS STATION,3906.57832,356
R0839,HARROW BUS STATION,1916.86729,680
R0840,HARROW BUS STATION,4387.2631,457
R0841,HARROW BUS STATION,4342.00651,633
R0842,HARROW BUS STATION,7355.1852,475
R0859,CREASE PARK,24.6469,147
R0860,CROYDON ROAD / WAR MEMORIAL,382.99792,244
R0861,ALL SAINTS CHURCH / CLARENCE STREET,567.58741,62
R0865,DOLMAN ROAD,52.39997,67
R0868,HAINAULT STREET,785.70856,806
R0871,BRIAR CLOSE,25.21941,121
R0872,WOOD STREET,959.09482,536
R0874,HAMMERSMITH BUS STATION,0.0,78
R0875,HAMMERSMITH BUS STATION,2209.00257,350
R0876,HAMMERSMITH BUS STATION,2513.75057,575
R0877,HAMMERSMITH BUS STATION,5433.27235,367
R0879,HAMMERSMITH BUS STATION,0.0,339
R0880,HAMMERSMITH BUS STATION,1916.78472,273
R0882,SPUR ROAD / ORPINGTON WAR MEMORIAL,119.73424,69
R0883,DULWICH VILLAGE,82.14236,163
R0884,NORTH CROSS ROAD,552.37731,330
R0886,ST MARGARET'S STATION,265.50791,162
R0891,BASTON SCHOOL,38.04297,113
R0894,CHESTNUT AVENUE,56.133739999999996,229
R0896,DOVEDALE CLOSE,45.35256,127
R0897,ASHBURNHAM ROAD,378.48549,82
R0898,UPTON COURT ROAD,84.26839,78
R0899,STAINES ROAD EAST,14.63755,68
R0900,MOUNT VERNON / BISHOPS WOOD HOSPITALS,11.06707,66
R0901,WOLSEY CLOSE,86.90694,91
R0903,ST CHRISTOPHER'S HOSPICE,72.07158,177
R0904,ST WINIFRED'S ROAD,1.5616999999999994,60
R0905,ELMSTEAD LANE / MOTTINGHAM ROAD,20.77534,78
R0906,CARTER DRIVE,0.8237999999999996,76
R0908,ROYAL HOSPITAL,27.4911,84
SL01,GARRICK CRESCENT,42.50031,170
SL02,GARRICK CRESCENT,48.14874,170
SL04,HAMSEY GREEN,36.80751,77
SL05,VERDAYNE GARDENS,6.65323,77
SL06,WARLINGHAM GREEN,11.516559999999998,77
SL07,WARLINGHAM / SAINSBURY'S,128.33689,152
SL20,GRESHAM AVENUE,60.271950000000004,76
SL21,WARLINGHAM GREEN,220.48485,76
SL22,CHURCH ROAD,32.5307,76
SL23,VERDAYNE GARDENS,48.85153,77
SL24,HAMSEY GREEN,253.61659,77
SL26,ST MARY'S CHURCH / WEST CROYDON,84.92730999999999,262
SL28,LUNAR HOUSE,206.23071,255
SL30,WHITGIFT CENTRE,297.00428999999997,704
SL31,DELTA POINT,769.75707,177
SL34,DELTA POINT,0.0,76
SL37,ST LEONARD'S CHURCH,2161.6104100000002,916
SL38,KATHARINE STREET,10.99105,98
SL39,PURLEY HIGH STREET / PURLEY STATION,1059.50522,497
T242,GLEBELANDS ROAD,0.21894999999999998,84
T243,GLEBELANDS ROAD,2.2439199999999997,81
T244,SHORE CLOSE,111.76434,84
T245,SHORE CLOSE,75.95456,82
T246,TACHBROOK ROAD,98.38755,84
T247,LETCHWORTH AVENUE,0.32718,82
T248,COLONIAL ROAD,43.27681,84
T249,COLONIAL ROAD,95.35991,82
T255,WATER MILL WAY,103.61211,83
T2557,FERNSIDE AVENUE,34.55799,82
T256,NORMAN HOUSE,1.80271,81
T2560,MCCARTHY ROAD,24.08306,81
T2562,DICKENSON ROAD,12.656889999999999,81
T2563,SUNBURY WAY,46.53571,83
T2568,CLIFTON AVENUE,98.05096999999999,83
T2569,ROOKERIES CLOSE,44.75736,82
T2570,FELTHAMBROOK WAY,46.261359999999996,81
T2571,FELTHAMBROOK WAY,72.52422,84
T2572,CHARLESTON CLOSE,25.44401,81
T2573,CHARLESTON CLOSE,54.79072,84
T259,SUNNINGDALE AVENUE,27.36196,83
W1,KINGS AVENUE / ATKINS ROAD,1051.08607,251
W13,RAVENSHEAD CLOSE,59.31908,75
W14,HAWTHORN CRESCENT,35.09614,75
W15,SELSDON LIBRARY,332.40873999999997,68
W18,SOPWITH WAY,110.92259,268
W19,SOPWITH WAY,344.85779,271
W20,WESTERN ROAD,75.36034,247
W23,ST GEORGE'S HOSPITAL / LANESBOROUGH WING,133.92638,223
W24,ST GEORGE'S / UNIVERSITY OF LONDON,84.4402,143
W25,ST GEORGE'S HOSPITAL / ST JAMES WING,76.79832999999999,224
W26,BANDON HILL CEMETERY,12.179509999999999,72
W27,MORDEN PARK BAPTIST CHURCH,57.73521,76
W28,ARAGON SCHOOL,25.025489999999998,77
W29,ARAGON SCHOOL,13.55806,79
W3,SHOTFIELD,34.63322,83
W30,KING GEORGE'S FIELD,12.75662,79
W31,KING GEORGE'S FIELD,10.218029999999999,77
W32,DUDLEY DRIVE,13.178099999999999,77
W33,CENTRAL ROAD,19.04883,83
W34,CENTRAL ROAD,84.58655,83
W37,MARKS ROAD,0.28931,77
W38,MARKS ROAD,42.34328,76
W4,SHANNON CORNER SUPERSTORES,102.20967,196
W41,SUTTON / GROVE ROAD,924.95361,586
W42,SUTTON / GROVE ROAD,1549.85368,332
W43,SUTTON PARK ROAD,113.62159,253
W44,FAIRFIELD ROAD,36.615379999999995,167
W45,FAIRFIELD ROAD,68.27033,170
W46,MORDEN STATION,1762.66638,139
W48,MORDEN STATION,3111.92809,508
W5,TILFORD AVENUE,32.18596,89
W6,BETCHWORTH WAY,41.51457,91
W7,HAWTHORN CRESCENT,9.775,76
