borough,STOPCODE,alpha
Barking and Dagenham,1029,0.5363088
Barking and Dagenham,1216,0.574807
Barking and Dagenham,1217,0.5822238
Barking and Dagenham,14100,0.5884635
Barking and Dagenham,14119,0.44981453
Barking and Dagenham,14677,0.36626035
Barking and Dagenham,14693,0.4939473
Barking and Dagenham,14694,0.4627454
Barking and Dagenham,14718,0.46709314
Barking and Dagenham,14951,0.6214717
Barking and Dagenham,14952,0.5756503
Barking and Dagenham,14953,0.5897157
Barking and Dagenham,14954,0.5823141
Barking and Dagenham,15003,0.5379684
Barking and Dagenham,15004,0.5345671
Barking and Dagenham,15445,0.54644984
Barking and Dagenham,15447,0.5124148
Barking and Dagenham,15448,0.50189924
Barking and Dagenham,15449,0.51211035
Barking and Dagenham,15450,0.4868321
Barking and Dagenham,15451,0.49946472
Barking and Dagenham,15452,0.5644255
Barking and Dagenham,15453,0.5957893
Barking and Dagenham,15454,0.61743015
Barking and Dagenham,15455,0.61127084
Barking and Dagenham,15456,0.65971756
Barking and Dagenham,15457,0.6470358
Barking and Dagenham,15458,0.560818
Barking and Dagenham,15459,0.5671358
Barking and Dagenham,15460,0.5447121
Barking and Dagenham,15461,0.5593423
Barking and Dagenham,15462,0.5264278
Barking and Dagenham,15463,0.5264125
Barking and Dagenham,15464,0.5457893
Barking and Dagenham,15465,0.5316793
Barking and Dagenham,15466,0.57886755
Barking and Dagenham,15467,0.579206
Barking and Dagenham,15468,0.435292
Barking and Dagenham,15469,0.47197536
Barking and Dagenham,15470,0.45125797
Barking and Dagenham,15477,0.5627346
Barking and Dagenham,15478,0.58569515
Barking and Dagenham,15479,0.6495758
Barking and Dagenham,15480,0.6504396
Barking and Dagenham,15481,0.4617153
Barking and Dagenham,15482,0.44026998
Barking and Dagenham,15504,0.42639038
Barking and Dagenham,15505,0.5023749
Barking and Dagenham,15506,0.51796263
Barking and Dagenham,15508,0.59854925
Barking and Dagenham,15513,0.58704364
Barking and Dagenham,15514,0.57763904
Barking and Dagenham,15515,0.59393847
Barking and Dagenham,15517,0.5681061
Barking and Dagenham,15518,0.52642447
Barking and Dagenham,15519,0.5600384
Barking and Dagenham,15520,0.5627751
Barking and Dagenham,15522,0.5340239
Barking and Dagenham,15586,0.48610297
Barking and Dagenham,16480,0.6268482
Barking and Dagenham,16481,0.5163142
Barking and Dagenham,16484,0.4182033
Barking and Dagenham,16485,0.48559612
Barking and Dagenham,1676,0.47091222
Barking and Dagenham,1677,0.4705023
Barking and Dagenham,16970,0.45592886
Barking and Dagenham,1709,0.42233846
Barking and Dagenham,1710,0.45249644
Barking and Dagenham,1711,0.41528872
Barking and Dagenham,18025,0.4254828
Barking and Dagenham,18026,0.40755093
Barking and Dagenham,18296,0.56853294
Barking and Dagenham,18297,0.5742297
Barking and Dagenham,18298,0.4735231
Barking and Dagenham,18299,0.47109312
Barking and Dagenham,1830,0.53763634
Barking and Dagenham,18301,0.47071648
Barking and Dagenham,18304,0.42706516
Barking and Dagenham,18305,0.42807347
Barking and Dagenham,18306,0.40746155
Barking and Dagenham,18307,0.4083594
Barking and Dagenham,18308,0.4463942
Barking and Dagenham,18309,0.45530224
Barking and Dagenham,1831,0.515792
Barking and Dagenham,18310,0.44202906
Barking and Dagenham,18311,0.44488975
Barking and Dagenham,18312,0.48059264
Barking and Dagenham,18313,0.44433063
Barking and Dagenham,18314,0.54039997
Barking and Dagenham,18340,0.5573386
Barking and Dagenham,18341,0.53670186
Barking and Dagenham,18342,0.55737925
Barking and Dagenham,18343,0.59070975
Barking and Dagenham,18344,0.5812011
Barking and Dagenham,18345,0.55229133
Barking and Dagenham,18346,0.54130256
Barking and Dagenham,18391,0.55890816
Barking and Dagenham,18392,0.5267965
Barking and Dagenham,18393,0.47520006
Barking and Dagenham,18394,0.48346204
Barking and Dagenham,18800,0.4587178
Barking and Dagenham,1904,0.4657385
Barking and Dagenham,19041,0.580284
Barking and Dagenham,19042,0.5763608
Barking and Dagenham,19296,0.48416746
Barking and Dagenham,19297,0.5136032
Barking and Dagenham,19298,0.5136498
Barking and Dagenham,19299,0.46198717
Barking and Dagenham,19300,0.52082705
Barking and Dagenham,19301,0.5215048
Barking and Dagenham,19302,0.5267139
Barking and Dagenham,19303,0.56898755
Barking and Dagenham,19304,0.5699282
Barking and Dagenham,19305,0.51165044
Barking and Dagenham,19306,0.51390505
Barking and Dagenham,19307,0.51250106
Barking and Dagenham,19308,0.5060753
Barking and Dagenham,19309,0.5232509
Barking and Dagenham,19310,0.55719435
Barking and Dagenham,19311,0.54890573
Barking and Dagenham,19312,0.5489625
Barking and Dagenham,19313,0.3871247
Barking and Dagenham,19315,0.44887546
Barking and Dagenham,19316,0.43684137
Barking and Dagenham,20339,0.6089222
Barking and Dagenham,20392,0.54148525
Barking and Dagenham,20499,0.50993246
Barking and Dagenham,20500,0.47613546
Barking and Dagenham,20521,0.46210995
Barking and Dagenham,20540,0.4655152
Barking and Dagenham,20541,0.45871297
Barking and Dagenham,20693,0.4587277
Barking and Dagenham,20694,0.48328167
Barking and Dagenham,20697,0.512616
Barking and Dagenham,20811,0.6294623
Barking and Dagenham,20822,0.45474675
Barking and Dagenham,20880,0.56181896
Barking and Dagenham,20881,0.53151566
Barking and Dagenham,20971,0.6104882
Barking and Dagenham,20988,0.58899
Barking and Dagenham,2288,0.4097367
Barking and Dagenham,2290,0.4377985
Barking and Dagenham,23397,0.5518761
Barking and Dagenham,25125,0.43902275
Barking and Dagenham,25377,0.5598778
Barking and Dagenham,25378,0.55910873
Barking and Dagenham,25379,0.56619
Barking and Dagenham,25380,0.565069
Barking and Dagenham,25381,0.5985291
Barking and Dagenham,25382,0.6531649
Barking and Dagenham,25383,0.593749
Barking and Dagenham,25384,0.56723094
Barking and Dagenham,25385,0.5637658
Barking and Dagenham,25386,0.5370263
Barking and Dagenham,25387,0.5213985
Barking and Dagenham,25388,0.4942601
Barking and Dagenham,25389,0.58130175
Barking and Dagenham,25390,0.5389104
Barking and Dagenham,25391,0.4827499
Barking and Dagenham,25392,0.4912406
Barking and Dagenham,25393,0.46322295
Barking and Dagenham,25394,0.46982402
Barking and Dagenham,25395,0.4885864
Barking and Dagenham,25396,0.50627977
Barking and Dagenham,25399,0.5865221
Barking and Dagenham,26367,0.54623514
Barking and Dagenham,26887,0.5040182
Barking and Dagenham,26888,0.500499
Barking and Dagenham,27451,0.40330094
Barking and Dagenham,27870,0.51287585
Barking and Dagenham,27950,0.44657543
Barking and Dagenham,2838,0.44568053
Barking and Dagenham,29141,0.47613624
Barking and Dagenham,29142,0.44389886
Barking and Dagenham,29143,0.5192877
Barking and Dagenham,29144,0.5033397
Barking and Dagenham,29234,0.47520578
Barking and Dagenham,29235,0.48293957
Barking and Dagenham,29236,0.46690813
Barking and Dagenham,29237,0.5970771
Barking and Dagenham,29238,0.60169905
Barking and Dagenham,29239,0.4447886
Barking and Dagenham,29240,0.44022864
Barking and Dagenham,29241,0.4334177
Barking and Dagenham,29256,0.5359992
Barking and Dagenham,29257,0.5416809
Barking and Dagenham,29258,0.5409799
Barking and Dagenham,29259,0.49987873
Barking and Dagenham,29260,0.49519965
Barking and Dagenham,29261,0.48170575
Barking and Dagenham,29262,0.4787417
Barking and Dagenham,29413,0.61665756
Barking and Dagenham,29414,0.6120316
Barking and Dagenham,29415,0.64242196
Barking and Dagenham,29416,0.6410118
Barking and Dagenham,29417,0.5686431
Barking and Dagenham,29418,0.5680622
Barking and Dagenham,29419,0.6256311
Barking and Dagenham,29420,0.61465997
Barking and Dagenham,29422,0.5622558
Barking and Dagenham,29423,0.57729214
Barking and Dagenham,29424,0.5554081
Barking and Dagenham,29425,0.55060714
Barking and Dagenham,29510,0.56993663
Barking and Dagenham,29511,0.5468876
Barking and Dagenham,29512,0.55074036
Barking and Dagenham,29513,0.5674258
Barking and Dagenham,29514,0.5951974
Barking and Dagenham,29516,0.53226656
Barking and Dagenham,29517,0.5095829
Barking and Dagenham,29518,0.515853
Barking and Dagenham,29542,0.53689635
Barking and Dagenham,29747,0.47098944
Barking and Dagenham,29749,0.48644868
Barking and Dagenham,29750,0.48610732
Barking and Dagenham,29751,0.6005104
Barking and Dagenham,29752,0.5966232
Barking and Dagenham,29754,0.542452
Barking and Dagenham,29776,0.35951692
Barking and Dagenham,29836,0.47074342
Barking and Dagenham,29973,0.5331855
Barking and Dagenham,3319,0.4532381
Barking and Dagenham,3320,0.45336574
Barking and Dagenham,3321,0.49015737
Barking and Dagenham,3322,0.48493895
Barking and Dagenham,33514,0.40554687
Barking and Dagenham,33515,0.3930866
Barking and Dagenham,33722,0.58966154
Barking and Dagenham,33954,0.40293583
Barking and Dagenham,33956,0.43616694
Barking and Dagenham,34726,0.5329625
Barking and Dagenham,34865,0.59658825
Barking and Dagenham,34866,0.58919805
Barking and Dagenham,34884,0.4787135
Barking and Dagenham,34996,0.56743866
Barking and Dagenham,34998,0.55369043
Barking and Dagenham,36559,0.5505652
Barking and Dagenham,36651,0.53765637
Barking and Dagenham,37184,0.36872134
Barking and Dagenham,37185,0.43563375
Barking and Dagenham,37186,0.45168898
Barking and Dagenham,37187,0.46759918
Barking and Dagenham,37188,0.387741
Barking and Dagenham,37189,0.43080667
Barking and Dagenham,37196,0.41134733
Barking and Dagenham,3816,0.5675583
Barking and Dagenham,4282,0.577596
Barking and Dagenham,4283,0.5696879
Barking and Dagenham,4284,0.5091734
Barking and Dagenham,4285,0.5125017
Barking and Dagenham,4294,0.58437943
Barking and Dagenham,4295,0.5802554
Barking and Dagenham,4296,0.5040453
Barking and Dagenham,4298,0.38743454
Barking and Dagenham,4303,0.46971542
Barking and Dagenham,587,0.45639622
Barking and Dagenham,9544,0.36770335
Barking and Dagenham,9548,0.39281785
Barking and Dagenham,9645,0.37939066
Barking and Dagenham,9646,0.41840535
Barking and Dagenham,9820,0.57914215
Barking and Dagenham,9821,0.61050844
Barking and Dagenham,9822,0.6793198
Barking and Dagenham,9823,0.6737035
Barking and Dagenham,BP071,0.5436669
Barking and Dagenham,BP096,0.35883525
Barking and Dagenham,BP1105,0.49630004
Barking and Dagenham,BP1296,0.5162597
Barking and Dagenham,BP133,0.48617887
Barking and Dagenham,BP147,0.57985026
Barking and Dagenham,BP155,0.57843614
Barking and Dagenham,BP164,0.5445682
Barking and Dagenham,BP1750,0.42180386
Barking and Dagenham,BP181,0.57206845
Barking and Dagenham,BP1920,0.5597786
Barking and Dagenham,BP1991,0.49798352
Barking and Dagenham,BP2154,0.40843597
Barking and Dagenham,BP2155,0.3741828
Barking and Dagenham,BP222,0.5360151
Barking and Dagenham,BP227,0.55524987
Barking and Dagenham,BP230,0.4959769
Barking and Dagenham,BP2661,0.46202734
Barking and Dagenham,BP270,0.45365435
Barking and Dagenham,BP2818,0.45388278
Barking and Dagenham,BP3038,0.4548583
Barking and Dagenham,BP3039,0.46590975
Barking and Dagenham,BP3042,0.48077586
Barking and Dagenham,BP3472,0.49055976
Barking and Dagenham,BP4055,0.40302932
Barking and Dagenham,BP4056,0.45386454
Barking and Dagenham,BP433,0.40830347
Barking and Dagenham,BP4381,0.4797261
Barking and Dagenham,BP4382,0.48647824
Barking and Dagenham,BP4426,0.438266
Barking and Dagenham,BP4431,0.47435266
Barking and Dagenham,BP4609,0.50381494
Barking and Dagenham,BP5390,0.43535784
Barking and Dagenham,BP5397,0.50865847
Barking and Dagenham,BP5398,0.5051962
Barking and Dagenham,BP5400,0.5517945
Barking and Dagenham,BP5410,0.50993025
Barking and Dagenham,BP5411,0.51278013
Barking and Dagenham,BP5414,0.5188295
Barking and Dagenham,BP5415,0.49355403
Barking and Dagenham,BP5434,0.4826612
Barking and Dagenham,BP5546,0.53880644
Barking and Dagenham,BP5652,0.5390757
Barking and Dagenham,BP5653,0.53915054
Barking and Dagenham,BP5755,0.33249363
Barking and Dagenham,BP5799,0.5442397
Barking and Dagenham,BP6069,0.37366942
Barking and Dagenham,BP6070,0.43075967
Barking and Dagenham,BP6071,0.47579643
Barking and Dagenham,BP6072,0.51247936
Barking and Dagenham,BP6138,0.5545688
Barking and Dagenham,BP6283,0.51745903
Barking and Dagenham,BP6284,0.51095194
Barking and Dagenham,BP6285,0.5193957
Barking and Dagenham,HC220,0.41771987
Barking and Dagenham,HC221,0.44280222
Barking and Dagenham,HC222,0.40757826
Barking and Dagenham,HC223,0.42588335
Barking and Dagenham,HC224,0.40251726
Barking and Dagenham,HC225,0.41677144
Barking and Dagenham,HC294,0.5859935
Barking and Dagenham,HC295,0.54206824
Barking and Dagenham,HC296,0.56929576
Barking and Dagenham,LE134,0.45405245
Barking and Dagenham,LE171,0.35652336
Barking and Dagenham,LE195,0.44526735
Barking and Dagenham,LE217,0.5033464
Barking and Dagenham,LE218,0.4946451
Barking and Dagenham,LE222,0.49814144
Barking and Dagenham,LE223,0.5922915
Barking and Dagenham,LE224,0.5860004
Barking and Dagenham,OC628,0.542377
Barking and Dagenham,R0067,0.5561654
Barking and Dagenham,R0068,0.51858586
Barking and Dagenham,R0175,0.45599028
Barking and Dagenham,R0320,0.4760376
Barking and Dagenham,R0338,0.4847893
Barking and Dagenham,R0590,0.41909394
Barking and Dagenham,15585,0.47450328
Barking and Dagenham,29139,0.44814637
Barking and Dagenham,29140,0.40774152
Barking and Dagenham,29756,0.5402866
Barking and Dagenham,33951,0.38581035
Barking and Dagenham,33952,0.45351246
Barking and Dagenham,33955,0.43983376
Barking and Dagenham,34361,0.5469184
Barking and Dagenham,34843,0.49180076
Barking and Dagenham,35770,0.3997367
Barking and Dagenham,35771,0.35508657
Barking and Dagenham,4279,0.49716055
Barking and Dagenham,695,0.3668778
Barking and Dagenham,BP236,0.3788573
Barking and Dagenham,BP4052,0.39073628
Barking and Dagenham,BP4053,0.4032369
Barking and Dagenham,BP4054,0.4095464
Barking and Dagenham,BP4057,0.4071749
Barking and Dagenham,BP4191,0.39415482
Barking and Dagenham,BP4825,0.35509515
Barking and Dagenham,LE138,0.3592351
Barking and Dagenham,LE174,0.3601871
Barnet,1023,0.56967854
Barnet,10242,0.62532914
Barnet,11136,0.5389581
Barnet,11205,0.40656418
Barnet,11772,0.56345236
Barnet,11773,0.5741934
Barnet,1184,0.45599678
Barnet,11992,0.51211864
Barnet,12085,0.33765247
Barnet,12086,0.39718866
Barnet,12087,0.40232292
Barnet,12088,0.4184613
Barnet,12089,0.44976285
Barnet,12199,0.28234276
Barnet,12200,0.27594158
Barnet,12201,0.26299453
Barnet,12218,0.45314854
Barnet,12912,0.6282839
Barnet,12913,0.45363688
Barnet,12914,0.44899213
Barnet,1306,0.48929274
Barnet,1307,0.49277306
Barnet,1308,0.57096094
Barnet,1309,0.5857508
Barnet,1310,0.38847077
Barnet,1311,0.3871741
Barnet,1329,0.53756666
Barnet,1330,0.54173136
Barnet,1333,0.52539396
Barnet,1334,0.5274455
Barnet,13422,0.47918946
Barnet,13423,0.47430244
Barnet,13424,0.464439
Barnet,13425,0.46729028
Barnet,13507,0.48368272
Barnet,14130,0.35189056
Barnet,14131,0.542361
Barnet,14461,0.6583909
Barnet,14462,0.65938544
Barnet,14632,0.6399412
Barnet,14636,0.64569473
Barnet,1466,0.54112935
Barnet,14701,0.48050064
Barnet,14702,0.4416206
Barnet,14721,0.5008244
Barnet,14722,0.51038736
Barnet,14768,0.5305008
Barnet,14769,0.5285522
Barnet,14770,0.52780056
Barnet,14772,0.4084938
Barnet,14773,0.42537355
Barnet,14774,0.38504896
Barnet,14775,0.36577547
Barnet,14776,0.39082742
Barnet,14777,0.389478
Barnet,14778,0.5161792
Barnet,14779,0.4747285
Barnet,1478,0.43570277
Barnet,14869,0.6051566
Barnet,14870,0.55415946
Barnet,14888,0.553805
Barnet,14927,0.4535329
Barnet,15039,0.555227
Barnet,15092,0.52531856
Barnet,15093,0.5344697
Barnet,15094,0.48604804
Barnet,15095,0.45092228
Barnet,15096,0.42478946
Barnet,15097,0.42593858
Barnet,15098,0.43000606
Barnet,15099,0.4299203
Barnet,1516,0.5752669
Barnet,15417,0.42911777
Barnet,15418,0.4281431
Barnet,15419,0.49209538
Barnet,1542,0.46300456
Barnet,15420,0.49653092
Barnet,15421,0.61918384
Barnet,15422,0.6377231
Barnet,15424,0.6207862
Barnet,1543,0.47281286
Barnet,1555,0.49516007
Barnet,1556,0.5173116
Barnet,15606,0.43612877
Barnet,15607,0.40958875
Barnet,15608,0.42683405
Barnet,15609,0.42646122
Barnet,15610,0.36559498
Barnet,15611,0.38818076
Barnet,15612,0.3943457
Barnet,15613,0.41676316
Barnet,15615,0.5483384
Barnet,15620,0.51374054
Barnet,15621,0.5173824
Barnet,15626,0.35395467
Barnet,15627,0.35334808
Barnet,15628,0.3685928
Barnet,15629,0.36438462
Barnet,15630,0.362786
Barnet,15631,0.3708867
Barnet,15632,0.5195793
Barnet,15633,0.543594
Barnet,15634,0.5007332
Barnet,15636,0.49909422
Barnet,15638,0.5609346
Barnet,15639,0.48240626
Barnet,15640,0.501065
Barnet,15641,0.42002794
Barnet,15642,0.42008033
Barnet,15643,0.3779393
Barnet,15644,0.34281343
Barnet,15677,0.5293006
Barnet,15737,0.5200108
Barnet,15738,0.53200406
Barnet,15739,0.4558637
Barnet,15741,0.4743713
Barnet,15742,0.5178247
Barnet,15743,0.567892
Barnet,15744,0.53951824
Barnet,15745,0.6203294
Barnet,15746,0.5804871
Barnet,15749,0.51388323
Barnet,15750,0.5828039
Barnet,15751,0.4856478
Barnet,15752,0.48578998
Barnet,15753,0.36469626
Barnet,15754,0.34051442
Barnet,15755,0.43021578
Barnet,15756,0.38175008
Barnet,15757,0.3906971
Barnet,15758,0.39061207
Barnet,15759,0.5982631
Barnet,15760,0.5778263
Barnet,15912,0.6686774
Barnet,15913,0.6721666
Barnet,15914,0.62808466
Barnet,15915,0.6296654
Barnet,15916,0.57506937
Barnet,15917,0.5561509
Barnet,15918,0.5822065
Barnet,15919,0.5557498
Barnet,15920,0.5653116
Barnet,15921,0.49369308
Barnet,15922,0.47065425
Barnet,15923,0.47322822
Barnet,15924,0.46820474
Barnet,15925,0.49989387
Barnet,15926,0.4960136
Barnet,15927,0.5055025
Barnet,15928,0.49070105
Barnet,15929,0.5069136
Barnet,15930,0.5252678
Barnet,15932,0.5442878
Barnet,15933,0.5180087
Barnet,15934,0.50448287
Barnet,15951,0.54031515
Barnet,16028,0.6234137
Barnet,16029,0.6014451
Barnet,16067,0.4777361
Barnet,16068,0.49162856
Barnet,16069,0.4624919
Barnet,16070,0.4310364
Barnet,16071,0.43587252
Barnet,16072,0.48312637
Barnet,16073,0.4666902
Barnet,16074,0.60380584
Barnet,16104,0.37440708
Barnet,16105,0.36334896
Barnet,16108,0.44218218
Barnet,16109,0.43895507
Barnet,16110,0.438581
Barnet,16111,0.42680767
Barnet,16453,0.48624346
Barnet,16454,0.48656034
Barnet,16455,0.4815118
Barnet,16457,0.43956336
Barnet,16458,0.43981302
Barnet,16459,0.3838621
Barnet,16460,0.36119333
Barnet,16469,0.46916696
Barnet,16470,0.49833667
Barnet,16471,0.53277415
Barnet,16472,0.5314226
Barnet,16473,0.5349812
Barnet,16474,0.5909025
Barnet,16475,0.5858579
Barnet,16487,0.49198622
Barnet,16488,0.4882586
Barnet,16489,0.4670438
Barnet,16490,0.4229137
Barnet,16491,0.38409013
Barnet,16492,0.37761104
Barnet,16493,0.48322743
Barnet,16494,0.48333925
Barnet,16495,0.511577
Barnet,16496,0.5174209
Barnet,16497,0.5012137
Barnet,16498,0.49590793
Barnet,16500,0.5346216
Barnet,16501,0.52982867
Barnet,16503,0.46761948
Barnet,16504,0.5136415
Barnet,16505,0.45291826
Barnet,16506,0.46895915
Barnet,16507,0.424739
Barnet,16508,0.43404108
Barnet,16509,0.46176115
Barnet,16510,0.46130022
Barnet,16511,0.5304016
Barnet,16512,0.5494778
Barnet,16519,0.48976645
Barnet,16520,0.59967583
Barnet,16521,0.46772185
Barnet,16523,0.4340892
Barnet,16524,0.4904898
Barnet,16525,0.4726037
Barnet,16526,0.4822489
Barnet,16527,0.48107684
Barnet,16528,0.490004
Barnet,16529,0.3855039
Barnet,16530,0.4078
Barnet,16531,0.519192
Barnet,16532,0.45365083
Barnet,16533,0.43043652
Barnet,16536,0.41677678
Barnet,16537,0.42283183
Barnet,16538,0.57209957
Barnet,16539,0.54125434
Barnet,16540,0.5078849
Barnet,16571,0.3541912
Barnet,16572,0.35416204
Barnet,16973,0.39048693
Barnet,16975,0.27115723
Barnet,16990,0.46537966
Barnet,16991,0.3489662
Barnet,16992,0.45491588
Barnet,16993,0.33912
Barnet,16994,0.46872625
Barnet,16995,0.46889433
Barnet,16996,0.46080598
Barnet,17035,0.37235287
Barnet,17099,0.3482106
Barnet,17100,0.40799248
Barnet,17101,0.44343168
Barnet,17102,0.49244595
Barnet,17166,0.49390227
Barnet,17167,0.51575255
Barnet,17168,0.5136469
Barnet,17169,0.51675385
Barnet,17256,0.35858873
Barnet,17257,0.5854663
Barnet,17259,0.34272817
Barnet,17260,0.34436736
Barnet,17267,0.49444735
Barnet,17268,0.4816099
Barnet,17269,0.43974864
Barnet,17270,0.49326718
Barnet,17271,0.42248327
Barnet,17272,0.47817332
Barnet,17273,0.4839114
Barnet,1731,0.45603594
Barnet,17469,0.46815044
Barnet,17470,0.44929662
Barnet,17473,0.49526417
Barnet,17580,0.56156886
Barnet,17718,0.57732207
Barnet,17719,0.6275996
Barnet,17768,0.41777244
Barnet,17770,0.50556284
Barnet,17771,0.4899062
Barnet,18099,0.34118053
Barnet,18100,0.34219953
Barnet,18102,0.43007413
Barnet,18104,0.26302466
Barnet,18105,0.2602889
Barnet,18106,0.2612902
Barnet,18107,0.29368186
Barnet,18108,0.27280328
Barnet,18109,0.30484307
Barnet,18110,0.30352566
Barnet,18111,0.28498998
Barnet,18112,0.48029304
Barnet,18113,0.4638227
Barnet,18114,0.4431055
Barnet,18115,0.4664489
Barnet,18116,0.46671233
Barnet,18117,0.45026886
Barnet,18118,0.43183836
Barnet,18119,0.46383253
Barnet,18120,0.44417697
Barnet,18121,0.45764413
Barnet,18122,0.47254068
Barnet,18729,0.5001579
Barnet,18730,0.48370814
Barnet,18912,0.6616076
Barnet,19142,0.4987184
Barnet,19143,0.41657466
Barnet,19144,0.46310133
Barnet,19145,0.38943893
Barnet,19146,0.3871931
Barnet,19147,0.3947384
Barnet,19148,0.39458534
Barnet,19149,0.3735319
Barnet,19150,0.3803076
Barnet,19151,0.36666605
Barnet,19152,0.36677969
Barnet,19153,0.37369573
Barnet,19154,0.37399328
Barnet,19155,0.3622695
Barnet,19156,0.3793719
Barnet,19159,0.3812991
Barnet,19160,0.3896594
Barnet,19163,0.3581284
Barnet,19164,0.35834455
Barnet,19165,0.3630582
Barnet,19166,0.36456168
Barnet,19167,0.38320446
Barnet,19168,0.38128927
Barnet,19169,0.41171643
Barnet,19170,0.41483846
Barnet,19171,0.48781595
Barnet,19172,0.48794147
Barnet,19173,0.5080569
Barnet,19174,0.5085463
Barnet,19175,0.5521992
Barnet,19176,0.5524741
Barnet,19215,0.28423208
Barnet,19216,0.28453204
Barnet,19264,0.46414635
Barnet,19541,0.47388393
Barnet,19606,0.51080155
Barnet,19607,0.46755156
Barnet,19608,0.45797724
Barnet,19609,0.5721987
Barnet,19610,0.5652497
Barnet,19611,0.40407944
Barnet,19612,0.4115205
Barnet,19613,0.44713107
Barnet,19614,0.44301984
Barnet,19615,0.48651487
Barnet,19616,0.4876745
Barnet,20145,0.56670964
Barnet,20146,0.5612638
Barnet,20282,0.562585
Barnet,20313,0.5620006
Barnet,20363,0.3194205
Barnet,20364,0.32036158
Barnet,20424,0.457418
Barnet,20498,0.4328611
Barnet,2071,0.45808208
Barnet,2072,0.4749051
Barnet,20800,0.48455817
Barnet,20857,0.50024426
Barnet,20858,0.5433349
Barnet,20859,0.53823185
Barnet,20860,0.53659636
Barnet,20861,0.38137978
Barnet,20862,0.3814114
Barnet,20863,0.42126018
Barnet,20864,0.38417992
Barnet,20865,0.40636787
Barnet,20866,0.41181806
Barnet,20909,0.37536502
Barnet,20910,0.38631296
Barnet,20928,0.5273681
Barnet,20929,0.52727324
Barnet,2294,0.48596606
Barnet,2295,0.4796949
Barnet,2297,0.52739275
Barnet,2298,0.49696404
Barnet,2299,0.5018777
Barnet,23435,0.46400586
Barnet,25027,0.5399745
Barnet,25042,0.48743704
Barnet,25043,0.52417433
Barnet,25044,0.43071097
Barnet,25045,0.4187113
Barnet,25046,0.4652947
Barnet,25048,0.47681603
Barnet,25072,0.48564556
Barnet,25080,0.49028593
Barnet,25102,0.4951921
Barnet,25118,0.5916298
Barnet,25841,0.42109558
Barnet,25842,0.42774442
Barnet,25964,0.4245344
Barnet,25965,0.4555604
Barnet,25966,0.3938453
Barnet,25967,0.4067905
Barnet,25968,0.37271222
Barnet,25975,0.5601904
Barnet,26154,0.45435512
Barnet,26155,0.4616016
Barnet,26156,0.37359586
Barnet,26157,0.36224264
Barnet,26158,0.39098135
Barnet,26159,0.3837567
Barnet,26160,0.41078505
Barnet,26161,0.40399367
Barnet,26163,0.44074768
Barnet,26165,0.39806873
Barnet,26166,0.39303875
Barnet,26167,0.44335875
Barnet,26168,0.40649125
Barnet,26169,0.34027305
Barnet,26170,0.34629938
Barnet,26171,0.35909134
Barnet,26172,0.3591852
Barnet,26173,0.3363511
Barnet,26174,0.33625215
Barnet,26196,0.45913935
Barnet,26200,0.5265496
Barnet,26202,0.5610092
Barnet,26484,0.45138434
Barnet,2664,0.5436236
Barnet,26884,0.49190542
Barnet,26886,0.4540804
Barnet,26985,0.5002878
Barnet,26986,0.51326
Barnet,27454,0.640514
Barnet,27455,0.56067485
Barnet,27459,0.52594566
Barnet,27476,0.64431703
Barnet,27477,0.6405156
Barnet,27559,0.5571434
Barnet,27562,0.42485857
Barnet,27563,0.5695397
Barnet,2758,0.48446107
Barnet,2759,0.54594344
Barnet,27596,0.3638815
Barnet,27597,0.2741564
Barnet,27598,0.38730735
Barnet,27599,0.38577506
Barnet,2760,0.55930966
Barnet,2761,0.51501447
Barnet,27625,0.50934553
Barnet,2763,0.53822666
Barnet,2764,0.5329711
Barnet,2765,0.5185073
Barnet,2766,0.46495447
Barnet,2767,0.50021505
Barnet,2768,0.5400945
Barnet,2770,0.62836134
Barnet,2771,0.6621571
Barnet,2773,0.5163325
Barnet,2774,0.50064325
Barnet,2775,0.62931174
Barnet,2776,0.6259525
Barnet,27781,0.44279623
Barnet,27787,0.5950641
Barnet,27880,0.5522731
Barnet,27912,0.5369273
Barnet,2795,0.505131
Barnet,2796,0.5269136
Barnet,27971,0.55184877
Barnet,2799,0.4893476
Barnet,2800,0.5471922
Barnet,2801,0.6330822
Barnet,28900,0.5609673
Barnet,29171,0.3964226
Barnet,29295,0.3400666
Barnet,29581,0.5212579
Barnet,29600,0.557333
Barnet,29699,0.6164595
Barnet,2970,0.5955548
Barnet,29701,0.54841745
Barnet,29704,0.4780508
Barnet,29705,0.44679594
Barnet,29706,0.44669628
Barnet,29707,0.4241061
Barnet,29708,0.4453894
Barnet,29709,0.4712247
Barnet,2971,0.553221
Barnet,29710,0.4483881
Barnet,29711,0.4527891
Barnet,29712,0.39984876
Barnet,29713,0.44782254
Barnet,29714,0.39117754
Barnet,29715,0.49139673
Barnet,29716,0.4730864
Barnet,2972,0.558833
Barnet,2976,0.53163296
Barnet,2978,0.5562008
Barnet,2982,0.55018336
Barnet,29833,0.5886982
Barnet,29834,0.566766
Barnet,2990,0.4936071
Barnet,29919,0.44219625
Barnet,3193,0.59535897
Barnet,3195,0.48371497
Barnet,3196,0.4837192
Barnet,3295,0.50601673
Barnet,33152,0.528845
Barnet,33333,0.4821356
Barnet,33334,0.4337634
Barnet,33355,0.5047136
Barnet,33356,0.5076868
Barnet,33499,0.4829173
Barnet,33500,0.46938708
Barnet,33501,0.47023028
Barnet,33502,0.45921922
Barnet,33503,0.46939334
Barnet,33504,0.51677513
Barnet,33648,0.51756793
Barnet,33744,0.57532185
Barnet,33771,0.49286816
Barnet,33772,0.5004147
Barnet,33773,0.5106332
Barnet,33774,0.5028216
Barnet,34042,0.5134033
Barnet,34043,0.5178818
Barnet,34159,0.45932287
Barnet,34183,0.54860175
Barnet,34201,0.5604349
Barnet,34202,0.52376664
Barnet,34203,0.51835996
Barnet,3435,0.48167914
Barnet,3437,0.3815544
Barnet,3438,0.36832598
Barnet,3439,0.4026224
Barnet,3440,0.38695475
Barnet,3441,0.54191476
Barnet,34430,0.39615464
Barnet,34431,0.42985094
Barnet,34432,0.34724462
Barnet,34433,0.3776003
Barnet,34434,0.4219892
Barnet,34435,0.39302707
Barnet,34436,0.41584918
Barnet,34437,0.39602792
Barnet,34454,0.54254246
Barnet,34606,0.5045347
Barnet,34608,0.5040164
Barnet,34609,0.5184865
Barnet,34610,0.45024413
Barnet,34718,0.5375402
Barnet,34719,0.54865026
Barnet,34720,0.46505335
Barnet,34721,0.4771702
Barnet,34722,0.4532508
Barnet,34723,0.43787125
Barnet,34758,0.42926502
Barnet,34872,0.54263425
Barnet,34914,0.63509744
Barnet,3518,0.45824394
Barnet,35204,0.57716787
Barnet,35205,0.54997665
Barnet,35211,0.6050621
Barnet,35215,0.6296342
Barnet,35216,0.64054054
Barnet,35276,0.4974693
Barnet,35326,0.6155822
Barnet,35327,0.6146223
Barnet,35333,0.66035634
Barnet,35337,0.45787504
Barnet,35528,0.59333324
Barnet,35632,0.48041022
Barnet,35838,0.46907926
Barnet,35839,0.5137938
Barnet,35840,0.5195346
Barnet,35841,0.5404787
Barnet,35842,0.55046844
Barnet,35843,0.5569721
Barnet,35844,0.5579822
Barnet,35845,0.6577075
Barnet,35846,0.60661626
Barnet,35847,0.65790176
Barnet,36793,0.5668405
Barnet,37232,0.621355
Barnet,37233,0.62159705
Barnet,37239,0.6469259
Barnet,37240,0.6476441
Barnet,3776,0.46842366
Barnet,3777,0.48566395
Barnet,3778,0.46190548
Barnet,3807,0.51446015
Barnet,3808,0.5204725
Barnet,3809,0.45403436
Barnet,3810,0.4444499
Barnet,4127,0.45461753
Barnet,4647,0.58056414
Barnet,4651,0.62857515
Barnet,4653,0.50810045
Barnet,4690,0.49630556
Barnet,4692,0.5058418
Barnet,4694,0.55633575
Barnet,4695,0.42449823
Barnet,4705,0.5601643
Barnet,565,0.57257426
Barnet,6045,0.5598216
Barnet,6047,0.55047804
Barnet,6048,0.55434656
Barnet,6051,0.57416695
Barnet,6052,0.5639778
Barnet,6056,0.5344319
Barnet,6061,0.53087
Barnet,6063,0.56258976
Barnet,6071,0.5383711
Barnet,6073,0.6075771
Barnet,6074,0.6445585
Barnet,6077,0.5982545
Barnet,6078,0.55534977
Barnet,6079,0.5201189
Barnet,6080,0.50904804
Barnet,6081,0.5538417
Barnet,6082,0.559221
Barnet,6083,0.5917571
Barnet,6084,0.54494673
Barnet,6085,0.6644586
Barnet,6090,0.4934516
Barnet,6091,0.4986109
Barnet,6092,0.50384206
Barnet,6095,0.50769764
Barnet,6096,0.4705962
Barnet,6097,0.46659857
Barnet,6098,0.48125446
Barnet,6099,0.45133227
Barnet,6100,0.46907747
Barnet,6108,0.49959633
Barnet,6109,0.4972946
Barnet,6112,0.47925237
Barnet,6113,0.5036918
Barnet,6114,0.5019817
Barnet,6117,0.56042844
Barnet,6691,0.5584846
Barnet,70119,0.49492544
Barnet,70120,0.49157187
Barnet,70228,0.4793477
Barnet,7520,0.46408868
Barnet,7521,0.49135426
Barnet,764,0.51404893
Barnet,765,0.55904704
Barnet,766,0.55543625
Barnet,80002,0.43529952
Barnet,80003,0.45014507
Barnet,80005,0.37751758
Barnet,80006,0.38295078
Barnet,80007,0.31220323
Barnet,80008,0.5849331
Barnet,80009,0.62508386
Barnet,80013,0.33570206
Barnet,8285,0.573694
Barnet,8428,0.43702894
Barnet,8506,0.45747483
Barnet,8745,0.5692996
Barnet,9011,0.5485953
Barnet,9421,0.54163605
Barnet,9878,0.59473056
Barnet,9882,0.5160838
Barnet,9883,0.58678555
Barnet,9884,0.4936673
Barnet,9887,0.47042605
Barnet,9888,0.44684863
Barnet,9889,0.46772277
Barnet,9890,0.4635098
Barnet,9892,0.48440796
Barnet,9893,0.49189112
Barnet,9894,0.49722138
Barnet,9897,0.5592325
Barnet,9899,0.5547258
Barnet,9901,0.57167345
Barnet,9903,0.58435625
Barnet,9906,0.42541146
Barnet,9907,0.47003987
Barnet,9908,0.48570684
Barnet,9909,0.4922209
Barnet,9910,0.49866652
Barnet,9912,0.5009875
Barnet,9913,0.50765127
Barnet,9914,0.5501935
Barnet,9915,0.52210027
Barnet,9916,0.53598064
Barnet,9917,0.46996918
Barnet,9918,0.5156758
Barnet,9919,0.53384376
Barnet,9920,0.5352706
Barnet,9921,0.49519685
Barnet,9922,0.46062356
Barnet,9923,0.4313183
Barnet,9926,0.5000329
Barnet,9927,0.4963822
Barnet,9933,0.5685406
Barnet,9934,0.56971735
Barnet,9935,0.57101977
Barnet,9936,0.5300052
Barnet,9937,0.5606296
Barnet,9938,0.578063
Barnet,9939,0.6003421
Barnet,9940,0.58534276
Barnet,9941,0.56833637
Barnet,9944,0.5709323
Barnet,9945,0.5851238
Barnet,9947,0.56974417
Barnet,9949,0.5537284
Barnet,9950,0.55807716
Barnet,9951,0.6178695
Barnet,9952,0.61478156
Barnet,9953,0.608499
Barnet,BP090,0.5661015
Barnet,BP1110,0.48672906
Barnet,BP1203,0.46774647
Barnet,BP1265,0.45502466
Barnet,BP1318,0.42635652
Barnet,BP1540,0.39479893
Barnet,BP1612,0.4286357
Barnet,BP1616,0.6113425
Barnet,BP172,0.5100616
Barnet,BP173,0.440893
Barnet,BP1749,0.4327383
Barnet,BP1800,0.48620152
Barnet,BP1961,0.46049094
Barnet,BP1962,0.38756007
Barnet,BP2072,0.53813756
Barnet,BP2076,0.3431657
Barnet,BP2077,0.4374361
Barnet,BP2078,0.4525965
Barnet,BP2079,0.51957107
Barnet,BP2080,0.5188346
Barnet,BP228,0.5361791
Barnet,BP247,0.4325258
Barnet,BP269,0.5495998
Barnet,BP2776,0.54157054
Barnet,BP283,0.4608867
Barnet,BP2832,0.44964775
Barnet,BP2833,0.44967145
Barnet,BP2834,0.5111038
Barnet,BP2835,0.49128658
Barnet,BP3077,0.58168954
Barnet,BP3120,0.5671463
Barnet,BP3223,0.5721283
Barnet,BP3880,0.44531056
Barnet,BP3968,0.5889665
Barnet,BP3969,0.59019357
Barnet,BP3970,0.53819627
Barnet,BP3971,0.4925715
Barnet,BP3972,0.49487194
Barnet,BP3973,0.48414186
Barnet,BP3974,0.62893015
Barnet,BP3975,0.52954644
Barnet,BP3976,0.5287246
Barnet,BP3977,0.50613534
Barnet,BP3978,0.43218118
Barnet,BP3979,0.47212386
Barnet,BP3980,0.5586125
Barnet,BP3981,0.5846951
Barnet,BP3982,0.548483
Barnet,BP3983,0.6230045
Barnet,BP3984,0.44182566
Barnet,BP3985,0.44520292
Barnet,BP3986,0.5080028
Barnet,BP4087,0.572942
Barnet,BP4088,0.5734428
Barnet,BP4090,0.6328166
Barnet,BP4124,0.5237486
Barnet,BP4125,0.5806431
Barnet,BP4294,0.5854014
Barnet,BP4376,0.57145345
Barnet,BP5114,0.5644414
Barnet,BP5308,0.39980224
Barnet,BP5505,0.40133423
Barnet,BP5506,0.3972704
Barnet,BP5507,0.41416642
Barnet,BP5508,0.43432155
Barnet,BP5509,0.43355563
Barnet,BP5510,0.5326292
Barnet,BP5511,0.49164078
Barnet,BP5557,0.52631456
Barnet,BP5689,0.36349714
Barnet,BP5695,0.3766587
Barnet,BP5760,0.52889794
Barnet,BP5952,0.4666844
Barnet,BP5959,0.5204119
Barnet,BP5960,0.5401027
Barnet,BP5961,0.51774424
Barnet,BP600,0.45250675
Barnet,BP6058,0.49185
Barnet,BP6059,0.49194017
Barnet,BP6060,0.47958937
Barnet,BP6062,0.5193388
Barnet,BP615,0.43778524
Barnet,BP6335,0.52430385
Barnet,BP6336,0.50121236
Barnet,BP6337,0.55964255
Barnet,BP6433,0.47905874
Barnet,BP6578,0.5434997
Barnet,HC100,0.4599584
Barnet,HC101,0.3332556
Barnet,HC102,0.40949634
Barnet,HC103,0.46806738
Barnet,HC104,0.43489817
Barnet,HC105,0.35729152
Barnet,HC203,0.48856482
Barnet,HC204,0.5188235
Barnet,HC229,0.63495666
Barnet,HC231,0.4784048
Barnet,HC232,0.4840889
Barnet,HC233,0.5015531
Barnet,HC304,0.32624507
Barnet,HC305,0.32624963
Barnet,HC306,0.32235268
Barnet,HC307,0.32268128
Barnet,HC308,0.34501088
Barnet,HC309,0.3449892
Barnet,HC310,0.45491436
Barnet,HC311,0.34456468
Barnet,HC312,0.28850698
Barnet,HC313,0.45621502
Barnet,HC314,0.4895268
Barnet,HC315,0.45410672
Barnet,HC316,0.40289906
Barnet,HC317,0.2882997
Barnet,HC318,0.3633485
Barnet,HC319,0.2718155
Barnet,HC326,0.4385705
Barnet,HC328,0.4005897
Barnet,HC330,0.42988828
Barnet,HC332,0.36629143
Barnet,HC333,0.4787497
Barnet,HC335,0.45869204
Barnet,HC340,0.40166864
Barnet,HC342,0.44697496
Barnet,HC343,0.34546137
Barnet,HC344,0.3509503
Barnet,HC345,0.37595564
Barnet,HC347,0.37394097
Barnet,HC348,0.48203737
Barnet,HC349,0.48144433
Barnet,HC35,0.4788826
Barnet,HC350,0.48587653
Barnet,HC351,0.48415533
Barnet,HC352,0.513425
Barnet,HC353,0.47444555
Barnet,HC354,0.43701738
Barnet,HC355,0.41857925
Barnet,HC356,0.50205976
Barnet,HC357,0.51105446
Barnet,HC359,0.35555026
Barnet,HC360,0.36785048
Barnet,HC361,0.35639167
Barnet,HC362,0.35581955
Barnet,HC363,0.3572645
Barnet,HC37,0.4684228
Barnet,HC39,0.47707346
Barnet,HC41,0.47335526
Barnet,HC437,0.48576614
Barnet,HC605,0.5535659
Barnet,HC606,0.54894197
Barnet,HC639,0.57107806
Barnet,HC640,0.5210839
Barnet,HC641,0.5210963
Barnet,HC642,0.49678722
Barnet,HC643,0.4869021
Barnet,HC644,0.46481442
Barnet,HC645,0.48456168
Barnet,HC646,0.47218436
Barnet,HC647,0.47786787
Barnet,HC648,0.4981973
Barnet,HC649,0.4495331
Barnet,HC650,0.35717744
Barnet,HC651,0.49807173
Barnet,HC652,0.49835864
Barnet,HC653,0.5002156
Barnet,HC654,0.38349158
Barnet,HC655,0.38290444
Barnet,HC656,0.37877893
Barnet,HC657,0.37900707
Barnet,HC658,0.36985067
Barnet,HC659,0.36832646
Barnet,HC660,0.383465
Barnet,HC661,0.38457134
Barnet,HC662,0.37421542
Barnet,HC663,0.3509047
Barnet,HC664,0.34291866
Barnet,HC665,0.34339994
Barnet,HC666,0.33425418
Barnet,HC667,0.35976616
Barnet,HC668,0.33286706
Barnet,HC669,0.3702604
Barnet,HC670,0.36725873
Barnet,HC671,0.3916153
Barnet,HC672,0.39197418
Barnet,HC673,0.43629444
Barnet,HC674,0.3915902
Barnet,HC675,0.4565796
Barnet,HC676,0.4101187
Barnet,HC677,0.4616841
Barnet,HC678,0.45485052
Barnet,HC679,0.5243511
Barnet,HC680,0.470432
Barnet,HC681,0.50516397
Barnet,HC682,0.45135802
Barnet,HC683,0.45827827
Barnet,HC684,0.35237136
Barnet,HC685,0.34203672
Barnet,HC686,0.34443465
Barnet,HC687,0.34446442
Barnet,HC688,0.35466525
Barnet,HC689,0.38801435
Barnet,HC690,0.39374375
Barnet,HC691,0.38593554
Barnet,HC692,0.4613611
Barnet,HC693,0.45341495
Barnet,HC694,0.4285052
Barnet,HC695,0.43904832
Barnet,HC696,0.46276012
Barnet,HC697,0.4956252
Barnet,HC698,0.5334927
Barnet,HC699,0.5037934
Barnet,HC700,0.49961632
Barnet,HC701,0.47304407
Barnet,HC702,0.45162678
Barnet,HC796,0.46855387
Barnet,HC797,0.4288244
Barnet,HC798,0.47040436
Barnet,HC799,0.49325278
Barnet,HC800,0.4831788
Barnet,HC801,0.38511306
Barnet,HC802,0.39357167
Barnet,HC803,0.38943058
Barnet,HC804,0.46162373
Barnet,HC805,0.48841774
Barnet,HC806,0.4476089
Barnet,HC807,0.43258604
Barnet,HC829,0.426995
Barnet,HC833,0.5546116
Barnet,HC834,0.5542503
Barnet,HC835,0.5535241
Barnet,HC836,0.5099759
Barnet,HC837,0.5448265
Barnet,HC838,0.583474
Barnet,HC839,0.52818227
Barnet,HC840,0.5420374
Barnet,HC841,0.57139564
Barnet,HC842,0.5509073
Barnet,HC843,0.55465055
Barnet,HC844,0.53397447
Barnet,HC845,0.44395947
Barnet,HC846,0.4882548
Barnet,HC847,0.46963567
Barnet,HC848,0.38934067
Barnet,HC849,0.39344746
Barnet,HC850,0.49925974
Barnet,HC851,0.4663161
Barnet,HC852,0.41784102
Barnet,HC853,0.50438
Barnet,HC88,0.37761033
Barnet,HC99,0.5665597
Barnet,M27,0.4683169
Barnet,M28,0.4590946
Barnet,M29,0.49845982
Barnet,M31,0.53457296
Barnet,M32,0.44718194
Barnet,M33,0.4387282
Barnet,M34,0.4147315
Barnet,M41,0.44209656
Barnet,M42,0.4408677
Barnet,M43,0.44928408
Barnet,M44,0.4298634
Barnet,M5,0.4641237
Barnet,M7,0.5976682
Barnet,OC481,0.38017708
Barnet,OC568,0.56733847
Barnet,OC672,0.35188562
Barnet,R0310,0.4437181
Barnet,R0485,0.4259073
Barnet,R0744,0.6309678
Barnet,R0751,0.47467235
Barnet,R0789,0.58021957
Barnet,R0790,0.57789224
Barnet,R0791,0.58099437
Barnet,R0792,0.58020407
Barnet,R0796,0.5456982
Barnet,R0797,0.55111736
Barnet,R0798,0.5435375
Barnet,R0800,0.5414751
Barnet,R0803,0.5441664
Barnet,17036,0.5639689
Barnet,17037,0.5489755
Barnet,17039,0.53841025
Barnet,26199,0.46689692
Barnet,BP5459,0.5067191
Barnet,BP5460,0.45673794
Barnet,BP5951,0.5339501
Barnet,BP5953,0.5067024
Barnet,BP5954,0.5394783
Barnet,BP5958,0.46148974
Barnet,HC201,0.53413033
Barnet,HC202,0.46087688
Barnet,HC205,0.5308901
Barnet,HC603,0.5519967
Barnet,HC604,0.5491517
Barnet,HC609,0.44165316
Barnet,M36,0.52783287
Bexley,10016,0.50253326
Bexley,10017,0.49861744
Bexley,10359,0.38412043
Bexley,10360,0.39834478
Bexley,10715,0.43616048
Bexley,10716,0.44545135
Bexley,10717,0.4238348
Bexley,10719,0.42994645
Bexley,10720,0.43770218
Bexley,10721,0.44955787
Bexley,10722,0.44979888
Bexley,10723,0.44802785
Bexley,10724,0.44811898
Bexley,10725,0.4387077
Bexley,10726,0.42781144
Bexley,10729,0.45161754
Bexley,11121,0.47787336
Bexley,12069,0.5015601
Bexley,12070,0.47747135
Bexley,12071,0.4727136
Bexley,12072,0.4636585
Bexley,12073,0.4602367
Bexley,12074,0.46434325
Bexley,12075,0.46784475
Bexley,12076,0.4710583
Bexley,12077,0.46343166
Bexley,12078,0.449745
Bexley,12079,0.47627193
Bexley,12080,0.43527564
Bexley,13510,0.493302
Bexley,13904,0.4745334
Bexley,14376,0.36925316
Bexley,14377,0.37237915
Bexley,14378,0.46787184
Bexley,14379,0.46653983
Bexley,14380,0.43571353
Bexley,14381,0.48360297
Bexley,14382,0.44582456
Bexley,14383,0.4320172
Bexley,1444,0.4734831
Bexley,14960,0.47465268
Bexley,15008,0.4890184
Bexley,15182,0.52792436
Bexley,15183,0.4860979
Bexley,16648,0.48560137
Bexley,16649,0.46319363
Bexley,16650,0.49741003
Bexley,16651,0.49967626
Bexley,16652,0.46998385
Bexley,16653,0.49425498
Bexley,16656,0.523991
Bexley,16657,0.52357376
Bexley,16658,0.5134867
Bexley,16659,0.49643597
Bexley,16660,0.43764153
Bexley,16661,0.4387139
Bexley,16662,0.44830894
Bexley,16663,0.43000117
Bexley,16664,0.43448168
Bexley,16675,0.43483743
Bexley,16676,0.46453065
Bexley,16677,0.4382071
Bexley,16678,0.43337762
Bexley,16679,0.42507648
Bexley,16681,0.43459246
Bexley,16682,0.45976716
Bexley,16683,0.4420931
Bexley,16684,0.4383392
Bexley,16685,0.4314407
Bexley,16686,0.43967202
Bexley,16687,0.46415392
Bexley,16688,0.45865804
Bexley,16689,0.49628752
Bexley,16690,0.49450672
Bexley,16691,0.4376561
Bexley,16692,0.43698454
Bexley,16693,0.43243822
Bexley,16694,0.43260422
Bexley,16695,0.44853777
Bexley,16696,0.4508218
Bexley,16697,0.49720594
Bexley,17585,0.52736354
Bexley,17586,0.5097313
Bexley,17587,0.5359999
Bexley,17588,0.46952578
Bexley,17589,0.45836642
Bexley,17591,0.4496291
Bexley,17592,0.3927184
Bexley,17593,0.35581455
Bexley,17594,0.40025732
Bexley,17596,0.4322995
Bexley,17597,0.41354394
Bexley,17721,0.43179822
Bexley,17722,0.44230747
Bexley,18084,0.4005417
Bexley,18085,0.4508878
Bexley,18918,0.47779438
Bexley,18919,0.49428624
Bexley,18922,0.46422145
Bexley,18923,0.388844
Bexley,18926,0.44966477
Bexley,18927,0.4452518
Bexley,18928,0.47868517
Bexley,18929,0.43272188
Bexley,18930,0.45119235
Bexley,18931,0.4247021
Bexley,18932,0.43357766
Bexley,18933,0.4528834
Bexley,18934,0.43966493
Bexley,18938,0.54000574
Bexley,18939,0.50442326
Bexley,18940,0.5060615
Bexley,18986,0.4949325
Bexley,18987,0.49387324
Bexley,19623,0.4473273
Bexley,19624,0.42038277
Bexley,19625,0.4385946
Bexley,19626,0.37514573
Bexley,19627,0.4134732
Bexley,19628,0.38127276
Bexley,19629,0.4617988
Bexley,19630,0.46110436
Bexley,19631,0.49024916
Bexley,19632,0.48941326
Bexley,19633,0.49631518
Bexley,19663,0.41141498
Bexley,19664,0.43291357
Bexley,19665,0.4715065
Bexley,19666,0.47653815
Bexley,19667,0.43780324
Bexley,19668,0.4441011
Bexley,19669,0.46042106
Bexley,19670,0.43965042
Bexley,20169,0.33752525
Bexley,20171,0.3604061
Bexley,20320,0.45421597
Bexley,20404,0.5025796
Bexley,20437,0.49853963
Bexley,20515,0.45450127
Bexley,20516,0.4848188
Bexley,20598,0.45106116
Bexley,20796,0.543074
Bexley,21597,0.45245314
Bexley,21598,0.4387493
Bexley,21599,0.44371492
Bexley,21600,0.44165483
Bexley,21601,0.43174076
Bexley,21603,0.3921271
Bexley,21625,0.43268442
Bexley,21626,0.42412692
Bexley,21697,0.41316867
Bexley,21790,0.34158117
Bexley,21819,0.3749416
Bexley,21820,0.34690028
Bexley,21822,0.39041328
Bexley,21823,0.39322323
Bexley,21826,0.444389
Bexley,21881,0.42725602
Bexley,21882,0.42694318
Bexley,22342,0.370381
Bexley,22343,0.36475974
Bexley,22450,0.43953434
Bexley,23114,0.40080774
Bexley,23116,0.4154663
Bexley,23117,0.42328542
Bexley,23251,0.43590227
Bexley,23253,0.4301669
Bexley,23254,0.47276372
Bexley,23255,0.4278487
Bexley,23256,0.49255612
Bexley,23257,0.47019765
Bexley,23258,0.48784864
Bexley,23259,0.48727223
Bexley,23260,0.49635923
Bexley,23261,0.49528685
Bexley,23262,0.4505708
Bexley,23263,0.45418137
Bexley,23264,0.4644981
Bexley,23265,0.45041537
Bexley,23266,0.46233153
Bexley,23267,0.4678961
Bexley,23268,0.45769843
Bexley,23269,0.44551978
Bexley,23271,0.43405762
Bexley,23273,0.42691237
Bexley,23354,0.4037524
Bexley,23355,0.4059432
Bexley,23602,0.41120243
Bexley,23603,0.39783403
Bexley,23604,0.41522598
Bexley,23605,0.44997188
Bexley,23606,0.42970923
Bexley,23607,0.46986023
Bexley,23608,0.4534151
Bexley,23609,0.4903865
Bexley,23610,0.48002782
Bexley,23611,0.47701573
Bexley,23663,0.43866554
Bexley,23698,0.40119925
Bexley,23874,0.4032981
Bexley,24008,0.44436085
Bexley,24132,0.42859474
Bexley,24133,0.3488612
Bexley,24134,0.44590655
Bexley,24637,0.41907352
Bexley,25290,0.4846183
Bexley,25480,0.48555946
Bexley,25605,0.50658244
Bexley,25696,0.51039684
Bexley,25697,0.35865688
Bexley,25698,0.32758
Bexley,25699,0.37717074
Bexley,25700,0.37624744
Bexley,25701,0.38378036
Bexley,25702,0.4096416
Bexley,25710,0.39320645
Bexley,25711,0.4317748
Bexley,25712,0.47115597
Bexley,25713,0.4652088
Bexley,25714,0.48283714
Bexley,25715,0.48212686
Bexley,25716,0.44490474
Bexley,25717,0.43038446
Bexley,25718,0.43942678
Bexley,25719,0.44063646
Bexley,25773,0.42872855
Bexley,25775,0.4371566
Bexley,25776,0.441971
Bexley,25777,0.444928
Bexley,25778,0.515118
Bexley,25779,0.51706046
Bexley,25780,0.45208704
Bexley,25781,0.4592375
Bexley,25782,0.4615599
Bexley,25783,0.4689736
Bexley,25784,0.43607232
Bexley,25785,0.43516994
Bexley,25786,0.40383255
Bexley,25819,0.522931
Bexley,25848,0.52975446
Bexley,25998,0.52099025
Bexley,26152,0.4034149
Bexley,26153,0.4051935
Bexley,26218,0.4907112
Bexley,26383,0.45613682
Bexley,26561,0.40993163
Bexley,26562,0.41008806
Bexley,26563,0.4085156
Bexley,26564,0.43424678
Bexley,26566,0.41216314
Bexley,26567,0.40832505
Bexley,26579,0.4562306
Bexley,26580,0.45468032
Bexley,26581,0.47016454
Bexley,26582,0.46274036
Bexley,26583,0.42174685
Bexley,26584,0.45496127
Bexley,27306,0.4912632
Bexley,27308,0.40664268
Bexley,27589,0.441392
Bexley,27833,0.37178093
Bexley,27834,0.36895669
Bexley,28017,0.40181583
Bexley,28018,0.39965925
Bexley,28177,0.46925086
Bexley,2867,0.39921382
Bexley,29286,0.44638795
Bexley,29307,0.5400917
Bexley,29308,0.53399205
Bexley,29461,0.48480308
Bexley,29462,0.41821593
Bexley,29468,0.45183405
Bexley,29469,0.4691443
Bexley,29545,0.50239533
Bexley,30598,0.31206948
Bexley,31051,0.347603
Bexley,31473,0.446295
Bexley,31531,0.42560232
Bexley,33040,0.53594816
Bexley,33041,0.51598376
Bexley,33234,0.4143941
Bexley,33235,0.4025602
Bexley,33236,0.40692586
Bexley,33237,0.43378428
Bexley,33238,0.42255893
Bexley,33239,0.3739852
Bexley,33240,0.37413707
Bexley,33241,0.3877156
Bexley,33242,0.3869665
Bexley,33244,0.4166888
Bexley,33247,0.41196874
Bexley,33248,0.41423753
Bexley,33556,0.483375
Bexley,33748,0.41638094
Bexley,33749,0.41338888
Bexley,3375,0.38786462
Bexley,33750,0.42540607
Bexley,33751,0.40674433
Bexley,33752,0.41410738
Bexley,33753,0.397723
Bexley,33754,0.3962164
Bexley,33755,0.39638838
Bexley,33756,0.39552978
Bexley,33757,0.40809909
Bexley,33758,0.4079055
Bexley,3377,0.4362952
Bexley,33974,0.39582685
Bexley,34277,0.489439
Bexley,34278,0.4887662
Bexley,34318,0.48948362
Bexley,34392,0.47232717
Bexley,34611,0.44743314
Bexley,34612,0.48228595
Bexley,34613,0.46511754
Bexley,34812,0.49971026
Bexley,34815,0.4795822
Bexley,34816,0.4761409
Bexley,34817,0.46851802
Bexley,34818,0.43822107
Bexley,34819,0.47839212
Bexley,34825,0.54624546
Bexley,34926,0.43721613
Bexley,34955,0.3955851
Bexley,35147,0.45312965
Bexley,35309,0.51263833
Bexley,35387,0.43403
Bexley,35388,0.41509193
Bexley,35389,0.4145762
Bexley,35390,0.43868077
Bexley,35391,0.48484758
Bexley,35392,0.46537957
Bexley,35393,0.45934656
Bexley,35395,0.46146202
Bexley,35396,0.46168384
Bexley,35424,0.43328768
Bexley,35518,0.35645634
Bexley,35529,0.4353854
Bexley,35541,0.42678863
Bexley,35579,0.3587268
Bexley,35580,0.34492746
Bexley,35581,0.34189838
Bexley,35582,0.3390103
Bexley,35584,0.36071366
Bexley,35585,0.42338482
Bexley,35586,0.35495886
Bexley,35713,0.46727872
Bexley,35773,0.47182813
Bexley,35928,0.4450944
Bexley,35929,0.47967017
Bexley,36002,0.5004091
Bexley,36530,0.47170228
Bexley,36531,0.44824767
Bexley,36642,0.45901665
Bexley,36675,0.49592072
Bexley,36676,0.4917492
Bexley,36677,0.4655221
Bexley,36678,0.4447026
Bexley,36780,0.51141655
Bexley,37070,0.48356918
Bexley,37071,0.48663318
Bexley,37076,0.48702738
Bexley,37078,0.48816028
Bexley,37123,0.51697814
Bexley,37181,0.46613178
Bexley,3725,0.5146664
Bexley,37322,0.5550255
Bexley,37379,0.49291205
Bexley,3901,0.32076544
Bexley,3902,0.31005254
Bexley,3905,0.53938186
Bexley,3906,0.55280185
Bexley,3929,0.49973193
Bexley,3930,0.5078832
Bexley,3936,0.4307484
Bexley,3937,0.433242
Bexley,3952,0.3927125
Bexley,3953,0.42314503
Bexley,3954,0.41260126
Bexley,3955,0.4124837
Bexley,3961,0.3992886
Bexley,3962,0.39902818
Bexley,3963,0.5168452
Bexley,3964,0.42132306
Bexley,3965,0.4073133
Bexley,40020,0.4279492
Bexley,40022,0.4457866
Bexley,40023,0.45237842
Bexley,40024,0.44958174
Bexley,40027,0.46329272
Bexley,40028,0.50310487
Bexley,40029,0.45242122
Bexley,40030,0.4655248
Bexley,40031,0.44943538
Bexley,40032,0.44899195
Bexley,40047,0.29769295
Bexley,40050,0.4088136
Bexley,40062,0.42899027
Bexley,40064,0.4506873
Bexley,40065,0.45037547
Bexley,41001,0.40630412
Bexley,44002,0.49825186
Bexley,44003,0.47765628
Bexley,44004,0.43404046
Bexley,44005,0.46192327
Bexley,44016,0.48067966
Bexley,44017,0.47907296
Bexley,4928,0.4369652
Bexley,5176,0.4858494
Bexley,5885,0.45508376
Bexley,5886,0.45580202
Bexley,6001,0.44410476
Bexley,6002,0.32470933
Bexley,6229,0.46106973
Bexley,6230,0.36233094
Bexley,6231,0.42176452
Bexley,6232,0.39538002
Bexley,6233,0.41783103
Bexley,6234,0.4218744
Bexley,6235,0.41975185
Bexley,6236,0.4179812
Bexley,6238,0.5140886
Bexley,6239,0.39884353
Bexley,6240,0.39922783
Bexley,6241,0.39729562
Bexley,6242,0.3966921
Bexley,6243,0.3806156
Bexley,6244,0.3981226
Bexley,6247,0.39149415
Bexley,6248,0.4486663
Bexley,6249,0.44485295
Bexley,6251,0.41457966
Bexley,6252,0.42717144
Bexley,6254,0.43753937
Bexley,6255,0.4369765
Bexley,6257,0.38658157
Bexley,6260,0.3914392
Bexley,6261,0.39153013
Bexley,6264,0.41566712
Bexley,6265,0.40492275
Bexley,6266,0.3975931
Bexley,6268,0.4397631
Bexley,6271,0.46321318
Bexley,6272,0.45373735
Bexley,6273,0.4423767
Bexley,6274,0.47308964
Bexley,6275,0.47397277
Bexley,6276,0.49146432
Bexley,6277,0.504032
Bexley,6279,0.5036444
Bexley,6286,0.50880045
Bexley,6287,0.5042752
Bexley,6290,0.5068911
Bexley,6294,0.5202624
Bexley,6295,0.5164601
Bexley,6301,0.52393454
Bexley,6302,0.5221818
Bexley,6303,0.5117022
Bexley,6307,0.44884694
Bexley,6308,0.44879833
Bexley,6309,0.46311143
Bexley,6310,0.47865647
Bexley,6313,0.38051274
Bexley,6314,0.44866133
Bexley,6315,0.5298643
Bexley,6316,0.39271495
Bexley,6317,0.42436525
Bexley,6318,0.36383888
Bexley,6319,0.44665942
Bexley,6320,0.43400472
Bexley,6323,0.48795283
Bexley,6324,0.50290084
Bexley,6326,0.4717137
Bexley,6327,0.4700951
Bexley,6328,0.47791943
Bexley,6329,0.46843216
Bexley,6330,0.47650102
Bexley,6348,0.49407086
Bexley,6349,0.4682992
Bexley,6600,0.401069
Bexley,6603,0.42750755
Bexley,7540,0.42780748
Bexley,9182,0.47136036
Bexley,BP060,0.42787686
Bexley,BP1297,0.33821413
Bexley,BP1298,0.34614202
Bexley,BP1325,0.46369818
Bexley,BP1334,0.3481591
Bexley,BP1335,0.4495731
Bexley,BP1583,0.43666276
Bexley,BP1776,0.43626395
Bexley,BP1845,0.4923797
Bexley,BP1846,0.46124357
Bexley,BP1927,0.42290848
Bexley,BP2114,0.43690574
Bexley,BP2115,0.4539174
Bexley,BP2158,0.48352423
Bexley,BP2159,0.4854432
Bexley,BP2160,0.4981173
Bexley,BP2250,0.43929955
Bexley,BP2259,0.43498927
Bexley,BP2296,0.4974365
Bexley,BP2437,0.49356234
Bexley,BP2438,0.49196514
Bexley,BP2992,0.44512862
Bexley,BP3207,0.4248039
Bexley,BP3300,0.37517622
Bexley,BP3311,0.32700422
Bexley,BP3603,0.4638948
Bexley,BP371,0.46001762
Bexley,BP372,0.4611507
Bexley,BP374,0.4245631
Bexley,BP375,0.3564409
Bexley,BP376,0.35643464
Bexley,BP377,0.4300775
Bexley,BP3814,0.5048092
Bexley,BP3815,0.46698913
Bexley,BP3816,0.4626643
Bexley,BP3817,0.53563035
Bexley,BP4058,0.43020666
Bexley,BP4175,0.43369228
Bexley,BP4176,0.40067005
Bexley,BP4177,0.4424558
Bexley,BP4178,0.4409639
Bexley,BP4179,0.42023566
Bexley,BP4180,0.429889
Bexley,BP4279,0.44001126
Bexley,BP4476,0.45259893
Bexley,BP4516,0.45212042
Bexley,BP4992,0.44231284
Bexley,BP5033,0.5440614
Bexley,BP5046,0.42197818
Bexley,BP5099,0.432707
Bexley,BP5395,0.43405905
Bexley,BP5396,0.45085844
Bexley,BP5401,0.41578737
Bexley,BP5402,0.4048171
Bexley,BP5866,0.48331073
Bexley,BP5900,0.38697588
Bexley,BP5901,0.3898556
Bexley,BP6081,0.34428835
Bexley,BP6082,0.34254754
Bexley,BP6083,0.4259686
Bexley,BP6084,0.4073924
Bexley,BP6085,0.43110457
Bexley,BP6086,0.42791653
Bexley,BP6087,0.41165668
Bexley,BP6088,0.43650663
Bexley,BP6089,0.46538875
Bexley,BP6090,0.4394489
Bexley,BP6091,0.43606117
Bexley,BP6092,0.43564755
Bexley,BP6257,0.43176177
Bexley,BP6295,0.4111672
Bexley,BP6296,0.44354483
Bexley,BP6297,0.41199046
Bexley,BP6298,0.47644863
Bexley,BP6299,0.4214353
Bexley,BP6300,0.4406211
Bexley,BP6302,0.47114307
Bexley,BP6303,0.43293747
Bexley,BP6304,0.40739182
Bexley,BP6305,0.41766614
Bexley,BP6306,0.4335179
Bexley,BP6307,0.43581364
Bexley,BP6308,0.41919163
Bexley,BP6309,0.41694933
Bexley,BP6310,0.43522778
Bexley,BP6311,0.41985127
Bexley,BP6312,0.43774202
Bexley,BP6313,0.47352517
Bexley,BP6323,0.47109267
Bexley,BP645,0.46355838
Bexley,BP647,0.43420592
Bexley,BP648,0.43432945
Bexley,BP6496,0.4568197
Bexley,BP6497,0.45609307
Bexley,BP6540,0.46714255
Bexley,BP6547,0.3595828
Bexley,BP6548,0.37288675
Bexley,BP6549,0.35983458
Bexley,BP6550,0.37580252
Bexley,BP6551,0.37471557
Bexley,BP6552,0.37409562
Bexley,BP6553,0.38115415
Bexley,BP658,0.41476095
Bexley,BP663,0.44595203
Bexley,BP942,0.39582726
Bexley,HC1,0.34638855
Bexley,HC154,0.44771534
Bexley,HC155,0.4685276
Bexley,HC156,0.4403887
Bexley,HC157,0.46239513
Bexley,HC158,0.453949
Bexley,HC159,0.44860506
Bexley,HC269,0.38679996
Bexley,HC3,0.42179134
Bexley,HC4,0.34601736
Bexley,HC5,0.37051818
Bexley,HC551,0.4474287
Bexley,HC552,0.4481182
Bexley,HC553,0.4116827
Bexley,HC554,0.47701064
Bexley,HC6,0.4140336
Bexley,HC729,0.4380822
Bexley,HC730,0.45355335
Bexley,HC731,0.43301755
Bexley,HC732,0.46850896
Bexley,HC733,0.46622333
Bexley,HC734,0.43427506
Bexley,HC735,0.43597063
Bexley,HC737,0.5292459
Bexley,HC738,0.43376645
Bexley,HC744,0.46375924
Bexley,HC745,0.44956106
Bexley,HC746,0.47677326
Bexley,HC747,0.4341233
Bexley,HC748,0.4306886
Bexley,HC749,0.41560856
Bexley,HC750,0.4547356
Bexley,HC751,0.44452772
Bexley,HC752,0.47577533
Bexley,HC808,0.39573315
Bexley,HC809,0.40013593
Bexley,HC810,0.38726237
Bexley,HC811,0.42573312
Bexley,HC812,0.40961453
Bexley,HC813,0.39418522
Bexley,HC816,0.39610094
Bexley,HC817,0.39258263
Bexley,HC818,0.43307146
Bexley,HC819,0.4539014
Bexley,HC820,0.44930005
Bexley,HC821,0.42908886
Bexley,HC822,0.37694132
Bexley,HC823,0.415085
Bexley,HC824,0.4246564
Bexley,HC825,0.40940621
Bexley,HC826,0.4041172
Bexley,HC827,0.41718942
Bexley,HC828,0.37582326
Bexley,HC830,0.403559
Bexley,HC831,0.39385074
Bexley,OC418,0.49350256
Bexley,OC581,0.39175114
Bexley,OC658,0.39604366
Bexley,R0063,0.3905007
Bexley,R0439,0.3429529
Bexley,R0468,0.43095428
Bexley,R0481,0.3263856
Bexley,R0482,0.3489436
Bexley,R0521,0.50510466
Bexley,R0535,0.4570254
Bexley,R0536,0.42136204
Bexley,R0537,0.40990782
Bexley,R0548,0.4754676
Bexley,R0555,0.43714422
Bexley,R0561,0.45128968
Bexley,21602,0.41616613
Bexley,23118,0.46064612
Bexley,28236,0.45219558
Bexley,33243,0.45359164
Bexley,33245,0.43225172
Bexley,33246,0.43084985
Bexley,33249,0.47080043
Bexley,37371,0.45500016
Bexley,40051,0.40207902
Bexley,40052,0.4064356
Bexley,40086,0.42314067
Bexley,40087,0.42636597
Bexley,6347,0.46111736
Bexley,6367,0.41004688
Bexley,BP4066,0.43039337
Brent,1013,0.4680156
Brent,1014,0.48870274
Brent,10240,0.50416565
Brent,10241,0.5061375
Brent,11134,0.37145084
Brent,11135,0.42217198
Brent,11601,0.49171013
Brent,11609,0.4785133
Brent,11615,0.40186682
Brent,11616,0.4169547
Brent,11617,0.42823234
Brent,11618,0.42834967
Brent,11621,0.5265564
Brent,11622,0.54119956
Brent,11623,0.43209594
Brent,11630,0.43285877
Brent,11633,0.36759916
Brent,11634,0.3736574
Brent,11635,0.4520295
Brent,11636,0.45954642
Brent,11637,0.4507441
Brent,11638,0.48287305
Brent,11639,0.6621448
Brent,11640,0.57513934
Brent,11641,0.6150307
Brent,11642,0.64710426
Brent,11643,0.37409577
Brent,11644,0.44666728
Brent,11645,0.38331494
Brent,11647,0.44278306
Brent,11650,0.4606565
Brent,11651,0.48889345
Brent,11653,0.48214453
Brent,11656,0.41197085
Brent,11657,0.4012404
Brent,11658,0.41189778
Brent,11659,0.42752966
Brent,11660,0.40489417
Brent,11661,0.39799166
Brent,1220,0.40182558
Brent,1256,0.32835722
Brent,13149,0.37895396
Brent,1378,0.32286757
Brent,1380,0.31077585
Brent,1381,0.3585233
Brent,1382,0.31285447
Brent,1385,0.31345937
Brent,1386,0.30750927
Brent,1387,0.3061979
Brent,1388,0.40866455
Brent,1389,0.4289225
Brent,14205,0.4473781
Brent,14341,0.43137008
Brent,14364,0.5062861
Brent,1467,0.39104944
Brent,14766,0.40656218
Brent,14827,0.44184968
Brent,14828,0.41466442
Brent,14833,0.42559066
Brent,14838,0.53045976
Brent,1484,0.49438378
Brent,14840,0.44347528
Brent,14851,0.5369281
Brent,14852,0.5642651
Brent,14853,0.46402076
Brent,14946,0.35587353
Brent,14948,0.3947917
Brent,14968,0.5361791
Brent,15011,0.53753847
Brent,15012,0.53017867
Brent,15013,0.593289
Brent,15068,0.4842815
Brent,15069,0.5358342
Brent,15070,0.5655413
Brent,15071,0.4387963
Brent,15074,0.47160712
Brent,15075,0.4957011
Brent,15076,0.48381215
Brent,15077,0.5012291
Brent,15078,0.49885905
Brent,15079,0.51942843
Brent,15080,0.5162849
Brent,15081,0.5600253
Brent,15082,0.54770654
Brent,15083,0.51861745
Brent,15084,0.52579653
Brent,15085,0.57508105
Brent,15088,0.4671258
Brent,15089,0.44572687
Brent,15090,0.44645256
Brent,15091,0.39457208
Brent,15935,0.5180492
Brent,15936,0.510064
Brent,15937,0.5081233
Brent,1594,0.4534414
Brent,15946,0.41361505
Brent,15947,0.43223703
Brent,15950,0.4248963
Brent,16102,0.5245601
Brent,16112,0.43141428
Brent,16116,0.38236216
Brent,16118,0.47246668
Brent,16125,0.4375554
Brent,1620,0.4260001
Brent,1621,0.49483463
Brent,16210,0.5847621
Brent,1622,0.48615086
Brent,1623,0.43679455
Brent,1624,0.43741342
Brent,16543,0.41145316
Brent,16545,0.46272993
Brent,16546,0.46577728
Brent,16547,0.58356684
Brent,16548,0.6084966
Brent,16550,0.57850105
Brent,16552,0.48467222
Brent,16555,0.44514623
Brent,16556,0.56172085
Brent,16557,0.56726444
Brent,16558,0.55095077
Brent,16559,0.59877366
Brent,16560,0.620534
Brent,16561,0.5736559
Brent,16562,0.54969007
Brent,1659,0.42979887
Brent,16997,0.54182595
Brent,16998,0.55309945
Brent,16999,0.47565663
Brent,17000,0.47147968
Brent,17001,0.45112243
Brent,17003,0.5602279
Brent,17004,0.64908576
Brent,17005,0.6492106
Brent,17006,0.42281905
Brent,17007,0.42471245
Brent,17010,0.50081706
Brent,17011,0.4867407
Brent,17012,0.58748025
Brent,17013,0.58735406
Brent,17014,0.5897791
Brent,17015,0.59624594
Brent,17016,0.5524554
Brent,17017,0.55050987
Brent,17018,0.592266
Brent,17019,0.5895332
Brent,17020,0.6119896
Brent,17021,0.5990319
Brent,17022,0.61013484
Brent,17023,0.613184
Brent,17043,0.4785635
Brent,17044,0.46443942
Brent,17045,0.52057797
Brent,17046,0.44102195
Brent,17047,0.55442846
Brent,17048,0.58043957
Brent,17049,0.6069937
Brent,17050,0.6068705
Brent,17051,0.5062926
Brent,17052,0.5144371
Brent,17053,0.43615204
Brent,17054,0.41462833
Brent,17055,0.42906755
Brent,17056,0.42859504
Brent,17057,0.43020293
Brent,17058,0.46104476
Brent,17059,0.525405
Brent,17060,0.5332607
Brent,17062,0.5693957
Brent,17063,0.53694946
Brent,17120,0.5270941
Brent,17121,0.5774488
Brent,17122,0.5128717
Brent,17123,0.54852766
Brent,17124,0.5318386
Brent,17125,0.5464328
Brent,17170,0.54312354
Brent,17171,0.5657348
Brent,17172,0.52009434
Brent,17173,0.50186265
Brent,17174,0.4455601
Brent,17176,0.44443682
Brent,17178,0.54517454
Brent,17180,0.4669017
Brent,17252,0.5527676
Brent,17253,0.6168842
Brent,17254,0.44099033
Brent,17255,0.45738283
Brent,1757,0.41830984
Brent,1763,0.3991055
Brent,18222,0.30237645
Brent,18454,0.5580406
Brent,18456,0.50645053
Brent,18644,0.4395602
Brent,18645,0.42800125
Brent,18904,0.51870126
Brent,18905,0.5254132
Brent,18906,0.51906544
Brent,18907,0.51362765
Brent,18908,0.4756601
Brent,18909,0.44745448
Brent,1933,0.35202307
Brent,20040,0.52480114
Brent,2060,0.3965029
Brent,20654,0.50445753
Brent,20794,0.40356442
Brent,20840,0.44458538
Brent,20994,0.39284432
Brent,20995,0.42177495
Brent,24280,0.44171873
Brent,2488,0.5207667
Brent,2489,0.57987076
Brent,2490,0.5892365
Brent,25066,0.38760614
Brent,25180,0.44228148
Brent,25181,0.44515994
Brent,25182,0.43060184
Brent,25331,0.5302164
Brent,25447,0.44012767
Brent,26241,0.43174097
Brent,26495,0.539975
Brent,26525,0.41376096
Brent,26526,0.43280923
Brent,26859,0.43495423
Brent,26932,0.35020962
Brent,26933,0.35320687
Brent,26934,0.43800193
Brent,26935,0.49332333
Brent,26936,0.539145
Brent,26937,0.5441729
Brent,26938,0.5340893
Brent,26939,0.53257877
Brent,26940,0.5329748
Brent,26941,0.57900727
Brent,26942,0.5430313
Brent,26943,0.5420731
Brent,26944,0.5231625
Brent,26945,0.52355736
Brent,26946,0.54086757
Brent,26947,0.5364784
Brent,26948,0.37105015
Brent,26949,0.40254378
Brent,26950,0.41607922
Brent,26951,0.4531455
Brent,26952,0.49352035
Brent,26953,0.48480955
Brent,26954,0.4234355
Brent,26955,0.43280628
Brent,27302,0.53243273
Brent,27565,0.32844576
Brent,27617,0.44140095
Brent,27618,0.44206217
Brent,2802,0.50671136
Brent,2805,0.49529538
Brent,2806,0.5703745
Brent,2807,0.45460373
Brent,2809,0.5297708
Brent,2810,0.51932657
Brent,2811,0.5188876
Brent,2814,0.5442382
Brent,2815,0.5808899
Brent,2817,0.5653201
Brent,2819,0.58301055
Brent,2821,0.48499683
Brent,2822,0.48178488
Brent,2823,0.37868297
Brent,2824,0.3676306
Brent,2825,0.44476303
Brent,2853,0.3855791
Brent,2854,0.4004569
Brent,28647,0.44637483
Brent,29010,0.43409586
Brent,29269,0.50748664
Brent,29382,0.54602426
Brent,29428,0.51280534
Brent,29492,0.3932192
Brent,2950,0.37095094
Brent,2953,0.49344093
Brent,2956,0.5084455
Brent,2957,0.5014
Brent,2958,0.46950373
Brent,2959,0.4893968
Brent,2960,0.4388594
Brent,2961,0.43787807
Brent,2962,0.46212626
Brent,2966,0.31941336
Brent,2967,0.31934127
Brent,2969,0.29134703
Brent,2973,0.4589222
Brent,2977,0.3984374
Brent,2983,0.4114576
Brent,2995,0.4262608
Brent,2996,0.48543078
Brent,2997,0.51052356
Brent,30,0.4879374
Brent,3188,0.3162245
Brent,3212,0.38532582
Brent,3213,0.3925724
Brent,3215,0.3697303
Brent,3223,0.3307538
Brent,3224,0.37941447
Brent,3262,0.44619787
Brent,3263,0.4402564
Brent,3265,0.41766617
Brent,3266,0.41970137
Brent,3267,0.39456123
Brent,3275,0.5186364
Brent,3277,0.5133422
Brent,3278,0.5039683
Brent,3282,0.44798332
Brent,3283,0.45637688
Brent,3285,0.37362447
Brent,3286,0.3811651
Brent,33215,0.33340418
Brent,33256,0.36006287
Brent,3390,0.55475044
Brent,3392,0.6882248
Brent,33935,0.5185464
Brent,33948,0.45975676
Brent,34105,0.40889964
Brent,34114,0.39768776
Brent,34186,0.36759716
Brent,34385,0.5268964
Brent,34756,0.44589683
Brent,34786,0.5084269
Brent,34787,0.47710222
Brent,34788,0.49774086
Brent,34795,0.5846151
Brent,34796,0.49585846
Brent,34797,0.48014933
Brent,34870,0.41548023
Brent,34913,0.33745202
Brent,35210,0.4457404
Brent,35359,0.46457332
Brent,35789,0.51094544
Brent,35790,0.51853067
Brent,35792,0.5320438
Brent,35793,0.5347632
Brent,35794,0.5270459
Brent,35795,0.51509535
Brent,36582,0.38455227
Brent,36754,0.611691
Brent,36755,0.6153706
Brent,36756,0.5964346
Brent,36757,0.59610045
Brent,36758,0.4724062
Brent,36759,0.47856238
Brent,36879,0.3630134
Brent,36880,0.37083015
Brent,3690,0.45398933
Brent,37012,0.52267295
Brent,37013,0.5451119
Brent,37014,0.5272631
Brent,37015,0.52787447
Brent,37016,0.57121766
Brent,37017,0.57154423
Brent,37018,0.58111906
Brent,37019,0.5423476
Brent,37020,0.56490207
Brent,37021,0.58077204
Brent,37022,0.5612792
Brent,37023,0.5811833
Brent,37024,0.5434859
Brent,37025,0.5792735
Brent,37026,0.5760876
Brent,37172,0.39125693
Brent,37253,0.5031049
Brent,37277,0.4630862
Brent,37278,0.45969984
Brent,37279,0.54056185
Brent,37280,0.5301365
Brent,37338,0.4631368
Brent,3821,0.41260862
Brent,38453,0.53514117
Brent,415,0.4063414
Brent,441,0.40653557
Brent,442,0.40798575
Brent,4590,0.3544024
Brent,4592,0.60659367
Brent,4684,0.39320493
Brent,4909,0.41564965
Brent,4910,0.44017464
Brent,4911,0.41108614
Brent,4912,0.3624908
Brent,4913,0.33593515
Brent,4920,0.45649117
Brent,595,0.3770318
Brent,6024,0.3488014
Brent,6025,0.37851927
Brent,6026,0.41244003
Brent,6029,0.46879885
Brent,6030,0.48068
Brent,6031,0.44429305
Brent,6038,0.33464342
Brent,6044,0.406702
Brent,6046,0.44751722
Brent,6064,0.41101873
Brent,6129,0.3332928
Brent,6130,0.33007246
Brent,7564,0.514558
Brent,7565,0.53221947
Brent,7732,0.402174
Brent,7733,0.41773358
Brent,7805,0.60689723
Brent,8408,0.4261986
Brent,91523,0.52897066
Brent,9369,0.5146046
Brent,9370,0.47498137
Brent,9371,0.446262
Brent,9373,0.47077787
Brent,9388,0.457645
Brent,9389,0.4576764
Brent,9401,0.47145584
Brent,9480,0.47481447
Brent,BP043,0.49897748
Brent,BP1019,0.5214329
Brent,BP1138,0.48158005
Brent,BP1280,0.6406956
Brent,BP1625,0.5380517
Brent,BP1651,0.34461144
Brent,BP1884,0.5293152
Brent,BP2310,0.45021957
Brent,BP2312,0.4433205
Brent,BP2313,0.50622237
Brent,BP2314,0.6162169
Brent,BP2315,0.58178574
Brent,BP2316,0.5640958
Brent,BP2317,0.5801765
Brent,BP2318,0.6165047
Brent,BP2319,0.5006488
Brent,BP2320,0.4455926
Brent,BP2396,0.55390364
Brent,BP2397,0.47944668
Brent,BP2398,0.59607095
Brent,BP3110,0.49489927
Brent,BP3391,0.6401868
Brent,BP3392,0.639897
Brent,BP3485,0.6112681
Brent,BP3486,0.60822767
Brent,BP3487,0.39658433
Brent,BP3488,0.3895099
Brent,BP3564,0.48656148
Brent,BP3565,0.5002778
Brent,BP4064,0.41252035
Brent,BP4266,0.36429083
Brent,BP4310,0.5375038
Brent,BP4385,0.6762167
Brent,BP4386,0.6948069
Brent,BP4387,0.7078795
Brent,BP4388,0.70789886
Brent,BP440,0.54175466
Brent,BP4421,0.69474745
Brent,BP4458,0.63200295
Brent,BP446,0.53151035
Brent,BP4510,0.5124725
Brent,BP4511,0.5090574
Brent,BP4512,0.45730934
Brent,BP4666,0.4242215
Brent,BP4882,0.5136284
Brent,BP4911,0.32720506
Brent,BP5165,0.491958
Brent,BP5168,0.46590456
Brent,BP5376,0.5018849
Brent,BP5399,0.7308992
Brent,BP5757,0.5281127
Brent,BP5948,0.29988855
Brent,BP5968,0.7066846
Brent,BP5984,0.5577958
Brent,BP5985,0.557797
Brent,BP6111,0.5400708
Brent,BP6112,0.38814628
Brent,BP6124,0.6467531
Brent,BP6150,0.4909774
Brent,BP6151,0.60625994
Brent,BP6152,0.4685832
Brent,BP6219,0.49321967
Brent,BP6263,0.57389843
Brent,BP6264,0.46993303
Brent,BP628,0.6069634
Brent,BP629,0.57884586
Brent,BP6293,0.5675714
Brent,BP630,0.5481577
Brent,BP631,0.6013639
Brent,BP6356,0.52238846
Brent,BP6357,0.48974162
Brent,BP6389,0.46409583
Brent,BP6506,0.60191894
Brent,BP6507,0.56234
Brent,BP820,0.40444803
Brent,BP831,0.40576977
Brent,BP924,0.5140468
Brent,BP971,0.55288386
Brent,BP972,0.5517615
Brent,BP982,0.5244883
Brent,C10,0.4428301
Brent,C12,0.54031014
Brent,C122,0.6672407
Brent,C13,0.57558113
Brent,C2,0.54041165
Brent,C3,0.5090516
Brent,C35,0.6426488
Brent,C4,0.51607764
Brent,C40,0.59088403
Brent,C5,0.47984818
Brent,C6,0.48140746
Brent,C7,0.55526197
Brent,C74,0.60102713
Brent,C8,0.56220317
Brent,C83,0.53753763
Brent,C85,0.4936744
Brent,C86,0.6188145
Brent,C9,0.40378767
Brent,CW15,0.5383522
Brent,CW16,0.5555446
Brent,CW43,0.5039943
Brent,CW44,0.55389404
Brent,CW45,0.5768212
Brent,CW59,0.47451124
Brent,CW60,0.47185808
Brent,CW61,0.47848883
Brent,M10,0.50653315
Brent,M11,0.40666166
Brent,M12,0.36083692
Brent,M13,0.39041898
Brent,M14,0.40541694
Brent,M15,0.505819
Brent,M20,0.57610047
Brent,M22,0.48511598
Brent,M23,0.43533736
Brent,M24,0.43422636
Brent,M25,0.5007751
Brent,M26,0.636975
Brent,R0255,0.50749475
Brent,R0268,0.34055838
Brent,R0316,0.48271468
Brent,R0359,0.5381538
Brent,R0361,0.57621557
Brent,R0402,0.5385273
Brent,R0488,0.52614456
Brent,R0492,0.49992347
Brent,R0657,0.48333693
Brent,15086,0.5361366
Brent,15087,0.5128633
Brent,15945,0.354065
Brent,16103,0.44689652
Brent,16563,0.5089803
Brent,16564,0.5055647
Brent,16868,0.35986537
Brent,17002,0.56471556
Brent,17008,0.44636363
Brent,17009,0.43608135
Brent,1934,0.33085313
Brent,20991,0.4071185
Brent,20992,0.39898083
Brent,20993,0.3901326
Brent,34184,0.5679153
Brent,34185,0.56677365
Brent,37230,0.44447204
Brent,6138,0.46692947
Brent,BP1386,0.5061816
Brent,BP208,0.5646105
Brent,BP209,0.58201355
Brent,BP2609,0.50837827
Brent,BP2610,0.5200108
Brent,BP4498,0.5039183
Brent,BP4969,0.45995346
Brent,BP4970,0.45822448
Brent,BP4971,0.45455062
Brent,BP5975,0.6254721
Brent,BP608,0.50834155
Brent,BP609,0.50552523
Brent,BP610,0.57158655
Brent,BP611,0.56623185
Brent,BP614,0.5403039
Brent,BP6338,0.50812024
Brent,R0266,0.4704818
Bromley,10690,0.46687436
Bromley,10694,0.34852216
Bromley,10705,0.44887248
Bromley,11331,0.33470124
Bromley,11332,0.34574708
Bromley,11752,0.2999979
Bromley,12207,0.40763202
Bromley,12208,0.4193012
Bromley,12239,0.39958778
Bromley,12240,0.40795124
Bromley,1242,0.34324723
Bromley,12442,0.43683308
Bromley,12444,0.412659
Bromley,12445,0.38304588
Bromley,13222,0.47815698
Bromley,13379,0.41286653
Bromley,13953,0.36507878
Bromley,14120,0.25958794
Bromley,14121,0.26040176
Bromley,14122,0.37323296
Bromley,14123,0.37160397
Bromley,14124,0.49041802
Bromley,14125,0.4921247
Bromley,1426,0.48887774
Bromley,1427,0.468323
Bromley,1428,0.45619446
Bromley,1429,0.43370435
Bromley,14342,0.42366785
Bromley,14430,0.30009145
Bromley,14459,0.5128345
Bromley,14732,0.27137047
Bromley,14733,0.23541644
Bromley,14739,0.49587592
Bromley,14976,0.4482514
Bromley,14978,0.38573754
Bromley,1521,0.39503086
Bromley,1522,0.38545892
Bromley,1523,0.4065451
Bromley,1524,0.3810725
Bromley,1603,0.3553534
Bromley,1604,0.3179006
Bromley,16642,0.32824853
Bromley,16646,0.32115576
Bromley,16647,0.31231648
Bromley,17321,0.4029059
Bromley,17323,0.42582178
Bromley,17326,0.4633628
Bromley,17327,0.46108237
Bromley,17402,0.44016415
Bromley,17403,0.38597366
Bromley,17405,0.4417877
Bromley,17406,0.47674647
Bromley,17407,0.48607633
Bromley,17408,0.46478355
Bromley,17409,0.4234099
Bromley,17410,0.38781598
Bromley,17411,0.3948433
Bromley,17412,0.3904282
Bromley,17413,0.38539082
Bromley,17414,0.35372794
Bromley,17415,0.36011878
Bromley,17419,0.2537951
Bromley,17420,0.25106823
Bromley,17421,0.2573247
Bromley,17422,0.26167226
Bromley,17423,0.297342
Bromley,17424,0.28108618
Bromley,17425,0.29491678
Bromley,17426,0.29032475
Bromley,17427,0.2654026
Bromley,17428,0.26501733
Bromley,17429,0.30262607
Bromley,17431,0.5394459
Bromley,17432,0.4928767
Bromley,17433,0.50883037
Bromley,17434,0.5307286
Bromley,17435,0.53296167
Bromley,17436,0.5367317
Bromley,17437,0.48177144
Bromley,17438,0.49708232
Bromley,17522,0.35302874
Bromley,17523,0.33457428
Bromley,17524,0.3651516
Bromley,17525,0.3915565
Bromley,17526,0.33967412
Bromley,17527,0.36894
Bromley,17528,0.26124462
Bromley,17529,0.31668934
Bromley,17530,0.28828055
Bromley,17531,0.2928115
Bromley,17532,0.25826386
Bromley,17534,0.24602777
Bromley,17535,0.24868403
Bromley,17536,0.360299
Bromley,17702,0.35975763
Bromley,17703,0.36054423
Bromley,17705,0.24282964
Bromley,17706,0.2727396
Bromley,17707,0.255839
Bromley,17708,0.41198727
Bromley,17709,0.41521114
Bromley,17710,0.40188554
Bromley,17711,0.3864105
Bromley,17712,0.3450299
Bromley,17713,0.3327643
Bromley,17714,0.41781414
Bromley,17715,0.40681133
Bromley,17716,0.43854767
Bromley,17717,0.43688092
Bromley,17789,0.30767572
Bromley,17790,0.32800275
Bromley,17791,0.35958368
Bromley,17792,0.34453487
Bromley,17793,0.3177282
Bromley,17794,0.31746158
Bromley,17797,0.26330033
Bromley,17798,0.27226797
Bromley,17799,0.2878929
Bromley,17802,0.30730027
Bromley,17803,0.2892526
Bromley,17804,0.2890033
Bromley,17805,0.29403576
Bromley,17806,0.29586062
Bromley,17807,0.27081886
Bromley,17808,0.26747343
Bromley,17809,0.2651693
Bromley,17810,0.25614765
Bromley,17811,0.262419
Bromley,17812,0.3864992
Bromley,17813,0.37515345
Bromley,17814,0.43343973
Bromley,17815,0.40607598
Bromley,17816,0.3804775
Bromley,17817,0.3735134
Bromley,17818,0.4116275
Bromley,17819,0.4418683
Bromley,18191,0.40071216
Bromley,18192,0.38388896
Bromley,18193,0.4071296
Bromley,18194,0.4458347
Bromley,18195,0.5191937
Bromley,18196,0.35657895
Bromley,18197,0.37944382
Bromley,18198,0.27740237
Bromley,18199,0.2557537
Bromley,18200,0.36561736
Bromley,18201,0.36516607
Bromley,18202,0.3265526
Bromley,18203,0.34153754
Bromley,18204,0.41644624
Bromley,18205,0.4508148
Bromley,18206,0.46009973
Bromley,18226,0.37933397
Bromley,18369,0.3834032
Bromley,18370,0.41170937
Bromley,18371,0.36952657
Bromley,18733,0.37512887
Bromley,18738,0.311888
Bromley,18739,0.29375213
Bromley,18785,0.30374694
Bromley,18786,0.32515812
Bromley,18787,0.31256822
Bromley,18788,0.40352607
Bromley,18789,0.40477717
Bromley,18791,0.42534107
Bromley,18792,0.4825512
Bromley,18794,0.45080698
Bromley,18795,0.44530362
Bromley,18796,0.4361277
Bromley,18894,0.52188396
Bromley,18942,0.379005
Bromley,18943,0.37765083
Bromley,18944,0.38659334
Bromley,18945,0.38539353
Bromley,18946,0.30691272
Bromley,18947,0.3021817
Bromley,18948,0.30366296
Bromley,18949,0.29706767
Bromley,18950,0.36401328
Bromley,18951,0.39126065
Bromley,18952,0.35614893
Bromley,18958,0.25243875
Bromley,18959,0.27317828
Bromley,18960,0.30136055
Bromley,18961,0.28108048
Bromley,18962,0.28596538
Bromley,18963,0.28947726
Bromley,18964,0.2741974
Bromley,18965,0.27536535
Bromley,18966,0.2808374
Bromley,18967,0.27649602
Bromley,18973,0.42293304
Bromley,18988,0.29305276
Bromley,18989,0.31645614
Bromley,18990,0.34061015
Bromley,18991,0.32698536
Bromley,18992,0.43860236
Bromley,18993,0.42652592
Bromley,18995,0.4197054
Bromley,18996,0.49854928
Bromley,18997,0.37124535
Bromley,18998,0.398381
Bromley,18999,0.37681493
Bromley,19000,0.37656978
Bromley,19001,0.39191887
Bromley,19002,0.46244958
Bromley,19004,0.2867387
Bromley,19005,0.29710013
Bromley,19006,0.37295514
Bromley,19007,0.30466965
Bromley,19008,0.3947348
Bromley,19009,0.39847887
Bromley,19010,0.3966204
Bromley,19011,0.39589462
Bromley,19020,0.36478308
Bromley,19024,0.5167353
Bromley,19025,0.53143466
Bromley,19028,0.41158882
Bromley,19029,0.4116735
Bromley,19037,0.30556992
Bromley,19038,0.32990456
Bromley,19276,0.3612424
Bromley,19277,0.36703858
Bromley,19342,0.29211757
Bromley,19566,0.25287405
Bromley,19675,0.28258434
Bromley,19695,0.3346155
Bromley,19696,0.33308306
Bromley,19697,0.34567252
Bromley,19700,0.42840588
Bromley,19701,0.36969066
Bromley,19702,0.31706887
Bromley,19703,0.3189769
Bromley,19704,0.35200107
Bromley,19705,0.35221887
Bromley,19706,0.25783294
Bromley,19707,0.26139152
Bromley,19729,0.35362312
Bromley,19732,0.39272374
Bromley,19733,0.37816176
Bromley,19734,0.39814883
Bromley,19735,0.3839106
Bromley,19736,0.37876305
Bromley,19737,0.36556268
Bromley,19738,0.31023565
Bromley,19739,0.31004193
Bromley,19740,0.29624918
Bromley,19741,0.29598296
Bromley,19742,0.27220574
Bromley,19744,0.30047372
Bromley,19745,0.29414555
Bromley,19747,0.29692692
Bromley,19748,0.32320037
Bromley,19749,0.32356033
Bromley,19750,0.37503943
Bromley,19751,0.4415819
Bromley,19755,0.36810187
Bromley,19756,0.3194941
Bromley,19757,0.31887233
Bromley,19758,0.31888157
Bromley,19759,0.2616228
Bromley,19760,0.2756652
Bromley,19761,0.3948687
Bromley,19762,0.38082448
Bromley,19763,0.4086134
Bromley,19764,0.41895497
Bromley,19765,0.4260886
Bromley,19766,0.45134053
Bromley,19767,0.35562995
Bromley,19768,0.3734928
Bromley,19769,0.37589446
Bromley,19770,0.43291625
Bromley,19771,0.4351252
Bromley,19772,0.44624498
Bromley,19773,0.35336465
Bromley,19774,0.26917776
Bromley,19775,0.354545
Bromley,19776,0.269884
Bromley,19777,0.26958543
Bromley,19778,0.33639166
Bromley,19779,0.33483058
Bromley,19780,0.37585235
Bromley,19781,0.41505355
Bromley,19782,0.4462444
Bromley,19783,0.43831673
Bromley,19918,0.3383913
Bromley,20099,0.32187828
Bromley,20131,0.23463136
Bromley,20132,0.31181934
Bromley,20133,0.31563777
Bromley,20159,0.3978091
Bromley,20160,0.4284152
Bromley,20170,0.34224913
Bromley,20172,0.31621674
Bromley,20402,0.32371214
Bromley,20403,0.3333231
Bromley,20466,0.2929923
Bromley,20467,0.2921885
Bromley,20588,0.26908138
Bromley,20691,0.4238956
Bromley,20692,0.43126327
Bromley,20716,0.5606608
Bromley,20750,0.35070142
Bromley,20836,0.30190262
Bromley,20837,0.38989145
Bromley,20914,0.30441436
Bromley,20915,0.3228217
Bromley,20979,0.4866692
Bromley,20980,0.37385875
Bromley,20981,0.3806855
Bromley,2128,0.41274127
Bromley,2131,0.4673867
Bromley,21529,0.32328314
Bromley,21558,0.45118672
Bromley,22398,0.39302254
Bromley,24135,0.4160901
Bromley,24843,0.30109638
Bromley,24961,0.30492362
Bromley,25115,0.35157007
Bromley,25271,0.41299292
Bromley,25272,0.41603234
Bromley,25282,0.23570429
Bromley,25288,0.29481146
Bromley,25289,0.30384752
Bromley,25371,0.310767
Bromley,25372,0.30200362
Bromley,25373,0.3054688
Bromley,25374,0.3060692
Bromley,25375,0.30353087
Bromley,25376,0.30093795
Bromley,25472,0.3250103
Bromley,25959,0.30058694
Bromley,25960,0.30950007
Bromley,26124,0.3040799
Bromley,26125,0.28742763
Bromley,26126,0.29731518
Bromley,26127,0.30761757
Bromley,26128,0.33659104
Bromley,26129,0.3447951
Bromley,26130,0.33512175
Bromley,26131,0.32249835
Bromley,26132,0.3210456
Bromley,26133,0.3430959
Bromley,26134,0.3749108
Bromley,26136,0.39310086
Bromley,26137,0.3738028
Bromley,26138,0.37537718
Bromley,26139,0.4169946
Bromley,26140,0.38378078
Bromley,26141,0.40155333
Bromley,26142,0.41498107
Bromley,26143,0.45908868
Bromley,26906,0.28249824
Bromley,26907,0.2928722
Bromley,26908,0.29053357
Bromley,26909,0.4357204
Bromley,26910,0.47029886
Bromley,26911,0.4556224
Bromley,26912,0.45479888
Bromley,26914,0.31572384
Bromley,26915,0.30200827
Bromley,26920,0.28146422
Bromley,26922,0.3491331
Bromley,26923,0.25272426
Bromley,26924,0.471042
Bromley,26925,0.45254335
Bromley,26926,0.48430565
Bromley,26927,0.49629304
Bromley,26965,0.37515005
Bromley,26966,0.38178247
Bromley,26994,0.42407718
Bromley,27556,0.32720375
Bromley,27557,0.33602422
Bromley,27601,0.33298954
Bromley,27602,0.19854115
Bromley,27603,0.22882098
Bromley,27604,0.2554738
Bromley,27605,0.22680952
Bromley,27606,0.42065594
Bromley,27612,0.2870201
Bromley,27732,0.29075795
Bromley,27733,0.28109905
Bromley,27780,0.39139086
Bromley,27850,0.3592967
Bromley,27955,0.33760554
Bromley,27956,0.33773685
Bromley,27957,0.3654965
Bromley,27961,0.36888692
Bromley,27962,0.294176
Bromley,28146,0.28562677
Bromley,28147,0.27351618
Bromley,28770,0.3092269
Bromley,28771,0.30965155
Bromley,28772,0.36635432
Bromley,29841,0.38265097
Bromley,30011,0.4147699
Bromley,30012,0.45748734
Bromley,31173,0.45139843
Bromley,31250,0.37619263
Bromley,31326,0.40671352
Bromley,31327,0.3938747
Bromley,3231,0.3349651
Bromley,33144,0.47963586
Bromley,33221,0.43029156
Bromley,33222,0.42859146
Bromley,33223,0.40161917
Bromley,33224,0.43891773
Bromley,33225,0.34333837
Bromley,33226,0.322507
Bromley,33227,0.32267612
Bromley,33228,0.3225274
Bromley,33229,0.36533827
Bromley,33230,0.33956257
Bromley,33231,0.3124572
Bromley,33313,0.29668152
Bromley,33726,0.4179642
Bromley,33842,0.4529938
Bromley,34256,0.34638077
Bromley,34271,0.2963468
Bromley,34272,0.4348062
Bromley,34273,0.43901893
Bromley,34274,0.37653676
Bromley,34275,0.41144916
Bromley,34276,0.29443392
Bromley,34698,0.50446254
Bromley,35033,0.23864189
Bromley,35572,0.42056155
Bromley,35670,0.35990742
Bromley,35743,0.40489846
Bromley,3619,0.34732196
Bromley,36645,0.38864702
Bromley,36646,0.41803345
Bromley,36951,0.5012886
Bromley,36953,0.49248272
Bromley,37087,0.47463936
Bromley,37346,0.41474846
Bromley,37348,0.48698258
Bromley,37350,0.29906142
Bromley,37351,0.4230361
Bromley,37359,0.4003858
Bromley,3911,0.36365774
Bromley,3912,0.34332308
Bromley,3922,0.29778948
Bromley,3923,0.297646
Bromley,3924,0.3472682
Bromley,40060,0.3748601
Bromley,40105,0.48620906
Bromley,40106,0.49274516
Bromley,40107,0.48652333
Bromley,40118,0.39943728
Bromley,40119,0.3542512
Bromley,40120,0.28505027
Bromley,40121,0.29651472
Bromley,40122,0.28734928
Bromley,40123,0.3073638
Bromley,40124,0.2729234
Bromley,40125,0.26041117
Bromley,40126,0.26202434
Bromley,40130,0.28990227
Bromley,40131,0.2456011
Bromley,40132,0.2270273
Bromley,40133,0.24178292
Bromley,40134,0.23041289
Bromley,40135,0.26001504
Bromley,40136,0.2611212
Bromley,40137,0.23640129
Bromley,40139,0.25598085
Bromley,40140,0.28022867
Bromley,40141,0.26490813
Bromley,40142,0.26732162
Bromley,40143,0.2599906
Bromley,40144,0.2606743
Bromley,40145,0.2359007
Bromley,40146,0.23475438
Bromley,40147,0.2914858
Bromley,40148,0.28957057
Bromley,40149,0.34088707
Bromley,40150,0.30562103
Bromley,40151,0.406192
Bromley,40152,0.39206573
Bromley,40153,0.3331876
Bromley,40154,0.31912142
Bromley,40155,0.25289842
Bromley,40156,0.25576898
Bromley,40157,0.2554497
Bromley,40158,0.25130388
Bromley,40159,0.25389415
Bromley,40162,0.2584077
Bromley,40163,0.3577696
Bromley,40164,0.40009752
Bromley,40165,0.3625657
Bromley,40166,0.29819393
Bromley,40167,0.29321852
Bromley,40168,0.2812895
Bromley,40169,0.2991969
Bromley,40170,0.31044924
Bromley,40171,0.25220856
Bromley,40172,0.2299532
Bromley,40173,0.2993264
Bromley,40174,0.28050244
Bromley,40175,0.29407784
Bromley,40176,0.27070013
Bromley,40178,0.2951972
Bromley,40188,0.3822127
Bromley,40189,0.3691419
Bromley,40190,0.36202535
Bromley,40191,0.30864328
Bromley,40192,0.2690373
Bromley,40193,0.36768594
Bromley,40196,0.40403092
Bromley,40197,0.39957264
Bromley,40198,0.30560207
Bromley,40199,0.30005884
Bromley,40201,0.3152717
Bromley,40202,0.29749462
Bromley,40207,0.4101216
Bromley,40208,0.36360365
Bromley,40209,0.38692227
Bromley,40210,0.38920277
Bromley,40211,0.41482502
Bromley,40212,0.40461478
Bromley,40213,0.40008104
Bromley,40214,0.39641637
Bromley,40223,0.3683293
Bromley,40224,0.47089806
Bromley,40225,0.3013909
Bromley,40232,0.4484599
Bromley,40233,0.37392014
Bromley,40236,0.5009589
Bromley,40237,0.36923587
Bromley,40238,0.27945656
Bromley,40239,0.30329517
Bromley,40240,0.31098062
Bromley,40241,0.3163287
Bromley,40242,0.311642
Bromley,40243,0.31606168
Bromley,40244,0.36626697
Bromley,40245,0.28340513
Bromley,40250,0.37422252
Bromley,40251,0.41622928
Bromley,4074,0.42889732
Bromley,4075,0.4166314
Bromley,4083,0.3662895
Bromley,43011,0.29821306
Bromley,43015,0.43861935
Bromley,4783,0.4273023
Bromley,6560,0.35569778
Bromley,6561,0.3457067
Bromley,6580,0.33522457
Bromley,6581,0.3895044
Bromley,6582,0.34727916
Bromley,6587,0.37195733
Bromley,6593,0.47546268
Bromley,6594,0.35718352
Bromley,6595,0.35017088
Bromley,6599,0.4691546
Bromley,6601,0.36287722
Bromley,6602,0.39672998
Bromley,7722,0.38662538
Bromley,7723,0.36112168
Bromley,8204,0.38418552
Bromley,8239,0.38127092
Bromley,9350,0.34167725
Bromley,9470,0.3814838
Bromley,9471,0.3812177
Bromley,975,0.46438095
Bromley,BP013,0.28263327
Bromley,BP014,0.2955291
Bromley,BP056,0.52079123
Bromley,BP087,0.4245302
Bromley,BP1026,0.4452078
Bromley,BP1028,0.45700336
Bromley,BP1096,0.23368606
Bromley,BP1160,0.46149138
Bromley,BP1161,0.46226105
Bromley,BP1162,0.28941944
Bromley,BP1163,0.2902836
Bromley,BP1164,0.2934506
Bromley,BP1228,0.294105
Bromley,BP1238,0.3324346
Bromley,BP1239,0.52677786
Bromley,BP1240,0.5314039
Bromley,BP1241,0.5316237
Bromley,BP1242,0.5225026
Bromley,BP1243,0.43947002
Bromley,BP1244,0.33292896
Bromley,BP1246,0.38371876
Bromley,BP1247,0.33227643
Bromley,BP1248,0.25797886
Bromley,BP1249,0.2932837
Bromley,BP1250,0.30578065
Bromley,BP1253,0.2942511
Bromley,BP1254,0.3402033
Bromley,BP1255,0.42701018
Bromley,BP1294,0.4338158
Bromley,BP1321,0.25924644
Bromley,BP1341,0.27293968
Bromley,BP1342,0.3851251
Bromley,BP1343,0.34621856
Bromley,BP1348,0.31304926
Bromley,BP136,0.4267768
Bromley,BP139,0.43536538
Bromley,BP142,0.4327909
Bromley,BP1457,0.25323683
Bromley,BP1458,0.3070289
Bromley,BP1459,0.2766275
Bromley,BP1460,0.24570219
Bromley,BP166,0.27180293
Bromley,BP1681,0.5097976
Bromley,BP2030,0.35793313
Bromley,BP2031,0.29326543
Bromley,BP2032,0.26318386
Bromley,BP2033,0.32923335
Bromley,BP2034,0.32926482
Bromley,BP2035,0.28715923
Bromley,BP2036,0.32956535
Bromley,BP2039,0.3409787
Bromley,BP2040,0.33622634
Bromley,BP2041,0.30126128
Bromley,BP2042,0.25457606
Bromley,BP2049,0.34229237
Bromley,BP2050,0.3357458
Bromley,BP2051,0.26201117
Bromley,BP210,0.44570166
Bromley,BP2185,0.39429075
Bromley,BP2186,0.39793205
Bromley,BP2187,0.36849862
Bromley,BP2188,0.35853624
Bromley,BP2189,0.3585307
Bromley,BP2190,0.43242455
Bromley,BP2191,0.4283592
Bromley,BP2192,0.42640615
Bromley,BP2193,0.42382094
Bromley,BP2194,0.39478523
Bromley,BP2195,0.5044592
Bromley,BP2196,0.5042693
Bromley,BP2197,0.49451545
Bromley,BP2199,0.47041184
Bromley,BP2201,0.48801666
Bromley,BP2202,0.4694541
Bromley,BP2203,0.49575168
Bromley,BP2204,0.30684328
Bromley,BP2205,0.3059669
Bromley,BP2212,0.3855975
Bromley,BP2213,0.38462508
Bromley,BP2214,0.32607588
Bromley,BP2215,0.3305456
Bromley,BP2216,0.3357254
Bromley,BP2217,0.30751395
Bromley,BP2218,0.35600227
Bromley,BP2220,0.35526055
Bromley,BP2221,0.36457765
Bromley,BP2222,0.311462
Bromley,BP2223,0.3034117
Bromley,BP2224,0.41794327
Bromley,BP2225,0.42198396
Bromley,BP2226,0.34667096
Bromley,BP2227,0.37888244
Bromley,BP2229,0.35718867
Bromley,BP2230,0.31804913
Bromley,BP2231,0.31777138
Bromley,BP2232,0.2912265
Bromley,BP2233,0.30357513
Bromley,BP2234,0.30276045
Bromley,BP2235,0.31914058
Bromley,BP2236,0.311391
Bromley,BP2237,0.3186014
Bromley,BP2238,0.32232225
Bromley,BP2239,0.3170542
Bromley,BP2240,0.28258613
Bromley,BP2258,0.3188495
Bromley,BP2286,0.2524568
Bromley,BP2287,0.40099114
Bromley,BP2288,0.38169634
Bromley,BP2289,0.274979
Bromley,BP2290,0.2959233
Bromley,BP2291,0.28367808
Bromley,BP2292,0.27232677
Bromley,BP2293,0.38093925
Bromley,BP2294,0.372792
Bromley,BP2381,0.30863965
Bromley,BP2403,0.40061948
Bromley,BP2404,0.40108567
Bromley,BP2541,0.48759547
Bromley,BP2542,0.45201766
Bromley,BP2543,0.4188161
Bromley,BP2544,0.48984092
Bromley,BP2553,0.42843294
Bromley,BP2554,0.39041057
Bromley,BP2707,0.32323617
Bromley,BP2708,0.3146082
Bromley,BP2709,0.29402605
Bromley,BP2710,0.32243106
Bromley,BP2711,0.32222733
Bromley,BP2712,0.3069757
Bromley,BP2713,0.31742
Bromley,BP2714,0.3063226
Bromley,BP2760,0.373287
Bromley,BP2837,0.33405933
Bromley,BP2838,0.2878224
Bromley,BP2839,0.28850466
Bromley,BP2840,0.34125534
Bromley,BP2841,0.33723754
Bromley,BP2842,0.28821298
Bromley,BP2843,0.32258627
Bromley,BP2844,0.32261837
Bromley,BP2869,0.31217474
Bromley,BP2870,0.30572516
Bromley,BP2871,0.41133168
Bromley,BP2872,0.28735206
Bromley,BP2873,0.2925624
Bromley,BP2874,0.39363587
Bromley,BP2875,0.308849
Bromley,BP2876,0.30955538
Bromley,BP2877,0.38409492
Bromley,BP2878,0.37645888
Bromley,BP2879,0.2948773
Bromley,BP2880,0.26075026
Bromley,BP2881,0.29971576
Bromley,BP2882,0.3383461
Bromley,BP2883,0.2824439
Bromley,BP2884,0.30302835
Bromley,BP2885,0.3072456
Bromley,BP2886,0.33561844
Bromley,BP2896,0.2902165
Bromley,BP2998,0.444411
Bromley,BP2999,0.38260847
Bromley,BP3000,0.3327575
Bromley,BP3001,0.30881396
Bromley,BP3002,0.29032412
Bromley,BP3003,0.2738609
Bromley,BP3004,0.3130845
Bromley,BP3005,0.3265442
Bromley,BP3006,0.40386748
Bromley,BP3007,0.31337842
Bromley,BP3008,0.27422237
Bromley,BP3009,0.2740614
Bromley,BP3010,0.29807502
Bromley,BP3011,0.3073598
Bromley,BP3012,0.3322074
Bromley,BP3233,0.41614577
Bromley,BP3234,0.4171945
Bromley,BP3235,0.38708058
Bromley,BP3237,0.41118374
Bromley,BP3238,0.48060134
Bromley,BP3239,0.3920672
Bromley,BP3240,0.3474924
Bromley,BP3241,0.2693227
Bromley,BP3242,0.26875177
Bromley,BP3243,0.31785893
Bromley,BP3244,0.2983967
Bromley,BP3288,0.293547
Bromley,BP3303,0.2886323
Bromley,BP3336,0.39280814
Bromley,BP3337,0.37572813
Bromley,BP3338,0.38438606
Bromley,BP3339,0.40054655
Bromley,BP3340,0.34118623
Bromley,BP3341,0.34070846
Bromley,BP3343,0.45967272
Bromley,BP3470,0.37880045
Bromley,BP3471,0.33969122
Bromley,BP3495,0.29346693
Bromley,BP3496,0.29781255
Bromley,BP3562,0.26266015
Bromley,BP3680,0.30045784
Bromley,BP3690,0.37958843
Bromley,BP3694,0.3795547
Bromley,BP3992,0.39223328
Bromley,BP3993,0.40552354
Bromley,BP3994,0.39308536
Bromley,BP3995,0.3905925
Bromley,BP3996,0.3969026
Bromley,BP3997,0.43502736
Bromley,BP3998,0.2952567
Bromley,BP3999,0.2643509
Bromley,BP4000,0.38002074
Bromley,BP4001,0.37305477
Bromley,BP4003,0.44592422
Bromley,BP4004,0.4513708
Bromley,BP4005,0.37695718
Bromley,BP4006,0.36760193
Bromley,BP4007,0.32351145
Bromley,BP4008,0.3171404
Bromley,BP4009,0.31064105
Bromley,BP4010,0.31111825
Bromley,BP4011,0.28344882
Bromley,BP4012,0.27815953
Bromley,BP4014,0.27842483
Bromley,BP4015,0.2957871
Bromley,BP4016,0.28412208
Bromley,BP4017,0.26414126
Bromley,BP4018,0.26264417
Bromley,BP4019,0.2776707
Bromley,BP4020,0.4164377
Bromley,BP4021,0.4120832
Bromley,BP4022,0.3554743
Bromley,BP4023,0.3557062
Bromley,BP4024,0.3451049
Bromley,BP4025,0.3298848
Bromley,BP4026,0.35648826
Bromley,BP4027,0.3539794
Bromley,BP4028,0.35415807
Bromley,BP4029,0.35672078
Bromley,BP4030,0.31370375
Bromley,BP4031,0.29644084
Bromley,BP4032,0.36163965
Bromley,BP4033,0.32873416
Bromley,BP4034,0.32776496
Bromley,BP4035,0.31500623
Bromley,BP4036,0.2566485
Bromley,BP4037,0.2576199
Bromley,BP4038,0.34367016
Bromley,BP4039,0.34157455
Bromley,BP4040,0.446086
Bromley,BP4041,0.4479112
Bromley,BP4094,0.39316788
Bromley,BP4126,0.39379084
Bromley,BP4129,0.26487
Bromley,BP4131,0.26343086
Bromley,BP4132,0.27146614
Bromley,BP4133,0.26079714
Bromley,BP4134,0.27000743
Bromley,BP4136,0.3448113
Bromley,BP4137,0.44575438
Bromley,BP4138,0.428201
Bromley,BP4139,0.28718132
Bromley,BP4140,0.28136432
Bromley,BP4141,0.3985046
Bromley,BP4142,0.39844495
Bromley,BP4143,0.39478716
Bromley,BP4144,0.39506862
Bromley,BP4145,0.42079353
Bromley,BP4146,0.4212194
Bromley,BP4147,0.39674023
Bromley,BP4148,0.39942637
Bromley,BP4149,0.43269002
Bromley,BP4150,0.3806655
Bromley,BP4151,0.39154342
Bromley,BP4152,0.26620513
Bromley,BP4153,0.2646464
Bromley,BP4155,0.29083022
Bromley,BP4183,0.31154686
Bromley,BP4192,0.27672765
Bromley,BP4209,0.2757796
Bromley,BP4210,0.39336598
Bromley,BP4315,0.34854713
Bromley,BP4332,0.38181567
Bromley,BP4333,0.36398184
Bromley,BP4341,0.34977886
Bromley,BP4357,0.28768727
Bromley,BP4394,0.3616922
Bromley,BP4395,0.3348782
Bromley,BP4422,0.4973505
Bromley,BP4423,0.49843967
Bromley,BP4424,0.29460052
Bromley,BP4433,0.415394
Bromley,BP4434,0.32865828
Bromley,BP4435,0.3162093
Bromley,BP4440,0.30833125
Bromley,BP4441,0.30119807
Bromley,BP4442,0.3017978
Bromley,BP4443,0.30623683
Bromley,BP4444,0.30776256
Bromley,BP4445,0.3304137
Bromley,BP4446,0.30681676
Bromley,BP4447,0.34616545
Bromley,BP4448,0.34311357
Bromley,BP4449,0.32093996
Bromley,BP4450,0.32450548
Bromley,BP4451,0.32102528
Bromley,BP4452,0.32119486
Bromley,BP4453,0.34303713
Bromley,BP4454,0.34624323
Bromley,BP4455,0.30715698
Bromley,BP4456,0.41724354
Bromley,BP4488,0.34299225
Bromley,BP4616,0.33765072
Bromley,BP4868,0.37236047
Bromley,BP4964,0.3821088
Bromley,BP5182,0.26652476
Bromley,BP5306,0.3005419
Bromley,BP5435,0.27665016
Bromley,BP5436,0.32108834
Bromley,BP5437,0.30077422
Bromley,BP5438,0.29935375
Bromley,BP5439,0.29823726
Bromley,BP5440,0.30652434
Bromley,BP5555,0.477604
Bromley,BP5556,0.47813544
Bromley,BP5873,0.49813268
Bromley,BP5874,0.49979803
Bromley,BP596,0.28109196
Bromley,BP597,0.26258752
Bromley,BP598,0.2623642
Bromley,BP6023,0.20790182
Bromley,BP6146,0.41638678
Bromley,BP6147,0.4522313
Bromley,BP6148,0.37343967
Bromley,BP6156,0.41082203
Bromley,BP6183,0.29289
Bromley,BP6184,0.30385113
Bromley,BP6185,0.30408967
Bromley,BP6187,0.24781139
Bromley,BP6188,0.27277616
Bromley,BP6189,0.31536838
Bromley,BP6190,0.3395638
Bromley,BP6191,0.3150782
Bromley,BP6192,0.33268133
Bromley,BP6193,0.36193144
Bromley,BP6203,0.28055808
Bromley,BP6204,0.2640933
Bromley,BP6214,0.2790246
Bromley,BP6215,0.2850106
Bromley,BP6292,0.26783243
Bromley,BP646,0.29562977
Bromley,BP649,0.30663145
Bromley,BP650,0.38131323
Bromley,BP671,0.48537534
Bromley,BP691,0.34049076
Bromley,BP692,0.26551166
Bromley,BP693,0.30172384
Bromley,BP694,0.3163469
Bromley,BP695,0.35934293
Bromley,BP696,0.3538616
Bromley,BP697,0.34111515
Bromley,BP699,0.2973884
Bromley,BP700,0.3126859
Bromley,BP701,0.33093596
Bromley,BP702,0.3302576
Bromley,BP703,0.34847465
Bromley,BP704,0.35699725
Bromley,BP705,0.34103525
Bromley,BP706,0.2694729
Bromley,BP707,0.2688282
Bromley,BP708,0.23950557
Bromley,BP710,0.34480694
Bromley,BP711,0.40797773
Bromley,BP712,0.42564982
Bromley,BP713,0.4298352
Bromley,BP714,0.24951285
Bromley,BP715,0.26644933
Bromley,BP732,0.31577465
Bromley,BP733,0.2645735
Bromley,BP734,0.3983297
Bromley,BP792,0.33877575
Bromley,BP793,0.3217069
Bromley,BP794,0.3298976
Bromley,BP795,0.31248215
Bromley,BP796,0.24910104
Bromley,BP797,0.3127751
Bromley,BP798,0.24280281
Bromley,BP799,0.25529236
Bromley,BP800,0.32978553
Bromley,BP801,0.29429504
Bromley,BP802,0.2955348
Bromley,BP803,0.26023626
Bromley,BP806,0.32659256
Bromley,BP807,0.31266648
Bromley,BP810,0.37535948
Bromley,BP811,0.3788423
Bromley,BP847,0.46297926
Bromley,HC13,0.34778365
Bromley,HC190,0.41777825
Bromley,HC191,0.2912123
Bromley,HC192,0.43392712
Bromley,HC270,0.244838
Bromley,HC271,0.2699474
Bromley,HC272,0.21715079
Bromley,HC275,0.24529684
Bromley,HC276,0.3194395
Bromley,HC277,0.2856685
Bromley,HC278,0.23801148
Bromley,HC419,0.3267414
Bromley,HC420,0.3149486
Bromley,HC421,0.29230958
Bromley,HC422,0.26164475
Bromley,HC423,0.26139182
Bromley,HC424,0.3457423
Bromley,HC425,0.38280413
Bromley,HC426,0.36976448
Bromley,HC427,0.42713
Bromley,HC428,0.39272106
Bromley,HC429,0.4336643
Bromley,HC430,0.43245187
Bromley,HC431,0.45133904
Bromley,HC432,0.43262324
Bromley,HC433,0.37631115
Bromley,HC434,0.370966
Bromley,HC435,0.29655087
Bromley,HC436,0.34231192
Bromley,HC438,0.3266743
Bromley,HC439,0.34543377
Bromley,HC441,0.2985582
Bromley,HC442,0.29565382
Bromley,HC443,0.29743183
Bromley,HC444,0.29444304
Bromley,HC445,0.31973663
Bromley,HC446,0.31690064
Bromley,HC447,0.3103095
Bromley,HC448,0.31193563
Bromley,HC449,0.3013558
Bromley,HC450,0.29676417
Bromley,HC451,0.36003315
Bromley,HC452,0.31744912
Bromley,HC453,0.40198717
Bromley,HC454,0.38721803
Bromley,HC455,0.43469095
Bromley,HC456,0.40937212
Bromley,HC457,0.41187716
Bromley,HC458,0.4088803
Bromley,HC459,0.4135657
Bromley,HC494,0.3615644
Bromley,HC495,0.31086248
Bromley,HC496,0.3134999
Bromley,HC497,0.30796403
Bromley,HC498,0.30273366
Bromley,HC499,0.28533137
Bromley,HC500,0.27764434
Bromley,HC524,0.281674
Bromley,HC526,0.29589587
Bromley,HC528,0.32079473
Bromley,HC53,0.3560658
Bromley,HC530,0.31893006
Bromley,HC531,0.28357086
Bromley,HC532,0.31273797
Bromley,HC533,0.29525605
Bromley,HC534,0.28089648
Bromley,HC535,0.3155367
Bromley,HC536,0.27608773
Bromley,HC537,0.32756826
Bromley,HC538,0.26857352
Bromley,HC539,0.32766998
Bromley,HC540,0.27172178
Bromley,HC541,0.3230817
Bromley,HC542,0.27946407
Bromley,HC543,0.29304904
Bromley,HC544,0.2999549
Bromley,HC545,0.28455773
Bromley,HC546,0.3750341
Bromley,HC547,0.28781378
Bromley,HC548,0.3018068
Bromley,HC549,0.32838458
Bromley,HC550,0.40046954
Bromley,HC611,0.38106075
Bromley,HC612,0.27868438
Bromley,HC613,0.28010732
Bromley,HC614,0.2789688
Bromley,HC615,0.28175765
Bromley,HC616,0.2826971
Bromley,HC618,0.2506498
Bromley,HC620,0.25890583
Bromley,HC621,0.27594885
Bromley,HC622,0.27675974
Bromley,HC623,0.27376577
Bromley,HC624,0.29141432
Bromley,HC626,0.28021538
Bromley,HC627,0.26906013
Bromley,HC628,0.2899551
Bromley,HC629,0.2767261
Bromley,HC630,0.27291968
Bromley,HC8,0.30280674
Bromley,HC9,0.34582683
Bromley,OC534,0.49837938
Bromley,OC535,0.3071394
Bromley,OC536,0.41559026
Bromley,OC537,0.24897881
Bromley,OC539,0.2446513
Bromley,OC542,0.29547855
Bromley,OC543,0.29692462
Bromley,OC544,0.2783589
Bromley,OC547,0.27628815
Bromley,OC548,0.2630337
Bromley,OC549,0.2563723
Bromley,OC551,0.31439152
Bromley,OC552,0.40532362
Bromley,OC553,0.38690105
Bromley,OC557,0.38301876
Bromley,OC558,0.381391
Bromley,OC559,0.27179217
Bromley,OC560,0.3047441
Bromley,OC561,0.26510102
Bromley,OC562,0.26591966
Bromley,OC563,0.29970795
Bromley,OC564,0.3038773
Bromley,OC565,0.33784476
Bromley,OC579,0.33376294
Bromley,OC756,0.27241024
Bromley,OC757,0.30884203
Bromley,OC758,0.36816603
Bromley,OC759,0.3692197
Bromley,OC760,0.38546175
Bromley,OC761,0.39075038
Bromley,OC762,0.38153425
Bromley,OC768,0.2652867
Bromley,OC770,0.26349047
Bromley,OC771,0.25001416
Bromley,OC772,0.25093064
Bromley,OC774,0.26483065
Bromley,OC776,0.26060787
Bromley,OC777,0.24875735
Bromley,OC779,0.26098204
Bromley,OC780,0.44917038
Bromley,OC783,0.4079886
Bromley,OC784,0.33342248
Bromley,OC787,0.33246896
Bromley,OC789,0.33654886
Bromley,OC816,0.31491455
Bromley,OC818,0.29343694
Bromley,OC819,0.36258617
Bromley,OC820,0.4102151
Bromley,OC822,0.2954542
Bromley,OC947,0.33127698
Bromley,OC948,0.36929667
Bromley,OC949,0.4107427
Bromley,OC969,0.20239516
Bromley,OC970,0.28837958
Bromley,OC971,0.43330312
Bromley,OC974,0.4238975
Bromley,R0388,0.2981323
Bromley,R0389,0.3767614
Bromley,R0392,0.2739856
Bromley,R0393,0.33690494
Bromley,R0394,0.41429013
Bromley,R0395,0.33903235
Bromley,R0396,0.2973843
Bromley,R0397,0.43458706
Bromley,R0398,0.33938617
Bromley,R0405,0.4911232
Bromley,R0416,0.2775327
Bromley,R0501,0.36197516
Bromley,R0504,0.42482427
Bromley,R0507,0.23361343
Bromley,R0509,0.5018296
Bromley,R0512,0.23673919
Bromley,R0514,0.4375925
Bromley,R0516,0.27504653
Bromley,R0517,0.36672917
Bromley,R0520,0.43599543
Bromley,R0528,0.36672097
Bromley,R0551,0.3371741
Bromley,R0553,0.37597585
Bromley,R0557,0.39155617
Bromley,R0599,0.35215
Bromley,R0600,0.331776
Bromley,R0602,0.30349183
Bromley,R0603,0.30615768
Bromley,R0604,0.2941721
Bromley,R0605,0.28982294
Bromley,R0606,0.2885481
Bromley,R0608,0.352342
Bromley,R0611,0.45152575
Bromley,R0612,0.45525634
Bromley,R0613,0.31428623
Bromley,R0614,0.31006512
Bromley,R0615,0.4506264
Bromley,R0664,0.30413508
Bromley,R0775,0.42490482
Bromley,R0776,0.41879764
Bromley,R0777,0.29544964
Bromley,R0778,0.33307242
Bromley,R0783,0.2807471
Bromley,R0859,0.25770074
Bromley,R0860,0.4912173
Bromley,R0882,0.49717772
Bromley,R0891,0.2965219
Bromley,R0903,0.3981074
Bromley,R0904,0.31293774
Bromley,R0905,0.28227472
Bromley,19752,0.5394751
Bromley,20813,0.43873033
Bromley,27519,0.47852027
Bromley,6589,0.43608645
Bromley,6915,0.49247676
Bromley,BP041,0.49917832
Bromley,BP042,0.4981141
Bromley,BP053,0.5154624
Bromley,BP054,0.4718594
Bromley,BP055,0.46403432
Camden,10365,0.7159681
Camden,10464,0.53810245
Camden,10465,0.56234646
Camden,1057,0.6480536
Camden,1075,0.68635356
Camden,1076,0.694143
Camden,1078,0.7737343
Camden,1103,0.569887
Camden,113,0.67583394
Camden,11373,0.716348
Camden,11379,0.75810844
Camden,11383,0.81737924
Camden,11385,0.80285555
Camden,11389,0.73717463
Camden,11391,0.77811843
Camden,11392,0.77307165
Camden,11393,0.68879575
Camden,11394,0.75536054
Camden,11395,0.6874737
Camden,11396,0.6814349
Camden,11399,0.6728794
Camden,114,0.6985337
Camden,11400,0.6530781
Camden,11401,0.6089212
Camden,11404,0.6506951
Camden,11405,0.5469694
Camden,11406,0.63411725
Camden,11407,0.5379816
Camden,11408,0.73238194
Camden,11409,0.7440719
Camden,11412,0.73919624
Camden,11413,0.7399694
Camden,11427,0.75007415
Camden,11428,0.7555007
Camden,11431,0.7628801
Camden,11432,0.7659147
Camden,11435,0.70663077
Camden,11436,0.6715978
Camden,11437,0.61698854
Camden,11439,0.61808896
Camden,11440,0.608201
Camden,11442,0.6431698
Camden,11443,0.65536356
Camden,11444,0.61423606
Camden,11446,0.7759206
Camden,11449,0.7594442
Camden,116,0.66046584
Camden,117,0.55164766
Camden,11734,0.7642934
Camden,11767,0.61966825
Camden,11964,0.70157796
Camden,11984,0.69703656
Camden,11986,0.5698152
Camden,11994,0.7309001
Camden,11995,0.6805266
Camden,12009,0.6528491
Camden,12010,0.66673905
Camden,12016,0.6697087
Camden,12017,0.6521122
Camden,12018,0.60722417
Camden,12019,0.612017
Camden,12020,0.6430861
Camden,12021,0.64286005
Camden,12022,0.72181714
Camden,12024,0.7370041
Camden,12025,0.7368274
Camden,12026,0.545334
Camden,12027,0.6719424
Camden,12028,0.68059546
Camden,12030,0.69253165
Camden,12034,0.67921853
Camden,12041,0.6250902
Camden,12043,0.6541497
Camden,12044,0.6542933
Camden,12045,0.6639998
Camden,12046,0.64661103
Camden,12047,0.62251604
Camden,12051,0.6108901
Camden,12053,0.63965935
Camden,12054,0.63316995
Camden,12057,0.7012031
Camden,12058,0.6586748
Camden,12059,0.71271807
Camden,12060,0.6640399
Camden,12063,0.6520776
Camden,12064,0.6489491
Camden,12067,0.6626101
Camden,12068,0.6616687
Camden,1218,0.6587005
Camden,1219,0.6495011
Camden,12332,0.74233633
Camden,1276,0.67958605
Camden,1280,0.7597352
Camden,1284,0.7183897
Camden,1285,0.7629187
Camden,1331,0.67068565
Camden,13457,0.7119738
Camden,13458,0.717729
Camden,13460,0.73286283
Camden,136,0.55179876
Camden,137,0.53033775
Camden,1393,0.6781661
Camden,14456,0.65997183
Camden,14615,0.42734927
Camden,14618,0.4095389
Camden,14619,0.4092024
Camden,1463,0.48225844
Camden,14639,0.7524059
Camden,1464,0.56033593
Camden,14682,0.65627277
Camden,1473,0.6235516
Camden,14736,0.69177955
Camden,16153,0.6487582
Camden,1633,0.6432284
Camden,1634,0.6256148
Camden,1635,0.6100082
Camden,1636,0.6270357
Camden,1637,0.59208405
Camden,1638,0.59982795
Camden,1639,0.618896
Camden,1640,0.6224083
Camden,166,0.6999555
Camden,17258,0.61003405
Camden,17262,0.4254067
Camden,17263,0.43619403
Camden,1733,0.71809036
Camden,183,0.6930366
Camden,18852,0.71828884
Camden,18853,0.71790296
Camden,18855,0.7039861
Camden,18856,0.69838613
Camden,18859,0.70344007
Camden,197,0.7252587
Camden,200,0.6612706
Camden,20407,0.7926236
Camden,20592,0.64868873
Camden,20628,0.6543575
Camden,20723,0.6087328
Camden,20908,0.6717818
Camden,2189,0.6286372
Camden,2190,0.5911974
Camden,2191,0.6246449
Camden,24180,0.7759254
Camden,25367,0.59380084
Camden,25599,0.6544298
Camden,25853,0.6647796
Camden,2622,0.72662
Camden,26425,0.6623603
Camden,2674,0.7602062
Camden,2675,0.73016584
Camden,2698,0.6593908
Camden,27564,0.7716038
Camden,27622,0.6382396
Camden,29055,0.5664125
Camden,29181,0.64690787
Camden,29182,0.65122145
Camden,29399,0.78223324
Camden,29443,0.72351635
Camden,29444,0.69631565
Camden,29666,0.800179
Camden,29698,0.6437824
Camden,29844,0.6698634
Camden,29902,0.74330586
Camden,29903,0.7290238
Camden,29927,0.6426303
Camden,3023,0.6317999
Camden,3162,0.739095
Camden,324,0.79907763
Camden,325,0.78785
Camden,330,0.78374547
Camden,33093,0.6546768
Camden,33096,0.7531915
Camden,33097,0.79370296
Camden,33099,0.72611326
Camden,331,0.7723062
Camden,33107,0.6471591
Camden,33180,0.47732353
Camden,33259,0.7585996
Camden,33260,0.7620746
Camden,33261,0.7421146
Camden,33266,0.460886
Camden,33288,0.79119796
Camden,33290,0.7613083
Camden,33291,0.7482482
Camden,33332,0.61928743
Camden,33378,0.66453516
Camden,33531,0.75246763
Camden,33533,0.74386984
Camden,33548,0.6574799
Camden,33775,0.6969536
Camden,33776,0.7005938
Camden,33797,0.72623616
Camden,33798,0.65426123
Camden,33799,0.5791838
Camden,33800,0.65185595
Camden,33801,0.64142287
Camden,33802,0.6396208
Camden,33803,0.554015
Camden,33804,0.5442483
Camden,33805,0.6215688
Camden,33806,0.6214272
Camden,33807,0.5465441
Camden,33808,0.5539359
Camden,33819,0.7037024
Camden,33925,0.58560616
Camden,33934,0.6948025
Camden,33966,0.6568603
Camden,34182,0.78530914
Camden,34307,0.64653003
Camden,34479,0.71560156
Camden,34494,0.66671723
Camden,34496,0.6929001
Camden,34497,0.73329794
Camden,34498,0.67005455
Camden,34499,0.68163186
Camden,34500,0.6498432
Camden,34501,0.6887251
Camden,34502,0.68839663
Camden,34503,0.68839276
Camden,34504,0.6913099
Camden,34505,0.670255
Camden,34506,0.6698838
Camden,34507,0.6746189
Camden,34508,0.67761034
Camden,34509,0.54958075
Camden,34510,0.5248624
Camden,34511,0.5148449
Camden,34512,0.5976578
Camden,34515,0.5869769
Camden,34615,0.69377583
Camden,34940,0.7043122
Camden,34953,0.62830836
Camden,34960,0.6060691
Camden,34962,0.70914364
Camden,34989,0.58632636
Camden,35030,0.6977688
Camden,3517,0.7719411
Camden,35739,0.5537335
Camden,35968,0.49828848
Camden,36647,0.7679445
Camden,36799,0.76243764
Camden,36859,0.7613292
Camden,36918,0.6289153
Camden,36919,0.61796373
Camden,36920,0.58932984
Camden,36921,0.5377162
Camden,36923,0.58513516
Camden,36958,0.5122579
Camden,37162,0.7334504
Camden,37163,0.7376951
Camden,37171,0.72880965
Camden,37173,0.6392403
Camden,37174,0.63025385
Camden,37175,0.596193
Camden,37176,0.6642263
Camden,37177,0.66607064
Camden,37178,0.62931645
Camden,37179,0.62939054
Camden,37180,0.6144868
Camden,37234,0.48717943
Camden,37236,0.47287795
Camden,37237,0.46174276
Camden,37238,0.5887989
Camden,37391,0.58860034
Camden,37425,0.6173112
Camden,37435,0.70940685
Camden,37601,0.6661461
Camden,37602,0.66537076
Camden,37606,0.77373505
Camden,37634,0.5570855
Camden,37671,0.68657863
Camden,37672,0.6711783
Camden,455,0.6716409
Camden,461,0.6683748
Camden,462,0.58888394
Camden,4720,0.7176495
Camden,477,0.65318584
Camden,4790,0.70050085
Camden,4796,0.7118987
Camden,4805,0.74584854
Camden,4813,0.71008444
Camden,4916,0.52169687
Camden,4917,0.5797527
Camden,4918,0.6294805
Camden,4919,0.6182358
Camden,634,0.48334348
Camden,638,0.602741
Camden,660,0.6871678
Camden,667,0.7580346
Camden,668,0.7726131
Camden,669,0.73947936
Camden,673,0.62885666
Camden,750,0.6182765
Camden,79,0.7398907
Camden,80011,0.7764256
Camden,8319,0.7523888
Camden,8320,0.7302785
Camden,8321,0.70798206
Camden,8322,0.6454342
Camden,8323,0.70113724
Camden,8324,0.6580136
Camden,8325,0.7080876
Camden,8326,0.710103
Camden,8329,0.6867446
Camden,8330,0.6642613
Camden,8340,0.78961986
Camden,8344,0.7258181
Camden,8383,0.7371784
Camden,8398,0.53679615
Camden,8399,0.5370406
Camden,8416,0.67206866
Camden,8417,0.70436496
Camden,8419,0.6239659
Camden,8437,0.62086445
Camden,8438,0.5599883
Camden,8561,0.6741225
Camden,9109,0.6779822
Camden,9357,0.48938048
Camden,9358,0.5021639
Camden,9445,0.4211067
Camden,9819,0.5652712
Camden,982,0.6659425
Camden,9930,0.7178982
Camden,9931,0.7125079
Camden,BP1137,0.634792
Camden,BP1264,0.7943987
Camden,BP1340,0.678691
Camden,BP138,0.61243707
Camden,BP1388,0.6239382
Camden,BP1496,0.6892804
Camden,BP1515,0.7713271
Camden,BP1516,0.7668328
Camden,BP1517,0.77794355
Camden,BP1518,0.78607446
Camden,BP1648,0.6240733
Camden,BP1680,0.5645116
Camden,BP1779,0.61478966
Camden,BP1780,0.62944865
Camden,BP1831,0.65171134
Camden,BP1832,0.6450159
Camden,BP185,0.71734476
Camden,BP1898,0.66029274
Camden,BP1899,0.659442
Camden,BP1901,0.57770044
Camden,BP2006,0.654639
Camden,BP2127,0.7338581
Camden,BP2128,0.7250949
Camden,BP2490,0.509536
Camden,BP2613,0.7427652
Camden,BP2996,0.6578448
Camden,BP3186,0.520133
Camden,BP3204,0.7074758
Camden,BP3386,0.7156796
Camden,BP3512,0.5277771
Camden,BP3580,0.6997587
Camden,BP3819,0.5113144
Camden,BP3884,0.70836484
Camden,BP4172,0.63994706
Camden,BP4325,0.42645797
Camden,BP4515,0.6407087
Camden,BP4548,0.6327252
Camden,BP4922,0.7007687
Camden,BP4925,0.71345025
Camden,BP4934,0.6469786
Camden,BP4986,0.6777458
Camden,BP4987,0.6864348
Camden,BP5029,0.7519479
Camden,BP5030,0.7571087
Camden,BP5031,0.7573428
Camden,BP5283,0.70015866
Camden,BP5294,0.68334275
Camden,BP5295,0.73205394
Camden,BP5296,0.7306938
Camden,BP5485,0.6658249
Camden,BP5486,0.675114
Camden,BP5995,0.66249466
Camden,BP6332,0.65651274
Camden,BP6333,0.66857046
Camden,BP643,0.5360885
Camden,BP644,0.53630036
Camden,BP685,0.43519247
Camden,BP765,0.76281494
Camden,BP882,0.6640239
Camden,BP883,0.7082853
Camden,HC878,0.7330682
Camden,R0005,0.6384172
Camden,R0078,0.7010324
Camden,R0085,0.68643105
Camden,R0469,0.4807838
Camden,11363,0.66594005
Camden,11366,0.6808438
Camden,1179,0.72643083
Camden,1275,0.677606
Camden,1277,0.72314876
Camden,1282,0.7812601
Camden,1283,0.78132474
Camden,1691,0.77062476
Camden,1692,0.7702572
Camden,18860,0.7534078
Camden,20917,0.65570116
Camden,25069,0.6722797
Camden,36512,0.61168474
Camden,36513,0.61001563
Camden,36514,0.6088873
Camden,4807,0.7231697
Camden,544,0.7123641
Camden,672,0.6764857
Camden,675,0.66886586
Camden,7801,0.76595604
Camden,8332,0.72712374
Camden,8342,0.6560926
Camden,8348,0.70199615
Camden,BP1514,0.7854726
Camden,BP1519,0.7944863
Camden,BP1520,0.78511906
Camden,BP1703,0.6103317
Camden,BP2016,0.6601348
Camden,BP3403,0.75767726
Camden,BP4522,0.60889584
Camden,BP5646,0.6026507
Camden,BP5841,0.6929904
Camden,BP6331,0.6897472
Camden,R0059,0.6196742
Camden,R0739,0.63746524
City of London,10352,0.243993
City of London,1152,0.28973952
City of London,1156,0.2878396
City of London,1157,0.28984642
City of London,1160,0.30230132
City of London,13456,0.3099246
City of London,14501,0.2892832
City of London,14691,0.27398553
City of London,1472,0.2908914
City of London,2018,0.28370133
City of London,2019,0.26647452
City of London,205,0.27191234
City of London,2114,0.3290144
City of London,2116,0.31452322
City of London,2123,0.2878068
City of London,2466,0.2672507
City of London,2467,0.26593584
City of London,2468,0.27228522
City of London,27786,0.26821187
City of London,27954,0.26416495
City of London,29911,0.28490466
City of London,29912,0.29666832
City of London,3177,0.2420593
City of London,3178,0.23589653
City of London,33385,0.28833687
City of London,33683,0.32783553
City of London,33780,0.28436318
City of London,33891,0.26378202
City of London,34190,0.32524347
City of London,34251,0.281912
City of London,34252,0.35210544
City of London,35484,0.29682055
City of London,35576,0.35855234
City of London,35667,0.27620235
City of London,36688,0.31991085
City of London,37075,0.30786812
City of London,37600,0.297866
City of London,37641,0.32604706
City of London,37644,0.2885557
City of London,37676,0.27093205
City of London,538,0.3001309
City of London,768,0.3079784
City of London,8394,0.3432697
City of London,8420,0.28923094
City of London,8547,0.3058787
City of London,8548,0.31048045
City of London,8551,0.25331602
City of London,8552,0.27452216
City of London,8553,0.2584034
City of London,8556,0.28320554
City of London,8558,0.24906072
City of London,8559,0.24997514
City of London,8564,0.2740876
City of London,8570,0.26432937
City of London,8571,0.2843287
City of London,8577,0.28612676
City of London,8578,0.28552857
City of London,8579,0.2991618
City of London,8581,0.27334914
City of London,8585,0.30561948
City of London,8586,0.29947627
City of London,8591,0.34359172
City of London,8600,0.27558172
City of London,8601,0.2870105
City of London,871,0.27081937
City of London,969,0.28283253
City of London,BP140,0.28887576
City of London,BP1575,0.28823832
City of London,BP1576,0.28739285
City of London,BP244,0.32750183
City of London,BP2826,0.32586455
City of London,BP2846,0.32390538
City of London,BP2847,0.3283142
City of London,BP3287,0.2805962
City of London,BP3442,0.28974563
City of London,BP3453,0.35256422
City of London,BP4111,0.29399297
City of London,BP4112,0.28567448
City of London,BP4338,0.31965715
City of London,BP4339,0.3180597
City of London,BP4528,0.2818942
City of London,BP4529,0.28198984
City of London,BP5535,0.3352924
City of London,BP5575,0.28034705
City of London,BP5593,0.30690512
City of London,BP5594,0.2970444
City of London,BP5687,0.28095108
City of London,BP5731,0.33422315
City of London,BP5775,0.2885666
City of London,BP5998,0.33654588
City of London,BP6261,0.29436544
City of London,BP6262,0.29851466
City of London,BP6330,0.32052818
City of London,BP6391,0.313293
City of London,BP933,0.25030112
City of London,BP969,0.30593705
City of London,OC509,0.30258638
City of London,R0089,0.28907382
City of London,R0814,0.31333566
City of London,R0815,0.31397855
City of London,R0816,0.32243532
Croydon,10362,0.5162972
Croydon,10363,0.50985277
Croydon,10794,0.5305367
Croydon,10795,0.5327669
Croydon,10797,0.48119262
Croydon,10798,0.4993539
Croydon,10799,0.48887062
Croydon,10804,0.48561463
Croydon,10806,0.47994548
Croydon,10807,0.4752648
Croydon,10808,0.5465615
Croydon,10816,0.4699222
Croydon,10817,0.47618335
Croydon,10820,0.46993965
Croydon,10821,0.44811404
Croydon,10824,0.42632186
Croydon,10825,0.42533845
Croydon,1164,0.49002352
Croydon,11753,0.43345797
Croydon,1182,0.47102466
Croydon,12082,0.3505464
Croydon,12083,0.31657994
Croydon,12417,0.38504422
Croydon,12418,0.39382863
Croydon,12419,0.4637709
Croydon,12420,0.46258637
Croydon,12421,0.4068054
Croydon,12422,0.4141697
Croydon,12423,0.39181226
Croydon,12424,0.45028085
Croydon,12425,0.4583007
Croydon,12426,0.4747976
Croydon,12427,0.49060503
Croydon,12428,0.49870357
Croydon,12429,0.38972747
Croydon,12430,0.3764515
Croydon,12432,0.37726596
Croydon,12433,0.37150434
Croydon,12434,0.3998862
Croydon,12435,0.41434348
Croydon,12436,0.41703632
Croydon,12438,0.4186169
Croydon,12450,0.3982166
Croydon,12868,0.3724005
Croydon,12886,0.45195007
Croydon,12915,0.44894475
Croydon,12916,0.4561136
Croydon,12917,0.5114573
Croydon,12918,0.47283462
Croydon,12920,0.4785099
Croydon,12921,0.49041435
Croydon,13179,0.53205705
Croydon,13184,0.5666017
Croydon,13186,0.5942426
Croydon,13188,0.5107669
Croydon,13189,0.5241322
Croydon,13190,0.54323494
Croydon,13193,0.5540836
Croydon,13194,0.51633966
Croydon,13196,0.4921956
Croydon,13197,0.5178025
Croydon,13201,0.5199643
Croydon,13202,0.50260967
Croydon,13203,0.49722728
Croydon,13204,0.50792706
Croydon,13206,0.49396643
Croydon,13207,0.4957976
Croydon,13208,0.47398242
Croydon,13209,0.4951705
Croydon,13210,0.4516755
Croydon,13211,0.4764759
Croydon,13214,0.50113666
Croydon,13215,0.49998212
Croydon,13216,0.5132914
Croydon,13217,0.5137922
Croydon,13220,0.5440621
Croydon,13221,0.5568633
Croydon,13223,0.57208574
Croydon,13224,0.5710881
Croydon,13227,0.5731278
Croydon,13228,0.5469484
Croydon,13229,0.54069066
Croydon,13231,0.53472143
Croydon,13233,0.4625009
Croydon,13234,0.5044964
Croydon,13235,0.47485974
Croydon,13236,0.45559314
Croydon,13237,0.45340887
Croydon,13238,0.46099997
Croydon,13239,0.48802772
Croydon,13606,0.49542597
Croydon,1374,0.352312
Croydon,1375,0.3469972
Croydon,1383,0.41771698
Croydon,1384,0.41971025
Croydon,1390,0.44357413
Croydon,1391,0.44967178
Croydon,1441,0.4436878
Croydon,1443,0.56395817
Croydon,14631,0.45595777
Croydon,15002,0.35840523
Croydon,15102,0.51634896
Croydon,15104,0.47574112
Croydon,15105,0.48803818
Croydon,15106,0.43605852
Croydon,15107,0.4467627
Croydon,15108,0.39786822
Croydon,15110,0.4557818
Croydon,15112,0.46331897
Croydon,15113,0.46305802
Croydon,15116,0.46902964
Croydon,15231,0.434851
Croydon,15232,0.4331266
Croydon,1553,0.4669111
Croydon,1554,0.46106848
Croydon,15600,0.4490805
Croydon,15601,0.44986397
Croydon,15805,0.3836009
Croydon,15806,0.3808555
Croydon,15807,0.42550758
Croydon,15808,0.4284149
Croydon,15809,0.42354175
Croydon,15810,0.46471328
Croydon,15812,0.437538
Croydon,15813,0.4548241
Croydon,15814,0.36845633
Croydon,15815,0.36891535
Croydon,15816,0.4169367
Croydon,15817,0.39612386
Croydon,15818,0.41573793
Croydon,15819,0.4151298
Croydon,15820,0.39261693
Croydon,15821,0.42105082
Croydon,15822,0.35280702
Croydon,15823,0.35406867
Croydon,15824,0.4725824
Croydon,15825,0.4565622
Croydon,16603,0.4601004
Croydon,16604,0.43810725
Croydon,16605,0.44359857
Croydon,16606,0.44361857
Croydon,16607,0.4339847
Croydon,16609,0.40493196
Croydon,16610,0.40957034
Croydon,16611,0.40467167
Croydon,16612,0.40420225
Croydon,16627,0.4948992
Croydon,16629,0.5305893
Croydon,16631,0.53528416
Croydon,16632,0.39873546
Croydon,16633,0.37587732
Croydon,16634,0.40166372
Croydon,16635,0.40253872
Croydon,16636,0.4235114
Croydon,16637,0.4110944
Croydon,16638,0.4299031
Croydon,16639,0.43176574
Croydon,16640,0.37098876
Croydon,16641,0.38522118
Croydon,16864,0.33554968
Croydon,17328,0.51429003
Croydon,17330,0.5286407
Croydon,17331,0.53020185
Croydon,17332,0.510409
Croydon,17333,0.5153599
Croydon,17334,0.5099391
Croydon,17335,0.5109504
Croydon,17336,0.5111893
Croydon,17338,0.501987
Croydon,17339,0.50606066
Croydon,17340,0.5164451
Croydon,17341,0.5216435
Croydon,17342,0.499754
Croydon,17343,0.5097931
Croydon,17344,0.50543875
Croydon,17345,0.4811711
Croydon,17346,0.513293
Croydon,17347,0.5119482
Croydon,17348,0.5072746
Croydon,17376,0.4250904
Croydon,17377,0.41184124
Croydon,17378,0.43887648
Croydon,17379,0.4411381
Croydon,17380,0.44695362
Croydon,17381,0.4778297
Croydon,17383,0.4152134
Croydon,17439,0.5078078
Croydon,17440,0.506138
Croydon,17441,0.45644012
Croydon,17442,0.43746525
Croydon,17443,0.46600354
Croydon,17444,0.46980864
Croydon,17445,0.47228628
Croydon,17446,0.45106134
Croydon,17447,0.4725478
Croydon,17448,0.4462825
Croydon,17449,0.44332585
Croydon,17450,0.3660637
Croydon,17451,0.38921726
Croydon,17452,0.38691953
Croydon,17453,0.39366832
Croydon,17458,0.50013703
Croydon,17460,0.44125408
Croydon,17461,0.44414672
Croydon,17462,0.43081406
Croydon,17463,0.47297078
Croydon,17464,0.4850777
Croydon,17465,0.42612687
Croydon,17466,0.4312521
Croydon,17664,0.3776425
Croydon,17665,0.39945614
Croydon,17684,0.51095116
Croydon,17685,0.52511686
Croydon,17686,0.5303059
Croydon,17687,0.5604685
Croydon,17688,0.55403334
Croydon,17689,0.574339
Croydon,17690,0.5582709
Croydon,17691,0.58136284
Croydon,17692,0.53055376
Croydon,17693,0.5513096
Croydon,17694,0.5673149
Croydon,17695,0.5541268
Croydon,17696,0.48223594
Croydon,17697,0.4806215
Croydon,17698,0.53310996
Croydon,17699,0.50706244
Croydon,17700,0.49828607
Croydon,17851,0.5154751
Croydon,17852,0.52769834
Croydon,17853,0.5212048
Croydon,17854,0.5215667
Croydon,17855,0.54905736
Croydon,17856,0.55437183
Croydon,17857,0.5435861
Croydon,17858,0.550867
Croydon,17859,0.54196876
Croydon,17862,0.45651007
Croydon,17863,0.40483892
Croydon,17864,0.39583668
Croydon,17866,0.39935884
Croydon,17876,0.52166927
Croydon,17877,0.5238173
Croydon,17878,0.521065
Croydon,17879,0.5263439
Croydon,17880,0.4843413
Croydon,17881,0.5161227
Croydon,17882,0.4930168
Croydon,17883,0.5106793
Croydon,17884,0.52334857
Croydon,17885,0.5486342
Croydon,17886,0.54265654
Croydon,17887,0.5415025
Croydon,17890,0.4959063
Croydon,17892,0.4657077
Croydon,17893,0.4579755
Croydon,18275,0.5054734
Croydon,1845,0.50979584
Croydon,1846,0.521569
Croydon,1847,0.5099498
Croydon,1848,0.5069119
Croydon,1849,0.55578774
Croydon,1850,0.5638876
Croydon,18728,0.5228124
Croydon,18797,0.47094104
Croydon,18798,0.5375393
Croydon,18799,0.54347104
Croydon,18801,0.49467736
Croydon,18802,0.53657883
Croydon,18804,0.53327036
Croydon,18805,0.5164757
Croydon,18806,0.5383775
Croydon,18808,0.49904072
Croydon,18809,0.50867665
Croydon,18810,0.512024
Croydon,18811,0.39954627
Croydon,18812,0.3987006
Croydon,18813,0.4043502
Croydon,18814,0.40435538
Croydon,18815,0.46891525
Croydon,18816,0.39976653
Croydon,18817,0.4789501
Croydon,18818,0.45428973
Croydon,18819,0.48605198
Croydon,18900,0.5482178
Croydon,19220,0.51058203
Croydon,19269,0.45862174
Croydon,19271,0.40594468
Croydon,19718,0.46197534
Croydon,19719,0.42188305
Croydon,19784,0.49371582
Croydon,19785,0.49522206
Croydon,19786,0.4796735
Croydon,19787,0.48000085
Croydon,19788,0.4749342
Croydon,19789,0.47497082
Croydon,19790,0.45010188
Croydon,19791,0.45013052
Croydon,19792,0.44882637
Croydon,19793,0.44860315
Croydon,19795,0.48498383
Croydon,19796,0.4692785
Croydon,19797,0.48302248
Croydon,19800,0.5316629
Croydon,19801,0.4084603
Croydon,19802,0.43049604
Croydon,19804,0.5250091
Croydon,19805,0.5187923
Croydon,19806,0.42780128
Croydon,19807,0.42657685
Croydon,19808,0.38144067
Croydon,19809,0.38125017
Croydon,19810,0.3682892
Croydon,19811,0.3680725
Croydon,19813,0.34763655
Croydon,19815,0.4694517
Croydon,19816,0.4614177
Croydon,19817,0.45765832
Croydon,19818,0.45405823
Croydon,19819,0.44451737
Croydon,19820,0.40941662
Croydon,19821,0.433469
Croydon,19822,0.5157061
Croydon,19823,0.48757535
Croydon,20140,0.42596582
Croydon,20141,0.42142627
Croydon,20151,0.45651463
Croydon,20185,0.40248543
Croydon,20396,0.4050806
Croydon,20418,0.43804792
Croydon,20443,0.43791482
Croydon,20493,0.4697331
Croydon,20501,0.5352393
Croydon,20502,0.54391026
Croydon,20616,0.36460483
Croydon,20617,0.35448936
Croydon,20644,0.46448353
Croydon,20677,0.41140336
Croydon,20678,0.4052833
Croydon,20688,0.42217946
Croydon,20696,0.5013782
Croydon,20808,0.4059216
Croydon,20809,0.4681634
Croydon,20868,0.4300824
Croydon,20869,0.45534238
Croydon,20916,0.48671132
Croydon,22195,0.43064713
Croydon,22196,0.4305458
Croydon,22916,0.43856224
Croydon,23492,0.3904977
Croydon,23493,0.41273975
Croydon,24404,0.47916657
Croydon,25073,0.48837474
Croydon,2522,0.48447627
Croydon,2523,0.40268996
Croydon,2524,0.4716612
Croydon,25243,0.40602705
Croydon,25244,0.41034335
Croydon,25245,0.39261168
Croydon,25246,0.38708276
Croydon,25247,0.44394585
Croydon,25248,0.45613554
Croydon,25249,0.4576838
Croydon,25250,0.46469504
Croydon,25251,0.44503033
Croydon,25252,0.4513971
Croydon,25253,0.40315807
Croydon,25254,0.42178318
Croydon,25266,0.39348826
Croydon,25267,0.39186147
Croydon,25456,0.40031707
Croydon,25457,0.4020893
Croydon,25582,0.4190483
Croydon,25583,0.42203116
Croydon,25585,0.42372862
Croydon,25586,0.44838667
Croydon,25587,0.44895446
Croydon,25588,0.40507022
Croydon,25595,0.3470431
Croydon,25596,0.4668791
Croydon,25672,0.4205015
Croydon,25673,0.42475888
Croydon,25674,0.48634708
Croydon,25729,0.43647155
Croydon,25730,0.4364264
Croydon,25731,0.44125733
Croydon,25733,0.44362068
Croydon,25734,0.4106735
Croydon,25735,0.48659113
Croydon,25736,0.48140123
Croydon,25737,0.50779
Croydon,25738,0.5072302
Croydon,25739,0.49085155
Croydon,25740,0.48647222
Croydon,25741,0.4870269
Croydon,25742,0.5431664
Croydon,25754,0.41934586
Croydon,25755,0.45413107
Croydon,25756,0.45475376
Croydon,25757,0.45870298
Croydon,25758,0.4088109
Croydon,25759,0.4090096
Croydon,25760,0.3865078
Croydon,25761,0.37488988
Croydon,25827,0.51143247
Croydon,25828,0.48027527
Croydon,25829,0.4381689
Croydon,25830,0.48429167
Croydon,25865,0.5045899
Croydon,25866,0.44790456
Croydon,25875,0.3982538
Croydon,25876,0.46721625
Croydon,25946,0.49802575
Croydon,26185,0.4548086
Croydon,26277,0.45300406
Croydon,26828,0.50531644
Croydon,26829,0.49148074
Croydon,26830,0.46837792
Croydon,26831,0.5056945
Croydon,26832,0.5052266
Croydon,26833,0.45788616
Croydon,26834,0.4493714
Croydon,26835,0.50091636
Croydon,26836,0.49615315
Croydon,26837,0.5103802
Croydon,26838,0.47025648
Croydon,26839,0.51208603
Croydon,26840,0.4929722
Croydon,26842,0.5083088
Croydon,26861,0.5117555
Croydon,26878,0.4712726
Croydon,26879,0.43097314
Croydon,26981,0.4187002
Croydon,27591,0.39796728
Croydon,27608,0.5058662
Croydon,27609,0.49738637
Croydon,27754,0.40107834
Croydon,27755,0.4339334
Croydon,27756,0.37407416
Croydon,27757,0.3857674
Croydon,27758,0.3562088
Croydon,27759,0.36436018
Croydon,27763,0.42133796
Croydon,27837,0.49167323
Croydon,27838,0.5083486
Croydon,27857,0.51811373
Croydon,27967,0.56272095
Croydon,2869,0.4017748
Croydon,29020,0.4250328
Croydon,30099,0.45057124
Croydon,31802,0.45146704
Croydon,33008,0.5113544
Croydon,33009,0.48300406
Croydon,33011,0.47018403
Croydon,33012,0.5128981
Croydon,33130,0.53188246
Croydon,33164,0.547032
Croydon,33165,0.46011102
Croydon,33167,0.48964688
Croydon,3317,0.39267862
Croydon,33170,0.48133996
Croydon,33171,0.4686909
Croydon,33177,0.35657832
Croydon,33178,0.3738981
Croydon,33179,0.3781712
Croydon,33437,0.50984937
Croydon,33491,0.48570505
Croydon,33516,0.5518227
Croydon,33659,0.4716016
Croydon,33660,0.47021335
Croydon,33661,0.4848143
Croydon,33663,0.4819977
Croydon,33664,0.48145667
Croydon,33665,0.48256263
Croydon,33666,0.4807667
Croydon,33667,0.48793602
Croydon,33668,0.48133692
Croydon,33669,0.48728243
Croydon,33670,0.4839992
Croydon,33671,0.48068836
Croydon,33672,0.4844315
Croydon,33682,0.39101845
Croydon,33766,0.45876747
Croydon,33973,0.45392075
Croydon,3404,0.4318105
Croydon,3405,0.453251
Croydon,3406,0.4098505
Croydon,3427,0.40778401
Croydon,3428,0.414539
Croydon,34358,0.46516123
Croydon,34386,0.47905207
Croydon,34387,0.45926663
Croydon,34826,0.4758375
Croydon,34827,0.4836894
Croydon,34973,0.5192816
Croydon,35230,0.47705096
Croydon,35485,0.49117425
Croydon,35486,0.49976134
Croydon,35491,0.49304995
Croydon,3562,0.47603863
Croydon,36012,0.48391566
Croydon,3608,0.4591677
Croydon,37002,0.36591807
Croydon,37065,0.4627703
Croydon,37150,0.47126704
Croydon,37258,0.4322025
Croydon,4385,0.36776572
Croydon,4388,0.40735766
Croydon,4390,0.40259558
Croydon,4391,0.4015335
Croydon,4392,0.30471438
Croydon,4395,0.30063072
Croydon,4396,0.43068063
Croydon,4397,0.4091479
Croydon,4399,0.3291655
Croydon,4400,0.32954755
Croydon,4401,0.42784858
Croydon,4402,0.40418214
Croydon,4403,0.3965578
Croydon,4404,0.38657743
Croydon,4407,0.37760586
Croydon,4408,0.38870966
Croydon,4409,0.42368555
Croydon,4410,0.42174706
Croydon,4411,0.43266752
Croydon,4412,0.4786432
Croydon,4413,0.46007317
Croydon,4417,0.4588537
Croydon,4418,0.46180335
Croydon,4419,0.46182695
Croydon,4420,0.4741093
Croydon,4423,0.47300136
Croydon,4425,0.46365583
Croydon,5178,0.31681463
Croydon,5179,0.3013103
Croydon,5333,0.454529
Croydon,575,0.4010282
Croydon,6509,0.46905044
Croydon,6510,0.4793578
Croydon,6511,0.5108053
Croydon,6512,0.45725754
Croydon,6533,0.46530655
Croydon,6534,0.46985412
Croydon,6535,0.51055574
Croydon,6537,0.4606499
Croydon,6543,0.4499827
Croydon,6544,0.42797408
Croydon,6545,0.4538161
Croydon,6546,0.44677413
Croydon,6547,0.45607126
Croydon,6548,0.48716438
Croydon,6549,0.47528815
Croydon,6551,0.48689342
Croydon,6553,0.49678499
Croydon,6554,0.51539433
Croydon,6556,0.47372517
Croydon,6559,0.4662202
Croydon,6568,0.45091388
Croydon,6569,0.47330672
Croydon,6570,0.53774244
Croydon,6571,0.5053047
Croydon,6572,0.47897342
Croydon,6575,0.49663216
Croydon,6576,0.5007673
Croydon,6578,0.49710658
Croydon,6914,0.41256216
Croydon,7330,0.47734365
Croydon,7708,0.4369286
Croydon,7709,0.445654
Croydon,7710,0.42886958
Croydon,7711,0.4746208
Croydon,7712,0.41848734
Croydon,7715,0.48792058
Croydon,7717,0.5015781
Croydon,7738,0.45771137
Croydon,7739,0.4504701
Croydon,7740,0.34803694
Croydon,7741,0.36805204
Croydon,7742,0.36978874
Croydon,7743,0.34381634
Croydon,806,0.4207839
Croydon,807,0.43211064
Croydon,809,0.4843589
Croydon,815,0.4652409
Croydon,816,0.46601328
Croydon,8405,0.5026524
Croydon,8406,0.52571434
Croydon,8557,0.5082577
Croydon,8763,0.49798873
Croydon,8764,0.49605867
Croydon,8769,0.48274496
Croydon,8770,0.43248802
Croydon,8771,0.42834368
Croydon,8772,0.44964635
Croydon,8777,0.39971885
Croydon,8778,0.40287888
Croydon,8781,0.397521
Croydon,8782,0.39146587
Croydon,8785,0.36120108
Croydon,9399,0.41432115
Croydon,9400,0.36997873
Croydon,9659,0.47028536
Croydon,9660,0.45665342
Croydon,9661,0.48793218
Croydon,9791,0.4442683
Croydon,9807,0.56003886
Croydon,9808,0.55197203
Croydon,9811,0.5275495
Croydon,9812,0.52743995
Croydon,BP1031,0.5044978
Croydon,BP1135,0.3464259
Croydon,BP1143,0.5261761
Croydon,BP1144,0.5333166
Croydon,BP1145,0.5215204
Croydon,BP1146,0.5132851
Croydon,BP1147,0.47801223
Croydon,BP1148,0.48366064
Croydon,BP1149,0.4909624
Croydon,BP1150,0.4992903
Croydon,BP1151,0.4764138
Croydon,BP1152,0.4807127
Croydon,BP1153,0.47643292
Croydon,BP1154,0.47603452
Croydon,BP1155,0.48572305
Croydon,BP1156,0.48237327
Croydon,BP1157,0.4976322
Croydon,BP1158,0.5402072
Croydon,BP1159,0.509895
Croydon,BP1251,0.48439872
Croydon,BP1252,0.48359728
Croydon,BP1269,0.50549215
Croydon,BP1281,0.41074204
Croydon,BP1366,0.4358675
Croydon,BP1367,0.43233135
Croydon,BP1369,0.44537213
Croydon,BP1374,0.43992755
Croydon,BP1375,0.41975987
Croydon,BP1405,0.48399997
Croydon,BP1406,0.41942632
Croydon,BP1407,0.41979688
Croydon,BP1408,0.42846844
Croydon,BP1409,0.42870706
Croydon,BP1410,0.42879778
Croydon,BP1411,0.41390795
Croydon,BP1412,0.44946867
Croydon,BP1413,0.44990146
Croydon,BP1414,0.41432455
Croydon,BP1415,0.42427295
Croydon,BP1416,0.429024
Croydon,BP1417,0.42883995
Croydon,BP1418,0.43136472
Croydon,BP1425,0.5057882
Croydon,BP1426,0.51743424
Croydon,BP1427,0.563424
Croydon,BP1428,0.5509154
Croydon,BP1429,0.55555385
Croydon,BP1430,0.5272001
Croydon,BP1431,0.54652673
Croydon,BP1432,0.5612931
Croydon,BP1433,0.55606025
Croydon,BP1434,0.55466396
Croydon,BP1435,0.56716573
Croydon,BP1436,0.5505259
Croydon,BP1437,0.5568467
Croydon,BP1438,0.5706904
Croydon,BP1439,0.55621284
Croydon,BP1440,0.55790263
Croydon,BP1441,0.5505915
Croydon,BP1442,0.5559776
Croydon,BP1443,0.56640863
Croydon,BP1444,0.46802297
Croydon,BP1445,0.46087155
Croydon,BP1446,0.47969452
Croydon,BP1447,0.48267367
Croydon,BP1448,0.5545233
Croydon,BP1449,0.5530639
Croydon,BP1450,0.5526973
Croydon,BP1465,0.43726307
Croydon,BP1466,0.4422032
Croydon,BP1467,0.44686145
Croydon,BP1468,0.4287383
Croydon,BP1469,0.42322263
Croydon,BP1470,0.42042032
Croydon,BP1471,0.4178658
Croydon,BP1472,0.4137296
Croydon,BP1473,0.46567723
Croydon,BP1474,0.4607836
Croydon,BP1475,0.4639332
Croydon,BP1476,0.37239698
Croydon,BP1477,0.45009187
Croydon,BP1478,0.3601623
Croydon,BP1479,0.35753703
Croydon,BP1480,0.3712829
Croydon,BP1481,0.36916456
Croydon,BP1482,0.36075777
Croydon,BP1484,0.4316192
Croydon,BP1485,0.4338975
Croydon,BP1486,0.43877053
Croydon,BP1487,0.42936862
Croydon,BP1488,0.43483296
Croydon,BP1489,0.43192935
Croydon,BP1490,0.4398598
Croydon,BP1499,0.55922556
Croydon,BP152,0.45989564
Croydon,BP153,0.45572284
Croydon,BP154,0.4673689
Croydon,BP1590,0.46753675
Croydon,BP1591,0.47324803
Croydon,BP1626,0.47034043
Croydon,BP1627,0.46980596
Croydon,BP1628,0.4011793
Croydon,BP1629,0.49169022
Croydon,BP1630,0.45877984
Croydon,BP1631,0.42240426
Croydon,BP1632,0.49143186
Croydon,BP1633,0.407871
Croydon,BP1634,0.47335675
Croydon,BP1726,0.46888208
Croydon,BP1727,0.4680542
Croydon,BP1728,0.46761224
Croydon,BP1729,0.5291642
Croydon,BP1730,0.45092848
Croydon,BP1731,0.46458983
Croydon,BP1793,0.39126146
Croydon,BP1838,0.5192571
Croydon,BP1849,0.4713966
Croydon,BP1850,0.46574786
Croydon,BP1851,0.41863516
Croydon,BP1852,0.423811
Croydon,BP1853,0.41712603
Croydon,BP1854,0.4641604
Croydon,BP1855,0.42585757
Croydon,BP1856,0.42608067
Croydon,BP1857,0.423498
Croydon,BP1858,0.43701136
Croydon,BP1859,0.49272057
Croydon,BP1860,0.47590944
Croydon,BP1861,0.47176614
Croydon,BP1862,0.47176245
Croydon,BP1878,0.47560948
Croydon,BP1900,0.41674027
Croydon,BP1923,0.41207123
Croydon,BP1978,0.39927182
Croydon,BP1979,0.42390746
Croydon,BP1980,0.4121286
Croydon,BP1981,0.39446473
Croydon,BP1999,0.39361358
Croydon,BP2000,0.4810594
Croydon,BP2008,0.42048007
Croydon,BP2009,0.40034005
Croydon,BP2010,0.44358724
Croydon,BP2013,0.4665997
Croydon,BP2014,0.41144192
Croydon,BP2015,0.42050576
Croydon,BP2017,0.42782027
Croydon,BP2018,0.42965478
Croydon,BP2019,0.46423987
Croydon,BP2020,0.48151094
Croydon,BP2021,0.43535092
Croydon,BP2022,0.42886958
Croydon,BP2024,0.46770474
Croydon,BP2123,0.5051915
Croydon,BP2124,0.5041884
Croydon,BP2125,0.50268924
Croydon,BP2126,0.48836178
Croydon,BP2133,0.4760471
Croydon,BP2139,0.44005617
Croydon,BP2140,0.4298104
Croydon,BP2327,0.42508298
Croydon,BP2328,0.41887793
Croydon,BP2329,0.42710215
Croydon,BP2330,0.4095176
Croydon,BP2331,0.4156171
Croydon,BP2359,0.41317022
Croydon,BP2360,0.43718496
Croydon,BP2370,0.46962422
Croydon,BP2399,0.4137444
Croydon,BP2400,0.49849346
Croydon,BP2430,0.43687782
Croydon,BP2431,0.45423046
Croydon,BP2442,0.47603872
Croydon,BP2444,0.44868714
Croydon,BP2468,0.44283307
Croydon,BP2469,0.44212195
Croydon,BP2516,0.4774874
Croydon,BP2518,0.39336726
Croydon,BP2519,0.3947268
Croydon,BP2520,0.38557687
Croydon,BP2522,0.4989002
Croydon,BP2523,0.4948591
Croydon,BP2524,0.48239562
Croydon,BP2525,0.5427233
Croydon,BP2526,0.56263775
Croydon,BP2527,0.51498955
Croydon,BP2528,0.56123465
Croydon,BP2529,0.5665268
Croydon,BP2530,0.5145524
Croydon,BP2531,0.50697607
Croydon,BP2532,0.54550844
Croydon,BP2533,0.5286716
Croydon,BP2534,0.4903834
Croydon,BP2536,0.49742022
Croydon,BP2537,0.5068623
Croydon,BP2596,0.36619812
Croydon,BP2600,0.5082081
Croydon,BP2601,0.46368706
Croydon,BP2602,0.462853
Croydon,BP2603,0.47737733
Croydon,BP2604,0.46620047
Croydon,BP2605,0.46178216
Croydon,BP2606,0.47413427
Croydon,BP2607,0.45836738
Croydon,BP2630,0.4991121
Croydon,BP273,0.43210405
Croydon,BP274,0.4449813
Croydon,BP2945,0.40169507
Croydon,BP2959,0.48554277
Croydon,BP3304,0.43386474
Croydon,BP3305,0.42955986
Croydon,BP3572,0.5120502
Croydon,BP3573,0.4331847
Croydon,BP3574,0.44397005
Croydon,BP3575,0.4435026
Croydon,BP3576,0.50535256
Croydon,BP3577,0.5009877
Croydon,BP3607,0.47388104
Croydon,BP3761,0.54322696
Croydon,BP3919,0.5497781
Croydon,BP3920,0.44142497
Croydon,BP3921,0.42221776
Croydon,BP4062,0.35942888
Croydon,BP4211,0.5053966
Croydon,BP4212,0.49435425
Croydon,BP4213,0.50420034
Croydon,BP4214,0.49159288
Croydon,BP4215,0.5284733
Croydon,BP4216,0.50518185
Croydon,BP4217,0.50562483
Croydon,BP4218,0.50543296
Croydon,BP4219,0.5059594
Croydon,BP4220,0.5715764
Croydon,BP4221,0.5720107
Croydon,BP4222,0.560871
Croydon,BP4223,0.5604288
Croydon,BP4224,0.5380034
Croydon,BP4225,0.5422636
Croydon,BP4226,0.49780408
Croydon,BP4280,0.46742484
Croydon,BP4425,0.48952803
Croydon,BP445,0.45019424
Croydon,BP4928,0.4369173
Croydon,BP5042,0.45770186
Croydon,BP5125,0.41749513
Croydon,BP5253,0.49162552
Croydon,BP5297,0.47231957
Croydon,BP5298,0.48075855
Croydon,BP5477,0.41231042
Croydon,BP5576,0.43359512
Croydon,BP575,0.38932022
Croydon,BP576,0.43174803
Croydon,BP577,0.3884701
Croydon,BP578,0.4414138
Croydon,BP579,0.4163241
Croydon,BP580,0.3534831
Croydon,BP581,0.41872182
Croydon,BP582,0.33602798
Croydon,BP583,0.44746426
Croydon,BP584,0.3905468
Croydon,BP585,0.38991857
Croydon,BP586,0.4549483
Croydon,BP589,0.4852354
Croydon,BP590,0.45553744
Croydon,BP5907,0.39953965
Croydon,BP592,0.42345345
Croydon,BP5924,0.50178343
Croydon,BP5925,0.4934328
Croydon,BP5971,0.41208348
Croydon,BP6000,0.43689138
Croydon,BP6004,0.4079025
Croydon,BP6005,0.39724255
Croydon,BP6006,0.4119863
Croydon,BP6007,0.39028975
Croydon,BP6008,0.41063818
Croydon,BP6009,0.40404972
Croydon,BP6010,0.47596014
Croydon,BP6048,0.37200427
Croydon,BP6054,0.38310862
Croydon,BP6055,0.36736646
Croydon,BP6100,0.4581102
Croydon,BP6101,0.45838907
Croydon,BP6109,0.4201832
Croydon,BP6194,0.44898406
Croydon,BP6247,0.41831243
Croydon,BP6248,0.41650867
Croydon,BP6294,0.4688213
Croydon,BP6339,0.46531093
Croydon,BP6340,0.4547433
Croydon,BP6341,0.40736994
Croydon,BP6342,0.3967328
Croydon,BP6343,0.33738834
Croydon,BP6344,0.39472967
Croydon,BP6345,0.45112607
Croydon,BP6346,0.46208924
Croydon,BP6347,0.3870456
Croydon,BP6396,0.38607284
Croydon,BP6397,0.46827525
Croydon,BP6398,0.357051
Croydon,BP6399,0.38543922
Croydon,BP6400,0.3857417
Croydon,BP6401,0.40664026
Croydon,BP6402,0.40802962
Croydon,BP641,0.5113291
Croydon,BP6413,0.4320924
Croydon,BP657,0.4374783
Croydon,BP764,0.5041822
Croydon,BP825,0.44996792
Croydon,BP899,0.48800087
Croydon,BP904,0.4115818
Croydon,BP905,0.36480018
Croydon,BP914,0.42749983
Croydon,BP915,0.3650337
Croydon,BP917,0.4283239
Croydon,BP918,0.42901886
Croydon,BP934,0.48200363
Croydon,HC47,0.42569083
Croydon,HC703,0.41913122
Croydon,HC704,0.4707953
Croydon,HC705,0.45232832
Croydon,HC706,0.452134
Croydon,HC707,0.37126195
Croydon,HC708,0.37168348
Croydon,HC709,0.43602416
Croydon,HC713,0.44523534
Croydon,HC714,0.4540725
Croydon,HC718,0.4487643
Croydon,HC724,0.4341922
Croydon,HC725,0.37696913
Croydon,HC726,0.37672952
Croydon,HC727,0.44993094
Croydon,HC728,0.45444906
Croydon,OC1000,0.50875187
Croydon,OC607,0.45948026
Croydon,OC681,0.37182492
Croydon,OC682,0.36926955
Croydon,OC849,0.44798324
Croydon,OC850,0.38145572
Croydon,OC851,0.4755769
Croydon,OC853,0.38589105
Croydon,OC854,0.410797
Croydon,OC856,0.4254242
Croydon,OC857,0.43287545
Croydon,OC858,0.43076703
Croydon,OC859,0.40513465
Croydon,OC860,0.41993335
Croydon,OC861,0.48026818
Croydon,OC863,0.4411115
Croydon,OC864,0.44285673
Croydon,OC865,0.4844077
Croydon,OC866,0.490341
Croydon,OC867,0.5085557
Croydon,OC868,0.49772644
Croydon,OC869,0.45939854
Croydon,OC870,0.45736104
Croydon,OC871,0.39091036
Croydon,OC872,0.4135817
Croydon,OC873,0.4081119
Croydon,OC874,0.39420477
Croydon,OC875,0.40013063
Croydon,OC876,0.40740684
Croydon,OC877,0.37981057
Croydon,OC878,0.41385475
Croydon,OC879,0.33449432
Croydon,OC880,0.32038477
Croydon,OC881,0.3297977
Croydon,OC882,0.3113357
Croydon,OC883,0.39660522
Croydon,OC884,0.39917096
Croydon,OC885,0.3422161
Croydon,OC886,0.37620398
Croydon,OC972,0.47426733
Croydon,OC973,0.4162216
Croydon,R0409,0.38634256
Croydon,R0487,0.48937136
Croydon,R0505,0.49925426
Croydon,R0506,0.49092534
Croydon,R0522,0.45252246
Croydon,R0523,0.506978
Croydon,R0525,0.38660005
Croydon,R0539,0.3480477
Croydon,R0541,0.39996818
Croydon,R0543,0.51651007
Croydon,R0666,0.41868666
Croydon,R0719,0.43603778
Croydon,R0721,0.43432412
Croydon,R0746,0.54327184
Croydon,SL01,0.5085202
Croydon,SL02,0.50100243
Croydon,SL24,0.41693485
Croydon,SL39,0.42349964
Croydon,W13,0.419817
Croydon,W14,0.4477356
Croydon,W15,0.48704138
Croydon,W44,0.45201898
Croydon,W45,0.4598129
Croydon,W5,0.41353303
Croydon,W6,0.415025
Croydon,W7,0.4473056
Croydon,10829,0.4848431
Croydon,15111,0.45680735
Croydon,16630,0.52173334
Croydon,17457,0.5359785
Croydon,33308,0.58702105
Croydon,34605,0.55996686
Croydon,BP2129,0.4923701
Croydon,BP2332,0.48498148
Croydon,BP2333,0.5007536
Croydon,BP2631,0.51075804
Croydon,BP2632,0.5224434
Croydon,BP2633,0.52674884
Ealing,10014,0.6070723
Ealing,10015,0.59653383
Ealing,10580,0.5945186
Ealing,10856,0.58203346
Ealing,10901,0.52425563
Ealing,11345,0.65953743
Ealing,11346,0.674929
Ealing,11349,0.64855766
Ealing,11465,0.5326484
Ealing,11466,0.53856486
Ealing,11491,0.5192345
Ealing,11495,0.53129727
Ealing,11497,0.57388544
Ealing,11501,0.56714684
Ealing,11502,0.5438963
Ealing,11503,0.6099891
Ealing,11506,0.554004
Ealing,11507,0.56813294
Ealing,11510,0.5543521
Ealing,11511,0.51635754
Ealing,11514,0.58702946
Ealing,11515,0.5819857
Ealing,11785,0.59316546
Ealing,1245,0.6026262
Ealing,13152,0.60951585
Ealing,1407,0.5631924
Ealing,14084,0.6388393
Ealing,14085,0.64088243
Ealing,14086,0.61043096
Ealing,14087,0.6306877
Ealing,14088,0.4953467
Ealing,14089,0.48969978
Ealing,14090,0.490952
Ealing,14091,0.49519223
Ealing,14092,0.6266208
Ealing,14093,0.5949131
Ealing,14094,0.5389549
Ealing,14353,0.5649866
Ealing,14357,0.5303482
Ealing,14692,0.53868157
Ealing,14723,0.587745
Ealing,14724,0.5965423
Ealing,14829,0.56825405
Ealing,14830,0.56598234
Ealing,14832,0.5671721
Ealing,14834,0.5850604
Ealing,14835,0.5881679
Ealing,14837,0.56569445
Ealing,14889,0.49141884
Ealing,14890,0.536799
Ealing,14892,0.5673079
Ealing,14893,0.5605675
Ealing,14908,0.5468274
Ealing,15280,0.5276168
Ealing,15281,0.5272888
Ealing,15284,0.5463709
Ealing,15285,0.5518788
Ealing,15287,0.58408594
Ealing,15288,0.5436682
Ealing,15289,0.55483395
Ealing,15291,0.5574173
Ealing,15292,0.58602875
Ealing,15293,0.5300414
Ealing,15294,0.60448146
Ealing,15297,0.6274329
Ealing,15298,0.56672764
Ealing,15299,0.54408115
Ealing,15300,0.54749566
Ealing,15302,0.4979932
Ealing,15303,0.52408767
Ealing,15304,0.5424036
Ealing,15305,0.53975445
Ealing,15306,0.56857145
Ealing,15307,0.5672075
Ealing,15308,0.54754263
Ealing,15309,0.5871359
Ealing,15310,0.6135757
Ealing,15311,0.6165205
Ealing,15344,0.5226272
Ealing,15345,0.49557325
Ealing,15346,0.4911706
Ealing,15347,0.55825704
Ealing,15348,0.55578804
Ealing,15349,0.58373266
Ealing,15351,0.59472376
Ealing,15352,0.5417766
Ealing,15354,0.58931684
Ealing,15356,0.587771
Ealing,15357,0.58777577
Ealing,15358,0.6181011
Ealing,15359,0.60500705
Ealing,15361,0.590461
Ealing,15364,0.63798577
Ealing,15365,0.6806456
Ealing,15366,0.679185
Ealing,15367,0.67781717
Ealing,15369,0.589514
Ealing,15370,0.5891725
Ealing,15371,0.5558224
Ealing,15372,0.56634444
Ealing,15373,0.6169348
Ealing,15374,0.5752663
Ealing,15375,0.64537334
Ealing,15376,0.64140093
Ealing,15678,0.45284718
Ealing,15679,0.49642974
Ealing,15681,0.46286348
Ealing,15683,0.45483503
Ealing,15684,0.5108369
Ealing,15685,0.49221596
Ealing,15686,0.52369833
Ealing,15687,0.5557734
Ealing,15688,0.5982912
Ealing,15689,0.62077445
Ealing,15690,0.6438821
Ealing,15691,0.6693205
Ealing,15692,0.6603265
Ealing,15693,0.6581175
Ealing,15694,0.642913
Ealing,15696,0.6290199
Ealing,15697,0.63536835
Ealing,15698,0.6184906
Ealing,15699,0.6148928
Ealing,15701,0.60486394
Ealing,15785,0.59193987
Ealing,15786,0.6228586
Ealing,15787,0.5881478
Ealing,15788,0.58613443
Ealing,15789,0.5813901
Ealing,15790,0.58606076
Ealing,15791,0.5448836
Ealing,15792,0.5240962
Ealing,15793,0.5751634
Ealing,15794,0.5651143
Ealing,15795,0.50773895
Ealing,15796,0.49769238
Ealing,15797,0.57809633
Ealing,15798,0.5688017
Ealing,15799,0.6004614
Ealing,15800,0.6159174
Ealing,15801,0.6251725
Ealing,15802,0.6224019
Ealing,15952,0.6156211
Ealing,15953,0.5667551
Ealing,15954,0.6177803
Ealing,15956,0.6080775
Ealing,15957,0.6131824
Ealing,15958,0.57827806
Ealing,15959,0.57155806
Ealing,15960,0.63800174
Ealing,15961,0.63544804
Ealing,15965,0.62643343
Ealing,15968,0.56615925
Ealing,15969,0.5674133
Ealing,1597,0.55871063
Ealing,15970,0.57267475
Ealing,1598,0.5724285
Ealing,16140,0.5400596
Ealing,16141,0.5308154
Ealing,16142,0.55305344
Ealing,16143,0.5360853
Ealing,16144,0.5836103
Ealing,16145,0.57718396
Ealing,16146,0.5796941
Ealing,16147,0.55706674
Ealing,16148,0.5466823
Ealing,16149,0.56818
Ealing,16150,0.6028109
Ealing,16151,0.60082287
Ealing,16264,0.5710961
Ealing,16265,0.60156953
Ealing,16266,0.6069713
Ealing,16269,0.59367925
Ealing,16270,0.572831
Ealing,16271,0.5587518
Ealing,16272,0.52764225
Ealing,16273,0.5579208
Ealing,16565,0.5953158
Ealing,16566,0.6111079
Ealing,17024,0.46597165
Ealing,17025,0.45742854
Ealing,17026,0.47990966
Ealing,17027,0.4849542
Ealing,17028,0.6030408
Ealing,17029,0.6064508
Ealing,17104,0.4947747
Ealing,17106,0.48411807
Ealing,17107,0.515032
Ealing,17108,0.6166491
Ealing,17109,0.6281328
Ealing,17110,0.618383
Ealing,17112,0.6040458
Ealing,17119,0.5484196
Ealing,17160,0.55321753
Ealing,17219,0.6041639
Ealing,17220,0.5898633
Ealing,17221,0.5892364
Ealing,17222,0.5438599
Ealing,17223,0.53911114
Ealing,17234,0.53395325
Ealing,17235,0.53854567
Ealing,17236,0.5295478
Ealing,17237,0.5701693
Ealing,17238,0.56702614
Ealing,17239,0.614433
Ealing,17240,0.59183425
Ealing,17241,0.58784485
Ealing,17242,0.5704679
Ealing,17243,0.5674102
Ealing,17244,0.48735762
Ealing,17245,0.46072975
Ealing,17246,0.5143013
Ealing,17247,0.45825592
Ealing,17248,0.53378433
Ealing,17249,0.53379375
Ealing,17250,0.51782215
Ealing,17251,0.5131386
Ealing,17288,0.6154527
Ealing,17290,0.58147085
Ealing,17291,0.6276166
Ealing,17292,0.64961064
Ealing,17349,0.596445
Ealing,17350,0.6000967
Ealing,18221,0.5299717
Ealing,18273,0.6683414
Ealing,18274,0.6599588
Ealing,18463,0.62549794
Ealing,18464,0.5932453
Ealing,19033,0.6059793
Ealing,19280,0.6588758
Ealing,1935,0.54170763
Ealing,1936,0.54487926
Ealing,2028,0.64005274
Ealing,2029,0.6427016
Ealing,2030,0.6443469
Ealing,2031,0.6162271
Ealing,2032,0.6293349
Ealing,2036,0.6999497
Ealing,2037,0.68932056
Ealing,20379,0.5431309
Ealing,2038,0.6796467
Ealing,20380,0.58006054
Ealing,20381,0.56076497
Ealing,20382,0.52650934
Ealing,20383,0.5303117
Ealing,20384,0.5385214
Ealing,20385,0.53504366
Ealing,20386,0.5366771
Ealing,20387,0.530349
Ealing,20388,0.4707059
Ealing,20406,0.60905063
Ealing,20494,0.52326846
Ealing,20495,0.48803952
Ealing,20519,0.58792275
Ealing,20638,0.4959546
Ealing,20639,0.4985873
Ealing,20701,0.58850175
Ealing,20702,0.58924276
Ealing,20712,0.6597257
Ealing,20818,0.6481888
Ealing,20819,0.6372988
Ealing,20974,0.5270658
Ealing,2185,0.5720583
Ealing,2186,0.57272774
Ealing,25078,0.46730468
Ealing,25079,0.4672951
Ealing,25093,0.5174889
Ealing,25196,0.6173188
Ealing,25197,0.6130658
Ealing,25198,0.57653594
Ealing,25199,0.58106536
Ealing,25200,0.52436996
Ealing,25201,0.5373251
Ealing,25202,0.541855
Ealing,25203,0.5370877
Ealing,25204,0.54555154
Ealing,25205,0.54236954
Ealing,25206,0.56081975
Ealing,25265,0.57058644
Ealing,25678,0.6392458
Ealing,26504,0.5365111
Ealing,26518,0.52011925
Ealing,26519,0.5171786
Ealing,26520,0.52659017
Ealing,26521,0.5230585
Ealing,26522,0.54940283
Ealing,26523,0.5503899
Ealing,26825,0.5447453
Ealing,26968,0.53788984
Ealing,2717,0.530701
Ealing,2718,0.5528286
Ealing,2721,0.560916
Ealing,27521,0.5242908
Ealing,27522,0.6140157
Ealing,27523,0.66049397
Ealing,27524,0.5787566
Ealing,27525,0.596444
Ealing,27527,0.5117042
Ealing,27648,0.50807667
Ealing,27650,0.581886
Ealing,27652,0.58440554
Ealing,27852,0.6402045
Ealing,29289,0.6202431
Ealing,29290,0.5804954
Ealing,3033,0.58676845
Ealing,3034,0.5892251
Ealing,3035,0.5295616
Ealing,3036,0.54847
Ealing,3037,0.58961546
Ealing,3039,0.5856947
Ealing,3040,0.60565156
Ealing,3041,0.5879208
Ealing,3042,0.63179797
Ealing,3043,0.6422172
Ealing,3044,0.64821446
Ealing,3049,0.68808246
Ealing,3050,0.6855425
Ealing,3051,0.65730673
Ealing,3052,0.63158405
Ealing,3053,0.5707171
Ealing,3058,0.6424203
Ealing,3063,0.58435893
Ealing,3066,0.58325696
Ealing,3067,0.58533084
Ealing,3069,0.58122057
Ealing,3071,0.5739541
Ealing,3072,0.5743317
Ealing,3073,0.5920715
Ealing,3077,0.6041901
Ealing,3080,0.6034961
Ealing,3081,0.50265414
Ealing,3082,0.5116936
Ealing,3083,0.48527595
Ealing,3088,0.5214171
Ealing,3089,0.5301441
Ealing,3092,0.62289655
Ealing,3093,0.65229625
Ealing,3094,0.64294624
Ealing,3096,0.66589993
Ealing,3097,0.6389829
Ealing,3100,0.593861
Ealing,3101,0.60101604
Ealing,3103,0.62939584
Ealing,3179,0.489056
Ealing,33016,0.57970256
Ealing,33021,0.56138366
Ealing,33022,0.56425124
Ealing,33023,0.56447107
Ealing,33301,0.56488276
Ealing,33463,0.5793737
Ealing,33464,0.59718335
Ealing,33465,0.58117783
Ealing,33466,0.5804807
Ealing,33634,0.595414
Ealing,33635,0.5804968
Ealing,33852,0.66973376
Ealing,33855,0.6100631
Ealing,33856,0.6082234
Ealing,33859,0.58727753
Ealing,33860,0.48036346
Ealing,33861,0.44234633
Ealing,33862,0.6303401
Ealing,33864,0.57104504
Ealing,33866,0.6069123
Ealing,33911,0.579568
Ealing,34106,0.60199636
Ealing,34178,0.69692004
Ealing,34196,0.5779339
Ealing,34280,0.49451253
Ealing,34352,0.46938494
Ealing,34424,0.6612844
Ealing,34558,0.6612456
Ealing,34596,0.57437027
Ealing,34598,0.5765525
Ealing,34599,0.5916237
Ealing,34600,0.6051903
Ealing,34601,0.59723896
Ealing,34861,0.56407857
Ealing,34862,0.5375057
Ealing,34931,0.5036396
Ealing,35150,0.6585577
Ealing,35151,0.657017
Ealing,35152,0.56259346
Ealing,35153,0.5594209
Ealing,35155,0.55961376
Ealing,35290,0.6027303
Ealing,35291,0.58801246
Ealing,35292,0.5751166
Ealing,35293,0.5904556
Ealing,35592,0.5943855
Ealing,35628,0.6592862
Ealing,35630,0.5449376
Ealing,35631,0.5451651
Ealing,35786,0.6001285
Ealing,35791,0.6092434
Ealing,35798,0.5752656
Ealing,35800,0.6276435
Ealing,35811,0.5851099
Ealing,35812,0.5874577
Ealing,35813,0.5816264
Ealing,36586,0.6364042
Ealing,36994,0.6675483
Ealing,36995,0.6789438
Ealing,36996,0.6140987
Ealing,36997,0.6324625
Ealing,36998,0.6020822
Ealing,37000,0.54820335
Ealing,37003,0.5861893
Ealing,37004,0.5629287
Ealing,37005,0.56172216
Ealing,37090,0.5641698
Ealing,37091,0.5673053
Ealing,37104,0.5521182
Ealing,37105,0.6146723
Ealing,37106,0.54862374
Ealing,37107,0.6968098
Ealing,37108,0.697984
Ealing,37157,0.61839616
Ealing,37158,0.66431844
Ealing,37161,0.51899254
Ealing,37195,0.53793246
Ealing,37248,0.5036889
Ealing,37249,0.5812992
Ealing,37250,0.59219635
Ealing,37251,0.57997954
Ealing,37261,0.56719756
Ealing,37262,0.5523407
Ealing,37263,0.5922862
Ealing,37264,0.56500715
Ealing,37429,0.58571273
Ealing,4575,0.67551214
Ealing,4576,0.67547154
Ealing,4578,0.5109258
Ealing,4637,0.6018252
Ealing,4639,0.58191884
Ealing,6009,0.47257826
Ealing,6010,0.47016844
Ealing,6012,0.46739727
Ealing,6013,0.47276416
Ealing,6014,0.54470617
Ealing,6015,0.53971356
Ealing,6016,0.46752748
Ealing,6017,0.5330266
Ealing,6018,0.5252678
Ealing,6019,0.5268954
Ealing,6119,0.56090784
Ealing,6120,0.5618199
Ealing,6121,0.5605057
Ealing,6125,0.5007551
Ealing,6136,0.5350712
Ealing,6137,0.50227547
Ealing,688,0.57245713
Ealing,6881,0.5132092
Ealing,6883,0.5800691
Ealing,6885,0.58604014
Ealing,6886,0.57651633
Ealing,6887,0.58216316
Ealing,6903,0.5831006
Ealing,6905,0.5830769
Ealing,6906,0.5839094
Ealing,6907,0.58022726
Ealing,6909,0.59604996
Ealing,6910,0.62106377
Ealing,733,0.6097855
Ealing,7699,0.6480622
Ealing,7700,0.676119
Ealing,7810,0.5418838
Ealing,7873,0.5783604
Ealing,8411,0.63038373
Ealing,8412,0.6088477
Ealing,851,0.59603506
Ealing,8748,0.5908252
Ealing,8749,0.61968005
Ealing,8750,0.60292387
Ealing,BP015,0.56666476
Ealing,BP016,0.5351116
Ealing,BP017,0.5448307
Ealing,BP018,0.5689976
Ealing,BP019,0.59936833
Ealing,BP020,0.5581211
Ealing,BP021,0.55181617
Ealing,BP022,0.5983093
Ealing,BP023,0.6411183
Ealing,BP024,0.6091051
Ealing,BP025,0.61316186
Ealing,BP026,0.619833
Ealing,BP028,0.5412474
Ealing,BP029,0.5405615
Ealing,BP031,0.6016526
Ealing,BP044,0.5720345
Ealing,BP045,0.57939386
Ealing,BP049,0.6667407
Ealing,BP095,0.61584735
Ealing,BP1008,0.65154254
Ealing,BP1082,0.5503034
Ealing,BP1361,0.6188308
Ealing,BP1563,0.5975803
Ealing,BP1564,0.5731331
Ealing,BP1565,0.61212206
Ealing,BP1624,0.56017244
Ealing,BP1635,0.4757519
Ealing,BP1808,0.5935465
Ealing,BP1888,0.6614865
Ealing,BP1892,0.63672787
Ealing,BP2059,0.5052794
Ealing,BP2060,0.5061705
Ealing,BP2061,0.49816757
Ealing,BP2062,0.5244495
Ealing,BP2063,0.5659326
Ealing,BP2064,0.5656998
Ealing,BP2065,0.54422987
Ealing,BP2374,0.58398306
Ealing,BP2420,0.44619003
Ealing,BP2422,0.44430768
Ealing,BP2511,0.55806893
Ealing,BP2512,0.581014
Ealing,BP2545,0.6244344
Ealing,BP2547,0.49976075
Ealing,BP2548,0.5089703
Ealing,BP2638,0.6093644
Ealing,BP2640,0.55989516
Ealing,BP2641,0.5708528
Ealing,BP2642,0.5974098
Ealing,BP2643,0.60595924
Ealing,BP2644,0.56761867
Ealing,BP2645,0.61344105
Ealing,BP2646,0.5594004
Ealing,BP2647,0.5962013
Ealing,BP2648,0.45522016
Ealing,BP2658,0.5897324
Ealing,BP2663,0.6122623
Ealing,BP3111,0.5971532
Ealing,BP3170,0.57324034
Ealing,BP3171,0.5357357
Ealing,BP3172,0.5070748
Ealing,BP3173,0.49819884
Ealing,BP3174,0.49955082
Ealing,BP3175,0.49984157
Ealing,BP3176,0.5016382
Ealing,BP3177,0.50527054
Ealing,BP3178,0.52479064
Ealing,BP3179,0.4989822
Ealing,BP3180,0.499464
Ealing,BP3181,0.512725
Ealing,BP3182,0.53352374
Ealing,BP3183,0.52494234
Ealing,BP3228,0.5713014
Ealing,BP3360,0.61099225
Ealing,BP3361,0.654367
Ealing,BP3362,0.6591441
Ealing,BP3363,0.650946
Ealing,BP3364,0.61298466
Ealing,BP3365,0.6158236
Ealing,BP3366,0.64511526
Ealing,BP3367,0.6596568
Ealing,BP3368,0.6497114
Ealing,BP3369,0.64088315
Ealing,BP3370,0.6285093
Ealing,BP3372,0.6154645
Ealing,BP3373,0.5933217
Ealing,BP3374,0.54732066
Ealing,BP3375,0.5429168
Ealing,BP3376,0.55101883
Ealing,BP3377,0.5585797
Ealing,BP3378,0.550026
Ealing,BP3379,0.5590162
Ealing,BP3380,0.53921825
Ealing,BP3381,0.54436946
Ealing,BP3382,0.58126366
Ealing,BP3466,0.60054356
Ealing,BP3467,0.6005877
Ealing,BP3542,0.55138177
Ealing,BP3543,0.55688035
Ealing,BP3766,0.582
Ealing,BP3892,0.5854823
Ealing,BP4201,0.56746083
Ealing,BP4277,0.59015375
Ealing,BP4374,0.59733754
Ealing,BP4375,0.59640735
Ealing,BP4527,0.49559608
Ealing,BP4852,0.61747354
Ealing,BP4879,0.52918357
Ealing,BP5047,0.58111364
Ealing,BP506,0.5623861
Ealing,BP5175,0.5654268
Ealing,BP5285,0.4662922
Ealing,BP5287,0.46306947
Ealing,BP5427,0.5938451
Ealing,BP5428,0.5517469
Ealing,BP5429,0.5287134
Ealing,BP5430,0.5552766
Ealing,BP5431,0.5895304
Ealing,BP5443,0.6656701
Ealing,BP5562,0.5513832
Ealing,BP5659,0.5884705
Ealing,BP5660,0.58367425
Ealing,BP5713,0.6036144
Ealing,BP5970,0.6885843
Ealing,BP602,0.62502754
Ealing,BP604,0.5380878
Ealing,BP605,0.5727783
Ealing,BP606,0.5732928
Ealing,BP607,0.57398
Ealing,BP612,0.57397366
Ealing,BP613,0.5570789
Ealing,BP6168,0.58193195
Ealing,BP6169,0.5700716
Ealing,BP6170,0.604803
Ealing,BP6171,0.59751785
Ealing,BP6172,0.59814805
Ealing,BP6173,0.58668023
Ealing,BP6174,0.5831535
Ealing,BP6175,0.56742597
Ealing,BP6176,0.5685342
Ealing,BP6279,0.5461433
Ealing,BP6314,0.49131206
Ealing,BP6315,0.5324634
Ealing,BP6386,0.63897616
Ealing,BP6387,0.6142663
Ealing,BP6388,0.6295814
Ealing,BP6561,0.6146192
Ealing,BP6562,0.61351717
Ealing,BP751,0.5666932
Ealing,BP752,0.5585122
Ealing,C25,0.53440946
Ealing,C30,0.5336092
Ealing,C93,0.56503993
Ealing,C95,0.64496154
Ealing,C96,0.6425376
Ealing,C98,0.62289304
Ealing,CW1,0.50213796
Ealing,CW2,0.5318422
Ealing,CW26,0.66759735
Ealing,CW27,0.55218697
Ealing,CW3,0.5024536
Ealing,CW34,0.5585643
Ealing,CW39,0.53792983
Ealing,CW4,0.5311871
Ealing,CW53,0.58759946
Ealing,CW54,0.62390536
Ealing,CW55,0.5892841
Ealing,CW56,0.5689339
Ealing,CW57,0.6254046
Ealing,CW58,0.64018214
Ealing,CW63,0.69243634
Ealing,CW64,0.6970498
Ealing,HC125,0.6059799
Ealing,HC126,0.6055934
Ealing,HC51,0.5612931
Ealing,HC52,0.582815
Ealing,R0103,0.5736044
Ealing,R0107,0.6504657
Ealing,R0123,0.5231124
Ealing,R0210,0.56107324
Ealing,R0222,0.5651377
Ealing,R0256,0.55494344
Ealing,R0259,0.58778006
Ealing,R0458,0.5975449
Ealing,R0546,0.61188185
Ealing,R0579,0.5595935
Ealing,R0742,0.65974236
Ealing,11490,0.55853194
Ealing,11500,0.56040925
Ealing,15803,0.70462716
Ealing,19032,0.6839723
Ealing,25092,0.52659553
Ealing,2943,0.5304247
Ealing,3062,0.6018788
Ealing,3064,0.5802049
Ealing,3227,0.6857382
Ealing,33854,0.6087703
Ealing,33863,0.58571583
Ealing,734,0.6600637
Ealing,737,0.7004351
Ealing,738,0.6707164
Ealing,BP046,0.6822425
Ealing,BP047,0.6892085
Ealing,BP2560,0.6622253
Ealing,BP4276,0.6372714
Ealing,BP5620,0.6628074
Ealing,CW25,0.67196745
Ealing,R0253,0.51126647
Ealing,R0254,0.51488876
Enfield,10833,0.40498832
Enfield,10834,0.40866807
Enfield,10835,0.44882542
Enfield,10836,0.46748668
Enfield,10871,0.5325734
Enfield,10872,0.5241149
Enfield,10875,0.52928096
Enfield,10878,0.5418644
Enfield,10879,0.54300815
Enfield,10880,0.53842264
Enfield,10881,0.53365314
Enfield,10885,0.52576166
Enfield,10888,0.52325237
Enfield,10889,0.5030416
Enfield,10890,0.5289192
Enfield,10893,0.47297144
Enfield,10900,0.5169506
Enfield,10906,0.43066478
Enfield,10910,0.43223554
Enfield,10911,0.4167441
Enfield,10913,0.43607336
Enfield,10914,0.38514212
Enfield,10919,0.44712248
Enfield,10920,0.44926
Enfield,10921,0.5435108
Enfield,10922,0.5154785
Enfield,10925,0.5856095
Enfield,10926,0.56497127
Enfield,10927,0.5914554
Enfield,10928,0.6223929
Enfield,12243,0.4102996
Enfield,12244,0.3967315
Enfield,12245,0.42159694
Enfield,12250,0.4716899
Enfield,12251,0.45727792
Enfield,12254,0.457001
Enfield,12255,0.43187407
Enfield,12256,0.45551145
Enfield,12257,0.43805408
Enfield,12258,0.434546
Enfield,12260,0.44097215
Enfield,12261,0.47317973
Enfield,12264,0.47552785
Enfield,12265,0.47739682
Enfield,12272,0.46675387
Enfield,12273,0.46777144
Enfield,12276,0.5200712
Enfield,12280,0.52709675
Enfield,12281,0.52931905
Enfield,12282,0.5305362
Enfield,12284,0.5110212
Enfield,12289,0.49822143
Enfield,12290,0.49335003
Enfield,12293,0.48858842
Enfield,12294,0.50581396
Enfield,12298,0.4687451
Enfield,12307,0.4505707
Enfield,12308,0.45086974
Enfield,12311,0.42821544
Enfield,12312,0.43783945
Enfield,12313,0.4760571
Enfield,12314,0.44246355
Enfield,12318,0.45706436
Enfield,12319,0.48474902
Enfield,12323,0.4499596
Enfield,12887,0.4692747
Enfield,12934,0.44251868
Enfield,12935,0.45919594
Enfield,12936,0.44640067
Enfield,12937,0.39498386
Enfield,1336,0.5013707
Enfield,13521,0.42994645
Enfield,13522,0.520043
Enfield,13523,0.49482208
Enfield,13525,0.49663952
Enfield,14109,0.4218548
Enfield,14110,0.3978454
Enfield,14126,0.40150172
Enfield,14127,0.431173
Enfield,14128,0.40899992
Enfield,14129,0.4591912
Enfield,14816,0.48870617
Enfield,14817,0.48628923
Enfield,14997,0.6166884
Enfield,15423,0.54962045
Enfield,15425,0.5392612
Enfield,15426,0.54441553
Enfield,15427,0.49907
Enfield,15861,0.42947686
Enfield,15862,0.39908051
Enfield,15863,0.37444428
Enfield,15864,0.42568335
Enfield,15865,0.39041772
Enfield,15866,0.5189013
Enfield,15867,0.48041517
Enfield,15868,0.48715022
Enfield,15869,0.48857614
Enfield,15870,0.41697574
Enfield,15871,0.44039252
Enfield,15872,0.54284316
Enfield,15873,0.56903726
Enfield,15874,0.6141171
Enfield,15876,0.5854816
Enfield,15877,0.5884633
Enfield,15879,0.60504395
Enfield,15880,0.59912896
Enfield,15881,0.5973818
Enfield,15882,0.5911985
Enfield,15883,0.5962794
Enfield,15884,0.5787563
Enfield,15885,0.59336716
Enfield,15886,0.5439622
Enfield,15887,0.57634306
Enfield,16011,0.40114793
Enfield,16012,0.41696066
Enfield,16013,0.41541046
Enfield,16014,0.41555485
Enfield,16015,0.536362
Enfield,16016,0.5699372
Enfield,1605,0.5694648
Enfield,1606,0.52862453
Enfield,16518,0.57254267
Enfield,16608,0.48569274
Enfield,16770,0.48469564
Enfield,16771,0.46588925
Enfield,16772,0.42789623
Enfield,16773,0.42820805
Enfield,16774,0.45591548
Enfield,16775,0.46079424
Enfield,16776,0.55097735
Enfield,16777,0.5772412
Enfield,16783,0.50252044
Enfield,16784,0.52876514
Enfield,16785,0.5359175
Enfield,16786,0.53437614
Enfield,16787,0.5202594
Enfield,16788,0.5065222
Enfield,16789,0.5052135
Enfield,16790,0.4738973
Enfield,16791,0.37536666
Enfield,16792,0.49253783
Enfield,16793,0.5065743
Enfield,16794,0.4835479
Enfield,16795,0.48409447
Enfield,16796,0.48154497
Enfield,16797,0.4695972
Enfield,16798,0.49127874
Enfield,16799,0.4883747
Enfield,16800,0.53687465
Enfield,16801,0.5639993
Enfield,16915,0.46960917
Enfield,16916,0.34677008
Enfield,16917,0.34776738
Enfield,16919,0.34534734
Enfield,16920,0.35128745
Enfield,16921,0.3569895
Enfield,16922,0.35052142
Enfield,16923,0.39430207
Enfield,16924,0.41539687
Enfield,1695,0.51638436
Enfield,1696,0.5144837
Enfield,1697,0.46424004
Enfield,1698,0.4900635
Enfield,1754,0.5331949
Enfield,17762,0.5627946
Enfield,17763,0.5328206
Enfield,17764,0.55848426
Enfield,17765,0.5400064
Enfield,17766,0.49590436
Enfield,17767,0.56961286
Enfield,17769,0.46448594
Enfield,17776,0.5473323
Enfield,17778,0.48943558
Enfield,17779,0.48707804
Enfield,17780,0.4816637
Enfield,17781,0.46885777
Enfield,17782,0.48231924
Enfield,17783,0.46351668
Enfield,17784,0.5434178
Enfield,17785,0.49617496
Enfield,17786,0.47807315
Enfield,18057,0.37403372
Enfield,18123,0.51213735
Enfield,18868,0.47682875
Enfield,18869,0.4745379
Enfield,18870,0.42249647
Enfield,18871,0.4391668
Enfield,18872,0.4162413
Enfield,18873,0.4352303
Enfield,18875,0.41174775
Enfield,18876,0.6329947
Enfield,18878,0.5913936
Enfield,18879,0.5951946
Enfield,18880,0.5878674
Enfield,18881,0.52215993
Enfield,18882,0.54595816
Enfield,18883,0.4625872
Enfield,18884,0.49766356
Enfield,18911,0.5298401
Enfield,19026,0.53392226
Enfield,19027,0.52735746
Enfield,19263,0.50119686
Enfield,19278,0.4085528
Enfield,19279,0.39063
Enfield,19617,0.51125854
Enfield,19618,0.5100682
Enfield,20108,0.57537806
Enfield,20242,0.50586617
Enfield,20243,0.3844649
Enfield,20244,0.42617786
Enfield,20250,0.44420552
Enfield,20254,0.53163314
Enfield,20255,0.5355055
Enfield,20256,0.42105666
Enfield,20257,0.4648792
Enfield,20258,0.4539531
Enfield,20268,0.5250087
Enfield,20269,0.5137535
Enfield,20272,0.52475375
Enfield,20273,0.54144824
Enfield,20274,0.5526744
Enfield,20275,0.5385306
Enfield,20276,0.5596119
Enfield,20277,0.50557977
Enfield,20278,0.5610485
Enfield,20279,0.49042752
Enfield,20298,0.47621056
Enfield,20299,0.47051397
Enfield,20300,0.4880363
Enfield,20301,0.52392966
Enfield,20302,0.49780324
Enfield,20303,0.47485065
Enfield,20414,0.57950866
Enfield,20594,0.47064182
Enfield,20595,0.46800956
Enfield,20761,0.4666539
Enfield,20882,0.5512948
Enfield,20919,0.45360765
Enfield,22191,0.39903653
Enfield,23415,0.4918552
Enfield,24851,0.50481796
Enfield,2508,0.41912436
Enfield,2509,0.4305419
Enfield,25155,0.4163524
Enfield,25160,0.4852291
Enfield,25195,0.41057286
Enfield,25369,0.5462918
Enfield,25370,0.53849447
Enfield,25693,0.5194689
Enfield,26230,0.5242829
Enfield,26238,0.4891562
Enfield,26239,0.49459267
Enfield,26975,0.44987527
Enfield,27566,0.5295151
Enfield,27647,0.5239363
Enfield,27740,0.43200457
Enfield,27741,0.41257995
Enfield,27743,0.4609568
Enfield,27744,0.45932055
Enfield,27745,0.49874216
Enfield,27746,0.48052812
Enfield,27893,0.5485861
Enfield,27894,0.5581419
Enfield,27895,0.4876049
Enfield,27896,0.48368683
Enfield,27897,0.4882224
Enfield,27898,0.47310588
Enfield,2790,0.45350417
Enfield,27946,0.5624086
Enfield,27960,0.47874314
Enfield,28562,0.5029993
Enfield,28655,0.51607746
Enfield,29700,0.5704881
Enfield,29702,0.55970687
Enfield,29703,0.4776499
Enfield,30877,0.5295986
Enfield,31461,0.6149252
Enfield,3170,0.43405682
Enfield,3171,0.46723396
Enfield,3173,0.44477427
Enfield,3174,0.45918107
Enfield,3176,0.48367256
Enfield,32250,0.41436586
Enfield,3293,0.50403625
Enfield,33357,0.49638513
Enfield,33394,0.3807088
Enfield,33492,0.5147844
Enfield,33493,0.5428626
Enfield,33495,0.41586882
Enfield,33496,0.44165158
Enfield,33497,0.4247032
Enfield,33498,0.41093823
Enfield,33896,0.52883744
Enfield,33940,0.5945365
Enfield,33941,0.57888544
Enfield,33942,0.5854032
Enfield,33968,0.59003395
Enfield,33978,0.46858507
Enfield,33979,0.4711565
Enfield,34148,0.45743152
Enfield,34329,0.5658521
Enfield,34330,0.48706967
Enfield,34341,0.49283433
Enfield,34342,0.48717332
Enfield,34363,0.5054746
Enfield,34364,0.49566278
Enfield,34365,0.4990162
Enfield,34652,0.41133597
Enfield,34653,0.3972327
Enfield,34654,0.3994478
Enfield,3484,0.53843445
Enfield,3487,0.4284321
Enfield,3488,0.4364079
Enfield,3489,0.6072557
Enfield,3490,0.58183104
Enfield,3491,0.4238084
Enfield,3492,0.47221428
Enfield,34927,0.57149625
Enfield,3493,0.4585656
Enfield,3494,0.44473284
Enfield,3495,0.43487355
Enfield,3496,0.4292906
Enfield,3510,0.43364945
Enfield,3511,0.46094787
Enfield,3512,0.41922233
Enfield,3525,0.46575224
Enfield,3534,0.5593616
Enfield,35472,0.50167555
Enfield,35678,0.6183889
Enfield,35731,0.6070849
Enfield,35850,0.51919794
Enfield,35851,0.46881878
Enfield,35852,0.48893243
Enfield,35853,0.4685412
Enfield,35854,0.43060008
Enfield,35856,0.47392324
Enfield,35857,0.46548575
Enfield,35858,0.5176639
Enfield,35859,0.50116247
Enfield,35860,0.5013542
Enfield,35861,0.5109854
Enfield,35862,0.514221
Enfield,35863,0.53030616
Enfield,35864,0.52862686
Enfield,35865,0.46379083
Enfield,35866,0.46856424
Enfield,35867,0.4644139
Enfield,35868,0.45988515
Enfield,36680,0.6219284
Enfield,36805,0.5691011
Enfield,3805,0.38880327
Enfield,4004,0.48798946
Enfield,4005,0.4609034
Enfield,4538,0.4179818
Enfield,4539,0.43623704
Enfield,4541,0.4332784
Enfield,4945,0.5317488
Enfield,4946,0.5628484
Enfield,5534,0.48314416
Enfield,5535,0.49115
Enfield,5536,0.46544567
Enfield,5537,0.45507604
Enfield,5538,0.4938683
Enfield,5539,0.5086154
Enfield,5540,0.46228158
Enfield,5541,0.4286293
Enfield,5542,0.43317372
Enfield,5543,0.45089385
Enfield,5544,0.43552807
Enfield,5545,0.45297912
Enfield,5546,0.44783372
Enfield,5974,0.4753514
Enfield,5975,0.4822121
Enfield,5976,0.5115688
Enfield,5977,0.49618706
Enfield,5978,0.46376413
Enfield,5979,0.4644451
Enfield,5980,0.40691042
Enfield,5981,0.40970916
Enfield,5982,0.4148053
Enfield,5983,0.40484834
Enfield,5984,0.40630847
Enfield,5985,0.4084751
Enfield,5986,0.4205017
Enfield,5987,0.43988732
Enfield,70116,0.4041932
Enfield,70336,0.49636158
Enfield,70337,0.49326608
Enfield,70343,0.5525591
Enfield,70347,0.41293907
Enfield,70358,0.57750714
Enfield,70359,0.5963064
Enfield,70360,0.59788847
Enfield,70362,0.5313517
Enfield,7562,0.5176422
Enfield,761,0.5345133
Enfield,922,0.38614038
Enfield,923,0.4149512
Enfield,9359,0.53796065
Enfield,9360,0.53121907
Enfield,972,0.5354838
Enfield,9954,0.5609915
Enfield,9955,0.5624393
Enfield,9956,0.5659819
Enfield,9957,0.570764
Enfield,9960,0.57504344
Enfield,9961,0.5774123
Enfield,9962,0.56923187
Enfield,9963,0.5734397
Enfield,9965,0.50478864
Enfield,9969,0.48673958
Enfield,BP061,0.44164944
Enfield,BP113,0.5402231
Enfield,BP1189,0.44036514
Enfield,BP1190,0.3887891
Enfield,BP1198,0.4881006
Enfield,BP1317,0.5473234
Enfield,BP1525,0.43196538
Enfield,BP1577,0.4609254
Enfield,BP1578,0.4602167
Enfield,BP1997,0.6026458
Enfield,BP2308,0.47169358
Enfield,BP2382,0.39741504
Enfield,BP250,0.40549675
Enfield,BP2651,0.4507303
Enfield,BP2652,0.44956037
Enfield,BP2653,0.4279903
Enfield,BP2654,0.43678072
Enfield,BP2655,0.45772174
Enfield,BP2656,0.42492282
Enfield,BP2659,0.51787764
Enfield,BP2679,0.44149482
Enfield,BP2680,0.43511274
Enfield,BP2715,0.52259135
Enfield,BP2719,0.5503386
Enfield,BP2947,0.5316245
Enfield,BP2948,0.52136654
Enfield,BP3211,0.5685545
Enfield,BP3212,0.5685959
Enfield,BP3445,0.47883418
Enfield,BP3459,0.5245671
Enfield,BP3489,0.43179813
Enfield,BP3515,0.48138896
Enfield,BP3516,0.47824398
Enfield,BP3517,0.4330577
Enfield,BP3518,0.39922947
Enfield,BP3519,0.47756442
Enfield,BP3521,0.49049446
Enfield,BP3523,0.48401397
Enfield,BP3524,0.41066712
Enfield,BP3525,0.4073301
Enfield,BP3526,0.5058963
Enfield,BP3527,0.49610817
Enfield,BP3563,0.5413875
Enfield,BP3608,0.43636534
Enfield,BP3609,0.42661744
Enfield,BP3610,0.4708406
Enfield,BP3611,0.4383711
Enfield,BP3612,0.4696808
Enfield,BP3615,0.43655375
Enfield,BP3616,0.4637075
Enfield,BP3617,0.44085285
Enfield,BP3618,0.46483305
Enfield,BP4234,0.44539893
Enfield,BP4257,0.40122473
Enfield,BP4303,0.548731
Enfield,BP4304,0.52095026
Enfield,BP4305,0.55058426
Enfield,BP4349,0.5589303
Enfield,BP4350,0.5614907
Enfield,BP4389,0.44832054
Enfield,BP4438,0.4373527
Enfield,BP4465,0.40105933
Enfield,BP4496,0.5262866
Enfield,BP4514,0.42372113
Enfield,BP4521,0.44492486
Enfield,BP4847,0.49567398
Enfield,BP4848,0.54391974
Enfield,BP4890,0.5299805
Enfield,BP4951,0.4558917
Enfield,BP4952,0.46030125
Enfield,BP4953,0.48599848
Enfield,BP4955,0.4693789
Enfield,BP4956,0.50192714
Enfield,BP4957,0.4472681
Enfield,BP4975,0.58149433
Enfield,BP4976,0.6045813
Enfield,BP5100,0.5692129
Enfield,BP5101,0.539731
Enfield,BP5102,0.4842491
Enfield,BP5103,0.41392514
Enfield,BP5104,0.5559188
Enfield,BP5105,0.61276144
Enfield,BP5147,0.40872627
Enfield,BP5148,0.40804628
Enfield,BP5223,0.41333514
Enfield,BP5344,0.57413346
Enfield,BP5587,0.5671564
Enfield,BP5649,0.55171686
Enfield,BP5657,0.4712878
Enfield,BP5686,0.48417452
Enfield,BP5692,0.5025642
Enfield,BP5693,0.5065081
Enfield,BP6012,0.43425858
Enfield,BP6235,0.5143784
Enfield,BP6236,0.44079328
Enfield,BP6237,0.4270568
Enfield,BP6238,0.43149096
Enfield,BP6239,0.425711
Enfield,BP6240,0.43044242
Enfield,BP6241,0.4413077
Enfield,BP6358,0.47712937
Enfield,BP6359,0.4789075
Enfield,BP6414,0.48283392
Enfield,BP6445,0.49457842
Enfield,BP6446,0.48521173
Enfield,BP6447,0.4855141
Enfield,BP6448,0.5076904
Enfield,BP6449,0.5330925
Enfield,BP6450,0.53376985
Enfield,BP6453,0.52621514
Enfield,BP6454,0.5238497
Enfield,BP6455,0.4788415
Enfield,BP6456,0.40865204
Enfield,BP6457,0.4524049
Enfield,BP6458,0.39177436
Enfield,BP6459,0.41263095
Enfield,BP6460,0.40352404
Enfield,BP6461,0.44653526
Enfield,BP6462,0.43055296
Enfield,BP6463,0.45459476
Enfield,BP6466,0.4992264
Enfield,BP6467,0.49050885
Enfield,BP6468,0.48817676
Enfield,BP6469,0.5374867
Enfield,BP6470,0.5280984
Enfield,BP6471,0.48817286
Enfield,BP6472,0.5213981
Enfield,BP6473,0.5214875
Enfield,BP6474,0.53897244
Enfield,BP6475,0.61590195
Enfield,BP6476,0.6202284
Enfield,BP750,0.6075088
Enfield,BP850,0.54072887
Enfield,BP920,0.5797418
Enfield,BP958,0.48660263
Enfield,HC107,0.4733965
Enfield,HC108,0.41689324
Enfield,HC109,0.53965765
Enfield,HC110,0.5185892
Enfield,HC111,0.43981364
Enfield,HC112,0.506497
Enfield,HC113,0.42427933
Enfield,HC114,0.5827106
Enfield,HC115,0.56859004
Enfield,HC116,0.5400706
Enfield,HC117,0.4604451
Enfield,HC118,0.5459377
Enfield,HC131,0.4755739
Enfield,HC15,0.5912521
Enfield,HC16,0.5678399
Enfield,HC17,0.5456099
Enfield,HC172,0.42519933
Enfield,HC182,0.4215929
Enfield,HC183,0.4089608
Enfield,HC184,0.42400387
Enfield,HC185,0.4826859
Enfield,HC186,0.5071938
Enfield,HC187,0.39210838
Enfield,HC188,0.43531477
Enfield,HC189,0.50445485
Enfield,HC19,0.51652545
Enfield,HC195,0.5157762
Enfield,HC196,0.4675778
Enfield,HC197,0.43173423
Enfield,HC20,0.55674046
Enfield,HC21,0.6191814
Enfield,HC22,0.5282639
Enfield,HC364,0.41912535
Enfield,HC366,0.38018715
Enfield,HC367,0.38463634
Enfield,HC368,0.3818922
Enfield,HC369,0.4105541
Enfield,HC370,0.33236858
Enfield,HC371,0.3376035
Enfield,HC372,0.3407362
Enfield,HC373,0.379168
Enfield,HC374,0.36843348
Enfield,HC375,0.3578855
Enfield,HC376,0.39125824
Enfield,HC386,0.4580088
Enfield,HC387,0.42487013
Enfield,HC388,0.4697351
Enfield,HC389,0.45560265
Enfield,HC390,0.4518679
Enfield,HC391,0.46573427
Enfield,HC392,0.46897382
Enfield,HC393,0.4687577
Enfield,HC394,0.47381145
Enfield,HC395,0.45685372
Enfield,HC396,0.45257437
Enfield,HC397,0.43329832
Enfield,HC398,0.4615706
Enfield,HC399,0.46511874
Enfield,HC400,0.44746363
Enfield,HC401,0.44176182
Enfield,HC402,0.43891636
Enfield,HC403,0.41749647
Enfield,HC404,0.43657443
Enfield,HC405,0.5099039
Enfield,HC406,0.45519188
Enfield,HC407,0.506373
Enfield,HC408,0.41050628
Enfield,HC409,0.38059828
Enfield,HC410,0.4991965
Enfield,HC411,0.38372624
Enfield,HC412,0.51008266
Enfield,HC413,0.4131326
Enfield,HC414,0.44512385
Enfield,HC415,0.37525803
Enfield,HC416,0.37484714
Enfield,HC417,0.38269156
Enfield,HC418,0.39548445
Enfield,HC555,0.57658184
Enfield,HC557,0.55119884
Enfield,HC558,0.55807495
Enfield,HC559,0.4787311
Enfield,HC560,0.53087515
Enfield,HC561,0.494813
Enfield,HC562,0.48832467
Enfield,HC563,0.47653383
Enfield,HC564,0.47681412
Enfield,HC565,0.4890776
Enfield,HC566,0.48480186
Enfield,HC567,0.48085698
Enfield,HC568,0.496622
Enfield,HC569,0.493425
Enfield,HC570,0.48194525
Enfield,HC571,0.48354426
Enfield,HC572,0.4656218
Enfield,HC573,0.45705086
Enfield,HC574,0.4601718
Enfield,HC575,0.53086925
Enfield,HC576,0.55418664
Enfield,HC577,0.5745472
Enfield,HC578,0.5190291
Enfield,HC579,0.517784
Enfield,HC580,0.5102627
Enfield,HC581,0.4841476
Enfield,HC582,0.49897227
Enfield,HC583,0.48442122
Enfield,HC584,0.48160216
Enfield,HC585,0.5428604
Enfield,HC586,0.53816015
Enfield,HC587,0.5395876
Enfield,HC91,0.54370576
Enfield,OC431,0.576871
Enfield,OC460,0.5379943
Enfield,OC589,0.57631963
Enfield,OC599,0.47647882
Enfield,OC619,0.46545124
Enfield,OC625,0.5100131
Enfield,OC635,0.36640644
Enfield,OC701,0.47333482
Enfield,OC702,0.46883628
Enfield,OC705,0.4166433
Enfield,OC706,0.42305386
Enfield,OC707,0.4686245
Enfield,OC802,0.40224344
Enfield,OC823,0.47470456
Enfield,OC824,0.47361037
Enfield,OC825,0.47233945
Enfield,OC826,0.45918337
Enfield,OC827,0.4733613
Enfield,OC828,0.4723244
Enfield,OC829,0.42417762
Enfield,OC830,0.423843
Enfield,OC985,0.40996557
Enfield,R0321,0.55489844
Enfield,R0323,0.4866343
Enfield,R0336,0.41684064
Enfield,R0419,0.43935224
Enfield,R0433,0.62302196
Enfield,R0436,0.44378638
Enfield,R0723,0.50373465
Enfield,R0732,0.41920704
Enfield,17772,0.5898545
Enfield,17775,0.5950238
Enfield,19261,0.5532677
Enfield,19262,0.56154567
Enfield,20251,0.44140235
Enfield,27769,0.5963286
Enfield,27851,0.61929303
Enfield,33173,0.4627252
Enfield,33174,0.47301847
Enfield,35836,0.5954806
Enfield,70344,0.50123775
Enfield,70345,0.45672208
Enfield,70346,0.44811654
Enfield,70349,0.48624933
Enfield,70355,0.60264903
Enfield,70361,0.6014165
Enfield,994,0.59424496
Enfield,995,0.61139774
Enfield,BP3613,0.4455522
Enfield,BP3614,0.4582653
Enfield,BP5727,0.5174875
Greenwich,10439,0.61380523
Greenwich,12225,0.42738506
Greenwich,12226,0.42961696
Greenwich,12924,0.57682765
Greenwich,12925,0.56146806
Greenwich,12927,0.5695102
Greenwich,13532,0.5587186
Greenwich,13533,0.538564
Greenwich,13535,0.5075184
Greenwich,13536,0.55309427
Greenwich,13821,0.55901694
Greenwich,13823,0.552597
Greenwich,13826,0.48885158
Greenwich,13827,0.47706977
Greenwich,13828,0.52678156
Greenwich,13848,0.5505249
Greenwich,13851,0.562486
Greenwich,14387,0.48129478
Greenwich,14709,0.5373225
Greenwich,1539,0.41681424
Greenwich,16665,0.41162068
Greenwich,16666,0.55363846
Greenwich,16667,0.5742177
Greenwich,16668,0.47473547
Greenwich,16669,0.4864123
Greenwich,16670,0.52513844
Greenwich,16671,0.44847742
Greenwich,16672,0.52593917
Greenwich,16674,0.5978871
Greenwich,1680,0.5240936
Greenwich,17489,0.49075162
Greenwich,17490,0.49541092
Greenwich,17491,0.5725456
Greenwich,17492,0.5324054
Greenwich,17493,0.49857286
Greenwich,17495,0.46245602
Greenwich,17496,0.45082253
Greenwich,17497,0.43434265
Greenwich,17498,0.4340532
Greenwich,17499,0.44691724
Greenwich,17500,0.43714464
Greenwich,17501,0.53446597
Greenwich,17502,0.5332843
Greenwich,17504,0.47777036
Greenwich,17506,0.47502074
Greenwich,17507,0.5125347
Greenwich,17508,0.50392056
Greenwich,17509,0.53223246
Greenwich,17511,0.50143486
Greenwich,17512,0.45132437
Greenwich,17513,0.44144073
Greenwich,17533,0.40533838
Greenwich,17537,0.46231022
Greenwich,17582,0.40684354
Greenwich,17583,0.40688783
Greenwich,17584,0.41600782
Greenwich,17671,0.46269304
Greenwich,17672,0.46206576
Greenwich,17727,0.53920996
Greenwich,17728,0.5636174
Greenwich,17729,0.50777876
Greenwich,17820,0.57204014
Greenwich,17821,0.58972263
Greenwich,17822,0.5746318
Greenwich,17823,0.5462106
Greenwich,17824,0.5173246
Greenwich,17825,0.42648783
Greenwich,1817,0.52480775
Greenwich,1819,0.40911576
Greenwich,1826,0.47171098
Greenwich,1827,0.42153564
Greenwich,18643,0.5190646
Greenwich,18740,0.43859798
Greenwich,18741,0.4800532
Greenwich,18742,0.47672117
Greenwich,18743,0.45417655
Greenwich,18744,0.4976701
Greenwich,18745,0.43680793
Greenwich,18746,0.4943958
Greenwich,18752,0.52264637
Greenwich,18753,0.5547583
Greenwich,18756,0.58523095
Greenwich,18757,0.5339726
Greenwich,18758,0.43716258
Greenwich,18759,0.43876246
Greenwich,18760,0.38350883
Greenwich,18761,0.39544836
Greenwich,18762,0.4736718
Greenwich,18763,0.46870938
Greenwich,18764,0.5187699
Greenwich,18765,0.50832564
Greenwich,18766,0.46553794
Greenwich,18767,0.5011211
Greenwich,18768,0.5503539
Greenwich,18769,0.48384157
Greenwich,18770,0.4366361
Greenwich,18771,0.3863119
Greenwich,18820,0.5903117
Greenwich,18821,0.5680914
Greenwich,18822,0.6089588
Greenwich,18823,0.6340618
Greenwich,18825,0.5978981
Greenwich,18828,0.6118518
Greenwich,18843,0.38811073
Greenwich,18845,0.5555119
Greenwich,18976,0.36911118
Greenwich,18978,0.4653043
Greenwich,18979,0.4818226
Greenwich,18980,0.5741655
Greenwich,18981,0.5652537
Greenwich,18982,0.5277806
Greenwich,18984,0.51413614
Greenwich,19014,0.44918573
Greenwich,19139,0.5550685
Greenwich,19140,0.50934047
Greenwich,19620,0.5596445
Greenwich,19621,0.5260874
Greenwich,19622,0.5363432
Greenwich,19636,0.4636118
Greenwich,19647,0.50327253
Greenwich,19649,0.47621104
Greenwich,19650,0.47006026
Greenwich,19651,0.48164546
Greenwich,19652,0.47866872
Greenwich,19653,0.50353706
Greenwich,19655,0.5766542
Greenwich,19657,0.47449207
Greenwich,19658,0.45606333
Greenwich,19659,0.54183924
Greenwich,19660,0.5341723
Greenwich,19661,0.5562919
Greenwich,19662,0.46160996
Greenwich,19682,0.5287679
Greenwich,19683,0.53410673
Greenwich,19684,0.49526936
Greenwich,19685,0.49532825
Greenwich,19686,0.42842948
Greenwich,19687,0.44349325
Greenwich,19688,0.47761858
Greenwich,19689,0.48570633
Greenwich,19690,0.5017361
Greenwich,19691,0.45705578
Greenwich,19692,0.567471
Greenwich,19693,0.5248251
Greenwich,19694,0.5258111
Greenwich,19720,0.5017343
Greenwich,19721,0.524709
Greenwich,19722,0.509424
Greenwich,19723,0.41670126
Greenwich,19968,0.40267873
Greenwich,19969,0.4352098
Greenwich,20043,0.45784357
Greenwich,20134,0.5331743
Greenwich,20236,0.55161506
Greenwich,20237,0.5503289
Greenwich,20322,0.5245346
Greenwich,20323,0.5441498
Greenwich,20324,0.4995709
Greenwich,20325,0.4799183
Greenwich,20326,0.4803574
Greenwich,20327,0.4951437
Greenwich,20328,0.51805246
Greenwich,20332,0.48316815
Greenwich,20444,0.4657024
Greenwich,20445,0.46612492
Greenwich,20453,0.5314459
Greenwich,20505,0.51414543
Greenwich,20548,0.5812783
Greenwich,20618,0.502892
Greenwich,20969,0.5836328
Greenwich,2300,0.45100257
Greenwich,25276,0.58161765
Greenwich,25277,0.58157414
Greenwich,25745,0.52951425
Greenwich,25746,0.5896237
Greenwich,25747,0.54579216
Greenwich,25748,0.5753699
Greenwich,25749,0.58965695
Greenwich,25751,0.61001563
Greenwich,25762,0.47932482
Greenwich,25763,0.47273773
Greenwich,25764,0.39150667
Greenwich,25765,0.48205975
Greenwich,25766,0.5014262
Greenwich,25787,0.33129388
Greenwich,25788,0.3059834
Greenwich,25789,0.34476665
Greenwich,25906,0.5360764
Greenwich,25909,0.471502
Greenwich,25910,0.50440407
Greenwich,25912,0.5190124
Greenwich,25913,0.51975393
Greenwich,26007,0.5442418
Greenwich,26009,0.5496427
Greenwich,26010,0.5456228
Greenwich,26011,0.59315205
Greenwich,26012,0.5694714
Greenwich,26013,0.56058705
Greenwich,26601,0.5064241
Greenwich,26602,0.48492932
Greenwich,26603,0.4712764
Greenwich,26604,0.38299054
Greenwich,26605,0.3898462
Greenwich,26606,0.43787584
Greenwich,26607,0.3851965
Greenwich,26608,0.43712148
Greenwich,26609,0.43001124
Greenwich,26610,0.44074807
Greenwich,26613,0.4108773
Greenwich,26614,0.4565946
Greenwich,26615,0.45792204
Greenwich,26616,0.47522366
Greenwich,26617,0.4928379
Greenwich,26618,0.4769687
Greenwich,26619,0.5084942
Greenwich,26621,0.52026093
Greenwich,26625,0.47555816
Greenwich,26639,0.54139215
Greenwich,26642,0.5276496
Greenwich,26644,0.5140914
Greenwich,26645,0.4450205
Greenwich,26646,0.44504184
Greenwich,26647,0.41987672
Greenwich,26650,0.4391495
Greenwich,26651,0.44420367
Greenwich,26652,0.41856027
Greenwich,26653,0.44550616
Greenwich,26654,0.4126132
Greenwich,26655,0.42731535
Greenwich,26656,0.46445143
Greenwich,26657,0.5233032
Greenwich,26658,0.4996374
Greenwich,26659,0.49707818
Greenwich,26660,0.5012779
Greenwich,26661,0.49536312
Greenwich,26662,0.49811742
Greenwich,26665,0.5974093
Greenwich,26666,0.5969326
Greenwich,26667,0.57350886
Greenwich,26668,0.56708336
Greenwich,26669,0.51121014
Greenwich,26670,0.49819893
Greenwich,26671,0.51974726
Greenwich,26672,0.4854215
Greenwich,26673,0.49293336
Greenwich,26675,0.45746654
Greenwich,26676,0.45772076
Greenwich,26677,0.44639152
Greenwich,26678,0.44661564
Greenwich,26687,0.6010519
Greenwich,26692,0.52686304
Greenwich,26693,0.5076219
Greenwich,26703,0.5937186
Greenwich,26707,0.53651285
Greenwich,26709,0.55295557
Greenwich,26712,0.5789005
Greenwich,26882,0.59575963
Greenwich,27655,0.44343513
Greenwich,27656,0.375165
Greenwich,27657,0.35605183
Greenwich,27658,0.33985847
Greenwich,27660,0.33917385
Greenwich,27662,0.34175628
Greenwich,27663,0.3376151
Greenwich,27664,0.4016871
Greenwich,27665,0.41927287
Greenwich,27831,0.39137813
Greenwich,27879,0.53973657
Greenwich,2791,0.47484532
Greenwich,27983,0.46179238
Greenwich,27984,0.46935236
Greenwich,27985,0.46306592
Greenwich,27986,0.46133482
Greenwich,27987,0.49577123
Greenwich,27988,0.5134379
Greenwich,2866,0.3476848
Greenwich,29021,0.526647
Greenwich,29054,0.53904456
Greenwich,29072,0.38090208
Greenwich,29161,0.62659186
Greenwich,29246,0.5051428
Greenwich,29251,0.5266521
Greenwich,29363,0.40379703
Greenwich,29364,0.4567902
Greenwich,29365,0.3732058
Greenwich,29366,0.3761668
Greenwich,29367,0.43661395
Greenwich,29368,0.43330652
Greenwich,29439,0.53673255
Greenwich,29447,0.43687677
Greenwich,29573,0.55395687
Greenwich,29605,0.44948176
Greenwich,29606,0.45173505
Greenwich,29608,0.44380245
Greenwich,29609,0.4856894
Greenwich,29610,0.5335459
Greenwich,29659,0.49942923
Greenwich,3165,0.44130924
Greenwich,3298,0.48108742
Greenwich,33004,0.59676665
Greenwich,33045,0.48578897
Greenwich,33052,0.42469922
Greenwich,33053,0.40694752
Greenwich,33054,0.42516783
Greenwich,33055,0.41183907
Greenwich,33520,0.53124905
Greenwich,3379,0.54097134
Greenwich,3381,0.58497787
Greenwich,33894,0.41671076
Greenwich,33912,0.61726344
Greenwich,34029,0.56120574
Greenwich,34268,0.514357
Greenwich,34284,0.60493577
Greenwich,34401,0.604804
Greenwich,34443,0.5247073
Greenwich,34577,0.47184747
Greenwich,34579,0.5069548
Greenwich,34581,0.43731993
Greenwich,34582,0.43672788
Greenwich,34583,0.45775542
Greenwich,34584,0.45684072
Greenwich,34707,0.44759
Greenwich,34711,0.428161
Greenwich,34813,0.49057305
Greenwich,34918,0.33714598
Greenwich,35188,0.5544432
Greenwich,35305,0.4988405
Greenwich,35306,0.5027406
Greenwich,35357,0.40293843
Greenwich,35406,0.36109623
Greenwich,35453,0.52375925
Greenwich,35483,0.5583443
Greenwich,35487,0.5812549
Greenwich,35502,0.41563556
Greenwich,35503,0.5662559
Greenwich,35505,0.50461346
Greenwich,35589,0.5593097
Greenwich,35591,0.55621624
Greenwich,35597,0.5317957
Greenwich,35706,0.6575949
Greenwich,35708,0.6473788
Greenwich,35918,0.32613868
Greenwich,35920,0.34889603
Greenwich,35921,0.3400194
Greenwich,35922,0.31622633
Greenwich,35926,0.3257515
Greenwich,36508,0.46876806
Greenwich,36510,0.48513365
Greenwich,36522,0.36625904
Greenwich,36529,0.38245565
Greenwich,36534,0.51762915
Greenwich,36541,0.557123
Greenwich,36549,0.46677387
Greenwich,36552,0.54697675
Greenwich,36553,0.46674654
Greenwich,36554,0.51124567
Greenwich,36604,0.47363028
Greenwich,36665,0.5140445
Greenwich,36666,0.53925973
Greenwich,36667,0.36987102
Greenwich,36668,0.36228684
Greenwich,36669,0.38031676
Greenwich,36670,0.37705296
Greenwich,36673,0.37961853
Greenwich,36674,0.39452475
Greenwich,36808,0.5554473
Greenwich,36810,0.5906705
Greenwich,36813,0.33358422
Greenwich,36855,0.5341677
Greenwich,37149,0.57670844
Greenwich,37159,0.5192443
Greenwich,37259,0.59473014
Greenwich,37417,0.3873661
Greenwich,37421,0.5829185
Greenwich,391,0.44347766
Greenwich,40015,0.5373515
Greenwich,40021,0.41072765
Greenwich,40082,0.5785643
Greenwich,40085,0.5871084
Greenwich,44006,0.5341367
Greenwich,44007,0.5626125
Greenwich,44009,0.4860867
Greenwich,44010,0.51088005
Greenwich,44011,0.448022
Greenwich,44012,0.44882897
Greenwich,44013,0.44833252
Greenwich,44014,0.44779354
Greenwich,44015,0.419798
Greenwich,44020,0.45725545
Greenwich,44021,0.47855413
Greenwich,44022,0.48818183
Greenwich,44023,0.50869036
Greenwich,44025,0.5279373
Greenwich,44027,0.4602837
Greenwich,44029,0.43866503
Greenwich,44030,0.43799773
Greenwich,44624,0.51456463
Greenwich,4627,0.5812827
Greenwich,4662,0.47973925
Greenwich,4663,0.5254907
Greenwich,4664,0.49795213
Greenwich,4925,0.46486038
Greenwich,6335,0.4727487
Greenwich,6336,0.4611974
Greenwich,6337,0.4612652
Greenwich,6338,0.46918178
Greenwich,6339,0.4931972
Greenwich,6342,0.46533448
Greenwich,6343,0.46533835
Greenwich,7584,0.46249598
Greenwich,8424,0.49890497
Greenwich,8624,0.53249264
Greenwich,8931,0.5243821
Greenwich,9166,0.48528594
Greenwich,9167,0.47671294
Greenwich,9170,0.44285083
Greenwich,9817,0.55191755
Greenwich,9818,0.54517186
Greenwich,BP1000,0.41902247
Greenwich,BP1001,0.33910158
Greenwich,BP1002,0.34414586
Greenwich,BP1003,0.3200432
Greenwich,BP1004,0.3705201
Greenwich,BP1005,0.375776
Greenwich,BP1006,0.3817751
Greenwich,BP1035,0.37197125
Greenwich,BP1283,0.50400484
Greenwich,BP1300,0.52490956
Greenwich,BP1327,0.41394275
Greenwich,BP1582,0.42695102
Greenwich,BP1812,0.4559829
Greenwich,BP1813,0.42424327
Greenwich,BP2084,0.57195294
Greenwich,BP2141,0.37182125
Greenwich,BP2143,0.3716094
Greenwich,BP2144,0.44155648
Greenwich,BP2145,0.3946419
Greenwich,BP2146,0.45924774
Greenwich,BP2147,0.3729097
Greenwich,BP2148,0.47409636
Greenwich,BP2149,0.4570615
Greenwich,BP2150,0.52906483
Greenwich,BP2151,0.39440694
Greenwich,BP2152,0.52892536
Greenwich,BP2171,0.6770363
Greenwich,BP2267,0.6615436
Greenwich,BP2321,0.5355548
Greenwich,BP2373,0.42955035
Greenwich,BP2456,0.53122365
Greenwich,BP2459,0.5765154
Greenwich,BP2460,0.5187925
Greenwich,BP2462,0.5210199
Greenwich,BP2567,0.4540295
Greenwich,BP2568,0.46738577
Greenwich,BP2569,0.48048428
Greenwich,BP2570,0.4665362
Greenwich,BP2571,0.47400334
Greenwich,BP2572,0.47623506
Greenwich,BP2573,0.45705074
Greenwich,BP2574,0.4331677
Greenwich,BP2575,0.49221414
Greenwich,BP2576,0.40445718
Greenwich,BP2577,0.42696184
Greenwich,BP2578,0.4699936
Greenwich,BP2579,0.4662026
Greenwich,BP2580,0.53357774
Greenwich,BP2581,0.48586905
Greenwich,BP2582,0.48060837
Greenwich,BP2583,0.45759532
Greenwich,BP2584,0.45439875
Greenwich,BP2585,0.46576178
Greenwich,BP2586,0.42488417
Greenwich,BP2587,0.4175991
Greenwich,BP2588,0.42169067
Greenwich,BP2589,0.43798268
Greenwich,BP2590,0.4363615
Greenwich,BP2660,0.5505711
Greenwich,BP2729,0.5526395
Greenwich,BP2821,0.4363811
Greenwich,BP2822,0.43299156
Greenwich,BP2823,0.5372687
Greenwich,BP2824,0.51835304
Greenwich,BP2825,0.57478416
Greenwich,BP2850,0.50428206
Greenwich,BP2851,0.3770134
Greenwich,BP2852,0.32437384
Greenwich,BP2853,0.3865598
Greenwich,BP2854,0.38644508
Greenwich,BP2855,0.5010773
Greenwich,BP2856,0.51345503
Greenwich,BP2857,0.42222384
Greenwich,BP2858,0.5200228
Greenwich,BP288,0.39974594
Greenwich,BP289,0.41494247
Greenwich,BP290,0.46327144
Greenwich,BP291,0.3856717
Greenwich,BP293,0.48681226
Greenwich,BP294,0.46302524
Greenwich,BP295,0.35820162
Greenwich,BP296,0.42012691
Greenwich,BP297,0.4471939
Greenwich,BP298,0.35750893
Greenwich,BP299,0.47062752
Greenwich,BP300,0.37488636
Greenwich,BP301,0.44005808
Greenwich,BP302,0.3820201
Greenwich,BP303,0.42234674
Greenwich,BP304,0.46203676
Greenwich,BP3049,0.46322083
Greenwich,BP306,0.39914605
Greenwich,BP307,0.43514195
Greenwich,BP308,0.44414663
Greenwich,BP309,0.3968336
Greenwich,BP310,0.48893216
Greenwich,BP311,0.45569798
Greenwich,BP3113,0.4177132
Greenwich,BP3114,0.40326226
Greenwich,BP312,0.45858485
Greenwich,BP313,0.38657403
Greenwich,BP315,0.46902004
Greenwich,BP316,0.46077612
Greenwich,BP317,0.38625965
Greenwich,BP318,0.37874186
Greenwich,BP322,0.42907146
Greenwich,BP323,0.435629
Greenwich,BP324,0.3975523
Greenwich,BP325,0.37207764
Greenwich,BP326,0.3959277
Greenwich,BP327,0.3701651
Greenwich,BP328,0.34471118
Greenwich,BP329,0.45830503
Greenwich,BP330,0.55243737
Greenwich,BP331,0.48350105
Greenwich,BP332,0.36227918
Greenwich,BP333,0.4689927
Greenwich,BP334,0.56590176
Greenwich,BP335,0.54115653
Greenwich,BP336,0.4258506
Greenwich,BP337,0.39603055
Greenwich,BP338,0.48000613
Greenwich,BP339,0.398219
Greenwich,BP340,0.3332954
Greenwich,BP341,0.5160899
Greenwich,BP342,0.5450273
Greenwich,BP343,0.5586462
Greenwich,BP344,0.51156896
Greenwich,BP345,0.39799473
Greenwich,BP346,0.42017704
Greenwich,BP347,0.5719853
Greenwich,BP348,0.36720812
Greenwich,BP349,0.4961387
Greenwich,BP350,0.45616198
Greenwich,BP351,0.4685601
Greenwich,BP353,0.39891285
Greenwich,BP354,0.43263495
Greenwich,BP355,0.41196334
Greenwich,BP356,0.41416642
Greenwich,BP357,0.47693005
Greenwich,BP358,0.4163164
Greenwich,BP359,0.39064625
Greenwich,BP360,0.3493763
Greenwich,BP362,0.42320403
Greenwich,BP363,0.46095023
Greenwich,BP364,0.42386866
Greenwich,BP365,0.48194104
Greenwich,BP366,0.44231737
Greenwich,BP367,0.44420514
Greenwich,BP368,0.45280972
Greenwich,BP369,0.44422188
Greenwich,BP370,0.51234275
Greenwich,BP373,0.4372603
Greenwich,BP4173,0.53950673
Greenwich,BP4174,0.5481124
Greenwich,BP4358,0.5269263
Greenwich,BP4359,0.5307806
Greenwich,BP4362,0.54237777
Greenwich,BP4363,0.54344547
Greenwich,BP4554,0.37632126
Greenwich,BP4555,0.34741223
Greenwich,BP4556,0.38245758
Greenwich,BP4557,0.3582442
Greenwich,BP4558,0.4117457
Greenwich,BP4559,0.37540463
Greenwich,BP4896,0.5813315
Greenwich,BP5039,0.42375705
Greenwich,BP5288,0.44121736
Greenwich,BP5289,0.4493455
Greenwich,BP5290,0.4844065
Greenwich,BP5291,0.49970978
Greenwich,BP5479,0.563602
Greenwich,BP5481,0.55915934
Greenwich,BP5540,0.59341776
Greenwich,BP5710,0.38426366
Greenwich,BP5786,0.5517348
Greenwich,BP5788,0.5251365
Greenwich,BP5880,0.52719444
Greenwich,BP5881,0.4886858
Greenwich,BP5882,0.50390834
Greenwich,BP634,0.3800983
Greenwich,BP635,0.38013458
Greenwich,BP636,0.42701417
Greenwich,BP6416,0.46708488
Greenwich,BP655,0.39279673
Greenwich,BP656,0.37141827
Greenwich,BP756,0.5192667
Greenwich,BP786,0.37507
Greenwich,BP787,0.375525
Greenwich,BP788,0.5407253
Greenwich,BP789,0.5439616
Greenwich,BP790,0.42681208
Greenwich,BP791,0.38870022
Greenwich,BP848,0.5449469
Greenwich,BP878,0.41438746
Greenwich,BP953,0.56385666
Greenwich,BP956,0.5844824
Greenwich,BP999,0.4175949
Greenwich,HC736,0.4883493
Greenwich,HC85,0.56054246
Greenwich,R0386,0.58341664
Greenwich,R0524,0.4478213
Greenwich,R0550,0.45907748
Greenwich,R0554,0.58589786
Greenwich,R0559,0.44974232
Greenwich,R0562,0.46049392
Greenwich,R0563,0.505462
Greenwich,R0568,0.5210592
Greenwich,R0573,0.5035184
Greenwich,R0724,0.51648754
Greenwich,R0748,0.31308436
Greenwich,13824,0.45985028
Greenwich,13825,0.47496834
Greenwich,13834,0.553243
Greenwich,14452,0.5063148
Greenwich,18832,0.515781
Greenwich,18834,0.50167507
Greenwich,25908,0.6026525
Greenwich,26699,0.508532
Greenwich,26701,0.5888357
Greenwich,29687,0.513936
Greenwich,29851,0.52148455
Greenwich,34292,0.511139
Greenwich,35482,0.6071154
Greenwich,35563,0.6060096
Greenwich,36822,0.5828343
Greenwich,37316,0.5439655
Greenwich,37977,0.48534867
Greenwich,BP2408,0.54185295
Greenwich,BP2409,0.5720574
Greenwich,BP2672,0.57875717
Greenwich,BP314,0.4598927
Greenwich,BP319,0.44353613
Greenwich,BP320,0.45662448
Greenwich,BP321,0.4470392
Greenwich,BP352,0.45500872
Greenwich,BP4396,0.6100293
Greenwich,BP4397,0.5924608
Greenwich,BP5480,0.61373806
Greenwich,BP6177,0.5256567
Greenwich,R0385,0.55417854
Hackney,1010,0.6911523
Hackney,1011,0.62796897
Hackney,10260,0.6387038
Hackney,10261,0.6243974
Hackney,10458,0.64975744
Hackney,10459,0.6469737
Hackney,1081,0.6772696
Hackney,1082,0.6840955
Hackney,1111,0.70232666
Hackney,1113,0.71075153
Hackney,1114,0.65320104
Hackney,1115,0.65261936
Hackney,1116,0.65166336
Hackney,121,0.66131634
Hackney,122,0.6732532
Hackney,123,0.6745112
Hackney,12415,0.64906657
Hackney,129,0.6654456
Hackney,13453,0.69267154
Hackney,13454,0.7665728
Hackney,13484,0.8139801
Hackney,13506,0.7226435
Hackney,14134,0.6190109
Hackney,14136,0.6210229
Hackney,14138,0.66797376
Hackney,14139,0.66232675
Hackney,14219,0.70761496
Hackney,14225,0.7739012
Hackney,14226,0.73001796
Hackney,14241,0.60892624
Hackney,14242,0.5704022
Hackney,14442,0.6513777
Hackney,14466,0.67321897
Hackney,14467,0.68344045
Hackney,14470,0.6696768
Hackney,14471,0.69768834
Hackney,14473,0.66299826
Hackney,14474,0.65695226
Hackney,14476,0.66204774
Hackney,14687,0.79572713
Hackney,14689,0.8000469
Hackney,1527,0.70046484
Hackney,1528,0.7047116
Hackney,1544,0.6202864
Hackney,1545,0.5980231
Hackney,15890,0.6759652
Hackney,1609,0.686492
Hackney,1613,0.69508356
Hackney,16517,0.6309208
Hackney,16753,0.73651254
Hackney,16754,0.7063941
Hackney,16755,0.7178198
Hackney,16756,0.6836263
Hackney,16757,0.655907
Hackney,16758,0.6718851
Hackney,16759,0.6266534
Hackney,16760,0.6276429
Hackney,16761,0.64769214
Hackney,16762,0.63162607
Hackney,16763,0.6287709
Hackney,16764,0.66194457
Hackney,16765,0.6428547
Hackney,16766,0.6457285
Hackney,16768,0.6402942
Hackney,16769,0.628337
Hackney,1704,0.66805947
Hackney,17296,0.69530827
Hackney,17297,0.69946265
Hackney,17298,0.7003933
Hackney,17299,0.69851345
Hackney,17301,0.6837435
Hackney,17896,0.69634175
Hackney,17897,0.68785214
Hackney,17898,0.72190636
Hackney,17899,0.7219756
Hackney,17900,0.6943739
Hackney,17962,0.743554
Hackney,17963,0.7379159
Hackney,17964,0.72790635
Hackney,17967,0.6905776
Hackney,17973,0.7054062
Hackney,17974,0.70659655
Hackney,17982,0.64313716
Hackney,17985,0.5834077
Hackney,18010,0.7071764
Hackney,18011,0.70350915
Hackney,18012,0.69682163
Hackney,18058,0.78908485
Hackney,18059,0.788447
Hackney,18069,0.6754332
Hackney,18071,0.67609704
Hackney,18073,0.6408161
Hackney,1919,0.6656235
Hackney,192,0.647825
Hackney,1920,0.66473496
Hackney,1921,0.6816373
Hackney,1922,0.65992475
Hackney,1923,0.6658367
Hackney,19259,0.787689
Hackney,194,0.6265645
Hackney,195,0.62476516
Hackney,20413,0.68912566
Hackney,20727,0.63271624
Hackney,2073,0.67273796
Hackney,2074,0.67686105
Hackney,2087,0.6602263
Hackney,2088,0.6682418
Hackney,2091,0.7067242
Hackney,2092,0.6828379
Hackney,2094,0.7181209
Hackney,2095,0.6945828
Hackney,2096,0.6920648
Hackney,20972,0.6298914
Hackney,20997,0.715226
Hackney,2100,0.7179008
Hackney,2103,0.693532
Hackney,2104,0.69478816
Hackney,2105,0.6996317
Hackney,2106,0.75142753
Hackney,2107,0.72171205
Hackney,2108,0.7588282
Hackney,2249,0.65996903
Hackney,2250,0.67761856
Hackney,2253,0.6722181
Hackney,2255,0.621269
Hackney,2256,0.6048498
Hackney,2259,0.58906233
Hackney,2260,0.59523535
Hackney,2261,0.5795806
Hackney,2262,0.6061921
Hackney,2263,0.61682886
Hackney,2265,0.6036784
Hackney,2266,0.598152
Hackney,2268,0.6339344
Hackney,2269,0.65482277
Hackney,2270,0.6549128
Hackney,2271,0.6744669
Hackney,2272,0.70607704
Hackney,2275,0.6952749
Hackney,2276,0.6732283
Hackney,2277,0.6811434
Hackney,2428,0.67852306
Hackney,2429,0.6791719
Hackney,2430,0.64318347
Hackney,2431,0.6594628
Hackney,2435,0.68432707
Hackney,2436,0.6627402
Hackney,2438,0.6623395
Hackney,2439,0.6506074
Hackney,2440,0.66393375
Hackney,2446,0.68006074
Hackney,2452,0.6755168
Hackney,2455,0.7367284
Hackney,2456,0.74130833
Hackney,25132,0.67628473
Hackney,25187,0.66906613
Hackney,25445,0.6977229
Hackney,25446,0.7049433
Hackney,25904,0.63449246
Hackney,26234,0.6600054
Hackney,26360,0.6096225
Hackney,26361,0.6144317
Hackney,2640,0.7142375
Hackney,26436,0.68392295
Hackney,2648,0.68596715
Hackney,2724,0.6675388
Hackney,2725,0.6655983
Hackney,29245,0.6396035
Hackney,29453,0.617702
Hackney,29454,0.57436126
Hackney,29455,0.59759444
Hackney,29456,0.596224
Hackney,29522,0.68833774
Hackney,29596,0.7654687
Hackney,29782,0.68138045
Hackney,305,0.7034327
Hackney,306,0.68193597
Hackney,307,0.6920049
Hackney,308,0.70947033
Hackney,318,0.7146793
Hackney,319,0.71708953
Hackney,320,0.7214594
Hackney,3217,0.56616837
Hackney,3218,0.5735921
Hackney,33263,0.75563097
Hackney,33346,0.7641543
Hackney,33347,0.76722217
Hackney,33395,0.70300376
Hackney,33396,0.6530131
Hackney,33413,0.6673139
Hackney,33436,0.7365239
Hackney,33707,0.69415134
Hackney,34090,0.6977942
Hackney,34394,0.58882195
Hackney,34395,0.60868484
Hackney,34465,0.6327908
Hackney,34466,0.6366033
Hackney,34467,0.5902404
Hackney,34468,0.58508277
Hackney,34469,0.5852759
Hackney,34470,0.59998196
Hackney,34472,0.6073555
Hackney,34790,0.6885522
Hackney,34791,0.69433963
Hackney,34838,0.6204417
Hackney,34888,0.6853847
Hackney,34889,0.6747985
Hackney,35255,0.63560045
Hackney,35256,0.60837054
Hackney,35281,0.6851401
Hackney,35574,0.696825
Hackney,35575,0.68537396
Hackney,35675,0.74398685
Hackney,35758,0.6982796
Hackney,35759,0.6877582
Hackney,35760,0.6731657
Hackney,35761,0.67029846
Hackney,35762,0.6638851
Hackney,35763,0.66834676
Hackney,35764,0.6855226
Hackney,35765,0.68287164
Hackney,35766,0.7001565
Hackney,35767,0.6770702
Hackney,35953,0.7071378
Hackney,35956,0.5960088
Hackney,36761,0.7141178
Hackney,36838,0.7841729
Hackney,36948,0.7793362
Hackney,37361,0.67888904
Hackney,37362,0.6716204
Hackney,37363,0.66994613
Hackney,37364,0.6905045
Hackney,37365,0.67785144
Hackney,37366,0.6924432
Hackney,37367,0.69237036
Hackney,37632,0.7833553
Hackney,377,0.71277994
Hackney,379,0.7085938
Hackney,4670,0.70534354
Hackney,4816,0.7925496
Hackney,4836,0.7153083
Hackney,53,0.62150955
Hackney,54,0.6068912
Hackney,606,0.682152
Hackney,607,0.69637305
Hackney,626,0.6787918
Hackney,64,0.6287126
Hackney,6606,0.68421483
Hackney,740,0.66991526
Hackney,752,0.69207525
Hackney,755,0.7028637
Hackney,779,0.6740434
Hackney,781,0.70560217
Hackney,782,0.66229934
Hackney,783,0.65740645
Hackney,784,0.6806384
Hackney,785,0.6820661
Hackney,789,0.63475496
Hackney,8318,0.693598
Hackney,861,0.7586192
Hackney,862,0.7049673
Hackney,863,0.7019371
Hackney,91241,0.7157419
Hackney,91242,0.7075186
Hackney,913,0.6894128
Hackney,930,0.6370608
Hackney,931,0.6940972
Hackney,933,0.69999444
Hackney,934,0.70065165
Hackney,935,0.66460973
Hackney,951,0.68031436
Hackney,952,0.6741401
Hackney,953,0.64571714
Hackney,BP1201,0.65171295
Hackney,BP1202,0.6322532
Hackney,BP1323,0.746906
Hackney,BP1562,0.66813093
Hackney,BP1818,0.6228102
Hackney,BP1819,0.6395598
Hackney,BP1820,0.62745565
Hackney,BP1822,0.6348235
Hackney,BP1823,0.6813461
Hackney,BP1824,0.66338664
Hackney,BP1825,0.64999974
Hackney,BP199,0.6532921
Hackney,BP2161,0.79678905
Hackney,BP2162,0.6861194
Hackney,BP2477,0.63563806
Hackney,BP2635,0.7057134
Hackney,BP2716,0.74903035
Hackney,BP2717,0.6427791
Hackney,BP2781,0.6313744
Hackney,BP3194,0.6527181
Hackney,BP3203,0.68042874
Hackney,BP3253,0.7170529
Hackney,BP3454,0.7041503
Hackney,BP3473,0.79611045
Hackney,BP3474,0.7814245
Hackney,BP3475,0.76895267
Hackney,BP3476,0.7779354
Hackney,BP3491,0.8221822
Hackney,BP3684,0.6427314
Hackney,BP3685,0.6358844
Hackney,BP3686,0.6774735
Hackney,BP3687,0.6852511
Hackney,BP3688,0.6781639
Hackney,BP3689,0.7206799
Hackney,BP3699,0.6802086
Hackney,BP3700,0.63717014
Hackney,BP3701,0.6368133
Hackney,BP3702,0.6151685
Hackney,BP3703,0.63087326
Hackney,BP3704,0.60839176
Hackney,BP3705,0.60831225
Hackney,BP3706,0.5937591
Hackney,BP3707,0.6078261
Hackney,BP3708,0.63578457
Hackney,BP3709,0.63089925
Hackney,BP3710,0.63568956
Hackney,BP3711,0.70720345
Hackney,BP3712,0.5951783
Hackney,BP3713,0.6328768
Hackney,BP3714,0.6319839
Hackney,BP3715,0.6382211
Hackney,BP3716,0.63861567
Hackney,BP3717,0.7073705
Hackney,BP3801,0.6203294
Hackney,BP3803,0.67946476
Hackney,BP3805,0.6849388
Hackney,BP3806,0.6924257
Hackney,BP3828,0.7269212
Hackney,BP3829,0.6778746
Hackney,BP3830,0.6978396
Hackney,BP3831,0.7283376
Hackney,BP3832,0.72338766
Hackney,BP3834,0.7063764
Hackney,BP3835,0.7059421
Hackney,BP3836,0.7298216
Hackney,BP3838,0.73161525
Hackney,BP3839,0.7080978
Hackney,BP384,0.7340444
Hackney,BP3840,0.7057169
Hackney,BP3843,0.73110574
Hackney,BP3844,0.70408887
Hackney,BP3845,0.6642166
Hackney,BP3846,0.7414534
Hackney,BP3848,0.7447367
Hackney,BP3849,0.75567865
Hackney,BP3850,0.7324681
Hackney,BP3855,0.72300565
Hackney,BP3857,0.7383195
Hackney,BP3901,0.77673495
Hackney,BP3902,0.7776331
Hackney,BP3904,0.7658531
Hackney,BP3905,0.76043034
Hackney,BP3906,0.76140904
Hackney,BP4165,0.6662289
Hackney,BP4166,0.6692346
Hackney,BP4167,0.68178445
Hackney,BP4170,0.6722719
Hackney,BP4241,0.6742374
Hackney,BP4460,0.6474857
Hackney,BP4461,0.63551337
Hackney,BP4547,0.7205551
Hackney,BP4608,0.71371245
Hackney,BP4880,0.67595947
Hackney,BP4921,0.71497226
Hackney,BP4960,0.70165384
Hackney,BP4961,0.6981785
Hackney,BP5094,0.7966529
Hackney,BP5095,0.8001542
Hackney,BP5179,0.7447513
Hackney,BP5180,0.7195299
Hackney,BP5181,0.69861466
Hackney,BP5193,0.7421777
Hackney,BP5221,0.68975884
Hackney,BP5230,0.6876367
Hackney,BP5254,0.6802567
Hackney,BP5484,0.67688787
Hackney,BP5488,0.7306685
Hackney,BP5489,0.7284555
Hackney,BP5525,0.6500506
Hackney,BP5529,0.6875553
Hackney,BP5609,0.66843665
Hackney,BP5611,0.6920652
Hackney,BP5612,0.66540504
Hackney,BP5613,0.6766484
Hackney,BP5614,0.66239285
Hackney,BP5615,0.6695593
Hackney,BP5616,0.67243654
Hackney,BP5617,0.71536845
Hackney,BP5619,0.7001749
Hackney,BP5621,0.70151144
Hackney,BP5622,0.7336238
Hackney,BP5623,0.71083117
Hackney,BP5643,0.67367893
Hackney,BP5762,0.7120147
Hackney,BP5772,0.6615175
Hackney,BP5776,0.6973968
Hackney,BP5777,0.70143634
Hackney,BP5823,0.58691466
Hackney,BP5824,0.59459895
Hackney,BP5825,0.62391126
Hackney,BP5826,0.63305664
Hackney,BP5851,0.6752197
Hackney,BP5852,0.6831577
Hackney,BP5878,0.68651617
Hackney,BP6003,0.65091467
Hackney,BP6074,0.64141726
Hackney,BP6104,0.5517269
Hackney,BP6105,0.5809686
Hackney,BP6381,0.7192101
Hackney,BP6382,0.7041175
Hackney,BP6383,0.67146766
Hackney,BP842,0.69261485
Hackney,BP965,0.6554872
Hackney,BP966,0.6530737
Hackney,FL001,0.70741826
Hackney,FL003,0.7468747
Hackney,FL005,0.67723924
Hackney,FL012,0.6736467
Hackney,HC176,0.692051
Hackney,HC177,0.69030476
Hackney,HC178,0.6912915
Hackney,R0324,0.67518276
Hackney,R0341,0.6960268
Hackney,R0365,0.661125
Hackney,R0427,0.678676
Hackney,R0672,0.68674916
Hackney,R0731,0.69862187
Hackney,17965,0.7370912
Hackney,17966,0.7357401
Hackney,17968,0.72020906
Hackney,2449,0.6423689
Hackney,25130,0.67827016
Hackney,29730,0.69319654
Hackney,6607,0.69539464
Hackney,6650,0.6746399
Hackney,71,0.66406494
Hackney,BP3851,0.7236839
Hackney,BP3853,0.72846526
Hackney,BP3854,0.728163
Hammersmith and Fulham,10243,0.4811062
Hammersmith and Fulham,10244,0.4763923
Hammersmith and Fulham,1104,0.47579455
Hammersmith and Fulham,1106,0.496589
Hammersmith and Fulham,1107,0.48935434
Hammersmith and Fulham,11226,0.510527
Hammersmith and Fulham,11227,0.51327425
Hammersmith and Fulham,11230,0.47915584
Hammersmith and Fulham,11231,0.4753832
Hammersmith and Fulham,11232,0.47314954
Hammersmith and Fulham,11233,0.48195764
Hammersmith and Fulham,11234,0.47066617
Hammersmith and Fulham,11235,0.45276505
Hammersmith and Fulham,11239,0.47049332
Hammersmith and Fulham,11240,0.43756264
Hammersmith and Fulham,11242,0.42848805
Hammersmith and Fulham,11243,0.50594896
Hammersmith and Fulham,11244,0.508436
Hammersmith and Fulham,11245,0.47681153
Hammersmith and Fulham,11246,0.4920627
Hammersmith and Fulham,11247,0.45689756
Hammersmith and Fulham,11248,0.46049434
Hammersmith and Fulham,11249,0.44749478
Hammersmith and Fulham,11251,0.47374162
Hammersmith and Fulham,11252,0.4715277
Hammersmith and Fulham,11253,0.51360774
Hammersmith and Fulham,11254,0.48168632
Hammersmith and Fulham,11255,0.4796072
Hammersmith and Fulham,11256,0.48494563
Hammersmith and Fulham,11258,0.54431355
Hammersmith and Fulham,11259,0.5390527
Hammersmith and Fulham,11262,0.5389911
Hammersmith and Fulham,11263,0.5093698
Hammersmith and Fulham,11264,0.5131819
Hammersmith and Fulham,11265,0.54579407
Hammersmith and Fulham,11266,0.5627228
Hammersmith and Fulham,11267,0.56387216
Hammersmith and Fulham,11268,0.5464151
Hammersmith and Fulham,11269,0.5582103
Hammersmith and Fulham,11271,0.511686
Hammersmith and Fulham,11272,0.53014183
Hammersmith and Fulham,11276,0.53703225
Hammersmith and Fulham,11277,0.53207344
Hammersmith and Fulham,11279,0.56485987
Hammersmith and Fulham,11339,0.5448685
Hammersmith and Fulham,11340,0.54603606
Hammersmith and Fulham,11568,0.4410397
Hammersmith and Fulham,11569,0.46481556
Hammersmith and Fulham,11572,0.46071357
Hammersmith and Fulham,11573,0.48786145
Hammersmith and Fulham,11576,0.46499327
Hammersmith and Fulham,11577,0.46399385
Hammersmith and Fulham,11582,0.52715135
Hammersmith and Fulham,11583,0.5571852
Hammersmith and Fulham,11587,0.50457627
Hammersmith and Fulham,11589,0.4805291
Hammersmith and Fulham,11590,0.5418514
Hammersmith and Fulham,11774,0.4856315
Hammersmith and Fulham,1215,0.49845773
Hammersmith and Fulham,12403,0.56394875
Hammersmith and Fulham,14022,0.539459
Hammersmith and Fulham,1408,0.53282696
Hammersmith and Fulham,14441,0.50175476
Hammersmith and Fulham,1453,0.5147888
Hammersmith and Fulham,1455,0.48527685
Hammersmith and Fulham,1456,0.52661306
Hammersmith and Fulham,1457,0.5356482
Hammersmith and Fulham,1459,0.53647435
Hammersmith and Fulham,1460,0.4988835
Hammersmith and Fulham,1461,0.4647177
Hammersmith and Fulham,1462,0.4639161
Hammersmith and Fulham,14637,0.5152746
Hammersmith and Fulham,14641,0.5377562
Hammersmith and Fulham,1674,0.5303906
Hammersmith and Fulham,1675,0.55314296
Hammersmith and Fulham,1708,0.49738666
Hammersmith and Fulham,174,0.4980955
Hammersmith and Fulham,1784,0.5496082
Hammersmith and Fulham,1914,0.43859902
Hammersmith and Fulham,20072,0.5224877
Hammersmith and Fulham,20389,0.5362424
Hammersmith and Fulham,20412,0.4828764
Hammersmith and Fulham,20655,0.562178
Hammersmith and Fulham,20797,0.48940367
Hammersmith and Fulham,20798,0.4903507
Hammersmith and Fulham,20975,0.42650765
Hammersmith and Fulham,220,0.5623834
Hammersmith and Fulham,2380,0.50964034
Hammersmith and Fulham,24294,0.47473374
Hammersmith and Fulham,24779,0.46748695
Hammersmith and Fulham,24994,0.44895175
Hammersmith and Fulham,2538,0.49170867
Hammersmith and Fulham,2539,0.48180825
Hammersmith and Fulham,25627,0.4750912
Hammersmith and Fulham,25694,0.478942
Hammersmith and Fulham,26503,0.43081415
Hammersmith and Fulham,270,0.47592562
Hammersmith and Fulham,2713,0.48813307
Hammersmith and Fulham,2715,0.55622905
Hammersmith and Fulham,2716,0.5278693
Hammersmith and Fulham,27326,0.5551973
Hammersmith and Fulham,27447,0.5618242
Hammersmith and Fulham,27510,0.54859114
Hammersmith and Fulham,27528,0.5335559
Hammersmith and Fulham,27529,0.5319243
Hammersmith and Fulham,27530,0.5479984
Hammersmith and Fulham,27531,0.546424
Hammersmith and Fulham,27585,0.5779068
Hammersmith and Fulham,27586,0.56963927
Hammersmith and Fulham,27587,0.56915265
Hammersmith and Fulham,27588,0.5646225
Hammersmith and Fulham,27614,0.5382104
Hammersmith and Fulham,27615,0.5392336
Hammersmith and Fulham,29488,0.5333492
Hammersmith and Fulham,29576,0.49568352
Hammersmith and Fulham,29619,0.53746253
Hammersmith and Fulham,29954,0.49826357
Hammersmith and Fulham,29966,0.45055193
Hammersmith and Fulham,29995,0.44838044
Hammersmith and Fulham,3015,0.5317375
Hammersmith and Fulham,3022,0.48316544
Hammersmith and Fulham,3025,0.4824157
Hammersmith and Fulham,3029,0.5145346
Hammersmith and Fulham,3030,0.5236689
Hammersmith and Fulham,3031,0.52862144
Hammersmith and Fulham,3032,0.525567
Hammersmith and Fulham,3054,0.54408294
Hammersmith and Fulham,31090,0.54441077
Hammersmith and Fulham,33000,0.43925577
Hammersmith and Fulham,33001,0.4310767
Hammersmith and Fulham,34309,0.54474723
Hammersmith and Fulham,34350,0.5467032
Hammersmith and Fulham,34566,0.5803464
Hammersmith and Fulham,3480,0.4884934
Hammersmith and Fulham,35052,0.48795915
Hammersmith and Fulham,35157,0.5352257
Hammersmith and Fulham,35803,0.48807582
Hammersmith and Fulham,3614,0.53123873
Hammersmith and Fulham,3649,0.47332945
Hammersmith and Fulham,36551,0.5495477
Hammersmith and Fulham,36736,0.5242553
Hammersmith and Fulham,36737,0.54073197
Hammersmith and Fulham,36741,0.5066554
Hammersmith and Fulham,36765,0.53823835
Hammersmith and Fulham,37426,0.51316446
Hammersmith and Fulham,3827,0.52621377
Hammersmith and Fulham,399,0.44930148
Hammersmith and Fulham,400,0.44419545
Hammersmith and Fulham,401,0.42811358
Hammersmith and Fulham,411,0.5023542
Hammersmith and Fulham,4655,0.4236978
Hammersmith and Fulham,4682,0.4872701
Hammersmith and Fulham,4683,0.53506577
Hammersmith and Fulham,51781,0.44645798
Hammersmith and Fulham,6020,0.49438384
Hammersmith and Fulham,6021,0.5000277
Hammersmith and Fulham,6144,0.51582026
Hammersmith and Fulham,6148,0.50021213
Hammersmith and Fulham,6149,0.4889794
Hammersmith and Fulham,6212,0.5340908
Hammersmith and Fulham,6213,0.5676069
Hammersmith and Fulham,6214,0.56391007
Hammersmith and Fulham,6217,0.54132324
Hammersmith and Fulham,6218,0.5413188
Hammersmith and Fulham,6220,0.52255
Hammersmith and Fulham,6221,0.53210986
Hammersmith and Fulham,6696,0.48591134
Hammersmith and Fulham,679,0.47926813
Hammersmith and Fulham,682,0.50957483
Hammersmith and Fulham,684,0.53430104
Hammersmith and Fulham,685,0.55712396
Hammersmith and Fulham,687,0.48581216
Hammersmith and Fulham,76,0.55289936
Hammersmith and Fulham,832,0.5393902
Hammersmith and Fulham,840,0.5185387
Hammersmith and Fulham,842,0.4703583
Hammersmith and Fulham,843,0.4745479
Hammersmith and Fulham,846,0.53528154
Hammersmith and Fulham,847,0.54267126
Hammersmith and Fulham,848,0.5170289
Hammersmith and Fulham,849,0.51840925
Hammersmith and Fulham,850,0.57481694
Hammersmith and Fulham,8872,0.48735523
Hammersmith and Fulham,8874,0.45502505
Hammersmith and Fulham,8875,0.45806432
Hammersmith and Fulham,8876,0.44289282
Hammersmith and Fulham,8880,0.46000206
Hammersmith and Fulham,8881,0.46750048
Hammersmith and Fulham,8882,0.48782265
Hammersmith and Fulham,8886,0.4524182
Hammersmith and Fulham,8887,0.47132677
Hammersmith and Fulham,8894,0.5056068
Hammersmith and Fulham,8895,0.4985777
Hammersmith and Fulham,8898,0.4676068
Hammersmith and Fulham,8900,0.5036806
Hammersmith and Fulham,8901,0.45100468
Hammersmith and Fulham,8902,0.4549568
Hammersmith and Fulham,8921,0.51208377
Hammersmith and Fulham,8923,0.53122085
Hammersmith and Fulham,8924,0.5316761
Hammersmith and Fulham,8995,0.52368605
Hammersmith and Fulham,9024,0.5492029
Hammersmith and Fulham,9025,0.5409576
Hammersmith and Fulham,9327,0.46139765
Hammersmith and Fulham,9328,0.46116525
Hammersmith and Fulham,BP1227,0.44756553
Hammersmith and Fulham,BP1501,0.4922512
Hammersmith and Fulham,BP170,0.5291181
Hammersmith and Fulham,BP2068,0.5009922
Hammersmith and Fulham,BP2069,0.55132425
Hammersmith and Fulham,BP215,0.5466044
Hammersmith and Fulham,BP216,0.49549356
Hammersmith and Fulham,BP2305,0.4805354
Hammersmith and Fulham,BP2561,0.5450362
Hammersmith and Fulham,BP2562,0.54473597
Hammersmith and Fulham,BP2563,0.5356861
Hammersmith and Fulham,BP2564,0.5300355
Hammersmith and Fulham,BP286,0.44459745
Hammersmith and Fulham,BP2898,0.51212776
Hammersmith and Fulham,BP3195,0.4940554
Hammersmith and Fulham,BP4096,0.5660872
Hammersmith and Fulham,BP4097,0.5669059
Hammersmith and Fulham,BP4098,0.5690441
Hammersmith and Fulham,BP4891,0.53648293
Hammersmith and Fulham,BP5003,0.56342316
Hammersmith and Fulham,BP5004,0.5319045
Hammersmith and Fulham,BP5005,0.4894424
Hammersmith and Fulham,BP5007,0.5242091
Hammersmith and Fulham,BP5008,0.5313541
Hammersmith and Fulham,BP503,0.47694772
Hammersmith and Fulham,BP5167,0.48740345
Hammersmith and Fulham,BP5183,0.5671265
Hammersmith and Fulham,BP5231,0.5515076
Hammersmith and Fulham,BP5232,0.4634815
Hammersmith and Fulham,BP5233,0.4925155
Hammersmith and Fulham,BP5234,0.48145655
Hammersmith and Fulham,BP5236,0.4593948
Hammersmith and Fulham,BP5237,0.48355123
Hammersmith and Fulham,BP5238,0.47410265
Hammersmith and Fulham,BP5239,0.45484933
Hammersmith and Fulham,BP5255,0.4017491
Hammersmith and Fulham,BP5257,0.53549176
Hammersmith and Fulham,BP5262,0.56571466
Hammersmith and Fulham,BP5265,0.49758857
Hammersmith and Fulham,BP5286,0.39739743
Hammersmith and Fulham,BP5638,0.44517222
Hammersmith and Fulham,BP5759,0.43636054
Hammersmith and Fulham,BP6536,0.5028101
Hammersmith and Fulham,C88,0.55369836
Hammersmith and Fulham,C89,0.5364574
Hammersmith and Fulham,C90,0.4825705
Hammersmith and Fulham,C91,0.5602997
Hammersmith and Fulham,HC832,0.485301
Hammersmith and Fulham,HF020,0.46335497
Hammersmith and Fulham,OC781,0.591153
Hammersmith and Fulham,OC782,0.6369824
Hammersmith and Fulham,R0185,0.54538643
Hammersmith and Fulham,R0197,0.5513685
Hammersmith and Fulham,R0199,0.57612
Hammersmith and Fulham,R0200,0.5625228
Hammersmith and Fulham,R0201,0.52390385
Hammersmith and Fulham,R0261,0.49276885
Hammersmith and Fulham,R0449,0.4596685
Hammersmith and Fulham,R0874,0.5324685
Hammersmith and Fulham,R0875,0.4634904
Hammersmith and Fulham,R0876,0.4444869
Hammersmith and Fulham,R0877,0.46260872
Hammersmith and Fulham,R0879,0.4660693
Hammersmith and Fulham,R0880,0.47777805
Hammersmith and Fulham,11567,0.43418983
Hammersmith and Fulham,34124,0.4217188
Hammersmith and Fulham,8903,0.43903276
Hammersmith and Fulham,BP217,0.48271486
Hammersmith and Fulham,BP4095,0.57449424
Hammersmith and Fulham,BP5588,0.5448727
Hammersmith and Fulham,CW20,0.4161938
Haringey,1041,0.46034494
Haringey,1042,0.45107058
Haringey,1043,0.4627166
Haringey,10852,0.4243971
Haringey,10860,0.48665515
Haringey,10864,0.49137232
Haringey,10866,0.46631223
Haringey,10868,0.5471993
Haringey,10942,0.54672956
Haringey,10944,0.4839794
Haringey,10948,0.50779164
Haringey,10951,0.51204586
Haringey,10952,0.46288028
Haringey,10953,0.48221138
Haringey,10954,0.5222915
Haringey,10955,0.49160096
Haringey,10957,0.514441
Haringey,10958,0.53305584
Haringey,10960,0.495154
Haringey,10961,0.504295
Haringey,10962,0.4688478
Haringey,10963,0.46424663
Haringey,10966,0.46919006
Haringey,10967,0.43783742
Haringey,10968,0.4805608
Haringey,10969,0.46633396
Haringey,10973,0.49176905
Haringey,10974,0.54721534
Haringey,10975,0.5338613
Haringey,10978,0.5027446
Haringey,10979,0.50257736
Haringey,1100,0.4008859
Haringey,1101,0.4000589
Haringey,11207,0.45346135
Haringey,11208,0.49529257
Haringey,11210,0.5068637
Haringey,11211,0.46637014
Haringey,11212,0.37364796
Haringey,11213,0.5000658
Haringey,11215,0.5124292
Haringey,11216,0.3742288
Haringey,1142,0.428001
Haringey,1143,0.44536904
Haringey,1144,0.4928202
Haringey,1145,0.5088125
Haringey,1146,0.5125433
Haringey,1147,0.49906632
Haringey,1148,0.46550456
Haringey,11763,0.41569456
Haringey,11776,0.46682334
Haringey,11777,0.4655355
Haringey,11779,0.48532203
Haringey,11780,0.49200693
Haringey,11792,0.4580803
Haringey,12322,0.51115716
Haringey,12324,0.5007473
Haringey,12326,0.5012567
Haringey,12327,0.50571036
Haringey,1234,0.54548913
Haringey,12402,0.42632705
Haringey,1299,0.38920844
Haringey,1300,0.39520213
Haringey,1301,0.39270085
Haringey,1302,0.35059956
Haringey,14356,0.5440935
Haringey,14358,0.5827742
Haringey,14502,0.4056779
Haringey,14675,0.44866526
Haringey,14801,0.438097
Haringey,14802,0.5128036
Haringey,1488,0.47992802
Haringey,15165,0.48320195
Haringey,15166,0.4820146
Haringey,15167,0.52482456
Haringey,15168,0.5184135
Haringey,15599,0.44876847
Haringey,15829,0.5800114
Haringey,15830,0.56621605
Haringey,15831,0.59593785
Haringey,15835,0.46915427
Haringey,15836,0.5204798
Haringey,15837,0.53361034
Haringey,15838,0.51826656
Haringey,15839,0.5234351
Haringey,15840,0.492646
Haringey,15841,0.48068628
Haringey,16017,0.4085301
Haringey,16018,0.41141877
Haringey,16019,0.48048857
Haringey,16020,0.5204506
Haringey,16021,0.45272067
Haringey,16022,0.44819808
Haringey,16023,0.44686583
Haringey,16024,0.46216506
Haringey,16025,0.4325754
Haringey,16026,0.4240904
Haringey,16027,0.4942337
Haringey,16079,0.51214033
Haringey,16080,0.5025118
Haringey,16081,0.594318
Haringey,16083,0.5461707
Haringey,16084,0.5475271
Haringey,16085,0.50418174
Haringey,16088,0.4997611
Haringey,16089,0.51475966
Haringey,16090,0.45351034
Haringey,16091,0.49540034
Haringey,16092,0.43925348
Haringey,16093,0.43742967
Haringey,16094,0.3705314
Haringey,16095,0.319733
Haringey,16096,0.37070575
Haringey,16097,0.32474405
Haringey,16098,0.33294544
Haringey,16262,0.50810176
Haringey,16263,0.50257355
Haringey,1662,0.3962349
Haringey,1663,0.42220482
Haringey,1665,0.41578645
Haringey,16982,0.53207976
Haringey,17261,0.4721279
Haringey,17264,0.5686731
Haringey,18885,0.45359764
Haringey,18886,0.34381768
Haringey,18887,0.39226156
Haringey,18888,0.3855455
Haringey,18891,0.5432218
Haringey,18892,0.6364896
Haringey,18893,0.5164424
Haringey,18895,0.49892193
Haringey,18896,0.46128038
Haringey,18897,0.5132247
Haringey,18898,0.40197992
Haringey,18899,0.41170064
Haringey,18901,0.4178794
Haringey,18902,0.41248935
Haringey,1908,0.50528026
Haringey,1909,0.49689576
Haringey,1910,0.50906533
Haringey,1912,0.47473493
Haringey,1913,0.43569553
Haringey,19603,0.41987917
Haringey,19604,0.45766762
Haringey,19605,0.47897974
Haringey,2009,0.5487771
Haringey,201,0.4696209
Haringey,2012,0.47206706
Haringey,2075,0.32421288
Haringey,2076,0.3348221
Haringey,20776,0.5292634
Haringey,2080,0.40144303
Haringey,2254,0.4374794
Haringey,23341,0.44269475
Haringey,25163,0.4678214
Haringey,25164,0.408457
Haringey,25207,0.43753397
Haringey,25209,0.45489365
Haringey,25210,0.45468667
Haringey,25211,0.39421296
Haringey,25212,0.38940504
Haringey,25213,0.42383158
Haringey,25214,0.43881753
Haringey,25215,0.4125204
Haringey,25216,0.41674572
Haringey,25217,0.4267286
Haringey,25218,0.43686622
Haringey,25219,0.43545005
Haringey,25220,0.44637313
Haringey,25221,0.4336119
Haringey,25222,0.4402831
Haringey,25223,0.43281093
Haringey,25224,0.4439194
Haringey,25225,0.46523187
Haringey,25226,0.44536996
Haringey,25227,0.4439989
Haringey,25228,0.44657463
Haringey,25229,0.4594055
Haringey,25230,0.45950744
Haringey,25362,0.43548536
Haringey,25366,0.45727932
Haringey,25478,0.56788003
Haringey,25597,0.44323722
Haringey,25598,0.43729043
Haringey,26437,0.41265404
Haringey,26439,0.4700126
Haringey,26440,0.47379726
Haringey,26441,0.4585726
Haringey,26442,0.4569059
Haringey,26443,0.47715774
Haringey,26444,0.45980927
Haringey,26445,0.4845097
Haringey,26446,0.48517776
Haringey,26447,0.46341896
Haringey,26448,0.4871526
Haringey,26449,0.48753387
Haringey,26450,0.47143534
Haringey,26451,0.51354176
Haringey,26452,0.37967184
Haringey,26453,0.510633
Haringey,26454,0.42372087
Haringey,26544,0.55749714
Haringey,26545,0.54209304
Haringey,26973,0.41969994
Haringey,2734,0.5187802
Haringey,27462,0.47260615
Haringey,27927,0.51920956
Haringey,2923,0.37967673
Haringey,2927,0.36562833
Haringey,2929,0.37173098
Haringey,29426,0.51209134
Haringey,29427,0.5205138
Haringey,29688,0.40348834
Haringey,29691,0.44314274
Haringey,29720,0.4993794
Haringey,29721,0.55093884
Haringey,29722,0.54314387
Haringey,29723,0.56569093
Haringey,29724,0.54593015
Haringey,29725,0.5667939
Haringey,29775,0.43808153
Haringey,29955,0.48964307
Haringey,30743,0.46197873
Haringey,33037,0.48975673
Haringey,33038,0.43119073
Haringey,33141,0.62121695
Haringey,33692,0.35850462
Haringey,33694,0.42552468
Haringey,33696,0.4230941
Haringey,33760,0.4816932
Haringey,33971,0.43986604
Haringey,34082,0.53551495
Haringey,34287,0.45582324
Haringey,34624,0.4464711
Haringey,34625,0.52859014
Haringey,34626,0.596739
Haringey,34627,0.4963946
Haringey,34628,0.49981588
Haringey,34890,0.4122956
Haringey,3505,0.5122337
Haringey,35608,0.40832025
Haringey,35609,0.40200463
Haringey,35610,0.33236706
Haringey,35612,0.37190548
Haringey,35613,0.39508706
Haringey,35614,0.30582926
Haringey,35615,0.40585995
Haringey,35616,0.32957503
Haringey,35617,0.39415032
Haringey,35618,0.4082035
Haringey,35893,0.4938033
Haringey,35909,0.5426165
Haringey,35934,0.51620376
Haringey,35979,0.36989287
Haringey,3617,0.44114342
Haringey,36850,0.4502827
Haringey,375,0.45727065
Haringey,376,0.44961908
Haringey,4709,0.45619324
Haringey,4710,0.42517766
Haringey,4711,0.45295
Haringey,4833,0.40428483
Haringey,4838,0.48120555
Haringey,4839,0.44546413
Haringey,4840,0.55492556
Haringey,4842,0.30545968
Haringey,635,0.5278354
Haringey,6618,0.37709492
Haringey,670,0.48254263
Haringey,671,0.42989323
Haringey,70101,0.50413793
Haringey,70227,0.5361787
Haringey,70229,0.50272727
Haringey,70340,0.43705252
Haringey,70351,0.46655062
Haringey,70356,0.39217475
Haringey,759,0.56366634
Haringey,760,0.55095345
Haringey,80010,0.4926558
Haringey,802,0.35424662
Haringey,803,0.38021103
Haringey,804,0.5024095
Haringey,805,0.424609
Haringey,9110,0.49553746
Haringey,9431,0.48130882
Haringey,9432,0.4876338
Haringey,9443,0.42112762
Haringey,9444,0.41022342
Haringey,9446,0.5292059
Haringey,958,0.33549342
Haringey,959,0.33792102
Haringey,960,0.5080669
Haringey,961,0.5099608
Haringey,962,0.56526995
Haringey,9647,0.3757994
Haringey,9863,0.50796455
Haringey,9864,0.504993
Haringey,9869,0.4083725
Haringey,9871,0.45094797
Haringey,9872,0.38966647
Haringey,9873,0.48813727
Haringey,9874,0.4682231
Haringey,9877,0.4845888
Haringey,9964,0.35942486
Haringey,9968,0.39829355
Haringey,9970,0.40802187
Haringey,9971,0.41356933
Haringey,9972,0.454231
Haringey,9973,0.46094698
Haringey,9976,0.44088998
Haringey,9977,0.44987148
Haringey,9979,0.42860246
Haringey,9980,0.4293673
Haringey,9981,0.4333538
Haringey,9982,0.47648033
Haringey,9984,0.46067175
Haringey,9985,0.5224138
Haringey,9986,0.3928958
Haringey,9988,0.46176323
Haringey,9989,0.45206693
Haringey,9990,0.4725912
Haringey,9991,0.4905653
Haringey,9992,0.43333104
Haringey,9993,0.442827
Haringey,BP083,0.5139519
Haringey,BP1011,0.45573977
Haringey,BP1062,0.37152934
Haringey,BP1794,0.45286217
Haringey,BP1795,0.45669657
Haringey,BP1985,0.55111647
Haringey,BP2074,0.40751463
Haringey,BP2299,0.49804366
Haringey,BP238,0.3240089
Haringey,BP2597,0.39912516
Haringey,BP2745,0.41652808
Haringey,BP2746,0.44605705
Haringey,BP2747,0.44691753
Haringey,BP2748,0.41043827
Haringey,BP2749,0.44534928
Haringey,BP276,0.4241929
Haringey,BP277,0.4662975
Haringey,BP2778,0.50953215
Haringey,BP2831,0.4040925
Haringey,BP3088,0.42708474
Haringey,BP3116,0.41762385
Haringey,BP3122,0.31333667
Haringey,BP3193,0.33883908
Haringey,BP3230,0.39891797
Haringey,BP3245,0.44170058
Haringey,BP3248,0.45732418
Haringey,BP3250,0.47313395
Haringey,BP3383,0.3669684
Haringey,BP3762,0.47361246
Haringey,BP3763,0.46578655
Haringey,BP3764,0.43489987
Haringey,BP3886,0.50463957
Haringey,BP3888,0.42077658
Haringey,BP4306,0.6040956
Haringey,BP4327,0.50421184
Haringey,BP4342,0.5173161
Haringey,BP4343,0.5181124
Haringey,BP4345,0.46632478
Haringey,BP4347,0.44913843
Haringey,BP4348,0.51713246
Haringey,BP4351,0.48476443
Haringey,BP4352,0.48321652
Haringey,BP4353,0.51397145
Haringey,BP4638,0.46508437
Haringey,BP4669,0.45632848
Haringey,BP5121,0.50041586
Haringey,BP5159,0.40284696
Haringey,BP5432,0.52210224
Haringey,BP5634,0.37200207
Haringey,BP5745,0.4942573
Haringey,BP5758,0.4439753
Haringey,BP5835,0.37146854
Haringey,BP5836,0.39035773
Haringey,BP5936,0.4786497
Haringey,BP5979,0.5035114
Haringey,BP6002,0.50629693
Haringey,BP6061,0.5311161
Haringey,BP6063,0.5155741
Haringey,BP6064,0.5367133
Haringey,BP6065,0.43254054
Haringey,BP6066,0.41698793
Haringey,BP6067,0.41557708
Haringey,BP6223,0.41857472
Haringey,BP6224,0.39455962
Haringey,BP6225,0.4227085
Haringey,BP6226,0.36461616
Haringey,BP6227,0.44624856
Haringey,BP6228,0.41821003
Haringey,BP6229,0.46004814
Haringey,BP6231,0.40805373
Haringey,BP6232,0.4130645
Haringey,BP6233,0.43069124
Haringey,BP6234,0.41708001
Haringey,BP6242,0.39813867
Haringey,BP6361,0.47915593
Haringey,BP6362,0.48202568
Haringey,BP6363,0.47884616
Haringey,BP6364,0.4225611
Haringey,BP6365,0.4206785
Haringey,BP6366,0.44921333
Haringey,BP6367,0.4432691
Haringey,BP6368,0.44584692
Haringey,BP6369,0.43615833
Haringey,BP6370,0.44973642
Haringey,BP6371,0.44384086
Haringey,BP6372,0.47467235
Haringey,BP6373,0.45542222
Haringey,BP6374,0.42419508
Haringey,BP6375,0.42651066
Haringey,BP653,0.58296007
Haringey,BP833,0.4409263
Haringey,BP960,0.46687925
Haringey,HC119,0.48421073
Haringey,HC120,0.37826005
Haringey,HC173,0.41960016
Haringey,HC174,0.44919828
Haringey,HC175,0.33226764
Haringey,HC179,0.30396888
Haringey,HC180,0.2958184
Haringey,HC181,0.45050701
Haringey,HC252,0.49183998
Haringey,HC253,0.51126
Haringey,HC254,0.52423847
Haringey,HC255,0.4605324
Haringey,HC256,0.4466318
Haringey,HC257,0.36501437
Haringey,HC258,0.39123154
Haringey,HC259,0.4047148
Haringey,HC260,0.41595647
Haringey,HC261,0.5051723
Haringey,HC262,0.5272943
Haringey,HC263,0.46795562
Haringey,HC264,0.4618101
Haringey,HC476,0.4525962
Haringey,HC477,0.42134872
Haringey,HC478,0.41121063
Haringey,HC479,0.40232557
Haringey,HC480,0.45176855
Haringey,HC481,0.45909432
Haringey,HC482,0.42789835
Haringey,HC483,0.466978
Haringey,HC484,0.39244267
Haringey,HC485,0.42049313
Haringey,HC486,0.38266823
Haringey,HC487,0.38224003
Haringey,HC488,0.3940182
Haringey,HC489,0.39343593
Haringey,HC490,0.34828782
Haringey,HC491,0.36530206
Haringey,HC492,0.34793556
Haringey,HC493,0.37581983
Haringey,OC639,0.5132814
Haringey,OC661,0.50365514
Haringey,OC687,0.40364605
Haringey,R0307,0.48992035
Haringey,R0722,0.52475864
Haringey,BP3765,0.36594683
Haringey,BP3887,0.35272193
Harrow,11758,0.5203804
Harrow,11759,0.518751
Harrow,12882,0.53384906
Harrow,12883,0.53418964
Harrow,12884,0.5877166
Harrow,12885,0.5495487
Harrow,13420,0.5394379
Harrow,14103,0.57297
Harrow,14104,0.51983696
Harrow,14361,0.50282216
Harrow,14362,0.48616877
Harrow,14586,0.47500858
Harrow,14803,0.46278682
Harrow,14841,0.55655503
Harrow,14919,0.5141317
Harrow,15017,0.4991517
Harrow,15018,0.48523927
Harrow,15019,0.49268267
Harrow,15020,0.4933802
Harrow,15021,0.5005215
Harrow,15023,0.56766105
Harrow,15024,0.56960064
Harrow,15025,0.52042097
Harrow,15026,0.5237769
Harrow,15027,0.5617596
Harrow,15028,0.5547628
Harrow,15029,0.60881215
Harrow,15030,0.57621384
Harrow,15031,0.5573926
Harrow,15032,0.55849665
Harrow,15033,0.524453
Harrow,15034,0.5234675
Harrow,15035,0.50323665
Harrow,15036,0.46373653
Harrow,15037,0.46288452
Harrow,15038,0.4963294
Harrow,15263,0.5176106
Harrow,16035,0.5170936
Harrow,16036,0.5180997
Harrow,16037,0.51185143
Harrow,16040,0.48748055
Harrow,16041,0.535059
Harrow,16043,0.52918214
Harrow,16044,0.5259505
Harrow,16046,0.60161287
Harrow,16047,0.5822136
Harrow,16048,0.5623309
Harrow,16049,0.5562646
Harrow,16050,0.55565333
Harrow,16051,0.5872174
Harrow,16052,0.560233
Harrow,16053,0.568002
Harrow,16054,0.5744362
Harrow,16055,0.54727066
Harrow,16056,0.56435883
Harrow,16057,0.5201145
Harrow,16058,0.531918
Harrow,16059,0.51933473
Harrow,16061,0.58152443
Harrow,16062,0.6360955
Harrow,16063,0.5887529
Harrow,16064,0.63688177
Harrow,16113,0.5213717
Harrow,16114,0.5298597
Harrow,16115,0.52068305
Harrow,16117,0.43942806
Harrow,16119,0.51842314
Harrow,16120,0.5417966
Harrow,16121,0.5525314
Harrow,16122,0.5021831
Harrow,16123,0.5226041
Harrow,16124,0.51755524
Harrow,16126,0.47247943
Harrow,16127,0.4842778
Harrow,16130,0.5534642
Harrow,16131,0.53427005
Harrow,16132,0.5097538
Harrow,16133,0.49556088
Harrow,16134,0.42895162
Harrow,16135,0.43191242
Harrow,16136,0.473714
Harrow,16137,0.46104902
Harrow,16138,0.42854074
Harrow,16139,0.429217
Harrow,16397,0.5463795
Harrow,16398,0.55054486
Harrow,16399,0.54419976
Harrow,16400,0.6072856
Harrow,16401,0.58056056
Harrow,16402,0.5553042
Harrow,16403,0.52746266
Harrow,16404,0.52897406
Harrow,16405,0.52694523
Harrow,16406,0.49638543
Harrow,16407,0.47248936
Harrow,16408,0.4608338
Harrow,16409,0.49754733
Harrow,16410,0.48639593
Harrow,16411,0.4768406
Harrow,16412,0.48469463
Harrow,16413,0.49657142
Harrow,16415,0.48792174
Harrow,16416,0.47732675
Harrow,16417,0.49275425
Harrow,16418,0.5578616
Harrow,16419,0.54174596
Harrow,16420,0.5645869
Harrow,16421,0.5487982
Harrow,16422,0.5449438
Harrow,16423,0.54402083
Harrow,16425,0.50305235
Harrow,16596,0.5486843
Harrow,16597,0.55672574
Harrow,16974,0.50222653
Harrow,16976,0.55018586
Harrow,17081,0.52008784
Harrow,17082,0.5254752
Harrow,17083,0.55398047
Harrow,17084,0.55373967
Harrow,17085,0.57031125
Harrow,17086,0.57005626
Harrow,17087,0.58165133
Harrow,17088,0.5813584
Harrow,17089,0.6281558
Harrow,17090,0.6175081
Harrow,17091,0.60695046
Harrow,17118,0.43476152
Harrow,17175,0.51709574
Harrow,17177,0.53115517
Harrow,17179,0.5858856
Harrow,17181,0.56977326
Harrow,17182,0.5567943
Harrow,17183,0.54915893
Harrow,17184,0.5258665
Harrow,17185,0.4842928
Harrow,17186,0.48835167
Harrow,17187,0.4867694
Harrow,17188,0.49792618
Harrow,17189,0.49859205
Harrow,17190,0.5042039
Harrow,17191,0.508809
Harrow,17193,0.55156016
Harrow,17194,0.52272457
Harrow,17195,0.57421863
Harrow,17196,0.5473336
Harrow,17197,0.5617245
Harrow,17198,0.55138534
Harrow,17474,0.54883957
Harrow,1756,0.47266543
Harrow,17663,0.47274178
Harrow,18453,0.5672508
Harrow,18455,0.54691774
Harrow,18459,0.51206297
Harrow,18460,0.50472236
Harrow,18462,0.54621685
Harrow,18910,0.49927422
Harrow,19221,0.5291135
Harrow,19223,0.5872013
Harrow,19224,0.5597249
Harrow,19225,0.6533872
Harrow,19226,0.6267347
Harrow,19227,0.6248946
Harrow,20041,0.4166852
Harrow,20436,0.49174184
Harrow,20536,0.587126
Harrow,20958,0.5769157
Harrow,24330,0.54037035
Harrow,25193,0.48271936
Harrow,25194,0.54073375
Harrow,2534,0.4690826
Harrow,25453,0.46600664
Harrow,26388,0.53920007
Harrow,26389,0.5003625
Harrow,26390,0.4994496
Harrow,26392,0.45129886
Harrow,26393,0.45062307
Harrow,26394,0.45272127
Harrow,26395,0.5736214
Harrow,26396,0.57442856
Harrow,26397,0.5936337
Harrow,26398,0.59189343
Harrow,26399,0.5866904
Harrow,26412,0.52984506
Harrow,26413,0.54916286
Harrow,26455,0.5742673
Harrow,26456,0.6090859
Harrow,26457,0.60765016
Harrow,26458,0.61583847
Harrow,26459,0.5898734
Harrow,26460,0.5656951
Harrow,26461,0.5473323
Harrow,26462,0.59695137
Harrow,26463,0.5131411
Harrow,26464,0.5224094
Harrow,26471,0.5949375
Harrow,26472,0.46314314
Harrow,26473,0.5673881
Harrow,26524,0.49899957
Harrow,26527,0.48055542
Harrow,26528,0.45992762
Harrow,26529,0.46406913
Harrow,26530,0.5033114
Harrow,26531,0.50250936
Harrow,26532,0.4988732
Harrow,26533,0.49597842
Harrow,26534,0.5122464
Harrow,26535,0.5022655
Harrow,26983,0.4984194
Harrow,26984,0.5010885
Harrow,26988,0.5720477
Harrow,26989,0.6450975
Harrow,27498,0.54950595
Harrow,27499,0.5330464
Harrow,27500,0.5128931
Harrow,27501,0.5057828
Harrow,27502,0.50739056
Harrow,27503,0.4998062
Harrow,27504,0.4997854
Harrow,27505,0.51565176
Harrow,27506,0.51980096
Harrow,27507,0.5054219
Harrow,27508,0.5053109
Harrow,27560,0.5712357
Harrow,27561,0.5788791
Harrow,27645,0.45432955
Harrow,27646,0.43741786
Harrow,27820,0.53016675
Harrow,29073,0.5045767
Harrow,29074,0.523297
Harrow,29075,0.47683948
Harrow,29076,0.46683228
Harrow,29077,0.43711936
Harrow,29078,0.46696964
Harrow,29079,0.4516196
Harrow,29080,0.4611492
Harrow,29083,0.5032764
Harrow,29084,0.49808902
Harrow,29293,0.50418144
Harrow,29326,0.48894924
Harrow,29369,0.59308815
Harrow,29497,0.58099455
Harrow,29498,0.5819422
Harrow,29611,0.53597707
Harrow,29842,0.5284134
Harrow,2987,0.47564423
Harrow,2989,0.47904676
Harrow,29948,0.5583204
Harrow,29949,0.5551493
Harrow,29950,0.5644873
Harrow,29951,0.54457384
Harrow,29952,0.52856266
Harrow,29953,0.54499084
Harrow,30496,0.51593846
Harrow,33024,0.50738245
Harrow,33026,0.5010952
Harrow,33028,0.51873374
Harrow,33534,0.5139133
Harrow,33535,0.5006023
Harrow,33536,0.50088364
Harrow,33537,0.5273175
Harrow,33538,0.52382135
Harrow,33539,0.52790594
Harrow,33542,0.51692355
Harrow,33570,0.531652
Harrow,33571,0.525286
Harrow,34000,0.5864381
Harrow,34001,0.5322054
Harrow,34002,0.51454186
Harrow,34003,0.5221748
Harrow,34004,0.50484705
Harrow,34005,0.5071793
Harrow,34056,0.5558729
Harrow,34057,0.5599392
Harrow,34058,0.55668324
Harrow,34087,0.43178996
Harrow,34328,0.45119196
Harrow,34522,0.5459318
Harrow,34523,0.609464
Harrow,34975,0.4696648
Harrow,3558,0.52680296
Harrow,3559,0.53125685
Harrow,35683,0.49780905
Harrow,35684,0.51352656
Harrow,35688,0.49798232
Harrow,36663,0.50172627
Harrow,37242,0.5840891
Harrow,37243,0.5841957
Harrow,37291,0.5281272
Harrow,37292,0.44414642
Harrow,37309,0.4666425
Harrow,37312,0.4528499
Harrow,37314,0.52050805
Harrow,37920,0.5560998
Harrow,4543,0.5738412
Harrow,4546,0.5206319
Harrow,4547,0.52215314
Harrow,4550,0.50963867
Harrow,4551,0.5112181
Harrow,4691,0.5505093
Harrow,4880,0.5849103
Harrow,6070,0.4588031
Harrow,70117,0.52500045
Harrow,70224,0.542432
Harrow,70225,0.55308074
Harrow,70226,0.55244786
Harrow,7500,0.555833
Harrow,7501,0.5458624
Harrow,7502,0.5567796
Harrow,7503,0.5421822
Harrow,7504,0.4994753
Harrow,9111,0.4706899
Harrow,9112,0.46553928
Harrow,9441,0.46559104
Harrow,9442,0.4653908
Harrow,BP1007,0.554157
Harrow,BP101,0.51100117
Harrow,BP137,0.5385008
Harrow,BP1395,0.5670975
Harrow,BP146,0.46364394
Harrow,BP1495,0.48437637
Harrow,BP1769,0.56589925
Harrow,BP1770,0.5881545
Harrow,BP1771,0.57690567
Harrow,BP1772,0.60955906
Harrow,BP1773,0.5703558
Harrow,BP1774,0.59134954
Harrow,BP1775,0.58765715
Harrow,BP1784,0.61748314
Harrow,BP1945,0.4858613
Harrow,BP1983,0.47296557
Harrow,BP1984,0.47365987
Harrow,BP2378,0.45354688
Harrow,BP2751,0.51079607
Harrow,BP2791,0.5455422
Harrow,BP2863,0.523674
Harrow,BP2864,0.52258086
Harrow,BP2927,0.50739706
Harrow,BP2928,0.51017255
Harrow,BP2929,0.50392246
Harrow,BP2930,0.5045215
Harrow,BP2931,0.5768273
Harrow,BP2932,0.58988494
Harrow,BP2933,0.59019864
Harrow,BP2934,0.5917856
Harrow,BP2935,0.55806285
Harrow,BP2936,0.55236465
Harrow,BP2937,0.5625783
Harrow,BP2938,0.55941075
Harrow,BP2939,0.5732752
Harrow,BP2940,0.5715332
Harrow,BP2941,0.57591236
Harrow,BP3036,0.5489038
Harrow,BP3037,0.5432491
Harrow,BP3073,0.4412102
Harrow,BP3117,0.5492323
Harrow,BP3119,0.5592688
Harrow,BP3443,0.5725078
Harrow,BP3444,0.5461863
Harrow,BP3497,0.56206316
Harrow,BP397,0.53179926
Harrow,BP398,0.52776825
Harrow,BP399,0.51532805
Harrow,BP400,0.5182357
Harrow,BP409,0.55276793
Harrow,BP410,0.5606021
Harrow,BP411,0.5388989
Harrow,BP4190,0.5054571
Harrow,BP4330,0.5048456
Harrow,BP4379,0.43650037
Harrow,BP4507,0.5933297
Harrow,BP452,0.54663527
Harrow,BP453,0.5115242
Harrow,BP454,0.5505187
Harrow,BP455,0.51585925
Harrow,BP5513,0.6283062
Harrow,BP5590,0.5286298
Harrow,BP5592,0.48681346
Harrow,BP5820,0.55059683
Harrow,BP5899,0.55844444
Harrow,BP591,0.5547642
Harrow,BP6390,0.59489655
Harrow,BP6417,0.45745328
Harrow,BP721,0.5134212
Harrow,BP722,0.51258874
Harrow,BP893,0.4926163
Harrow,CW13,0.4353351
Harrow,CW14,0.4347813
Harrow,HC198,0.5654039
Harrow,HC199,0.5237382
Harrow,HC200,0.5068204
Harrow,HC207,0.4996411
Harrow,HC208,0.57636166
Harrow,HC209,0.5671373
Harrow,HC588,0.5739586
Harrow,HC589,0.58142704
Harrow,HC590,0.585735
Harrow,HC591,0.5544825
Harrow,HC592,0.52293795
Harrow,HC593,0.52794677
Harrow,HC594,0.522206
Harrow,HC595,0.52829146
Harrow,HC596,0.52648765
Harrow,HC597,0.5270002
Harrow,HC598,0.5337955
Harrow,HC599,0.5567129
Harrow,HC600,0.53430045
Harrow,HC601,0.53815436
Harrow,HC602,0.53228396
Harrow,M1,0.49001065
Harrow,M18,0.56332594
Harrow,M19,0.5658542
Harrow,M2,0.49395636
Harrow,M3,0.51316184
Harrow,M4,0.5137356
Harrow,M47,0.59017825
Harrow,M6,0.49988702
Harrow,OC468,0.51434565
Harrow,OC469,0.5189913
Harrow,R0189,0.42521098
Harrow,R0327,0.5059249
Harrow,R0370,0.6094184
Harrow,R0491,0.55076194
Harrow,R0545,0.55950105
Harrow,14931,0.50925875
Harrow,16414,0.49036118
Harrow,BP447,0.58442974
Harrow,BP448,0.5042331
Harrow,BP449,0.55073535
Harrow,BP450,0.5833271
Harrow,BP451,0.51481825
Harrow,BP456,0.50547
Harrow,BP5591,0.45696276
Havering,11118,0.44084918
Havering,11119,0.43734446
Havering,1238,0.31910998
Havering,12904,0.43977267
Havering,12905,0.4430356
Havering,14388,0.4175063
Havering,14662,0.41363007
Havering,14663,0.3960141
Havering,14696,0.3656485
Havering,18028,0.47201294
Havering,18029,0.45786965
Havering,18031,0.37767258
Havering,18032,0.3793698
Havering,18033,0.44592485
Havering,18034,0.48406476
Havering,18036,0.58162415
Havering,18037,0.566994
Havering,18038,0.49857345
Havering,18039,0.48846588
Havering,18040,0.38798672
Havering,18041,0.3720297
Havering,18244,0.42249817
Havering,18245,0.4090504
Havering,18246,0.47365794
Havering,18247,0.60551864
Havering,18248,0.5980341
Havering,18249,0.43850043
Havering,18250,0.40681753
Havering,18251,0.34188205
Havering,18252,0.34279686
Havering,18253,0.4917092
Havering,18255,0.44968215
Havering,18256,0.43457642
Havering,18257,0.4183463
Havering,18258,0.42091057
Havering,18259,0.47264376
Havering,18260,0.4507956
Havering,18261,0.45975134
Havering,18263,0.4474097
Havering,18264,0.45315462
Havering,18265,0.44248474
Havering,18266,0.42790607
Havering,18267,0.38692647
Havering,18268,0.3842327
Havering,18269,0.4295246
Havering,18280,0.37283385
Havering,18281,0.37079248
Havering,18282,0.41380236
Havering,18283,0.38481477
Havering,18284,0.4177561
Havering,18285,0.4151149
Havering,18286,0.45534334
Havering,18287,0.44368592
Havering,18289,0.44273743
Havering,18292,0.4104348
Havering,18293,0.3754956
Havering,18294,0.3954861
Havering,18295,0.37728044
Havering,18316,0.34741566
Havering,18317,0.34621042
Havering,18318,0.31619385
Havering,18347,0.30954748
Havering,18348,0.31269604
Havering,18349,0.36063692
Havering,18350,0.35758495
Havering,18353,0.36495414
Havering,18354,0.39131203
Havering,18355,0.33092082
Havering,18356,0.30481952
Havering,18357,0.30647728
Havering,18358,0.3191071
Havering,18359,0.39572012
Havering,18360,0.39564288
Havering,18362,0.408852
Havering,18363,0.40402254
Havering,18364,0.41964316
Havering,18365,0.41323006
Havering,18372,0.41085228
Havering,18374,0.32540575
Havering,18375,0.39979005
Havering,18376,0.30770212
Havering,18377,0.3080789
Havering,18378,0.30227378
Havering,18379,0.30067787
Havering,18380,0.3769052
Havering,18381,0.37497786
Havering,18382,0.39421728
Havering,18383,0.38952246
Havering,18384,0.445481
Havering,18385,0.46526217
Havering,18386,0.49049956
Havering,18387,0.4411839
Havering,18388,0.46500915
Havering,18389,0.48322076
Havering,18397,0.47988728
Havering,18398,0.5201916
Havering,18399,0.43786293
Havering,18400,0.4330097
Havering,18401,0.40292174
Havering,18402,0.4029732
Havering,18403,0.41253135
Havering,18404,0.41437927
Havering,18405,0.3850943
Havering,18406,0.38669592
Havering,18407,0.5921295
Havering,18408,0.59365714
Havering,18409,0.59476167
Havering,18410,0.5894572
Havering,18411,0.45359245
Havering,18412,0.47359562
Havering,18413,0.5102988
Havering,18414,0.4967183
Havering,18415,0.49784207
Havering,18416,0.4603515
Havering,18417,0.3139683
Havering,18418,0.3173992
Havering,18419,0.37235817
Havering,18420,0.37581173
Havering,18421,0.4398985
Havering,18422,0.3523687
Havering,18423,0.3209351
Havering,18424,0.33377498
Havering,18425,0.36901173
Havering,18426,0.35824358
Havering,18427,0.31407684
Havering,18428,0.31127933
Havering,18429,0.43445432
Havering,18430,0.41600114
Havering,18431,0.38093343
Havering,18432,0.41589335
Havering,18441,0.4541096
Havering,18442,0.4456756
Havering,18443,0.45824105
Havering,18444,0.45475692
Havering,18445,0.53001964
Havering,18446,0.5332013
Havering,18447,0.5689122
Havering,18448,0.56932247
Havering,18449,0.47019258
Havering,18450,0.42309687
Havering,18451,0.39408138
Havering,18452,0.39469767
Havering,18468,0.5400299
Havering,18469,0.37697914
Havering,18470,0.37517062
Havering,18477,0.4397291
Havering,18478,0.42518258
Havering,18480,0.43083486
Havering,18481,0.4963671
Havering,18482,0.50965476
Havering,18483,0.5174827
Havering,18484,0.5178464
Havering,18485,0.49776307
Havering,18486,0.468606
Havering,18487,0.4312367
Havering,18488,0.42042926
Havering,18489,0.40973878
Havering,18490,0.396684
Havering,18491,0.44246402
Havering,18492,0.44133994
Havering,18493,0.48028862
Havering,18494,0.49728516
Havering,18495,0.5035407
Havering,18498,0.53886443
Havering,18499,0.47521955
Havering,18500,0.45703197
Havering,18501,0.35372803
Havering,18502,0.3776305
Havering,18503,0.39281845
Havering,19265,0.30240798
Havering,19266,0.30211437
Havering,19267,0.47069353
Havering,19268,0.45518792
Havering,19870,0.3997403
Havering,19871,0.4064197
Havering,19872,0.44658765
Havering,19873,0.45460895
Havering,19874,0.4432164
Havering,19875,0.4508675
Havering,19876,0.452251
Havering,19877,0.45150724
Havering,19878,0.37594953
Havering,19879,0.39517644
Havering,20056,0.26839685
Havering,20058,0.27183494
Havering,20059,0.26448926
Havering,20060,0.28423974
Havering,20061,0.32227755
Havering,20062,0.32226178
Havering,20063,0.361947
Havering,20064,0.36191043
Havering,20065,0.33727184
Havering,20066,0.3788788
Havering,20067,0.39435902
Havering,20068,0.38814208
Havering,20069,0.3858255
Havering,20070,0.3565789
Havering,20071,0.36504173
Havering,20073,0.4021758
Havering,20074,0.40336916
Havering,20076,0.41745776
Havering,20077,0.4538464
Havering,20078,0.34914285
Havering,20079,0.35039055
Havering,20080,0.4020138
Havering,20081,0.42691776
Havering,20082,0.539724
Havering,20084,0.48091036
Havering,20345,0.31619123
Havering,20361,0.46351463
Havering,20362,0.44124976
Havering,20420,0.4081587
Havering,20421,0.40965417
Havering,20422,0.4873317
Havering,20423,0.4689173
Havering,20479,0.5035116
Havering,20511,0.3943557
Havering,20512,0.38466725
Havering,20517,0.3150516
Havering,20545,0.33433002
Havering,20546,0.33076262
Havering,20575,0.40653872
Havering,20647,0.41400185
Havering,20648,0.41129413
Havering,20718,0.4047003
Havering,20806,0.43105412
Havering,20807,0.44575205
Havering,20989,0.40969598
Havering,20990,0.4136532
Havering,2245,0.5601543
Havering,23186,0.41939342
Havering,2491,0.49423748
Havering,2492,0.4118073
Havering,25108,0.39691725
Havering,25109,0.39176998
Havering,25138,0.50965816
Havering,25139,0.5834289
Havering,25140,0.52473605
Havering,25141,0.56551975
Havering,25153,0.4153152
Havering,25154,0.34243202
Havering,25233,0.52435315
Havering,25234,0.58211064
Havering,25235,0.40233967
Havering,25236,0.4175939
Havering,25237,0.38363796
Havering,25238,0.37701595
Havering,25239,0.39596742
Havering,25240,0.3836489
Havering,25241,0.3907955
Havering,25242,0.39503273
Havering,25470,0.5125579
Havering,25471,0.5014113
Havering,25615,0.34442973
Havering,25616,0.34440848
Havering,25617,0.4207756
Havering,25618,0.36330602
Havering,25619,0.45897242
Havering,25620,0.45573908
Havering,25625,0.30388838
Havering,25626,0.30453783
Havering,25707,0.3769054
Havering,25708,0.3761012
Havering,26178,0.47408757
Havering,26179,0.4783533
Havering,26180,0.374253
Havering,26181,0.34720057
Havering,26182,0.42553923
Havering,26183,0.44425902
Havering,26506,0.43810213
Havering,26507,0.4510168
Havering,26508,0.4178815
Havering,26509,0.41633463
Havering,26510,0.40784976
Havering,26511,0.41165882
Havering,26546,0.38115558
Havering,26547,0.36668253
Havering,26548,0.35886124
Havering,26549,0.35987276
Havering,26550,0.303242
Havering,26551,0.33298588
Havering,26554,0.40097776
Havering,26555,0.39927447
Havering,26556,0.4238107
Havering,26557,0.39466286
Havering,26558,0.3813998
Havering,26559,0.3927971
Havering,26560,0.36687732
Havering,2660,0.36193022
Havering,26792,0.467861
Havering,26793,0.4627908
Havering,26794,0.471489
Havering,26795,0.44708234
Havering,26797,0.43734202
Havering,26798,0.42968324
Havering,26799,0.38805303
Havering,26800,0.44012904
Havering,26801,0.4284282
Havering,26802,0.4198693
Havering,26803,0.4194242
Havering,26804,0.42326966
Havering,26805,0.423049
Havering,26806,0.42370692
Havering,26807,0.44336239
Havering,26808,0.41307065
Havering,26809,0.4119368
Havering,26810,0.36523497
Havering,26811,0.38057935
Havering,26813,0.4503725
Havering,27463,0.47795743
Havering,27464,0.47306213
Havering,27465,0.46505013
Havering,27466,0.4692494
Havering,27467,0.28366753
Havering,27468,0.28349528
Havering,27469,0.298219
Havering,27470,0.29347843
Havering,27471,0.29103374
Havering,27472,0.2624076
Havering,27480,0.36256218
Havering,27481,0.49797463
Havering,27680,0.50185513
Havering,27707,0.55925184
Havering,27876,0.39561358
Havering,27877,0.39140543
Havering,27917,0.32080856
Havering,27918,0.42353967
Havering,27919,0.31475118
Havering,27920,0.3610191
Havering,27921,0.32017618
Havering,27922,0.32093275
Havering,27923,0.3238048
Havering,27998,0.41532975
Havering,27999,0.4255165
Havering,29000,0.3970128
Havering,29001,0.3860992
Havering,29002,0.40501586
Havering,29003,0.42243668
Havering,29006,0.408539
Havering,29007,0.4310969
Havering,29105,0.43575174
Havering,29106,0.43695536
Havering,29107,0.43723163
Havering,29108,0.42321706
Havering,29109,0.39592177
Havering,29110,0.3626636
Havering,29111,0.3869948
Havering,29112,0.46762463
Havering,29113,0.4240922
Havering,29114,0.40272573
Havering,29146,0.39875358
Havering,29163,0.4014421
Havering,29165,0.40349436
Havering,29166,0.40011874
Havering,29167,0.40526947
Havering,29168,0.4065371
Havering,29169,0.41865405
Havering,29170,0.41924477
Havering,29184,0.4514407
Havering,29200,0.3714328
Havering,29201,0.37047783
Havering,29202,0.4087038
Havering,29203,0.34405112
Havering,29204,0.3870779
Havering,29205,0.37288013
Havering,29331,0.34290436
Havering,29332,0.33586556
Havering,29333,0.32766664
Havering,29335,0.3651808
Havering,29336,0.37048292
Havering,29337,0.31548467
Havering,29338,0.34066176
Havering,29339,0.38366294
Havering,29340,0.40127522
Havering,29394,0.46238393
Havering,29395,0.46425387
Havering,29408,0.3296012
Havering,29409,0.33908558
Havering,29460,0.31504405
Havering,29523,0.4627217
Havering,29524,0.46947917
Havering,29525,0.440931
Havering,29526,0.45289725
Havering,29527,0.39648882
Havering,29528,0.42644837
Havering,29529,0.31399187
Havering,29906,0.4499613
Havering,29926,0.3730569
Havering,3296,0.47812155
Havering,33110,0.3902061
Havering,33111,0.37127706
Havering,3312,0.38077226
Havering,3318,0.36555
Havering,33381,0.45558023
Havering,33791,0.39167878
Havering,33792,0.39234817
Havering,33793,0.39871234
Havering,33794,0.39190263
Havering,33795,0.29765198
Havering,33796,0.39952803
Havering,33997,0.4117391
Havering,34092,0.50977516
Havering,34094,0.53348047
Havering,34112,0.5584978
Havering,34113,0.5141984
Havering,34115,0.52025414
Havering,34116,0.5276937
Havering,34118,0.53374094
Havering,34119,0.5158599
Havering,34120,0.5665752
Havering,34121,0.527903
Havering,34130,0.3208266
Havering,34131,0.29675278
Havering,34132,0.42336053
Havering,34133,0.4004037
Havering,34134,0.41849816
Havering,34135,0.36675888
Havering,34137,0.2804874
Havering,34138,0.3368874
Havering,34141,0.47093332
Havering,34161,0.41874442
Havering,34162,0.5172555
Havering,34163,0.517276
Havering,34164,0.42225426
Havering,34165,0.52812606
Havering,34546,0.42086026
Havering,34616,0.31337577
Havering,34617,0.31894845
Havering,34620,0.32792693
Havering,34621,0.33618346
Havering,34622,0.30522436
Havering,34753,0.28398418
Havering,34778,0.32749134
Havering,34978,0.4576138
Havering,34979,0.46453685
Havering,34980,0.45220807
Havering,34981,0.5122918
Havering,34982,0.5053326
Havering,35321,0.45037213
Havering,35322,0.44809034
Havering,35323,0.33897722
Havering,35325,0.35707906
Havering,3538,0.42650133
Havering,3539,0.5267815
Havering,35397,0.37590063
Havering,35399,0.36367118
Havering,35400,0.30330974
Havering,35401,0.37809998
Havering,3541,0.44485247
Havering,35411,0.34745157
Havering,35412,0.3960446
Havering,35413,0.38684708
Havering,35414,0.31181976
Havering,35415,0.36240184
Havering,35418,0.3879555
Havering,35419,0.40109825
Havering,3542,0.40329668
Havering,35935,0.4445257
Havering,36324,0.33941793
Havering,36501,0.4855557
Havering,36502,0.48627064
Havering,36503,0.45324412
Havering,36505,0.35674128
Havering,36506,0.3557432
Havering,36543,0.31280577
Havering,36544,0.33961427
Havering,36545,0.3530418
Havering,36546,0.32681823
Havering,36547,0.3537563
Havering,36548,0.3351468
Havering,36615,0.45537817
Havering,36643,0.31579453
Havering,36644,0.5661426
Havering,36733,0.36843914
Havering,36734,0.39781123
Havering,37088,0.4506714
Havering,37089,0.47263753
Havering,37093,0.4163132
Havering,37094,0.3634059
Havering,37095,0.33567777
Havering,37096,0.33029354
Havering,37097,0.2987344
Havering,37098,0.2950953
Havering,37099,0.34032243
Havering,37100,0.40869337
Havering,37101,0.4171909
Havering,37102,0.4825793
Havering,37103,0.42416468
Havering,37151,0.3829662
Havering,37152,0.36167243
Havering,37192,0.29433295
Havering,4346,0.39743587
Havering,4347,0.372274
Havering,4348,0.48650104
Havering,4350,0.36107904
Havering,5861,0.60208094
Havering,5863,0.42239273
Havering,5868,0.39016256
Havering,7360,0.35115913
Havering,7361,0.34980696
Havering,8509,0.50067455
Havering,8510,0.4557115
Havering,8511,0.42519468
Havering,8517,0.42354164
Havering,8522,0.41614988
Havering,8523,0.5880177
Havering,8524,0.42333546
Havering,8525,0.42224964
Havering,8527,0.3702157
Havering,8528,0.389212
Havering,8531,0.37932864
Havering,8996,0.39924648
Havering,8997,0.37224415
Havering,8998,0.37270623
Havering,8999,0.5127457
Havering,9000,0.51759523
Havering,9002,0.49226564
Havering,9003,0.37974212
Havering,9007,0.35925245
Havering,9239,0.39514926
Havering,9240,0.4335969
Havering,9755,0.4232366
Havering,9756,0.43115598
Havering,9757,0.43497753
Havering,9766,0.4106535
Havering,9767,0.39796728
Havering,9768,0.3978695
Havering,9771,0.38200435
Havering,9772,0.46373212
Havering,9773,0.46077013
Havering,BP1204,0.379577
Havering,BP1358,0.45673367
Havering,BP148,0.48989093
Havering,BP1588,0.32733327
Havering,BP1789,0.38472626
Havering,BP1918,0.5575998
Havering,BP2176,0.4317292
Havering,BP2177,0.35129046
Havering,BP2178,0.40792945
Havering,BP2179,0.41052243
Havering,BP2180,0.4274781
Havering,BP2181,0.41080183
Havering,BP2182,0.3504186
Havering,BP2272,0.591861
Havering,BP2379,0.42472854
Havering,BP240,0.477462
Havering,BP2758,0.42924246
Havering,BP2906,0.48605424
Havering,BP2907,0.49564153
Havering,BP2908,0.5106089
Havering,BP2909,0.4921015
Havering,BP2910,0.45370805
Havering,BP2911,0.32534227
Havering,BP2912,0.35227844
Havering,BP2913,0.35849702
Havering,BP2914,0.36188415
Havering,BP2915,0.36382368
Havering,BP2916,0.35764366
Havering,BP2917,0.36017674
Havering,BP2918,0.36301792
Havering,BP2920,0.36235544
Havering,BP2921,0.42811453
Havering,BP2922,0.43181202
Havering,BP2967,0.5511984
Havering,BP2993,0.6071078
Havering,BP2994,0.60882163
Havering,BP3184,0.3626258
Havering,BP3205,0.54259014
Havering,BP3482,0.53965676
Havering,BP3528,0.46390948
Havering,BP3529,0.4012317
Havering,BP3544,0.4442496
Havering,BP3545,0.4676624
Havering,BP3551,0.3894641
Havering,BP394,0.54320955
Havering,BP4042,0.45819587
Havering,BP4043,0.4582217
Havering,BP4067,0.38990793
Havering,BP4068,0.48211664
Havering,BP4069,0.47967505
Havering,BP4070,0.36592326
Havering,BP4227,0.5550296
Havering,BP4250,0.5592095
Havering,BP4251,0.565344
Havering,BP4252,0.35993865
Havering,BP4284,0.38270116
Havering,BP4285,0.37982973
Havering,BP4370,0.38920188
Havering,BP4371,0.55777687
Havering,BP4432,0.4143343
Havering,BP4494,0.45928594
Havering,BP4495,0.46540228
Havering,BP4549,0.26709148
Havering,BP4550,0.2708592
Havering,BP4552,0.3076168
Havering,BP4553,0.3272241
Havering,BP4562,0.4906563
Havering,BP4668,0.47432643
Havering,BP4873,0.5100879
Havering,BP4965,0.392339
Havering,BP5061,0.47650135
Havering,BP5271,0.4053129
Havering,BP5272,0.42640996
Havering,BP5441,0.32160425
Havering,BP5723,0.55401385
Havering,BP5724,0.58845735
Havering,BP5750,0.5543026
Havering,BP5996,0.4212016
Havering,BP6021,0.50778276
Havering,BP6051,0.36438933
Havering,BP6075,0.3563637
Havering,BP6076,0.35379174
Havering,BP6107,0.3567587
Havering,BP616,0.38912532
Havering,BP776,0.48701996
Havering,BP935,0.29582515
Havering,FC05,0.39998898
Havering,FC54,0.44476822
Havering,FC73,0.40829566
Havering,HC121,0.4251165
Havering,HC122,0.34589082
Havering,HC123,0.44765735
Havering,HC124,0.4556034
Havering,HC279,0.3904471
Havering,HC280,0.4005618
Havering,HC281,0.38769573
Havering,HC282,0.39298126
Havering,HC283,0.39452958
Havering,HC284,0.38804358
Havering,HC285,0.38592637
Havering,HC286,0.42969328
Havering,HC287,0.42602104
Havering,HC288,0.49493816
Havering,HC289,0.37786472
Havering,HC290,0.35572374
Havering,HC291,0.35265347
Havering,HC292,0.43789375
Havering,HC293,0.5451702
Havering,HC632,0.40342054
Havering,HC633,0.38778296
Havering,HC754,0.4582516
Havering,HC755,0.5223536
Havering,HC756,0.49878958
Havering,HC757,0.44532523
Havering,HC758,0.48422307
Havering,HC759,0.42931727
Havering,HC760,0.48023343
Havering,HC763,0.49208358
Havering,HC768,0.48430252
Havering,HC769,0.47268215
Havering,HC770,0.5191633
Havering,HC771,0.52156365
Havering,LE135,0.4979173
Havering,LE175,0.40600607
Havering,LE176,0.39719462
Havering,LE177,0.3851375
Havering,LE178,0.38870135
Havering,LE179,0.42555037
Havering,LE180,0.5352294
Havering,LE181,0.55911994
Havering,LE182,0.6042001
Havering,OC419,0.3931621
Havering,OC600,0.39383873
Havering,OC609,0.3732933
Havering,OC610,0.42089364
Havering,OC812,0.4050212
Havering,OC813,0.4216376
Havering,R0074,0.3342832
Havering,R0106,0.32506028
Havering,R0308,0.40265724
Havering,R0337,0.45773575
Havering,R0500,0.4904718
Havering,R0591,0.49480003
Havering,R0656,0.5394917
Havering,R0680,0.50690764
Havering,R0681,0.52375495
Havering,R0760,0.5021724
Havering,R0782,0.41304344
Havering,R0906,0.32855162
Havering,18351,0.38811153
Havering,18352,0.35690352
Havering,26796,0.4589128
Havering,9008,0.3499341
Havering,BP2183,0.46957278
Havering,BP2184,0.45017007
Havering,BP3510,0.42615393
Havering,HC761,0.4986826
Havering,HC762,0.46299192
Havering,HC765,0.47124633
Havering,HC766,0.48547602
Havering,HC767,0.51814425
Hillingdon,10258,0.32364637
Hillingdon,10460,0.35942456
Hillingdon,10462,0.365684
Hillingdon,11093,0.33332545
Hillingdon,11094,0.32305372
Hillingdon,11097,0.22938342
Hillingdon,11098,0.2292146
Hillingdon,11352,0.35756683
Hillingdon,12183,0.48299482
Hillingdon,13550,0.39510742
Hillingdon,13551,0.41407287
Hillingdon,14113,0.5108347
Hillingdon,14725,0.36568573
Hillingdon,14854,0.417765
Hillingdon,14855,0.41763687
Hillingdon,14856,0.39605835
Hillingdon,14857,0.37641606
Hillingdon,14858,0.47176328
Hillingdon,14859,0.44961464
Hillingdon,14860,0.37070692
Hillingdon,14861,0.48775408
Hillingdon,14864,0.4000789
Hillingdon,14865,0.39783043
Hillingdon,15264,0.35776198
Hillingdon,15266,0.373358
Hillingdon,15267,0.38048592
Hillingdon,15268,0.37562042
Hillingdon,15269,0.34364527
Hillingdon,15270,0.27588403
Hillingdon,15271,0.2903588
Hillingdon,15272,0.29876348
Hillingdon,15273,0.30518806
Hillingdon,15274,0.48523474
Hillingdon,15275,0.470897
Hillingdon,15761,0.41143465
Hillingdon,15762,0.38361642
Hillingdon,15763,0.33222649
Hillingdon,15764,0.39888504
Hillingdon,15765,0.40619496
Hillingdon,15766,0.41853264
Hillingdon,15767,0.51489675
Hillingdon,15768,0.51832557
Hillingdon,15769,0.5005876
Hillingdon,15770,0.49607432
Hillingdon,15771,0.49518475
Hillingdon,15772,0.37189057
Hillingdon,15773,0.39140597
Hillingdon,15774,0.3243605
Hillingdon,15781,0.25626335
Hillingdon,15782,0.25641617
Hillingdon,15910,0.25042814
Hillingdon,15911,0.25163338
Hillingdon,15973,0.38520288
Hillingdon,15975,0.3832874
Hillingdon,16152,0.3773703
Hillingdon,16154,0.37732202
Hillingdon,16155,0.39371386
Hillingdon,16156,0.41119063
Hillingdon,16157,0.43581188
Hillingdon,16158,0.4357535
Hillingdon,16165,0.4339107
Hillingdon,16166,0.3640542
Hillingdon,16167,0.35496512
Hillingdon,16168,0.3720476
Hillingdon,16169,0.40204582
Hillingdon,16170,0.40774092
Hillingdon,16172,0.34334266
Hillingdon,16289,0.42656478
Hillingdon,16290,0.47338235
Hillingdon,16291,0.43638778
Hillingdon,16292,0.43671995
Hillingdon,16293,0.44652358
Hillingdon,16294,0.4431077
Hillingdon,16295,0.4011641
Hillingdon,16296,0.41990355
Hillingdon,16297,0.44188598
Hillingdon,16300,0.35217133
Hillingdon,16301,0.35205096
Hillingdon,16306,0.36189908
Hillingdon,16307,0.35422716
Hillingdon,16308,0.36706814
Hillingdon,16309,0.367197
Hillingdon,16316,0.4622535
Hillingdon,16320,0.43606433
Hillingdon,16321,0.43576106
Hillingdon,16322,0.45085275
Hillingdon,16323,0.44001657
Hillingdon,16325,0.483609
Hillingdon,16326,0.44633797
Hillingdon,16327,0.41552126
Hillingdon,16329,0.41538545
Hillingdon,16330,0.40675652
Hillingdon,16355,0.5091879
Hillingdon,16356,0.4687978
Hillingdon,16357,0.4074741
Hillingdon,16358,0.4081632
Hillingdon,16359,0.317975
Hillingdon,16360,0.35484523
Hillingdon,16361,0.26665556
Hillingdon,16362,0.26774767
Hillingdon,16363,0.3417113
Hillingdon,16364,0.3394603
Hillingdon,16365,0.39410535
Hillingdon,16366,0.33063647
Hillingdon,16367,0.32386047
Hillingdon,16368,0.32400036
Hillingdon,16369,0.3272241
Hillingdon,16370,0.32708287
Hillingdon,16371,0.45852607
Hillingdon,16372,0.47735918
Hillingdon,16374,0.50520146
Hillingdon,16375,0.51628935
Hillingdon,16376,0.5086194
Hillingdon,16379,0.47050014
Hillingdon,16380,0.47496954
Hillingdon,16381,0.46806467
Hillingdon,16382,0.47147334
Hillingdon,16383,0.47127604
Hillingdon,16384,0.4237953
Hillingdon,16385,0.43756798
Hillingdon,16386,0.44521615
Hillingdon,16387,0.44473833
Hillingdon,16434,0.35831085
Hillingdon,16443,0.34368172
Hillingdon,16444,0.343581
Hillingdon,16445,0.3357622
Hillingdon,16446,0.34677628
Hillingdon,17144,0.4715871
Hillingdon,17145,0.5476254
Hillingdon,17146,0.5220163
Hillingdon,17147,0.5261052
Hillingdon,17148,0.51374465
Hillingdon,17149,0.42976892
Hillingdon,17150,0.38253507
Hillingdon,17199,0.44763565
Hillingdon,17200,0.4552145
Hillingdon,17202,0.41741952
Hillingdon,17224,0.33463746
Hillingdon,17225,0.3739388
Hillingdon,17226,0.39534634
Hillingdon,17227,0.4064027
Hillingdon,17228,0.4064899
Hillingdon,17229,0.36701977
Hillingdon,17231,0.38908395
Hillingdon,17232,0.35543403
Hillingdon,17233,0.313209
Hillingdon,17633,0.57641405
Hillingdon,17634,0.5528924
Hillingdon,17635,0.5271431
Hillingdon,17638,0.39996928
Hillingdon,17639,0.40001434
Hillingdon,17640,0.48417857
Hillingdon,17641,0.46349224
Hillingdon,17642,0.53672856
Hillingdon,17643,0.5234651
Hillingdon,17645,0.5628353
Hillingdon,17646,0.54867685
Hillingdon,17647,0.5445773
Hillingdon,17648,0.5550156
Hillingdon,17649,0.5072775
Hillingdon,17650,0.5526008
Hillingdon,17651,0.48004907
Hillingdon,17652,0.49978563
Hillingdon,17653,0.45238844
Hillingdon,17654,0.46523574
Hillingdon,17655,0.58251774
Hillingdon,17656,0.581137
Hillingdon,17657,0.5781956
Hillingdon,17658,0.5795847
Hillingdon,17659,0.5025977
Hillingdon,17660,0.50984555
Hillingdon,17662,0.5278051
Hillingdon,17666,0.41224298
Hillingdon,1795,0.44509804
Hillingdon,18207,0.5489294
Hillingdon,18208,0.53721285
Hillingdon,18210,0.5036088
Hillingdon,19179,0.5837696
Hillingdon,19180,0.5738883
Hillingdon,19181,0.63384056
Hillingdon,19182,0.6305386
Hillingdon,19183,0.5269478
Hillingdon,19184,0.5268744
Hillingdon,19214,0.53204936
Hillingdon,19599,0.45711342
Hillingdon,19600,0.44140998
Hillingdon,20107,0.42290738
Hillingdon,20213,0.39699686
Hillingdon,20214,0.43269092
Hillingdon,20215,0.38029155
Hillingdon,20216,0.3935524
Hillingdon,20217,0.39451948
Hillingdon,20218,0.34571537
Hillingdon,20219,0.34646988
Hillingdon,20220,0.33346838
Hillingdon,20221,0.3209737
Hillingdon,20222,0.3926668
Hillingdon,20223,0.3938035
Hillingdon,20224,0.38739178
Hillingdon,20225,0.42043138
Hillingdon,20226,0.44133562
Hillingdon,20228,0.4055433
Hillingdon,20229,0.3860597
Hillingdon,20477,0.53213865
Hillingdon,20478,0.51166993
Hillingdon,20486,0.5399616
Hillingdon,20487,0.53045017
Hillingdon,20525,0.396684
Hillingdon,20527,0.3479194
Hillingdon,20528,0.34720576
Hillingdon,20529,0.33983535
Hillingdon,20530,0.33980638
Hillingdon,20531,0.29971308
Hillingdon,20532,0.3034298
Hillingdon,20533,0.2884546
Hillingdon,20534,0.24633643
Hillingdon,20535,0.30430728
Hillingdon,20787,0.27378815
Hillingdon,20788,0.3242208
Hillingdon,20789,0.32266557
Hillingdon,20790,0.3289058
Hillingdon,20791,0.35952383
Hillingdon,20792,0.36025795
Hillingdon,20793,0.34389272
Hillingdon,20900,0.49386004
Hillingdon,22263,0.32701895
Hillingdon,22265,0.24843569
Hillingdon,22266,0.25697172
Hillingdon,22267,0.31431514
Hillingdon,22268,0.3144394
Hillingdon,22269,0.4060969
Hillingdon,22270,0.3561446
Hillingdon,22293,0.42727622
Hillingdon,22294,0.4389329
Hillingdon,22295,0.41102034
Hillingdon,22301,0.22921658
Hillingdon,22302,0.22906166
Hillingdon,22303,0.2126992
Hillingdon,22304,0.21256381
Hillingdon,22305,0.2938273
Hillingdon,22306,0.28721458
Hillingdon,22311,0.33084348
Hillingdon,23062,0.54608446
Hillingdon,23742,0.3083253
Hillingdon,25131,0.34098148
Hillingdon,25134,0.33180764
Hillingdon,25161,0.46447006
Hillingdon,25162,0.3644143
Hillingdon,25468,0.5546526
Hillingdon,25469,0.5546527
Hillingdon,25980,0.37643713
Hillingdon,27307,0.5356236
Hillingdon,27329,0.45890445
Hillingdon,27331,0.34140757
Hillingdon,27332,0.4182994
Hillingdon,27333,0.4446894
Hillingdon,27334,0.40008757
Hillingdon,27335,0.3447905
Hillingdon,27336,0.48381427
Hillingdon,27337,0.49043843
Hillingdon,27338,0.39391613
Hillingdon,27339,0.3847727
Hillingdon,27340,0.3644182
Hillingdon,27343,0.34089413
Hillingdon,27577,0.46360996
Hillingdon,27578,0.36992165
Hillingdon,27594,0.49198824
Hillingdon,27595,0.48255697
Hillingdon,27734,0.3560658
Hillingdon,27803,0.3734161
Hillingdon,27804,0.37304556
Hillingdon,27805,0.39317188
Hillingdon,27806,0.3488318
Hillingdon,27807,0.29244447
Hillingdon,27808,0.29215544
Hillingdon,27809,0.34188536
Hillingdon,27810,0.343405
Hillingdon,27858,0.48291594
Hillingdon,27860,0.4821264
Hillingdon,27862,0.49025097
Hillingdon,27910,0.5152192
Hillingdon,27911,0.5054579
Hillingdon,28985,0.26014075
Hillingdon,29038,0.3984644
Hillingdon,29039,0.42014754
Hillingdon,29063,0.48565736
Hillingdon,29064,0.49324372
Hillingdon,29066,0.36336845
Hillingdon,29067,0.35639337
Hillingdon,29081,0.35260665
Hillingdon,29082,0.34594953
Hillingdon,29102,0.45894834
Hillingdon,29103,0.4397733
Hillingdon,29172,0.5003451
Hillingdon,29270,0.39853296
Hillingdon,29430,0.40291
Hillingdon,29432,0.39945516
Hillingdon,29433,0.40456587
Hillingdon,29434,0.39242297
Hillingdon,29837,0.39048317
Hillingdon,30312,0.48671433
Hillingdon,30361,0.30957067
Hillingdon,30419,0.31975344
Hillingdon,30420,0.33566523
Hillingdon,3104,0.4163335
Hillingdon,3105,0.36570498
Hillingdon,3108,0.36279875
Hillingdon,3109,0.32968187
Hillingdon,3110,0.330381
Hillingdon,3111,0.34104908
Hillingdon,3112,0.35399553
Hillingdon,3114,0.34017125
Hillingdon,3115,0.31907916
Hillingdon,3116,0.36607593
Hillingdon,3118,0.41404593
Hillingdon,3119,0.4169248
Hillingdon,3122,0.43405205
Hillingdon,3123,0.41214895
Hillingdon,3124,0.39777648
Hillingdon,3125,0.43896028
Hillingdon,3126,0.48742798
Hillingdon,3127,0.46312106
Hillingdon,3130,0.51463443
Hillingdon,3131,0.48637596
Hillingdon,3133,0.48509994
Hillingdon,3134,0.45786035
Hillingdon,3135,0.46721926
Hillingdon,3136,0.44781077
Hillingdon,3138,0.4989324
Hillingdon,3141,0.509644
Hillingdon,3147,0.46019286
Hillingdon,3148,0.47265974
Hillingdon,3151,0.38026655
Hillingdon,3152,0.4044985
Hillingdon,3228,0.44725108
Hillingdon,33002,0.40700182
Hillingdon,33025,0.4090619
Hillingdon,33027,0.37759662
Hillingdon,3316,0.385063
Hillingdon,3327,0.5307522
Hillingdon,3328,0.5310407
Hillingdon,33383,0.33077282
Hillingdon,33384,0.328729
Hillingdon,33638,0.35572237
Hillingdon,33639,0.34779072
Hillingdon,33640,0.3461185
Hillingdon,33641,0.28274074
Hillingdon,33642,0.34557134
Hillingdon,33643,0.3507051
Hillingdon,33845,0.3844255
Hillingdon,3400,0.40585268
Hillingdon,34149,0.5269191
Hillingdon,34151,0.38090765
Hillingdon,34152,0.36536232
Hillingdon,34153,0.41861945
Hillingdon,34154,0.38699532
Hillingdon,3419,0.43957922
Hillingdon,3420,0.4980019
Hillingdon,3421,0.46509507
Hillingdon,34212,0.510073
Hillingdon,3423,0.5074984
Hillingdon,34639,0.4430141
Hillingdon,34773,0.543007
Hillingdon,34774,0.5173818
Hillingdon,34775,0.52556306
Hillingdon,34836,0.49925593
Hillingdon,34891,0.41729793
Hillingdon,34892,0.3998666
Hillingdon,35287,0.43303454
Hillingdon,35288,0.42820832
Hillingdon,35289,0.422386
Hillingdon,3548,0.39232996
Hillingdon,3549,0.35424715
Hillingdon,35727,0.32821116
Hillingdon,35728,0.32307214
Hillingdon,35985,0.24875353
Hillingdon,36861,0.4272122
Hillingdon,36991,0.41376835
Hillingdon,36993,0.40722868
Hillingdon,37027,0.35738373
Hillingdon,37200,0.3726591
Hillingdon,37323,0.43994868
Hillingdon,4570,0.40967542
Hillingdon,4571,0.36023077
Hillingdon,4573,0.3940227
Hillingdon,557,0.54473495
Hillingdon,6816,0.4067501
Hillingdon,6817,0.39466342
Hillingdon,6819,0.37374675
Hillingdon,6846,0.46748364
Hillingdon,6848,0.47089994
Hillingdon,6852,0.5211107
Hillingdon,6853,0.5310371
Hillingdon,8402,0.3604591
Hillingdon,BP073,0.33076823
Hillingdon,BP104,0.40842605
Hillingdon,BP105,0.4105517
Hillingdon,BP1066,0.33502376
Hillingdon,BP1067,0.32371387
Hillingdon,BP1068,0.3568613
Hillingdon,BP1069,0.39033288
Hillingdon,BP1074,0.43293396
Hillingdon,BP1075,0.4390051
Hillingdon,BP108,0.4282417
Hillingdon,BP1081,0.3241843
Hillingdon,BP1109,0.36926687
Hillingdon,BP111,0.4259358
Hillingdon,BP131,0.33044517
Hillingdon,BP1330,0.38018724
Hillingdon,BP1331,0.42114192
Hillingdon,BP1376,0.49340296
Hillingdon,BP1377,0.38271475
Hillingdon,BP1378,0.49092716
Hillingdon,BP1380,0.5177579
Hillingdon,BP1461,0.43820247
Hillingdon,BP1462,0.44624463
Hillingdon,BP1463,0.37443691
Hillingdon,BP1464,0.3745194
Hillingdon,BP1533,0.29309252
Hillingdon,BP1535,0.4064032
Hillingdon,BP158,0.4629082
Hillingdon,BP159,0.41170642
Hillingdon,BP160,0.5015508
Hillingdon,BP1604,0.355931
Hillingdon,BP1605,0.3542133
Hillingdon,BP1606,0.36085123
Hillingdon,BP1607,0.35976747
Hillingdon,BP163,0.38832244
Hillingdon,BP1636,0.31458133
Hillingdon,BP1684,0.40151373
Hillingdon,BP1719,0.37152597
Hillingdon,BP1752,0.3661688
Hillingdon,BP1753,0.37642878
Hillingdon,BP1754,0.4344133
Hillingdon,BP1755,0.4595004
Hillingdon,BP1756,0.39847332
Hillingdon,BP1757,0.3559323
Hillingdon,BP1758,0.33966166
Hillingdon,BP1759,0.37656173
Hillingdon,BP1760,0.3834934
Hillingdon,BP1761,0.34028864
Hillingdon,BP1762,0.36794317
Hillingdon,BP1763,0.41289127
Hillingdon,BP1764,0.4490149
Hillingdon,BP1765,0.42951304
Hillingdon,BP1766,0.35682732
Hillingdon,BP1767,0.36596963
Hillingdon,BP1777,0.38952595
Hillingdon,BP1778,0.3337964
Hillingdon,BP1796,0.36968252
Hillingdon,BP1928,0.44641235
Hillingdon,BP1929,0.52172375
Hillingdon,BP1930,0.5268094
Hillingdon,BP1931,0.45732173
Hillingdon,BP1932,0.42126796
Hillingdon,BP1933,0.44813052
Hillingdon,BP1934,0.4749962
Hillingdon,BP1935,0.47618648
Hillingdon,BP1936,0.49197125
Hillingdon,BP1937,0.42815518
Hillingdon,BP1938,0.4282636
Hillingdon,BP1939,0.4123012
Hillingdon,BP1940,0.45494387
Hillingdon,BP1941,0.5041366
Hillingdon,BP1942,0.41177213
Hillingdon,BP1943,0.42758957
Hillingdon,BP1944,0.4277956
Hillingdon,BP1946,0.48238415
Hillingdon,BP1947,0.47500676
Hillingdon,BP1948,0.46045512
Hillingdon,BP1949,0.52412254
Hillingdon,BP1952,0.43502265
Hillingdon,BP1953,0.5343086
Hillingdon,BP1954,0.5314691
Hillingdon,BP1955,0.49160764
Hillingdon,BP2087,0.44738
Hillingdon,BP2088,0.40634367
Hillingdon,BP2089,0.39076868
Hillingdon,BP2090,0.4233277
Hillingdon,BP2091,0.4085011
Hillingdon,BP2093,0.4054076
Hillingdon,BP2094,0.41567972
Hillingdon,BP2095,0.42236862
Hillingdon,BP2096,0.41428375
Hillingdon,BP2097,0.3943266
Hillingdon,BP2098,0.4026958
Hillingdon,BP2255,0.5552839
Hillingdon,BP2380,0.459012
Hillingdon,BP2412,0.40853593
Hillingdon,BP2451,0.42758858
Hillingdon,BP2467,0.3540661
Hillingdon,BP2476,0.35476243
Hillingdon,BP2485,0.48554555
Hillingdon,BP2486,0.48397377
Hillingdon,BP2487,0.43019655
Hillingdon,BP249,0.4122472
Hillingdon,BP2595,0.33305982
Hillingdon,BP2623,0.38423648
Hillingdon,BP2664,0.40870687
Hillingdon,BP2665,0.3399554
Hillingdon,BP2666,0.3580488
Hillingdon,BP2668,0.32305193
Hillingdon,BP2669,0.3313245
Hillingdon,BP2670,0.38801983
Hillingdon,BP2671,0.42510659
Hillingdon,BP2675,0.48097157
Hillingdon,BP2683,0.40315667
Hillingdon,BP2684,0.40845203
Hillingdon,BP2686,0.42074102
Hillingdon,BP2703,0.27872613
Hillingdon,BP2704,0.37577447
Hillingdon,BP2705,0.37118328
Hillingdon,BP2706,0.3128642
Hillingdon,BP275,0.40911677
Hillingdon,BP2759,0.35168326
Hillingdon,BP3285,0.31454328
Hillingdon,BP3290,0.53933537
Hillingdon,BP3351,0.44235772
Hillingdon,BP3744,0.33687863
Hillingdon,BP3745,0.33632436
Hillingdon,BP3767,0.34785765
Hillingdon,BP3768,0.43579313
Hillingdon,BP3769,0.32254612
Hillingdon,BP3770,0.43900943
Hillingdon,BP390,0.5105734
Hillingdon,BP401,0.45021033
Hillingdon,BP402,0.44373775
Hillingdon,BP403,0.4229047
Hillingdon,BP404,0.42894205
Hillingdon,BP4071,0.3855819
Hillingdon,BP4072,0.3768897
Hillingdon,BP4073,0.25219655
Hillingdon,BP4074,0.23835863
Hillingdon,BP4075,0.38145304
Hillingdon,BP4076,0.37983415
Hillingdon,BP4079,0.43306398
Hillingdon,BP4080,0.40390357
Hillingdon,BP4081,0.42461264
Hillingdon,BP4082,0.4176678
Hillingdon,BP4083,0.37894168
Hillingdon,BP4084,0.4047985
Hillingdon,BP4085,0.3728603
Hillingdon,BP4086,0.3732333
Hillingdon,BP4099,0.42842653
Hillingdon,BP4100,0.43749353
Hillingdon,BP4101,0.41420656
Hillingdon,BP4102,0.35872084
Hillingdon,BP4103,0.25844723
Hillingdon,BP4104,0.25811496
Hillingdon,BP4105,0.28683203
Hillingdon,BP4107,0.2898917
Hillingdon,BP4108,0.25172612
Hillingdon,BP4159,0.50016224
Hillingdon,BP4163,0.41002744
Hillingdon,BP4168,0.39525816
Hillingdon,BP4169,0.39740014
Hillingdon,BP4254,0.38468397
Hillingdon,BP4255,0.3773559
Hillingdon,BP4256,0.37531218
Hillingdon,BP431,0.3481589
Hillingdon,BP434,0.3789984
Hillingdon,BP435,0.37943918
Hillingdon,BP4474,0.30480528
Hillingdon,BP4475,0.31912956
Hillingdon,BP4822,0.36843222
Hillingdon,BP4860,0.30024484
Hillingdon,BP4861,0.32085797
Hillingdon,BP4862,0.30953068
Hillingdon,BP4863,0.40189674
Hillingdon,BP4864,0.40378654
Hillingdon,BP4865,0.3216743
Hillingdon,BP4866,0.32111192
Hillingdon,BP4927,0.34142384
Hillingdon,BP5116,0.31529036
Hillingdon,BP5117,0.3295238
Hillingdon,BP5119,0.3798652
Hillingdon,BP5130,0.38091466
Hillingdon,BP5131,0.3821604
Hillingdon,BP5134,0.38809577
Hillingdon,BP5140,0.3771901
Hillingdon,BP5141,0.37608987
Hillingdon,BP5149,0.4021879
Hillingdon,BP5171,0.49664557
Hillingdon,BP5187,0.36312994
Hillingdon,BP5301,0.49412128
Hillingdon,BP5381,0.37686098
Hillingdon,BP5382,0.3540033
Hillingdon,BP5383,0.3934953
Hillingdon,BP5384,0.47579703
Hillingdon,BP5385,0.41664997
Hillingdon,BP5386,0.45249528
Hillingdon,BP5387,0.45237115
Hillingdon,BP5388,0.31611672
Hillingdon,BP5389,0.48104584
Hillingdon,BP5522,0.34104082
Hillingdon,BP5523,0.35102662
Hillingdon,BP5644,0.40707636
Hillingdon,BP5672,0.2507867
Hillingdon,BP5721,0.34347376
Hillingdon,BP5722,0.34166795
Hillingdon,BP5815,0.45000458
Hillingdon,BP5816,0.37890172
Hillingdon,BP5908,0.3924424
Hillingdon,BP5920,0.30260265
Hillingdon,BP5982,0.46004108
Hillingdon,BP6050,0.36513805
Hillingdon,BP6122,0.4675652
Hillingdon,BP6178,0.32493684
Hillingdon,BP6179,0.35837945
Hillingdon,BP6180,0.39988688
Hillingdon,BP623,0.43311733
Hillingdon,BP642,0.41510165
Hillingdon,BP681,0.45443985
Hillingdon,BP689,0.3667532
Hillingdon,BP741,0.31127167
Hillingdon,BP760,0.4697889
Hillingdon,BP761,0.5028458
Hillingdon,BP862,0.3048173
Hillingdon,BP863,0.30439642
Hillingdon,BP864,0.32658422
Hillingdon,BP879,0.378819
Hillingdon,BP880,0.3827699
Hillingdon,BP881,0.32203007
Hillingdon,BP884,0.33448046
Hillingdon,BP894,0.319754
Hillingdon,BP978,0.42122287
Hillingdon,BP984,0.26464006
Hillingdon,BP994,0.37669152
Hillingdon,C50,0.50037843
Hillingdon,C57,0.47803736
Hillingdon,C58,0.4682464
Hillingdon,C59,0.3598993
Hillingdon,C60,0.3597218
Hillingdon,C61,0.30313882
Hillingdon,C62,0.31184435
Hillingdon,C63,0.33864987
Hillingdon,C64,0.34926116
Hillingdon,C65,0.34699136
Hillingdon,C66,0.36780187
Hillingdon,C67,0.35099214
Hillingdon,C68,0.36756748
Hillingdon,C69,0.3800786
Hillingdon,C77,0.39675415
Hillingdon,CW10,0.4081908
Hillingdon,CW11,0.3654986
Hillingdon,CW12,0.3550309
Hillingdon,CW17,0.44086555
Hillingdon,CW18,0.44439533
Hillingdon,CW19,0.5093332
Hillingdon,CW29,0.35404134
Hillingdon,CW33,0.40671995
Hillingdon,CW46,0.47774446
Hillingdon,CW47,0.5299644
Hillingdon,CW48,0.5362636
Hillingdon,CW49,0.47731245
Hillingdon,CW5,0.4403887
Hillingdon,CW6,0.45011598
Hillingdon,CW7,0.50124824
Hillingdon,CW8,0.38863903
Hillingdon,CW9,0.48419562
Hillingdon,OC634,0.38925725
Hillingdon,OC649,0.31767884
Hillingdon,OC650,0.36720517
Hillingdon,OC677,0.31708008
Hillingdon,OC901,0.3324354
Hillingdon,R0150,0.4094624
Hillingdon,R0192,0.4021338
Hillingdon,R0205,0.37820926
Hillingdon,R0206,0.3853295
Hillingdon,R0208,0.35854098
Hillingdon,R0213,0.346882
Hillingdon,R0227,0.37521306
Hillingdon,R0234,0.5061841
Hillingdon,R0238,0.42531675
Hillingdon,R0451,0.4211009
Hillingdon,R0460,0.37538654
Hillingdon,R0490,0.40895605
Hillingdon,R0896,0.32212633
Hillingdon,R0900,0.2174251
Hillingdon,12181,0.55278826
Hillingdon,12182,0.5514178
Hillingdon,12184,0.5086706
Hillingdon,15979,0.4882846
Hillingdon,16163,0.49722043
Hillingdon,16312,0.3705398
Hillingdon,16313,0.3955795
Hillingdon,16314,0.42628995
Hillingdon,16315,0.43459666
Hillingdon,16389,0.6085168
Hillingdon,16447,0.41101122
Hillingdon,16448,0.45169458
Hillingdon,16449,0.49473524
Hillingdon,17636,0.5640713
Hillingdon,17637,0.57459944
Hillingdon,17644,0.5899252
Hillingdon,26370,0.46394572
Hillingdon,26375,0.46740198
Hillingdon,27341,0.34373888
Hillingdon,27344,0.40623003
Hillingdon,29994,0.48758668
Hillingdon,37092,0.4899999
Hillingdon,BP6123,0.46608448
Hillingdon,BP888,0.54403776
Hillingdon,BP889,0.55025804
Hillingdon,BP957,0.4898764
Hillingdon,R0459,0.59261316
Hounslow,10001,0.3877441
Hounslow,1037,0.6150473
Hounslow,1038,0.6066911
Hounslow,1039,0.63865346
Hounslow,1040,0.5532114
Hounslow,1049,0.5782074
Hounslow,11333,0.6230433
Hounslow,11334,0.6920199
Hounslow,11337,0.6263242
Hounslow,11338,0.6231119
Hounslow,11760,0.59019184
Hounslow,11761,0.6054597
Hounslow,133,0.5897378
Hounslow,134,0.5885054
Hounslow,13553,0.25526476
Hounslow,13554,0.27749437
Hounslow,1361,0.5545758
Hounslow,1363,0.29630083
Hounslow,1366,0.42486283
Hounslow,1368,0.49989334
Hounslow,14815,0.54486805
Hounslow,14819,0.4410171
Hounslow,14842,0.49397102
Hounslow,14843,0.50424844
Hounslow,14929,0.48383224
Hounslow,15223,0.4260129
Hounslow,15227,0.46587673
Hounslow,15228,0.44166034
Hounslow,15360,0.37868208
Hounslow,15362,0.39935338
Hounslow,15363,0.5830326
Hounslow,15377,0.5530533
Hounslow,15378,0.5084393
Hounslow,15379,0.5697679
Hounslow,15380,0.47983044
Hounslow,15381,0.55857575
Hounslow,15382,0.35391027
Hounslow,15383,0.3536718
Hounslow,15384,0.381721
Hounslow,15385,0.35944188
Hounslow,15386,0.33253235
Hounslow,15387,0.33648023
Hounslow,15388,0.32935935
Hounslow,15389,0.34325868
Hounslow,15390,0.33501232
Hounslow,15576,0.45813486
Hounslow,15577,0.46013984
Hounslow,15578,0.50710166
Hounslow,15579,0.44600996
Hounslow,15580,0.5564774
Hounslow,15581,0.52585447
Hounslow,15645,0.51037055
Hounslow,15646,0.53626025
Hounslow,15647,0.5059338
Hounslow,15648,0.50914323
Hounslow,15649,0.5295161
Hounslow,15650,0.5384559
Hounslow,15656,0.47358492
Hounslow,15657,0.54752094
Hounslow,15660,0.28669658
Hounslow,15661,0.47723323
Hounslow,15662,0.46575546
Hounslow,15663,0.4632143
Hounslow,15664,0.4629075
Hounslow,15665,0.44578007
Hounslow,15666,0.44542387
Hounslow,15667,0.47780696
Hounslow,15668,0.53857565
Hounslow,15669,0.44016272
Hounslow,15670,0.47115132
Hounslow,15671,0.44081753
Hounslow,15672,0.40429583
Hounslow,15700,0.40731412
Hounslow,15702,0.42875847
Hounslow,15703,0.4297883
Hounslow,15707,0.5457611
Hounslow,15826,0.4447561
Hounslow,15827,0.44536096
Hounslow,15971,0.40036234
Hounslow,15972,0.4070802
Hounslow,16193,0.41736707
Hounslow,16194,0.42108163
Hounslow,16195,0.42841864
Hounslow,16196,0.5139628
Hounslow,16197,0.43947858
Hounslow,16198,0.50118047
Hounslow,16199,0.47603852
Hounslow,16201,0.44037378
Hounslow,16202,0.47288686
Hounslow,16203,0.4043405
Hounslow,16204,0.39779022
Hounslow,16205,0.46329036
Hounslow,16206,0.39049086
Hounslow,16207,0.441029
Hounslow,16208,0.4450037
Hounslow,16211,0.43513322
Hounslow,16212,0.42608812
Hounslow,16213,0.58003384
Hounslow,16215,0.52591276
Hounslow,16216,0.5426792
Hounslow,16222,0.36237338
Hounslow,16223,0.32570326
Hounslow,16224,0.3777785
Hounslow,16225,0.37300548
Hounslow,16226,0.3437642
Hounslow,16227,0.3644869
Hounslow,16228,0.34333315
Hounslow,16229,0.3235439
Hounslow,16230,0.32413098
Hounslow,16231,0.3334344
Hounslow,16232,0.37601456
Hounslow,16233,0.39701554
Hounslow,16234,0.33274302
Hounslow,16249,0.34320077
Hounslow,16250,0.2794967
Hounslow,16251,0.40401053
Hounslow,16252,0.33462724
Hounslow,16253,0.34365597
Hounslow,16254,0.42346287
Hounslow,16255,0.35627842
Hounslow,16256,0.5156238
Hounslow,16259,0.5467242
Hounslow,16274,0.3925356
Hounslow,16275,0.37956136
Hounslow,16276,0.43872398
Hounslow,16277,0.44029233
Hounslow,16278,0.5776441
Hounslow,16279,0.47096562
Hounslow,16280,0.51315427
Hounslow,16281,0.42177215
Hounslow,16286,0.44318593
Hounslow,16331,0.3913544
Hounslow,16332,0.3988602
Hounslow,16333,0.41409987
Hounslow,16334,0.37798762
Hounslow,16337,0.49845028
Hounslow,16388,0.49733046
Hounslow,1678,0.2505226
Hounslow,1679,0.29056072
Hounslow,16802,0.3394876
Hounslow,16803,0.32618687
Hounslow,16804,0.3583362
Hounslow,16805,0.3552092
Hounslow,16806,0.4099393
Hounslow,16807,0.3177818
Hounslow,16808,0.33097306
Hounslow,16809,0.35085008
Hounslow,16810,0.3461586
Hounslow,16811,0.25344303
Hounslow,16812,0.254427
Hounslow,16813,0.26449296
Hounslow,16814,0.26219052
Hounslow,16827,0.3937963
Hounslow,16828,0.39848787
Hounslow,16830,0.42350075
Hounslow,16831,0.477716
Hounslow,16832,0.32612047
Hounslow,16833,0.34951124
Hounslow,16834,0.3184535
Hounslow,16835,0.3098774
Hounslow,16836,0.33719847
Hounslow,16837,0.33206424
Hounslow,16838,0.32886326
Hounslow,17030,0.5167874
Hounslow,17031,0.52544636
Hounslow,17126,0.42115992
Hounslow,17127,0.41202134
Hounslow,17128,0.41137195
Hounslow,17129,0.41050836
Hounslow,17130,0.5182506
Hounslow,17131,0.4999042
Hounslow,172,0.56414294
Hounslow,17215,0.30194104
Hounslow,17216,0.30399323
Hounslow,17217,0.33320838
Hounslow,17218,0.309064
Hounslow,17289,0.410851
Hounslow,17667,0.39642483
Hounslow,17668,0.4524025
Hounslow,1773,0.48421174
Hounslow,1838,0.26454738
Hounslow,1839,0.25075674
Hounslow,18465,0.45087427
Hounslow,18731,0.4192912
Hounslow,19398,0.2981969
Hounslow,19399,0.3930866
Hounslow,19400,0.24667925
Hounslow,19502,0.3968089
Hounslow,19503,0.46078867
Hounslow,19504,0.45210806
Hounslow,19505,0.3886655
Hounslow,19506,0.39328533
Hounslow,19507,0.39478025
Hounslow,19508,0.35732353
Hounslow,19509,0.3095241
Hounslow,19510,0.3401908
Hounslow,19511,0.32164955
Hounslow,19512,0.32113397
Hounslow,20287,0.3631107
Hounslow,20294,0.588517
Hounslow,20513,0.5121552
Hounslow,20514,0.49730328
Hounslow,20581,0.43922353
Hounslow,20582,0.4323096
Hounslow,20686,0.5416498
Hounslow,20687,0.5314885
Hounslow,20705,0.40538192
Hounslow,20706,0.39283282
Hounslow,20816,0.4110016
Hounslow,20817,0.3662121
Hounslow,2194,0.5063798
Hounslow,2487,0.4081017
Hounslow,25159,0.309981
Hounslow,2555,0.2961332
Hounslow,25593,0.3449137
Hounslow,25608,0.41648197
Hounslow,2561,0.2797359
Hounslow,2564,0.27701598
Hounslow,2566,0.28387102
Hounslow,257,0.37657955
Hounslow,25794,0.5095772
Hounslow,25795,0.50304
Hounslow,25798,0.41596392
Hounslow,25799,0.39936495
Hounslow,25800,0.3974994
Hounslow,25801,0.380947
Hounslow,25802,0.37347448
Hounslow,25803,0.38236424
Hounslow,25804,0.3493476
Hounslow,25805,0.32692042
Hounslow,25806,0.4120151
Hounslow,25807,0.40649074
Hounslow,25978,0.38434577
Hounslow,25979,0.38677683
Hounslow,25981,0.39606488
Hounslow,25982,0.40452066
Hounslow,25983,0.42192668
Hounslow,25984,0.4262558
Hounslow,25985,0.47230962
Hounslow,26220,0.5702012
Hounslow,26221,0.5461374
Hounslow,26231,0.54778844
Hounslow,26232,0.5497319
Hounslow,26846,0.30208415
Hounslow,26847,0.28837323
Hounslow,26850,0.4397055
Hounslow,26851,0.43949494
Hounslow,26854,0.58245915
Hounslow,27303,0.5718411
Hounslow,27402,0.6038066
Hounslow,27558,0.46074018
Hounslow,27569,0.48602203
Hounslow,27613,0.6777246
Hounslow,2778,0.5274407
Hounslow,27839,0.33569506
Hounslow,27840,0.33418098
Hounslow,27889,0.3327428
Hounslow,27890,0.300464
Hounslow,27891,0.34816483
Hounslow,27892,0.43326733
Hounslow,27899,0.38562214
Hounslow,27900,0.3900996
Hounslow,27901,0.39352828
Hounslow,27902,0.30933255
Hounslow,27903,0.32538304
Hounslow,27905,0.3040738
Hounslow,27906,0.292141
Hounslow,27907,0.36090645
Hounslow,27908,0.35430667
Hounslow,2792,0.55513644
Hounslow,27939,0.41788593
Hounslow,27974,0.25683272
Hounslow,27976,0.29305333
Hounslow,29017,0.54663897
Hounslow,29115,0.5199718
Hounslow,29149,0.59544307
Hounslow,29323,0.39007032
Hounslow,29384,0.24156252
Hounslow,29385,0.24134251
Hounslow,29449,0.45352575
Hounslow,29499,0.28419596
Hounslow,29500,0.2739016
Hounslow,29566,0.36105365
Hounslow,29874,0.6092265
Hounslow,3017,0.43814826
Hounslow,3164,0.53166044
Hounslow,3189,0.3568053
Hounslow,3190,0.37304395
Hounslow,3314,0.4472629
Hounslow,33204,0.3050726
Hounslow,33205,0.28799406
Hounslow,33206,0.33034253
Hounslow,33207,0.34511703
Hounslow,33208,0.34257475
Hounslow,33209,0.3341164
Hounslow,33210,0.34273636
Hounslow,3333,0.4399299
Hounslow,33851,0.6361059
Hounslow,33867,0.5455812
Hounslow,33869,0.63618106
Hounslow,33871,0.5900094
Hounslow,33932,0.21103148
Hounslow,33933,0.21129411
Hounslow,34089,0.1956691
Hounslow,3413,0.43597612
Hounslow,3414,0.28684455
Hounslow,3416,0.37346333
Hounslow,3417,0.38773718
Hounslow,34585,0.35189146
Hounslow,34586,0.35683838
Hounslow,34587,0.37125602
Hounslow,34588,0.36969456
Hounslow,34589,0.3736152
Hounslow,34590,0.38453957
Hounslow,34591,0.36942756
Hounslow,34592,0.2982474
Hounslow,34593,0.2979053
Hounslow,34594,0.2599991
Hounslow,34629,0.29812777
Hounslow,34630,0.3091888
Hounslow,34631,0.30663693
Hounslow,34632,0.30708322
Hounslow,34633,0.318576
Hounslow,34634,0.32497007
Hounslow,34635,0.27339423
Hounslow,34636,0.2879779
Hounslow,34637,0.27620518
Hounslow,34638,0.24391529
Hounslow,34736,0.29408172
Hounslow,34737,0.3113734
Hounslow,34906,0.42683482
Hounslow,34911,0.30954188
Hounslow,34929,0.32836813
Hounslow,34936,0.39412186
Hounslow,34937,0.38519365
Hounslow,3563,0.31319326
Hounslow,3564,0.31194395
Hounslow,35737,0.43407118
Hounslow,3578,0.2716365
Hounslow,3581,0.34248394
Hounslow,3584,0.408228
Hounslow,36860,0.5161854
Hounslow,3724,0.50076735
Hounslow,37285,0.3769353
Hounslow,37286,0.37695476
Hounslow,40003,0.59550637
Hounslow,4451,0.30940047
Hounslow,4457,0.35943493
Hounslow,4545,0.41040847
Hounslow,4554,0.39321706
Hounslow,4558,0.392222
Hounslow,4565,0.30921632
Hounslow,4568,0.44903466
Hounslow,4678,0.5686127
Hounslow,6153,0.58268464
Hounslow,6157,0.5878922
Hounslow,6158,0.5692499
Hounslow,6159,0.5700163
Hounslow,6170,0.55582803
Hounslow,6173,0.55617875
Hounslow,6174,0.54603666
Hounslow,6176,0.5595258
Hounslow,6179,0.49430355
Hounslow,6180,0.48919943
Hounslow,6181,0.4869446
Hounslow,6183,0.4931076
Hounslow,6184,0.5005427
Hounslow,6187,0.51869047
Hounslow,6188,0.5091386
Hounslow,6189,0.50372463
Hounslow,6190,0.5033156
Hounslow,6191,0.48315263
Hounslow,6192,0.47563353
Hounslow,6193,0.46350423
Hounslow,6194,0.46084675
Hounslow,6197,0.47616455
Hounslow,6200,0.5381614
Hounslow,6201,0.57704484
Hounslow,6202,0.57731545
Hounslow,6205,0.5533308
Hounslow,6211,0.48598397
Hounslow,6368,0.4695936
Hounslow,6372,0.5246845
Hounslow,6373,0.42184845
Hounslow,6402,0.4941962
Hounslow,6405,0.49310422
Hounslow,6410,0.43306443
Hounslow,6411,0.38872415
Hounslow,6412,0.3467635
Hounslow,6413,0.36022153
Hounslow,6461,0.4526778
Hounslow,6876,0.5559295
Hounslow,6891,0.54715526
Hounslow,6896,0.55360603
Hounslow,6897,0.598136
Hounslow,9114,0.41492817
Hounslow,9115,0.45241055
Hounslow,BP1009,0.33846173
Hounslow,BP1106,0.48980916
Hounslow,BP1107,0.4939162
Hounslow,BP114,0.24799986
Hounslow,BP1172,0.39516312
Hounslow,BP1173,0.44134578
Hounslow,BP1174,0.42513806
Hounslow,BP1175,0.36810598
Hounslow,BP1176,0.3671948
Hounslow,BP1177,0.34031183
Hounslow,BP1178,0.32599062
Hounslow,BP1179,0.48215306
Hounslow,BP1180,0.46850133
Hounslow,BP1181,0.46238852
Hounslow,BP1182,0.46339634
Hounslow,BP1185,0.43457165
Hounslow,BP1186,0.35595283
Hounslow,BP119,0.23283313
Hounslow,BP1196,0.43797532
Hounslow,BP121,0.31657264
Hounslow,BP122,0.25060287
Hounslow,BP1225,0.41886744
Hounslow,BP1226,0.5071991
Hounslow,BP123,0.23462702
Hounslow,BP1287,0.40679818
Hounslow,BP1291,0.40623924
Hounslow,BP1292,0.40208107
Hounslow,BP1319,0.44753247
Hounslow,BP1320,0.4447422
Hounslow,BP1364,0.5161044
Hounslow,BP1365,0.5011596
Hounslow,BP1400,0.26652595
Hounslow,BP1401,0.2659946
Hounslow,BP1557,0.4085992
Hounslow,BP1584,0.44007012
Hounslow,BP1610,0.27071786
Hounslow,BP1611,0.27166203
Hounslow,BP1691,0.41799933
Hounslow,BP1701,0.36252475
Hounslow,BP1702,0.3412362
Hounslow,BP1718,0.28815266
Hounslow,BP1720,0.51705146
Hounslow,BP1747,0.5363797
Hounslow,BP1748,0.50900596
Hounslow,BP1834,0.25619152
Hounslow,BP1835,0.25697333
Hounslow,BP1986,0.47598764
Hounslow,BP1992,0.45847175
Hounslow,BP1993,0.49403292
Hounslow,BP2099,0.24303168
Hounslow,BP2100,0.2440591
Hounslow,BP2173,0.5540203
Hounslow,BP2174,0.5426204
Hounslow,BP2260,0.36361814
Hounslow,BP2261,0.364245
Hounslow,BP2285,0.5765108
Hounslow,BP2405,0.44730583
Hounslow,BP2439,0.33764398
Hounslow,BP2440,0.3495992
Hounslow,BP2682,0.35503247
Hounslow,BP2727,0.4600096
Hounslow,BP2736,0.4040145
Hounslow,BP2777,0.2731057
Hounslow,BP3121,0.3343621
Hounslow,BP3166,0.29749846
Hounslow,BP3167,0.29770306
Hounslow,BP3168,0.3063397
Hounslow,BP3169,0.31122774
Hounslow,BP3448,0.32865298
Hounslow,BP3535,0.4096517
Hounslow,BP361,0.35980633
Hounslow,BP3624,0.40718654
Hounslow,BP3625,0.42112952
Hounslow,BP3626,0.4041323
Hounslow,BP3627,0.4609884
Hounslow,BP3628,0.26939905
Hounslow,BP3629,0.2609426
Hounslow,BP3630,0.26328555
Hounslow,BP3631,0.2549865
Hounslow,BP3632,0.45687267
Hounslow,BP3633,0.439785
Hounslow,BP3634,0.43298468
Hounslow,BP3635,0.42543662
Hounslow,BP3637,0.5150788
Hounslow,BP3638,0.5077499
Hounslow,BP3639,0.4139647
Hounslow,BP3640,0.38625786
Hounslow,BP3641,0.3609894
Hounslow,BP3642,0.39168966
Hounslow,BP3643,0.27599382
Hounslow,BP3644,0.28884628
Hounslow,BP3645,0.32584825
Hounslow,BP3646,0.32387674
Hounslow,BP3647,0.2857138
Hounslow,BP3648,0.2976622
Hounslow,BP3649,0.29559764
Hounslow,BP3651,0.41380823
Hounslow,BP3652,0.4716859
Hounslow,BP3653,0.4666564
Hounslow,BP3654,0.2691208
Hounslow,BP3655,0.2606747
Hounslow,BP3656,0.25237188
Hounslow,BP3657,0.46131223
Hounslow,BP3658,0.43455604
Hounslow,BP3659,0.43225408
Hounslow,BP3660,0.44216543
Hounslow,BP3661,0.5380638
Hounslow,BP3662,0.469308
Hounslow,BP3664,0.4657689
Hounslow,BP3665,0.459381
Hounslow,BP3666,0.3855765
Hounslow,BP3667,0.36099428
Hounslow,BP3668,0.3675695
Hounslow,BP3669,0.35964403
Hounslow,BP3670,0.36141765
Hounslow,BP3671,0.32579443
Hounslow,BP3672,0.25956437
Hounslow,BP3673,0.28482682
Hounslow,BP3674,0.31503987
Hounslow,BP3675,0.2970046
Hounslow,BP4193,0.4532647
Hounslow,BP4197,0.5068012
Hounslow,BP4198,0.5045541
Hounslow,BP4199,0.41753387
Hounslow,BP4200,0.47925466
Hounslow,BP4203,0.47190177
Hounslow,BP443,0.27603424
Hounslow,BP4509,0.5616875
Hounslow,BP4560,0.39616793
Hounslow,BP4561,0.41172788
Hounslow,BP4837,0.49977824
Hounslow,BP486,0.26835635
Hounslow,BP4948,0.44191158
Hounslow,BP4949,0.441533
Hounslow,BP500,0.34602174
Hounslow,BP5009,0.44490588
Hounslow,BP501,0.32388106
Hounslow,BP5022,0.34670368
Hounslow,BP5188,0.2881409
Hounslow,BP5332,0.39955655
Hounslow,BP5333,0.37624696
Hounslow,BP5334,0.31000754
Hounslow,BP5335,0.3126037
Hounslow,BP5336,0.2818754
Hounslow,BP5337,0.3424503
Hounslow,BP5338,0.3034508
Hounslow,BP5339,0.3976442
Hounslow,BP5340,0.2837795
Hounslow,BP5341,0.39018825
Hounslow,BP5347,0.2756505
Hounslow,BP5496,0.47280753
Hounslow,BP5743,0.6175317
Hounslow,BP5976,0.6107793
Hounslow,BP6246,0.2806258
Hounslow,BP6329,0.55125076
Hounslow,BP6334,0.54557705
Hounslow,BP6434,0.34838197
Hounslow,BP6435,0.36733398
Hounslow,BP6531,0.49568892
Hounslow,BP716,0.27659315
Hounslow,BP922,0.36170897
Hounslow,BP923,0.3696902
Hounslow,BP925,0.47662225
Hounslow,BP929,0.5316556
Hounslow,BP937,0.4693846
Hounslow,BP938,0.5294332
Hounslow,BP939,0.32740822
Hounslow,BP941,0.49766043
Hounslow,BP945,0.3224714
Hounslow,BP946,0.34496996
Hounslow,BP947,0.41412103
Hounslow,BP948,0.29999122
Hounslow,BP950,0.33370084
Hounslow,BP989,0.4686919
Hounslow,BP991,0.28881225
Hounslow,C101,0.49587944
Hounslow,FW30,0.3021018
Hounslow,FW51,0.30624276
Hounslow,FW52,0.26668027
Hounslow,H371,0.424996
Hounslow,H372,0.50857866
Hounslow,R0147,0.25156385
Hounslow,R0157,0.34357607
Hounslow,R0209,0.58852434
Hounslow,R0214,0.5779248
Hounslow,R0221,0.52656347
Hounslow,R0224,0.50155723
Hounslow,R0226,0.55703837
Hounslow,R0232,0.54439896
Hounslow,R0233,0.51845527
Hounslow,R0368,0.26416802
Hounslow,R0369,0.25590467
Hounslow,R0494,0.56133956
Hounslow,R0642,0.34817284
Hounslow,R0643,0.477311
Hounslow,R0644,0.40197375
Hounslow,R0645,0.3949476
Hounslow,R0646,0.36841378
Hounslow,R0647,0.37415615
Hounslow,R0648,0.3722831
Hounslow,R0649,0.36416078
Hounslow,R0650,0.3260634
Hounslow,R0865,0.5946315
Hounslow,R0871,0.34516737
Hounslow,T242,0.36191326
Hounslow,T243,0.2515592
Hounslow,T244,0.2674146
Hounslow,T245,0.31165448
Hounslow,T246,0.26171622
Hounslow,T247,0.29810947
Hounslow,T248,0.26135
Hounslow,T249,0.29052627
Hounslow,T255,0.4290863
Hounslow,T2557,0.2887666
Hounslow,T256,0.32242027
Hounslow,T2560,0.28330618
Hounslow,T2562,0.26638103
Hounslow,T2563,0.27818742
Hounslow,T2568,0.2867993
Hounslow,T2569,0.30164215
Hounslow,T2570,0.27402925
Hounslow,T2571,0.27477783
Hounslow,T2572,0.2841378
Hounslow,T2573,0.2843991
Hounslow,T259,0.33596757
Hounslow,15659,0.5687973
Hounslow,15704,0.4856461
Hounslow,15705,0.49047175
Hounslow,16217,0.52207935
Hounslow,16218,0.52659094
Hounslow,17032,0.5498607
Hounslow,17033,0.5452274
Hounslow,1778,0.5830008
Hounslow,20283,0.54848707
Hounslow,33528,0.5725134
Hounslow,553,0.49546325
Hounslow,6168,0.48812008
Hounslow,6169,0.50244844
Hounslow,6175,0.5742109
Hounslow,6195,0.47902766
Hounslow,6196,0.48115012
Hounslow,6872,0.55669844
Hounslow,6873,0.55245507
Hounslow,6875,0.5860644
Hounslow,6893,0.5675908
Hounslow,6895,0.58264345
Hounslow,BP1183,0.4562572
Hounslow,BP1184,0.45370904
Hounslow,BP1798,0.46212864
Hounslow,BP3197,0.5019193
Hounslow,BP4824,0.52261215
Hounslow,BP5038,0.5350677
Hounslow,BP5045,0.5160216
Hounslow,BP5085,0.508578
Islington,10002,0.5787697
Islington,10003,0.5846905
Islington,10004,0.5854205
Islington,10005,0.5807917
Islington,10010,0.717199
Islington,10011,0.52521056
Islington,1017,0.60752076
Islington,1045,0.59102035
Islington,1046,0.59121776
Islington,1073,0.56076217
Islington,1074,0.5627071
Islington,1080,0.57307446
Islington,1084,0.72736746
Islington,11328,0.65745056
Islington,11416,0.6129278
Islington,11417,0.61342674
Islington,11419,0.6626865
Islington,11420,0.65746707
Islington,11469,0.5756509
Islington,11470,0.5702704
Islington,12230,0.64639235
Islington,12232,0.64573777
Islington,12233,0.64091545
Islington,12235,0.61915517
Islington,12236,0.64315
Islington,12237,0.60175484
Islington,12238,0.60660505
Islington,1286,0.65638727
Islington,1287,0.64657605
Islington,1289,0.64439946
Islington,1293,0.5619973
Islington,13463,0.6641767
Islington,13464,0.6642429
Islington,13466,0.6608526
Islington,13467,0.62912405
Islington,13469,0.6343386
Islington,13472,0.62455326
Islington,13473,0.62237096
Islington,13474,0.62898046
Islington,13475,0.64837766
Islington,13476,0.6672856
Islington,13619,0.58172804
Islington,14237,0.57931966
Islington,14592,0.51468164
Islington,14593,0.5472969
Islington,14596,0.5337986
Islington,14599,0.5971767
Islington,14600,0.5827736
Islington,14601,0.5888221
Islington,14602,0.5901483
Islington,14605,0.60119736
Islington,14606,0.6072308
Islington,14608,0.5862729
Islington,14609,0.58884996
Islington,14612,0.6954917
Islington,14613,0.695146
Islington,14616,0.708545
Islington,14674,0.7715841
Islington,14879,0.7401208
Islington,14920,0.5624797
Islington,15059,0.5730752
Islington,15060,0.56845236
Islington,15061,0.5756971
Islington,15062,0.56625026
Islington,15063,0.5061478
Islington,15064,0.5370353
Islington,15065,0.4978568
Islington,15066,0.50276434
Islington,15067,0.5506595
Islington,15169,0.7300584
Islington,15170,0.7431398
Islington,15171,0.721156
Islington,1546,0.6834256
Islington,1547,0.6873274
Islington,1549,0.73433834
Islington,1552,0.56383634
Islington,15891,0.55870616
Islington,15892,0.5633634
Islington,16075,0.68120354
Islington,16076,0.6816996
Islington,16077,0.67892575
Islington,16078,0.69999844
Islington,17293,0.57695526
Islington,17294,0.5486145
Islington,17295,0.5412269
Islington,17471,0.6950881
Islington,17472,0.69582075
Islington,17952,0.5561027
Islington,17953,0.565816
Islington,17954,0.52289945
Islington,17955,0.52372706
Islington,1801,0.5881845
Islington,1802,0.5829736
Islington,18079,0.72528446
Islington,18080,0.7141312
Islington,18081,0.77077186
Islington,18215,0.76077807
Islington,18216,0.7562141
Islington,185,0.7325453
Islington,187,0.64909136
Islington,188,0.64886373
Islington,18851,0.6823124
Islington,18854,0.6606554
Islington,18857,0.6846461
Islington,18858,0.6621791
Islington,18862,0.52420884
Islington,18864,0.58290744
Islington,18866,0.73691714
Islington,20583,0.55061907
Islington,20684,0.5946798
Islington,20726,0.65178
Islington,21,0.62057436
Islington,2286,0.6864176
Islington,2287,0.6861194
Islington,2434,0.5361803
Islington,2437,0.5656998
Islington,2441,0.56846535
Islington,2442,0.58131546
Islington,2443,0.6157384
Islington,2444,0.6051634
Islington,2448,0.55318016
Islington,2460,0.63538057
Islington,2462,0.6465638
Islington,2463,0.6411681
Islington,25146,0.58055437
Islington,2626,0.5831351
Islington,2627,0.5698283
Islington,2632,0.5023976
Islington,2633,0.51859176
Islington,2636,0.53242457
Islington,2637,0.5113571
Islington,2638,0.55956244
Islington,2639,0.578197
Islington,26428,0.6093952
Islington,26500,0.5746487
Islington,26591,0.57957155
Islington,26885,0.56203157
Islington,26970,0.7265345
Islington,27458,0.73807544
Islington,27475,0.6471952
Islington,2780,0.74342024
Islington,29689,0.71732634
Islington,29690,0.723178
Islington,297,0.6111364
Islington,29748,0.5843124
Islington,29772,0.5840374
Islington,29792,0.5742686
Islington,29918,0.5207749
Islington,29930,0.5872539
Islington,312,0.680566
Islington,314,0.69879246
Islington,33092,0.57189864
Islington,33153,0.59855926
Islington,33320,0.5576502
Islington,33321,0.7058482
Islington,33322,0.6827271
Islington,33325,0.63250333
Islington,33326,0.63657004
Islington,33327,0.6206056
Islington,33328,0.59711576
Islington,33329,0.5987495
Islington,33330,0.6786826
Islington,33331,0.7447045
Islington,33604,0.6838224
Islington,33985,0.6899248
Islington,34055,0.5484933
Islington,34282,0.69794375
Islington,34331,0.51575154
Islington,34333,0.696057
Islington,34334,0.7023857
Islington,34335,0.6492401
Islington,34336,0.6849409
Islington,34337,0.6163612
Islington,34338,0.6107671
Islington,34339,0.639653
Islington,34340,0.6681834
Islington,34354,0.72429013
Islington,34429,0.6867133
Islington,34516,0.6893163
Islington,34517,0.6875012
Islington,34518,0.71006155
Islington,34519,0.7079898
Islington,34959,0.6623916
Islington,34964,0.6452624
Islington,34965,0.6488793
Islington,3513,0.5756501
Islington,35361,0.6979593
Islington,360,0.5836062
Islington,361,0.56358314
Islington,36578,0.57400787
Islington,36608,0.5740483
Islington,36800,0.704887
Islington,36804,0.65300095
Islington,37035,0.55641294
Islington,37036,0.7456596
Islington,37037,0.57653785
Islington,37038,0.54085267
Islington,37040,0.5673388
Islington,37045,0.5782692
Islington,37046,0.606115
Islington,37047,0.5585562
Islington,37048,0.5391075
Islington,37049,0.55872977
Islington,37050,0.7340989
Islington,37051,0.73686814
Islington,37052,0.5537041
Islington,37053,0.53315157
Islington,37054,0.5712469
Islington,37055,0.5757309
Islington,37626,0.5602906
Islington,37627,0.5494337
Islington,37646,0.62274843
Islington,4714,0.6607236
Islington,4715,0.54136884
Islington,4716,0.58000696
Islington,4717,0.6406529
Islington,526,0.7009207
Islington,529,0.70339674
Islington,530,0.70224106
Islington,616,0.597797
Islington,617,0.65762323
Islington,618,0.6071225
Islington,72,0.5070202
Islington,751,0.65106094
Islington,7735,0.51948434
Islington,7800,0.50804645
Islington,7868,0.6470492
Islington,790,0.57983863
Islington,791,0.58468133
Islington,792,0.58083713
Islington,793,0.57096964
Islington,796,0.6843247
Islington,797,0.67703205
Islington,80001,0.57268435
Islington,8363,0.57427716
Islington,8368,0.57044816
Islington,8371,0.55757606
Islington,8372,0.5573101
Islington,8376,0.5778017
Islington,8378,0.5903435
Islington,8380,0.5943687
Islington,8381,0.61289984
Islington,8385,0.6046088
Islington,8386,0.5837438
Islington,8387,0.6056819
Islington,8388,0.59978163
Islington,8389,0.58089846
Islington,8390,0.6311359
Islington,8391,0.61532205
Islington,8392,0.631239
Islington,8393,0.65673155
Islington,8562,0.6556578
Islington,905,0.54446507
Islington,907,0.5484564
Islington,908,0.54502946
Islington,909,0.5425309
Islington,911,0.5856508
Islington,9242,0.5784445
Islington,9487,0.5712474
Islington,9488,0.5733102
Islington,949,0.56479794
Islington,954,0.51864713
Islington,970,0.6775153
Islington,9826,0.56855327
Islington,9827,0.5673028
Islington,9829,0.55188864
Islington,9830,0.5307671
Islington,9831,0.53111213
Islington,9833,0.5694086
Islington,9834,0.57869756
Islington,9836,0.5153289
Islington,9839,0.4828246
Islington,9840,0.4879823
Islington,9841,0.648532
Islington,9842,0.64161915
Islington,9843,0.61928606
Islington,9845,0.6245678
Islington,9850,0.69144714
Islington,9852,0.6869253
Islington,9853,0.6765584
Islington,9857,0.69348735
Islington,9858,0.68889123
Islington,9861,0.70216745
Islington,9862,0.69890225
Islington,9995,0.58320266
Islington,9996,0.58121914
Islington,BP001,0.60952294
Islington,BP002,0.6105249
Islington,BP003,0.60977674
Islington,BP1012,0.7194197
Islington,BP1079,0.6101581
Islington,BP134,0.57861084
Islington,BP1345,0.63553053
Islington,BP1391,0.5529957
Islington,BP1392,0.5607152
Islington,BP1511,0.5469387
Islington,BP1512,0.50316006
Islington,BP1513,0.5315124
Islington,BP1521,0.67716205
Islington,BP1522,0.667083
Islington,BP1523,0.54330784
Islington,BP1896,0.58802545
Islington,BP1998,0.7462121
Islington,BP2307,0.70146704
Islington,BP2478,0.7013488
Islington,BP2649,0.5355105
Islington,BP3190,0.5738482
Islington,BP3222,0.54815364
Islington,BP3247,0.70038813
Islington,BP3249,0.72722226
Islington,BP3289,0.71708965
Islington,BP3747,0.5424412
Islington,BP3748,0.5350899
Islington,BP3749,0.5584521
Islington,BP3750,0.55667686
Islington,BP3751,0.5742744
Islington,BP3752,0.57492834
Islington,BP3753,0.58827263
Islington,BP3754,0.5928143
Islington,BP3804,0.5842649
Islington,BP3912,0.5580159
Islington,BP4240,0.59118783
Islington,BP4242,0.55560166
Islington,BP4326,0.53702545
Islington,BP4674,0.53485256
Islington,BP5024,0.6697953
Islington,BP5025,0.68516815
Islington,BP5026,0.66874576
Islington,BP5027,0.6778138
Islington,BP5536,0.67326325
Islington,BP5537,0.6770566
Islington,BP5972,0.57893616
Islington,BP6016,0.700944
Islington,BP6017,0.6894169
Islington,BP6018,0.70443046
Islington,BP6243,0.6533886
Islington,BP6253,0.6516909
Islington,BP753,0.7213642
Islington,FL002,0.61543846
Islington,FL004,0.62149197
Islington,R0001,0.56378764
Islington,R0002,0.5747943
Islington,R0003,0.58110183
Islington,1291,0.70978737
Islington,18082,0.74066573
Islington,363,0.6041024
Islington,36601,0.58986133
Islington,36602,0.57470345
Islington,8369,0.56425804
Kensington and Chelsea,1059,0.55022067
Kensington and Chelsea,1061,0.4572352
Kensington and Chelsea,1062,0.46816686
Kensington and Chelsea,1063,0.5370841
Kensington and Chelsea,1064,0.5536172
Kensington and Chelsea,1065,0.5549018
Kensington and Chelsea,1069,0.5625721
Kensington and Chelsea,1070,0.56039065
Kensington and Chelsea,1072,0.49313766
Kensington and Chelsea,11145,0.45710787
Kensington and Chelsea,11146,0.4564283
Kensington and Chelsea,11148,0.5218763
Kensington and Chelsea,11149,0.6253737
Kensington and Chelsea,11150,0.6246681
Kensington and Chelsea,11151,0.5373643
Kensington and Chelsea,11152,0.5398841
Kensington and Chelsea,11156,0.5235518
Kensington and Chelsea,11160,0.5567658
Kensington and Chelsea,11162,0.5265396
Kensington and Chelsea,11164,0.4559484
Kensington and Chelsea,11165,0.5594602
Kensington and Chelsea,11166,0.56347615
Kensington and Chelsea,11169,0.55225545
Kensington and Chelsea,11170,0.55790097
Kensington and Chelsea,11171,0.5308817
Kensington and Chelsea,11175,0.5370937
Kensington and Chelsea,11178,0.5094369
Kensington and Chelsea,11179,0.50826234
Kensington and Chelsea,11184,0.56068003
Kensington and Chelsea,11187,0.5333983
Kensington and Chelsea,11195,0.5277581
Kensington and Chelsea,11196,0.5501668
Kensington and Chelsea,11197,0.49520674
Kensington and Chelsea,11283,0.5187531
Kensington and Chelsea,11286,0.6227645
Kensington and Chelsea,11287,0.62130237
Kensington and Chelsea,11289,0.67256534
Kensington and Chelsea,11291,0.47866097
Kensington and Chelsea,11292,0.5461109
Kensington and Chelsea,11293,0.54395765
Kensington and Chelsea,11294,0.5511117
Kensington and Chelsea,11295,0.60038966
Kensington and Chelsea,11296,0.56525654
Kensington and Chelsea,11297,0.5702269
Kensington and Chelsea,11298,0.57277215
Kensington and Chelsea,11300,0.56775063
Kensington and Chelsea,11307,0.5593729
Kensington and Chelsea,11309,0.53941494
Kensington and Chelsea,11311,0.5722629
Kensington and Chelsea,11312,0.56372947
Kensington and Chelsea,11313,0.56698364
Kensington and Chelsea,11325,0.66401976
Kensington and Chelsea,11326,0.66316515
Kensington and Chelsea,11471,0.49882415
Kensington and Chelsea,11472,0.5302877
Kensington and Chelsea,11476,0.4715345
Kensington and Chelsea,1151,0.512101
Kensington and Chelsea,11522,0.49497694
Kensington and Chelsea,11523,0.49290434
Kensington and Chelsea,11527,0.5586823
Kensington and Chelsea,11528,0.5478308
Kensington and Chelsea,11531,0.53052783
Kensington and Chelsea,11532,0.526158
Kensington and Chelsea,11533,0.52291095
Kensington and Chelsea,11534,0.5364775
Kensington and Chelsea,11535,0.5171534
Kensington and Chelsea,11537,0.5393152
Kensington and Chelsea,11538,0.5389745
Kensington and Chelsea,11539,0.5366316
Kensington and Chelsea,11540,0.54257953
Kensington and Chelsea,11541,0.4696891
Kensington and Chelsea,11542,0.4667558
Kensington and Chelsea,11543,0.4606673
Kensington and Chelsea,11544,0.4503712
Kensington and Chelsea,11545,0.45260373
Kensington and Chelsea,11546,0.44466558
Kensington and Chelsea,11547,0.4388134
Kensington and Chelsea,11548,0.4358578
Kensington and Chelsea,11550,0.49959204
Kensington and Chelsea,11551,0.4772343
Kensington and Chelsea,11552,0.47671744
Kensington and Chelsea,11553,0.4595811
Kensington and Chelsea,11751,0.57432044
Kensington and Chelsea,120,0.5306237
Kensington and Chelsea,1259,0.48496908
Kensington and Chelsea,126,0.53046834
Kensington and Chelsea,1260,0.5398825
Kensington and Chelsea,1264,0.48805442
Kensington and Chelsea,1265,0.4882631
Kensington and Chelsea,1266,0.4552222
Kensington and Chelsea,1268,0.4826347
Kensington and Chelsea,1269,0.4710784
Kensington and Chelsea,1270,0.46128297
Kensington and Chelsea,1271,0.45110065
Kensington and Chelsea,1272,0.49947613
Kensington and Chelsea,1399,0.570326
Kensington and Chelsea,1400,0.5737239
Kensington and Chelsea,1446,0.59862155
Kensington and Chelsea,1448,0.5932735
Kensington and Chelsea,1449,0.56868315
Kensington and Chelsea,1450,0.57184994
Kensington and Chelsea,14640,0.5531462
Kensington and Chelsea,15277,0.46404868
Kensington and Chelsea,15278,0.45830658
Kensington and Chelsea,15279,0.46182364
Kensington and Chelsea,1560,0.5561104
Kensington and Chelsea,1561,0.51690763
Kensington and Chelsea,1562,0.5216414
Kensington and Chelsea,1563,0.574094
Kensington and Chelsea,1564,0.50518954
Kensington and Chelsea,1565,0.54470646
Kensington and Chelsea,1566,0.5322389
Kensington and Chelsea,1573,0.53028715
Kensington and Chelsea,1575,0.5720281
Kensington and Chelsea,1576,0.5704527
Kensington and Chelsea,16031,0.5642235
Kensington and Chelsea,16034,0.5287213
Kensington and Chelsea,16870,0.48869854
Kensington and Chelsea,17368,0.48110443
Kensington and Chelsea,1791,0.48285395
Kensington and Chelsea,1808,0.5164876
Kensington and Chelsea,1809,0.5210196
Kensington and Chelsea,1824,0.5138577
Kensington and Chelsea,20591,0.49957156
Kensington and Chelsea,20821,0.5247177
Kensington and Chelsea,20883,0.4866587
Kensington and Chelsea,20968,0.44756094
Kensington and Chelsea,213,0.53221524
Kensington and Chelsea,216,0.5460382
Kensington and Chelsea,25053,0.4585679
Kensington and Chelsea,25136,0.54498804
Kensington and Chelsea,25448,0.50230765
Kensington and Chelsea,25695,0.6199488
Kensington and Chelsea,26492,0.4773906
Kensington and Chelsea,26493,0.47385556
Kensington and Chelsea,2654,0.4596479
Kensington and Chelsea,2661,0.63088673
Kensington and Chelsea,2662,0.61467785
Kensington and Chelsea,27496,0.5042313
Kensington and Chelsea,27497,0.53696275
Kensington and Chelsea,27791,0.5230614
Kensington and Chelsea,28421,0.45763335
Kensington and Chelsea,29615,0.68588513
Kensington and Chelsea,29935,0.59004927
Kensington and Chelsea,29936,0.54859513
Kensington and Chelsea,29937,0.55605245
Kensington and Chelsea,29938,0.5550711
Kensington and Chelsea,29939,0.5529972
Kensington and Chelsea,29940,0.47785997
Kensington and Chelsea,29941,0.47137657
Kensington and Chelsea,3191,0.5781582
Kensington and Chelsea,3192,0.6138127
Kensington and Chelsea,3237,0.51399595
Kensington and Chelsea,3239,0.48666874
Kensington and Chelsea,3243,0.4547285
Kensington and Chelsea,34171,0.5110012
Kensington and Chelsea,34172,0.48521897
Kensington and Chelsea,34173,0.49404794
Kensington and Chelsea,34564,0.4897749
Kensington and Chelsea,34565,0.48496443
Kensington and Chelsea,34567,0.51949173
Kensington and Chelsea,34570,0.45734584
Kensington and Chelsea,34571,0.46307963
Kensington and Chelsea,34572,0.45424682
Kensington and Chelsea,34573,0.4552911
Kensington and Chelsea,34574,0.47204968
Kensington and Chelsea,34575,0.47747287
Kensington and Chelsea,34755,0.5709045
Kensington and Chelsea,34760,0.53599787
Kensington and Chelsea,35140,0.52780604
Kensington and Chelsea,35141,0.5323304
Kensington and Chelsea,35202,0.54836124
Kensington and Chelsea,35294,0.5499926
Kensington and Chelsea,35674,0.5074739
Kensington and Chelsea,35905,0.5599838
Kensington and Chelsea,35987,0.5324037
Kensington and Chelsea,35988,0.54181194
Kensington and Chelsea,36575,0.59942615
Kensington and Chelsea,36788,0.5052367
Kensington and Chelsea,36798,0.49474815
Kensington and Chelsea,36836,0.54030997
Kensington and Chelsea,36881,0.43555227
Kensington and Chelsea,36885,0.532707
Kensington and Chelsea,37304,0.5381717
Kensington and Chelsea,37382,0.51844686
Kensington and Chelsea,37383,0.52234006
Kensington and Chelsea,37384,0.51979506
Kensington and Chelsea,37385,0.55415946
Kensington and Chelsea,37386,0.5251506
Kensington and Chelsea,37404,0.50365186
Kensington and Chelsea,37407,0.46942744
Kensington and Chelsea,37444,0.55556804
Kensington and Chelsea,37445,0.53630704
Kensington and Chelsea,37615,0.4548811
Kensington and Chelsea,37616,0.4581811
Kensington and Chelsea,37624,0.484585
Kensington and Chelsea,37625,0.48604652
Kensington and Chelsea,37689,0.50013864
Kensington and Chelsea,3900,0.4568931
Kensington and Chelsea,690,0.48900312
Kensington and Chelsea,81,0.5081358
Kensington and Chelsea,82,0.54014957
Kensington and Chelsea,83,0.49748275
Kensington and Chelsea,836,0.47953036
Kensington and Chelsea,837,0.46280816
Kensington and Chelsea,839,0.5094591
Kensington and Chelsea,84,0.49789613
Kensington and Chelsea,8410,0.5453173
Kensington and Chelsea,865,0.51890725
Kensington and Chelsea,87,0.52601516
Kensington and Chelsea,893,0.43991035
Kensington and Chelsea,894,0.46333164
Kensington and Chelsea,91525,0.5713232
Kensington and Chelsea,9417,0.44915998
Kensington and Chelsea,9418,0.4699025
Kensington and Chelsea,9419,0.5685395
Kensington and Chelsea,9420,0.58405584
Kensington and Chelsea,9451,0.5197219
Kensington and Chelsea,9481,0.49144417
Kensington and Chelsea,9482,0.47104043
Kensington and Chelsea,BP1108,0.5682224
Kensington and Chelsea,BP1527,0.5887685
Kensington and Chelsea,BP1589,0.5294869
Kensington and Chelsea,BP1733,0.46890536
Kensington and Chelsea,BP212,0.6018218
Kensington and Chelsea,BP2865,0.49075764
Kensington and Chelsea,BP3778,0.51883036
Kensington and Chelsea,BP3779,0.54432666
Kensington and Chelsea,BP3780,0.5797891
Kensington and Chelsea,BP3781,0.5942629
Kensington and Chelsea,BP3782,0.5178315
Kensington and Chelsea,BP3783,0.5447358
Kensington and Chelsea,BP3784,0.5518494
Kensington and Chelsea,BP3785,0.58126247
Kensington and Chelsea,BP5155,0.5982393
Kensington and Chelsea,BP5266,0.5479607
Kensington and Chelsea,BP5267,0.57609755
Kensington and Chelsea,BP5268,0.5600086
Kensington and Chelsea,BP5348,0.5373326
Kensington and Chelsea,BP5351,0.505236
Kensington and Chelsea,BP5352,0.51714015
Kensington and Chelsea,BP5570,0.5626865
Kensington and Chelsea,BP5926,0.58938426
Kensington and Chelsea,BP5927,0.5873688
Kensington and Chelsea,BP675,0.5266639
Kensington and Chelsea,BP686,0.5623363
Kensington and Chelsea,R0098,0.4395583
Kensington and Chelsea,1067,0.55805045
Kensington and Chelsea,1071,0.49403864
Kensington and Chelsea,11154,0.4948619
Kensington and Chelsea,11155,0.55791265
Kensington and Chelsea,11306,0.4984789
Kensington and Chelsea,33257,0.50098735
Kensington and Chelsea,35673,0.5341188
Kensington and Chelsea,37401,0.5705161
Kensington and Chelsea,37414,0.52086204
Kensington and Chelsea,37430,0.56940794
Kensington and Chelsea,BP5154,0.5726655
Kensington and Chelsea,BP5300,0.5730759
Kensington and Chelsea,BP5349,0.53661513
Kingston upon Thames,10019,0.5461368
Kingston upon Thames,10023,0.5482202
Kingston upon Thames,10024,0.54890996
Kingston upon Thames,10028,0.54551417
Kingston upon Thames,10031,0.5292937
Kingston upon Thames,10032,0.5387683
Kingston upon Thames,10037,0.57866895
Kingston upon Thames,10038,0.5455391
Kingston upon Thames,10041,0.59903353
Kingston upon Thames,11127,0.58344316
Kingston upon Thames,11128,0.5888838
Kingston upon Thames,11350,0.6124867
Kingston upon Thames,11351,0.6130795
Kingston upon Thames,11457,0.5751827
Kingston upon Thames,11458,0.5749992
Kingston upon Thames,11461,0.6118821
Kingston upon Thames,11462,0.59221345
Kingston upon Thames,11464,0.60537004
Kingston upon Thames,11739,0.5366476
Kingston upon Thames,12900,0.63762796
Kingston upon Thames,14197,0.6282805
Kingston upon Thames,14198,0.61631036
Kingston upon Thames,1420,0.560362
Kingston upon Thames,14200,0.6020975
Kingston upon Thames,14201,0.60581666
Kingston upon Thames,14850,0.5598939
Kingston upon Thames,15716,0.5687211
Kingston upon Thames,15717,0.52574366
Kingston upon Thames,15720,0.59387356
Kingston upon Thames,15721,0.60143185
Kingston upon Thames,15722,0.6007139
Kingston upon Thames,15723,0.5861374
Kingston upon Thames,15724,0.60254437
Kingston upon Thames,15725,0.60668594
Kingston upon Thames,15727,0.53572935
Kingston upon Thames,15728,0.53648937
Kingston upon Thames,15730,0.6178029
Kingston upon Thames,15731,0.57242006
Kingston upon Thames,15732,0.5691534
Kingston upon Thames,15733,0.53193325
Kingston upon Thames,15734,0.5317373
Kingston upon Thames,15735,0.55176425
Kingston upon Thames,1601,0.57507133
Kingston upon Thames,1602,0.61873585
Kingston upon Thames,16725,0.5344396
Kingston upon Thames,16726,0.51444715
Kingston upon Thames,16727,0.5362986
Kingston upon Thames,16728,0.5901185
Kingston upon Thames,16729,0.59700656
Kingston upon Thames,16730,0.5538823
Kingston upon Thames,16731,0.5638045
Kingston upon Thames,16734,0.6061116
Kingston upon Thames,16735,0.58418036
Kingston upon Thames,16736,0.6157383
Kingston upon Thames,16737,0.6020984
Kingston upon Thames,16738,0.61249524
Kingston upon Thames,16739,0.5985013
Kingston upon Thames,16740,0.5958918
Kingston upon Thames,16741,0.5840461
Kingston upon Thames,16742,0.5265022
Kingston upon Thames,16746,0.57101756
Kingston upon Thames,16747,0.59036267
Kingston upon Thames,17600,0.59033185
Kingston upon Thames,17601,0.5921153
Kingston upon Thames,1787,0.51601017
Kingston upon Thames,1788,0.5251878
Kingston upon Thames,1789,0.59253824
Kingston upon Thames,1790,0.58358717
Kingston upon Thames,1799,0.5508713
Kingston upon Thames,1800,0.5509766
Kingston upon Thames,18693,0.577987
Kingston upon Thames,18695,0.54456085
Kingston upon Thames,18696,0.58906525
Kingston upon Thames,18698,0.5213106
Kingston upon Thames,18722,0.50820273
Kingston upon Thames,18723,0.59696966
Kingston upon Thames,18724,0.56671417
Kingston upon Thames,18916,0.5912765
Kingston upon Thames,1915,0.6151587
Kingston upon Thames,1916,0.5803203
Kingston upon Thames,1917,0.59242266
Kingston upon Thames,19364,0.58757144
Kingston upon Thames,19366,0.54696125
Kingston upon Thames,19367,0.5469955
Kingston upon Thames,19463,0.46442696
Kingston upon Thames,19542,0.620949
Kingston upon Thames,19544,0.58621454
Kingston upon Thames,19545,0.5890556
Kingston upon Thames,19547,0.54709285
Kingston upon Thames,19548,0.55916953
Kingston upon Thames,19549,0.5586237
Kingston upon Thames,19550,0.6069617
Kingston upon Thames,19551,0.5650772
Kingston upon Thames,19589,0.60131776
Kingston upon Thames,19590,0.5889358
Kingston upon Thames,19592,0.4633087
Kingston upon Thames,20096,0.6086442
Kingston upon Thames,20097,0.6024936
Kingston upon Thames,2022,0.46253935
Kingston upon Thames,2023,0.45465812
Kingston upon Thames,20503,0.6254279
Kingston upon Thames,20662,0.5476552
Kingston upon Thames,20671,0.5567
Kingston upon Thames,20672,0.562792
Kingston upon Thames,20715,0.5856189
Kingston upon Thames,20823,0.61942047
Kingston upon Thames,21237,0.5445225
Kingston upon Thames,23295,0.47249636
Kingston upon Thames,23296,0.53309625
Kingston upon Thames,23297,0.54378295
Kingston upon Thames,23298,0.5099164
Kingston upon Thames,23299,0.5410765
Kingston upon Thames,23300,0.51720905
Kingston upon Thames,23405,0.66596115
Kingston upon Thames,23416,0.5769481
Kingston upon Thames,23503,0.4952925
Kingston upon Thames,23504,0.50801104
Kingston upon Thames,23505,0.5302527
Kingston upon Thames,23506,0.54092896
Kingston upon Thames,23509,0.49274603
Kingston upon Thames,23510,0.49557605
Kingston upon Thames,23511,0.4482045
Kingston upon Thames,23512,0.45809388
Kingston upon Thames,23513,0.4580562
Kingston upon Thames,23514,0.4580979
Kingston upon Thames,23515,0.45964703
Kingston upon Thames,23516,0.45959112
Kingston upon Thames,23517,0.52588356
Kingston upon Thames,23518,0.56103706
Kingston upon Thames,23520,0.54260385
Kingston upon Thames,23521,0.59082335
Kingston upon Thames,23853,0.5641475
Kingston upon Thames,2416,0.56192833
Kingston upon Thames,2417,0.56939334
Kingston upon Thames,24483,0.576831
Kingston upon Thames,25057,0.5784678
Kingston upon Thames,25070,0.5022487
Kingston upon Thames,25071,0.50260323
Kingston upon Thames,25117,0.5906713
Kingston upon Thames,25119,0.55010504
Kingston upon Thames,25135,0.59028214
Kingston upon Thames,25143,0.57883805
Kingston upon Thames,25144,0.5598234
Kingston upon Thames,25349,0.5598159
Kingston upon Thames,25351,0.5155261
Kingston upon Thames,25352,0.5323691
Kingston upon Thames,25353,0.56268656
Kingston upon Thames,25354,0.56776863
Kingston upon Thames,25355,0.5818349
Kingston upon Thames,25356,0.5793844
Kingston upon Thames,25357,0.5864658
Kingston upon Thames,25358,0.59753144
Kingston upon Thames,25359,0.622426
Kingston upon Thames,25360,0.6160655
Kingston upon Thames,25571,0.54718393
Kingston upon Thames,25572,0.49250332
Kingston upon Thames,25577,0.5734911
Kingston upon Thames,26592,0.5529957
Kingston upon Thames,26593,0.5398635
Kingston upon Thames,2710,0.5165642
Kingston upon Thames,2711,0.504718
Kingston upon Thames,27354,0.6103221
Kingston upon Thames,27358,0.6425207
Kingston upon Thames,27360,0.6023884
Kingston upon Thames,27378,0.5199326
Kingston upon Thames,27379,0.5752215
Kingston upon Thames,27383,0.58685535
Kingston upon Thames,27386,0.5595242
Kingston upon Thames,27387,0.58047783
Kingston upon Thames,27388,0.55496573
Kingston upon Thames,27532,0.5808543
Kingston upon Thames,27533,0.58869356
Kingston upon Thames,27573,0.53496236
Kingston upon Thames,27708,0.5432822
Kingston upon Thames,28215,0.54052955
Kingston upon Thames,29816,0.6041705
Kingston upon Thames,29817,0.6025557
Kingston upon Thames,29818,0.5149692
Kingston upon Thames,29819,0.50031585
Kingston upon Thames,31468,0.5899204
Kingston upon Thames,31742,0.5815007
Kingston upon Thames,33029,0.5555274
Kingston upon Thames,33031,0.552931
Kingston upon Thames,33032,0.5487622
Kingston upon Thames,33034,0.54908663
Kingston upon Thames,33058,0.50343823
Kingston upon Thames,33059,0.5507658
Kingston upon Thames,33077,0.5330906
Kingston upon Thames,33078,0.5099957
Kingston upon Thames,33216,0.5741719
Kingston upon Thames,33217,0.5841903
Kingston upon Thames,33218,0.6023701
Kingston upon Thames,33219,0.5642428
Kingston upon Thames,33268,0.52294356
Kingston upon Thames,33269,0.5285783
Kingston upon Thames,33389,0.55649894
Kingston upon Thames,33470,0.48875093
Kingston upon Thames,33471,0.48510307
Kingston upon Thames,33472,0.59565556
Kingston upon Thames,33473,0.60682374
Kingston upon Thames,33474,0.5807826
Kingston upon Thames,33475,0.5790427
Kingston upon Thames,33588,0.58045405
Kingston upon Thames,33590,0.59304965
Kingston upon Thames,33591,0.5939679
Kingston upon Thames,33592,0.5860937
Kingston upon Thames,33613,0.4979484
Kingston upon Thames,33921,0.57402444
Kingston upon Thames,33938,0.59769964
Kingston upon Thames,34031,0.5802784
Kingston upon Thames,34034,0.5061431
Kingston upon Thames,34035,0.48667502
Kingston upon Thames,34254,0.51814836
Kingston upon Thames,3472,0.48765844
Kingston upon Thames,3475,0.59818494
Kingston upon Thames,3476,0.55573547
Kingston upon Thames,3477,0.56317174
Kingston upon Thames,35376,0.58208793
Kingston upon Thames,35733,0.557096
Kingston upon Thames,3620,0.6120154
Kingston upon Thames,36894,0.5648739
Kingston upon Thames,36903,0.453164
Kingston upon Thames,37293,0.5788767
Kingston upon Thames,3794,0.54689544
Kingston upon Thames,3795,0.56900173
Kingston upon Thames,4477,0.57381874
Kingston upon Thames,4479,0.58058393
Kingston upon Thames,4480,0.650285
Kingston upon Thames,4483,0.5311539
Kingston upon Thames,4486,0.6130634
Kingston upon Thames,4489,0.5367736
Kingston upon Thames,4507,0.60334903
Kingston upon Thames,4508,0.5983151
Kingston upon Thames,4510,0.5291878
Kingston upon Thames,4513,0.5860047
Kingston upon Thames,4514,0.59960175
Kingston upon Thames,4515,0.583383
Kingston upon Thames,4516,0.58345914
Kingston upon Thames,4517,0.49715066
Kingston upon Thames,4518,0.5076405
Kingston upon Thames,4520,0.6444743
Kingston upon Thames,4521,0.5340065
Kingston upon Thames,4522,0.53432304
Kingston upon Thames,4523,0.58385605
Kingston upon Thames,4524,0.5629355
Kingston upon Thames,6726,0.60010976
Kingston upon Thames,9796,0.55637074
Kingston upon Thames,9797,0.5294897
Kingston upon Thames,BP034,0.6046657
Kingston upon Thames,BP035,0.64582545
Kingston upon Thames,BP036,0.56442386
Kingston upon Thames,BP069,0.5786386
Kingston upon Thames,BP070,0.5140769
Kingston upon Thames,BP1268,0.5671243
Kingston upon Thames,BP1337,0.58217853
Kingston upon Thames,BP1338,0.586308
Kingston upon Thames,BP1528,0.59824574
Kingston upon Thames,BP1645,0.5112506
Kingston upon Thames,BP1646,0.57765436
Kingston upon Thames,BP1685,0.5593049
Kingston upon Thames,BP1735,0.54166615
Kingston upon Thames,BP1736,0.56990147
Kingston upon Thames,BP1737,0.5830511
Kingston upon Thames,BP189,0.5188271
Kingston upon Thames,BP1957,0.47082004
Kingston upon Thames,BP1958,0.4975184
Kingston upon Thames,BP1959,0.48239657
Kingston upon Thames,BP1960,0.50210714
Kingston upon Thames,BP2466,0.45465496
Kingston upon Thames,BP2599,0.5664981
Kingston upon Thames,BP2614,0.5378506
Kingston upon Thames,BP2674,0.52222174
Kingston upon Thames,BP272,0.62078685
Kingston upon Thames,BP2730,0.5690935
Kingston upon Thames,BP2819,0.54241693
Kingston upon Thames,BP2820,0.54209626
Kingston upon Thames,BP285,0.60445046
Kingston upon Thames,BP3109,0.5385504
Kingston upon Thames,BP3310,0.53783965
Kingston upon Thames,BP3422,0.55007285
Kingston upon Thames,BP3619,0.4902073
Kingston upon Thames,BP3620,0.5066626
Kingston upon Thames,BP3621,0.5140141
Kingston upon Thames,BP3622,0.5066567
Kingston upon Thames,BP3623,0.5126189
Kingston upon Thames,BP379,0.5322568
Kingston upon Thames,BP386,0.604101
Kingston upon Thames,BP387,0.6260643
Kingston upon Thames,BP3896,0.54339063
Kingston upon Thames,BP3897,0.5224796
Kingston upon Thames,BP4119,0.49587393
Kingston upon Thames,BP4479,0.5219833
Kingston upon Thames,BP4621,0.53509504
Kingston upon Thames,BP479,0.5802012
Kingston upon Thames,BP4867,0.5325224
Kingston upon Thames,BP488,0.56862366
Kingston upon Thames,BP490,0.58103096
Kingston upon Thames,BP491,0.5926228
Kingston upon Thames,BP4916,0.5731305
Kingston upon Thames,BP4917,0.57982004
Kingston upon Thames,BP492,0.58471143
Kingston upon Thames,BP4929,0.5827591
Kingston upon Thames,BP493,0.57548386
Kingston upon Thames,BP496,0.5734744
Kingston upon Thames,BP497,0.5871981
Kingston upon Thames,BP499,0.59667426
Kingston upon Thames,BP4990,0.6346162
Kingston upon Thames,BP4997,0.5915949
Kingston upon Thames,BP4998,0.5868415
Kingston upon Thames,BP4999,0.62545127
Kingston upon Thames,BP5000,0.5986986
Kingston upon Thames,BP5001,0.60778815
Kingston upon Thames,BP5002,0.59082234
Kingston upon Thames,BP504,0.5663911
Kingston upon Thames,BP5157,0.62740517
Kingston upon Thames,BP5198,0.56582636
Kingston upon Thames,BP5304,0.5759076
Kingston upon Thames,BP5305,0.60741377
Kingston upon Thames,BP5327,0.53251386
Kingston upon Thames,BP5328,0.5130997
Kingston upon Thames,BP5377,0.5387726
Kingston upon Thames,BP5378,0.539818
Kingston upon Thames,BP5494,0.57422185
Kingston upon Thames,BP5596,0.5649095
Kingston upon Thames,BP5597,0.562765
Kingston upon Thames,BP5598,0.5657257
Kingston upon Thames,BP5669,0.51058793
Kingston upon Thames,BP5671,0.58528745
Kingston upon Thames,BP5683,0.64667666
Kingston upon Thames,BP5719,0.53064287
Kingston upon Thames,BP5741,0.52912134
Kingston upon Thames,BP5778,0.49466684
Kingston upon Thames,BP5779,0.51823676
Kingston upon Thames,BP5780,0.52272326
Kingston upon Thames,BP5781,0.49607474
Kingston upon Thames,BP5796,0.5659306
Kingston upon Thames,BP5838,0.58315563
Kingston upon Thames,BP5839,0.5330803
Kingston upon Thames,BP618,0.5551783
Kingston upon Thames,BP780,0.5654567
Kingston upon Thames,BP964,0.5014776
Kingston upon Thames,C17,0.52301675
Kingston upon Thames,FW1,0.5591176
Kingston upon Thames,HC69,0.573368
Kingston upon Thames,HC70,0.5540522
Kingston upon Thames,HC71,0.55103904
Kingston upon Thames,HC72,0.46090773
Kingston upon Thames,HC77,0.5353884
Kingston upon Thames,HC78,0.49649978
Kingston upon Thames,HC79,0.5242563
Kingston upon Thames,HC80,0.51810217
Kingston upon Thames,OC443,0.5701478
Kingston upon Thames,OC446,0.5729048
Kingston upon Thames,OC447,0.62121886
Kingston upon Thames,OC448,0.58648497
Kingston upon Thames,OC454,0.5507252
Kingston upon Thames,OC456,0.55126053
Kingston upon Thames,OC586,0.56898665
Kingston upon Thames,OC587,0.625016
Kingston upon Thames,OC588,0.58974504
Kingston upon Thames,OC611,0.5443545
Kingston upon Thames,OC622,0.5421721
Kingston upon Thames,OC890,0.55921435
Kingston upon Thames,OC896,0.56524307
Kingston upon Thames,OC897,0.4816843
Kingston upon Thames,OC898,0.4858377
Kingston upon Thames,OC899,0.44206864
Kingston upon Thames,R0111,0.57239527
Kingston upon Thames,R0127,0.5421446
Kingston upon Thames,R0130,0.61541677
Kingston upon Thames,R0132,0.54017574
Kingston upon Thames,R0133,0.5260505
Kingston upon Thames,R0154,0.5521284
Kingston upon Thames,R0160,0.5399471
Kingston upon Thames,R0162,0.5291993
Kingston upon Thames,R0167,0.5664278
Kingston upon Thames,R0279,0.52246684
Kingston upon Thames,R0287,0.52278084
Kingston upon Thames,R0292,0.59611404
Kingston upon Thames,R0348,0.55345917
Kingston upon Thames,R0685,0.5958189
Kingston upon Thames,R0691,0.5955678
Kingston upon Thames,R0698,0.57605314
Kingston upon Thames,R0699,0.6246251
Kingston upon Thames,R0700,0.62387115
Kingston upon Thames,R0701,0.60681695
Kingston upon Thames,R0702,0.612369
Kingston upon Thames,R0705,0.60161155
Kingston upon Thames,R0861,0.5511237
Kingston upon Thames,R0872,0.59291214
Kingston upon Thames,R0901,0.53112334
Lambeth,1047,0.47594225
Lambeth,1048,0.47402665
Lambeth,1087,0.41709703
Lambeth,1089,0.50775015
Lambeth,1108,0.48723432
Lambeth,11755,0.5757339
Lambeth,12751,0.5145733
Lambeth,12752,0.5143093
Lambeth,12753,0.4992182
Lambeth,12754,0.5298804
Lambeth,12755,0.5328416
Lambeth,12757,0.5703876
Lambeth,12758,0.57299954
Lambeth,12759,0.5476437
Lambeth,12763,0.511139
Lambeth,12766,0.5236932
Lambeth,12767,0.5188381
Lambeth,12768,0.54179025
Lambeth,12769,0.5230869
Lambeth,12770,0.5272526
Lambeth,12773,0.5042915
Lambeth,12774,0.5497545
Lambeth,12777,0.5340949
Lambeth,12778,0.56109416
Lambeth,12781,0.5283823
Lambeth,12783,0.5855949
Lambeth,12784,0.5514412
Lambeth,12785,0.5938179
Lambeth,12786,0.60441023
Lambeth,12787,0.643588
Lambeth,12789,0.548631
Lambeth,12790,0.55725724
Lambeth,12793,0.56342936
Lambeth,12795,0.5737598
Lambeth,12796,0.5855278
Lambeth,12799,0.5893554
Lambeth,12800,0.58364975
Lambeth,12801,0.610419
Lambeth,12802,0.51611465
Lambeth,12803,0.5509876
Lambeth,12804,0.50051254
Lambeth,12805,0.51075995
Lambeth,12806,0.5156304
Lambeth,12807,0.5193029
Lambeth,12817,0.5026099
Lambeth,12818,0.4375587
Lambeth,12822,0.41298202
Lambeth,12825,0.48091295
Lambeth,12826,0.41318703
Lambeth,12827,0.48763958
Lambeth,12830,0.49659747
Lambeth,12831,0.5150595
Lambeth,12832,0.4789661
Lambeth,12833,0.51795614
Lambeth,12847,0.486381
Lambeth,12908,0.5477154
Lambeth,12909,0.5477614
Lambeth,12930,0.45770532
Lambeth,13167,0.57569236
Lambeth,13168,0.5334912
Lambeth,13169,0.4764685
Lambeth,13170,0.5323156
Lambeth,13171,0.5613278
Lambeth,13174,0.5097194
Lambeth,13175,0.56680727
Lambeth,13176,0.5673586
Lambeth,13178,0.5650005
Lambeth,13180,0.5109216
Lambeth,13181,0.5049143
Lambeth,13182,0.56955963
Lambeth,13246,0.51513827
Lambeth,13247,0.5141915
Lambeth,13249,0.5393137
Lambeth,13250,0.5465418
Lambeth,13251,0.5326445
Lambeth,13255,0.5565506
Lambeth,13256,0.5657328
Lambeth,13258,0.5581705
Lambeth,13259,0.56016314
Lambeth,13260,0.56481516
Lambeth,13262,0.5580636
Lambeth,13263,0.5916037
Lambeth,13266,0.6146514
Lambeth,13270,0.57799923
Lambeth,13271,0.6033213
Lambeth,13272,0.51124656
Lambeth,13273,0.5528014
Lambeth,13277,0.5932127
Lambeth,13279,0.58783907
Lambeth,13286,0.5152464
Lambeth,13287,0.6072746
Lambeth,13288,0.5850708
Lambeth,13289,0.49157435
Lambeth,13290,0.5191508
Lambeth,13298,0.51813406
Lambeth,13317,0.55768377
Lambeth,13319,0.57744473
Lambeth,13322,0.6031497
Lambeth,13323,0.5955747
Lambeth,13324,0.5520975
Lambeth,13325,0.5965611
Lambeth,13326,0.6240916
Lambeth,13329,0.47139648
Lambeth,13330,0.47495082
Lambeth,13332,0.43029925
Lambeth,13335,0.47694176
Lambeth,13336,0.48026878
Lambeth,13339,0.6568951
Lambeth,13340,0.63849086
Lambeth,13343,0.6154765
Lambeth,13346,0.63986045
Lambeth,13347,0.65338564
Lambeth,13352,0.5745597
Lambeth,13353,0.60163283
Lambeth,13354,0.58487177
Lambeth,13355,0.57765967
Lambeth,13356,0.5399375
Lambeth,13357,0.5413689
Lambeth,13360,0.48175272
Lambeth,13363,0.5573881
Lambeth,13366,0.61373276
Lambeth,13367,0.5803818
Lambeth,13369,0.5680397
Lambeth,13371,0.5811822
Lambeth,13374,0.57477784
Lambeth,13392,0.44951317
Lambeth,13396,0.5129805
Lambeth,13605,0.5496117
Lambeth,1403,0.5392256
Lambeth,1404,0.5419456
Lambeth,1405,0.44431654
Lambeth,1406,0.44952455
Lambeth,1416,0.61539257
Lambeth,1433,0.5478724
Lambeth,14360,0.51162344
Lambeth,14622,0.52688557
Lambeth,14638,0.46653724
Lambeth,14659,0.52030873
Lambeth,14669,0.34447223
Lambeth,14670,0.3465295
Lambeth,14671,0.38307607
Lambeth,14672,0.3775481
Lambeth,15100,0.57131165
Lambeth,15101,0.55349153
Lambeth,1641,0.42292163
Lambeth,16598,0.5848101
Lambeth,1667,0.49671426
Lambeth,1764,0.6536882
Lambeth,17701,0.514069
Lambeth,1832,0.5566492
Lambeth,1833,0.5578858
Lambeth,1835,0.46859303
Lambeth,1836,0.4024175
Lambeth,1837,0.39621595
Lambeth,1851,0.6521293
Lambeth,1952,0.40541363
Lambeth,1955,0.49012747
Lambeth,1956,0.5000902
Lambeth,2013,0.5475057
Lambeth,20547,0.57248646
Lambeth,20970,0.65896827
Lambeth,2143,0.40013874
Lambeth,2156,0.50448257
Lambeth,2157,0.5093764
Lambeth,2163,0.4762609
Lambeth,2164,0.47593784
Lambeth,2246,0.4819787
Lambeth,231,0.54178816
Lambeth,23185,0.39065135
Lambeth,2324,0.54872435
Lambeth,2328,0.52298343
Lambeth,2329,0.49282408
Lambeth,233,0.49600187
Lambeth,2338,0.514277
Lambeth,2339,0.509317
Lambeth,2340,0.5527979
Lambeth,2341,0.5483973
Lambeth,2342,0.5893125
Lambeth,235,0.4333915
Lambeth,2355,0.5073914
Lambeth,236,0.5132533
Lambeth,237,0.50904965
Lambeth,238,0.51241875
Lambeth,2382,0.43217897
Lambeth,2391,0.50435114
Lambeth,2392,0.5074022
Lambeth,2393,0.53025067
Lambeth,2394,0.558564
Lambeth,2395,0.5339978
Lambeth,2396,0.55850565
Lambeth,2397,0.5684812
Lambeth,2398,0.56258976
Lambeth,240,0.5660363
Lambeth,2403,0.68128973
Lambeth,2404,0.62887514
Lambeth,24458,0.5787619
Lambeth,24647,0.3984306
Lambeth,25552,0.32888195
Lambeth,25559,0.4685273
Lambeth,25560,0.51456064
Lambeth,25561,0.52019566
Lambeth,25562,0.5044234
Lambeth,25563,0.5165035
Lambeth,25564,0.5801579
Lambeth,25637,0.4717473
Lambeth,25638,0.44834128
Lambeth,25640,0.37071526
Lambeth,25641,0.36895698
Lambeth,25642,0.4218212
Lambeth,25643,0.48517904
Lambeth,25644,0.44639763
Lambeth,25645,0.41186777
Lambeth,25646,0.41680267
Lambeth,25647,0.4170566
Lambeth,25648,0.4081486
Lambeth,25649,0.3847272
Lambeth,25650,0.3895377
Lambeth,25652,0.38696995
Lambeth,25653,0.38986057
Lambeth,25654,0.37633097
Lambeth,25666,0.5640067
Lambeth,25680,0.53960854
Lambeth,25681,0.54328334
Lambeth,25682,0.5528533
Lambeth,25683,0.5508884
Lambeth,25684,0.5011525
Lambeth,25685,0.48370507
Lambeth,25686,0.49178782
Lambeth,25687,0.54088295
Lambeth,25689,0.5704479
Lambeth,25691,0.5837661
Lambeth,25856,0.6560798
Lambeth,25857,0.6522772
Lambeth,25859,0.51663923
Lambeth,25860,0.5664126
Lambeth,25861,0.54224104
Lambeth,25893,0.48854786
Lambeth,25895,0.4630504
Lambeth,25896,0.45066452
Lambeth,2593,0.45471817
Lambeth,25945,0.5194226
Lambeth,25955,0.45836893
Lambeth,25963,0.64657366
Lambeth,25988,0.4664736
Lambeth,25990,0.5190561
Lambeth,25991,0.49384284
Lambeth,26057,0.52652675
Lambeth,26190,0.381719
Lambeth,26203,0.5130474
Lambeth,26299,0.65643686
Lambeth,26300,0.6226842
Lambeth,26301,0.6472131
Lambeth,26321,0.46951497
Lambeth,26322,0.48319483
Lambeth,26323,0.48401973
Lambeth,26325,0.49490255
Lambeth,26340,0.4363126
Lambeth,26341,0.5225409
Lambeth,26342,0.54030496
Lambeth,26402,0.5853381
Lambeth,26403,0.5141133
Lambeth,26407,0.49358273
Lambeth,26408,0.52911747
Lambeth,26409,0.47204968
Lambeth,26487,0.41396058
Lambeth,2649,0.3892264
Lambeth,2650,0.41344798
Lambeth,26761,0.40855086
Lambeth,26763,0.41781542
Lambeth,26764,0.41892272
Lambeth,26765,0.446614
Lambeth,26766,0.3411047
Lambeth,26768,0.4333854
Lambeth,26826,0.439023
Lambeth,27495,0.56978506
Lambeth,27509,0.5097712
Lambeth,27540,0.652224
Lambeth,27845,0.5492709
Lambeth,27963,0.5462654
Lambeth,27966,0.6534315
Lambeth,29249,0.56988704
Lambeth,29450,0.62329453
Lambeth,29685,0.5521211
Lambeth,29791,0.3985954
Lambeth,3019,0.6248035
Lambeth,3038,0.51729447
Lambeth,3246,0.50709164
Lambeth,3247,0.5085142
Lambeth,3297,0.36719358
Lambeth,33432,0.46478713
Lambeth,33882,0.57258904
Lambeth,34321,0.48454556
Lambeth,34686,0.6502602
Lambeth,34748,0.5081015
Lambeth,35036,0.5731356
Lambeth,35037,0.5592559
Lambeth,35200,0.47766808
Lambeth,35254,0.5136654
Lambeth,35303,0.59716547
Lambeth,35304,0.57894486
Lambeth,36214,0.5044595
Lambeth,36915,0.67291754
Lambeth,36936,0.5433538
Lambeth,36937,0.5841091
Lambeth,36938,0.557333
Lambeth,36939,0.4645137
Lambeth,36940,0.461309
Lambeth,36941,0.53046954
Lambeth,36942,0.53658944
Lambeth,36943,0.48987022
Lambeth,36944,0.4806573
Lambeth,36945,0.5520312
Lambeth,37121,0.64011717
Lambeth,3715,0.42573434
Lambeth,37154,0.48502746
Lambeth,37183,0.5881249
Lambeth,37266,0.6447656
Lambeth,37267,0.3594435
Lambeth,37369,0.40061045
Lambeth,37420,0.42879802
Lambeth,37674,0.42071113
Lambeth,384,0.40994444
Lambeth,386,0.40540445
Lambeth,387,0.520573
Lambeth,389,0.42642948
Lambeth,390,0.4575416
Lambeth,421,0.51822156
Lambeth,43,0.573616
Lambeth,436,0.5601891
Lambeth,437,0.54898435
Lambeth,451,0.48867124
Lambeth,452,0.5118577
Lambeth,460,0.5933029
Lambeth,464,0.62550217
Lambeth,466,0.63755465
Lambeth,468,0.5921932
Lambeth,4725,0.54527146
Lambeth,4726,0.49976754
Lambeth,4727,0.5116904
Lambeth,4729,0.37215537
Lambeth,4730,0.49166238
Lambeth,4734,0.40042868
Lambeth,4736,0.4170731
Lambeth,4738,0.5172847
Lambeth,474,0.58384925
Lambeth,4741,0.44613507
Lambeth,4742,0.46147045
Lambeth,4744,0.44897607
Lambeth,4745,0.42036828
Lambeth,476,0.60371065
Lambeth,478,0.5156386
Lambeth,480,0.5350991
Lambeth,484,0.4731199
Lambeth,4857,0.5008896
Lambeth,4865,0.6436437
Lambeth,4868,0.59055555
Lambeth,509,0.38470295
Lambeth,517,0.4568781
Lambeth,520,0.40146422
Lambeth,523,0.42785287
Lambeth,531,0.41960227
Lambeth,532,0.48498294
Lambeth,534,0.3992951
Lambeth,539,0.46670556
Lambeth,540,0.49502823
Lambeth,548,0.51607996
Lambeth,549,0.40636945
Lambeth,602,0.4286198
Lambeth,604,0.40204695
Lambeth,608,0.5019783
Lambeth,609,0.5034586
Lambeth,619,0.54435116
Lambeth,705,0.5639163
Lambeth,706,0.56751883
Lambeth,707,0.5729831
Lambeth,708,0.5720701
Lambeth,709,0.5982152
Lambeth,710,0.5935391
Lambeth,716,0.55229694
Lambeth,717,0.51296335
Lambeth,7563,0.37043777
Lambeth,7730,0.59129214
Lambeth,8295,0.2811162
Lambeth,8296,0.36446318
Lambeth,8297,0.39465997
Lambeth,8302,0.38705167
Lambeth,8303,0.3903923
Lambeth,9270,0.5633859
Lambeth,9271,0.50578636
Lambeth,9353,0.5413458
Lambeth,9361,0.5915496
Lambeth,9362,0.5513863
Lambeth,9364,0.44712982
Lambeth,9365,0.51246744
Lambeth,9366,0.49836776
Lambeth,9367,0.50111514
Lambeth,9368,0.5402043
Lambeth,9449,0.5934989
Lambeth,BP1045,0.50510037
Lambeth,BP1050,0.54000574
Lambeth,BP1051,0.5249313
Lambeth,BP1053,0.4868951
Lambeth,BP1054,0.5353038
Lambeth,BP1055,0.5330771
Lambeth,BP1056,0.5356875
Lambeth,BP144,0.41383266
Lambeth,BP145,0.43751144
Lambeth,BP161,0.3443699
Lambeth,BP1619,0.45584315
Lambeth,BP168,0.5421239
Lambeth,BP1695,0.40836263
Lambeth,BP1705,0.5626461
Lambeth,BP1706,0.5659387
Lambeth,BP1707,0.5619624
Lambeth,BP1708,0.5568838
Lambeth,BP1709,0.56408036
Lambeth,BP1710,0.5814485
Lambeth,BP1711,0.57227993
Lambeth,BP1712,0.564415
Lambeth,BP1713,0.56036854
Lambeth,BP1715,0.5644723
Lambeth,BP1785,0.5244348
Lambeth,BP1967,0.4367526
Lambeth,BP1968,0.47435588
Lambeth,BP1969,0.4198004
Lambeth,BP1970,0.4215629
Lambeth,BP1971,0.47412112
Lambeth,BP1972,0.42611724
Lambeth,BP1973,0.4482028
Lambeth,BP2023,0.54134005
Lambeth,BP2025,0.38009146
Lambeth,BP2083,0.5403811
Lambeth,BP2086,0.56532115
Lambeth,BP2251,0.5332276
Lambeth,BP2254,0.5688982
Lambeth,BP2372,0.38478333
Lambeth,BP2394,0.5163962
Lambeth,BP2418,0.6189574
Lambeth,BP2419,0.5973107
Lambeth,BP2502,0.37490672
Lambeth,BP2673,0.46945232
Lambeth,BP2963,0.47754222
Lambeth,BP2964,0.45136452
Lambeth,BP2968,0.44033018
Lambeth,BP2969,0.4541078
Lambeth,BP2970,0.48097047
Lambeth,BP2971,0.43650663
Lambeth,BP2972,0.47100487
Lambeth,BP2973,0.4774371
Lambeth,BP2974,0.430041
Lambeth,BP2975,0.43744668
Lambeth,BP2976,0.43567687
Lambeth,BP2977,0.42652643
Lambeth,BP2978,0.4494677
Lambeth,BP2979,0.42134288
Lambeth,BP2980,0.4831573
Lambeth,BP2981,0.49225223
Lambeth,BP2982,0.48215336
Lambeth,BP2983,0.4551387
Lambeth,BP2984,0.4438284
Lambeth,BP2985,0.45896316
Lambeth,BP2986,0.48698297
Lambeth,BP2987,0.49452147
Lambeth,BP2990,0.46378267
Lambeth,BP2991,0.4278806
Lambeth,BP3075,0.5570804
Lambeth,BP3078,0.48208117
Lambeth,BP3079,0.51809245
Lambeth,BP3080,0.46176675
Lambeth,BP3081,0.47030824
Lambeth,BP3082,0.47440353
Lambeth,BP3083,0.48283237
Lambeth,BP3084,0.48201737
Lambeth,BP3085,0.5127331
Lambeth,BP3086,0.47408414
Lambeth,BP3388,0.56745076
Lambeth,BP3490,0.40188968
Lambeth,BP3773,0.3542446
Lambeth,BP3774,0.39000633
Lambeth,BP3775,0.38571128
Lambeth,BP3776,0.4189472
Lambeth,BP3777,0.39667058
Lambeth,BP4120,0.47799492
Lambeth,BP4154,0.49423575
Lambeth,BP4246,0.56664675
Lambeth,BP4258,0.43636817
Lambeth,BP4259,0.4334724
Lambeth,BP4317,0.39839354
Lambeth,BP4318,0.39791444
Lambeth,BP4319,0.38504398
Lambeth,BP4320,0.3998631
Lambeth,BP4321,0.3545939
Lambeth,BP4322,0.41159365
Lambeth,BP4323,0.38506266
Lambeth,BP4324,0.40335622
Lambeth,BP4457,0.45217425
Lambeth,BP4497,0.53839874
Lambeth,BP4541,0.40863588
Lambeth,BP4542,0.4223803
Lambeth,BP4543,0.4252701
Lambeth,BP4544,0.38291088
Lambeth,BP4545,0.40720263
Lambeth,BP4618,0.4309342
Lambeth,BP5219,0.47045442
Lambeth,BP5346,0.5777948
Lambeth,BP5534,0.57055175
Lambeth,BP5539,0.5666692
Lambeth,BP5558,0.5044954
Lambeth,BP563,0.34945193
Lambeth,BP564,0.36626658
Lambeth,BP565,0.38035142
Lambeth,BP5656,0.5062937
Lambeth,BP566,0.3576723
Lambeth,BP567,0.33402583
Lambeth,BP568,0.34197026
Lambeth,BP569,0.35887384
Lambeth,BP5725,0.55280834
Lambeth,BP5726,0.5419461
Lambeth,BP5774,0.50381273
Lambeth,BP5790,0.50334245
Lambeth,BP5819,0.46795994
Lambeth,BP5827,0.5324875
Lambeth,BP5828,0.5697609
Lambeth,BP5829,0.5107433
Lambeth,BP5830,0.50258356
Lambeth,BP5831,0.50329095
Lambeth,BP5832,0.5009094
Lambeth,BP5833,0.5011801
Lambeth,BP5861,0.43597785
Lambeth,BP5867,0.46583015
Lambeth,BP5868,0.46949232
Lambeth,BP595,0.56260705
Lambeth,BP5978,0.63635683
Lambeth,BP5997,0.420001
Lambeth,BP6011,0.36373696
Lambeth,BP6198,0.46543208
Lambeth,BP6199,0.45804435
Lambeth,BP6200,0.47552052
Lambeth,BP6201,0.47920385
Lambeth,BP6202,0.47462717
Lambeth,BP6230,0.4238104
Lambeth,BP724,0.42997855
Lambeth,BP783,0.54648256
Lambeth,HC129,0.5693387
Lambeth,HC130,0.5753072
Lambeth,HC265,0.5950577
Lambeth,HC266,0.57792205
Lambeth,HC267,0.5427153
Lambeth,HC268,0.52770996
Lambeth,HC440,0.59500694
Lambeth,HC739,0.51725507
Lambeth,HC740,0.51347184
Lambeth,HC741,0.52425367
Lambeth,HC742,0.53812134
Lambeth,HC743,0.5402882
Lambeth,HC784,0.48408297
Lambeth,HC785,0.50402623
Lambeth,HC786,0.48624933
Lambeth,HC787,0.54031575
Lambeth,HC788,0.5029189
Lambeth,HC789,0.49702954
Lambeth,HC790,0.5148849
Lambeth,HC791,0.60125786
Lambeth,HC792,0.5941023
Lambeth,HC793,0.48968074
Lambeth,HC794,0.48388427
Lambeth,OC520,0.5905348
Lambeth,OC521,0.59741676
Lambeth,R0417,0.5764864
Lambeth,R0420,0.5577498
Lambeth,R0421,0.65004504
Lambeth,R0511,0.5603829
Lambeth,R0519,0.5174471
Lambeth,R0540,0.57718766
Lambeth,R0729,0.395204
Lambeth,SL37,0.57204604
Lambeth,W1,0.56535816
Lewisham,110,0.61295176
Lewisham,13156,0.579445
Lewisham,13158,0.5819021
Lewisham,13161,0.5820472
Lewisham,13428,0.5522214
Lewisham,13429,0.52712053
Lewisham,13430,0.5513888
Lewisham,13698,0.5932631
Lewisham,13699,0.592348
Lewisham,13700,0.61511457
Lewisham,13701,0.60987467
Lewisham,13702,0.6088282
Lewisham,13703,0.61556786
Lewisham,13714,0.67470515
Lewisham,13715,0.659634
Lewisham,13718,0.6003752
Lewisham,13720,0.5853847
Lewisham,13721,0.5805634
Lewisham,13744,0.5785005
Lewisham,13810,0.6020438
Lewisham,13852,0.59535414
Lewisham,13856,0.6012003
Lewisham,13859,0.56493354
Lewisham,13862,0.55350363
Lewisham,13863,0.5600758
Lewisham,13864,0.57820904
Lewisham,13865,0.5200533
Lewisham,13869,0.6156404
Lewisham,13872,0.61109585
Lewisham,13873,0.6226922
Lewisham,13874,0.595771
Lewisham,13875,0.5999544
Lewisham,13881,0.57945895
Lewisham,13883,0.52012324
Lewisham,13884,0.5961064
Lewisham,13885,0.51021487
Lewisham,13886,0.5141664
Lewisham,13891,0.51945835
Lewisham,13892,0.53491884
Lewisham,14432,0.48209426
Lewisham,14625,0.61599976
Lewisham,1596,0.601726
Lewisham,16748,0.46437132
Lewisham,16749,0.48207265
Lewisham,16750,0.48110333
Lewisham,16751,0.46332365
Lewisham,17307,0.5660656
Lewisham,17308,0.6459563
Lewisham,17309,0.6453417
Lewisham,17310,0.6290903
Lewisham,17311,0.6505385
Lewisham,17312,0.63367736
Lewisham,17313,0.6397946
Lewisham,17314,0.6756309
Lewisham,17315,0.6749899
Lewisham,17316,0.65958047
Lewisham,17317,0.60925084
Lewisham,17319,0.5975536
Lewisham,17320,0.5978546
Lewisham,17384,0.5928766
Lewisham,17385,0.59579533
Lewisham,17386,0.6001249
Lewisham,17387,0.574468
Lewisham,17388,0.59624475
Lewisham,17389,0.60578877
Lewisham,17390,0.5288244
Lewisham,17391,0.58243483
Lewisham,17392,0.56920743
Lewisham,17393,0.6099351
Lewisham,17394,0.58507633
Lewisham,17395,0.572522
Lewisham,17396,0.5622359
Lewisham,17398,0.5636272
Lewisham,17399,0.52365494
Lewisham,17400,0.5806854
Lewisham,17401,0.5739387
Lewisham,17477,0.50422686
Lewisham,17478,0.545342
Lewisham,17479,0.46676925
Lewisham,17480,0.47838062
Lewisham,17481,0.4748971
Lewisham,17482,0.4732397
Lewisham,17483,0.53916746
Lewisham,17484,0.54678845
Lewisham,17485,0.5692919
Lewisham,17486,0.53314376
Lewisham,17487,0.5007092
Lewisham,17488,0.5200605
Lewisham,17730,0.5085061
Lewisham,17733,0.4535793
Lewisham,17734,0.49976432
Lewisham,17735,0.52056223
Lewisham,17736,0.5290842
Lewisham,17738,0.5111881
Lewisham,17739,0.5204438
Lewisham,17740,0.48734325
Lewisham,17741,0.48988175
Lewisham,17742,0.44273472
Lewisham,17743,0.43861002
Lewisham,17744,0.46132803
Lewisham,17745,0.44869617
Lewisham,17746,0.46609044
Lewisham,17748,0.4739106
Lewisham,17749,0.4861525
Lewisham,17750,0.53345054
Lewisham,17751,0.5616529
Lewisham,17752,0.49326786
Lewisham,17754,0.50477016
Lewisham,17755,0.50172335
Lewisham,17826,0.57175416
Lewisham,17830,0.61661035
Lewisham,17831,0.6094263
Lewisham,17832,0.5964163
Lewisham,17833,0.5943347
Lewisham,17834,0.6220926
Lewisham,17835,0.59211564
Lewisham,17837,0.5142871
Lewisham,17838,0.5163338
Lewisham,17840,0.49075037
Lewisham,17841,0.49844328
Lewisham,17842,0.5135417
Lewisham,17843,0.5076516
Lewisham,17844,0.52081823
Lewisham,17845,0.50365204
Lewisham,17846,0.49351257
Lewisham,17847,0.5251262
Lewisham,17848,0.55133367
Lewisham,18189,0.42161903
Lewisham,18190,0.41937193
Lewisham,1821,0.57885796
Lewisham,1822,0.6007269
Lewisham,18535,0.4163465
Lewisham,18536,0.4132934
Lewisham,18772,0.579972
Lewisham,18773,0.57821757
Lewisham,18774,0.58108276
Lewisham,18775,0.57702917
Lewisham,18776,0.5390099
Lewisham,18777,0.5724428
Lewisham,18778,0.5424634
Lewisham,18779,0.5438051
Lewisham,18780,0.54769045
Lewisham,18781,0.5590769
Lewisham,18782,0.5710541
Lewisham,18783,0.5477915
Lewisham,18784,0.5199482
Lewisham,18844,0.5592321
Lewisham,18917,0.4559739
Lewisham,19021,0.5510743
Lewisham,19022,0.5745318
Lewisham,19023,0.5800802
Lewisham,1930,0.47701183
Lewisham,19565,0.58664566
Lewisham,19637,0.55794847
Lewisham,19638,0.56894565
Lewisham,19639,0.5594328
Lewisham,19640,0.5338389
Lewisham,19643,0.54495156
Lewisham,19644,0.51544374
Lewisham,19645,0.5381353
Lewisham,19646,0.5184476
Lewisham,19708,0.54406244
Lewisham,19709,0.54347265
Lewisham,1971,0.65835017
Lewisham,19710,0.51791334
Lewisham,19711,0.52073663
Lewisham,19712,0.524529
Lewisham,19713,0.54422534
Lewisham,19714,0.52319574
Lewisham,19715,0.5259249
Lewisham,1972,0.66208756
Lewisham,1977,0.5938122
Lewisham,1978,0.5826879
Lewisham,1980,0.5657046
Lewisham,1981,0.5693517
Lewisham,1982,0.5533255
Lewisham,1983,0.56665176
Lewisham,1992,0.6100813
Lewisham,1995,0.5866865
Lewisham,1998,0.54563147
Lewisham,1999,0.5082789
Lewisham,2000,0.52485424
Lewisham,2004,0.53506756
Lewisham,2005,0.5264266
Lewisham,20101,0.5518525
Lewisham,20102,0.5455428
Lewisham,20399,0.53258616
Lewisham,20400,0.5252078
Lewisham,20518,0.59114784
Lewisham,20542,0.52344924
Lewisham,20543,0.56498504
Lewisham,20775,0.48973784
Lewisham,2127,0.58181316
Lewisham,2224,0.5714735
Lewisham,23410,0.59243095
Lewisham,24648,0.6912694
Lewisham,24705,0.69013286
Lewisham,25280,0.44704166
Lewisham,25281,0.47574812
Lewisham,25283,0.5041416
Lewisham,2567,0.65126395
Lewisham,25915,0.6159914
Lewisham,25916,0.61248034
Lewisham,25917,0.6089755
Lewisham,25918,0.58155525
Lewisham,25920,0.5879462
Lewisham,26014,0.56135327
Lewisham,26016,0.5650549
Lewisham,26018,0.61424494
Lewisham,26020,0.6017392
Lewisham,26021,0.60711926
Lewisham,26022,0.6099159
Lewisham,26025,0.503303
Lewisham,26026,0.5474058
Lewisham,26027,0.52101773
Lewisham,26028,0.5244808
Lewisham,26030,0.5338653
Lewisham,26032,0.57651794
Lewisham,26066,0.61119086
Lewisham,26071,0.6313774
Lewisham,26072,0.6312398
Lewisham,26073,0.5929191
Lewisham,26074,0.5881583
Lewisham,26075,0.56958276
Lewisham,26076,0.59591144
Lewisham,26077,0.5601959
Lewisham,26078,0.5584769
Lewisham,26079,0.56879675
Lewisham,26080,0.56473655
Lewisham,26096,0.6130058
Lewisham,26097,0.60708225
Lewisham,26098,0.6188947
Lewisham,26099,0.61596906
Lewisham,26113,0.5220689
Lewisham,26114,0.5800817
Lewisham,26115,0.5720529
Lewisham,26116,0.5584195
Lewisham,26117,0.5682846
Lewisham,26118,0.53319657
Lewisham,26119,0.5289034
Lewisham,26120,0.57000935
Lewisham,26121,0.53756475
Lewisham,26219,0.5918443
Lewisham,26250,0.52942234
Lewisham,26251,0.52921224
Lewisham,26252,0.5341132
Lewisham,26253,0.5368232
Lewisham,26254,0.5338316
Lewisham,26255,0.5107356
Lewisham,26256,0.5047817
Lewisham,26257,0.5382328
Lewisham,26258,0.54282784
Lewisham,26259,0.54342914
Lewisham,26260,0.5419929
Lewisham,26261,0.55726135
Lewisham,26262,0.53005826
Lewisham,26263,0.5517491
Lewisham,26264,0.52929574
Lewisham,26265,0.51881385
Lewisham,26266,0.51416314
Lewisham,26267,0.4914208
Lewisham,26268,0.51027614
Lewisham,26269,0.52964777
Lewisham,26273,0.50000626
Lewisham,26274,0.5693835
Lewisham,26276,0.5898857
Lewisham,26278,0.5696401
Lewisham,26279,0.5792676
Lewisham,26280,0.5383918
Lewisham,26281,0.5370583
Lewisham,26283,0.54042286
Lewisham,26284,0.57655275
Lewisham,26285,0.612185
Lewisham,26286,0.61601365
Lewisham,26292,0.56941265
Lewisham,26294,0.6508845
Lewisham,26296,0.5975361
Lewisham,26343,0.6956254
Lewisham,26354,0.5521405
Lewisham,26355,0.553439
Lewisham,26414,0.55877715
Lewisham,26415,0.558344
Lewisham,26416,0.68077093
Lewisham,26719,0.54379123
Lewisham,26721,0.6162744
Lewisham,26722,0.6550451
Lewisham,27058,0.6625917
Lewisham,27310,0.4880094
Lewisham,27712,0.57664734
Lewisham,27713,0.5757548
Lewisham,27714,0.5612865
Lewisham,27716,0.5819372
Lewisham,27720,0.5452952
Lewisham,27722,0.60310334
Lewisham,27724,0.60511
Lewisham,27726,0.5722969
Lewisham,27728,0.58057743
Lewisham,27730,0.58355093
Lewisham,27766,0.5741277
Lewisham,27767,0.5721195
Lewisham,283,0.56345993
Lewisham,288,0.6818564
Lewisham,29292,0.56208843
Lewisham,29309,0.57516164
Lewisham,29441,0.48597068
Lewisham,29442,0.4607802
Lewisham,29745,0.61288404
Lewisham,29810,0.49992537
Lewisham,33056,0.5426897
Lewisham,33100,0.6656683
Lewisham,33101,0.6757243
Lewisham,33426,0.57649076
Lewisham,33490,0.5903688
Lewisham,33777,0.5646172
Lewisham,33782,0.63285005
Lewisham,33783,0.63494825
Lewisham,33784,0.5949877
Lewisham,33785,0.59532523
Lewisham,33786,0.57325274
Lewisham,33787,0.5685585
Lewisham,3383,0.55094045
Lewisham,3384,0.5566178
Lewisham,34080,0.5842233
Lewisham,34081,0.5853559
Lewisham,34231,0.472094
Lewisham,34265,0.57451755
Lewisham,34481,0.62466526
Lewisham,35161,0.5851335
Lewisham,35184,0.621305
Lewisham,35185,0.6207934
Lewisham,35186,0.6196749
Lewisham,35187,0.6041275
Lewisham,35189,0.5895007
Lewisham,35192,0.61036825
Lewisham,35193,0.6129496
Lewisham,35194,0.6226328
Lewisham,35195,0.65593404
Lewisham,35196,0.6193441
Lewisham,35197,0.64413255
Lewisham,35198,0.59294116
Lewisham,35277,0.60039103
Lewisham,35320,0.5604749
Lewisham,35611,0.6070168
Lewisham,35677,0.47870302
Lewisham,35750,0.57778996
Lewisham,36536,0.64500785
Lewisham,36537,0.65904963
Lewisham,36585,0.6588963
Lewisham,36954,0.6013118
Lewisham,37056,0.6332054
Lewisham,37057,0.6137683
Lewisham,37059,0.6795667
Lewisham,37060,0.62441844
Lewisham,37061,0.5997766
Lewisham,37062,0.5593658
Lewisham,37063,0.6480443
Lewisham,37113,0.4903397
Lewisham,37114,0.55980086
Lewisham,37116,0.4780774
Lewisham,37118,0.4905014
Lewisham,37119,0.48964924
Lewisham,37142,0.49086466
Lewisham,37428,0.5679946
Lewisham,40007,0.63112295
Lewisham,40008,0.59671694
Lewisham,40011,0.4953523
Lewisham,40053,0.64751613
Lewisham,40054,0.6426053
Lewisham,40089,0.60338265
Lewisham,40090,0.5926743
Lewisham,40091,0.589753
Lewisham,43001,0.42575213
Lewisham,43002,0.45895767
Lewisham,43003,0.37381017
Lewisham,43004,0.4816111
Lewisham,43005,0.46419135
Lewisham,43006,0.47036374
Lewisham,43007,0.4702475
Lewisham,43008,0.44452536
Lewisham,46008,0.5528054
Lewisham,46009,0.5527848
Lewisham,46010,0.57926345
Lewisham,46011,0.5445391
Lewisham,46012,0.57066435
Lewisham,46013,0.583586
Lewisham,46014,0.5783021
Lewisham,46015,0.5749467
Lewisham,46016,0.61777925
Lewisham,46017,0.60833055
Lewisham,46018,0.60558164
Lewisham,46019,0.6130108
Lewisham,46020,0.58981234
Lewisham,46021,0.59973216
Lewisham,46022,0.5586608
Lewisham,46023,0.5732966
Lewisham,4629,0.5635555
Lewisham,4631,0.6609551
Lewisham,4747,0.50516254
Lewisham,4748,0.50260824
Lewisham,4749,0.5168533
Lewisham,4752,0.5840548
Lewisham,485,0.6275217
Lewisham,486,0.63524485
Lewisham,490,0.60263145
Lewisham,7566,0.5115684
Lewisham,8409,0.6106308
Lewisham,915,0.57661176
Lewisham,925,0.5323604
Lewisham,BP006,0.5500031
Lewisham,BP007,0.54479796
Lewisham,BP009,0.5017978
Lewisham,BP010,0.43786195
Lewisham,BP011,0.42957187
Lewisham,BP012,0.4706611
Lewisham,BP1040,0.67949986
Lewisham,BP1042,0.60527825
Lewisham,BP1097,0.57409304
Lewisham,BP1099,0.58543646
Lewisham,BP1100,0.5888373
Lewisham,BP1112,0.6176817
Lewisham,BP1113,0.61892325
Lewisham,BP1114,0.6253421
Lewisham,BP1115,0.6229587
Lewisham,BP1116,0.62667644
Lewisham,BP1199,0.5774954
Lewisham,BP1206,0.5115613
Lewisham,BP1207,0.50944304
Lewisham,BP1208,0.5194511
Lewisham,BP1209,0.5508933
Lewisham,BP1210,0.56526893
Lewisham,BP1211,0.52677965
Lewisham,BP1212,0.57000875
Lewisham,BP1213,0.5730892
Lewisham,BP1214,0.5794952
Lewisham,BP1215,0.5596042
Lewisham,BP1216,0.57155657
Lewisham,BP1217,0.57007587
Lewisham,BP1218,0.5618528
Lewisham,BP1219,0.56692165
Lewisham,BP1220,0.56327486
Lewisham,BP1221,0.5631999
Lewisham,BP1222,0.5890048
Lewisham,BP1223,0.62521654
Lewisham,BP1224,0.6118907
Lewisham,BP1236,0.67071694
Lewisham,BP1237,0.6717136
Lewisham,BP1306,0.5511225
Lewisham,BP1329,0.508008
Lewisham,BP1396,0.57224023
Lewisham,BP1397,0.5769204
Lewisham,BP1403,0.6109442
Lewisham,BP157,0.6418397
Lewisham,BP1787,0.6624045
Lewisham,BP1788,0.6613324
Lewisham,BP2029,0.5621097
Lewisham,BP2037,0.5341942
Lewisham,BP2038,0.551918
Lewisham,BP2043,0.4795585
Lewisham,BP2044,0.47692987
Lewisham,BP2045,0.5043951
Lewisham,BP2046,0.4724772
Lewisham,BP2047,0.5097509
Lewisham,BP2048,0.4658836
Lewisham,BP2052,0.49305594
Lewisham,BP2053,0.4779823
Lewisham,BP2054,0.5044919
Lewisham,BP2055,0.48875177
Lewisham,BP2056,0.5074062
Lewisham,BP2057,0.49264827
Lewisham,BP2252,0.6266471
Lewisham,BP2253,0.5454085
Lewisham,BP232,0.4499348
Lewisham,BP2325,0.5822421
Lewisham,BP233,0.43213144
Lewisham,BP2388,0.6582031
Lewisham,BP2389,0.6500169
Lewisham,BP2538,0.4848852
Lewisham,BP2552,0.56328017
Lewisham,BP2742,0.5674563
Lewisham,BP2787,0.58616334
Lewisham,BP2995,0.5546287
Lewisham,BP3072,0.48816898
Lewisham,BP3202,0.43315318
Lewisham,BP3348,0.5910694
Lewisham,BP3538,0.4606225
Lewisham,BP3881,0.53079766
Lewisham,BP3882,0.5371207
Lewisham,BP393,0.5504135
Lewisham,BP4044,0.54271203
Lewisham,BP4045,0.53303623
Lewisham,BP4046,0.54282635
Lewisham,BP4047,0.5329929
Lewisham,BP4048,0.5495326
Lewisham,BP4049,0.6194888
Lewisham,BP4050,0.5413221
Lewisham,BP4063,0.61145014
Lewisham,BP412,0.52533484
Lewisham,BP413,0.5072076
Lewisham,BP414,0.49433115
Lewisham,BP415,0.49440026
Lewisham,BP416,0.48623815
Lewisham,BP417,0.4863463
Lewisham,BP418,0.50529236
Lewisham,BP419,0.5054166
Lewisham,BP420,0.5145479
Lewisham,BP421,0.49649742
Lewisham,BP422,0.5013844
Lewisham,BP423,0.50131285
Lewisham,BP4517,0.58683085
Lewisham,BP4518,0.5716881
Lewisham,BP4533,0.49894792
Lewisham,BP4534,0.4952031
Lewisham,BP460,0.5014922
Lewisham,BP461,0.50275624
Lewisham,BP462,0.5334211
Lewisham,BP463,0.52803636
Lewisham,BP464,0.5168484
Lewisham,BP465,0.5003964
Lewisham,BP466,0.5039973
Lewisham,BP4667,0.46785372
Lewisham,BP467,0.5160044
Lewisham,BP468,0.5376962
Lewisham,BP469,0.50890726
Lewisham,BP470,0.5334171
Lewisham,BP471,0.5079366
Lewisham,BP472,0.49903876
Lewisham,BP473,0.5306491
Lewisham,BP474,0.52658683
Lewisham,BP475,0.49722603
Lewisham,BP483,0.5658756
Lewisham,BP484,0.6061206
Lewisham,BP4996,0.5961222
Lewisham,BP5120,0.43308786
Lewisham,BP5143,0.50260395
Lewisham,BP5144,0.52551115
Lewisham,BP5190,0.4495252
Lewisham,BP5309,0.49639624
Lewisham,BP5310,0.49685502
Lewisham,BP5311,0.4949294
Lewisham,BP5312,0.45513535
Lewisham,BP5313,0.46113133
Lewisham,BP5314,0.46033272
Lewisham,BP5315,0.4578745
Lewisham,BP5316,0.45960286
Lewisham,BP5317,0.441863
Lewisham,BP5318,0.44157848
Lewisham,BP5319,0.45492655
Lewisham,BP5455,0.62073934
Lewisham,BP5550,0.67025197
Lewisham,BP5930,0.55822265
Lewisham,BP5989,0.56503904
Lewisham,BP6028,0.53984636
Lewisham,BP6030,0.5391569
Lewisham,BP6031,0.53892124
Lewisham,BP6032,0.5789576
Lewisham,BP6033,0.5414412
Lewisham,BP6034,0.50241727
Lewisham,BP6035,0.5108391
Lewisham,BP6036,0.5164516
Lewisham,BP6037,0.4874505
Lewisham,BP6144,0.59379077
Lewisham,BP6145,0.6435148
Lewisham,BP6220,0.5121138
Lewisham,BP660,0.50526273
Lewisham,BP661,0.5170413
Lewisham,BP662,0.59100133
Lewisham,BP672,0.65482813
Lewisham,BP729,0.5073703
Lewisham,BP737,0.5992082
Lewisham,BP738,0.60413355
Lewisham,BP744,0.4971351
Lewisham,BP745,0.4910267
Lewisham,BP900,0.54511225
Lewisham,OC605,0.54469746
Lewisham,OC612,0.52361196
Lewisham,OC614,0.49198478
Lewisham,OC659,0.5270857
Lewisham,OC660,0.49732968
Lewisham,R0083,0.6649885
Lewisham,R0401,0.53557926
Lewisham,R0403,0.50294816
Lewisham,R0404,0.3965111
Lewisham,R0406,0.49422178
Lewisham,R0410,0.48190743
Lewisham,R0411,0.5671609
Lewisham,R0412,0.57411534
Lewisham,R0413,0.45527333
Lewisham,R0414,0.49648896
Lewisham,R0441,0.5460311
Lewisham,R0443,0.6102637
Lewisham,R0444,0.6072828
Lewisham,R0464,0.6726837
Lewisham,R0465,0.6706516
Lewisham,R0533,0.56940055
Lewisham,R0556,0.55833054
Lewisham,R0567,0.59072477
Lewisham,13811,0.5829598
Lewisham,2225,0.5961195
Lewisham,26015,0.58551854
Lewisham,BP5837,0.5544446
Lewisham,BP5977,0.59359914
Lewisham,BP6024,0.56432027
Lewisham,BP6025,0.56738216
Lewisham,BP6026,0.5733627
Lewisham,BP6029,0.57647085
Lewisham,R0086,0.59914666
Lewisham,R0445,0.5822993
Lewisham,R0446,0.58287287
Lewisham,R0640,0.59180605
Merton,1005,0.58521056
Merton,10281,0.5307625
Merton,10282,0.48671335
Merton,10283,0.5691158
Merton,10284,0.6030897
Merton,10287,0.6554545
Merton,10288,0.64940333
Merton,12659,0.5844032
Merton,12661,0.6016246
Merton,12662,0.5399921
Merton,12663,0.6018216
Merton,12664,0.50352544
Merton,12665,0.49007934
Merton,12670,0.5939427
Merton,12671,0.57640857
Merton,12672,0.5370721
Merton,12678,0.41558746
Merton,12679,0.41443783
Merton,12680,0.43272153
Merton,12683,0.4462416
Merton,1481,0.4815736
Merton,14845,0.4682901
Merton,14846,0.4395886
Merton,14910,0.5003892
Merton,14911,0.50567937
Merton,14916,0.5344566
Merton,14917,0.6139803
Merton,16,0.47314867
Merton,1681,0.43950224
Merton,1682,0.47388682
Merton,17366,0.43788955
Merton,17367,0.4635636
Merton,17369,0.44400224
Merton,17371,0.4303634
Merton,17374,0.48390302
Merton,17538,0.57934093
Merton,17539,0.41146067
Merton,17540,0.44485804
Merton,17541,0.48248014
Merton,17542,0.4866037
Merton,17543,0.54234266
Merton,17544,0.5475774
Merton,17545,0.54228866
Merton,17546,0.54223603
Merton,17547,0.5978602
Merton,17548,0.58593976
Merton,17549,0.5538359
Merton,17550,0.59942436
Merton,17551,0.54555005
Merton,17552,0.54912645
Merton,17553,0.54448175
Merton,17554,0.551087
Merton,17555,0.46222737
Merton,17556,0.48864272
Merton,17557,0.4540124
Merton,17558,0.46327677
Merton,17559,0.445608
Merton,17560,0.44627482
Merton,17561,0.43471822
Merton,17564,0.44591025
Merton,17565,0.44467732
Merton,17566,0.52187335
Merton,17567,0.491019
Merton,17568,0.5002422
Merton,17569,0.48292878
Merton,17570,0.48003456
Merton,17571,0.496517
Merton,17572,0.4408708
Merton,17574,0.4883747
Merton,17575,0.48656538
Merton,17576,0.4179948
Merton,17577,0.4189265
Merton,17578,0.4282784
Merton,17579,0.4527147
Merton,17604,0.51366764
Merton,17606,0.5171101
Merton,17608,0.470934
Merton,17609,0.4658766
Merton,17610,0.44096038
Merton,17611,0.4428326
Merton,17612,0.47008103
Merton,17613,0.4695868
Merton,17616,0.46828467
Merton,17617,0.48133588
Merton,17618,0.4897907
Merton,17620,0.46516562
Merton,17720,0.57555795
Merton,1785,0.43810105
Merton,1805,0.60551554
Merton,1806,0.608985
Merton,18553,0.4869775
Merton,18554,0.46991938
Merton,18556,0.44042003
Merton,18558,0.47205782
Merton,18646,0.46702653
Merton,18647,0.46750414
Merton,18648,0.4226298
Merton,18649,0.4093297
Merton,18650,0.40043238
Merton,18651,0.41350585
Merton,18660,0.5083609
Merton,18661,0.49975693
Merton,18662,0.45757186
Merton,18663,0.4933469
Merton,18664,0.4590293
Merton,18665,0.48069486
Merton,18666,0.48719448
Merton,18667,0.46804288
Merton,18669,0.46874657
Merton,18674,0.46763715
Merton,18675,0.45911804
Merton,18676,0.4786473
Merton,18677,0.45813632
Merton,18678,0.40631017
Merton,18679,0.42668352
Merton,18680,0.49570322
Merton,18681,0.49562186
Merton,18682,0.6133943
Merton,18683,0.6259363
Merton,18686,0.58910006
Merton,18687,0.58531284
Merton,18688,0.6430418
Merton,18690,0.6834108
Merton,18719,0.6553488
Merton,18725,0.4915656
Merton,18726,0.46264306
Merton,18727,0.473724
Merton,18735,0.50307953
Merton,19043,0.4282274
Merton,19048,0.5330519
Merton,19049,0.53237563
Merton,19050,0.5311084
Merton,19051,0.5416804
Merton,19052,0.5018955
Merton,19053,0.48986518
Merton,19054,0.4434657
Merton,19055,0.44239345
Merton,19062,0.45738843
Merton,19063,0.45246416
Merton,19064,0.41420144
Merton,19078,0.47435513
Merton,19079,0.47323623
Merton,19080,0.6043711
Merton,19081,0.61421686
Merton,19082,0.5289377
Merton,19083,0.588345
Merton,19085,0.58571756
Merton,19086,0.5288271
Merton,19090,0.586081
Merton,19091,0.5909995
Merton,19095,0.5730474
Merton,19096,0.56923
Merton,19097,0.55107665
Merton,19098,0.5604115
Merton,19099,0.54889154
Merton,19100,0.53896904
Merton,19101,0.5588862
Merton,19102,0.5690303
Merton,19103,0.49590102
Merton,19104,0.48334116
Merton,19105,0.44786558
Merton,19106,0.47501644
Merton,19107,0.41289797
Merton,19108,0.40339822
Merton,19109,0.4522483
Merton,19110,0.4488221
Merton,19869,0.5841163
Merton,19965,0.50571287
Merton,19966,0.51791054
Merton,20103,0.4692732
Merton,20200,0.4142036
Merton,20480,0.6238837
Merton,20599,0.4695831
Merton,20600,0.5804629
Merton,20601,0.56548625
Merton,20626,0.48050004
Merton,25165,0.47205275
Merton,2518,0.50112075
Merton,2519,0.48748755
Merton,25450,0.46608415
Merton,25629,0.51659304
Merton,25631,0.39702323
Merton,25632,0.42061034
Merton,25820,0.5129573
Merton,25821,0.51408577
Merton,25831,0.59161365
Merton,25832,0.5776517
Merton,25833,0.6090541
Merton,25834,0.6318331
Merton,25835,0.6219194
Merton,25836,0.60596913
Merton,25838,0.5370267
Merton,25839,0.5844007
Merton,26192,0.47545087
Merton,26817,0.4457605
Merton,26819,0.44295308
Merton,26822,0.44617411
Merton,27389,0.4662018
Merton,27390,0.5962251
Merton,27391,0.59336305
Merton,27392,0.6081
Merton,27393,0.6770952
Merton,27398,0.6102568
Merton,27399,0.5888781
Merton,27916,0.65815234
Merton,27934,0.4959635
Merton,2850,0.42550418
Merton,29813,0.59351724
Merton,29814,0.5871427
Merton,29815,0.54906726
Merton,29820,0.6248284
Merton,29821,0.61494666
Merton,29879,0.51833594
Merton,29880,0.51856655
Merton,29881,0.46143302
Merton,29882,0.44735417
Merton,29883,0.3824987
Merton,29884,0.37940755
Merton,29885,0.38833204
Merton,29886,0.38951755
Merton,3001,0.41469136
Merton,3002,0.42093667
Merton,3003,0.4174483
Merton,3004,0.44474676
Merton,3005,0.44737056
Merton,3006,0.3948678
Merton,3007,0.42151418
Merton,3008,0.4355102
Merton,3009,0.4741312
Merton,3010,0.46404335
Merton,30901,0.4795329
Merton,3290,0.4417453
Merton,33160,0.5737762
Merton,33377,0.6437233
Merton,33486,0.44116282
Merton,33559,0.5225508
Merton,33561,0.46902984
Merton,33562,0.46078482
Merton,33563,0.45661795
Merton,33564,0.51389104
Merton,33565,0.45346156
Merton,33566,0.45100626
Merton,33567,0.48089394
Merton,33568,0.47210953
Merton,33572,0.4699376
Merton,33629,0.4206928
Merton,33709,0.48465788
Merton,33725,0.41983327
Merton,33818,0.4503439
Merton,33892,0.46109104
Merton,341,0.4844309
Merton,342,0.4776616
Merton,3463,0.51055515
Merton,34695,0.48769242
Merton,3470,0.53023404
Merton,35360,0.47470623
Merton,35459,0.48544815
Merton,35560,0.46646753
Merton,35561,0.40632796
Merton,35801,0.4178207
Merton,35908,0.5661815
Merton,35973,0.4576672
Merton,36762,0.59788835
Merton,36776,0.5792236
Merton,36777,0.5773208
Merton,36889,0.5081725
Merton,36900,0.47572502
Merton,36908,0.5437056
Merton,36974,0.4848379
Merton,3819,0.6154732
Merton,3820,0.611227
Merton,3851,0.42100123
Merton,435,0.49548092
Merton,4380,0.49371356
Merton,4490,0.48813978
Merton,4493,0.6496797
Merton,4495,0.41910434
Merton,4859,0.40738577
Merton,6920,0.5939096
Merton,7603,0.52465075
Merton,7604,0.5210302
Merton,7605,0.45175555
Merton,7606,0.4585549
Merton,7609,0.5182224
Merton,7610,0.42682028
Merton,7611,0.51218206
Merton,7612,0.49721807
Merton,8786,0.41608647
Merton,8792,0.4281343
Merton,8793,0.4123278
Merton,8794,0.44191453
Merton,8795,0.44205764
Merton,8797,0.4447848
Merton,8798,0.47894272
Merton,8803,0.47032535
Merton,8806,0.4581257
Merton,8807,0.45001075
Merton,8810,0.42310375
Merton,8811,0.4196797
Merton,8812,0.36507446
Merton,8813,0.38518795
Merton,9127,0.5171262
Merton,9131,0.5324066
Merton,9132,0.517117
Merton,9137,0.49658912
Merton,9138,0.4972479
Merton,9145,0.57777166
Merton,9149,0.636897
Merton,9150,0.64411557
Merton,9151,0.5703011
Merton,9152,0.570902
Merton,9153,0.58579975
Merton,9154,0.6127332
Merton,9155,0.6314713
Merton,9156,0.6954816
Merton,9157,0.70291257
Merton,BP079,0.40828913
Merton,BP080,0.45896924
Merton,BP106,0.52038896
Merton,BP1419,0.5580344
Merton,BP1420,0.5580854
Merton,BP1421,0.50690675
Merton,BP1422,0.45713547
Merton,BP1423,0.46248105
Merton,BP1424,0.5415736
Merton,BP1526,0.53022367
Merton,BP1547,0.5838893
Merton,BP2131,0.57223564
Merton,BP2132,0.58567494
Merton,BP2134,0.540681
Merton,BP2135,0.5978985
Merton,BP2136,0.54816765
Merton,BP2137,0.5377885
Merton,BP2138,0.56805754
Merton,BP2256,0.45537567
Merton,BP2257,0.44936392
Merton,BP2737,0.57839835
Merton,BP2738,0.6132008
Merton,BP2897,0.46623105
Merton,BP3255,0.5097781
Merton,BP3256,0.48244843
Merton,BP3257,0.4585531
Merton,BP3258,0.48408788
Merton,BP3259,0.47427768
Merton,BP3494,0.6218663
Merton,BP3581,0.4330823
Merton,BP3582,0.47957945
Merton,BP3583,0.48639163
Merton,BP3584,0.41357297
Merton,BP3585,0.41799796
Merton,BP3586,0.43488184
Merton,BP3797,0.5848156
Merton,BP3876,0.51302487
Merton,BP3958,0.5587139
Merton,BP3959,0.5404347
Merton,BP3960,0.6645639
Merton,BP3961,0.48870468
Merton,BP3962,0.5582534
Merton,BP4202,0.5230826
Merton,BP4480,0.45145625
Merton,BP4502,0.4351469
Merton,BP4503,0.45990235
Merton,BP4508,0.43295205
Merton,BP4513,0.4716591
Merton,BP4519,0.46744385
Merton,BP4520,0.5341662
Merton,BP4596,0.51732004
Merton,BP4597,0.46407044
Merton,BP4598,0.43354633
Merton,BP4599,0.4966959
Merton,BP4600,0.5640618
Merton,BP4601,0.58208495
Merton,BP4602,0.5418046
Merton,BP4603,0.54016787
Merton,BP4604,0.6021088
Merton,BP4605,0.5134263
Merton,BP4606,0.5813406
Merton,BP4607,0.5534477
Merton,BP4665,0.589874
Merton,BP4672,0.5755737
Merton,BP4690,0.5191088
Merton,BP5330,0.59863454
Merton,BP5365,0.42223126
Merton,BP5461,0.38264722
Merton,BP5462,0.38767844
Merton,BP5463,0.4251835
Merton,BP5465,0.46771312
Merton,BP5466,0.41417038
Merton,BP5467,0.51230377
Merton,BP5468,0.608052
Merton,BP5469,0.587518
Merton,BP5470,0.6138846
Merton,BP5518,0.374759
Merton,BP5720,0.5875926
Merton,BP5853,0.45128626
Merton,BP5854,0.37315553
Merton,BP5855,0.39032105
Merton,BP5865,0.46213505
Merton,BP5869,0.45379895
Merton,BP5906,0.48306778
Merton,BP6093,0.51301515
Merton,BP6094,0.49712455
Merton,BP6096,0.47804275
Merton,BP6097,0.48305058
Merton,BP6098,0.47451165
Merton,BP683,0.4875007
Merton,BP834,0.52706134
Merton,BP835,0.5479213
Merton,BP836,0.5360091
Merton,BP837,0.48068532
Merton,BP854,0.5345911
Merton,BP855,0.64265656
Merton,BP962,0.5911728
Merton,HC73,0.5856727
Merton,HC74,0.44912022
Merton,HC75,0.5104164
Merton,HC76,0.57493037
Merton,LG02,0.42728123
Merton,LG03,0.43675026
Merton,LG06,0.4656427
Merton,LG50,0.51690763
Merton,LG60,0.56641656
Merton,LG65,0.5336604
Merton,LG66,0.48005134
Merton,LG67,0.478101
Merton,LG68,0.4764805
Merton,LG69,0.4723448
Merton,OC740,0.46653977
Merton,R0097,0.5189696
Merton,R0134,0.47371164
Merton,R0136,0.44153264
Merton,R0138,0.44332248
Merton,R0251,0.4451824
Merton,R0299,0.42870307
Merton,R0565,0.5262455
Merton,R0725,0.4045213
Merton,R0726,0.43202007
Merton,W27,0.58018756
Merton,W28,0.5780683
Merton,W29,0.5658913
Merton,W30,0.61049974
Merton,W31,0.609945
Merton,W32,0.570686
Merton,W33,0.50496083
Merton,W34,0.47489446
Merton,W4,0.640639
Merton,W46,0.44827136
Merton,W48,0.44295317
Merton,18671,0.4283529
Merton,18673,0.41462716
Merton,23927,0.4104662
Merton,BP5011,0.4913411
Merton,BP5012,0.46908796
Merton,BP5013,0.41000953
Merton,BP5014,0.41013855
Merton,BP5122,0.41790387
Merton,BP5491,0.48631394
Newham,11126,0.42661798
Newham,1180,0.45497322
Newham,1202,0.43360838
Newham,1409,0.4835238
Newham,1410,0.422927
Newham,14510,0.53582096
Newham,14511,0.5344343
Newham,14515,0.4847394
Newham,14520,0.48464602
Newham,14522,0.48418927
Newham,14523,0.4275551
Newham,14527,0.42701045
Newham,14528,0.42803842
Newham,14529,0.4900861
Newham,14530,0.4896586
Newham,14531,0.48377857
Newham,14535,0.41927463
Newham,14540,0.414614
Newham,14581,0.46802443
Newham,1577,0.46324617
Newham,1578,0.45909286
Newham,16395,0.4548739
Newham,16396,0.44800597
Newham,1739,0.446123
Newham,1740,0.45079073
Newham,18329,0.35497028
Newham,1878,0.42596573
Newham,1879,0.41514313
Newham,1881,0.43465334
Newham,1882,0.44570553
Newham,1883,0.4431004
Newham,1891,0.42705274
Newham,1892,0.46579525
Newham,1893,0.46184567
Newham,1894,0.45585272
Newham,1895,0.454807
Newham,1896,0.46206728
Newham,1897,0.46618047
Newham,1900,0.4373447
Newham,1902,0.4299036
Newham,1903,0.4159031
Newham,1937,0.47911698
Newham,20769,0.46313384
Newham,20770,0.4609875
Newham,20773,0.4025025
Newham,20810,0.4404352
Newham,20830,0.4693135
Newham,20831,0.45852458
Newham,2238,0.45975837
Newham,25051,0.42580944
Newham,25483,0.4383339
Newham,26187,0.41451737
Newham,26188,0.39854226
Newham,26958,0.38614905
Newham,27629,0.5279769
Newham,27631,0.5772821
Newham,27633,0.55503494
Newham,27635,0.4847661
Newham,27636,0.48018318
Newham,27637,0.43762463
Newham,27638,0.4224413
Newham,27639,0.42286396
Newham,27640,0.41904
Newham,27641,0.40522778
Newham,27642,0.416009
Newham,27709,0.4187133
Newham,27913,0.36537844
Newham,2876,0.46763006
Newham,2882,0.43990996
Newham,2883,0.43465826
Newham,2884,0.43301755
Newham,2885,0.43636402
Newham,2886,0.43676585
Newham,2887,0.45913818
Newham,2888,0.45357665
Newham,2889,0.4587961
Newham,2891,0.46958908
Newham,2892,0.45440888
Newham,2896,0.45591432
Newham,2899,0.42336085
Newham,2901,0.4022082
Newham,2905,0.42408395
Newham,2906,0.40697154
Newham,2907,0.43118423
Newham,2908,0.43654507
Newham,2909,0.4498534
Newham,2910,0.48516256
Newham,2913,0.48043728
Newham,2914,0.369166
Newham,29505,0.4064603
Newham,29507,0.40353802
Newham,29508,0.4517485
Newham,29563,0.40805408
Newham,29578,0.43803424
Newham,29759,0.49915653
Newham,29760,0.5063503
Newham,29761,0.46211615
Newham,29763,0.47991318
Newham,29765,0.41549104
Newham,29809,0.41677222
Newham,29824,0.4568786
Newham,29825,0.4745969
Newham,29826,0.48042607
Newham,29828,0.55610424
Newham,29829,0.47408414
Newham,29830,0.5441533
Newham,29831,0.49622488
Newham,29832,0.44730312
Newham,29845,0.42205772
Newham,3013,0.4422529
Newham,3300,0.39414248
Newham,33705,0.3581978
Newham,33944,0.43883196
Newham,33958,0.45080015
Newham,33995,0.44673055
Newham,33996,0.44648203
Newham,34096,0.411174
Newham,35038,0.4593944
Newham,35039,0.45528862
Newham,35271,0.37380067
Newham,35272,0.37687653
Newham,35274,0.42030358
Newham,35328,0.43163833
Newham,35550,0.455314
Newham,35551,0.42068985
Newham,35691,0.36564013
Newham,35692,0.4494757
Newham,35693,0.40645814
Newham,35701,0.37275591
Newham,35702,0.37075353
Newham,35703,0.39497134
Newham,35704,0.4489234
Newham,35716,0.42793652
Newham,35749,0.4700017
Newham,35914,0.4243656
Newham,36816,0.45991874
Newham,36817,0.4691524
Newham,36818,0.4543561
Newham,36819,0.46297213
Newham,36829,0.48418793
Newham,36830,0.498902
Newham,36831,0.49121445
Newham,36832,0.49186817
Newham,36833,0.48647222
Newham,36834,0.46902752
Newham,36927,0.4534566
Newham,37125,0.4605418
Newham,37127,0.43147898
Newham,37128,0.46776825
Newham,4643,0.42908156
Newham,4644,0.42106727
Newham,4645,0.43356505
Newham,4875,0.41438738
Newham,4876,0.45654753
Newham,4891,0.40822798
Newham,4892,0.43712476
Newham,4894,0.45847565
Newham,4896,0.41781503
Newham,640,0.42019603
Newham,641,0.4010901
Newham,696,0.4727612
Newham,697,0.4609862
Newham,698,0.46616364
Newham,7059,0.4340611
Newham,736,0.39403242
Newham,747,0.45069087
Newham,8009,0.4964138
Newham,8010,0.46874645
Newham,8013,0.467178
Newham,8019,0.40787807
Newham,8023,0.40402123
Newham,8026,0.40064445
Newham,8027,0.4013736
Newham,8029,0.4224733
Newham,8034,0.41740316
Newham,8035,0.4182244
Newham,8036,0.40585455
Newham,8037,0.40626672
Newham,8041,0.39854392
Newham,8042,0.3993258
Newham,8060,0.42190593
Newham,8069,0.43979478
Newham,8071,0.50753856
Newham,8074,0.4273283
Newham,8075,0.47071785
Newham,8076,0.4676231
Newham,8077,0.48771748
Newham,8078,0.43891662
Newham,8079,0.4781785
Newham,8080,0.48763713
Newham,8081,0.48549613
Newham,8082,0.49549896
Newham,8083,0.47508386
Newham,8086,0.47842824
Newham,8087,0.47987202
Newham,8088,0.46363294
Newham,8089,0.46371064
Newham,8090,0.43130845
Newham,8091,0.46739328
Newham,8092,0.43578243
Newham,8096,0.40885532
Newham,8097,0.41429117
Newham,8098,0.4300482
Newham,8100,0.44343922
Newham,8101,0.4345424
Newham,8102,0.43361396
Newham,8104,0.45223805
Newham,8105,0.4307103
Newham,8107,0.45599362
Newham,8108,0.45386764
Newham,8109,0.45475444
Newham,8110,0.42051068
Newham,8113,0.4213207
Newham,8116,0.47708428
Newham,8118,0.471947
Newham,8122,0.37939936
Newham,8123,0.3790791
Newham,8129,0.39595437
Newham,8131,0.38511178
Newham,8132,0.37398827
Newham,8135,0.42317542
Newham,8136,0.42095032
Newham,8139,0.46136847
Newham,8140,0.46755227
Newham,8143,0.49142262
Newham,8144,0.5025374
Newham,8145,0.44808048
Newham,8146,0.44563186
Newham,8148,0.42337307
Newham,8149,0.41959748
Newham,8152,0.39641368
Newham,8153,0.3922677
Newham,8154,0.43578598
Newham,8156,0.4374054
Newham,8157,0.41110674
Newham,8158,0.44510844
Newham,8159,0.3990329
Newham,8162,0.44217566
Newham,8163,0.4391861
Newham,8168,0.38266194
Newham,8169,0.3865775
Newham,8170,0.41035724
Newham,8171,0.40846017
Newham,8173,0.38673198
Newham,8177,0.40807876
Newham,8178,0.39845255
Newham,8180,0.3685102
Newham,8181,0.38746765
Newham,9045,0.45700902
Newham,9046,0.456204
Newham,9047,0.46228015
Newham,9048,0.46720365
Newham,9049,0.47538546
Newham,9050,0.47280657
Newham,9051,0.444936
Newham,9055,0.42808238
Newham,9056,0.43395165
Newham,9058,0.42507532
Newham,9060,0.41744128
Newham,9061,0.41673735
Newham,9064,0.40848607
Newham,9065,0.4029359
Newham,9066,0.40773898
Newham,9069,0.41795206
Newham,9070,0.47849005
Newham,9071,0.45331052
Newham,9074,0.42399856
Newham,9075,0.4295994
Newham,9076,0.458433
Newham,9077,0.42632067
Newham,9078,0.43468344
Newham,9079,0.43329114
Newham,9080,0.49149075
Newham,9081,0.44336993
Newham,9082,0.48960522
Newham,9083,0.4937998
Newham,9084,0.46497065
Newham,9085,0.48003423
Newham,9086,0.4500808
Newham,9087,0.42694584
Newham,9091,0.4296273
Newham,91521,0.4838516
Newham,91522,0.47598547
Newham,9291,0.39915514
Newham,9292,0.3877725
Newham,9293,0.3764089
Newham,9299,0.3977063
Newham,9300,0.3880585
Newham,9302,0.37300053
Newham,9304,0.4493918
Newham,9531,0.36424652
Newham,9533,0.38917956
Newham,9534,0.39389357
Newham,9535,0.39455283
Newham,BP086,0.38167322
Newham,BP092,0.46312913
Newham,BP093,0.45772165
Newham,BP094,0.48095262
Newham,BP098,0.37651923
Newham,BP132,0.4611299
Newham,BP174,0.36865652
Newham,BP175,0.37602416
Newham,BP179,0.42185846
Newham,BP234,0.4666735
Newham,BP235,0.46294042
Newham,BP2361,0.46262515
Newham,BP2362,0.4504275
Newham,BP2363,0.46085995
Newham,BP2364,0.4518141
Newham,BP2365,0.4639094
Newham,BP2366,0.45862797
Newham,BP2368,0.46018216
Newham,BP2369,0.4636039
Newham,BP242,0.44587302
Newham,BP2636,0.39321625
Newham,BP2734,0.4514289
Newham,BP2735,0.5677886
Newham,BP3511,0.37610757
Newham,BP3737,0.38500595
Newham,BP3738,0.41419795
Newham,BP3739,0.41555417
Newham,BP3740,0.3956116
Newham,BP3741,0.39376
Newham,BP3743,0.41632438
Newham,BP3755,0.44907978
Newham,BP3756,0.40141505
Newham,BP4247,0.31770968
Newham,BP4281,0.3721508
Newham,BP4283,0.4163557
Newham,BP4485,0.4719255
Newham,BP4486,0.3887485
Newham,BP4636,0.4704632
Newham,BP4643,0.46531388
Newham,BP4644,0.4727712
Newham,BP4645,0.44716844
Newham,BP4646,0.444095
Newham,BP4647,0.45629275
Newham,BP4648,0.4751541
Newham,BP4649,0.4403429
Newham,BP4650,0.4389751
Newham,BP4651,0.42256686
Newham,BP4652,0.4197774
Newham,BP4654,0.40460527
Newham,BP4655,0.46188858
Newham,BP4656,0.45992938
Newham,BP4657,0.45228174
Newham,BP4658,0.44284976
Newham,BP4659,0.4734932
Newham,BP4854,0.42617023
Newham,BP4855,0.46574724
Newham,BP508,0.4550969
Newham,BP509,0.45503196
Newham,BP5093,0.45647478
Newham,BP510,0.44526145
Newham,BP511,0.4619479
Newham,BP513,0.42134175
Newham,BP5145,0.43853027
Newham,BP5194,0.4656342
Newham,BP5195,0.4637559
Newham,BP5196,0.45628813
Newham,BP5197,0.47066268
Newham,BP520,0.4582884
Newham,BP521,0.41743258
Newham,BP522,0.42506438
Newham,BP523,0.41972974
Newham,BP5263,0.45391506
Newham,BP5404,0.44402373
Newham,BP5449,0.44195405
Newham,BP5456,0.44165993
Newham,BP551,0.44447863
Newham,BP552,0.4550561
Newham,BP553,0.45586365
Newham,BP554,0.46967307
Newham,BP555,0.44408822
Newham,BP5872,0.39875138
Newham,BP6268,0.40156686
Newham,BP6349,0.35758737
Newham,BP6530,0.3686245
Newham,BP665,0.40433878
Newham,BP726,0.3909772
Newham,BP728,0.37159032
Newham,BP758,0.4490677
Newham,BP759,0.4495766
Newham,BP770,0.44703707
Newham,BP771,0.45000637
Newham,BP773,0.40438867
Newham,BP781,0.45976508
Newham,BP858,0.38009056
Newham,BP859,0.38774374
Newham,BP860,0.3788146
Newham,BP861,0.39427355
Newham,BP944,0.43017885
Newham,FC12,0.5078508
Newham,FC18,0.44269398
Newham,FC19,0.4178984
Newham,FC20,0.37495464
Newham,FC21,0.34610912
Newham,FC22,0.34467041
Newham,FC23,0.43614206
Newham,FC24,0.45818868
Newham,FC25,0.49124974
Newham,FC26,0.49851975
Newham,FC27,0.38747784
Newham,FC28,0.37361404
Newham,FC29,0.3719228
Newham,FC36,0.37910807
Newham,FC72,0.44423774
Newham,LE123,0.46214166
Newham,LE124,0.47368935
Newham,LE139,0.4429943
Newham,LE162,0.43986157
Newham,LE164,0.44141856
Newham,LE165,0.40232292
Newham,LE166,0.40850228
Newham,LE167,0.3639378
Newham,LE213,0.43693763
Newham,LE214,0.38816
Newham,LE215,0.4543875
Newham,LE216,0.47964856
Newham,R0171,0.46247253
Newham,R0297,0.40075988
Newham,R0325,0.4770384
Newham,R0351,0.44670838
Newham,R0353,0.48822477
Newham,R0363,0.5305318
Newham,R0708,0.41903475
Newham,R0755,0.39714596
Newham,1885,0.43689364
Newham,1890,0.45528847
Newham,2068,0.41479942
Newham,2070,0.39543658
Newham,20760,0.39794162
Newham,2878,0.44353127
Newham,2880,0.4430386
Newham,34732,0.4099539
Newham,35911,0.3925866
Newham,36835,0.4409805
Newham,4893,0.44022343
Newham,4897,0.39609796
Newham,9501,0.39680046
Newham,9509,0.39728042
Newham,9511,0.4174053
Newham,9514,0.40397775
Newham,9517,0.33869675
Newham,BP1640,0.31811547
Newham,BP1641,0.31819466
Newham,BP186,0.44501695
Newham,BP1994,0.32276657
Newham,BP1995,0.30824226
Newham,BP2026,0.3718614
Newham,BP2027,0.36996707
Newham,BP2723,0.4006079
Newham,BP4248,0.29493308
Newham,BP4249,0.35925567
Newham,BP4282,0.43322504
Newham,BP557,0.34703434
Newham,BP5842,0.41668594
Newham,BP5843,0.42040852
Newham,BP5883,0.40458098
Newham,BP5892,0.41390395
Newham,BP5894,0.39538372
Newham,BP5937,0.39859363
Newham,BP727,0.36840504
Newham,R0331,0.40117908
Newham,R0754,0.38986903
Redbridge,11329,0.47337344
Redbridge,11330,0.4636664
Redbridge,13150,0.36137992
Redbridge,13151,0.3648108
Redbridge,1323,0.5535548
Redbridge,1325,0.5352498
Redbridge,13426,0.47280672
Redbridge,13427,0.47748885
Redbridge,13447,0.5137222
Redbridge,13448,0.5367634
Redbridge,13449,0.49575764
Redbridge,13450,0.49725398
Redbridge,13548,0.5966972
Redbridge,1355,0.38906252
Redbridge,13557,0.47458974
Redbridge,13558,0.472939
Redbridge,1356,0.43354288
Redbridge,14079,0.5189231
Redbridge,14099,0.60556626
Redbridge,14203,0.4751963
Redbridge,14204,0.43938738
Redbridge,14290,0.5291052
Redbridge,14676,0.4672671
Redbridge,14706,0.5559235
Redbridge,14707,0.5051365
Redbridge,14708,0.50475323
Redbridge,14765,0.5825876
Redbridge,14780,0.6012695
Redbridge,14781,0.58396673
Redbridge,1511,0.44711944
Redbridge,1512,0.4471999
Redbridge,15323,0.51079255
Redbridge,15324,0.51099914
Redbridge,15325,0.54255396
Redbridge,15326,0.53224313
Redbridge,15327,0.5222829
Redbridge,15328,0.5222453
Redbridge,15329,0.50914073
Redbridge,15330,0.51542443
Redbridge,15332,0.5073442
Redbridge,15333,0.51550615
Redbridge,15334,0.5362235
Redbridge,15335,0.5552799
Redbridge,15336,0.5384566
Redbridge,15337,0.57506675
Redbridge,15338,0.60147846
Redbridge,15339,0.52249974
Redbridge,15340,0.5150745
Redbridge,15341,0.47800794
Redbridge,15342,0.46980253
Redbridge,15391,0.48926356
Redbridge,15392,0.46098182
Redbridge,15393,0.3622276
Redbridge,15394,0.3665951
Redbridge,15395,0.5070331
Redbridge,15396,0.5294506
Redbridge,15397,0.5577958
Redbridge,15398,0.53145236
Redbridge,15399,0.5506892
Redbridge,15400,0.55040765
Redbridge,15401,0.57785887
Redbridge,15430,0.52835655
Redbridge,15431,0.53084105
Redbridge,15432,0.5224927
Redbridge,15433,0.5246334
Redbridge,15434,0.5703918
Redbridge,15435,0.58868086
Redbridge,15436,0.43638664
Redbridge,15437,0.4459056
Redbridge,15438,0.4279712
Redbridge,15439,0.43853366
Redbridge,15440,0.46358255
Redbridge,15441,0.46694812
Redbridge,15442,0.46831515
Redbridge,15444,0.3913992
Redbridge,15446,0.4320365
Redbridge,15471,0.5094308
Redbridge,15473,0.55069643
Redbridge,15475,0.5698146
Redbridge,15476,0.5299193
Redbridge,15488,0.65510124
Redbridge,15489,0.60988057
Redbridge,15490,0.541992
Redbridge,15491,0.59292066
Redbridge,15492,0.5322748
Redbridge,15493,0.58225846
Redbridge,15494,0.54509705
Redbridge,15496,0.590002
Redbridge,15500,0.49831733
Redbridge,15501,0.50146234
Redbridge,15502,0.56948537
Redbridge,15503,0.577432
Redbridge,15507,0.5064168
Redbridge,15509,0.50106335
Redbridge,15510,0.50157607
Redbridge,15539,0.5606294
Redbridge,15540,0.55047834
Redbridge,15541,0.5291347
Redbridge,15544,0.58734477
Redbridge,15545,0.5545844
Redbridge,15546,0.59097385
Redbridge,15547,0.5938175
Redbridge,15549,0.5981512
Redbridge,15550,0.58133423
Redbridge,15551,0.53387594
Redbridge,15552,0.5142411
Redbridge,15553,0.51424736
Redbridge,15555,0.51682955
Redbridge,1581,0.48883465
Redbridge,15857,0.6054272
Redbridge,15858,0.61740077
Redbridge,16345,0.4181027
Redbridge,16346,0.40144718
Redbridge,1648,0.55881083
Redbridge,16600,0.52750707
Redbridge,16601,0.5188966
Redbridge,1728,0.455351
Redbridge,1729,0.4487219
Redbridge,17949,0.58352023
Redbridge,17950,0.57710963
Redbridge,18042,0.5219334
Redbridge,18043,0.5299758
Redbridge,18044,0.5399211
Redbridge,18045,0.5501142
Redbridge,18046,0.45271668
Redbridge,18047,0.44533953
Redbridge,18048,0.44688386
Redbridge,18049,0.45614228
Redbridge,18050,0.52849615
Redbridge,18051,0.52130914
Redbridge,18052,0.4942573
Redbridge,18053,0.5021792
Redbridge,18055,0.52911377
Redbridge,18235,0.506481
Redbridge,18236,0.48401704
Redbridge,18237,0.48887333
Redbridge,18239,0.61778635
Redbridge,18240,0.61932343
Redbridge,19281,0.518844
Redbridge,19282,0.5267365
Redbridge,19283,0.48327973
Redbridge,19284,0.4766703
Redbridge,19285,0.4638669
Redbridge,19286,0.4658404
Redbridge,19287,0.45689586
Redbridge,19288,0.46027493
Redbridge,19289,0.44370404
Redbridge,19290,0.44408324
Redbridge,19291,0.5062759
Redbridge,19292,0.5012018
Redbridge,19293,0.5106728
Redbridge,19294,0.49805057
Redbridge,19314,0.63644505
Redbridge,19331,0.4308929
Redbridge,19332,0.42730778
Redbridge,19333,0.43087348
Redbridge,19334,0.45951378
Redbridge,19335,0.452627
Redbridge,19336,0.52142173
Redbridge,19337,0.50696254
Redbridge,19338,0.5023764
Redbridge,19339,0.49911317
Redbridge,19724,0.56492674
Redbridge,20198,0.4942425
Redbridge,20240,0.49708244
Redbridge,20344,0.5993588
Redbridge,20346,0.5944155
Redbridge,20347,0.5866156
Redbridge,20348,0.6185502
Redbridge,20349,0.619564
Redbridge,20589,0.504098
Redbridge,20590,0.5042648
Redbridge,20667,0.47136417
Redbridge,20740,0.6167264
Redbridge,20741,0.6164792
Redbridge,20742,0.60483134
Redbridge,20743,0.6047807
Redbridge,20744,0.5692682
Redbridge,20745,0.59238994
Redbridge,20746,0.55844736
Redbridge,20747,0.5890452
Redbridge,20748,0.5524593
Redbridge,20749,0.56010133
Redbridge,20884,0.50744104
Redbridge,20885,0.5048142
Redbridge,20886,0.49183258
Redbridge,20887,0.4408471
Redbridge,20888,0.55060595
Redbridge,20889,0.5362377
Redbridge,20890,0.59295654
Redbridge,20891,0.5930698
Redbridge,20907,0.50161093
Redbridge,20977,0.5385145
Redbridge,20985,0.5949449
Redbridge,20986,0.5675156
Redbridge,20987,0.5869737
Redbridge,2502,0.48677844
Redbridge,25031,0.42468837
Redbridge,25056,0.48924783
Redbridge,25067,0.46586797
Redbridge,25068,0.45670593
Redbridge,25185,0.51500666
Redbridge,25368,0.5002236
Redbridge,25444,0.4769635
Redbridge,26368,0.53504354
Redbridge,26536,0.4697839
Redbridge,26537,0.4909981
Redbridge,26538,0.48079163
Redbridge,26539,0.4491632
Redbridge,26540,0.57263017
Redbridge,26541,0.58141106
Redbridge,26543,0.5135049
Redbridge,26969,0.5736713
Redbridge,27814,0.520093
Redbridge,27854,0.57040954
Redbridge,27855,0.5757724
Redbridge,27869,0.60429794
Redbridge,27970,0.59009796
Redbridge,29018,0.4808551
Redbridge,2917,0.5884141
Redbridge,2918,0.576242
Redbridge,2919,0.56796753
Redbridge,29213,0.62430984
Redbridge,29214,0.624852
Redbridge,29216,0.60224956
Redbridge,29217,0.60068166
Redbridge,29218,0.63998693
Redbridge,29219,0.60857373
Redbridge,29220,0.613017
Redbridge,29221,0.5993431
Redbridge,29222,0.54196435
Redbridge,29223,0.574147
Redbridge,29224,0.49486086
Redbridge,29225,0.5209832
Redbridge,29226,0.5538651
Redbridge,29227,0.52559984
Redbridge,29228,0.47185165
Redbridge,29254,0.54155844
Redbridge,29255,0.5243675
Redbridge,29287,0.47687104
Redbridge,2932,0.5928996
Redbridge,2933,0.57797086
Redbridge,29445,0.59165627
Redbridge,29463,0.4962393
Redbridge,29556,0.56418264
Redbridge,29557,0.5586833
Redbridge,29558,0.5604002
Redbridge,29559,0.6228293
Redbridge,29560,0.5628527
Redbridge,29914,0.48750377
Redbridge,2998,0.49148995
Redbridge,3299,0.59032226
Redbridge,3301,0.603714
Redbridge,33036,0.44195536
Redbridge,3305,0.57346606
Redbridge,3307,0.60593265
Redbridge,33348,0.4697578
Redbridge,33349,0.567087
Redbridge,33350,0.4628798
Redbridge,33351,0.46384346
Redbridge,33353,0.5166386
Redbridge,33361,0.4005859
Redbridge,33362,0.39980322
Redbridge,33363,0.4242381
Redbridge,33364,0.46914494
Redbridge,33397,0.52255124
Redbridge,33398,0.5283258
Redbridge,33399,0.5258228
Redbridge,33400,0.49886936
Redbridge,33401,0.46775398
Redbridge,33402,0.46168002
Redbridge,33404,0.5013011
Redbridge,33415,0.48663667
Redbridge,33416,0.48650086
Redbridge,33456,0.38907912
Redbridge,33767,0.66175485
Redbridge,33768,0.5650174
Redbridge,33918,0.6444078
Redbridge,34050,0.5202147
Redbridge,34310,0.5151458
Redbridge,34478,0.61710054
Redbridge,34767,0.50056505
Redbridge,34769,0.55816895
Redbridge,34995,0.5798898
Redbridge,34997,0.51116765
Redbridge,34999,0.5101777
Redbridge,35000,0.53536177
Redbridge,35166,0.5303569
Redbridge,35167,0.51775914
Redbridge,35170,0.5052061
Redbridge,35171,0.5245406
Redbridge,35172,0.5551817
Redbridge,35173,0.5848757
Redbridge,35174,0.5068221
Redbridge,35220,0.48465756
Redbridge,35348,0.542654
Redbridge,35349,0.5718023
Redbridge,35350,0.55236185
Redbridge,35351,0.5816747
Redbridge,35352,0.53955436
Redbridge,35353,0.53887695
Redbridge,35403,0.5432571
Redbridge,35437,0.5034523
Redbridge,35438,0.5784675
Redbridge,35457,0.48462883
Redbridge,35474,0.4588691
Redbridge,35965,0.5642821
Redbridge,35966,0.5672812
Redbridge,36660,0.5072401
Redbridge,36693,0.5332809
Redbridge,37219,0.5287627
Redbridge,416,0.54660904
Redbridge,4318,0.50633216
Redbridge,4319,0.43706492
Redbridge,432,0.5468506
Redbridge,4321,0.507887
Redbridge,4322,0.46192795
Redbridge,4323,0.53811806
Redbridge,4325,0.4853471
Redbridge,4326,0.50152117
Redbridge,4328,0.5424867
Redbridge,4329,0.4567325
Redbridge,4331,0.40739086
Redbridge,4358,0.605824
Redbridge,4359,0.5758618
Redbridge,4363,0.53595
Redbridge,4557,0.59041256
Redbridge,555,0.53905356
Redbridge,7509,0.50764805
Redbridge,7769,0.49095872
Redbridge,8621,0.47084785
Redbridge,8622,0.46748835
Redbridge,9013,0.5166188
Redbridge,9014,0.5188543
Redbridge,9305,0.5569821
Redbridge,9306,0.55158633
Redbridge,9307,0.4471415
Redbridge,9308,0.45308432
Redbridge,9309,0.46980068
Redbridge,9311,0.4743094
Redbridge,9312,0.47439927
Redbridge,9313,0.58787763
Redbridge,9316,0.5789821
Redbridge,9317,0.6167113
Redbridge,9318,0.62319016
Redbridge,9319,0.4798608
Redbridge,9322,0.50212544
Redbridge,9326,0.5099615
Redbridge,9377,0.46359935
Redbridge,9378,0.4675269
Redbridge,9549,0.46544608
Redbridge,9550,0.43636972
Redbridge,9551,0.4885214
Redbridge,9554,0.46530533
Redbridge,9555,0.5115001
Redbridge,9556,0.4566379
Redbridge,9560,0.51471573
Redbridge,9574,0.49100888
Redbridge,9575,0.509696
Redbridge,9580,0.5376449
Redbridge,9581,0.53271234
Redbridge,9582,0.5122322
Redbridge,9583,0.52478576
Redbridge,9584,0.49428496
Redbridge,9585,0.5096895
Redbridge,9588,0.5071291
Redbridge,9589,0.5166339
Redbridge,9590,0.5024024
Redbridge,9591,0.49546665
Redbridge,9594,0.49718672
Redbridge,9595,0.500136
Redbridge,9596,0.4385416
Redbridge,9597,0.47512192
Redbridge,9598,0.46400082
Redbridge,9599,0.501373
Redbridge,9602,0.44458595
Redbridge,9603,0.49227428
Redbridge,9604,0.5065987
Redbridge,9605,0.5094486
Redbridge,9608,0.49259356
Redbridge,9609,0.5007503
Redbridge,9613,0.48520404
Redbridge,9622,0.4266583
Redbridge,9623,0.41830903
Redbridge,9624,0.4164656
Redbridge,9625,0.42218083
Redbridge,9628,0.49774617
Redbridge,9629,0.48394713
Redbridge,9634,0.4324739
Redbridge,9636,0.49220866
Redbridge,9637,0.46909615
Redbridge,9638,0.57603455
Redbridge,9639,0.5084012
Redbridge,9644,0.62714195
Redbridge,9805,0.6327884
Redbridge,BP1266,0.5295462
Redbridge,BP1267,0.5951208
Redbridge,BP1304,0.5529682
Redbridge,BP1349,0.56887525
Redbridge,BP1350,0.57273793
Redbridge,BP1504,0.48309982
Redbridge,BP1649,0.61628836
Redbridge,BP1742,0.5444011
Redbridge,BP1743,0.57182294
Redbridge,BP2067,0.53725183
Redbridge,BP2156,0.5236746
Redbridge,BP2470,0.5575901
Redbridge,BP2471,0.5537012
Redbridge,BP2503,0.5450476
Redbridge,BP2504,0.6053186
Redbridge,BP2505,0.48558903
Redbridge,BP2506,0.49137703
Redbridge,BP281,0.5317042
Redbridge,BP2887,0.5289921
Redbridge,BP2888,0.5079727
Redbridge,BP2889,0.4299413
Redbridge,BP2890,0.44142377
Redbridge,BP2891,0.4419235
Redbridge,BP2892,0.44980815
Redbridge,BP2893,0.5252481
Redbridge,BP2894,0.5030662
Redbridge,BP3460,0.5017156
Redbridge,BP4296,0.5053971
Redbridge,BP4307,0.53300667
Redbridge,BP439,0.5607951
Redbridge,BP4977,0.5547743
Redbridge,BP4978,0.6140831
Redbridge,BP4979,0.61104167
Redbridge,BP4980,0.6076442
Redbridge,BP4981,0.60957676
Redbridge,BP4982,0.6225772
Redbridge,BP4983,0.62539494
Redbridge,BP4984,0.6313918
Redbridge,BP4985,0.51349646
Redbridge,BP5303,0.46861145
Redbridge,BP5416,0.5033419
Redbridge,BP5417,0.5174626
Redbridge,BP5655,0.53692746
Redbridge,BP5674,0.52544165
Redbridge,BP5696,0.4409099
Redbridge,BP5912,0.5410403
Redbridge,BP6039,0.55981594
Redbridge,BP6040,0.56207573
Redbridge,BP6041,0.5573384
Redbridge,BP6042,0.6722095
Redbridge,BP6043,0.6703916
Redbridge,BP6044,0.6584071
Redbridge,BP6045,0.6622533
Redbridge,BP6046,0.48154798
Redbridge,BP6047,0.46770087
Redbridge,BP6102,0.59366363
Redbridge,BP6208,0.52152675
Redbridge,BP6244,0.54913974
Redbridge,BP6245,0.5252411
Redbridge,BP678,0.45632973
Redbridge,BP739,0.5869175
Redbridge,BP740,0.58534825
Redbridge,BP921,0.5150955
Redbridge,FC03,0.4744925
Redbridge,FC04,0.5076023
Redbridge,FC15,0.57055503
Redbridge,FC16,0.53661096
Redbridge,FC40,0.502322
Redbridge,FC41,0.5423194
Redbridge,FC42,0.4621395
Redbridge,FC44,0.510119
Redbridge,FC45,0.47943276
Redbridge,FC46,0.48163345
Redbridge,FC52,0.50378245
Redbridge,FC53,0.49887523
Redbridge,FC60,0.5011119
Redbridge,FC63,0.57381016
Redbridge,FC64,0.43022263
Redbridge,FC66,0.49281695
Redbridge,FC67,0.46362954
Redbridge,FC68,0.4331932
Redbridge,FC69,0.5750339
Redbridge,FC70,0.45141515
Redbridge,FC86,0.55553305
Redbridge,FC87,0.6045617
Redbridge,FC90,0.5727942
Redbridge,HC160,0.60860646
Redbridge,HC161,0.5681642
Redbridge,HC162,0.5646452
Redbridge,HC163,0.48471603
Redbridge,HC164,0.45709622
Redbridge,HC165,0.56145316
Redbridge,HC166,0.5399471
Redbridge,HC167,0.47978088
Redbridge,HC168,0.48430857
Redbridge,HC169,0.5581039
Redbridge,HC170,0.50071734
Redbridge,HC171,0.5056512
Redbridge,HC214,0.473009
Redbridge,HC215,0.51938283
Redbridge,HC216,0.527322
Redbridge,HC217,0.5403674
Redbridge,HC218,0.47589776
Redbridge,HC219,0.45895636
Redbridge,HC226,0.4766451
Redbridge,HC227,0.45596942
Redbridge,HC228,0.47604966
Redbridge,HC273,0.55923134
Redbridge,HC274,0.4880589
Redbridge,LE126,0.46760437
Redbridge,LE136,0.45890152
Redbridge,LE146,0.4790919
Redbridge,LE147,0.5716439
Redbridge,LE148,0.56514364
Redbridge,LE150,0.6004618
Redbridge,LE151,0.5979505
Redbridge,LE152,0.58577085
Redbridge,LE153,0.6078133
Redbridge,LE154,0.615867
Redbridge,LE161,0.6079033
Redbridge,LE226,0.49867564
Redbridge,OC433,0.45700124
Redbridge,OC434,0.49175346
Redbridge,OC450,0.5961327
Redbridge,OC623,0.4678979
Redbridge,OC624,0.51687306
Redbridge,OC646,0.46722
Redbridge,OC647,0.5050939
Redbridge,OC651,0.5515118
Redbridge,OC668,0.4160854
Redbridge,OC669,0.41567865
Redbridge,OC811,0.4672533
Redbridge,R0026,0.56292754
Redbridge,R0312,0.50612146
Redbridge,R0326,0.52624726
Redbridge,R0328,0.46368885
Redbridge,R0334,0.60817695
Redbridge,R0477,0.54282045
Redbridge,R0498,0.46475446
Redbridge,R0499,0.45228434
Redbridge,R0868,0.51848596
Redbridge,35410,0.48561978
Redbridge,9559,0.54048014
Redbridge,FC39,0.50198984
Richmond upon Thames,1007,0.5551023
Richmond upon Thames,1008,0.55830926
Richmond upon Thames,1030,0.45297775
Richmond upon Thames,1031,0.4557539
Richmond upon Thames,1357,0.5145215
Richmond upon Thames,1376,0.57747895
Richmond upon Thames,14115,0.49222872
Richmond upon Thames,14116,0.33766928
Richmond upon Thames,14117,0.4760497
Richmond upon Thames,14217,0.5962782
Richmond upon Thames,14218,0.5731253
Richmond upon Thames,1468,0.5617214
Richmond upon Thames,14713,0.6234593
Richmond upon Thames,14715,0.5820495
Richmond upon Thames,14728,0.5121598
Richmond upon Thames,14729,0.558499
Richmond upon Thames,14886,0.54013956
Richmond upon Thames,14895,0.55914545
Richmond upon Thames,15040,0.5902163
Richmond upon Thames,15041,0.59295666
Richmond upon Thames,15042,0.61937374
Richmond upon Thames,15044,0.6152268
Richmond upon Thames,15045,0.62364686
Richmond upon Thames,15046,0.6044264
Richmond upon Thames,15047,0.6147034
Richmond upon Thames,15048,0.55652136
Richmond upon Thames,15049,0.57206565
Richmond upon Thames,15050,0.49101022
Richmond upon Thames,15051,0.49816167
Richmond upon Thames,15197,0.46276593
Richmond upon Thames,15198,0.6107572
Richmond upon Thames,15199,0.5996933
Richmond upon Thames,15200,0.604834
Richmond upon Thames,15201,0.62204057
Richmond upon Thames,15202,0.63685393
Richmond upon Thames,15203,0.63651633
Richmond upon Thames,15204,0.57418585
Richmond upon Thames,15208,0.5680047
Richmond upon Thames,15210,0.5821717
Richmond upon Thames,15211,0.58344567
Richmond upon Thames,15212,0.5271309
Richmond upon Thames,15213,0.5916506
Richmond upon Thames,15214,0.580093
Richmond upon Thames,15215,0.5725027
Richmond upon Thames,15217,0.4529265
Richmond upon Thames,15219,0.438394
Richmond upon Thames,15220,0.44173694
Richmond upon Thames,15221,0.51035523
Richmond upon Thames,15222,0.50614154
Richmond upon Thames,15233,0.51169026
Richmond upon Thames,15236,0.5777586
Richmond upon Thames,15237,0.5669223
Richmond upon Thames,15238,0.4842343
Richmond upon Thames,15239,0.51623756
Richmond upon Thames,15240,0.46307275
Richmond upon Thames,15241,0.46105337
Richmond upon Thames,15247,0.55261385
Richmond upon Thames,15248,0.54487574
Richmond upon Thames,15249,0.5515656
Richmond upon Thames,15250,0.56674606
Richmond upon Thames,15251,0.55260587
Richmond upon Thames,15252,0.5560946
Richmond upon Thames,15253,0.570887
Richmond upon Thames,15254,0.5718465
Richmond upon Thames,15255,0.56959265
Richmond upon Thames,15256,0.5512154
Richmond upon Thames,1529,0.44913876
Richmond upon Thames,15556,0.55581236
Richmond upon Thames,15557,0.5542136
Richmond upon Thames,15558,0.6481268
Richmond upon Thames,15559,0.66346514
Richmond upon Thames,15560,0.55841315
Richmond upon Thames,15561,0.5719827
Richmond upon Thames,15562,0.5414321
Richmond upon Thames,15563,0.54266757
Richmond upon Thames,15565,0.58116746
Richmond upon Thames,15566,0.56435907
Richmond upon Thames,15567,0.56055176
Richmond upon Thames,15568,0.4873323
Richmond upon Thames,15569,0.48392
Richmond upon Thames,15570,0.45771492
Richmond upon Thames,15572,0.5258093
Richmond upon Thames,15574,0.4851409
Richmond upon Thames,15584,0.5347172
Richmond upon Thames,15673,0.581615
Richmond upon Thames,15675,0.5209213
Richmond upon Thames,15708,0.54247385
Richmond upon Thames,15709,0.51923174
Richmond upon Thames,15710,0.5201684
Richmond upon Thames,15711,0.4952693
Richmond upon Thames,15712,0.49485788
Richmond upon Thames,15713,0.48438329
Richmond upon Thames,15714,0.59304833
Richmond upon Thames,15715,0.5894823
Richmond upon Thames,15875,0.4869638
Richmond upon Thames,15893,0.5989509
Richmond upon Thames,15895,0.5999548
Richmond upon Thames,15896,0.6110466
Richmond upon Thames,15897,0.6045688
Richmond upon Thames,15898,0.59788096
Richmond upon Thames,15899,0.56756765
Richmond upon Thames,159,0.4506088
Richmond upon Thames,15900,0.5785559
Richmond upon Thames,15901,0.58168644
Richmond upon Thames,15902,0.5429925
Richmond upon Thames,15903,0.5453756
Richmond upon Thames,15904,0.56205946
Richmond upon Thames,15905,0.5597901
Richmond upon Thames,15907,0.4646478
Richmond upon Thames,16173,0.57733846
Richmond upon Thames,16174,0.58678246
Richmond upon Thames,16175,0.58284885
Richmond upon Thames,16176,0.56857485
Richmond upon Thames,16177,0.5616821
Richmond upon Thames,16178,0.55010015
Richmond upon Thames,16179,0.49344695
Richmond upon Thames,16180,0.45575193
Richmond upon Thames,16181,0.4039186
Richmond upon Thames,16182,0.47871718
Richmond upon Thames,16183,0.48056158
Richmond upon Thames,16184,0.46893078
Richmond upon Thames,16185,0.47891358
Richmond upon Thames,16186,0.43387035
Richmond upon Thames,16187,0.43649563
Richmond upon Thames,16188,0.3147868
Richmond upon Thames,16189,0.3441618
Richmond upon Thames,16190,0.34098876
Richmond upon Thames,16192,0.41946584
Richmond upon Thames,16220,0.34761256
Richmond upon Thames,16221,0.34224334
Richmond upon Thames,16235,0.38677138
Richmond upon Thames,16236,0.3880442
Richmond upon Thames,16237,0.40078485
Richmond upon Thames,16238,0.38358435
Richmond upon Thames,16239,0.5756926
Richmond upon Thames,16240,0.57299966
Richmond upon Thames,16241,0.52316463
Richmond upon Thames,16242,0.549806
Richmond upon Thames,16243,0.55825293
Richmond upon Thames,16245,0.56687665
Richmond upon Thames,16246,0.5177056
Richmond upon Thames,16247,0.5505349
Richmond upon Thames,16248,0.5514665
Richmond upon Thames,16350,0.6081834
Richmond upon Thames,16351,0.6127073
Richmond upon Thames,16871,0.5357622
Richmond upon Thames,16872,0.54173136
Richmond upon Thames,16873,0.55217874
Richmond upon Thames,16874,0.54903734
Richmond upon Thames,16875,0.5138643
Richmond upon Thames,16877,0.48032779
Richmond upon Thames,16879,0.39685926
Richmond upon Thames,1750,0.5888494
Richmond upon Thames,1751,0.5732816
Richmond upon Thames,17758,0.3366173
Richmond upon Thames,19484,0.5904036
Richmond upon Thames,19485,0.5440623
Richmond upon Thames,19487,0.5270449
Richmond upon Thames,19488,0.49720734
Richmond upon Thames,19490,0.42687458
Richmond upon Thames,19499,0.4664288
Richmond upon Thames,19500,0.4130713
Richmond upon Thames,19501,0.399069
Richmond upon Thames,19568,0.46486795
Richmond upon Thames,19569,0.47228462
Richmond upon Thames,19571,0.41970238
Richmond upon Thames,19574,0.44699726
Richmond upon Thames,19575,0.4166601
Richmond upon Thames,19577,0.4900741
Richmond upon Thames,19578,0.4920736
Richmond upon Thames,19579,0.47792813
Richmond upon Thames,1958,0.470494
Richmond upon Thames,19580,0.47304878
Richmond upon Thames,19581,0.46597588
Richmond upon Thames,19583,0.41500106
Richmond upon Thames,19584,0.4561967
Richmond upon Thames,19585,0.53914094
Richmond upon Thames,19586,0.46815065
Richmond upon Thames,19587,0.55187196
Richmond upon Thames,19846,0.52562535
Richmond upon Thames,19967,0.5690109
Richmond upon Thames,20523,0.52247584
Richmond upon Thames,20524,0.52082616
Richmond upon Thames,20623,0.49501726
Richmond upon Thames,20624,0.5534383
Richmond upon Thames,20682,0.5906594
Richmond upon Thames,20683,0.5930178
Richmond upon Thames,20703,0.56796694
Richmond upon Thames,20708,0.51595116
Richmond upon Thames,20785,0.5076956
Richmond upon Thames,20786,0.5338866
Richmond upon Thames,2532,0.52549696
Richmond upon Thames,25606,0.6302859
Richmond upon Thames,25613,0.53537035
Richmond upon Thames,25614,0.5351865
Richmond upon Thames,25808,0.4078241
Richmond upon Thames,25809,0.43524337
Richmond upon Thames,25810,0.45760056
Richmond upon Thames,25812,0.5022086
Richmond upon Thames,25813,0.48136273
Richmond upon Thames,25814,0.48340985
Richmond upon Thames,25815,0.5003125
Richmond upon Thames,25816,0.49545577
Richmond upon Thames,25823,0.5728274
Richmond upon Thames,25824,0.5414194
Richmond upon Thames,25825,0.55064046
Richmond upon Thames,25898,0.6535775
Richmond upon Thames,25953,0.50632095
Richmond upon Thames,25954,0.5012565
Richmond upon Thames,25974,0.565398
Richmond upon Thames,26226,0.5406667
Richmond upon Thames,26244,0.44443437
Richmond upon Thames,27345,0.5163238
Richmond upon Thames,27349,0.5739648
Richmond upon Thames,27350,0.5763336
Richmond upon Thames,27351,0.5664758
Richmond upon Thames,27353,0.48956567
Richmond upon Thames,27355,0.5463221
Richmond upon Thames,27356,0.5437853
Richmond upon Thames,27363,0.5582479
Richmond upon Thames,27364,0.50945646
Richmond upon Thames,27365,0.555049
Richmond upon Thames,27367,0.47551492
Richmond upon Thames,27368,0.52633023
Richmond upon Thames,27369,0.58361876
Richmond upon Thames,27370,0.5464541
Richmond upon Thames,27526,0.5892107
Richmond upon Thames,27534,0.53196573
Richmond upon Thames,27537,0.4566352
Richmond upon Thames,27567,0.58773357
Richmond upon Thames,27571,0.37500992
Richmond upon Thames,27572,0.38277733
Richmond upon Thames,27812,0.3877059
Richmond upon Thames,27813,0.39991477
Richmond upon Thames,2841,0.63484937
Richmond upon Thames,28511,0.50867814
Richmond upon Thames,29402,0.39615464
Richmond upon Thames,29403,0.36262754
Richmond upon Thames,29982,0.5976735
Richmond upon Thames,29987,0.6203121
Richmond upon Thames,33190,0.50871956
Richmond upon Thames,33191,0.5197806
Richmond upon Thames,33192,0.4604751
Richmond upon Thames,33193,0.5008213
Richmond upon Thames,33195,0.4371061
Richmond upon Thames,33198,0.54739267
Richmond upon Thames,33199,0.51609904
Richmond upon Thames,33201,0.5381665
Richmond upon Thames,33202,0.4336053
Richmond upon Thames,33203,0.4901305
Richmond upon Thames,33727,0.5575363
Richmond upon Thames,33728,0.5594369
Richmond upon Thames,33729,0.54364747
Richmond upon Thames,33730,0.5408152
Richmond upon Thames,33731,0.53920823
Richmond upon Thames,33733,0.56120056
Richmond upon Thames,33734,0.5560895
Richmond upon Thames,33735,0.55792975
Richmond upon Thames,33736,0.5720677
Richmond upon Thames,33737,0.5298551
Richmond upon Thames,33738,0.5344094
Richmond upon Thames,33917,0.5467406
Richmond upon Thames,34063,0.5254636
Richmond upon Thames,34064,0.52179
Richmond upon Thames,34065,0.37736174
Richmond upon Thames,34066,0.38535967
Richmond upon Thames,34832,0.59930605
Richmond upon Thames,34930,0.5369374
Richmond upon Thames,34958,0.42319515
Richmond upon Thames,3565,0.5134949
Richmond upon Thames,35719,0.55398494
Richmond upon Thames,35829,0.49840862
Richmond upon Thames,35830,0.4884931
Richmond upon Thames,35831,0.5055863
Richmond upon Thames,35832,0.492122
Richmond upon Thames,35833,0.44481298
Richmond upon Thames,35834,0.53863466
Richmond upon Thames,35835,0.58563733
Richmond upon Thames,35877,0.543431
Richmond upon Thames,35878,0.5404655
Richmond upon Thames,35879,0.52207893
Richmond upon Thames,35880,0.5076881
Richmond upon Thames,35881,0.49920815
Richmond upon Thames,35882,0.4902283
Richmond upon Thames,35885,0.4649045
Richmond upon Thames,35886,0.4860459
Richmond upon Thames,35887,0.48859003
Richmond upon Thames,35906,0.50015503
Richmond upon Thames,3597,0.33638483
Richmond upon Thames,35978,0.47310725
Richmond upon Thames,3599,0.4470278
Richmond upon Thames,36561,0.5526148
Richmond upon Thames,36562,0.4696617
Richmond upon Thames,36563,0.48100185
Richmond upon Thames,36577,0.5717935
Richmond upon Thames,36618,0.44813085
Richmond upon Thames,36619,0.46766227
Richmond upon Thames,36620,0.42652062
Richmond upon Thames,36621,0.43983856
Richmond upon Thames,36622,0.4669132
Richmond upon Thames,36623,0.43308893
Richmond upon Thames,36782,0.6016992
Richmond upon Thames,36790,0.53174585
Richmond upon Thames,37222,0.5804217
Richmond upon Thames,40001,0.58628297
Richmond upon Thames,4500,0.55864775
Richmond upon Thames,4501,0.5533705
Richmond upon Thames,4503,0.49623778
Richmond upon Thames,4505,0.57629997
Richmond upon Thames,4506,0.56801766
Richmond upon Thames,4601,0.6068655
Richmond upon Thames,4602,0.6135446
Richmond upon Thames,4603,0.587096
Richmond upon Thames,4606,0.5515382
Richmond upon Thames,4607,0.5533443
Richmond upon Thames,4608,0.61878353
Richmond upon Thames,4609,0.63176465
Richmond upon Thames,573,0.5847216
Richmond upon Thames,578,0.5742859
Richmond upon Thames,6382,0.6203848
Richmond upon Thames,6387,0.6001991
Richmond upon Thames,6388,0.59349763
Richmond upon Thames,6390,0.592069
Richmond upon Thames,6393,0.5368544
Richmond upon Thames,6398,0.48672307
Richmond upon Thames,6422,0.6345559
Richmond upon Thames,6424,0.59792477
Richmond upon Thames,6428,0.6043181
Richmond upon Thames,6433,0.4897708
Richmond upon Thames,6435,0.48687032
Richmond upon Thames,6437,0.5234885
Richmond upon Thames,6439,0.46344647
Richmond upon Thames,6440,0.5081774
Richmond upon Thames,6441,0.48933566
Richmond upon Thames,6449,0.47071213
Richmond upon Thames,6451,0.49243045
Richmond upon Thames,648,0.56230277
Richmond upon Thames,6917,0.45460224
Richmond upon Thames,6919,0.55220485
Richmond upon Thames,91212,0.55674124
Richmond upon Thames,91213,0.5534648
Richmond upon Thames,9283,0.50060713
Richmond upon Thames,9347,0.5563883
Richmond upon Thames,9351,0.5479329
Richmond upon Thames,9352,0.53458565
Richmond upon Thames,9383,0.49604106
Richmond upon Thames,9390,0.6390836
Richmond upon Thames,9391,0.63398135
Richmond upon Thames,9798,0.5536627
Richmond upon Thames,986,0.54086834
Richmond upon Thames,987,0.5378359
Richmond upon Thames,BP115,0.5855159
Richmond upon Thames,BP116,0.5696016
Richmond upon Thames,BP117,0.4274531
Richmond upon Thames,BP118,0.454419
Richmond upon Thames,BP124,0.42661086
Richmond upon Thames,BP125,0.47019807
Richmond upon Thames,BP141,0.5914107
Richmond upon Thames,BP1593,0.524154
Richmond upon Thames,BP1594,0.5243394
Richmond upon Thames,BP1595,0.54465294
Richmond upon Thames,BP1608,0.58756626
Richmond upon Thames,BP1642,0.40036845
Richmond upon Thames,BP1643,0.45218253
Richmond upon Thames,BP1644,0.45747858
Richmond upon Thames,BP202,0.4624962
Richmond upon Thames,BP2297,0.47219875
Richmond upon Thames,BP2298,0.46608412
Richmond upon Thames,BP2383,0.5038474
Richmond upon Thames,BP2384,0.48317257
Richmond upon Thames,BP2385,0.4861641
Richmond upon Thames,BP2386,0.47366273
Richmond upon Thames,BP2387,0.4733785
Richmond upon Thames,BP2611,0.47266203
Richmond upon Thames,BP2612,0.49062797
Richmond upon Thames,BP2634,0.57504416
Richmond upon Thames,BP282,0.6016494
Richmond upon Thames,BP3087,0.48910064
Richmond upon Thames,BP3807,0.58239114
Richmond upon Thames,BP3808,0.5232308
Richmond upon Thames,BP3809,0.5307491
Richmond upon Thames,BP3810,0.5306653
Richmond upon Thames,BP3811,0.52364355
Richmond upon Thames,BP3821,0.6211733
Richmond upon Thames,BP3822,0.518616
Richmond upon Thames,BP3823,0.5009874
Richmond upon Thames,BP3824,0.49164256
Richmond upon Thames,BP3825,0.49139056
Richmond upon Thames,BP3826,0.5332237
Richmond upon Thames,BP3827,0.5099758
Richmond upon Thames,BP3895,0.574468
Richmond upon Thames,BP396,0.5607111
Richmond upon Thames,BP4311,0.4714939
Richmond upon Thames,BP4675,0.5816315
Richmond upon Thames,BP480,0.408063
Richmond upon Thames,BP481,0.3972963
Richmond upon Thames,BP4923,0.520048
Richmond upon Thames,BP4924,0.5219776
Richmond upon Thames,BP5023,0.5087632
Richmond upon Thames,BP5096,0.6418235
Richmond upon Thames,BP5097,0.64455175
Richmond upon Thames,BP5269,0.5749513
Richmond upon Thames,BP5280,0.519627
Richmond upon Thames,BP5281,0.51262516
Richmond upon Thames,BP5356,0.44403222
Richmond upon Thames,BP5357,0.45192236
Richmond upon Thames,BP5358,0.45957825
Richmond upon Thames,BP5359,0.4547796
Richmond upon Thames,BP5360,0.45936984
Richmond upon Thames,BP5361,0.4517378
Richmond upon Thames,BP5362,0.5556691
Richmond upon Thames,BP5450,0.41031852
Richmond upon Thames,BP5451,0.4279946
Richmond upon Thames,BP5452,0.40689036
Richmond upon Thames,BP5453,0.42547625
Richmond upon Thames,BP5454,0.40046406
Richmond upon Thames,BP5811,0.6195588
Richmond upon Thames,BP5812,0.60278416
Richmond upon Thames,BP5813,0.6182266
Richmond upon Thames,BP5814,0.6141806
Richmond upon Thames,BP5962,0.57441294
Richmond upon Thames,BP5963,0.5988844
Richmond upon Thames,BP6106,0.503104
Richmond upon Thames,BP6498,0.46543255
Richmond upon Thames,BP6499,0.50240034
Richmond upon Thames,BP6500,0.52480805
Richmond upon Thames,BP6502,0.4929231
Richmond upon Thames,BP6503,0.4608557
Richmond upon Thames,BP6505,0.53765416
Richmond upon Thames,BP849,0.45333642
Richmond upon Thames,FW10,0.52730864
Richmond upon Thames,FW15,0.43263137
Richmond upon Thames,FW16,0.46677175
Richmond upon Thames,FW17,0.50713736
Richmond upon Thames,FW18,0.5134187
Richmond upon Thames,FW19,0.42977545
Richmond upon Thames,FW21,0.59764445
Richmond upon Thames,FW25,0.49607933
Richmond upon Thames,FW26,0.49792677
Richmond upon Thames,FW28,0.5900711
Richmond upon Thames,FW29,0.45172787
Richmond upon Thames,FW31,0.56167734
Richmond upon Thames,FW35,0.56855816
Richmond upon Thames,FW36,0.52944183
Richmond upon Thames,FW37,0.5129984
Richmond upon Thames,FW38,0.51081717
Richmond upon Thames,FW44,0.57811356
Richmond upon Thames,FW45,0.57083124
Richmond upon Thames,FW46,0.49593
Richmond upon Thames,FW49,0.3995755
Richmond upon Thames,FW5,0.60296214
Richmond upon Thames,FW54,0.52579445
Richmond upon Thames,HC96,0.6134356
Richmond upon Thames,HC97,0.5312295
Richmond upon Thames,OC515,0.5533877
Richmond upon Thames,OC516,0.5289651
Richmond upon Thames,OC517,0.5032756
Richmond upon Thames,OC518,0.47615278
Richmond upon Thames,R0113,0.40264365
Richmond upon Thames,R0124,0.5889488
Richmond upon Thames,R0125,0.49980184
Richmond upon Thames,R0142,0.3571381
Richmond upon Thames,R0152,0.49295956
Richmond upon Thames,R0153,0.4931003
Richmond upon Thames,R0168,0.60340965
Richmond upon Thames,R0242,0.5139315
Richmond upon Thames,R0244,0.5112065
Richmond upon Thames,R0245,0.5801904
Richmond upon Thames,R0247,0.54887265
Richmond upon Thames,R0248,0.5703674
Richmond upon Thames,R0272,0.5190314
Richmond upon Thames,R0273,0.40857488
Richmond upon Thames,R0274,0.49130544
Richmond upon Thames,R0276,0.61533165
Richmond upon Thames,R0284,0.57269394
Richmond upon Thames,R0285,0.57197046
Richmond upon Thames,R0290,0.5685595
Richmond upon Thames,R0293,0.5303421
Richmond upon Thames,R0347,0.5501128
Richmond upon Thames,R0651,0.55536956
Richmond upon Thames,R0653,0.5900317
Richmond upon Thames,R0886,0.5888516
Richmond upon Thames,R0894,0.49070662
Richmond upon Thames,R0897,0.5732386
Southwark,106,0.5061781
Southwark,1109,0.53605103
Southwark,1129,0.54395485
Southwark,1171,0.52948517
Southwark,1204,0.47164738
Southwark,1206,0.53468704
Southwark,1208,0.52137613
Southwark,1209,0.53149444
Southwark,1211,0.5626034
Southwark,1212,0.56637555
Southwark,1213,0.5379888
Southwark,13275,0.47184163
Southwark,13278,0.45758113
Southwark,13280,0.5142707
Southwark,13283,0.59262514
Southwark,13284,0.591575
Southwark,13297,0.4765567
Southwark,13364,0.518899
Southwark,13365,0.4915331
Southwark,13368,0.50845844
Southwark,13370,0.51109385
Southwark,13372,0.5537969
Southwark,13373,0.55941916
Southwark,13377,0.5304626
Southwark,13378,0.558166
Southwark,13380,0.48471132
Southwark,13384,0.5585874
Southwark,13387,0.53546387
Southwark,13388,0.5355719
Southwark,13389,0.5483257
Southwark,13390,0.5455382
Southwark,13393,0.51884866
Southwark,13397,0.53112596
Southwark,13398,0.5515863
Southwark,13399,0.55634874
Southwark,13400,0.48729852
Southwark,13401,0.48313776
Southwark,13402,0.49425542
Southwark,13403,0.4923251
Southwark,13405,0.5186784
Southwark,13406,0.53871244
Southwark,13410,0.52502865
Southwark,13411,0.55618227
Southwark,13622,0.52436495
Southwark,13623,0.5130402
Southwark,13626,0.5708336
Southwark,13627,0.5428208
Southwark,13638,0.5189997
Southwark,13649,0.5805997
Southwark,13650,0.6121187
Southwark,13660,0.566071
Southwark,13661,0.55134594
Southwark,13663,0.55104077
Southwark,13665,0.5605289
Southwark,13666,0.5489302
Southwark,13668,0.58168215
Southwark,13723,0.53272885
Southwark,13726,0.52110577
Southwark,13730,0.53412485
Southwark,13731,0.533496
Southwark,13732,0.5353123
Southwark,13734,0.5609941
Southwark,13736,0.5567491
Southwark,13739,0.5674754
Southwark,13740,0.5605238
Southwark,13741,0.5660224
Southwark,13742,0.55108476
Southwark,13743,0.5485742
Southwark,13749,0.503531
Southwark,13750,0.55680287
Southwark,13752,0.5449506
Southwark,13753,0.57209027
Southwark,13759,0.5342865
Southwark,13760,0.53350437
Southwark,13761,0.5781348
Southwark,13762,0.5782453
Southwark,13766,0.5358237
Southwark,13767,0.53063905
Southwark,13768,0.55124366
Southwark,13769,0.53858143
Southwark,13770,0.48370314
Southwark,13771,0.5119568
Southwark,13772,0.4801724
Southwark,13773,0.48355123
Southwark,13774,0.47055143
Southwark,13777,0.4768678
Southwark,13778,0.4813373
Southwark,13780,0.4612386
Southwark,13781,0.4640493
Southwark,13782,0.49132684
Southwark,13784,0.5453855
Southwark,13785,0.5379339
Southwark,13786,0.5459385
Southwark,13787,0.53879297
Southwark,13788,0.54242533
Southwark,13789,0.5454626
Southwark,13794,0.5411467
Southwark,13795,0.54343045
Southwark,13796,0.52833575
Southwark,13798,0.5447571
Southwark,13799,0.5334652
Southwark,13802,0.5651261
Southwark,13803,0.56484294
Southwark,13804,0.58200425
Southwark,13805,0.56685424
Southwark,1430,0.5204973
Southwark,1431,0.5143004
Southwark,1434,0.5367422
Southwark,1492,0.54597056
Southwark,1493,0.5598679
Southwark,1494,0.5417955
Southwark,1518,0.5455398
Southwark,1520,0.5523905
Southwark,1600,0.4986083
Southwark,17141,0.53791875
Southwark,1726,0.5041868
Southwark,1727,0.5115501
Southwark,17839,0.5640827
Southwark,1957,0.56350774
Southwark,1960,0.5068347
Southwark,19601,0.47534856
Southwark,1961,0.49029097
Southwark,1962,0.4755274
Southwark,1963,0.47933292
Southwark,1965,0.4802893
Southwark,1967,0.49109957
Southwark,1970,0.55494016
Southwark,2016,0.57172215
Southwark,2017,0.55916715
Southwark,20469,0.53315204
Southwark,20471,0.5654016
Southwark,2135,0.4735614
Southwark,2140,0.49969405
Southwark,2141,0.4690235
Southwark,2216,0.5016272
Southwark,2247,0.552906
Southwark,226,0.5308071
Southwark,227,0.53446823
Southwark,23105,0.5590709
Southwark,25103,0.4742124
Southwark,25105,0.5128578
Southwark,25106,0.51267
Southwark,253,0.4437625
Southwark,2550,0.48367843
Southwark,2551,0.45143506
Southwark,2552,0.5277051
Southwark,2553,0.52512944
Southwark,2554,0.5286921
Southwark,25557,0.46630174
Southwark,2558,0.4571774
Southwark,256,0.46932322
Southwark,2569,0.5075645
Southwark,2581,0.54932064
Southwark,2584,0.5207832
Southwark,2585,0.5182538
Southwark,2586,0.5011455
Southwark,2587,0.4982992
Southwark,2588,0.50217396
Southwark,2589,0.5037464
Southwark,2590,0.5042901
Southwark,25923,0.49107322
Southwark,25924,0.48088434
Southwark,25926,0.52426773
Southwark,25927,0.5294466
Southwark,25928,0.4755465
Southwark,25929,0.47430128
Southwark,25932,0.5538722
Southwark,25938,0.50627404
Southwark,25940,0.5152824
Southwark,25941,0.51728725
Southwark,2596,0.5112616
Southwark,2597,0.5063338
Southwark,25994,0.5607847
Southwark,26034,0.53961873
Southwark,26035,0.5345028
Southwark,26036,0.5375536
Southwark,26037,0.544168
Southwark,26038,0.5216288
Southwark,26039,0.5359305
Southwark,26040,0.52388823
Southwark,26041,0.5138219
Southwark,26042,0.5357482
Southwark,26043,0.49669662
Southwark,26045,0.4865974
Southwark,26046,0.48221937
Southwark,26047,0.5046796
Southwark,26049,0.5129199
Southwark,26050,0.52050966
Southwark,26051,0.5639235
Southwark,26052,0.55012107
Southwark,26053,0.5358382
Southwark,26054,0.5051517
Southwark,26055,0.47611824
Southwark,26056,0.49369
Southwark,26058,0.47575223
Southwark,26059,0.47319618
Southwark,26060,0.45460322
Southwark,26062,0.50410336
Southwark,26065,0.50420433
Southwark,26068,0.45144662
Southwark,26070,0.57063794
Southwark,2608,0.4735847
Southwark,26089,0.47004968
Southwark,2609,0.4982615
Southwark,26090,0.46694708
Southwark,26091,0.51667494
Southwark,26092,0.53509164
Southwark,26093,0.5400817
Southwark,26094,0.5715852
Southwark,26095,0.5528737
Southwark,2612,0.50646555
Southwark,2613,0.48702443
Southwark,2614,0.49009567
Southwark,2615,0.5218488
Southwark,2616,0.45902878
Southwark,2618,0.5675705
Southwark,2619,0.5230762
Southwark,26204,0.5940971
Southwark,26205,0.61280805
Southwark,26206,0.5783861
Southwark,26207,0.5836345
Southwark,26208,0.5683409
Southwark,26212,0.5164059
Southwark,26304,0.4777065
Southwark,26324,0.45843425
Southwark,26348,0.5105532
Southwark,26351,0.46715522
Southwark,26352,0.46842912
Southwark,26353,0.46355787
Southwark,26404,0.48031932
Southwark,26418,0.47241366
Southwark,26476,0.5044336
Southwark,26477,0.50730157
Southwark,26718,0.44366676
Southwark,26726,0.42689395
Southwark,26727,0.45741615
Southwark,26728,0.4348931
Southwark,26733,0.49661794
Southwark,26734,0.49402252
Southwark,26736,0.4722406
Southwark,26739,0.45672968
Southwark,26741,0.52657056
Southwark,26743,0.5267919
Southwark,26746,0.5376646
Southwark,26755,0.52091587
Southwark,26756,0.51037437
Southwark,27516,0.45252398
Southwark,27710,0.5281294
Southwark,27711,0.55178136
Southwark,27715,0.56960374
Southwark,27717,0.5541726
Southwark,27718,0.5510156
Southwark,27719,0.59158635
Southwark,27721,0.64743376
Southwark,27723,0.5987562
Southwark,27725,0.5896782
Southwark,27727,0.5785706
Southwark,27729,0.57594705
Southwark,27731,0.52025694
Southwark,280,0.46445566
Southwark,2840,0.47107124
Southwark,29386,0.531118
Southwark,29429,0.4751216
Southwark,29808,0.5110907
Southwark,33109,0.45400998
Southwark,33137,0.5122461
Southwark,33138,0.50237685
Southwark,33439,0.4701069
Southwark,33440,0.47052363
Southwark,33441,0.46094844
Southwark,33442,0.46597588
Southwark,33452,0.45941746
Southwark,33453,0.5237083
Southwark,33469,0.45963135
Southwark,33606,0.6065073
Southwark,33607,0.6217763
Southwark,33610,0.6160941
Southwark,33611,0.49575284
Southwark,33617,0.5331288
Southwark,33618,0.5274518
Southwark,33619,0.52860296
Southwark,33623,0.53004813
Southwark,33624,0.52071726
Southwark,33625,0.5159979
Southwark,33626,0.5197298
Southwark,33841,0.5635867
Southwark,33905,0.55137646
Southwark,34010,0.5168117
Southwark,34022,0.5625343
Southwark,34158,0.5201897
Southwark,34232,0.559364
Southwark,34288,0.5609575
Southwark,34289,0.5300797
Southwark,34290,0.5408815
Southwark,34291,0.524136
Southwark,34347,0.48988
Southwark,34372,0.50575894
Southwark,34459,0.48202938
Southwark,34460,0.4813742
Southwark,34623,0.5615358
Southwark,34784,0.550401
Southwark,35298,0.4925061
Southwark,35552,0.53934675
Southwark,35553,0.5399968
Southwark,35900,0.49265477
Southwark,36686,0.59049207
Southwark,36732,0.49008223
Southwark,36751,0.5532481
Southwark,36752,0.58905965
Southwark,36753,0.5501763
Southwark,36767,0.6266778
Southwark,36768,0.65651894
Southwark,36769,0.6521803
Southwark,36770,0.632729
Southwark,36771,0.6253907
Southwark,36772,0.6463287
Southwark,36773,0.6567083
Southwark,36774,0.5975943
Southwark,36775,0.5846553
Southwark,36887,0.59018683
Southwark,36961,0.5581872
Southwark,36962,0.5085216
Southwark,36963,0.5524282
Southwark,36964,0.5810705
Southwark,36967,0.52541435
Southwark,36968,0.54324543
Southwark,36969,0.49574497
Southwark,36970,0.55388993
Southwark,36971,0.545378
Southwark,36973,0.5102422
Southwark,36977,0.60204446
Southwark,36978,0.5579083
Southwark,37168,0.4711059
Southwark,37306,0.5358012
Southwark,37419,0.4696624
Southwark,37637,0.53523356
Southwark,37666,0.5440885
Southwark,394,0.4669565
Southwark,395,0.4714152
Southwark,40046,0.5795257
Southwark,40057,0.6259538
Southwark,40069,0.47423252
Southwark,40070,0.47517088
Southwark,40071,0.4795784
Southwark,40072,0.55125326
Southwark,40073,0.54471374
Southwark,40078,0.573687
Southwark,445,0.47875112
Southwark,446,0.4811617
Southwark,448,0.5163542
Southwark,4610,0.5270215
Southwark,47001,0.5058403
Southwark,541,0.5000876
Southwark,542,0.49143496
Southwark,603,0.4437878
Southwark,605,0.4407805
Southwark,622,0.4849528
Southwark,644,0.4754415
Southwark,646,0.52301544
Southwark,651,0.56860244
Southwark,656,0.5033517
Southwark,657,0.5127981
Southwark,658,0.47084874
Southwark,718,0.487187
Southwark,719,0.48569706
Southwark,720,0.48346394
Southwark,8301,0.48555577
Southwark,8315,0.48878747
Southwark,8316,0.49552912
Southwark,8317,0.48710304
Southwark,86,0.4469623
Southwark,88,0.49796686
Southwark,89,0.50100064
Southwark,91531,0.50087094
Southwark,918,0.51557624
Southwark,940,0.50748914
Southwark,9472,0.56244004
Southwark,9473,0.5695684
Southwark,9474,0.50864226
Southwark,9475,0.4720469
Southwark,978,0.54196984
Southwark,BP074,0.5227096
Southwark,BP1038,0.44450238
Southwark,BP1039,0.47592244
Southwark,BP1041,0.5327713
Southwark,BP1043,0.52399457
Southwark,BP1044,0.5287072
Southwark,BP1046,0.603353
Southwark,BP1047,0.6375165
Southwark,BP1048,0.61658335
Southwark,BP1049,0.54182506
Southwark,BP1052,0.5419265
Southwark,BP1057,0.5543996
Southwark,BP1058,0.6154506
Southwark,BP1061,0.53489095
Southwark,BP1064,0.52262926
Southwark,BP1072,0.5081754
Southwark,BP127,0.5120224
Southwark,BP1270,0.6288504
Southwark,BP1271,0.62226707
Southwark,BP1272,0.66295624
Southwark,BP1273,0.66992366
Southwark,BP1274,0.60523576
Southwark,BP1275,0.58072853
Southwark,BP1276,0.57068884
Southwark,BP1277,0.6065269
Southwark,BP1278,0.62342906
Southwark,BP128,0.52126205
Southwark,BP1344,0.4756931
Southwark,BP1371,0.46212268
Southwark,BP1571,0.51750773
Southwark,BP1572,0.52878714
Southwark,BP1573,0.52826434
Southwark,BP1580,0.5381776
Southwark,BP1714,0.51542544
Southwark,BP1826,0.46853033
Southwark,BP1827,0.46422592
Southwark,BP1964,0.52389497
Southwark,BP1965,0.51897496
Southwark,BP1966,0.5231481
Southwark,BP1974,0.5322342
Southwark,BP1975,0.5200286
Southwark,BP1976,0.5374727
Southwark,BP2085,0.56328034
Southwark,BP2390,0.47760248
Southwark,BP2391,0.4785324
Southwark,BP2393,0.47896445
Southwark,BP2413,0.515504
Southwark,BP2415,0.5689304
Southwark,BP2416,0.48214823
Southwark,BP2417,0.52264774
Southwark,BP2446,0.6543869
Southwark,BP2763,0.53725684
Southwark,BP2765,0.5536195
Southwark,BP2766,0.5444406
Southwark,BP2767,0.5322712
Southwark,BP2768,0.48174587
Southwark,BP2769,0.4685392
Southwark,BP2770,0.4689743
Southwark,BP2771,0.46377146
Southwark,BP2772,0.46538478
Southwark,BP2773,0.4806715
Southwark,BP2774,0.5056057
Southwark,BP2775,0.5216872
Southwark,BP2780,0.5375295
Southwark,BP2786,0.5211948
Southwark,BP2790,0.5903691
Southwark,BP2949,0.5606062
Southwark,BP2950,0.5126755
Southwark,BP2951,0.53106177
Southwark,BP2952,0.528803
Southwark,BP2953,0.52072185
Southwark,BP2954,0.42054307
Southwark,BP2955,0.43394768
Southwark,BP2956,0.44623706
Southwark,BP2957,0.4388369
Southwark,BP3055,0.46875232
Southwark,BP3056,0.50028974
Southwark,BP3057,0.5203238
Southwark,BP3058,0.50950074
Southwark,BP3059,0.5096899
Southwark,BP3062,0.5828749
Southwark,BP3063,0.54419106
Southwark,BP3064,0.4938608
Southwark,BP3065,0.5309319
Southwark,BP3066,0.5109988
Southwark,BP3067,0.561867
Southwark,BP3068,0.5482814
Southwark,BP3069,0.53981227
Southwark,BP3070,0.518691
Southwark,BP3071,0.48648608
Southwark,BP3163,0.5542227
Southwark,BP3164,0.5582247
Southwark,BP3165,0.54389083
Southwark,BP3196,0.47789818
Southwark,BP3199,0.50669837
Southwark,BP3200,0.5074196
Southwark,BP3206,0.55222887
Southwark,BP3219,0.48803106
Southwark,BP3220,0.59190094
Southwark,BP3226,0.5719912
Southwark,BP3227,0.49833775
Southwark,BP3307,0.5023269
Southwark,BP3308,0.5837044
Southwark,BP3345,0.547579
Southwark,BP3346,0.5137797
Southwark,BP3347,0.47557664
Southwark,BP3349,0.51964086
Southwark,BP3350,0.5505354
Southwark,BP3387,0.4553813
Southwark,BP3589,0.4725503
Southwark,BP3590,0.46400598
Southwark,BP3681,0.46696377
Southwark,BP3682,0.571536
Southwark,BP3718,0.51429814
Southwark,BP3719,0.51208013
Southwark,BP3772,0.47191712
Southwark,BP3860,0.624485
Southwark,BP3861,0.53868717
Southwark,BP3862,0.544931
Southwark,BP3863,0.5261212
Southwark,BP3864,0.5463847
Southwark,BP3865,0.5335269
Southwark,BP3866,0.5457892
Southwark,BP3867,0.6216839
Southwark,BP3872,0.58776957
Southwark,BP3873,0.5877942
Southwark,BP3874,0.47776133
Southwark,BP3875,0.50389516
Southwark,BP4228,0.5181216
Southwark,BP4336,0.4790594
Southwark,BP4398,0.49897358
Southwark,BP4481,0.4837167
Southwark,BP4630,0.4960176
Southwark,BP4677,0.53679436
Southwark,BP4678,0.5518688
Southwark,BP4679,0.52365834
Southwark,BP4680,0.47946936
Southwark,BP4681,0.46100968
Southwark,BP4682,0.46124595
Southwark,BP4683,0.46822575
Southwark,BP4684,0.5088641
Southwark,BP4685,0.55339885
Southwark,BP4686,0.53962094
Southwark,BP4688,0.48929486
Southwark,BP4689,0.49202472
Southwark,BP4840,0.48136637
Southwark,BP4841,0.48029292
Southwark,BP4842,0.5484588
Southwark,BP4851,0.5453169
Southwark,BP4932,0.5701024
Southwark,BP4933,0.5763406
Southwark,BP4962,0.49564984
Southwark,BP5426,0.57710093
Southwark,BP5448,0.5109126
Southwark,BP5516,0.5128711
Southwark,BP5680,0.52257967
Southwark,BP5681,0.52836645
Southwark,BP574,0.47976068
Southwark,BP599,0.53878593
Southwark,BP601,0.53712404
Southwark,BP6272,0.5274848
Southwark,BP6273,0.5270026
Southwark,BP851,0.47898543
Southwark,BP963,0.5255414
Southwark,R0079,0.5345594
Southwark,R0080,0.5367865
Southwark,R0081,0.51473004
Southwark,R0430,0.49808097
Southwark,R0442,0.5885829
Southwark,R0515,0.5425906
Southwark,R0542,0.5342437
Southwark,R0741,0.47561866
Southwark,R0883,0.5212204
Southwark,R0884,0.49467853
Southwark,1130,0.5951292
Southwark,13647,0.60702556
Southwark,13648,0.60296744
Southwark,25554,0.48306125
Southwark,25555,0.48103556
Southwark,25556,0.4776411
Southwark,2573,0.5242973
Southwark,2574,0.5288052
Southwark,25936,0.5493672
Southwark,25939,0.4896935
Southwark,26747,0.55086756
Southwark,27400,0.55457044
Southwark,33510,0.54095006
Southwark,33616,0.541005
Southwark,33627,0.55200696
Southwark,33850,0.48715273
Southwark,33906,0.5649989
Southwark,36966,0.54810864
Southwark,36975,0.5928499
Southwark,654,0.5463414
Southwark,655,0.5431232
Southwark,8441,0.49685407
Southwark,8442,0.57461786
Southwark,8443,0.5827527
Southwark,BP3963,0.5473696
Southwark,BP3964,0.5485883
Southwark,BP4910,0.5458576
Southwark,BP6317,0.51025575
Sutton,10839,0.4869811
Sutton,10840,0.47343558
Sutton,11356,0.44685382
Sutton,11357,0.42453128
Sutton,14160,0.4839559
Sutton,14162,0.46821305
Sutton,14163,0.46938398
Sutton,14164,0.44470945
Sutton,14165,0.52892035
Sutton,14166,0.43204126
Sutton,14167,0.4563577
Sutton,14172,0.4731254
Sutton,14173,0.49764496
Sutton,14174,0.47722167
Sutton,14175,0.49701762
Sutton,14176,0.50016373
Sutton,14177,0.49889067
Sutton,14178,0.4890663
Sutton,14179,0.49206668
Sutton,14181,0.5126599
Sutton,14185,0.47989693
Sutton,14186,0.51540846
Sutton,14187,0.50637734
Sutton,14188,0.45165634
Sutton,14189,0.44194278
Sutton,14193,0.4545193
Sutton,14194,0.45695966
Sutton,14291,0.50293976
Sutton,14875,0.44825462
Sutton,14912,0.46659815
Sutton,14913,0.4508467
Sutton,14914,0.4318066
Sutton,14915,0.41768283
Sutton,14918,0.40429068
Sutton,14964,0.48696065
Sutton,1572,0.4675403
Sutton,16613,0.53452
Sutton,16614,0.5359885
Sutton,16615,0.519837
Sutton,16616,0.5185915
Sutton,16617,0.5435111
Sutton,16618,0.5439241
Sutton,16619,0.5212925
Sutton,16620,0.564074
Sutton,16621,0.41067916
Sutton,16622,0.40669104
Sutton,16623,0.3537143
Sutton,16624,0.36004645
Sutton,16698,0.53985435
Sutton,16700,0.5538188
Sutton,16701,0.5546309
Sutton,16702,0.577835
Sutton,16703,0.57258207
Sutton,16704,0.5962228
Sutton,16705,0.59595877
Sutton,16706,0.54571754
Sutton,16707,0.60024047
Sutton,16708,0.617791
Sutton,16709,0.49437988
Sutton,16710,0.48976037
Sutton,16711,0.5091367
Sutton,16712,0.501464
Sutton,16713,0.5406469
Sutton,16714,0.45133272
Sutton,16715,0.4489361
Sutton,16716,0.4484637
Sutton,16717,0.5331861
Sutton,16718,0.52874327
Sutton,16719,0.47080216
Sutton,16720,0.4794093
Sutton,16721,0.5079245
Sutton,16722,0.49863568
Sutton,16724,0.4140174
Sutton,16867,0.5202133
Sutton,17352,0.4403821
Sutton,17353,0.44876942
Sutton,17354,0.4884781
Sutton,17355,0.5059093
Sutton,17356,0.54596245
Sutton,17357,0.5494179
Sutton,17358,0.5450854
Sutton,17359,0.5002777
Sutton,17360,0.41308528
Sutton,17361,0.51949334
Sutton,17363,0.5495613
Sutton,17365,0.5504552
Sutton,17625,0.5179477
Sutton,17626,0.5425546
Sutton,17725,0.5393033
Sutton,17726,0.5584813
Sutton,18537,0.52872175
Sutton,18540,0.5125055
Sutton,18541,0.53817725
Sutton,18542,0.5289971
Sutton,18543,0.50671536
Sutton,18544,0.52815604
Sutton,18545,0.48880696
Sutton,18546,0.4885555
Sutton,18547,0.48055452
Sutton,18548,0.48063537
Sutton,18555,0.48949316
Sutton,18557,0.50559324
Sutton,18559,0.46251863
Sutton,18560,0.43982893
Sutton,18561,0.45462343
Sutton,18562,0.46107852
Sutton,18563,0.47341067
Sutton,18565,0.5043309
Sutton,18569,0.47360975
Sutton,18570,0.45824873
Sutton,18571,0.5452957
Sutton,18572,0.50280666
Sutton,18573,0.52371895
Sutton,18574,0.519605
Sutton,18575,0.49924582
Sutton,18593,0.48440292
Sutton,18595,0.4851083
Sutton,18596,0.48592833
Sutton,18597,0.5822521
Sutton,19111,0.42820185
Sutton,19112,0.49644458
Sutton,19113,0.48410046
Sutton,19114,0.47704363
Sutton,19115,0.44339502
Sutton,19116,0.483945
Sutton,19117,0.47633034
Sutton,19118,0.4668717
Sutton,19119,0.4892141
Sutton,19120,0.48801556
Sutton,19123,0.49238837
Sutton,19124,0.4816202
Sutton,19125,0.4938766
Sutton,19126,0.48749378
Sutton,19127,0.48427442
Sutton,19128,0.47700125
Sutton,19129,0.46576938
Sutton,19132,0.49646264
Sutton,19133,0.49557412
Sutton,20186,0.5199705
Sutton,20187,0.5189323
Sutton,20188,0.495537
Sutton,20189,0.4777567
Sutton,20190,0.46156302
Sutton,20191,0.47598785
Sutton,20192,0.48440695
Sutton,20193,0.49016073
Sutton,20194,0.48355368
Sutton,20195,0.520331
Sutton,20196,0.5173337
Sutton,20199,0.51114035
Sutton,20607,0.5176983
Sutton,20608,0.535151
Sutton,20649,0.4439678
Sutton,20650,0.43890128
Sutton,2232,0.4745101
Sutton,2239,0.44205433
Sutton,2240,0.44146553
Sutton,2242,0.45655897
Sutton,2243,0.4575681
Sutton,24743,0.45837045
Sutton,25076,0.48138338
Sutton,25077,0.46822664
Sutton,25578,0.51014143
Sutton,26855,0.5019683
Sutton,26959,0.42265508
Sutton,27555,0.37923872
Sutton,27575,0.4843496
Sutton,27610,0.48898712
Sutton,29355,0.44536895
Sutton,29356,0.44133446
Sutton,29357,0.48406187
Sutton,29358,0.4759503
Sutton,29464,0.46554118
Sutton,29767,0.4747362
Sutton,29768,0.4868543
Sutton,29769,0.49402514
Sutton,29979,0.49778375
Sutton,31982,0.48089406
Sutton,33550,0.40688735
Sutton,33809,0.47519028
Sutton,33895,0.39512485
Sutton,33928,0.438179
Sutton,33929,0.512832
Sutton,33930,0.5321603
Sutton,33931,0.5311172
Sutton,34023,0.4957505
Sutton,34195,0.5182648
Sutton,34678,0.46433967
Sutton,34983,0.46030062
Sutton,35221,0.41944215
Sutton,35222,0.41693082
Sutton,35223,0.4714428
Sutton,35224,0.55043155
Sutton,35225,0.53431755
Sutton,35381,0.478698
Sutton,35382,0.48592857
Sutton,35383,0.51348126
Sutton,35384,0.514389
Sutton,35556,0.48869994
Sutton,35557,0.536113
Sutton,35573,0.4765337
Sutton,35714,0.4123786
Sutton,35897,0.4674117
Sutton,35924,0.4812146
Sutton,35955,0.43138105
Sutton,35996,0.40217796
Sutton,36004,0.47215006
Sutton,3613,0.46747163
Sutton,36653,0.40225732
Sutton,36654,0.4133156
Sutton,36783,0.52060926
Sutton,36895,0.49207148
Sutton,36896,0.4887032
Sutton,36897,0.5076792
Sutton,36898,0.49958822
Sutton,36899,0.458342
Sutton,36902,0.45380947
Sutton,36916,0.4971035
Sutton,36917,0.49661165
Sutton,37329,0.4754706
Sutton,3733,0.445804
Sutton,410,0.52510554
Sutton,4491,0.50169015
Sutton,4529,0.5384247
Sutton,4530,0.45449254
Sutton,4533,0.5081123
Sutton,585,0.45929107
Sutton,588,0.50187635
Sutton,589,0.49472165
Sutton,6463,0.46981984
Sutton,6465,0.46240798
Sutton,6467,0.44253293
Sutton,6468,0.4701535
Sutton,6471,0.48742938
Sutton,6479,0.46381325
Sutton,6480,0.4590524
Sutton,6481,0.4321752
Sutton,6482,0.44785818
Sutton,6483,0.46393248
Sutton,6484,0.4624132
Sutton,6485,0.47064358
Sutton,6486,0.48655725
Sutton,6489,0.5105792
Sutton,6497,0.4726396
Sutton,6500,0.3763437
Sutton,6501,0.39351276
Sutton,6503,0.4141286
Sutton,6504,0.44128466
Sutton,6505,0.4729004
Sutton,6506,0.429338
Sutton,6522,0.3713932
Sutton,6523,0.37403414
Sutton,6524,0.40385127
Sutton,6526,0.4370166
Sutton,6528,0.454496
Sutton,6529,0.4331644
Sutton,6531,0.4208654
Sutton,7591,0.44567534
Sutton,7592,0.43350932
Sutton,7594,0.50821394
Sutton,7602,0.5413071
Sutton,8353,0.45859858
Sutton,8354,0.4741498
Sutton,8784,0.49327186
Sutton,8787,0.50166833
Sutton,9268,0.4979345
Sutton,BP067,0.47708344
Sutton,BP1036,0.46444446
Sutton,BP1368,0.45575103
Sutton,BP1370,0.46695507
Sutton,BP1372,0.44083554
Sutton,BP1373,0.5103524
Sutton,BP143,0.45935294
Sutton,BP1451,0.5208945
Sutton,BP1452,0.5199001
Sutton,BP1453,0.4850904
Sutton,BP1716,0.4568584
Sutton,BP1717,0.45855355
Sutton,BP204,0.4788343
Sutton,BP2073,0.52588946
Sutton,BP2117,0.46900734
Sutton,BP2118,0.45942506
Sutton,BP2119,0.46018544
Sutton,BP2120,0.4584152
Sutton,BP2500,0.59189284
Sutton,BP3452,0.45657358
Sutton,BP3541,0.46094227
Sutton,BP3547,0.5231707
Sutton,BP3548,0.45802295
Sutton,BP3549,0.5472178
Sutton,BP3677,0.49668068
Sutton,BP3794,0.52776736
Sutton,BP3795,0.5285159
Sutton,BP3910,0.46991885
Sutton,BP3929,0.5221985
Sutton,BP4243,0.4510242
Sutton,BP4244,0.46200857
Sutton,BP4918,0.47116655
Sutton,BP4919,0.4686137
Sutton,BP4920,0.48336583
Sutton,BP5273,0.45848277
Sutton,BP5274,0.46886173
Sutton,BP5471,0.44275793
Sutton,BP5472,0.44337016
Sutton,BP5473,0.42903495
Sutton,BP5474,0.4261196
Sutton,BP5475,0.42792568
Sutton,BP5476,0.42269325
Sutton,BP5565,0.6119797
Sutton,BP5573,0.5519394
Sutton,BP5574,0.54467106
Sutton,BP5602,0.4398709
Sutton,BP5698,0.44220152
Sutton,BP5699,0.46258157
Sutton,BP5700,0.47268838
Sutton,BP5701,0.46525452
Sutton,BP5756,0.4580123
Sutton,BP5896,0.4735754
Sutton,BP5897,0.47263518
Sutton,BP5949,0.4504499
Sutton,BP6001,0.44899803
Sutton,BP6249,0.6000175
Sutton,BP625,0.49438873
Sutton,BP626,0.5129939
Sutton,BP6277,0.5200701
Sutton,BP6278,0.52071595
Sutton,BP731,0.45672214
Sutton,BP813,0.5925821
Sutton,HC46,0.5938993
Sutton,HC48,0.5943384
Sutton,HC57,0.48309815
Sutton,HC59,0.5748188
Sutton,HC60,0.4890175
Sutton,HC61,0.5228967
Sutton,HC62,0.63487554
Sutton,HC63,0.5194745
Sutton,HC64,0.48576355
Sutton,HC65,0.519397
Sutton,HC66,0.5300264
Sutton,HC67,0.45182186
Sutton,HC68,0.56715125
Sutton,HC710,0.5866388
Sutton,HC711,0.592464
Sutton,HC712,0.6151505
Sutton,HC719,0.60598534
Sutton,HC720,0.59433997
Sutton,HC721,0.59152424
Sutton,HC722,0.5930644
Sutton,HC723,0.5836168
Sutton,LG01,0.49463814
Sutton,LG55,0.534028
Sutton,LG59,0.4667207
Sutton,OC485,0.4986935
Sutton,OC486,0.5000383
Sutton,OC487,0.4770695
Sutton,OC488,0.47647396
Sutton,OC489,0.55393463
Sutton,OC490,0.5537056
Sutton,OC491,0.44843614
Sutton,OC492,0.49870032
Sutton,OC493,0.580097
Sutton,OC494,0.5777069
Sutton,OC495,0.60654795
Sutton,OC496,0.60800874
Sutton,OC497,0.48702148
Sutton,OC498,0.6212197
Sutton,OC499,0.47589776
Sutton,OC630,0.5385315
Sutton,OC641,0.48852777
Sutton,OC642,0.5294379
Sutton,OC643,0.5260168
Sutton,OC645,0.6369531
Sutton,OC807,0.6350103
Sutton,OC907,0.4724011
Sutton,OC908,0.56809366
Sutton,OC909,0.56738955
Sutton,OC910,0.57174
Sutton,OC911,0.570763
Sutton,OC912,0.47071403
Sutton,OC913,0.44929254
Sutton,OC914,0.4667184
Sutton,OC915,0.4669558
Sutton,OC916,0.49169984
Sutton,OC917,0.48827645
Sutton,OC918,0.5098536
Sutton,OC919,0.48970342
Sutton,OC920,0.5513342
Sutton,OC921,0.5373552
Sutton,OC922,0.5154468
Sutton,OC923,0.5195216
Sutton,OC925,0.5455882
Sutton,OC926,0.57614636
Sutton,OC928,0.50637
Sutton,OC929,0.48789534
Sutton,OC930,0.47032058
Sutton,OC931,0.5118446
Sutton,OC932,0.4735437
Sutton,OC933,0.4688526
Sutton,OC934,0.4791034
Sutton,OC935,0.4821825
Sutton,OC936,0.47228405
Sutton,OC937,0.5033845
Sutton,OC938,0.5176566
Sutton,OC939,0.5150739
Sutton,OC940,0.5049371
Sutton,OC941,0.5029911
Sutton,OC942,0.5078231
Sutton,OC943,0.52748257
Sutton,OC944,0.49767095
Sutton,R0090,0.5097204
Sutton,R0217,0.4378735
Sutton,R0219,0.4255479
Sutton,R0286,0.48659682
Sutton,R0673,0.4821789
Sutton,W20,0.47725347
Sutton,W26,0.44048154
Sutton,W3,0.42342645
Sutton,W43,0.43621954
Sutton,18539,0.52116895
Sutton,590,0.4924968
Sutton,7771,0.49918818
Tower Hamlets,1098,0.55017185
Tower Hamlets,1099,0.54723233
Tower Hamlets,13418,0.6602312
Tower Hamlets,13485,0.57613206
Tower Hamlets,13488,0.5692987
Tower Hamlets,13489,0.5727681
Tower Hamlets,13490,0.58376086
Tower Hamlets,13492,0.59231824
Tower Hamlets,13493,0.59473366
Tower Hamlets,13494,0.6089804
Tower Hamlets,13495,0.613501
Tower Hamlets,13517,0.58530414
Tower Hamlets,13614,0.67871565
Tower Hamlets,1422,0.7425283
Tower Hamlets,14227,0.66696817
Tower Hamlets,14234,0.6623926
Tower Hamlets,14477,0.6012062
Tower Hamlets,14478,0.61537063
Tower Hamlets,14479,0.6707072
Tower Hamlets,14481,0.67553407
Tower Hamlets,14482,0.6763425
Tower Hamlets,14483,0.72549045
Tower Hamlets,14484,0.72135234
Tower Hamlets,14487,0.6854301
Tower Hamlets,14488,0.6847262
Tower Hamlets,14495,0.6639385
Tower Hamlets,14590,0.66035175
Tower Hamlets,15128,0.6738927
Tower Hamlets,15129,0.6513171
Tower Hamlets,15130,0.6087848
Tower Hamlets,15131,0.6529547
Tower Hamlets,15132,0.6568352
Tower Hamlets,15133,0.6433412
Tower Hamlets,15134,0.6485164
Tower Hamlets,15135,0.65849096
Tower Hamlets,15136,0.6335068
Tower Hamlets,15137,0.63094944
Tower Hamlets,15138,0.6072632
Tower Hamlets,15139,0.5890852
Tower Hamlets,15140,0.62759537
Tower Hamlets,15141,0.5936563
Tower Hamlets,15142,0.6327968
Tower Hamlets,15143,0.60296154
Tower Hamlets,15150,0.6242001
Tower Hamlets,15154,0.5902337
Tower Hamlets,15156,0.63395524
Tower Hamlets,15157,0.6363095
Tower Hamlets,15158,0.64334327
Tower Hamlets,15159,0.6212525
Tower Hamlets,15161,0.6040317
Tower Hamlets,15162,0.6076395
Tower Hamlets,1615,0.64269036
Tower Hamlets,1616,0.64828616
Tower Hamlets,1617,0.6737093
Tower Hamlets,16347,0.6017518
Tower Hamlets,16348,0.6085681
Tower Hamlets,16349,0.61579907
Tower Hamlets,16353,0.63627505
Tower Hamlets,1687,0.67934346
Tower Hamlets,1688,0.69434357
Tower Hamlets,1689,0.7094642
Tower Hamlets,17283,0.5980451
Tower Hamlets,1735,0.68220663
Tower Hamlets,1736,0.68639815
Tower Hamlets,18018,0.56321883
Tower Hamlets,18020,0.5682271
Tower Hamlets,18022,0.63011426
Tower Hamlets,18023,0.62722164
Tower Hamlets,18024,0.6407918
Tower Hamlets,18060,0.6974147
Tower Hamlets,18061,0.647803
Tower Hamlets,18062,0.6540933
Tower Hamlets,18063,0.6577849
Tower Hamlets,18067,0.5121168
Tower Hamlets,18213,0.6710569
Tower Hamlets,1863,0.717812
Tower Hamlets,1864,0.7242118
Tower Hamlets,1865,0.68392587
Tower Hamlets,1866,0.67776406
Tower Hamlets,1872,0.63239616
Tower Hamlets,1873,0.64981955
Tower Hamlets,19588,0.5638925
Tower Hamlets,20401,0.698018
Tower Hamlets,2046,0.7006699
Tower Hamlets,2050,0.67477304
Tower Hamlets,2051,0.6769769
Tower Hamlets,20537,0.6638263
Tower Hamlets,2058,0.7034519
Tower Hamlets,2062,0.7229025
Tower Hamlets,2066,0.7154386
Tower Hamlets,20674,0.7125543
Tower Hamlets,20803,0.69945115
Tower Hamlets,2280,0.7095024
Tower Hamlets,2282,0.6819791
Tower Hamlets,2292,0.66032594
Tower Hamlets,2293,0.65871865
Tower Hamlets,25096,0.70619076
Tower Hamlets,27683,0.5924118
Tower Hamlets,27785,0.6641485
Tower Hamlets,2955,0.6021725
Tower Hamlets,29614,0.6301848
Tower Hamlets,29637,0.650476
Tower Hamlets,29648,0.6657143
Tower Hamlets,29733,0.6973614
Tower Hamlets,3200,0.6297521
Tower Hamlets,3201,0.64998645
Tower Hamlets,33431,0.6826998
Tower Hamlets,33583,0.60975564
Tower Hamlets,33584,0.570163
Tower Hamlets,33585,0.593626
Tower Hamlets,33586,0.6493814
Tower Hamlets,34060,0.64967316
Tower Hamlets,34214,0.6514112
Tower Hamlets,34215,0.6677667
Tower Hamlets,34253,0.51753235
Tower Hamlets,34269,0.572847
Tower Hamlets,34405,0.5594695
Tower Hamlets,34406,0.5851163
Tower Hamlets,34408,0.5771203
Tower Hamlets,34413,0.5562956
Tower Hamlets,34447,0.6645219
Tower Hamlets,34448,0.62193286
Tower Hamlets,34793,0.5475627
Tower Hamlets,348,0.65096813
Tower Hamlets,35217,0.57632077
Tower Hamlets,35218,0.60247505
Tower Hamlets,35219,0.6123717
Tower Hamlets,35297,0.5999028
Tower Hamlets,35407,0.6289911
Tower Hamlets,35435,0.6279377
Tower Hamlets,36868,0.60713136
Tower Hamlets,36869,0.5841508
Tower Hamlets,36870,0.57810265
Tower Hamlets,37124,0.5756928
Tower Hamlets,37138,0.545727
Tower Hamlets,37143,0.6125423
Tower Hamlets,37144,0.6145543
Tower Hamlets,37145,0.63153034
Tower Hamlets,4611,0.70837766
Tower Hamlets,4612,0.67747873
Tower Hamlets,4613,0.72757906
Tower Hamlets,4614,0.6427207
Tower Hamlets,4615,0.68924534
Tower Hamlets,4616,0.65498024
Tower Hamlets,4824,0.70306313
Tower Hamlets,4828,0.7030285
Tower Hamlets,4829,0.5951814
Tower Hamlets,559,0.6554608
Tower Hamlets,6366,0.65835583
Tower Hamlets,866,0.659566
Tower Hamlets,868,0.67621994
Tower Hamlets,869,0.64647084
Tower Hamlets,876,0.57456213
Tower Hamlets,877,0.71764183
Tower Hamlets,879,0.7198473
Tower Hamlets,881,0.6891096
Tower Hamlets,882,0.6724886
Tower Hamlets,884,0.6715977
Tower Hamlets,885,0.70778775
Tower Hamlets,886,0.7177868
Tower Hamlets,900,0.7182834
Tower Hamlets,901,0.714684
Tower Hamlets,902,0.72684854
Tower Hamlets,943,0.7092455
Tower Hamlets,944,0.7050867
Tower Hamlets,945,0.6767588
Tower Hamlets,946,0.6691981
Tower Hamlets,947,0.70510185
Tower Hamlets,956,0.6425173
Tower Hamlets,BP081,0.72443706
Tower Hamlets,BP082,0.5615186
Tower Hamlets,BP1014,0.66150266
Tower Hamlets,BP1015,0.66643304
Tower Hamlets,BP1187,0.61304426
Tower Hamlets,BP1193,0.6713323
Tower Hamlets,BP1231,0.6868358
Tower Hamlets,BP1234,0.63786554
Tower Hamlets,BP1307,0.58303726
Tower Hamlets,BP1351,0.6057886
Tower Hamlets,BP1650,0.6729061
Tower Hamlets,BP167,0.59881413
Tower Hamlets,BP1802,0.6010966
Tower Hamlets,BP1863,0.5598045
Tower Hamlets,BP1864,0.5709804
Tower Hamlets,BP1865,0.5604069
Tower Hamlets,BP1866,0.6072422
Tower Hamlets,BP1867,0.5932092
Tower Hamlets,BP1868,0.6449265
Tower Hamlets,BP1869,0.6493664
Tower Hamlets,BP187,0.69532144
Tower Hamlets,BP1870,0.59865826
Tower Hamlets,BP1871,0.59746236
Tower Hamlets,BP1872,0.6298989
Tower Hamlets,BP1873,0.6353976
Tower Hamlets,BP1874,0.6055238
Tower Hamlets,BP1875,0.61409837
Tower Hamlets,BP1876,0.57067806
Tower Hamlets,BP1877,0.557827
Tower Hamlets,BP1905,0.5725798
Tower Hamlets,BP1906,0.5759454
Tower Hamlets,BP1907,0.6192914
Tower Hamlets,BP1909,0.56552017
Tower Hamlets,BP1910,0.6194573
Tower Hamlets,BP1912,0.57265216
Tower Hamlets,BP1913,0.5915325
Tower Hamlets,BP1914,0.59128326
Tower Hamlets,BP1977,0.6824849
Tower Hamlets,BP2004,0.5657382
Tower Hamlets,BP2301,0.5716662
Tower Hamlets,BP2335,0.6138602
Tower Hamlets,BP2336,0.58439094
Tower Hamlets,BP2337,0.66680646
Tower Hamlets,BP2338,0.5968304
Tower Hamlets,BP2339,0.6040985
Tower Hamlets,BP2340,0.6853536
Tower Hamlets,BP2341,0.6355791
Tower Hamlets,BP2342,0.6453462
Tower Hamlets,BP2343,0.6379594
Tower Hamlets,BP2345,0.6492584
Tower Hamlets,BP2346,0.61747646
Tower Hamlets,BP2350,0.59280765
Tower Hamlets,BP2351,0.6014912
Tower Hamlets,BP2352,0.6075253
Tower Hamlets,BP2353,0.6009813
Tower Hamlets,BP2354,0.66402113
Tower Hamlets,BP2355,0.6546416
Tower Hamlets,BP2356,0.57286465
Tower Hamlets,BP2357,0.5804641
Tower Hamlets,BP2449,0.5690069
Tower Hamlets,BP2591,0.6779551
Tower Hamlets,BP2593,0.6178177
Tower Hamlets,BP2594,0.6583668
Tower Hamlets,BP2687,0.5396365
Tower Hamlets,BP2688,0.54813737
Tower Hamlets,BP2689,0.55388576
Tower Hamlets,BP2690,0.63728297
Tower Hamlets,BP2691,0.6352851
Tower Hamlets,BP2695,0.62843347
Tower Hamlets,BP2696,0.60373855
Tower Hamlets,BP2697,0.6228782
Tower Hamlets,BP2698,0.6024096
Tower Hamlets,BP2699,0.6407695
Tower Hamlets,BP2700,0.63088584
Tower Hamlets,BP2701,0.67950845
Tower Hamlets,BP2702,0.6415139
Tower Hamlets,BP3115,0.622629
Tower Hamlets,BP3461,0.60939443
Tower Hamlets,BP3499,0.5949196
Tower Hamlets,BP3500,0.58450633
Tower Hamlets,BP3501,0.60568833
Tower Hamlets,BP3502,0.61178136
Tower Hamlets,BP3571,0.6706881
Tower Hamlets,BP3588,0.6011126
Tower Hamlets,BP3724,0.5914842
Tower Hamlets,BP3725,0.6329667
Tower Hamlets,BP3726,0.6174722
Tower Hamlets,BP3730,0.60994
Tower Hamlets,BP3731,0.63327295
Tower Hamlets,BP3732,0.61595935
Tower Hamlets,BP3833,0.5949749
Tower Hamlets,BP3841,0.5935821
Tower Hamlets,BP4194,0.63684636
Tower Hamlets,BP4195,0.6392282
Tower Hamlets,BP424,0.5890898
Tower Hamlets,BP425,0.58556724
Tower Hamlets,BP4819,0.61839116
Tower Hamlets,BP5153,0.58700246
Tower Hamlets,BP517,0.5509905
Tower Hamlets,BP5191,0.56769603
Tower Hamlets,BP5244,0.71208227
Tower Hamlets,BP525,0.66483665
Tower Hamlets,BP526,0.6529311
Tower Hamlets,BP527,0.638958
Tower Hamlets,BP528,0.6546496
Tower Hamlets,BP530,0.66686505
Tower Hamlets,BP531,0.6638001
Tower Hamlets,BP532,0.6382581
Tower Hamlets,BP540,0.5921928
Tower Hamlets,BP5408,0.68296355
Tower Hamlets,BP5409,0.6522644
Tower Hamlets,BP541,0.5994339
Tower Hamlets,BP544,0.5841067
Tower Hamlets,BP545,0.63949496
Tower Hamlets,BP546,0.66389406
Tower Hamlets,BP547,0.6344884
Tower Hamlets,BP548,0.6714108
Tower Hamlets,BP550,0.57938236
Tower Hamlets,BP5879,0.55043805
Tower Hamlets,BP5950,0.5826405
Tower Hamlets,BP6157,0.59419596
Tower Hamlets,BP6158,0.5946579
Tower Hamlets,BP6159,0.61439943
Tower Hamlets,BP6160,0.6155696
Tower Hamlets,BP617,0.5642252
Tower Hamlets,BP6318,0.5246679
Tower Hamlets,BP6320,0.523193
Tower Hamlets,BP638,0.6954109
Tower Hamlets,BP6568,0.5352251
Tower Hamlets,BP6569,0.5293608
Tower Hamlets,BP6571,0.5355113
Tower Hamlets,BP782,0.59883803
Tower Hamlets,BP940,0.60025996
Tower Hamlets,FC17,0.72442555
Tower Hamlets,FC30,0.5358344
Tower Hamlets,FC76,0.5475395
Tower Hamlets,FC98,0.5933409
Tower Hamlets,FC99,0.59177965
Tower Hamlets,LE108,0.65455234
Tower Hamlets,LE122,0.65881467
Tower Hamlets,LE131,0.6315544
Tower Hamlets,LE132,0.62060356
Tower Hamlets,LE133,0.65745205
Tower Hamlets,LE140,0.5762605
Tower Hamlets,LE168,0.56438696
Tower Hamlets,LE186,0.6612825
Tower Hamlets,LE190,0.65090567
Tower Hamlets,LE193,0.67326605
Tower Hamlets,LE225,0.61336434
Tower Hamlets,LE235,0.62248915
Tower Hamlets,LE236,0.5950979
Tower Hamlets,LE243,0.62648743
Tower Hamlets,LE244,0.65158385
Tower Hamlets,LE246,0.5895531
Tower Hamlets,LE250,0.5781833
Tower Hamlets,R0311,0.63975096
Tower Hamlets,R0313,0.6021006
Tower Hamlets,R0314,0.6506307
Tower Hamlets,R0315,0.66664165
Tower Hamlets,R0381,0.69387513
Tower Hamlets,R0758,0.6326777
Tower Hamlets,1423,0.69767773
Tower Hamlets,14231,0.6525767
Tower Hamlets,14485,0.6151303
Tower Hamlets,15160,0.64223033
Tower Hamlets,1684,0.63006884
Tower Hamlets,1705,0.684021
Tower Hamlets,1706,0.6548348
Tower Hamlets,1707,0.65561795
Tower Hamlets,17281,0.5672112
Tower Hamlets,1867,0.6958276
Tower Hamlets,1868,0.69728005
Tower Hamlets,1869,0.69482577
Tower Hamlets,2045,0.69389385
Tower Hamlets,2059,0.6986274
Tower Hamlets,25270,0.6610727
Tower Hamlets,2952,0.69082344
Tower Hamlets,36875,0.65905833
Tower Hamlets,37139,0.56526756
Tower Hamlets,4825,0.69897187
Tower Hamlets,7724,0.67961156
Tower Hamlets,7725,0.6950453
Tower Hamlets,875,0.60847807
Tower Hamlets,888,0.6306123
Tower Hamlets,9248,0.588266
Tower Hamlets,9249,0.59475327
Tower Hamlets,BP107,0.62417597
Tower Hamlets,BP1911,0.6102213
Tower Hamlets,BP2344,0.6219986
Tower Hamlets,BP2347,0.6426931
Tower Hamlets,BP2693,0.62314487
Tower Hamlets,BP2895,0.69973433
Tower Hamlets,BP3723,0.59087145
Tower Hamlets,BP3727,0.6495508
Tower Hamlets,BP3729,0.588063
Tower Hamlets,BP5152,0.60389817
Tower Hamlets,BP529,0.6388388
Tower Hamlets,BP537,0.5999135
Tower Hamlets,BP6161,0.5885732
Tower Hamlets,BP6162,0.58617604
Tower Hamlets,BP6163,0.61885667
Tower Hamlets,BP754,0.670905
Tower Hamlets,BP755,0.66977847
Tower Hamlets,LE129,0.59767646
Tower Hamlets,LE247,0.6090651
Tower Hamlets,LE248,0.563189
Tower Hamlets,LE249,0.60879517
Tower Hamlets,OC673,0.64466006
Tower Hamlets,R0382,0.66559523
Tower Hamlets,R0674,0.6865328
Tower Hamlets,R0752,0.64554715
Tower Hamlets,R0780,0.6623597
Waltham Forest,10289,0.52415794
Waltham Forest,10290,0.546654
Waltham Forest,10297,0.51601183
Waltham Forest,10300,0.5158383
Waltham Forest,10302,0.48301998
Waltham Forest,10303,0.4885219
Waltham Forest,10308,0.4951485
Waltham Forest,10309,0.4970081
Waltham Forest,10313,0.48567435
Waltham Forest,10316,0.5034168
Waltham Forest,10317,0.50553906
Waltham Forest,10318,0.52683157
Waltham Forest,10324,0.56924975
Waltham Forest,10325,0.54080486
Waltham Forest,10328,0.6096245
Waltham Forest,10330,0.57869405
Waltham Forest,10331,0.6006798
Waltham Forest,10333,0.57308936
Waltham Forest,10334,0.5772113
Waltham Forest,10337,0.5762608
Waltham Forest,10338,0.56294143
Waltham Forest,10340,0.5574052
Waltham Forest,10341,0.5666545
Waltham Forest,10342,0.5325478
Waltham Forest,10343,0.5523751
Waltham Forest,10345,0.5294222
Waltham Forest,10347,0.4988658
Waltham Forest,10468,0.5134976
Waltham Forest,10469,0.48070347
Waltham Forest,1135,0.6267408
Waltham Forest,11481,0.46537253
Waltham Forest,11482,0.5436136
Waltham Forest,11487,0.4370438
Waltham Forest,1339,0.46639985
Waltham Forest,14245,0.5629645
Waltham Forest,14252,0.55297273
Waltham Forest,14257,0.5219027
Waltham Forest,14258,0.50064975
Waltham Forest,14261,0.4633647
Waltham Forest,14262,0.4647712
Waltham Forest,14264,0.49920103
Waltham Forest,14265,0.5363401
Waltham Forest,14266,0.549421
Waltham Forest,14267,0.5391566
Waltham Forest,14269,0.5310423
Waltham Forest,14270,0.570162
Waltham Forest,14271,0.5307405
Waltham Forest,14275,0.59558564
Waltham Forest,14276,0.636351
Waltham Forest,14277,0.6611371
Waltham Forest,14278,0.6366816
Waltham Forest,14281,0.68035966
Waltham Forest,14282,0.6799276
Waltham Forest,14287,0.6632881
Waltham Forest,14439,0.46679008
Waltham Forest,14544,0.46198738
Waltham Forest,14545,0.47429323
Waltham Forest,14548,0.49119657
Waltham Forest,14550,0.47499192
Waltham Forest,14551,0.46340135
Waltham Forest,14556,0.48769322
Waltham Forest,14557,0.48402187
Waltham Forest,14560,0.49511507
Waltham Forest,14561,0.49730203
Waltham Forest,14565,0.5673663
Waltham Forest,14566,0.62775713
Waltham Forest,14569,0.58801347
Waltham Forest,14572,0.7362152
Waltham Forest,14573,0.74134094
Waltham Forest,14576,0.6299913
Waltham Forest,14579,0.65516275
Waltham Forest,14699,0.69038665
Waltham Forest,14700,0.68881494
Waltham Forest,15316,0.66432446
Waltham Forest,15317,0.70654416
Waltham Forest,15318,0.7190279
Waltham Forest,15319,0.6941318
Waltham Forest,15320,0.70809084
Waltham Forest,15321,0.688612
Waltham Forest,15322,0.6841043
Waltham Forest,15842,0.5878059
Waltham Forest,15843,0.5892194
Waltham Forest,15846,0.50737214
Waltham Forest,15984,0.61079156
Waltham Forest,15985,0.61238813
Waltham Forest,15986,0.58023244
Waltham Forest,15989,0.6772465
Waltham Forest,15990,0.59126776
Waltham Forest,15991,0.5957746
Waltham Forest,15992,0.5997702
Waltham Forest,15993,0.6395327
Waltham Forest,15994,0.63787115
Waltham Forest,15995,0.5361396
Waltham Forest,15996,0.5360534
Waltham Forest,15997,0.49508637
Waltham Forest,15998,0.51163185
Waltham Forest,15999,0.5391174
Waltham Forest,16000,0.55240804
Waltham Forest,16001,0.5548972
Waltham Forest,16002,0.5700147
Waltham Forest,16003,0.6157177
Waltham Forest,16004,0.5837225
Waltham Forest,16005,0.5762032
Waltham Forest,16006,0.59740394
Waltham Forest,17849,0.5857388
Waltham Forest,17901,0.46638617
Waltham Forest,17902,0.46534672
Waltham Forest,17903,0.44805095
Waltham Forest,17904,0.46271452
Waltham Forest,17905,0.44406256
Waltham Forest,17910,0.46721303
Waltham Forest,17911,0.46851808
Waltham Forest,17912,0.467337
Waltham Forest,17913,0.46501482
Waltham Forest,17914,0.4813265
Waltham Forest,17915,0.4936616
Waltham Forest,17916,0.49902517
Waltham Forest,17917,0.52449393
Waltham Forest,17918,0.53067076
Waltham Forest,17919,0.5307635
Waltham Forest,17920,0.5393227
Waltham Forest,17921,0.5687901
Waltham Forest,17922,0.5739405
Waltham Forest,17923,0.5750122
Waltham Forest,17924,0.5544567
Waltham Forest,17925,0.5479692
Waltham Forest,17926,0.5449274
Waltham Forest,17927,0.54941857
Waltham Forest,17928,0.5457486
Waltham Forest,17929,0.54506916
Waltham Forest,17930,0.5460319
Waltham Forest,17931,0.59756875
Waltham Forest,17932,0.57350475
Waltham Forest,17933,0.572905
Waltham Forest,17934,0.60670024
Waltham Forest,17935,0.577453
Waltham Forest,17936,0.58267623
Waltham Forest,17937,0.60457635
Waltham Forest,17938,0.61574715
Waltham Forest,17940,0.60397303
Waltham Forest,17951,0.5980638
Waltham Forest,17986,0.53789157
Waltham Forest,17987,0.50940293
Waltham Forest,17988,0.47919235
Waltham Forest,17989,0.49913758
Waltham Forest,17991,0.50264025
Waltham Forest,17992,0.46369633
Waltham Forest,17993,0.499734
Waltham Forest,17994,0.50446206
Waltham Forest,17995,0.50050366
Waltham Forest,17996,0.48340777
Waltham Forest,17998,0.5243176
Waltham Forest,17999,0.5470106
Waltham Forest,18000,0.53468573
Waltham Forest,18001,0.5513513
Waltham Forest,18002,0.6467542
Waltham Forest,18003,0.6421171
Waltham Forest,18004,0.5678633
Waltham Forest,18005,0.5977919
Waltham Forest,18006,0.5442744
Waltham Forest,18007,0.5759983
Waltham Forest,18008,0.5153634
Waltham Forest,18075,0.4860053
Waltham Forest,18076,0.488551
Waltham Forest,18077,0.49729094
Waltham Forest,18078,0.4919033
Waltham Forest,19970,0.58166003
Waltham Forest,19971,0.5726987
Waltham Forest,19972,0.6578659
Waltham Forest,19973,0.6401614
Waltham Forest,19974,0.5846386
Waltham Forest,19975,0.6069775
Waltham Forest,19976,0.53631455
Waltham Forest,19977,0.53623027
Waltham Forest,20045,0.58682114
Waltham Forest,20046,0.548162
Waltham Forest,20253,0.5548415
Waltham Forest,20668,0.60154337
Waltham Forest,20669,0.5935394
Waltham Forest,20778,0.4579967
Waltham Forest,20932,0.465825
Waltham Forest,2310,0.5731798
Waltham Forest,2311,0.5753203
Waltham Forest,2424,0.51253116
Waltham Forest,2425,0.4833632
Waltham Forest,24339,0.55218816
Waltham Forest,25133,0.56078297
Waltham Forest,25179,0.6219621
Waltham Forest,25449,0.4460762
Waltham Forest,25484,0.48688862
Waltham Forest,25851,0.6255101
Waltham Forest,25852,0.5885031
Waltham Forest,25976,0.4960894
Waltham Forest,26242,0.49213856
Waltham Forest,26995,0.59649825
Waltham Forest,2726,0.48820707
Waltham Forest,27461,0.58266735
Waltham Forest,27514,0.7306157
Waltham Forest,27515,0.71938527
Waltham Forest,29164,0.63097954
Waltham Forest,2934,0.6160976
Waltham Forest,29548,0.52212894
Waltham Forest,29653,0.46448827
Waltham Forest,29734,0.48784545
Waltham Forest,29849,0.5015447
Waltham Forest,29958,0.53116125
Waltham Forest,29959,0.5401524
Waltham Forest,29960,0.5523799
Waltham Forest,29961,0.5755183
Waltham Forest,29962,0.5798942
Waltham Forest,29963,0.5691639
Waltham Forest,29964,0.575252
Waltham Forest,3211,0.46776992
Waltham Forest,3219,0.5534718
Waltham Forest,33335,0.6943188
Waltham Forest,33336,0.66730154
Waltham Forest,33338,0.631632
Waltham Forest,33673,0.5194721
Waltham Forest,33823,0.468572
Waltham Forest,33824,0.448175
Waltham Forest,33825,0.44363177
Waltham Forest,33826,0.46316054
Waltham Forest,33827,0.4530851
Waltham Forest,33828,0.4502707
Waltham Forest,33829,0.45371002
Waltham Forest,33832,0.4777365
Waltham Forest,33833,0.5111231
Waltham Forest,34016,0.62225163
Waltham Forest,34017,0.6484745
Waltham Forest,34018,0.629812
Waltham Forest,34070,0.5475977
Waltham Forest,34071,0.5672022
Waltham Forest,34072,0.5554002
Waltham Forest,34073,0.5516196
Waltham Forest,34074,0.5086002
Waltham Forest,34075,0.50597465
Waltham Forest,34295,0.6409119
Waltham Forest,34296,0.6405775
Waltham Forest,34297,0.6160209
Waltham Forest,34298,0.61633086
Waltham Forest,34299,0.57546514
Waltham Forest,34300,0.60790884
Waltham Forest,34301,0.5905612
Waltham Forest,34302,0.5974998
Waltham Forest,34303,0.5564097
Waltham Forest,34304,0.56303304
Waltham Forest,34305,0.5800456
Waltham Forest,34306,0.5635142
Waltham Forest,34322,0.6063052
Waltham Forest,34357,0.5301605
Waltham Forest,35931,0.5502471
Waltham Forest,36556,0.60444033
Waltham Forest,36564,0.6482307
Waltham Forest,36565,0.6312537
Waltham Forest,36566,0.66849446
Waltham Forest,36567,0.66766346
Waltham Forest,36569,0.68774706
Waltham Forest,37074,0.4768184
Waltham Forest,4208,0.5976499
Waltham Forest,4289,0.6059077
Waltham Forest,4292,0.48367402
Waltham Forest,4750,0.5764077
Waltham Forest,4759,0.46021795
Waltham Forest,4760,0.5268111
Waltham Forest,4761,0.4658449
Waltham Forest,4844,0.44378126
Waltham Forest,6622,0.5132109
Waltham Forest,6627,0.44331512
Waltham Forest,6630,0.44744322
Waltham Forest,6631,0.44069248
Waltham Forest,6633,0.43356466
Waltham Forest,6635,0.4616728
Waltham Forest,6636,0.47607028
Waltham Forest,6637,0.4896928
Waltham Forest,6640,0.51334465
Waltham Forest,6642,0.630733
Waltham Forest,6644,0.62870085
Waltham Forest,6662,0.61487067
Waltham Forest,6665,0.59040105
Waltham Forest,6666,0.519091
Waltham Forest,6671,0.44783714
Waltham Forest,6673,0.42857176
Waltham Forest,6676,0.430647
Waltham Forest,6680,0.49117485
Waltham Forest,6681,0.4940838
Waltham Forest,6682,0.5004719
Waltham Forest,6683,0.5508063
Waltham Forest,6685,0.6343333
Waltham Forest,6687,0.5994534
Waltham Forest,7514,0.5924326
Waltham Forest,7515,0.58850706
Waltham Forest,7541,0.5748257
Waltham Forest,7542,0.5811218
Waltham Forest,7911,0.5179298
Waltham Forest,7912,0.5024344
Waltham Forest,7915,0.5365566
Waltham Forest,7916,0.5460047
Waltham Forest,7919,0.5474361
Waltham Forest,7920,0.55011606
Waltham Forest,7922,0.57356393
Waltham Forest,7923,0.5834721
Waltham Forest,7926,0.56619996
Waltham Forest,7927,0.56454986
Waltham Forest,7931,0.5312231
Waltham Forest,7933,0.5195434
Waltham Forest,7935,0.5302656
Waltham Forest,7937,0.4938775
Waltham Forest,7938,0.5206037
Waltham Forest,7941,0.47808498
Waltham Forest,7945,0.43897074
Waltham Forest,7949,0.4709726
Waltham Forest,7950,0.45394304
Waltham Forest,7952,0.47695357
Waltham Forest,7960,0.47462195
Waltham Forest,7962,0.4634927
Waltham Forest,7963,0.46231803
Waltham Forest,7964,0.48284993
Waltham Forest,7966,0.48318174
Waltham Forest,7967,0.49762464
Waltham Forest,7968,0.50250924
Waltham Forest,7971,0.5290838
Waltham Forest,7973,0.5347082
Waltham Forest,7975,0.5327364
Waltham Forest,7976,0.5124248
Waltham Forest,7979,0.48904046
Waltham Forest,7980,0.49514577
Waltham Forest,7983,0.4635809
Waltham Forest,7985,0.47393265
Waltham Forest,7986,0.45117664
Waltham Forest,7988,0.45933676
Waltham Forest,7989,0.48361424
Waltham Forest,7991,0.4955753
Waltham Forest,7992,0.47407353
Waltham Forest,7995,0.4972323
Waltham Forest,7996,0.4864716
Waltham Forest,7997,0.49598533
Waltham Forest,7998,0.5157279
Waltham Forest,8001,0.46860832
Waltham Forest,8002,0.47536203
Waltham Forest,8005,0.46501714
Waltham Forest,8044,0.45049274
Waltham Forest,8045,0.45173556
Waltham Forest,8048,0.4684827
Waltham Forest,8049,0.49112797
Waltham Forest,8052,0.53359985
Waltham Forest,8053,0.51347876
Waltham Forest,8055,0.52730834
Waltham Forest,8056,0.565922
Waltham Forest,8057,0.5693183
Waltham Forest,8061,0.53292835
Waltham Forest,9029,0.554744
Waltham Forest,9032,0.5692616
Waltham Forest,9033,0.5621973
Waltham Forest,9034,0.530268
Waltham Forest,9035,0.53475916
Waltham Forest,9036,0.5011446
Waltham Forest,9037,0.51671743
Waltham Forest,9038,0.4863109
Waltham Forest,9039,0.49305704
Waltham Forest,9041,0.49321207
Waltham Forest,9436,0.63535744
Waltham Forest,9437,0.63520056
Waltham Forest,9478,0.60376066
Waltham Forest,9479,0.60431963
Waltham Forest,BP1141,0.6225391
Waltham Forest,BP1308,0.46962336
Waltham Forest,BP1309,0.5027176
Waltham Forest,BP1310,0.46143496
Waltham Forest,BP1311,0.5070159
Waltham Forest,BP1312,0.46019846
Waltham Forest,BP1313,0.47285092
Waltham Forest,BP1314,0.49308693
Waltham Forest,BP1542,0.47742927
Waltham Forest,BP1543,0.47290936
Waltham Forest,BP1545,0.47133186
Waltham Forest,BP1666,0.54671955
Waltham Forest,BP1667,0.5082701
Waltham Forest,BP1668,0.4633217
Waltham Forest,BP1669,0.43705344
Waltham Forest,BP1670,0.42587915
Waltham Forest,BP1671,0.4293564
Waltham Forest,BP1672,0.5617045
Waltham Forest,BP1673,0.43091038
Waltham Forest,BP1674,0.4582906
Waltham Forest,BP1675,0.5338423
Waltham Forest,BP1676,0.45801476
Waltham Forest,BP1677,0.45490512
Waltham Forest,BP1678,0.4287412
Waltham Forest,BP1679,0.42794812
Waltham Forest,BP1723,0.54563844
Waltham Forest,BP1790,0.49903804
Waltham Forest,BP1791,0.4948267
Waltham Forest,BP1792,0.49845222
Waltham Forest,BP1814,0.4581083
Waltham Forest,BP1815,0.44607517
Waltham Forest,BP1816,0.46047974
Waltham Forest,BP1817,0.45417324
Waltham Forest,BP184,0.52847624
Waltham Forest,BP2003,0.5049269
Waltham Forest,BP2539,0.5931301
Waltham Forest,BP2540,0.5465449
Waltham Forest,BP2565,0.4855602
Waltham Forest,BP2566,0.4819678
Waltham Forest,BP2592,0.6044796
Waltham Forest,BP2753,0.4806029
Waltham Forest,BP2754,0.4979963
Waltham Forest,BP279,0.54936284
Waltham Forest,BP280,0.5546898
Waltham Forest,BP2958,0.571237
Waltham Forest,BP3076,0.63759196
Waltham Forest,BP3209,0.47431812
Waltham Forest,BP3210,0.47184056
Waltham Forest,BP3598,0.49530125
Waltham Forest,BP3746,0.5137891
Waltham Forest,BP3759,0.50980484
Waltham Forest,BP3760,0.48547882
Waltham Forest,BP3899,0.46130407
Waltham Forest,BP3987,0.550798
Waltham Forest,BP3988,0.58815163
Waltham Forest,BP3989,0.5544872
Waltham Forest,BP3990,0.51350707
Waltham Forest,BP4267,0.48143235
Waltham Forest,BP4270,0.4709275
Waltham Forest,BP4271,0.47263533
Waltham Forest,BP4272,0.4701347
Waltham Forest,BP4273,0.47673798
Waltham Forest,BP4274,0.47142604
Waltham Forest,BP4373,0.46480715
Waltham Forest,BP4526,0.472341
Waltham Forest,BP4871,0.4838165
Waltham Forest,BP5521,0.47565544
Waltham Forest,BP5678,0.46600187
Waltham Forest,BP5763,0.5078629
Waltham Forest,BP5802,0.4829448
Waltham Forest,BP5863,0.61256677
Waltham Forest,BP5864,0.6284422
Waltham Forest,BP6281,0.47258207
Waltham Forest,BP6282,0.45851263
Waltham Forest,BP6287,0.5561298
Waltham Forest,BP6288,0.5697248
Waltham Forest,BP6289,0.58374757
Waltham Forest,BP6290,0.55996114
Waltham Forest,BP6291,0.5716979
Waltham Forest,BP777,0.566905
Waltham Forest,BP778,0.5711216
Waltham Forest,BP779,0.62333786
Waltham Forest,BP926,0.56614065
Waltham Forest,BP998,0.48765534
Waltham Forest,FC80,0.48773098
Waltham Forest,FC85,0.49726346
Waltham Forest,FC88,0.7050718
Waltham Forest,FC89,0.68473256
Waltham Forest,FL009,0.47727373
Waltham Forest,FL010,0.52658045
Waltham Forest,LE237,0.67562443
Waltham Forest,LE238,0.6521807
Waltham Forest,LE239,0.5699784
Waltham Forest,LE240,0.57852024
Waltham Forest,OC470,0.54654217
Waltham Forest,OC685,0.5759218
Waltham Forest,OC686,0.5736426
Waltham Forest,OC688,0.5424316
Waltham Forest,OC689,0.54432917
Waltham Forest,OC690,0.5475998
Waltham Forest,OC691,0.54994816
Waltham Forest,R0016,0.57580096
Waltham Forest,R0021,0.6119661
Waltham Forest,R0022,0.487829
Waltham Forest,R0024,0.5317021
Waltham Forest,R0027,0.5388075
Waltham Forest,R0028,0.4612404
Waltham Forest,R0030,0.43842816
Waltham Forest,R0031,0.47760716
Waltham Forest,R0033,0.47899505
Waltham Forest,R0034,0.4847004
Waltham Forest,R0035,0.4876635
Waltham Forest,R0040,0.529938
Waltham Forest,R0042,0.5250404
Waltham Forest,R0043,0.5733742
Waltham Forest,R0044,0.4899012
Waltham Forest,R0045,0.4874257
Waltham Forest,R0472,0.49599108
Waltham Forest,R0473,0.5316892
Waltham Forest,R0474,0.5614695
Waltham Forest,R0478,0.61539453
Waltham Forest,R0479,0.5044511
Waltham Forest,R0683,0.61451256
Waltham Forest,R0737,0.6614487
Waltham Forest,R0761,0.5547867
Waltham Forest,10319,0.4880883
Waltham Forest,10321,0.4871939
Waltham Forest,6625,0.45395392
Wandsworth,1088,0.35078394
Wandsworth,11137,0.53347284
Wandsworth,11138,0.5181488
Wandsworth,11139,0.5628626
Wandsworth,11140,0.5623048
Wandsworth,11141,0.6193063
Wandsworth,11142,0.6082288
Wandsworth,11143,0.53153557
Wandsworth,11144,0.53736365
Wandsworth,11288,0.58142227
Wandsworth,11290,0.59401304
Wandsworth,12686,0.511436
Wandsworth,12687,0.51632214
Wandsworth,12688,0.54876286
Wandsworth,12689,0.5106122
Wandsworth,12691,0.52479434
Wandsworth,12692,0.52445173
Wandsworth,12695,0.47974396
Wandsworth,12696,0.51554596
Wandsworth,12698,0.49603227
Wandsworth,12699,0.543996
Wandsworth,12700,0.5387608
Wandsworth,12703,0.5222481
Wandsworth,12705,0.5165618
Wandsworth,12706,0.47966984
Wandsworth,12707,0.4815906
Wandsworth,12710,0.44634548
Wandsworth,12711,0.44959933
Wandsworth,12712,0.5004304
Wandsworth,12713,0.47784624
Wandsworth,12715,0.53044194
Wandsworth,12717,0.5099027
Wandsworth,12718,0.51103
Wandsworth,12720,0.5149536
Wandsworth,12722,0.42001876
Wandsworth,12725,0.456602
Wandsworth,12726,0.45087254
Wandsworth,12727,0.48179787
Wandsworth,12728,0.43349048
Wandsworth,12729,0.45300946
Wandsworth,12730,0.44719818
Wandsworth,12731,0.47417066
Wandsworth,12732,0.44596383
Wandsworth,12739,0.4987016
Wandsworth,12740,0.49762642
Wandsworth,12741,0.4705968
Wandsworth,12742,0.539612
Wandsworth,12743,0.48438004
Wandsworth,12744,0.46728882
Wandsworth,12745,0.47202227
Wandsworth,12746,0.47475782
Wandsworth,12747,0.4674328
Wandsworth,12748,0.50614244
Wandsworth,12749,0.43935487
Wandsworth,12808,0.5411089
Wandsworth,12809,0.5411351
Wandsworth,12810,0.52579665
Wandsworth,12813,0.52554345
Wandsworth,12834,0.50791574
Wandsworth,12835,0.5489581
Wandsworth,12836,0.43310213
Wandsworth,12838,0.56103057
Wandsworth,12839,0.514289
Wandsworth,12840,0.5437929
Wandsworth,12842,0.4696911
Wandsworth,12843,0.4699593
Wandsworth,12844,0.530554
Wandsworth,12846,0.52205306
Wandsworth,12848,0.50093293
Wandsworth,12850,0.46240336
Wandsworth,12851,0.455329
Wandsworth,12852,0.45278752
Wandsworth,12853,0.46579084
Wandsworth,12854,0.4164373
Wandsworth,12855,0.34904587
Wandsworth,12856,0.48022425
Wandsworth,12857,0.59127796
Wandsworth,12862,0.61672866
Wandsworth,12863,0.61475223
Wandsworth,12865,0.5418155
Wandsworth,12866,0.5290748
Wandsworth,12869,0.5039744
Wandsworth,12870,0.46984684
Wandsworth,12871,0.6032339
Wandsworth,12872,0.5289047
Wandsworth,12873,0.6099048
Wandsworth,12874,0.6066618
Wandsworth,12877,0.62625825
Wandsworth,12878,0.6424224
Wandsworth,13362,0.610164
Wandsworth,140,0.4115611
Wandsworth,1411,0.4856885
Wandsworth,1412,0.46461233
Wandsworth,1414,0.50506127
Wandsworth,14343,0.59701616
Wandsworth,14390,0.4329402
Wandsworth,14933,0.5623996
Wandsworth,15193,0.53047156
Wandsworth,15194,0.5446982
Wandsworth,15195,0.55790055
Wandsworth,15196,0.57289916
Wandsworth,15242,0.6357455
Wandsworth,15243,0.59720755
Wandsworth,15244,0.65155005
Wandsworth,15245,0.6532435
Wandsworth,15257,0.56770164
Wandsworth,15258,0.55609107
Wandsworth,15259,0.5057563
Wandsworth,15260,0.51346797
Wandsworth,15261,0.5313313
Wandsworth,15262,0.51179564
Wandsworth,1530,0.5361645
Wandsworth,15314,0.49879146
Wandsworth,1532,0.55208164
Wandsworth,1533,0.55441445
Wandsworth,1534,0.54945993
Wandsworth,15844,0.58405566
Wandsworth,1700,0.62242675
Wandsworth,1702,0.6292888
Wandsworth,1703,0.6112168
Wandsworth,1749,0.54725426
Wandsworth,17602,0.59710526
Wandsworth,17603,0.5741886
Wandsworth,17605,0.5088486
Wandsworth,17607,0.4795519
Wandsworth,18736,0.4659002
Wandsworth,19065,0.48196548
Wandsworth,19066,0.4954137
Wandsworth,19067,0.52795434
Wandsworth,19068,0.5340497
Wandsworth,19069,0.5298563
Wandsworth,19070,0.5432945
Wandsworth,19071,0.5372481
Wandsworth,19553,0.5837962
Wandsworth,19555,0.5609063
Wandsworth,19556,0.58495706
Wandsworth,19559,0.62634903
Wandsworth,19560,0.65283394
Wandsworth,19562,0.6314675
Wandsworth,2165,0.42384195
Wandsworth,2167,0.44453436
Wandsworth,2168,0.44370162
Wandsworth,2171,0.47797006
Wandsworth,2172,0.4788052
Wandsworth,2175,0.4990422
Wandsworth,2176,0.4852738
Wandsworth,2179,0.5158495
Wandsworth,2180,0.44673455
Wandsworth,2181,0.50289065
Wandsworth,2182,0.5139141
Wandsworth,2183,0.5055152
Wandsworth,2184,0.50785846
Wandsworth,219,0.5089983
Wandsworth,2314,0.47285828
Wandsworth,2315,0.46706995
Wandsworth,2344,0.56626374
Wandsworth,2345,0.57780695
Wandsworth,2348,0.53690416
Wandsworth,2349,0.5789858
Wandsworth,2350,0.4898566
Wandsworth,2351,0.49402803
Wandsworth,2366,0.6059146
Wandsworth,2367,0.58375263
Wandsworth,2368,0.58284533
Wandsworth,2369,0.6046928
Wandsworth,2370,0.5159232
Wandsworth,2371,0.5194105
Wandsworth,2372,0.52159405
Wandsworth,248,0.636855
Wandsworth,25286,0.49437678
Wandsworth,25287,0.4128188
Wandsworth,25512,0.54354423
Wandsworth,25514,0.5157202
Wandsworth,25518,0.51072073
Wandsworth,25522,0.56671315
Wandsworth,25523,0.5627638
Wandsworth,25524,0.6089993
Wandsworth,25525,0.62796736
Wandsworth,25528,0.620261
Wandsworth,25529,0.62407964
Wandsworth,25530,0.61080724
Wandsworth,25531,0.54907775
Wandsworth,25532,0.549687
Wandsworth,25533,0.49813598
Wandsworth,25534,0.5060573
Wandsworth,25535,0.40666202
Wandsworth,25536,0.4151183
Wandsworth,25537,0.42251715
Wandsworth,25538,0.46948522
Wandsworth,25539,0.45826468
Wandsworth,25542,0.43810517
Wandsworth,25543,0.41566622
Wandsworth,25566,0.42105266
Wandsworth,25569,0.4406197
Wandsworth,25570,0.41736582
Wandsworth,25633,0.52335334
Wandsworth,25634,0.52698445
Wandsworth,25635,0.5672635
Wandsworth,25636,0.52743554
Wandsworth,25655,0.49745053
Wandsworth,25657,0.550176
Wandsworth,25658,0.5478552
Wandsworth,25660,0.5566869
Wandsworth,25661,0.55286616
Wandsworth,25662,0.48852015
Wandsworth,25663,0.49434555
Wandsworth,25664,0.44576988
Wandsworth,25665,0.5013333
Wandsworth,25679,0.513008
Wandsworth,25956,0.44691715
Wandsworth,260,0.5308914
Wandsworth,26144,0.5485262
Wandsworth,26145,0.55290073
Wandsworth,26146,0.51454264
Wandsworth,26147,0.5167423
Wandsworth,26148,0.4875389
Wandsworth,26150,0.50565666
Wandsworth,26151,0.59121835
Wandsworth,27937,0.40793678
Wandsworth,27942,0.5000805
Wandsworth,28020,0.40560782
Wandsworth,29,0.49563053
Wandsworth,29310,0.632376
Wandsworth,29312,0.66750014
Wandsworth,29314,0.64520866
Wandsworth,29543,0.6181336
Wandsworth,29635,0.5946388
Wandsworth,29658,0.49494624
Wandsworth,29686,0.47921845
Wandsworth,29787,0.5991364
Wandsworth,29788,0.6021751
Wandsworth,29789,0.5964767
Wandsworth,29790,0.5943151
Wandsworth,3197,0.5663827
Wandsworth,3198,0.59718305
Wandsworth,33015,0.65794903
Wandsworth,33091,0.5272162
Wandsworth,33272,0.5764426
Wandsworth,33273,0.5333255
Wandsworth,33438,0.60706615
Wandsworth,33739,0.5337689
Wandsworth,33740,0.54805976
Wandsworth,34020,0.55467373
Wandsworth,34083,0.49966007
Wandsworth,34084,0.55925095
Wandsworth,34332,0.47479942
Wandsworth,34451,0.5179678
Wandsworth,34452,0.50559473
Wandsworth,34673,0.54656255
Wandsworth,34674,0.5483285
Wandsworth,34675,0.5707092
Wandsworth,34679,0.51544124
Wandsworth,34750,0.60353553
Wandsworth,34751,0.6025235
Wandsworth,34752,0.5189565
Wandsworth,3479,0.6194185
Wandsworth,34835,0.6188038
Wandsworth,34904,0.49560165
Wandsworth,34966,0.38475358
Wandsworth,34967,0.44793746
Wandsworth,34968,0.5483112
Wandsworth,34969,0.52207875
Wandsworth,34970,0.5093318
Wandsworth,34971,0.55459195
Wandsworth,35335,0.57279813
Wandsworth,35707,0.5120864
Wandsworth,35995,0.66590196
Wandsworth,36658,0.4976511
Wandsworth,36784,0.6014398
Wandsworth,36785,0.5649733
Wandsworth,36847,0.50013644
Wandsworth,36930,0.44872463
Wandsworth,36931,0.44112363
Wandsworth,36932,0.4318282
Wandsworth,36933,0.4367821
Wandsworth,36934,0.41351303
Wandsworth,36935,0.43469647
Wandsworth,36946,0.41115046
Wandsworth,36959,0.38080284
Wandsworth,3714,0.6028194
Wandsworth,37169,0.67576873
Wandsworth,372,0.4631469
Wandsworth,37283,0.5977258
Wandsworth,37446,0.5944682
Wandsworth,397,0.58608997
Wandsworth,418,0.4206359
Wandsworth,419,0.41867557
Wandsworth,429,0.4024825
Wandsworth,431,0.36593667
Wandsworth,434,0.5673153
Wandsworth,443,0.5021645
Wandsworth,459,0.55101633
Wandsworth,469,0.4827858
Wandsworth,470,0.42074114
Wandsworth,4837,0.54534745
Wandsworth,4858,0.51066417
Wandsworth,4860,0.4806682
Wandsworth,4861,0.4873885
Wandsworth,4864,0.5349556
Wandsworth,4866,0.62001985
Wandsworth,4867,0.62242717
Wandsworth,4869,0.39737204
Wandsworth,4870,0.504355
Wandsworth,4871,0.41758075
Wandsworth,4872,0.43286318
Wandsworth,596,0.61512774
Wandsworth,597,0.6097636
Wandsworth,649,0.64834714
Wandsworth,8816,0.5106294
Wandsworth,8817,0.51402974
Wandsworth,8822,0.5536083
Wandsworth,8823,0.52977806
Wandsworth,8824,0.5835223
Wandsworth,8825,0.58230865
Wandsworth,8826,0.5980367
Wandsworth,8827,0.58526826
Wandsworth,8828,0.5467195
Wandsworth,8832,0.5503689
Wandsworth,8833,0.55109507
Wandsworth,8834,0.55093455
Wandsworth,8835,0.5497222
Wandsworth,8836,0.4809776
Wandsworth,8837,0.5285478
Wandsworth,8838,0.47858155
Wandsworth,8839,0.47966242
Wandsworth,8840,0.45230204
Wandsworth,8841,0.4538023
Wandsworth,8844,0.4849962
Wandsworth,8845,0.5597958
Wandsworth,8846,0.5230131
Wandsworth,8847,0.5189549
Wandsworth,8850,0.54537266
Wandsworth,8851,0.5697418
Wandsworth,8852,0.59074026
Wandsworth,8853,0.57620364
Wandsworth,8861,0.59129
Wandsworth,8862,0.54609877
Wandsworth,8863,0.5768495
Wandsworth,8864,0.52568716
Wandsworth,8865,0.50108093
Wandsworth,8866,0.49635118
Wandsworth,8867,0.49326095
Wandsworth,8870,0.4742692
Wandsworth,8871,0.47637948
Wandsworth,8919,0.49146432
Wandsworth,8950,0.49029395
Wandsworth,8953,0.57364666
Wandsworth,8955,0.53200734
Wandsworth,8957,0.53387177
Wandsworth,8961,0.58705
Wandsworth,8966,0.5921299
Wandsworth,8967,0.49732822
Wandsworth,8969,0.5029639
Wandsworth,8970,0.50027674
Wandsworth,8973,0.4234199
Wandsworth,9236,0.5800522
Wandsworth,9237,0.5805797
Wandsworth,9330,0.48052475
Wandsworth,9331,0.47872925
Wandsworth,9334,0.4245112
Wandsworth,9335,0.42470783
Wandsworth,9338,0.46977565
Wandsworth,9339,0.47498265
Wandsworth,9340,0.4838496
Wandsworth,9341,0.49337032
Wandsworth,9342,0.5051678
Wandsworth,9343,0.5062581
Wandsworth,9346,0.5603335
Wandsworth,97,0.53111386
Wandsworth,98,0.52684975
Wandsworth,BP1010,0.5472549
Wandsworth,BP1510,0.5415986
Wandsworth,BP1989,0.51479936
Wandsworth,BP1990,0.50139546
Wandsworth,BP2157,0.38660273
Wandsworth,BP2756,0.53799033
Wandsworth,BP2926,0.46052846
Wandsworth,BP3480,0.54406506
Wandsworth,BP3481,0.5149585
Wandsworth,BP3587,0.5034463
Wandsworth,BP3791,0.5411692
Wandsworth,BP3792,0.54240954
Wandsworth,BP3908,0.5754581
Wandsworth,BP4287,0.41016364
Wandsworth,BP4288,0.3950573
Wandsworth,BP4289,0.42688218
Wandsworth,BP4412,0.560652
Wandsworth,BP442,0.54344374
Wandsworth,BP4468,0.5230452
Wandsworth,BP4691,0.5682119
Wandsworth,BP4991,0.59098816
Wandsworth,BP5015,0.5102141
Wandsworth,BP5016,0.4817522
Wandsworth,BP5017,0.49186522
Wandsworth,BP5018,0.50886357
Wandsworth,BP5176,0.41974705
Wandsworth,BP5177,0.42095223
Wandsworth,BP5220,0.5390447
Wandsworth,BP5242,0.38762584
Wandsworth,BP5292,0.552966
Wandsworth,BP5293,0.47697663
Wandsworth,BP5353,0.5096754
Wandsworth,BP5405,0.4459952
Wandsworth,BP5424,0.58292985
Wandsworth,BP5442,0.5600549
Wandsworth,BP5561,0.5662826
Wandsworth,BP5584,0.40479663
Wandsworth,BP5585,0.36945274
Wandsworth,BP5599,0.5091364
Wandsworth,BP5645,0.42611867
Wandsworth,BP5913,0.50394684
Wandsworth,BP6348,0.50998265
Wandsworth,BP6395,0.44607452
Wandsworth,BP6487,0.52687293
Wandsworth,BP818,0.46480003
Wandsworth,BP856,0.5588114
Wandsworth,LG08,0.5774873
Wandsworth,LG09,0.5767236
Wandsworth,LG10,0.5500166
Wandsworth,LG21,0.55855805
Wandsworth,LG22,0.5619736
Wandsworth,LG23,0.5414523
Wandsworth,LG24,0.542534
Wandsworth,LG25,0.5436111
Wandsworth,LG26,0.5314734
Wandsworth,LG27,0.53206
Wandsworth,LG28,0.48147073
Wandsworth,LG30,0.55914783
Wandsworth,LG31,0.5679497
Wandsworth,LG32,0.5598583
Wandsworth,LG33,0.5600157
Wandsworth,LG34,0.57334536
Wandsworth,LG35,0.44335565
Wandsworth,LG36,0.46792632
Wandsworth,LG37,0.466436
Wandsworth,LG38,0.5333122
Wandsworth,LG39,0.53934824
Wandsworth,LG40,0.5419095
Wandsworth,LG41,0.5533863
Wandsworth,LG42,0.5669772
Wandsworth,LG43,0.56444937
Wandsworth,LG44,0.53984517
Wandsworth,LG48,0.570913
Wandsworth,LG53,0.5721152
Wandsworth,LG54,0.57650024
Wandsworth,LG57,0.5300982
Wandsworth,LG58,0.4857443
Wandsworth,LG61,0.5413002
Wandsworth,R0166,0.5246128
Wandsworth,R0240,0.48826197
Wandsworth,R0275,0.5899627
Wandsworth,R0280,0.6455811
Wandsworth,R0418,0.5631225
Wandsworth,R0429,0.54729646
Wandsworth,R0435,0.576895
Wandsworth,R0564,0.44138327
Wandsworth,R0575,0.43204072
Wandsworth,R0592,0.5820869
Wandsworth,R0728,0.45393416
Wandsworth,R0908,0.461839
Wandsworth,W19,0.5224167
Wandsworth,W23,0.47197756
Wandsworth,W24,0.49962464
Wandsworth,W25,0.5023946
Wandsworth,17944,0.5846991
Wandsworth,17947,0.57303077
Wandsworth,18732,0.58689475
Wandsworth,25511,0.56942856
Wandsworth,25515,0.5525258
Wandsworth,25519,0.56357497
Wandsworth,29620,0.5906144
Wandsworth,34069,0.5691913
Wandsworth,36729,0.54800373
Wandsworth,8854,0.5520203
Wandsworth,BP4164,0.6022829
Wandsworth,BP4286,0.4140467
Wandsworth,BP4290,0.42987552
Wandsworth,BP4291,0.41541055
Wandsworth,BP4292,0.41423154
Wandsworth,BP4293,0.42620015
Wandsworth,LG04,0.57034624
Westminster,1000,0.72506064
Westminster,1026,0.7409933
Westminster,1027,0.74282926
Westminster,10364,0.5844755
Westminster,1051,0.73203355
Westminster,1052,0.7565309
Westminster,1054,0.8791039
Westminster,107,0.6760048
Westminster,109,0.7004875
Westminster,1095,0.65473586
Westminster,1096,0.65247506
Westminster,11220,0.63294494
Westminster,11221,0.64193237
Westminster,11222,0.60204816
Westminster,11223,0.61986065
Westminster,11321,0.7281095
Westminster,115,0.606424
Westminster,11517,0.7767563
Westminster,11518,0.69546163
Westminster,11519,0.66127324
Westminster,11561,0.6872278
Westminster,11598,0.6669832
Westminster,11607,0.64149153
Westminster,11663,0.80308825
Westminster,11666,0.80206734
Westminster,11670,0.72367406
Westminster,11671,0.7159192
Westminster,11682,0.65696687
Westminster,11688,0.72649324
Westminster,11689,0.66554534
Westminster,11690,0.67191213
Westminster,11691,0.6699778
Westminster,11696,0.70960695
Westminster,11697,0.6763869
Westminster,11698,0.70471174
Westminster,11700,0.706909
Westminster,11701,0.71204126
Westminster,11705,0.68967694
Westminster,11708,0.65060884
Westminster,11709,0.6465016
Westminster,11710,0.6586338
Westminster,11957,0.6660144
Westminster,11960,0.66953444
Westminster,11962,0.6676475
Westminster,11963,0.7017355
Westminster,11965,0.644803
Westminster,11968,0.64470434
Westminster,11969,0.64786464
Westminster,11971,0.63608956
Westminster,11981,0.60142046
Westminster,11982,0.62367463
Westminster,12037,0.7376874
Westminster,1261,0.73028994
Westminster,1263,0.7304726
Westminster,128,0.80834895
Westminster,13,0.78981245
Westminster,14,0.77933997
Westminster,14020,0.802165
Westminster,143,0.8703937
Westminster,1436,0.7371933
Westminster,146,0.81789154
Westminster,14627,0.901868
Westminster,14628,0.840481
Westminster,14635,0.7835219
Westminster,14695,0.6865647
Westminster,14703,0.72276044
Westminster,14756,0.7810159
Westminster,148,0.87010336
Westminster,14973,0.8069579
Westminster,15192,0.8019629
Westminster,152,0.82286006
Westminster,154,0.83058447
Westminster,157,0.833707
Westminster,15783,0.85117286
Westminster,1582,0.7819894
Westminster,1583,0.7774339
Westminster,1584,0.7937649
Westminster,1585,0.79290664
Westminster,1588,0.7865259
Westminster,1590,0.79992783
Westminster,1591,0.76231945
Westminster,1593,0.6479792
Westminster,1629,0.68817747
Westminster,1630,0.6917414
Westminster,1643,0.7379101
Westminster,1645,0.60506904
Westminster,165,0.8828326
Westminster,1655,0.6683241
Westminster,1658,0.65218806
Westminster,16972,0.7069536
Westminster,1741,0.65486497
Westminster,1742,0.6863667
Westminster,1743,0.741342
Westminster,175,0.8227518
Westminster,17681,0.75922203
Westminster,17683,0.83245826
Westminster,177,0.76553136
Westminster,179,0.7641557
Westminster,180,0.79429466
Westminster,1803,0.68409675
Westminster,1804,0.6869107
Westminster,1853,0.7832311
Westminster,1945,0.7745555
Westminster,1948,0.7894255
Westminster,20179,0.79229045
Westminster,20434,0.80082124
Westminster,20438,0.7958939
Westminster,20462,0.8131771
Westminster,20472,0.81343454
Westminster,20619,0.64852
Westminster,20976,0.6445865
Westminster,20983,0.84705263
Westminster,2193,0.75528365
Westminster,23782,0.71289295
Westminster,2418,0.714707
Westminster,2419,0.7070342
Westminster,25145,0.7545939
Westminster,26112,0.7752788
Westminster,26338,0.75750077
Westminster,26597,0.82648665
Westminster,2727,0.65762603
Westminster,2736,0.6264779
Westminster,2737,0.6866788
Westminster,2738,0.6852811
Westminster,27512,0.7470213
Westminster,27706,0.82465774
Westminster,27945,0.7922488
Westminster,2829,0.6465424
Westminster,2870,0.783069
Westminster,28747,0.7349378
Westminster,28972,0.79808384
Westminster,29296,0.78784263
Westminster,29318,0.7467306
Westminster,29319,0.75131625
Westminster,29320,0.7450171
Westminster,29321,0.7169163
Westminster,29396,0.78015494
Westminster,29397,0.7866193
Westminster,29626,0.79153717
Westminster,29632,0.75964075
Westminster,29652,0.6371655
Westminster,29684,0.8953868
Westminster,29796,0.79992706
Westminster,29797,0.79786974
Westminster,29807,0.84095806
Westminster,29867,0.82421595
Westminster,29907,0.81430674
Westminster,29976,0.7882118
Westminster,29977,0.791142
Westminster,29990,0.7522103
Westminster,29991,0.7569299
Westminster,29997,0.7915831
Westminster,31,0.708898
Westminster,31498,0.765408
Westminster,3182,0.7079179
Westminster,3183,0.6993838
Westminster,3184,0.6613263
Westminster,3185,0.67100215
Westminster,3186,0.64918435
Westminster,32,0.6999965
Westminster,3234,0.74972
Westminster,3238,0.71055114
Westminster,3249,0.6974638
Westminster,3251,0.7033374
Westminster,3253,0.66108876
Westminster,3254,0.6590567
Westminster,3256,0.6863243
Westminster,3257,0.68440896
Westminster,3259,0.680337
Westminster,3260,0.68533325
Westminster,33,0.70942247
Westminster,33062,0.84341466
Westminster,33066,0.8111263
Westminster,332,0.6863902
Westminster,33283,0.7745689
Westminster,33284,0.7993669
Westminster,334,0.67721516
Westminster,33447,0.8095114
Westminster,33477,0.7883872
Westminster,33761,0.7417858
Westminster,34,0.711956
Westminster,34006,0.73965895
Westminster,34142,0.6688569
Westminster,34143,0.64451087
Westminster,34145,0.7141093
Westminster,34160,0.71968436
Westminster,34383,0.69604504
Westminster,34384,0.66663647
Westminster,34553,0.7018104
Westminster,34554,0.8430786
Westminster,34716,0.82976896
Westminster,34717,0.80446005
Westminster,34798,0.66084677
Westminster,34799,0.6639123
Westminster,34800,0.67047715
Westminster,34801,0.6535743
Westminster,34802,0.65527904
Westminster,34828,0.7576154
Westminster,34846,0.81824964
Westminster,34917,0.6965886
Westminster,34991,0.6980284
Westminster,34992,0.6916867
Westminster,34994,0.6831949
Westminster,351,0.77467847
Westminster,352,0.76680535
Westminster,35232,0.75379735
Westminster,35312,0.7655768
Westminster,35314,0.7071637
Westminster,35420,0.75429136
Westminster,35464,0.7134066
Westminster,35519,0.67940974
Westminster,35730,0.83579254
Westminster,35904,0.7121501
Westminster,36599,0.8343167
Westminster,36760,0.81794614
Westminster,36792,0.83675134
Westminster,36806,0.6877915
Westminster,36857,0.77794987
Westminster,36886,0.89949715
Westminster,369,0.7868592
Westminster,37221,0.76447785
Westminster,37229,0.8232393
Westminster,37247,0.73792124
Westminster,37303,0.7258033
Westminster,37317,0.8843026
Westminster,37402,0.6870244
Westminster,37408,0.6656538
Westminster,37630,0.7858707
Westminster,37639,0.76680124
Westminster,37643,0.8891193
Westminster,37655,0.7109476
Westminster,37656,0.6905545
Westminster,37657,0.692871
Westminster,37658,0.7005782
Westminster,37659,0.71865845
Westminster,449,0.8138082
Westminster,450,0.7856888
Westminster,4773,0.69773775
Westminster,4774,0.7500464
Westminster,4775,0.67327535
Westminster,4789,0.79307663
Westminster,4797,0.78395426
Westminster,4798,0.6542864
Westminster,48,0.66847634
Westminster,4803,0.79809505
Westminster,4804,0.67557836
Westminster,4900,0.790671
Westminster,4906,0.69544464
Westminster,50,0.6505062
Westminster,51,0.6505857
Westminster,536,0.6887918
Westminster,55,0.6838774
Westminster,56,0.7904098
Westminster,58,0.769212
Westminster,610,0.68534875
Westminster,611,0.6819322
Westminster,621,0.78712213
Westminster,691,0.75538987
Westminster,70,0.6663533
Westminster,721,0.8211009
Westminster,723,0.82022184
Westminster,724,0.82327086
Westminster,725,0.82437545
Westminster,728,0.5934659
Westminster,730,0.66455734
Westminster,7814,0.702784
Westminster,7815,0.74272346
Westminster,7816,0.7467402
Westminster,7817,0.7266715
Westminster,7819,0.7534055
Westminster,7823,0.8896372
Westminster,7824,0.8892516
Westminster,7825,0.65044314
Westminster,7827,0.69918084
Westminster,7832,0.7306957
Westminster,7833,0.7097916
Westminster,7835,0.6849044
Westminster,7838,0.7158935
Westminster,7840,0.7288561
Westminster,7842,0.71077794
Westminster,7851,0.8712514
Westminster,7852,0.90263814
Westminster,7853,0.8661744
Westminster,7861,0.80749243
Westminster,7863,0.8063397
Westminster,7864,0.8061675
Westminster,7867,0.7971187
Westminster,7869,0.7309624
Westminster,7871,0.7037137
Westminster,7982,0.8026906
Westminster,8276,0.82633775
Westminster,8279,0.7756144
Westminster,8287,0.8271198
Westminster,8395,0.7308115
Westminster,8396,0.65915394
Westminster,8407,0.6499221
Westminster,864,0.71246064
Westminster,91524,0.65255606
Westminster,9392,0.7029913
Westminster,9393,0.70338416
Westminster,9425,0.6663922
Westminster,96,0.68045443
Westminster,976,0.86676484
Westminster,9790,0.69544107
Westminster,9813,0.70013833
Westminster,988,0.7690906
Westminster,989,0.7541687
Westminster,99,0.81301755
Westminster,996,0.79624707
Westminster,BP112,0.66388977
Westminster,BP1402,0.7427354
Westminster,BP1638,0.7755975
Westminster,BP197,0.74099404
Westminster,BP211,0.681554
Westminster,BP2164,0.73747885
Westminster,BP246,0.6272228
Westminster,BP2845,0.67627084
Westminster,BP3185,0.7278767
Westminster,BP3192,0.6752769
Westminster,BP3404,0.71071136
Westminster,BP3503,0.833187
Westminster,BP3504,0.82329875
Westminster,BP3505,0.87330943
Westminster,BP3506,0.873976
Westminster,BP3507,0.80814326
Westminster,BP3508,0.8285588
Westminster,BP3509,0.817122
Westminster,BP3536,0.88733464
Westminster,BP3695,0.81078637
Westminster,BP3786,0.67135555
Westminster,BP3787,0.6224694
Westminster,BP3799,0.7385183
Westminster,BP4162,0.6435526
Westminster,BP4390,0.6435139
Westminster,BP4391,0.61925846
Westminster,BP4392,0.6918481
Westminster,BP4393,0.5891182
Westminster,BP4407,0.722075
Westminster,BP4490,0.71818835
Westminster,BP4857,0.6918687
Westminster,BP4940,0.63076043
Westminster,BP5323,0.74529606
Westminster,BP5380,0.7228898
Westminster,BP5458,0.74404675
Westminster,BP5568,0.7435605
Westminster,BP5626,0.7272252
Westminster,BP5663,0.68591744
Westminster,BP5664,0.7289503
Westminster,BP5939,0.8082777
Westminster,BP6251,0.7458964
Westminster,BP6280,0.6447519
Westminster,BP6316,0.74705845
Westminster,BP6325,0.8212247
Westminster,BP6326,0.8068521
Westminster,BP6328,0.7929171
Westminster,BP6508,0.7631441
Westminster,BP6514,0.8258779
Westminster,BP6515,0.8220753
Westminster,BP6516,0.83462954
Westminster,BP6517,0.8550134
Westminster,R0158,0.6920957
Westminster,R0470,0.77792823
Westminster,R0471,0.72925824
Westminster,R0743,0.6971738
Westminster,W18,0.6892223
Westminster,11224,0.7232403
Westminster,11692,0.71656865
Westminster,11693,0.7222774
Westminster,11711,0.6662494
Westminster,118,0.7464613
Westminster,150,0.8525428
Westminster,1644,0.7268799
Westminster,16573,0.832872
Westminster,16574,0.83914477
Westminster,16575,0.8357677
Westminster,189,0.74628526
Westminster,2421,0.7235529
Westminster,29622,0.7771895
Westminster,29623,0.7523874
Westminster,29629,0.778161
Westminster,3235,0.71401906
Westminster,3352,0.7186525
Westminster,3359,0.68738914
Westminster,3360,0.68596107
Westminster,33630,0.8290023
Westminster,33924,0.83957714
Westminster,34101,0.6741717
Westminster,34102,0.70817703
Westminster,34839,0.663517
Westminster,34847,0.72381693
Westminster,35311,0.7132858
Westminster,36598,0.74576145
Westminster,36947,0.81791216
Westminster,370,0.8120331
Westminster,37122,0.83818454
Westminster,37405,0.65216583
Westminster,37642,0.7720084
Westminster,7820,0.74159616
Westminster,7831,0.7207136
Westminster,7839,0.73182166
Westminster,7849,0.7953426
Westminster,91,0.69532245
Westminster,9395,0.71326435
Westminster,9423,0.7012315
Westminster,BP1698,0.8388969
Westminster,BP213,0.6636353
Westminster,BP214,0.69263214
Westminster,BP2168,0.7554423
Westminster,BP3406,0.7130771
Westminster,BP4875,0.6284817
Westminster,BP4876,0.6440335
Westminster,BP5158,0.6577104
Westminster,BP5379,0.76996595
Westminster,BP5840,0.84755486
Westminster,BP5929,0.71482676
Westminster,BP6270,0.7241376
Westminster,BP6437,0.67066145
Westminster,BP843,0.6628321
Westminster,R0072,0.645454
