borough,STOPCODE,y_true,y_true_log1p,mlp_raw_log1p,gat_raw_log1p
Barking and Dagenham,1029,390.76037,5.970650351849406,4.7358494,4.334862
Barking and Dagenham,1216,592.12658,6.385407833217336,5.8852587,4.815243
Barking and Dagenham,1217,886.98624,6.7889562473766185,5.8729095,5.0697064
Barking and Dagenham,14100,135.18312,4.914000450645654,3.2684216,3.5107741
Barking and Dagenham,14119,206.49846,5.335123917956465,5.6244793,4.8242764
Barking and Dagenham,14677,283.66521,5.651313788011349,5.7851586,5.734579
Barking and Dagenham,14693,282.59704,5.647554357367961,5.636746,4.836138
Barking and Dagenham,14694,205.66739,5.331110689364903,5.5408053,4.679424
Barking and Dagenham,14718,40.74013,3.7314630161626523,4.6946397,4.334862
Barking and Dagenham,14951,259.09506,5.561047179579125,5.4061894,4.658782
Barking and Dagenham,14952,149.70223,5.015305903134114,4.873072,4.6680074
Barking and Dagenham,14953,626.1289400000001,6.441152165423709,5.133181,4.507517
Barking and Dagenham,14954,405.26881,6.007015034110526,4.9076414,4.5279837
Barking and Dagenham,15003,246.79592,5.512605504168453,5.066611,4.7831407
Barking and Dagenham,15004,160.20318,5.0826655569250985,5.0171785,4.777852
Barking and Dagenham,15445,429.22359,6.064305050290732,5.5659866,5.3680577
Barking and Dagenham,15447,290.24119,5.674151755495363,4.9352965,5.0043235
Barking and Dagenham,15448,72.3173,4.294796597416202,3.8229525,3.8535602
Barking and Dagenham,15449,184.02929,5.220514136870676,4.953313,4.1602206
Barking and Dagenham,15450,130.09636,4.875932625319361,3.7138262,3.7994683
Barking and Dagenham,15451,111.53418,4.723256997722072,3.8482313,3.9651957
Barking and Dagenham,15452,132.71388,4.8957022932296415,3.7404103,4.5300694
Barking and Dagenham,15453,489.10996,6.194629774092192,5.7648435,4.6487765
Barking and Dagenham,15454,115.30001,4.756173145509138,4.9769177,4.7390833
Barking and Dagenham,15455,176.958,5.181547567394132,4.9396157,4.7219415
Barking and Dagenham,15456,289.67382,5.672201745029789,4.8202095,4.7685256
Barking and Dagenham,15457,346.20615,5.84991869576296,4.7828274,4.7685256
Barking and Dagenham,15458,95.5098,4.5696445575927855,4.795394,4.581557
Barking and Dagenham,15459,42.48806,3.7724864176587305,4.7115116,4.6022
Barking and Dagenham,15460,1191.6976,7.083972911341466,4.8268495,4.2376904
Barking and Dagenham,15461,547.41384,6.307030184422956,4.8670397,4.156505
Barking and Dagenham,15462,212.89778,5.365498237352874,3.7633853,3.929977
Barking and Dagenham,15463,126.46356,4.847830519827188,3.7632093,3.9299772
Barking and Dagenham,15464,94.29022,4.556927182099168,3.6965775,3.6435342
Barking and Dagenham,15465,78.19696,4.371937914245318,3.7928276,3.7434063
Barking and Dagenham,15466,157.7553,5.067364023042279,3.5895581,3.5391095
Barking and Dagenham,15467,67.59678,4.228245594854671,3.6096783,3.5391092
Barking and Dagenham,15468,44.19011,3.8108782575870768,3.9350476,4.3564534
Barking and Dagenham,15469,385.28994,5.95658822739682,5.509147,5.036999
Barking and Dagenham,15470,112.13438,4.728576315709727,5.4639845,4.9592915
Barking and Dagenham,15477,109.78194,4.7075637646379365,3.7690778,3.975118
Barking and Dagenham,15478,147.11775,4.998007565543864,3.8769298,3.8895128
Barking and Dagenham,15479,101.94932,4.634236828303854,3.910385,3.730815
Barking and Dagenham,15480,78.8758,4.380472928296995,3.967927,3.730815
Barking and Dagenham,15481,93.51312,4.54873866084171,3.8304682,4.095191
Barking and Dagenham,15482,22.67663,3.1644884856989908,3.8905046,4.095191
Barking and Dagenham,15504,815.96879,6.705600893395943,6.142587,5.8811126
Barking and Dagenham,15505,314.4762,5.754083243319679,6.04318,5.7634077
Barking and Dagenham,15506,198.14228,5.294019544126092,6.042294,5.65838
Barking and Dagenham,15508,645.64364,6.471795354507853,5.6829557,5.4213605
Barking and Dagenham,15513,330.37439,5.803248823792709,5.4596944,4.524694
Barking and Dagenham,15514,650.23414,6.478869239604047,5.3667817,4.4900813
Barking and Dagenham,15515,495.15098,6.20688027556741,5.3414154,4.652016
Barking and Dagenham,15517,570.92324,6.349004786570539,5.113296,4.4856844
Barking and Dagenham,15518,276.74822,5.62671501985834,4.9958262,4.614288
Barking and Dagenham,15519,511.37087,6.239048718289454,5.0272164,4.776276
Barking and Dagenham,15520,292.26943,5.681091742798162,5.0406528,4.8617935
Barking and Dagenham,15522,223.48491,5.413808488887575,6.125937,5.12833
Barking and Dagenham,15586,397.53577,5.98779725580796,5.2042484,5.0041404
Barking and Dagenham,16480,113.17407,4.737724213647041,5.066185,4.2606354
Barking and Dagenham,16481,49.10692,3.914159122305107,4.793159,4.427859
Barking and Dagenham,16484,18.75557,2.9834354769019225,3.6596537,4.1536036
Barking and Dagenham,16485,273.29743,5.614213028595984,5.0426383,4.210493
Barking and Dagenham,1676,198.41261,5.295376095247349,3.997654,3.9347637
Barking and Dagenham,1677,277.67954,5.630062519521831,4.164896,3.9319553
Barking and Dagenham,16970,3268.88109,8.092508899315742,5.662269,4.4639893
Barking and Dagenham,1709,494.46137,6.205489389075981,4.7723217,4.6164403
Barking and Dagenham,1710,1187.19991,7.0801947601768145,5.4774227,4.9150987
Barking and Dagenham,1711,260.73283,5.567324250655424,5.5031157,4.834394
Barking and Dagenham,18025,598.07511,6.395386982575023,5.9224076,5.2262893
Barking and Dagenham,18026,1101.63827,7.005461014423188,5.8110275,5.1245394
Barking and Dagenham,18296,73.9647,4.317017336071321,3.345702,3.66111
Barking and Dagenham,18297,34.51605,3.569984706985285,3.6291733,3.6406672
Barking and Dagenham,18298,135.57797,4.91689566033858,3.3718107,3.4148254
Barking and Dagenham,18299,135.0108,4.9127342943478105,3.5834112,3.4663427
Barking and Dagenham,1830,2521.90199,7.833165101275331,6.3959723,5.167068
Barking and Dagenham,18301,129.27497,4.869647370513156,3.8003416,3.521533
Barking and Dagenham,18304,44.50797,3.817887475452501,3.5929906,3.6792855
Barking and Dagenham,18305,112.94051,4.735676470082253,3.6815662,3.6605172
Barking and Dagenham,18306,65.07583,4.190803021894621,3.632904,3.8508494
Barking and Dagenham,18307,132.04257,4.890669152196589,3.7015142,3.8508492
Barking and Dagenham,18308,601.6612,6.401355181446412,4.9105544,4.12639
Barking and Dagenham,18309,775.19632,6.654405477877445,4.9669933,4.052265
Barking and Dagenham,1831,664.00064,6.499788003061406,6.2342196,5.317066
Barking and Dagenham,18310,114.38329,4.748259542896125,4.920913,4.1931024
Barking and Dagenham,18311,202.50588,5.31569489881411,4.949973,4.281713
Barking and Dagenham,18312,84.26609,4.445776837357594,3.9229178,3.8475804
Barking and Dagenham,18313,0.0,0.0,3.9548979,4.0048265
Barking and Dagenham,18314,40.9757,3.737090879417762,3.995202,3.5325882
Barking and Dagenham,18340,274.32045,5.617935691990545,4.7561283,4.2707543
Barking and Dagenham,18341,341.51231,5.836307598662235,4.5781875,4.4578147
Barking and Dagenham,18342,240.5791,5.48719695569623,4.731229,4.4578147
Barking and Dagenham,18343,247.58221,5.515773615775874,5.2194977,4.769884
Barking and Dagenham,18344,435.612,6.079044928850366,5.205472,4.7172933
Barking and Dagenham,18345,139.09051,4.942288713718207,4.9118347,4.7952523
Barking and Dagenham,18346,191.12265,5.258133970163914,4.8394184,4.720052
Barking and Dagenham,18391,130.06581,4.875699563469604,5.420075,4.556322
Barking and Dagenham,18392,143.22277,4.971359118071605,5.531028,4.5498004
Barking and Dagenham,18393,432.50225,6.071896986518546,6.4362125,5.197399
Barking and Dagenham,18394,161.46821,5.0904823518623665,6.461626,4.93118
Barking and Dagenham,18800,192.93757,5.267536303149559,3.7163606,3.5099652
Barking and Dagenham,1904,321.31599,5.775532399753331,5.7967386,5.194718
Barking and Dagenham,19041,327.47281,5.794454064331598,3.5791693,3.9940045
Barking and Dagenham,19042,146.60484,4.994538702956661,3.7159908,4.1784706
Barking and Dagenham,19296,382.9112,5.9504112758453225,4.8722243,4.2501955
Barking and Dagenham,19297,241.38355,5.490521388856056,4.936374,4.192925
Barking and Dagenham,19298,280.39547,5.6397610464696895,4.8802376,4.031465
Barking and Dagenham,19299,122.05189,4.812606136329022,3.800768,3.929131
Barking and Dagenham,19300,80.92265,4.405775509400804,3.65301,3.995444
Barking and Dagenham,19301,212.31071,5.36274983518724,3.6970453,3.892049
Barking and Dagenham,19302,111.25536,4.7207762760391345,3.7856402,4.002541
Barking and Dagenham,19303,61.92538,4.141949579938386,3.9412267,4.386469
Barking and Dagenham,19304,369.91749,5.915979638951295,4.0013766,4.3733897
Barking and Dagenham,19305,92.64359,4.539495980204774,3.835928,3.7960815
Barking and Dagenham,19306,145.72989,4.9885934135428185,3.9113097,3.813204
Barking and Dagenham,19307,165.35607,5.114130491128493,3.8469157,4.000601
Barking and Dagenham,19308,137.84043,4.933325288078965,3.9388409,4.2366304
Barking and Dagenham,19309,157.15917,5.063601930998313,4.898755,4.75351
Barking and Dagenham,19310,192.31092,5.264299877117351,5.020303,4.8081326
Barking and Dagenham,19311,157.49923,5.065749735261371,4.8656926,4.74515
Barking and Dagenham,19312,58.63933,4.088315255762342,4.8552237,4.758764
Barking and Dagenham,19313,825.45176,6.717141548951512,4.7877326,4.816953
Barking and Dagenham,19315,173.2048,5.160231618573801,5.7081056,4.661299
Barking and Dagenham,19316,758.51941,6.632685877996302,5.6087933,4.6209793
Barking and Dagenham,20339,214.929,5.374949649945558,4.4542656,4.244142
Barking and Dagenham,20392,61.17119,4.129891709162881,3.770721,3.9837754
Barking and Dagenham,20499,162.47234,5.096643801713793,5.0539303,4.718984
Barking and Dagenham,20500,55.31002,4.030872494443164,4.9871235,4.676031
Barking and Dagenham,20521,237.80179,5.475633877302749,5.283017,4.478605
Barking and Dagenham,20540,20.73336,3.07884840725761,3.9057915,3.8962822
Barking and Dagenham,20541,94.666,4.5608629584261156,3.9026783,3.9561467
Barking and Dagenham,20693,164.80114,5.1107891184314775,4.114654,5.1285605
Barking and Dagenham,20694,251.05788,5.52965874367811,5.1485043,5.117878
Barking and Dagenham,20697,227.7741,5.432735053797419,5.4820876,4.987511
Barking and Dagenham,20811,262.94538,5.575742187801419,5.072157,4.2043195
Barking and Dagenham,20822,2612.6897,7.868518180175428,5.6233087,4.53508
Barking and Dagenham,20880,5.787009999999999,1.9150104911255748,4.6921115,4.409347
Barking and Dagenham,20881,121.90856,4.8114406642685825,4.79165,4.268203
Barking and Dagenham,20971,31.10765,3.469094319499814,4.5299215,4.2459683
Barking and Dagenham,20988,1080.9057,6.986479302188753,5.100536,4.4815297
Barking and Dagenham,2288,53.97042,4.006795222374579,3.7818842,4.299899
Barking and Dagenham,2290,215.50158,5.377597845337393,5.598093,4.457752
Barking and Dagenham,23397,107.91631,4.690579789156032,3.7890582,4.3937597
Barking and Dagenham,25125,31.6209,3.4849531872475743,4.485411,4.3015347
Barking and Dagenham,25377,119.51695,4.791790406938886,3.9370992,4.6791344
Barking and Dagenham,25378,173.54327,5.162172676520136,3.8972569,4.6310916
Barking and Dagenham,25379,150.34634,5.019570852816559,3.9763298,4.2346287
Barking and Dagenham,25380,91.79656,4.530409570139566,3.9485526,3.91163
Barking and Dagenham,25381,707.56004,6.563234797953849,3.8849497,3.483535
Barking and Dagenham,25382,422.45985,6.048458704403007,3.859177,3.4800532
Barking and Dagenham,25383,215.46642,5.37743543148659,3.4397745,3.1997328
Barking and Dagenham,25384,103.66625,4.6507767163405,3.176182,3.1997328
Barking and Dagenham,25385,5.478159999999999,1.8684365194252897,3.2180386,2.9954743
Barking and Dagenham,25386,11.46184,2.522671175008956,2.9522638,2.995474
Barking and Dagenham,25387,27.13066,3.336860084722082,3.1259296,2.9589458
Barking and Dagenham,25388,16.904739999999997,2.8850654822614676,2.8635447,2.9589458
Barking and Dagenham,25389,153.21899,5.0383736052976476,3.4852285,3.1716516
Barking and Dagenham,25390,143.74065,4.974943520239007,3.6514142,3.1716516
Barking and Dagenham,25391,273.46215,5.6148133643748945,3.6561117,3.42723
Barking and Dagenham,25392,219.26796,5.394844805192123,3.7622428,3.4126008
Barking and Dagenham,25393,125.52961,4.840476351923443,3.6580732,3.5810273
Barking and Dagenham,25394,193.102,5.268383794088907,3.7628713,3.5810273
Barking and Dagenham,25395,294.4955,5.688653608303803,3.7986627,3.853771
Barking and Dagenham,25396,411.61289,6.022509841060459,3.7669048,3.8537707
Barking and Dagenham,25399,241.98213,5.492987901541767,3.9425812,4.4935775
Barking and Dagenham,26367,531.73459,6.278023345173238,5.632306,5.098231
Barking and Dagenham,26887,116.4701,4.76618383311661,3.7778583,3.5552268
Barking and Dagenham,26888,195.0645,5.2784436867276865,3.9808817,3.7679436
Barking and Dagenham,27451,111.95405,4.7269810988448855,5.837741,4.633055
Barking and Dagenham,27870,57.05191,4.061337610272732,4.1136,3.7315369
Barking and Dagenham,27950,528.38316,6.271712479691296,5.644515,4.464415
Barking and Dagenham,2838,161.90105,5.093142961259418,5.2753973,4.4651484
Barking and Dagenham,29141,60.4288,4.117878780555605,4.9178357,4.46596
Barking and Dagenham,29142,587.04021,6.376795329914265,4.849147,4.3350325
Barking and Dagenham,29143,297.62226,5.699179430216688,4.857726,4.453951
Barking and Dagenham,29144,801.56542,6.6878133719307975,4.8378463,4.4814878
Barking and Dagenham,29234,115.96065,4.761837553441566,3.8951569,3.7953858
Barking and Dagenham,29235,31.4402,3.4793983944563207,3.6352878,3.3628159
Barking and Dagenham,29236,13.36698,2.664932517948543,3.6081898,3.4272008
Barking and Dagenham,29237,40.34091,3.7218525665899653,3.6737323,3.4415514
Barking and Dagenham,29238,17.88714,2.938481267192193,3.7151923,3.4415514
Barking and Dagenham,29239,312.62102,5.748185314291197,3.880486,3.7607846
Barking and Dagenham,29240,45.0857,3.8305027066543462,3.8530517,4.0046425
Barking and Dagenham,29241,73.23113,4.307183603969266,3.7508197,4.162104
Barking and Dagenham,29256,135.10907,4.913456549611801,3.7846582,4.236186
Barking and Dagenham,29257,82.7458,4.4277860201939285,3.837994,3.7104936
Barking and Dagenham,29258,50.21389,3.9360107843157386,3.7993054,3.928734
Barking and Dagenham,29259,69.50236,4.255646184435246,3.7272146,3.634105
Barking and Dagenham,29260,48.91102,3.910241820058905,3.6197608,3.6353233
Barking and Dagenham,29261,61.68027,4.138046725072671,3.7781534,3.8984854
Barking and Dagenham,29262,90.46702,4.51597847014992,3.758076,3.8984857
Barking and Dagenham,29413,238.84259,5.479982833161891,5.134604,4.387635
Barking and Dagenham,29414,48.61725,3.904338555526715,4.5003633,4.1602535
Barking and Dagenham,29415,133.41117,4.900903534754642,5.074016,4.276633
Barking and Dagenham,29416,197.14539,5.289001054162676,5.016893,4.2766333
Barking and Dagenham,29417,5.155459999999999,1.8173394928308244,4.126446,4.03322
Barking and Dagenham,29418,119.2009,4.789164509593874,4.098388,4.03322
Barking and Dagenham,29419,3.78822,1.5661587348439832,4.480173,4.1489797
Barking and Dagenham,29420,569.9587,6.3473168777931885,5.0426006,4.329571
Barking and Dagenham,29422,75.7116,4.340052935529724,4.6933665,4.054121
Barking and Dagenham,29423,285.94367,5.659285924718792,4.7391353,4.1415505
Barking and Dagenham,29424,60.59182,4.120529069514016,4.8736343,4.3019586
Barking and Dagenham,29425,496.99557,6.210591181402758,4.8411875,4.3170495
Barking and Dagenham,29510,83.00362,4.430859893152836,3.9142785,4.2883573
Barking and Dagenham,29511,24.95371,3.2563145666377564,3.996848,4.0359063
Barking and Dagenham,29512,35.42359,3.59521664165461,4.020629,4.035906
Barking and Dagenham,29513,166.61312,5.121658466607048,4.008096,3.9528384
Barking and Dagenham,29514,52.98775,3.9887571689776493,4.0487437,3.952838
Barking and Dagenham,29516,119.19107,4.789082726495999,3.9660296,4.12433
Barking and Dagenham,29517,127.99871,4.859802404311672,3.83045,4.4098234
Barking and Dagenham,29518,41.7444,3.755238192650239,3.9373918,4.390757
Barking and Dagenham,29542,199.021,5.2984223610359225,3.9352973,4.053909
Barking and Dagenham,29747,65.80114,4.201720146265243,3.7484922,3.78293
Barking and Dagenham,29749,193.79653,5.271955577908095,3.843151,3.5732431
Barking and Dagenham,29750,188.92442,5.2466262035475815,3.8216965,3.5732434
Barking and Dagenham,29751,40.74807,3.7316532226834283,3.7693005,3.8162878
Barking and Dagenham,29752,40.14374,3.717071789183739,3.7859938,3.6007628
Barking and Dagenham,29754,78.62054,4.377272099764696,3.7962403,4.0581956
Barking and Dagenham,29776,6433.30789,8.769399560244327,6.542383,5.74732
Barking and Dagenham,29836,76.56461,4.351111266462656,3.7272499,3.699409
Barking and Dagenham,29973,340.57637,5.8335712850486825,5.5322723,5.0186157
Barking and Dagenham,3319,191.84204,5.261871408199576,4.2172256,4.265898
Barking and Dagenham,3320,616.86446,6.426269113015108,5.4311056,4.7197614
Barking and Dagenham,3321,652.01125,6.48159435730567,5.3431053,5.2479467
Barking and Dagenham,3322,40.25061,3.7196659005501385,5.31443,5.199002
Barking and Dagenham,33514,40.71558,3.7308746801288892,3.4618964,4.258214
Barking and Dagenham,33515,43.391,3.793036746188507,3.150501,4.2453065
Barking and Dagenham,33722,157.79905,5.067639566427383,4.9393682,4.553159
Barking and Dagenham,33954,79.04137,4.382543626010827,3.7615397,3.9454727
Barking and Dagenham,33956,33.98479,3.5549133956073136,4.0463357,4.781597
Barking and Dagenham,34726,11.46745,2.523121248002988,3.7105222,4.4224515
Barking and Dagenham,34865,599.61704,6.3979575267751345,4.9789343,4.5055246
Barking and Dagenham,34866,135.49039,4.916254209216209,4.9783063,4.5192432
Barking and Dagenham,34884,297.39826,5.698429037213409,4.736102,4.1621046
Barking and Dagenham,34996,150.26164,5.019011052627469,3.1831865,3.633848
Barking and Dagenham,34998,14.0986,2.714602024290768,2.9672878,3.1500816
Barking and Dagenham,36559,279.64585,5.637093554177506,3.8950639,4.485668
Barking and Dagenham,36651,113.17054,4.737693295465962,4.6977496,3.978001
Barking and Dagenham,37184,174.41788,5.167171013169168,3.1694984,3.5288966
Barking and Dagenham,37185,45.56032,3.840748676251798,3.6846938,3.4566674
Barking and Dagenham,37186,198.01542,5.293382309159682,3.6790032,3.5227675
Barking and Dagenham,37187,57.09759,4.062124182790997,3.6331544,3.5227678
Barking and Dagenham,37188,72.50342,4.29733193574852,3.7874439,3.8545241
Barking and Dagenham,37189,459.79385,6.132950762938451,3.9552522,4.4252014
Barking and Dagenham,37196,25.66882,3.283495092745666,3.7306108,3.7906616
Barking and Dagenham,3816,603.0843,6.4037137577323175,5.466158,5.145553
Barking and Dagenham,4282,110.81255,4.716823808446032,4.8098774,4.4357696
Barking and Dagenham,4283,162.34096,5.095839795223989,4.8838162,4.4357696
Barking and Dagenham,4284,534.25741,6.2827477713720965,5.1369286,4.812279
Barking and Dagenham,4285,173.51619,5.16201751670837,5.10462,4.8063455
Barking and Dagenham,4294,114.91993,4.75289969414751,3.6193407,4.081054
Barking and Dagenham,4295,73.83986,4.315350630746737,3.7067976,4.073397
Barking and Dagenham,4296,211.41682,5.358550476439561,5.040595,4.825414
Barking and Dagenham,4298,681.23709,6.525377236727111,5.7612333,5.20824
Barking and Dagenham,4303,45.67975,3.8433104517913317,4.651491,4.4079065
Barking and Dagenham,587,614.66044,6.422695577782098,4.971616,4.693433
Barking and Dagenham,9544,75.99655,4.343760615655096,5.7279673,5.8023477
Barking and Dagenham,9548,243.18862,5.4979409594441355,5.6524763,5.123965
Barking and Dagenham,9645,632.16945,6.450738079843565,5.7292814,5.07588
Barking and Dagenham,9646,264.63055,5.5821064335780495,6.130945,5.902317
Barking and Dagenham,9820,295.85121,5.693231036841104,3.9650574,4.4420285
Barking and Dagenham,9821,143.3591,4.972303945341189,4.9956007,4.7782307
Barking and Dagenham,9822,318.17022,5.765724565483987,6.121024,5.3081555
Barking and Dagenham,9823,663.58929,6.499169240834282,5.9006453,5.267237
Barking and Dagenham,BP071,920.98576,6.8265297787518575,6.515979,5.3172946
Barking and Dagenham,BP096,4958.98104,8.509157197131023,6.715213,5.746313
Barking and Dagenham,BP1105,19.67742,3.0290422836367714,3.1940737,3.3980892
Barking and Dagenham,BP1296,747.06676,6.6174922253287125,5.764097,5.312733
Barking and Dagenham,BP133,137.87367,4.933564670956239,4.69609,4.3946924
Barking and Dagenham,BP147,226.25312,5.426064462336279,3.9744692,4.3437085
Barking and Dagenham,BP155,42.93297,3.782665063259878,3.8906846,4.27777
Barking and Dagenham,BP164,33.21384,3.532630240570928,4.922003,4.755634
Barking and Dagenham,BP1750,341.703,5.8368641828545025,3.914422,4.4271183
Barking and Dagenham,BP181,16.57299,2.8663630641577473,4.0003934,4.130328
Barking and Dagenham,BP1920,518.84772,6.2535359225338185,5.531855,5.27618
Barking and Dagenham,BP1991,297.10483,5.697445203169337,5.1066217,4.880484
Barking and Dagenham,BP2154,1.4329899999999998,0.8891209536408632,4.024988,4.996853
Barking and Dagenham,BP2155,130.00035,4.875199994953308,3.9611201,5.034611
Barking and Dagenham,BP222,228.63614,5.436496056239858,3.7849603,4.181453
Barking and Dagenham,BP227,119.74471,4.7936784820492075,4.6233215,3.7543395
Barking and Dagenham,BP230,5.48762,1.869895745430764,3.1740084,3.3455267
Barking and Dagenham,BP2661,708.3089200000001,6.564291143907903,5.838005,4.8343844
Barking and Dagenham,BP270,362.0589,5.894565080055458,4.9813414,4.1474047
Barking and Dagenham,BP2818,273.0128,5.61317482062541,5.680079,4.4583974
Barking and Dagenham,BP3038,0.8730799999999999,0.627584134776185,3.599563,3.7254467
Barking and Dagenham,BP3039,164.59039,5.109517208866306,3.7765164,4.103103
Barking and Dagenham,BP3042,0.32772,0.28346318545015925,3.5683155,3.871914
Barking and Dagenham,BP3472,89.40147,4.504260528327868,4.838357,4.6574535
Barking and Dagenham,BP4055,220.44453,5.400172129228733,3.5729697,4.127479
Barking and Dagenham,BP4056,65.90037,4.203204497761639,4.796027,3.841909
Barking and Dagenham,BP433,524.83745,6.264992134559719,3.7421982,4.3217044
Barking and Dagenham,BP4381,176.20162,5.17728818034138,4.829925,4.283904
Barking and Dagenham,BP4382,259.79853,5.563748193533545,4.8002234,4.2867055
Barking and Dagenham,BP4426,0.6317699999999996,0.489665315237607,4.5329976,4.258102
Barking and Dagenham,BP4431,18.33778,2.9620606954323647,4.7606354,3.7075403
Barking and Dagenham,BP4609,940.00953,6.846953267058008,5.7905445,4.4031024
Barking and Dagenham,BP5390,1246.8576,7.129183439855078,6.797407,5.407496
Barking and Dagenham,BP5397,19.25858,3.0085784075191846,3.5185049,3.587294
Barking and Dagenham,BP5398,192.23793,5.263922227560936,3.581189,3.8858602
Barking and Dagenham,BP5400,888.85579,6.791059415889441,4.6417055,3.896793
Barking and Dagenham,BP5410,7.47859,2.137544162393921,3.3748438,3.3864088
Barking and Dagenham,BP5411,135.57201,4.916852021309201,3.4394252,3.3939853
Barking and Dagenham,BP5414,136.09326,4.92066142416361,3.433951,3.4201853
Barking and Dagenham,BP5415,1.30968,0.8371089867992652,3.330738,3.4201853
Barking and Dagenham,BP5434,172.40375,5.1556226904101745,4.280224,3.595405
Barking and Dagenham,BP5546,449.28414,6.109878805723452,5.4190884,5.2993264
Barking and Dagenham,BP5652,223.11521,5.41216024998966,4.9682317,4.50076
Barking and Dagenham,BP5653,54.33641,4.0134311005523156,4.9217844,4.4849806
Barking and Dagenham,BP5755,1956.52347,7.579435417575968,6.223113,5.851755
Barking and Dagenham,BP5799,8.03845,2.2014876995261172,3.957306,3.7875082
Barking and Dagenham,BP6069,14.52344,2.742351139678991,3.730248,4.3928785
Barking and Dagenham,BP6070,163.81011,5.104793962681095,3.8416638,4.511636
Barking and Dagenham,BP6071,2.5756399999999995,1.2741441811026486,3.7197428,3.8134265
Barking and Dagenham,BP6072,160.63109,5.08531651619654,3.915989,3.9264674
Barking and Dagenham,BP6138,14.41226,2.7351632965930657,3.8115416,3.7211053
Barking and Dagenham,BP6283,42.11898,3.7639632714044478,3.4983344,3.6377773
Barking and Dagenham,BP6284,120.80474,4.802419270774736,3.5815902,3.6145802
Barking and Dagenham,BP6285,6.56995,2.0241864624077293,3.3565044,3.3535557
Barking and Dagenham,HC220,270.34154,5.603378322577284,3.7431552,4.2783947
Barking and Dagenham,HC221,9.60172,2.3610162521055615,3.8415997,3.8734016
Barking and Dagenham,HC222,0.9854499999999998,0.6858455886984237,3.6553333,3.8508496
Barking and Dagenham,HC223,374.74021,5.928897973736106,3.690864,3.9036424
Barking and Dagenham,HC224,2.46333,1.2422305539786556,3.6655295,4.3017254
Barking and Dagenham,HC225,193.70748,5.271498329719295,3.6660936,4.335233
Barking and Dagenham,HC294,0.6055599999999999,0.4734726053844803,3.641317,4.209441
Barking and Dagenham,HC295,53.576640000000005,3.999605952373876,3.4311943,3.563896
Barking and Dagenham,HC296,0.16629,0.15382777055481323,3.4720619,3.7436452
Barking and Dagenham,LE134,16.76248,2.8770883674549568,3.2336087,3.386311
Barking and Dagenham,LE171,4122.89352,8.324553025210891,6.537893,5.8101583
Barking and Dagenham,LE195,216.57536,5.38254527327607,4.893844,4.231178
Barking and Dagenham,LE217,117.10374,4.771563390779794,3.9006321,3.8723102
Barking and Dagenham,LE218,0.0,0.0,3.671904,3.977663
Barking and Dagenham,LE222,34.26829,3.5629842599424766,3.940506,3.9093888
Barking and Dagenham,LE223,270.16854,5.602740546387525,5.1227636,4.9459853
Barking and Dagenham,LE224,181.43077,5.206370758588238,4.969074,4.928519
Barking and Dagenham,OC628,42.44017,3.771384589061853,4.760438,4.7010994
Barking and Dagenham,R0067,95.79948,4.572641622367276,4.889183,4.2733827
Barking and Dagenham,R0068,49.14835,3.9149856125705735,4.8056164,4.4169993
Barking and Dagenham,R0175,784.22629,6.665971943757235,5.6824484,4.609444
Barking and Dagenham,R0320,277.91573,5.630909693186435,4.041066,4.463093
Barking and Dagenham,R0338,477.54227,6.170744545549382,5.738821,4.8866134
Barking and Dagenham,R0590,392.68239,5.975544467459839,3.682219,4.4148946
Barking and Dagenham,15585,102.72679,4.641760423240431,5.279093,4.9948125
Barking and Dagenham,29139,47.38864,3.879265075429907,4.9191446,4.251264
Barking and Dagenham,29140,279.72907,5.637390040527874,4.681905,4.296872
Barking and Dagenham,29756,838.68276,6.733024153836676,5.571744,4.4497833
Barking and Dagenham,33951,3.18601,1.4317480129363869,3.903762,5.0648313
Barking and Dagenham,33952,15.25723,2.788537732903746,3.8094914,4.051708
Barking and Dagenham,33955,78.5257,4.376080239859907,3.8970003,4.4454274
Barking and Dagenham,34361,1461.00694,7.287565387220482,5.53662,4.482892
Barking and Dagenham,34843,113.52286,4.740774453721777,4.9224463,3.9058425
Barking and Dagenham,35770,113.59822,4.741432271873799,5.7574854,5.1968207
Barking and Dagenham,35771,93.88586,4.552674695568177,5.8141527,5.4788685
Barking and Dagenham,4279,137.7522,4.932689608356697,4.993478,4.8545456
Barking and Dagenham,695,236.04221,5.468238226542806,6.0175095,5.302036
Barking and Dagenham,BP236,5.785629999999999,1.9148071408555087,3.3705573,4.165336
Barking and Dagenham,BP4052,156.95544,5.0623129679338925,3.492956,4.0146046
Barking and Dagenham,BP4053,671.46432,6.510949054306406,5.221156,4.121933
Barking and Dagenham,BP4054,230.71795,5.4455208993051185,5.2194743,4.1859136
Barking and Dagenham,BP4057,20.71832,3.07815614400792,3.5859678,3.8229945
Barking and Dagenham,BP4191,35.81501,3.6059056424490556,3.4222717,4.1339054
Barking and Dagenham,BP4825,357.71493,5.882528006197831,5.763649,5.2411933
Barking and Dagenham,LE138,548.21863,6.308496595386939,5.966713,5.297388
Barking and Dagenham,LE174,107.03013,4.6824101696976035,5.794826,5.1216593
Barnet,1023,1868.58898,7.5334738888983335,6.174556,6.2873793
Barnet,10242,583.55149,6.370844869418872,6.2648735,5.3458567
Barnet,11136,828.79739,6.721181562557596,5.46159,5.7022176
Barnet,11205,86.76466,4.47465891391915,3.7338302,3.755935
Barnet,11772,147.91867,5.003400317994987,6.160722,5.806473
Barnet,11773,48.22381,3.8963774495250028,6.221595,5.8992176
Barnet,1184,99.36194,4.608783051721914,5.5061793,5.0793886
Barnet,11992,337.53052,5.824614250769474,6.01717,5.260016
Barnet,12085,21.29064,3.104166859412681,3.3368444,3.1780565
Barnet,12086,23.13228,3.183550363362189,3.7178037,3.6084294
Barnet,12087,107.9084,4.69050716195039,3.7618492,3.6033251
Barnet,12088,662.50933,6.497542915466915,5.908984,4.491925
Barnet,12089,24.74331,3.2481747875291225,5.8062115,4.9055247
Barnet,12199,36.66562,3.6287477420475285,3.7964156,3.8362105
Barnet,12200,30.87202,3.461728508912031,3.8685427,3.8362105
Barnet,12201,11.26922,2.5070936870200304,3.7363048,3.6787336
Barnet,12218,812.9449,6.7018926732937505,6.090785,6.1660104
Barnet,12912,601.87277,6.401706179439728,5.3134103,5.3734846
Barnet,12913,402.17592,5.999372992751494,4.978391,4.545799
Barnet,12914,516.32242,6.248666316491719,4.9170685,4.532439
Barnet,1306,152.94561,5.03659935821206,5.3170805,5.0666137
Barnet,1307,879.7076,6.780725675273442,5.3063188,5.0659347
Barnet,1308,145.78422,4.988963617214598,4.159819,4.5696473
Barnet,1309,26.43221,3.311717870424406,4.3556137,5.0153055
Barnet,1310,24.68309,3.245832798685839,4.0167885,3.990604
Barnet,1311,28.13174,3.3718283014222536,4.0766363,3.954954
Barnet,1329,292.82153,5.68297254219848,5.6449404,5.756532
Barnet,1330,464.39337,6.142883004956663,5.614042,5.7143526
Barnet,1333,791.97903,6.675796777401217,5.6906633,4.2608447
Barnet,1334,176.02258,5.176277295058858,5.749484,4.7308025
Barnet,13422,239.97024,5.484673440388518,5.02594,5.019604
Barnet,13423,242.27752,5.494202849302023,5.053858,5.019604
Barnet,13424,173.89494,5.164185450788442,4.9406414,4.676699
Barnet,13425,305.30626,5.7245854511094825,5.0086923,4.6440396
Barnet,13507,296.12510000000003,5.694153262238989,4.4910355,4.899831
Barnet,14130,147.16152,4.99830303002451,4.7762184,3.0584474
Barnet,14131,89.46135,4.504922687661532,5.3146605,3.3883069
Barnet,14461,390.73803,5.97059332556829,6.412179,5.367579
Barnet,14462,3060.83533,8.026769796195415,6.6993704,5.5839763
Barnet,14632,1521.60153,7.328175683731715,6.001055,5.3805294
Barnet,14636,846.07676,6.741791316283689,4.2232547,5.087996
Barnet,1466,956.79817,6.86463707727816,6.0092506,6.188604
Barnet,14701,165.76384,5.116578679852298,5.132374,4.750387
Barnet,14702,197.91747,5.292890015084778,4.8497725,4.822619
Barnet,14721,899.87346,6.803364803793998,5.7445016,5.562146
Barnet,14722,706.92821,6.56234269024748,5.77962,5.583947
Barnet,14768,523.2924,6.262049543955593,5.89727,5.315204
Barnet,14769,90.85391,4.520199380161724,5.8838716,5.097807
Barnet,14770,58.09032,4.0790671208108495,5.331482,4.5773416
Barnet,14772,43.33924,3.791870063761612,3.8473837,4.3065314
Barnet,14773,189.2149,5.24815448563394,4.0239244,4.273392
Barnet,14774,44.56683,3.8191800395469575,3.7197547,4.06847
Barnet,14775,226.11593,5.4254605919618815,3.9345267,4.06847
Barnet,14776,27.12481,3.33665210494621,4.1324773,3.9829152
Barnet,14777,113.91021,4.74415104078506,4.1326084,4.1146836
Barnet,14778,2.01228,1.1026972671043798,4.5029993,4.3703923
Barnet,14779,10.40222,2.4338080732837977,4.441001,4.360482
Barnet,1478,990.14928,6.898865158707061,6.7384253,5.7340007
Barnet,14869,152.94892,5.036620859081206,5.872298,5.6742783
Barnet,14870,277.58234,5.629713670966154,5.7506094,5.638189
Barnet,14888,55.95307,4.042227595376173,4.3899107,3.0304313
Barnet,14927,804.72629,6.691744094261973,6.3912263,6.1132455
Barnet,15039,23.49903,3.198633524930169,5.9609957,5.8112755
Barnet,15092,34.67584,3.5744737089861904,4.186041,4.2411
Barnet,15093,103.38192,4.648056480374509,4.133422,4.1754217
Barnet,15094,140.76483,4.9541695579467735,4.122618,4.0947967
Barnet,15095,55.16334,4.028264230883583,4.0838585,3.9597278
Barnet,15096,27.2582,3.3413836809602993,3.872132,3.9661026
Barnet,15097,21.42917,3.1103623438349683,3.9855862,4.119779
Barnet,15098,55.24449,4.029708080731015,3.8646111,4.420656
Barnet,15099,41.3534,3.746048701228538,3.978633,4.4206567
Barnet,1516,737.13564,6.604127601750358,5.782021,5.4979115
Barnet,15417,267.81374,5.594018723414041,5.3377805,5.144095
Barnet,15418,169.10331,5.136405958354171,5.402473,4.998516
Barnet,15419,200.09216,5.303763310439336,5.10651,4.9064837
Barnet,1542,304.12518,5.720722118635114,5.0837154,4.5488467
Barnet,15420,214.72715,5.374014414737105,5.134882,4.9064837
Barnet,15421,84.50103,4.448528422653778,5.3299,4.756363
Barnet,15422,123.73199,4.826167355471984,5.375642,4.8292346
Barnet,15424,143.374,4.972407154845144,5.3807087,5.39685
Barnet,1543,135.1361,4.913655120628424,4.0976377,4.326659
Barnet,1555,237.77852,5.475536427723982,5.2755404,5.0460277
Barnet,1556,248.04871,5.517648499823083,5.256351,5.3045387
Barnet,15606,95.68568,4.571465304626709,3.8453832,3.6576924
Barnet,15607,34.66429,3.574149908059533,3.9445384,3.6400142
Barnet,15608,161.0402,5.087844452596873,3.9155755,3.678779
Barnet,15609,65.51494,4.197426584083294,3.9821138,3.6787791
Barnet,15610,88.07619,4.489492070931149,3.7722287,3.619802
Barnet,15611,180.7977,5.202894530398224,3.7430768,3.68263
Barnet,15612,48.27788,3.8974752988193804,3.7929244,3.8649173
Barnet,15613,67.17024,4.222008105978736,3.8163962,4.0039306
Barnet,15615,80.90804,4.405597154538981,4.08596,4.3985605
Barnet,15620,136.11494,4.920819552184911,5.4962463,4.763179
Barnet,15621,109.31861,4.703372633695735,5.5269957,4.8123264
Barnet,15626,67.4381,4.225929687095677,3.3929467,3.4787252
Barnet,15627,58.44923,4.085122670992357,3.4862533,3.478236
Barnet,15628,102.62357,4.640764813601496,3.387506,3.5010142
Barnet,15629,132.71054,4.8956773142094,3.3125234,3.5327177
Barnet,15630,60.83933,4.124539569809089,3.380741,3.4494748
Barnet,15631,46.72875,3.8655339416951904,3.493797,3.5214615
Barnet,15632,35.60032,3.600056983538498,4.0713096,4.0856023
Barnet,15633,24.04072,3.22050329981212,4.1293316,4.2138777
Barnet,15634,428.37901,6.062340002088754,5.729375,5.0447226
Barnet,15636,1571.04251,7.360131014608257,6.1205573,5.6275096
Barnet,15638,63.04959,4.159657627073231,5.896559,5.6326413
Barnet,15639,68.12109,4.235859894047386,5.761832,5.100613
Barnet,15640,86.62084,4.473018869192115,5.7642803,5.0844884
Barnet,15641,504.29223,6.225136935175875,5.7321253,5.0565705
Barnet,15642,397.82597,5.988525156328528,5.7282977,4.8042583
Barnet,15643,150.80266,5.022581387864656,5.6397114,5.9138546
Barnet,15644,221.98374,5.407098854003499,5.472542,5.552848
Barnet,15677,1178.1561,7.07255429211249,6.388933,5.8473864
Barnet,15737,262.45283,5.573874338673894,4.4820495,4.8039627
Barnet,15738,222.14193,5.407808026406109,4.5272694,4.8966713
Barnet,15739,68.33439,4.23894103130169,4.2104073,4.574694
Barnet,15741,5.585379999999999,1.8848520404399076,4.477518,4.3891835
Barnet,15742,113.78434,4.743055063430793,4.4690228,4.6160307
Barnet,15743,165.10971,5.112648473670386,4.587516,4.6671844
Barnet,15744,184.27833,5.221859180958863,4.5564146,4.7121234
Barnet,15745,20.20738,3.0543492343081695,4.583058,4.885393
Barnet,15746,170.41606,5.1440937007240315,5.4687634,4.937244
Barnet,15749,370.02195,5.916261225277775,6.4284077,5.192007
Barnet,15750,165.44594,5.1146705720143295,6.584874,5.5220003
Barnet,15751,122.48134,4.816090051534908,5.0294523,5.2353387
Barnet,15752,170.30752,5.143460303957876,5.02789,4.540713
Barnet,15753,30.23937,3.4416791583148747,4.78774,4.684046
Barnet,15754,31.41613,3.478656138423483,4.624671,4.684046
Barnet,15755,15.92519,2.8288030447323735,5.2082415,4.90624
Barnet,15756,90.19313,4.5129795652955496,5.0353746,5.136412
Barnet,15757,73.95893,4.316940363548673,5.107941,4.991569
Barnet,15758,188.28992,5.243279807986099,5.088413,4.851843
Barnet,15759,80.93466,4.405922100358772,6.344116,6.4334435
Barnet,15760,115.26384,4.75586209114457,6.3514633,6.321184
Barnet,15912,864.7031499999999,6.763542066889014,5.342223,5.431672
Barnet,15913,0.05495,0.0534933724399999,4.1503496,5.040666
Barnet,15914,621.06058,6.433037483494938,6.4092436,5.839204
Barnet,15915,189.19126,5.248030197425618,6.4002433,5.6863484
Barnet,15916,519.98286,6.255717142939654,6.3835754,5.99866
Barnet,15917,349.1888,5.858472437615596,6.3903537,5.992316
Barnet,15918,506.2475,6.2289990501575545,6.390129,5.6023707
Barnet,15919,320.8482,5.774080005815594,5.9787464,5.5687966
Barnet,15920,350.90335,5.863356564032156,6.045941,5.6648645
Barnet,15921,236.95686,5.472089396737602,5.95584,5.3108253
Barnet,15922,270.99546,5.605785374980227,5.7938795,5.175209
Barnet,15923,573.70243,6.353852393797779,5.2171316,5.0480313
Barnet,15924,596.0494,6.391999857037929,5.252897,5.0213256
Barnet,15925,603.96511,6.4051707869464085,5.31691,4.984521
Barnet,15926,509.92011,6.236213237472447,5.2555227,5.3647456
Barnet,15927,1368.92576,7.22251182757283,6.076392,5.294972
Barnet,15928,356.01922,5.877789617865465,5.5900364,5.3234
Barnet,15929,1042.60817,6.950439381901918,5.733618,5.7886977
Barnet,15930,298.15846,5.700973399563192,5.787463,5.69922
Barnet,15932,48.91346,3.9102907058632783,4.188094,4.8535037
Barnet,15933,65.30592,4.19427918430666,4.274104,4.307982
Barnet,15934,47.54674,3.8825270452120004,4.1604843,4.3109636
Barnet,15951,198.27843,5.2947029925607865,5.8548985,5.589215
Barnet,16028,73.67502999999999,4.31314576584297,5.2582603,5.4912405
Barnet,16029,78.15949,4.371464678065809,4.557952,4.2623286
Barnet,16067,492.62147,6.20176896840373,5.7058134,5.274853
Barnet,16068,189.69232,5.250661239115805,5.166847,5.0138574
Barnet,16069,138.67742,4.939335621130327,5.0783377,5.1987395
Barnet,16070,204.75955,5.326708254032866,5.1285005,4.8121424
Barnet,16071,147.14341,4.998180791086248,5.115552,4.821248
Barnet,16072,55.69111,4.037617408317393,5.0581517,4.7622166
Barnet,16073,26.53548,3.315475354921319,4.990612,4.9298997
Barnet,16074,135.63813,4.917336044349422,5.183489,4.9658527
Barnet,16104,178.68433,5.191201589096922,4.930932,4.8531065
Barnet,16105,214.80489,5.374374712437554,4.787836,4.851886
Barnet,16108,426.56578,6.058108147884863,5.5801544,4.772336
Barnet,16109,196.71961,5.2868499159504685,5.5614023,5.091567
Barnet,16110,234.75725,5.46280267395693,5.4769554,5.454231
Barnet,16111,458.13558,6.129345547707705,5.572958,5.499454
Barnet,16453,17.2397,2.9036005371425047,4.985973,5.139656
Barnet,16454,19.12452,3.001938972088512,4.9075093,5.2067513
Barnet,16455,168.77776,5.134490287678199,4.913577,4.9858203
Barnet,16457,74.10871,4.318936530740153,4.648196,4.8201547
Barnet,16458,59.02379,4.094740983636748,4.579688,4.840912
Barnet,16459,261.4347,5.570002289180541,4.578597,4.6614566
Barnet,16460,175.59307,5.1738480461768,4.6112165,4.6614566
Barnet,16469,112.57357,4.732450820767171,4.351781,3.1057458
Barnet,16470,107.54481,4.687163083113096,4.4165435,2.9776893
Barnet,16471,114.22511,4.746887693260054,4.6029997,3.0694473
Barnet,16472,40.08289,3.715591733121415,4.405648,3.579058
Barnet,16473,59.17245,4.09721460636907,4.3321843,3.0007946
Barnet,16474,69.67085,4.258033182364971,4.441931,3.9362922
Barnet,16475,35.2344,3.5900089438481877,4.570692,3.2141745
Barnet,16487,602.93647,6.403469010283582,5.746189,5.089866
Barnet,16488,606.00892,6.408543486173929,5.747594,5.1360645
Barnet,16489,144.10424,4.97745238068995,5.553999,5.654503
Barnet,16490,117.90613,4.778334358297127,5.5432596,5.632767
Barnet,16491,98.02385,4.5953607302115635,5.350324,5.4067583
Barnet,16492,170.48279,5.144482911716383,5.367493,5.4139853
Barnet,16493,76.00028,4.3438090582107085,5.499234,5.488832
Barnet,16494,119.28925,4.789899259054297,5.500762,5.488832
Barnet,16495,87.01379,4.477493506746787,5.547389,5.4623127
Barnet,16496,172.10363999999998,5.153890490268409,5.5623174,5.4623117
Barnet,16497,71.58125,4.284706624011931,5.5564985,5.2581167
Barnet,16498,85.1245,4.455793923801731,5.5593734,5.4202538
Barnet,16500,52.59515,3.981458578908108,5.134657,5.717925
Barnet,16501,0.3417699999999999,0.2939896378701746,2.0865092,3.9131827
Barnet,16503,0.1138999999999999,0.10786737086900695,2.2537029,1.911151
Barnet,16504,2.05227,1.1158855760885658,1.4975605,2.0876386
Barnet,16505,207.45887,5.339741755592272,4.428123,3.259915
Barnet,16506,177.50495,5.184616331927631,4.307606,3.770251
Barnet,16507,168.10827,5.130539160681474,4.3662405,2.9510996
Barnet,16508,212.52728,5.363764599681771,4.4767013,3.183378
Barnet,16509,111.80742,4.725682117042384,4.5360174,3.6668658
Barnet,16510,124.54499,4.832664180386842,4.47471,3.5043275
Barnet,16511,34.07024,3.5573529075846158,4.5076933,4.6052227
Barnet,16512,75.19013,4.333231926744126,4.630348,4.713022
Barnet,16519,96.29595,4.577757364481881,4.0924077,4.7153664
Barnet,16520,65.28354,4.193941600908816,4.059723,4.5949626
Barnet,16521,218.45197,5.391133393081875,4.153969,4.450866
Barnet,16523,22.24817,3.1462264192581766,3.962834,3.9955428
Barnet,16524,10.98209,2.483413034900424,4.0347657,3.91922
Barnet,16525,48.68096,3.9056217611100212,3.9323952,4.285358
Barnet,16526,84.94779,4.453740018874664,4.9592276,4.348439
Barnet,16527,147.01731,4.99732922638435,5.024581,4.112812
Barnet,16528,92.56492,4.538655526908812,5.0792904,4.1721916
Barnet,16529,255.11512,5.54562703090044,4.8097982,4.7565966
Barnet,16530,252.73001,5.5362707489276985,4.9013996,4.603247
Barnet,16531,68.76441,4.245123994345749,5.214532,4.8982606
Barnet,16532,30.40496,3.4469658422229985,5.018076,4.3070636
Barnet,16533,465.47949,6.145214053618842,5.473276,5.316529
Barnet,16536,47.40418,3.8795861736298254,4.8796854,5.19266
Barnet,16537,55.33936,4.031393402781291,4.8762846,5.131593
Barnet,16538,133.54852,4.901924877484028,5.3349266,5.523951
Barnet,16539,266.74636,5.590040114464206,5.2336006,5.5065317
Barnet,16540,129.65754,4.872579701744167,5.2393913,5.2847295
Barnet,16571,31.97197,3.495657806587653,3.4685025,3.7632194
Barnet,16572,36.84254,3.6334338666666426,3.4878504,3.7644742
Barnet,16973,14.162209999999998,2.7188061479537082,4.7335644,5.0767097
Barnet,16975,191.62391,5.260739634961064,4.569135,4.776996
Barnet,16990,335.33546,5.818109054757679,4.7692738,4.5957527
Barnet,16991,147.3931,4.999864833695436,4.32997,3.4940076
Barnet,16992,33.71714,3.5472335131273955,4.650176,4.2313447
Barnet,16993,8.011069999999998,2.1984538215059364,3.4246101,3.4366355
Barnet,16994,10.19999,2.4159128854435075,3.9101763,3.7340224
Barnet,16995,31.75644,3.489099583971284,3.8705642,3.8704333
Barnet,16996,20.51803,3.068891188352361,3.799358,4.345988
Barnet,17035,15.05163,2.775810402051796,3.5140872,3.2895176
Barnet,17099,6.791619999999999,2.053048797183892,3.8569841,4.152005
Barnet,17100,14.181,2.720044645950578,3.9701786,4.1292787
Barnet,17101,54.17258,4.010466090736861,3.9773464,4.2391686
Barnet,17102,26.64657,3.319501669640516,4.252488,4.597278
Barnet,17166,70.72945,4.272901402466398,4.663108,4.8790894
Barnet,17167,979.35299,6.887912700687926,4.6494465,4.9089446
Barnet,17168,142.13616,4.963796345067832,4.640275,4.9733586
Barnet,17169,94.97142,4.56405043881058,4.847376,4.287029
Barnet,17256,154.23609,5.044947119375989,4.747214,3.1148944
Barnet,17257,119.56677,4.7922037073534405,5.4684305,2.8034472
Barnet,17259,104.54364,4.659124516675939,3.3621578,1.5466504
Barnet,17260,127.75847,4.857938323787781,3.3630729,1.6564887
Barnet,17267,344.94392,5.846276680996336,5.1178875,4.515286
Barnet,17268,346.72615,5.851415244698884,5.4639497,4.5497503
Barnet,17269,26.56263,3.3164608697492297,3.9045322,4.150139
Barnet,17270,87.01971,4.477560766671769,4.057378,4.3164124
Barnet,17271,57.43617,4.067935047431619,3.8720994,3.98164
Barnet,17272,95.08678,4.565251741476889,4.039843,4.096471
Barnet,17273,86.03392,4.466297927726625,4.011482,4.5557003
Barnet,1731,40.00923,3.7137971633193834,4.140893,4.079726
Barnet,17469,21.08754,3.0950136486232354,4.096789,3.667441
Barnet,17470,19.4604,3.018491310674506,4.1054764,3.7778137
Barnet,17473,254.18644,5.541994415262693,4.711661,4.960582
Barnet,17580,429.68382,6.065374224602618,5.7072744,5.4715743
Barnet,17718,393.46921,5.977541089077782,5.875368,5.5850825
Barnet,17719,170.19623,5.142810442437138,5.91031,5.5881896
Barnet,17768,2.8885,1.358023479152861,2.9835072,2.7006495
Barnet,17770,186.37789,5.233127379919563,5.242174,4.5613723
Barnet,17771,179.05941,5.193286851989413,5.33237,4.5613728
Barnet,18099,1.0042,0.6952449786420914,-0.34075388,0.18156284
Barnet,18100,0.2944899999999999,0.25811679518927355,-0.7288409,0.08425224
Barnet,18102,51.19418,3.954970994419773,5.8019876,3.495824
Barnet,18104,12.5689,2.607780409396811,3.6812077,3.6787333
Barnet,18105,31.51884,3.481819613686704,3.6713004,3.433884
Barnet,18106,15.12702,2.7804961261538694,3.7257404,3.5391157
Barnet,18107,23.76461,3.2094156178847033,2.9505954,3.2081287
Barnet,18108,33.89266,3.552276491902795,3.8242846,3.288935
Barnet,18109,9.14515,2.3169957587771464,3.0144503,2.937176
Barnet,18110,7.268769999999999,2.1124857676234794,3.0420303,3.0175827
Barnet,18111,62.29795,4.147852943159675,2.9838247,3.1428359
Barnet,18112,121.53138,4.80836716044588,6.003433,5.792535
Barnet,18113,130.79185,4.88122378404115,5.9696074,5.6530724
Barnet,18114,140.71887,4.953845306496671,5.751318,5.1362157
Barnet,18115,865.96635,6.76500016403195,5.884363,5.0079894
Barnet,18116,763.33713,6.639008961469215,5.84431,5.006555
Barnet,18117,374.95536,5.929470412937458,5.777977,5.3002305
Barnet,18118,233.31671,5.456673661792707,5.782138,5.125955
Barnet,18119,495.90526,6.208399384183159,5.0725546,4.9145093
Barnet,18120,105.46812,4.667845597614499,4.0478244,4.0948086
Barnet,18121,66.33907,4.209740603123752,3.8749926,3.961304
Barnet,18122,101.40856,4.628970302861645,3.9106736,4.046757
Barnet,18729,102.5397,4.639955114038613,4.2346277,3.5010183
Barnet,18730,39.56047,3.702793946986993,4.1940947,3.601517
Barnet,18912,37.68902,3.655555838849106,5.4796605,5.785143
Barnet,19142,48.91954,3.9104125092751265,3.9021404,3.856819
Barnet,19143,8.72958,2.2751707297986323,3.612658,3.294104
Barnet,19144,23.25015,3.188422802931372,3.8938785,3.3440027
Barnet,19145,38.06107,3.6651263188265313,3.364644,3.1751513
Barnet,19146,31.49973,3.481231781608875,3.3843246,3.4320195
Barnet,19147,39.61433,3.7041209599985137,3.3133872,3.3581645
Barnet,19148,36.32902,3.6197710402379344,3.2934587,3.3581648
Barnet,19149,22.01331,3.136072744201566,3.489322,3.2375953
Barnet,19150,16.20222,2.8450384452580635,3.2702332,3.2375953
Barnet,19151,5.077699999999999,1.8046263349348786,3.4920092,3.3075814
Barnet,19152,1.84685,1.0462131198689013,3.4548278,3.307581
Barnet,19153,7.309419999999999,2.1173898110043465,3.6202855,3.37739
Barnet,19154,7.45122,2.134310809645706,3.5891962,3.37739
Barnet,19155,1.91039,1.0682870928219972,3.6422348,3.3536477
Barnet,19156,0.9250699999999996,0.65496233071497,3.5557551,3.3804593
Barnet,19159,6.87149,2.0632473710658448,3.437249,3.2756758
Barnet,19160,7.92899,2.1893032865882094,3.5043035,3.275676
Barnet,19163,24.18414,3.2262144313046743,3.2461877,3.224465
Barnet,19164,11.71088,2.542458319626005,3.1863027,3.224465
Barnet,19165,61.49401,4.1350707121494095,3.243944,3.2866554
Barnet,19166,52.4456,3.9786643141574194,3.1825347,3.286656
Barnet,19167,23.8778,3.2139758395240086,3.4621282,3.6054504
Barnet,19168,11.48754,2.524731347172745,3.4490461,3.6054502
Barnet,19169,16.98393,2.889478581354951,3.611636,3.804296
Barnet,19170,8.72598,2.274800655635659,3.5689483,3.8042955
Barnet,19171,13.17253,2.6513055839895268,4.024081,3.9923625
Barnet,19172,14.07589,2.7130967790131866,4.0057116,3.962916
Barnet,19173,15.18315,2.7839705774777643,4.0755987,4.2398453
Barnet,19174,24.53563,3.240074731814056,4.043141,4.1273355
Barnet,19175,400.61375,5.99549080583922,5.192052,4.819152
Barnet,19176,381.69507,5.947238510195558,5.157923,4.9209266
Barnet,19215,41.05461,3.738969011801076,3.9084609,4.211236
Barnet,19216,42.13703,3.764381792972127,3.9309444,4.194352
Barnet,19264,2.35477,1.2103832136772619,3.2089543,2.8681157
Barnet,19541,735.93539,6.602500222132047,5.621866,5.073775
Barnet,19606,136.87068,4.926316144353865,5.4098196,5.2558255
Barnet,19607,616.5453,6.425752426135282,5.253489,5.2558246
Barnet,19608,353.29605,5.870132863065276,5.591724,4.8177524
Barnet,19609,95.41454,4.568657020118336,5.4131823,5.437009
Barnet,19610,595.99698,6.391912054753342,5.943317,5.662528
Barnet,19611,58.06213,4.078589940684075,4.1679654,4.067839
Barnet,19612,101.58895,4.6307302271315605,4.2901545,4.0963316
Barnet,19613,8.80567,2.2829607897971784,4.540866,3.9111562
Barnet,19614,30.53629,3.451138946207758,4.697083,4.2341094
Barnet,19615,8.72482,2.274681380335787,4.850961,4.8639455
Barnet,19616,61.46599,4.134622248633571,4.8614473,4.95523
Barnet,20145,63.00974,4.159035259280329,5.9471016,5.7385893
Barnet,20146,169.48642999999998,5.138655704113348,5.9193163,6.0591154
Barnet,20282,51.67361,3.9641145711123666,5.8843513,6.0643706
Barnet,20313,506.50942,6.229515272320033,5.5864296,5.304753
Barnet,20363,30.52549,3.4507964249498557,3.0060813,1.3785839
Barnet,20364,21.04146,3.092925225284923,3.0662322,1.9195619
Barnet,20424,2.7721,1.3276318755544738,0.11750054,0.4509046
Barnet,20498,297.73233,5.699547955052986,5.9856577,4.7251005
Barnet,2071,391.047,5.97138173056246,4.3337426,3.1200614
Barnet,2072,398.39994,5.989963270756365,4.934474,3.8172576
Barnet,20800,492.4994,6.201521643067326,5.532839,4.501616
Barnet,20857,325.15385,5.78736920255692,6.139057,5.1953177
Barnet,20858,209.09194,5.347545244430652,4.1082177,4.8428082
Barnet,20859,19.24279,3.007798680769201,4.1236773,4.2306895
Barnet,20860,6.30381,1.9883961298108366,4.112599,4.451447
Barnet,20861,132.44310000000002,4.8936751697554595,3.595088,3.8632913
Barnet,20862,55.66375,4.03713467646926,3.5956373,3.8499992
Barnet,20863,81.75602,4.415896760855787,3.784373,3.5015965
Barnet,20864,94.1899,4.555873843732144,3.6368446,3.5015965
Barnet,20865,103.53472,4.649519265026282,3.6884289,3.6620908
Barnet,20866,107.15408,4.683556877068898,3.762481,3.641218
Barnet,20909,13.37111,2.665219941366622,4.2950687,3.9448564
Barnet,20910,24.17206,3.2257346492626726,4.1454945,3.9471607
Barnet,20928,92.99803,4.543273824603585,4.581691,4.850587
Barnet,20929,63.3538,4.164395984357683,4.5779643,4.634817
Barnet,2294,247.44672,5.515228416109705,5.5835085,4.6689816
Barnet,2295,138.56706,4.938545202599972,5.1057873,4.7607718
Barnet,2297,260.43797,5.566197046953611,6.379032,4.5987897
Barnet,2298,347.78878000000003,5.8544665240862495,5.8175716,5.692693
Barnet,2299,798.09644,6.683481639358606,5.819511,5.687702
Barnet,23435,0.2957999999999999,0.2591282650337198,0.7426585,0.19540647
Barnet,25027,1641.52979,7.403992887180594,6.3571415,5.4509387
Barnet,25042,89.54966,4.505898429490788,4.1529436,4.0454698
Barnet,25043,62.18002,4.1459881119297615,4.2055616,4.1788917
Barnet,25044,116.52055,4.766613211909129,3.8522046,4.0345154
Barnet,25045,245.91217,5.509032686347378,4.7574096,4.1384873
Barnet,25046,13.41777,2.668461473573278,3.9286036,3.996441
Barnet,25048,58.77222,4.090541004525521,3.958241,3.8481448
Barnet,25072,439.77538,6.088535403284313,5.6636353,4.784648
Barnet,25080,29.94821,3.432315162239991,5.008519,4.417341
Barnet,25102,1374.92285,7.226879948607449,6.389612,6.110043
Barnet,25118,2378.57539,7.774677343185973,6.7948523,6.5325747
Barnet,25841,32.99316,3.5261593279068726,4.8492985,5.143238
Barnet,25842,34.766169999999995,3.5770024745720344,4.9349775,5.107692
Barnet,25964,140.21648,4.9502940321296265,3.5758307,3.6479125
Barnet,25965,147.83019,5.002805991604589,3.6922388,3.647912
Barnet,25966,185.52953,5.228589564351372,3.4835541,3.9308124
Barnet,25967,180.53498,5.201448362408118,3.7246742,4.049035
Barnet,25968,66.65784,4.21446323851545,3.6593428,4.097862
Barnet,25975,956.93761,6.8647826505891585,5.620678,5.0867853
Barnet,26154,139.16074,4.942789906854509,4.7718077,5.314219
Barnet,26155,74.72046,4.327048401335876,4.8715763,5.314219
Barnet,26156,61.77865,4.139615047519014,4.412121,4.4403005
Barnet,26157,153.51398,5.040284577681133,4.380932,4.168959
Barnet,26158,23.74655,3.208686085359067,4.5617814,4.1169662
Barnet,26159,37.72605,3.6565125002026164,4.4804244,4.110863
Barnet,26160,39.83156,3.709455311802196,4.6176805,4.2499557
Barnet,26161,63.33845,4.164157430752897,4.6352744,4.038601
Barnet,26163,175.72274000000002,5.174582063744946,4.9105196,5.0787816
Barnet,26165,33.23294,3.533188338424348,3.8636358,3.4914193
Barnet,26166,1.6523599999999996,0.9754498097172138,3.9231477,3.6987312
Barnet,26167,228.43578,5.43562316463402,3.931124,3.3790607
Barnet,26168,40.20186,3.7184834009675156,3.7973893,3.3790607
Barnet,26169,179.04891,5.193228536202636,3.3469553,3.5201244
Barnet,26170,4.290579999999999,1.6659278806918492,3.332055,3.5201244
Barnet,26171,1.81593,1.0352925800322863,3.3060424,3.4274025
Barnet,26172,234.29281,5.460830738530369,3.2884827,3.3817534
Barnet,26173,345.63253,5.84826522746486,3.1122699,3.202878
Barnet,26174,0.0,0.0,3.1491003,3.2248874
Barnet,26196,33.32957,3.5360070819032448,3.922257,3.8254507
Barnet,26200,70.67351,4.272121223272921,4.186599,3.9989176
Barnet,26202,81.17052,4.408796600266751,5.148419,4.7363753
Barnet,26484,590.02291,6.381854781460177,6.1127157,5.482737
Barnet,2664,151.55458,5.027522433655296,4.47768,4.336578
Barnet,26884,532.27413,6.2790356071481135,6.295827,6.0406747
Barnet,26886,14.29018,2.727210792271938,3.8943076,4.6431594
Barnet,26985,96.16985,4.576460478163833,4.461025,4.690358
Barnet,26986,145.97366,4.990253387049955,4.4343004,4.6738763
Barnet,27454,1723.90401,7.452926681540331,6.447679,6.321806
Barnet,27455,38.34986,3.672492417042598,5.9041576,5.409154
Barnet,27459,29.08538,3.404039339471722,5.162302,4.8760953
Barnet,27476,571.11825,6.349345700783168,4.586882,5.332297
Barnet,27477,390.29642,5.96946538018397,5.8694983,5.5602326
Barnet,27559,30.14512,3.4386575716445846,4.062291,3.7452295
Barnet,27562,260.69819,5.5671918931957896,4.0588636,4.4899855
Barnet,27563,19.81892,3.035862188642515,4.171792,4.906499
Barnet,2758,611.68917,6.417857743714445,6.206815,5.915272
Barnet,2759,379.41362,5.9412591344466765,5.810305,5.821013
Barnet,27596,1.7389499999999998,1.0075746352767876,4.5329676,4.3225217
Barnet,27597,8.33223,2.2334740002335205,3.7577944,4.3225217
Barnet,27598,0.3495399999999999,0.2997637936442805,4.63927,4.4433026
Barnet,27599,2.74129,1.319430471741382,4.532928,4.4433026
Barnet,2760,1228.26639,7.114172839536494,6.379782,6.260851
Barnet,2761,1668.19332,7.420095746792303,6.3301544,5.926759
Barnet,27625,112.65707,4.733185756898657,4.6849194,4.3117085
Barnet,2763,954.22401,6.861945878419584,6.444842,6.0021706
Barnet,2764,64.56484,4.183039576654016,5.876034,5.1117964
Barnet,2765,162.84112,5.098897177765278,5.2270083,4.900834
Barnet,2766,287.99971,5.666425684651721,5.0983114,5.479412
Barnet,2767,183.12949,5.215639260093074,5.7818336,5.7200713
Barnet,2768,388.15085,5.963967057650731,6.351618,5.6219497
Barnet,2770,2455.12552,7.8063403954529464,6.049099,6.1378384
Barnet,2771,1558.93585,7.352399977603187,7.050373,6.075775
Barnet,2773,225.53199,5.422886171153285,5.7642484,5.230029
Barnet,2774,158.01238,5.068982060824392,5.764018,5.1824875
Barnet,2775,1362.78592,7.2180198759388166,6.639318,6.190103
Barnet,2776,1843.12677,7.519761149042056,6.6264873,6.2223563
Barnet,27781,41.74317,3.755209416536938,4.968218,4.682697
Barnet,27787,343.38081,5.8417480509082385,5.2469807,6.170614
Barnet,27880,248.23488,5.518395745015977,6.0318685,5.791515
Barnet,27912,9.58528,2.3594643567641276,4.1212907,3.856819
Barnet,2795,667.89527,6.505627500788253,5.2076426,4.8069596
Barnet,2796,154.20853,5.044769567579006,4.460924,4.5340686
Barnet,27971,458.46203,6.130056305084361,5.394848,5.790902
Barnet,2799,563.31086,6.335605269872313,5.778586,5.833695
Barnet,2800,228.7533,5.437006124571163,6.016082,5.048304
Barnet,2801,148.39428,5.006588985486521,6.059264,4.939207
Barnet,28900,2144.81131,7.671272992950243,6.5178237,6.041037
Barnet,29171,49.31004,3.9182046595734734,3.913064,4.3741856
Barnet,29295,108.04406,4.691752020737661,3.7605112,4.3735423
Barnet,29581,714.34984,6.572771709745582,6.4965944,5.729812
Barnet,29600,1045.31455,6.953029316435777,6.3639894,5.8033576
Barnet,29699,67.82352,4.2315455469834395,4.9098635,5.105084
Barnet,2970,972.86681,6.881274548912156,5.8621697,6.288479
Barnet,29701,29.35181,3.412856153289038,4.759674,4.6730814
Barnet,29704,33.39753,3.537984759475861,3.8745422,4.1842904
Barnet,29705,24.73072,3.2476856088014783,4.031228,3.7979298
Barnet,29706,73.60423,4.312197208015062,3.7685273,3.7979298
Barnet,29707,54.31696,4.013079552285863,3.9499464,3.8904154
Barnet,29708,120.7711,4.802143052901783,3.9139755,3.8904157
Barnet,29709,85.22542,4.456965029788136,4.0793614,4.3769007
Barnet,2971,458.86882,6.130941274900285,6.50988,6.3246074
Barnet,29710,136.63055,4.92457292120521,4.7988567,4.1261454
Barnet,29711,104.22006,4.6560539665362946,4.8011675,4.2839575
Barnet,29712,47.70326,3.8857459682998776,3.5466542,3.9006102
Barnet,29713,25.37607,3.2724571596937215,3.7001114,3.9562883
Barnet,29714,18.65387,2.9782742654887273,3.6911862,3.2507725
Barnet,29715,38.03791,3.6645332252757856,4.03053,3.4173415
Barnet,29716,134.37842,4.9080739681599415,3.9298205,3.668692
Barnet,2972,984.58163,6.893231954212701,6.5033107,6.186813
Barnet,2976,501.77088,6.22013455936668,5.47653,5.478959
Barnet,2978,489.17232,6.194757002751439,5.6116753,5.9323497
Barnet,2982,580.83622,6.366188999193806,5.668792,5.470662
Barnet,29833,150.04041,5.017547416906218,4.1057124,5.9487224
Barnet,29834,112.89237,4.735253879622822,7.245029,6.18731
Barnet,2990,740.27133,6.6083667256146175,6.983519,5.881967
Barnet,29919,123.10833,4.821154813245566,5.516788,5.628039
Barnet,3193,957.15234,6.865006784117857,5.2562428,6.2897296
Barnet,3195,604.50902,6.406069459661712,5.1810446,5.0917377
Barnet,3196,267.18304,5.59166973245732,5.189545,5.077511
Barnet,3295,871.12857,6.7709368557009295,6.1815166,5.5790915
Barnet,33152,2.02593,1.1072184822499505,4.0718985,4.8322325
Barnet,33333,99.4277,4.609438065619554,4.4238873,4.567158
Barnet,33334,93.62008,4.549869715689857,4.392901,2.9795947
Barnet,33355,1144.20176,7.043336110072238,5.855279,5.239438
Barnet,33356,873.29591,6.773418888147766,5.1780686,5.1081953
Barnet,33499,60.42681,4.117846384802571,4.201019,4.0205655
Barnet,33500,73.72716,4.313843613740857,4.1084614,4.07322
Barnet,33501,240.77878,5.488023175851611,4.1527414,3.9519405
Barnet,33502,37.60485,3.6533779162461717,3.9487858,4.278113
Barnet,33503,147.15365,4.998249910908119,4.1187315,4.5085535
Barnet,33504,163.05828,5.100221730550367,6.162982,4.941102
Barnet,33648,91.58361,4.528112128145994,6.149128,5.104103
Barnet,33744,126.55132,4.848518793417062,4.2415724,4.7594795
Barnet,33771,944.57163,6.851789644086702,6.1686573,5.525576
Barnet,33772,574.16836,6.354662797939796,5.7675266,5.854191
Barnet,33773,144.10884,4.977484081535414,4.0805387,5.6595836
Barnet,33774,485.91227,6.188083963117592,5.2020864,5.318036
Barnet,34042,0.39819,0.3351785430175325,2.1403072,1.6618093
Barnet,34043,0.17113,0.15796909467918352,1.2642536,2.1094315
Barnet,34159,136.66019,4.924788257181382,5.624219,4.791736
Barnet,34183,25.47028,3.276022594195908,4.1620765,4.360254
Barnet,34201,143.83788,4.9756150479496695,4.2207985,5.0228105
Barnet,34202,33.79072,3.549350684551884,4.169762,4.239906
Barnet,34203,11.31648,2.5109382029955567,4.1747274,4.070969
Barnet,3435,976.44971,6.884946842965717,6.4484224,5.369451
Barnet,3437,399.4217,5.992518241776722,4.1595306,4.0747933
Barnet,3438,163.47896,5.102782659289612,4.1821003,4.0234327
Barnet,3439,143.94366,4.976345115190656,4.0335317,3.8032432
Barnet,3440,25.95731,3.2942545036179345,4.0101933,3.8316972
Barnet,3441,7.478319999999999,2.137512316969251,4.49608,4.3587513
Barnet,34430,36.19462,3.6161641271641773,3.9843984,4.3243494
Barnet,34431,25.9488,3.2939387694619846,3.8925648,3.927957
Barnet,34432,39.90656,3.7112904413855072,4.5685053,3.9794602
Barnet,34433,262.94476000000003,5.575739838827824,3.587821,3.8857875
Barnet,34434,119.00248,4.78751240923516,3.8359077,3.8857875
Barnet,34435,163.37678,5.102161231770736,3.7733393,3.8114486
Barnet,34436,201.46934,5.310588467675927,3.8625097,3.8890305
Barnet,34437,79.69572,4.3906855379338845,3.974833,4.3369937
Barnet,34454,212.40358,5.363185114734435,4.280343,4.756991
Barnet,34606,232.85729,5.45471105751538,5.375678,5.2114863
Barnet,34608,496.99725,6.210594554921053,6.134925,5.5621357
Barnet,34609,832.24541,6.725328208621822,6.1280365,5.271586
Barnet,34610,898.11229,6.801407932122085,5.539052,5.0216775
Barnet,34718,150.78934999999998,5.022493704397568,5.940872,5.5348835
Barnet,34719,110.97445,4.718270720270628,5.9089947,5.576142
Barnet,34720,171.02138,5.14761877141414,5.115742,5.04577
Barnet,34721,178.56737,5.190550457847537,5.218031,5.084737
Barnet,34722,296.43607000000003,5.695199311137055,5.000655,5.1583066
Barnet,34723,238.81776,5.4798793015690785,5.0181384,5.1583066
Barnet,34758,355.7554,5.877050392892703,5.0593853,5.493891
Barnet,34872,359.84295000000003,5.888442822123604,5.3382277,5.556237
Barnet,34914,57.24199,4.064606572260729,4.1413264,5.053764
Barnet,3518,173.77171,5.163480608018325,4.40553,4.285384
Barnet,35204,17.22654,2.9028787736389847,4.2031317,4.8004947
Barnet,35205,44.03933,3.8075361080547165,4.238402,5.0876913
Barnet,35211,0.0,0.0,7.2316127,6.4039445
Barnet,35215,568.42999,6.344635842933591,6.7013016,6.1719995
Barnet,35216,74.07626,4.3185043969453405,4.366188,5.5045185
Barnet,35276,325.4658,5.788325195910041,4.555346,4.900997
Barnet,35326,105.28015,4.66607853225682,4.338467,4.5759397
Barnet,35327,228.90701,5.43767492282233,4.2886806,4.63729
Barnet,35333,30.13175,3.438228198742401,5.404065,5.767913
Barnet,35337,29.71075,3.4246127561668924,5.2411203,5.523878
Barnet,35528,93.08591,4.544208301054844,6.5754857,5.965135
Barnet,35632,867.875,6.76719927142065,6.682788,6.047445
Barnet,35838,169.71321,5.139985014035215,5.6959887,5.2536135
Barnet,35839,207.76061,5.3411881887866555,5.207138,5.2132354
Barnet,35840,332.75768,5.81041522068566,5.756602,5.688581
Barnet,35841,106.05044,4.67330012525611,5.7269316,5.2909393
Barnet,35842,457.50122,6.127962952543579,5.880125,5.9801025
Barnet,35843,37.73778,3.6568153512258528,5.714254,5.8451667
Barnet,35844,167.55352,5.127253325472681,5.8440323,5.8451667
Barnet,35845,267.85252,5.594162976468221,6.0086737,5.720239
Barnet,35846,105.00389,4.663475791551916,5.959716,6.078782
Barnet,35847,152.80002000000002,5.0356531871105465,6.016889,6.222055
Barnet,36793,194.00399,5.273020019892874,6.004663,5.83264
Barnet,37232,30.18758,3.440019938638708,4.0180807,4.0886674
Barnet,37233,76.54362,4.350840616734681,3.9892426,3.9098253
Barnet,37239,245.45805,5.507191796444269,4.0010715,4.752992
Barnet,37240,10.47567,2.4402291420416717,4.0079308,4.7529926
Barnet,3776,508.71025,6.233842427012346,4.996744,4.607422
Barnet,3777,468.0436,6.150695727878083,5.5050936,4.5907793
Barnet,3778,268.20501,5.595473208295761,5.650344,4.9089937
Barnet,3807,502.23689,6.221061013509935,5.814988,5.115265
Barnet,3808,249.23187,5.522387968018432,5.9023695,5.188278
Barnet,3809,496.78008,6.210158373062116,6.381949,5.1147547
Barnet,3810,735.10878,6.601377906720736,6.3575306,5.22096
Barnet,4127,1348.07417,7.207173836164085,5.7526355,6.2438846
Barnet,4647,62.22493,4.146698685398437,4.513982,5.1882977
Barnet,4651,450.61647,6.112833301938204,5.537649,5.119217
Barnet,4653,929.38668,6.83560028467893,6.122199,5.6055927
Barnet,4690,435.37561,6.0785033633044865,5.781029,5.7540784
Barnet,4692,212.55283,5.3638842493654355,5.6693373,5.856065
Barnet,4694,273.55204,5.615140824037834,5.577344,5.7416406
Barnet,4695,176.50050000000002,5.178973425812911,4.0497136,3.7937565
Barnet,4705,124.67486,4.833698095593535,6.060836,5.946367
Barnet,565,168.85562,5.134948782078037,5.2936106,5.2900496
Barnet,6045,325.30325,5.787827163709036,5.9335384,5.6987514
Barnet,6047,43.99675,3.8065902649399472,5.5899334,5.1268964
Barnet,6048,257.43145,5.554630475028637,5.5415297,5.475466
Barnet,6051,846.24069,6.741984821934606,6.6457586,6.1972346
Barnet,6052,459.05471,6.131345417193569,6.595664,6.110975
Barnet,6056,1206.30603,7.0961467349419545,6.501729,6.1100435
Barnet,6061,233.22858,5.456297476169159,6.004525,5.5239673
Barnet,6063,145.96692,4.990207527441178,6.0363703,6.040949
Barnet,6071,1631.10593,7.397626441505849,7.0779123,6.0149283
Barnet,6073,315.08865000000003,5.756022712218176,5.913643,5.3978133
Barnet,6074,370.04079,5.9163120026554505,5.9592714,5.5201063
Barnet,6077,202.96497,5.317948263413116,5.845118,5.6849203
Barnet,6078,211.28225,5.357916757112116,5.806121,5.5078993
Barnet,6079,258.05721,5.557048925338257,5.7989206,5.232947
Barnet,6080,192.19232,5.263686169435509,5.8559217,5.148218
Barnet,6081,284.47915,5.654168996656932,6.7800264,6.3844695
Barnet,6082,457.8585,6.128741883665745,6.8050523,6.321197
Barnet,6083,208.8937,5.3466012120836295,6.791155,7.0650477
Barnet,6084,68.14381999999999,4.236188683184192,6.710906,7.065048
Barnet,6085,3951.60027,8.282128937515798,6.8581247,6.143743
Barnet,6090,450.7917,6.113221232904553,5.7733912,5.6929116
Barnet,6091,252.10798,5.533816196093953,5.768586,5.357383
Barnet,6092,720.86592,6.581839415276072,5.831533,5.6654778
Barnet,6095,281.96341,5.645317595997921,5.8276215,5.6515183
Barnet,6096,154.86758,5.049006800621789,5.1359625,5.42664
Barnet,6097,210.05886,5.352137051920672,5.071636,5.1502514
Barnet,6098,88.84736,4.49811223049406,5.162101,5.000527
Barnet,6099,290.12969,5.673768837993162,5.0000772,4.5479665
Barnet,6100,119.77541,4.7939327051769975,5.1430964,4.425584
Barnet,6108,307.83481,5.732806538481384,5.7687473,5.8147607
Barnet,6109,139.22897,4.943276586635638,5.793083,5.5449047
Barnet,6112,301.86749,5.713295383121471,5.900194,5.776894
Barnet,6113,89.40844,4.504337625871951,5.8136296,5.7768946
Barnet,6114,356.08739,5.877980541739443,6.011703,5.8753037
Barnet,6117,413.8677,6.02795967422399,6.293613,5.632468
Barnet,6691,754.14389,6.6269083138718905,6.5129857,6.254456
Barnet,70119,60.26512,4.115210676103483,5.721178,4.890353
Barnet,70120,53.31294,3.9947625042586186,5.668254,5.610557
Barnet,70228,106.0884,4.673654661597089,4.1781197,4.3331485
Barnet,7520,656.30212,6.488143760580014,5.3335533,5.087525
Barnet,7521,187.91777,5.2413118410200745,5.338851,5.16101
Barnet,764,353.20164,5.86986635549047,5.839037,5.8543262
Barnet,765,245.07399,5.505632263067149,5.899681,6.078535
Barnet,766,562.04313,6.333356232665524,6.0531154,6.059503
Barnet,80002,57.66551,4.07185199026659,5.860401,3.968166
Barnet,80003,403.0243,6.001475024667152,5.9511905,5.376128
Barnet,80005,520.89537,6.257467127178708,3.9722438,3.6839707
Barnet,80006,234.80769,5.463016599954874,4.6830072,4.229472
Barnet,80007,104.88086,4.662314499728634,3.0611014,2.9043834
Barnet,80008,476.24859,6.168037508175091,5.441197,5.6015897
Barnet,80009,173.4047,5.161378460653031,5.3075767,5.111583
Barnet,80013,181.31858,5.205755596403368,4.4639683,3.5760365
Barnet,8285,234.56136,5.461971431535676,5.8474274,5.52411
Barnet,8428,233.33999,5.4567730095669695,6.0027294,4.876806
Barnet,8506,149.09667,5.011279553183461,4.4555125,4.3451858
Barnet,8745,679.13481,6.522291028521218,5.850934,5.525859
Barnet,9011,571.29648,6.349657178775837,5.5538635,5.8362784
Barnet,9421,1001.14241,6.909895397294406,5.57999,5.6279716
Barnet,9878,72.49728999999999,4.297248534790749,5.7991343,5.4676485
Barnet,9882,111.08762,4.719280886869764,4.5099216,4.622432
Barnet,9883,332.72492,5.8103170608234365,4.502066,4.892721
Barnet,9884,218.16022,5.389803060502527,4.424761,4.5638366
Barnet,9887,276.79378,5.626879039860795,4.4203553,4.2477517
Barnet,9888,186.14757,5.2318974500288995,4.2727475,4.2113643
Barnet,9889,156.63878,5.060306213144356,4.2632737,4.107185
Barnet,9890,90.41659,4.515426971836012,4.2969723,4.172634
Barnet,9892,242.37962,5.494622446563035,5.5563235,4.805778
Barnet,9893,252.99751,5.537324463820879,5.5609264,4.849506
Barnet,9894,179.08317,5.193418799730969,5.503747,4.8392396
Barnet,9897,507.22903,6.230932192434447,5.8246026,5.923434
Barnet,9899,92.53742,4.538361570134161,5.7798915,5.873539
Barnet,9901,527.60951,6.270249992927764,5.8894634,5.867166
Barnet,9903,384.87354,5.955509699206484,5.5021944,5.6114964
Barnet,9906,170.98683,5.147417904114397,5.1258807,5.038435
Barnet,9907,54.41028,4.014765136105978,5.2865367,5.127811
Barnet,9908,208.25618,5.343559242983642,5.296009,5.0748143
Barnet,9909,259.45495,5.562429909577885,6.0365257,5.46471
Barnet,9910,544.62298,6.30192822441061,6.026764,5.5070853
Barnet,9912,148.90664999999998,5.010012767033153,6.1320333,5.8339305
Barnet,9913,262.67211,5.574706323639921,6.0509033,6.368271
Barnet,9914,82.78954999999999,4.428308298041493,6.0720015,6.1842256
Barnet,9915,146.67216,4.994994681588024,5.8962784,6.0707345
Barnet,9916,21.33937,3.1063505927062587,6.019565,6.0707345
Barnet,9917,76.39934,4.348978253427542,5.7117915,5.507622
Barnet,9918,48.27336,3.8973835698872397,5.937187,5.580436
Barnet,9919,102.38106,4.63842177314926,5.720889,4.187471
Barnet,9920,41.4259,3.7477590248021726,5.7803006,3.6346684
Barnet,9921,511.22269,6.238759471886162,6.485385,3.6431108
Barnet,9922,450.54741,6.112680372881443,6.4761615,3.5725029
Barnet,9923,525.70951,6.266649182145591,6.3591766,5.175367
Barnet,9926,0.0,0.0,4.509946,5.742205
Barnet,9927,197.8667,5.292634751029018,6.082158,6.1909885
Barnet,9933,63.65444,4.169056780353875,5.497141,5.842316
Barnet,9934,705.79803,6.560744953231697,5.4608803,5.796605
Barnet,9935,42.9456,3.7829525053538258,5.48215,5.420578
Barnet,9936,382.06605,5.948207428620205,5.3333826,5.1618075
Barnet,9937,356.28607,5.8785367774235695,5.306781,4.9222646
Barnet,9938,314.14157,5.75302196643429,5.27752,4.9395576
Barnet,9939,118.92106,4.7868336929814275,5.3441358,4.7336564
Barnet,9940,219.54343,5.396094636943788,5.2862053,4.955498
Barnet,9941,272.58055,5.611596094040153,5.358297,5.19547
Barnet,9944,607.7265,6.411369069955559,5.7993565,5.365801
Barnet,9945,603.6611,6.404668135790395,5.8415537,5.2946234
Barnet,9947,287.28382,5.663945480974413,5.8561635,5.571109
Barnet,9949,184.38943,5.222458639640282,5.219573,5.4678307
Barnet,9950,175.45963,5.173092124999286,5.252017,5.3258
Barnet,9951,134.53986,4.909265766802018,5.282074,5.2387805
Barnet,9952,184.05954,5.220677611137475,5.299733,5.425594
Barnet,9953,84.64714,4.450235832502163,5.252422,5.4213824
Barnet,BP090,16.95837,2.8880563015170586,8.008688,6.2832556
Barnet,BP1110,0.16855,0.1557636639828971,0.43813297,1.0428302
Barnet,BP1203,78.14222,4.371246487118048,4.96768,4.483783
Barnet,BP1265,8.874819999999998,2.289988082772955,5.6147556,6.14673
Barnet,BP1318,0.5308899999999999,0.4258492656292665,-0.8099857,0.0071300194
Barnet,BP1540,155.19428,5.051100617016758,5.854372,4.504117
Barnet,BP1612,246.20461,5.510216374276962,6.520047,2.9317758
Barnet,BP1616,31.78602,3.490002205020549,6.2137976,6.4646726
Barnet,BP172,171.63748,5.151193904554355,4.216331,4.1148567
Barnet,BP173,21.50211,3.1136090825912914,4.702364,4.1247387
Barnet,BP1749,165.21385,5.113275212282652,4.2333274,4.2991905
Barnet,BP1800,8.970749999999999,2.2996558068214688,4.102389,4.071989
Barnet,BP1961,17.51199,2.9184186302610278,3.90098,3.4519675
Barnet,BP1962,11.16517,2.4985769506549005,3.3796926,3.0454342
Barnet,BP2072,190.55923,5.255197055838015,4.7932267,4.2958794
Barnet,BP2076,0.0,0.0,3.2795115,3.2866743
Barnet,BP2077,30.94631,3.4640566811959723,3.4100578,3.016283
Barnet,BP2078,29.75213,3.4259592601462723,3.2387931,3.2603114
Barnet,BP2079,32.86717,3.5224461085705547,3.5542488,4.4557033
Barnet,BP2080,3.84552,1.578054566724967,3.7591965,4.31343
Barnet,BP228,29.13826,3.4057954609412975,4.05271,4.474065
Barnet,BP247,144.1288,4.977621623999111,5.2314014,5.0228796
Barnet,BP269,0.0,0.0,5.266652,5.7536116
Barnet,BP2776,1514.86828,7.323743675883927,5.414343,5.5987597
Barnet,BP283,0.0,0.0,3.9792337,4.885204
Barnet,BP2832,90.50398,4.516382468603257,5.4796762,5.5128675
Barnet,BP2833,89.12725999999999,4.5012226715736485,5.4794807,5.3953547
Barnet,BP2834,166.93825,5.123596352312891,5.623579,4.869121
Barnet,BP2835,226.12182,5.425486525517604,4.883926,5.609534
Barnet,BP3077,126.67887,4.849518283411708,5.83627,5.582287
Barnet,BP3120,27.19873,3.339276941468948,5.551943,5.821418
Barnet,BP3223,0.0,0.0,5.6414995,6.093548
Barnet,BP3880,73.61333,4.312319177574293,3.9478111,3.8355134
Barnet,BP3968,57.2374,4.064527760034766,4.035285,4.7820096
Barnet,BP3969,68.56719,4.242293048146692,3.9664402,4.4210114
Barnet,BP3970,23.66512,3.205390099867461,3.8048143,3.651005
Barnet,BP3971,35.87463,3.607523780711339,3.9817944,3.6510053
Barnet,BP3972,11.78439,2.548224895442198,4.0012197,4.3901005
Barnet,BP3973,51.4483,3.9598279224962503,3.990512,4.281173
Barnet,BP3974,15.84012,2.8237641346795277,3.9578962,4.999985
Barnet,BP3975,6.43901,2.006737775475003,3.925667,4.2422557
Barnet,BP3976,28.16372,3.3729254710203005,3.7950723,4.07767
Barnet,BP3977,68.54173,4.24192700403846,3.6956925,4.013376
Barnet,BP3978,48.33709,3.898676130845493,3.7971163,3.9215217
Barnet,BP3979,24.50728,3.2389639016158873,3.8487186,3.9199226
Barnet,BP3980,7.474119999999999,2.1370168130670475,3.9473724,4.0359144
Barnet,BP3981,36.09552,3.6134962076049706,4.122896,4.1525235
Barnet,BP3982,2.31332,1.197950707847407,4.0733547,4.331514
Barnet,BP3983,21.40464,3.1092680802670176,4.050411,4.7533712
Barnet,BP3984,29.43187,3.415490414534718,3.716034,4.0192566
Barnet,BP3985,117.62116,4.775934885489388,3.7146635,3.9804935
Barnet,BP3986,13.48335,2.6729997137906154,3.9533496,4.1517997
Barnet,BP4087,43.64676,3.7987817402998876,5.0638323,5.0000925
Barnet,BP4088,176.7342,5.18028917584361,5.0826654,5.0963063
Barnet,BP4090,630.01444,6.44732874658999,4.52536,5.1946263
Barnet,BP4124,0.1089399999999999,0.10340460410930977,3.86168,3.9403217
Barnet,BP4125,4.70152,1.7407328059579354,4.547512,5.0653853
Barnet,BP4294,2.02252,1.1060909205237932,4.624428,5.2535906
Barnet,BP4376,0.0,0.0,5.509368,6.0306416
Barnet,BP5114,39.60376,3.7038606731570067,4.226757,5.3634324
Barnet,BP5308,6.47519,2.011589537013917,3.9660807,3.8972957
Barnet,BP5505,90.9799,4.521570074918319,3.870545,3.9533286
Barnet,BP5506,31.98888,3.4961705349824648,3.8256266,4.070929
Barnet,BP5507,59.51393,4.102873586467693,3.9231725,3.8661795
Barnet,BP5508,63.56026,4.1675990512150465,3.9667706,3.9003735
Barnet,BP5509,114.81416,4.7519868374560765,4.8363905,3.9644272
Barnet,BP5510,43.02669,3.7847960409254515,5.0015755,5.252064
Barnet,BP5511,75.00183,4.330757418943806,4.9433374,4.124992
Barnet,BP5557,63.3761,4.164742446216554,5.304062,4.986283
Barnet,BP5689,36.51924,3.624853868069332,4.802107,4.7431808
Barnet,BP5695,619.86216,6.431109092722428,4.601898,3.754052
Barnet,BP5760,64.74735,4.185819366063129,3.8966804,3.8823307
Barnet,BP5952,263.52351,5.5779301320364345,5.1091676,4.7282763
Barnet,BP5959,20.16423,3.052312492493702,4.075118,4.1522093
Barnet,BP5960,0.0,0.0,4.10075,4.186101
Barnet,BP5961,4.51646,1.7077363502175857,4.049461,3.8415895
Barnet,BP600,45.49992,3.839450592161723,4.209831,3.944491
Barnet,BP6058,67.47503,4.226469153265147,4.1393414,4.0753903
Barnet,BP6059,33.86744,3.55155344244906,4.1844473,4.2863812
Barnet,BP6060,206.15282,5.333456781754429,4.096121,3.9712534
Barnet,BP6062,168.85842,5.134965266530666,4.207319,4.282316
Barnet,BP615,609.85325,6.414856750291019,5.4877977,5.3277755
Barnet,BP6335,105.63362,4.669398846623856,4.3287315,4.89689
Barnet,BP6336,804.5511300000001,6.6915266767043065,6.061599,5.0039864
Barnet,BP6337,108.58689,4.696717750570936,4.425032,4.5409846
Barnet,BP6433,28.56338,3.3865364332509706,4.3708215,4.6541033
Barnet,BP6578,6.023089999999999,1.9492032921310807,5.13441,5.567448
Barnet,HC100,4.717769999999999,1.7435788692366243,3.9348788,4.3971725
Barnet,HC101,0.0,0.0,0.0872072,0.91052556
Barnet,HC102,0.0586799999999999,0.05702284909590827,0.8977471,1.6040707
Barnet,HC103,0.1163499999999999,0.1100644348623089,1.3648622,1.6703213
Barnet,HC104,2.5242599999999995,1.2596704851480245,1.4380887,1.7297664
Barnet,HC105,0.0,0.0,0.21489182,1.0233612
Barnet,HC203,19.82223,3.0360211660005834,4.0940123,4.1853395
Barnet,HC204,12.49436,2.6022718203731565,4.2653036,4.3655076
Barnet,HC229,0.4626499999999997,0.3802498589671004,4.142128,4.9852686
Barnet,HC231,0.92433,0.6545778552075584,3.9096198,3.5024025
Barnet,HC232,18.31665,2.960967418304509,3.9375024,4.294233
Barnet,HC233,4.97425,1.7874585669263494,4.1630983,2.2143798
Barnet,HC304,8.71101,2.2732602933717527,2.962313,3.0313635
Barnet,HC305,2.43932,1.2352737774265394,2.962154,3.0445828
Barnet,HC306,92.40936,4.536991554346459,2.9482663,3.1777298
Barnet,HC307,9.87418,2.386391171833001,2.969963,3.1552143
Barnet,HC308,32.47912,3.51092196092697,3.1760814,3.1482742
Barnet,HC309,54.92893,4.024081777593818,3.1762633,3.1271715
Barnet,HC310,0.3912499999999999,0.33020262360761743,3.9182417,4.301875
Barnet,HC311,27.92896,3.364843169499836,2.951551,3.290415
Barnet,HC312,1.95848,1.0846756229292365,2.9565935,3.0382419
Barnet,HC313,0.1566799999999999,0.14555383260173996,3.6948774,4.4814053
Barnet,HC314,1.8011,1.030012197175853,3.6896062,4.681648
Barnet,HC315,14.62799,2.7490635373154757,3.6892185,4.3276687
Barnet,HC316,16.31535,2.8515933913376457,3.6880734,3.5372255
Barnet,HC317,35.55583,3.598840680999755,3.006532,2.9043837
Barnet,HC318,1.17439,0.7767481654343362,3.3623028,3.069467
Barnet,HC319,3.37876,1.4767655792837315,2.933691,3.1017146
Barnet,HC326,1.0247099999999998,0.7054264804264456,3.452954,3.9557726
Barnet,HC328,4.24829,1.657902309261399,4.3965797,4.048564
Barnet,HC330,23.34203,3.1922044858893677,4.4802103,4.277722
Barnet,HC332,78.21043,4.372107982068952,4.34286,4.2279263
Barnet,HC333,15.37604,2.7958192909549306,3.6327744,4.43383
Barnet,HC335,42.4191,3.7708994364601036,4.758746,3.921309
Barnet,HC340,1.02328,0.7047199569125611,3.6026194,3.3731978
Barnet,HC342,0.5470799999999999,0.43636928324674773,3.6286902,3.6288216
Barnet,HC343,46.40149,3.8586536628061303,3.183786,3.3529704
Barnet,HC344,29.08497,3.404025711497146,3.4042497,3.0407574
Barnet,HC345,95.9958,4.574667678596883,4.3564825,4.2719674
Barnet,HC347,26.77536,3.3241492967378266,3.3432267,3.069467
Barnet,HC348,0.0,0.0,0.4203367,0.61316484
Barnet,HC349,0.0,0.0,0.06544733,0.3886794
Barnet,HC35,2.30301,1.194834173954781,3.9478035,2.6201077
Barnet,HC350,0.8561599999999998,0.6185098375449595,0.5342458,0.92159706
Barnet,HC351,0.4523399999999998,0.37317604877109634,0.32213935,0.18020749
Barnet,HC352,3.79344,1.56724831650654,0.5951991,1.2636728
Barnet,HC353,5.24019,1.8310106306357323,0.5482767,1.0899186
Barnet,HC354,0.3404899999999998,0.2930352187630303,1.7856038,0.7868551
Barnet,HC355,0.9265199999999996,0.6557152665510801,0.7386819,0.7868551
Barnet,HC356,1.5363399999999996,0.9307220969891113,0.6977816,0.78685516
Barnet,HC357,1.94611,1.0804856561077905,0.6287687,0.6849455
Barnet,HC359,0.0,0.0,-0.21399067,0.25538707
Barnet,HC360,0.0,0.0,-0.037863813,0.08425225
Barnet,HC361,0.0,0.0,0.0754741,0.25538707
Barnet,HC362,0.7085199999999999,0.5356274986796999,0.24058798,0.2553871
Barnet,HC363,0.0,0.0,0.047618873,0.26284283
Barnet,HC37,5.9049,1.932231304497154,3.8195398,4.2203913
Barnet,HC39,0.1089399999999999,0.10340460410930977,3.9357948,4.176926
Barnet,HC41,19.37293,3.014207058873771,4.0409493,4.763358
Barnet,HC437,0.8662699999999998,0.6239417864916698,2.5973744,1.6310382
Barnet,HC605,32.18929,3.5022272335175337,4.2262096,4.0711894
Barnet,HC606,39.4934,3.701138997869624,4.190796,4.003412
Barnet,HC639,9.41001,2.3427678432412096,4.2171917,4.137085
Barnet,HC640,2.83662,1.3445917706554782,4.154545,3.9241843
Barnet,HC641,0.8086399999999996,0.592575181633916,4.1545773,4.222486
Barnet,HC642,4.688979999999999,1.738530970205994,4.1180134,3.7884986
Barnet,HC643,2.02585,1.1071920437475582,4.093294,3.9637966
Barnet,HC644,2.71687,1.3128819162617409,-0.08095212,1.3272687
Barnet,HC645,3.636289999999999,1.5339144774468878,4.182332,2.7916636
Barnet,HC646,0.5813699999999999,0.45829155994230714,-0.061540864,0.61778647
Barnet,HC647,0.0,0.0,0.034955755,0.8298839
Barnet,HC648,0.1755299999999999,0.16171910972720074,-0.32810515,0.6737899
Barnet,HC649,0.2905499999999997,0.25506848409858335,0.030355245,0.48765224
Barnet,HC650,1.2227499999999998,0.7987451680191112,1.0528581,1.2178661
Barnet,HC651,1.63593,0.9692360609007104,0.6515203,0.80638266
Barnet,HC652,0.1168499999999999,0.11051222279742867,1.14184,1.0762434
Barnet,HC653,0.0,0.0,0.54577094,1.0762434
Barnet,HC654,0.0,0.0,0.9376846,0.9610451
Barnet,HC655,0.0,0.0,0.41746405,1.0194739
Barnet,HC656,0.0,0.0,0.9470497,1.1145545
Barnet,HC657,0.0,0.0,0.41988188,1.1145545
Barnet,HC658,0.0,0.0,0.720076,1.0457833
Barnet,HC659,0.69807,0.5294923120099834,0.3985018,1.045783
Barnet,HC660,0.05799,0.05637088159559793,0.78193027,0.78334165
Barnet,HC661,0.0,0.0,0.4707619,0.84355515
Barnet,HC662,0.23087,0.20772123642666962,0.8516684,0.94336003
Barnet,HC663,0.05846,0.05681502155423246,0.06780839,0.8772029
Barnet,HC664,0.17581,0.1619572717976147,0.29196343,0.66502094
Barnet,HC665,0.1744099999999999,0.16076589382823772,0.17717265,0.32168418
Barnet,HC666,0.1749099999999998,0.16119154891783738,0.22021875,0.7779211
Barnet,HC667,0.1163599999999999,0.11007339258633042,0.1389547,0.72908497
Barnet,HC668,0.1168599999999998,0.11052117651120529,0.20231786,0.7209878
Barnet,HC669,0.1736199999999998,0.1600929892828874,0.75978667,0.69153184
Barnet,HC670,0.05799,0.05637088159559793,0.6831063,0.6915318
Barnet,HC671,0.3491899999999996,0.2995044123783054,0.88495535,1.0269954
Barnet,HC672,0.17398,0.16039968548566647,0.7786545,0.9587183
Barnet,HC673,0.3486699999999998,0.2991189216512556,1.0832858,2.0815363
Barnet,HC674,0.05846,0.05681502155423246,0.780282,1.081643
Barnet,HC675,0.0,0.0,1.0831378,1.0530399
Barnet,HC676,0.23221,0.20880930513105717,0.6456414,2.0108123
Barnet,HC677,0.2325199999999999,0.20906085398357616,1.0813665,1.5408578
Barnet,HC678,0.0,0.0,1.1678286,1.0250254
Barnet,HC679,0.0,0.0,1.6554537,2.3165095
Barnet,HC680,0.28631,0.2517776543084948,1.2420723,2.3003948
Barnet,HC681,0.0,0.0,1.742682,1.910158
Barnet,HC682,0.6954999999999999,0.5279776825835562,3.8674996,2.8052986
Barnet,HC683,4.63001,1.728111218348956,3.8482754,2.8014562
Barnet,HC684,10.692809999999998,2.458974122988278,3.6450694,3.6835523
Barnet,HC685,14.45693,2.738057446467425,3.4574645,3.4778092
Barnet,HC686,30.884,3.462104316565677,3.5800486,3.3693693
Barnet,HC687,11.23199,2.504054651098631,3.5836759,3.4866717
Barnet,HC688,16.50755,2.8626322164623494,3.6188211,3.5440776
Barnet,HC689,29.56574,3.4198797738861257,3.4773173,3.5459974
Barnet,HC690,37.84152,3.659489777569835,3.7118874,2.173139
Barnet,HC691,16.68497,2.872715126303164,3.7062712,3.646359
Barnet,HC692,22.24999,3.1463047019257457,3.945404,3.6773577
Barnet,HC693,15.99668,2.8330180308661896,3.9294522,4.009041
Barnet,HC694,50.05416,3.9328870300271808,3.8408947,3.5038228
Barnet,HC695,63.39703,4.165067514034417,3.9914804,3.7205007
Barnet,HC696,7.255689999999999,2.1109026595846334,4.001864,3.7294078
Barnet,HC697,12.57927,2.6085443651628424,4.1091433,3.700829
Barnet,HC698,44.35624,3.8145477635675045,4.1421123,4.216919
Barnet,HC699,2.94974,1.3736497539618058,4.098074,4.3218913
Barnet,HC700,27.45313,3.348258172095543,4.1162806,3.907607
Barnet,HC701,27.42219,3.3471701781096788,4.0545835,3.8270104
Barnet,HC702,42.66953,3.776650604902342,3.9019122,2.9425728
Barnet,HC796,47.6579,3.88481417982731,4.9499273,3.032927
Barnet,HC797,46.58517,3.8625211580723016,4.8609095,3.888309
Barnet,HC798,19.28163,3.0097155502465567,4.977669,3.8985524
Barnet,HC799,30.90217,3.4626740325555683,4.0705996,4.0557404
Barnet,HC800,4.78996,1.7561253830981733,4.0525856,3.9991753
Barnet,HC801,60.73078,4.122782671997448,3.937812,3.8872287
Barnet,HC802,0.4404599999999999,0.3649625070208404,3.9398901,3.9618607
Barnet,HC803,26.46884,3.3130522713305948,3.8639157,3.8894386
Barnet,HC804,6.364059999999999,1.996611411083429,3.9920979,3.9653254
Barnet,HC805,11.63149,2.5361929024840917,4.0349464,4.009968
Barnet,HC806,1.81088,1.03349760157881,3.9527535,4.021764
Barnet,HC807,66.35876,4.210032961213563,3.907111,4.0090413
Barnet,HC829,6.034529999999998,1.9508308795214666,4.8454094,2.9938438
Barnet,HC833,3.24026,1.4446245881185429,4.1433578,4.0759172
Barnet,HC834,0.9887799999999995,0.6875213854083783,4.177515,4.089866
Barnet,HC835,50.84162,3.948193301555748,4.136402,4.3156724
Barnet,HC836,0.21911,0.19812108432785805,4.0667734,4.1418567
Barnet,HC837,70.9821,4.2764174769960785,4.0547643,3.887901
Barnet,HC838,3.509659999999999,1.506221762646159,4.0752025,4.0140605
Barnet,HC839,19.54545,3.022639505234953,3.9739103,3.9104505
Barnet,HC840,31.14468,3.4702469626522037,4.070839,4.2260356
Barnet,HC841,0.21786,0.19709522015257097,4.153802,4.1418567
Barnet,HC842,34.96356,3.582506203591006,4.141354,4.1492777
Barnet,HC843,0.1648699999999999,0.15260949280842903,4.162035,4.1186676
Barnet,HC844,9.10512,2.313042226094326,4.1819506,4.1766043
Barnet,HC845,4.007059999999999,1.6108489164994964,3.968432,4.048508
Barnet,HC846,15.61424,2.810260158960791,4.054496,4.009968
Barnet,HC847,1.4811899999999996,0.908738283800788,4.0225677,3.9397259
Barnet,HC848,29.5984,3.4209477200095924,3.8814797,3.8894386
Barnet,HC849,55.63372,4.036604567532084,3.9570694,3.961861
Barnet,HC850,3.133749999999999,1.4191849853138654,4.1467185,3.894497
Barnet,HC851,8.720349999999998,2.2742216260545196,4.014735,3.9991755
Barnet,HC852,5.159679999999999,1.8180248281441334,3.9517298,3.9610417
Barnet,HC853,17.71716,2.9294407501387014,4.074794,4.2398453
Barnet,HC88,0.0,0.0,3.2261958,3.2607396
Barnet,HC99,1.3315499999999998,0.8465332824576911,4.255118,4.379328
Barnet,M27,29.59551,3.4208532661659943,4.0767026,4.7636733
Barnet,M28,46.44159,3.859499270148057,4.0804043,3.7646885
Barnet,M29,106.99503,4.682085207546817,4.1826987,4.134536
Barnet,M31,31.809,3.4907028679958825,4.068264,4.710521
Barnet,M32,51.70625,3.9647340443408146,3.92804,3.9652758
Barnet,M33,35.08617,3.5859096894432527,3.9276788,4.198107
Barnet,M34,32.99667,3.5262625786431405,3.8833866,4.1752124
Barnet,M41,46.73754,3.8657180904669683,3.930421,4.4171906
Barnet,M42,70.02794,4.263073320758945,3.95781,4.0289636
Barnet,M43,67.6908,4.229615274685849,3.9698,3.7489371
Barnet,M44,35.93335,3.60911493690851,3.9570808,4.0211067
Barnet,M5,11.49231,2.525113254995088,4.071376,5.166289
Barnet,M7,216.02923,5.3800320449299965,5.358734,5.861105
Barnet,OC481,0.0,0.0,3.6982172,3.5021403
Barnet,OC568,3271.50024,8.093309571122479,6.3862243,5.9378047
Barnet,OC672,0.93226,0.6586903023052049,2.7821178,3.2712321
Barnet,R0310,170.78929,5.1462686676767895,4.721794,4.6870446
Barnet,R0485,539.23386,6.292002119882883,5.6387935,4.911796
Barnet,R0744,1805.5544,7.4991766636133965,6.670827,6.342875
Barnet,R0751,133.64274,4.902624900239949,4.4388003,4.7448826
Barnet,R0789,2279.59137,7.732190061124193,6.325021,6.440739
Barnet,R0790,1953.78093,7.578033409874709,6.918584,6.3568673
Barnet,R0791,1211.70101,7.100605390514712,6.3729844,6.7609386
Barnet,R0792,1993.54739,7.598172431404127,6.5504103,7.0151253
Barnet,R0796,342.81902,5.840115414280625,6.246284,5.600355
Barnet,R0797,232.08155,5.451388392329989,5.2065725,5.5257735
Barnet,R0798,488.3484,6.193074710223079,6.3561735,5.7299953
Barnet,R0800,214.35233,5.372275431037595,6.355384,5.8339124
Barnet,R0803,215.43961,5.377311570887862,4.048319,5.442007
Barnet,17036,982.12612,6.890737413036305,6.0118537,5.650791
Barnet,17037,1121.81952,7.023598229445265,5.966659,5.4968143
Barnet,17039,168.28928,5.1316089675832295,5.343281,5.163342
Barnet,26199,71.53855,4.284118144683372,4.014474,3.8787374
Barnet,BP5459,453.90964,6.120098805822075,5.1030025,5.109943
Barnet,BP5460,317.37746,5.763237660007108,5.08995,4.593658
Barnet,BP5951,495.82623,6.208240327132111,5.1785574,5.3960977
Barnet,BP5953,173.24829,5.1604812361061105,5.1126385,5.0720735
Barnet,BP5954,0.28612,0.2516299340592787,5.1975765,5.397363
Barnet,BP5958,0.3297299999999999,0.2849759141060498,3.9406433,4.1586065
Barnet,HC201,15.06579,2.776692166584406,4.031975,4.8822722
Barnet,HC202,5.19846,1.8243008741010875,4.10497,4.0979657
Barnet,HC205,0.05457,0.05313310090513871,4.0563765,4.567453
Barnet,HC603,25.52187,3.2779696756522627,4.0859327,4.341301
Barnet,HC604,57.93458,4.076428015157847,4.0312033,4.591862
Barnet,HC609,4.3336,1.674026432321713,4.1305046,3.8898299
Barnet,M36,19.5877,3.0246938100892375,3.948392,5.0313354
Bexley,10016,149.29482,5.012598831760493,4.953458,4.651467
Bexley,10017,84.64156,4.450170679342592,5.0837154,4.7319717
Bexley,10359,58.92215,4.09304621974015,3.5741994,3.2383876
Bexley,10360,83.59692,4.4378978593300555,3.5891254,3.2383873
Bexley,10715,52.47978,3.9793036385379215,3.0742815,2.856079
Bexley,10716,27.72249,3.3576804395862134,3.0659344,2.8514056
Bexley,10717,65.09166,4.191042566431265,2.9091694,2.6658525
Bexley,10719,44.68771,3.821829333942662,2.8564947,2.6824684
Bexley,10720,39.27843,3.6958160899308514,2.9854448,2.7260637
Bexley,10721,81.68968,4.415094805851149,2.9922836,2.7402487
Bexley,10722,54.89814,4.02353110590443,3.0117867,2.8072143
Bexley,10723,107.7168,4.6887463360028,2.9823697,2.5919247
Bexley,10724,36.98117,3.6370905105968583,2.9829862,2.5919247
Bexley,10725,24.81261,3.250863132213382,3.3225951,2.922694
Bexley,10726,13.59391,2.6806043184065014,2.9692476,2.665588
Bexley,10729,251.57749,5.531718092723086,4.4457273,4.0701675
Bexley,11121,4972.68445,8.51191618246354,6.398796,5.2018967
Bexley,12069,549.26917,6.310407558509395,5.7485757,4.725805
Bexley,12070,510.14806,6.236659293832425,5.7343655,4.882028
Bexley,12071,130.28965,4.8774059510882495,5.28485,4.5292377
Bexley,12072,46.81097,3.8672551110747437,5.3465853,4.511818
Bexley,12073,121.74849,4.810137465173305,4.6322374,3.9263077
Bexley,12074,87.00616,4.47740681202832,4.5929403,3.8253164
Bexley,12075,26.80288,3.325139612453082,3.3275533,4.8852954
Bexley,12076,9.34424,2.3364298430565458,3.1358976,3.8206043
Bexley,12077,2.21137,1.1666976373696911,3.1011522,3.8206043
Bexley,12078,38.79909,3.6838440477073915,3.9306676,3.3491087
Bexley,12079,6.63453,2.03268137816413,2.8575265,2.797073
Bexley,12080,161.58513,5.091201741517261,4.6172,3.842719
Bexley,13510,98.7903,4.60307098420496,5.6445065,4.9497313
Bexley,13904,187.41539,5.238649046704078,4.7661614,4.305638
Bexley,14376,12.74076,2.6203665982193747,2.323158,1.7670494
Bexley,14377,13.62684,2.6828581971700705,2.1225712,1.7670493
Bexley,14378,526.37856,6.267918620836509,5.5974007,4.9181933
Bexley,14379,327.82524,5.795526424226088,5.6019635,4.9195065
Bexley,14380,63.9905,4.174241105367969,5.2350454,4.946494
Bexley,14381,38.40225,3.673822921272353,5.648647,4.9464936
Bexley,14382,4.131949999999999,1.6354857039155934,3.0499113,3.2587922
Bexley,14383,22.31068,3.1489116246513427,3.1795795,3.5065064
Bexley,1444,223.21369,5.412599570326065,4.714678,4.323981
Bexley,14960,575.24921,6.356540223377164,5.107242,5.1373925
Bexley,15008,328.17461,5.796588339461573,5.6110516,5.193074
Bexley,15182,173.69191,5.163023908111268,6.380455,5.29798
Bexley,15183,319.99078,5.771412399976077,6.2203426,5.3524666
Bexley,16648,805.45209,6.692644490965017,5.477764,4.1808558
Bexley,16649,310.55705,5.74158246752573,4.6499834,4.093392
Bexley,16650,143.43681,4.972842110870441,5.9531956,5.156582
Bexley,16651,89.15379,4.501516989808333,6.0303674,4.8018227
Bexley,16652,1005.85739,6.9145892640203765,5.490717,5.041094
Bexley,16653,1297.87116,7.16925082776386,6.001601,5.083413
Bexley,16656,132.11352,4.891202298003476,4.7337866,4.204435
Bexley,16657,124.20223,4.829930270008973,4.799217,4.416686
Bexley,16658,143.3076,4.97194713244558,4.5451827,3.6630943
Bexley,16659,80.92966,4.4058610742610655,4.3651133,3.7552829
Bexley,16660,52.6713,3.9828784079933937,3.0597675,3.2890074
Bexley,16661,57.68362,4.07216064189688,3.1288517,3.3594658
Bexley,16662,161.64128,5.091547039431768,4.2026057,3.3801017
Bexley,16663,109.92185,4.708825899295832,3.106611,3.3573484
Bexley,16664,85.41826,4.459198996072903,4.6905613,4.2636437
Bexley,16675,64.47232,4.18162745790275,3.9310749,3.680751
Bexley,16676,160.51339,5.0845880494425675,3.9778328,3.6807513
Bexley,16677,55.98723,4.042827207647222,3.7992551,3.5409384
Bexley,16678,160.15663,5.082376749208507,3.808813,3.5134563
Bexley,16679,64.40145,4.180544429471197,3.9656508,3.5348206
Bexley,16681,64.27738,4.178645575046507,3.966563,3.7152233
Bexley,16682,98.71517,4.602317821862579,4.1426487,3.6744065
Bexley,16683,177.13178,5.182523613456426,4.7346134,3.9325204
Bexley,16684,153.86775,5.0425715269084765,4.710375,3.8648334
Bexley,16685,75.46017,4.336769951650571,3.3578033,3.106713
Bexley,16686,82.87219,4.429294092495164,3.4774852,3.4379172
Bexley,16687,13.7657,2.6923069234862504,3.3235834,3.2744136
Bexley,16688,19.83397,3.036584827607299,3.330051,3.0439398
Bexley,16689,94.0272,4.554163166409471,3.9957795,3.463721
Bexley,16690,77.12066,4.358254554513496,3.9998708,3.4025693
Bexley,16691,13.40301,2.6674372125164707,4.5136766,3.8734107
Bexley,16692,44.23971,3.8119752409709635,4.3531322,3.8636756
Bexley,16693,130.4729,4.878800746729476,4.8271694,4.724192
Bexley,16694,212.69328,5.364541715878398,4.816834,4.7670836
Bexley,16695,556.73395,6.323882056565113,5.531336,4.665937
Bexley,16696,430.78806,6.0679348660077945,5.493346,4.5778065
Bexley,16697,156.17093,5.057333939230495,5.742238,4.89154
Bexley,17585,109.71613,4.706969538223806,4.8892555,4.512035
Bexley,17586,97.86082,4.5937130024023745,5.0387845,4.7412167
Bexley,17587,117.61726,4.77590200717229,5.3177967,4.618556
Bexley,17588,36.05104,3.6122964215235744,4.808687,4.3902807
Bexley,17589,81.64305,4.41453073119713,4.833952,4.3244534
Bexley,17591,427.97073,6.061388688162123,4.8906794,4.25904
Bexley,17592,148.03322,5.004169234115262,3.7506657,4.090288
Bexley,17593,158.12469000000002,5.069688108721706,3.545829,3.736178
Bexley,17594,311.24689,5.743794188988112,3.6072433,3.8204648
Bexley,17596,71.23421,4.279913756394926,4.7302146,4.221818
Bexley,17597,22.54897,3.159082082775587,4.639496,4.252971
Bexley,17721,25.10805,3.262243695892939,4.6207514,4.174614
Bexley,17722,156.34306,5.058428517040441,4.65862,4.295302
Bexley,18084,38.74121,3.682388684571567,4.541503,3.928609
Bexley,18085,18.75654,2.9834845757731396,4.7062774,3.9308486
Bexley,18918,43.34478,3.791995001715647,3.9673269,3.6461494
Bexley,18919,62.20949,4.146454448108042,3.9976106,3.5800562
Bexley,18922,752.07408,6.624163602774994,5.881276,5.0882034
Bexley,18923,232.56867,5.453476123808744,3.903754,4.8369975
Bexley,18926,46.50429,3.860820022751844,3.3119905,3.5285804
Bexley,18927,43.77957,3.801752008623388,3.4798243,3.5285804
Bexley,18928,42.47149,3.772105320925812,3.7469695,3.4297311
Bexley,18929,122.56756,4.81678805102813,3.6106718,3.3421643
Bexley,18930,101.37676,4.62865973372265,3.6606362,3.3507361
Bexley,18931,335.70473,5.819206374182403,3.4749806,3.5317445
Bexley,18932,163.85717,5.105079462657432,3.5106397,3.5670068
Bexley,18933,102.31335,4.637766603012612,4.021393,3.4999719
Bexley,18934,173.78467,5.163554759146712,3.7871115,3.4980812
Bexley,18938,894.63788,6.797536179497872,6.225409,5.108438
Bexley,18939,322.06077,5.777840447940953,3.8979168,4.5976105
Bexley,18940,191.67222,5.2609904031182895,4.0075645,4.7108502
Bexley,18986,121.03256,4.804287894371626,5.13575,4.6940203
Bexley,18987,152.32642,5.0325691128420615,5.0934343,4.6933804
Bexley,19623,159.67738,5.07939850365737,5.1173778,4.0393243
Bexley,19624,118.8714,4.786419501470069,3.7702613,4.0393243
Bexley,19625,217.27535,5.385757339177432,5.144805,4.145356
Bexley,19626,122.6557,4.817501090761805,3.7043974,4.0627236
Bexley,19627,155.22696,5.051309821743806,5.1648808,4.040807
Bexley,19628,39.86437,3.71025853423357,3.7228572,4.0390987
Bexley,19629,58.08869,4.079039535539995,4.3750634,3.9568903
Bexley,19630,72.80497,4.301426073512351,4.3450356,4.0432305
Bexley,19631,13.895139999999998,2.701034985248298,4.553997,4.078815
Bexley,19632,122.59878,4.817040674424715,4.51237,4.1133175
Bexley,19633,10.655639999999998,2.455790183035021,5.7161837,6.0376005
Bexley,19663,61.76856,4.139454311170962,4.538563,3.8251104
Bexley,19664,78.35057,4.373875630311457,4.6157384,3.8287807
Bexley,19665,92.42595,4.537169143904274,4.5420246,3.4193463
Bexley,19666,174.56356,5.168001142582084,4.340027,3.455742
Bexley,19667,48.36638,3.899269625701545,3.4301288,3.3186255
Bexley,19668,85.86754,4.4643844296942765,3.4160032,3.305086
Bexley,19669,15.064329999999998,2.776601286127003,3.7111478,4.3172846
Bexley,19670,81.52587,4.413111819943609,3.552261,4.3913465
Bexley,20169,11.40804,2.5183446495956696,2.2622156,2.4326596
Bexley,20171,4.945639999999999,1.782658177838852,2.1247761,2.3725855
Bexley,20320,50.06801,3.933158273775427,5.912583,5.3542976
Bexley,20404,87.23334,4.479984896122177,5.771887,5.8629947
Bexley,20437,739.11171,6.606801134264442,6.0309515,5.1024256
Bexley,20515,63.27749,4.163209492191552,4.5938106,4.0917826
Bexley,20516,86.9232,4.476463706157316,4.9562964,4.122602
Bexley,20598,47.24718,3.8763373804811296,3.6222594,3.3989296
Bexley,20796,214.70941,5.373932177849206,5.8474193,5.074098
Bexley,21597,99.65454,4.611694257874282,4.4772224,4.0758767
Bexley,21598,75.01685,4.330955026238501,4.004161,3.853552
Bexley,21599,239.65532,5.483365702298866,3.9942772,3.8807464
Bexley,21600,26.65477,3.319798226651977,2.759496,2.904102
Bexley,21601,57.48507,4.068771507990045,2.5997717,2.8296988
Bexley,21603,9.36829,2.3387521098977593,2.8856614,3.355439
Bexley,21625,66.22911,4.208106338255584,3.3394587,3.1988184
Bexley,21626,21.50522,3.113747282302536,3.3090594,3.4929693
Bexley,21697,2.69885,1.308021960527677,2.90591,2.6110475
Bexley,21790,10.867639999999998,2.473815368298126,2.8760488,1.9885864
Bexley,21819,12.05607,2.569253159726986,2.2200096,2.4585676
Bexley,21820,80.27798,4.397875131159142,2.0073278,2.1295571
Bexley,21822,2.08169,1.1254781478026705,2.1636956,2.4393952
Bexley,21823,3.02286,1.3919930924615487,2.3135326,2.5889387
Bexley,21826,2.968009999999999,1.3782647095807408,2.7754135,3.6683478
Bexley,21881,75.57873,4.338319361947152,2.9661682,2.471046
Bexley,21882,27.67133,3.355897668773954,2.964752,2.4759116
Bexley,22342,61.86001,4.140910190453087,3.25552,3.4784203
Bexley,22343,95.82197,4.572873931340286,3.1345973,3.6715379
Bexley,22450,108.94972,4.700023170385431,4.5387325,3.6685784
Bexley,23114,4.60302,1.7233057380931074,2.5313582,2.7683132
Bexley,23116,18.7628,2.983801382686026,2.7862666,3.182631
Bexley,23117,9.08396,2.310946042637917,2.8411543,3.182631
Bexley,23251,1317.09601,7.183943557629399,3.6452794,5.244028
Bexley,23253,0.7916199999999999,0.5831202384947725,4.7727966,4.7868385
Bexley,23254,3.945349999999999,1.5984477411341973,4.736229,4.2374253
Bexley,23255,110.51717,4.714178570076162,4.736882,4.6117487
Bexley,23256,50.25432,3.9367999071490156,4.464356,4.191469
Bexley,23257,15.582879999999998,2.808370837879421,4.516761,4.082275
Bexley,23258,138.75921,4.939921013262602,4.5182734,4.1178656
Bexley,23259,140.29215,4.950829732591659,4.5766697,4.1407876
Bexley,23260,54.45205,4.015518683356456,4.5133724,4.2235346
Bexley,23261,31.44252,3.479469908104361,4.587201,4.260798
Bexley,23262,5.532279999999999,1.8767560400805006,4.5668607,4.251536
Bexley,23263,17.68698,2.927827024676796,4.6944284,4.283505
Bexley,23264,44.28996,3.8130853743705586,4.8071537,3.9549122
Bexley,23265,110.14831,4.710865435616251,4.7047663,4.0560436
Bexley,23266,195.57259,5.281031777850753,4.8297815,3.8534853
Bexley,23267,120.96264,4.80371476832723,4.729661,3.865044
Bexley,23268,200.49749,5.305776924733472,4.8389435,3.8977752
Bexley,23269,66.00251,4.204730081375824,3.5576246,3.9606798
Bexley,23271,145.82127,4.989215996692901,3.6520352,4.013816
Bexley,23273,86.26096,4.468903169239347,3.6323369,4.125753
Bexley,23354,3.79778,1.5681533109277315,2.7397153,2.8427067
Bexley,23355,6.43043,2.0055837305409305,2.6414652,2.8453834
Bexley,23602,26.1216,3.300330458382085,2.8358123,2.8526084
Bexley,23603,10.66262,2.4563888555095943,3.174546,2.7845287
Bexley,23604,16.23755,2.84709014376786,3.3216498,2.7845287
Bexley,23605,9.87222,2.3862109121113635,3.3369586,3.0700302
Bexley,23606,10.19719,2.415662853965028,3.478632,3.2514555
Bexley,23607,47.599,3.8836029545630693,4.3931265,3.8039005
Bexley,23608,85.57731,4.461037772000097,4.2703514,3.6386352
Bexley,23609,17.16387,2.8994344561962193,4.5146723,4.604896
Bexley,23610,21.05011,3.093317590542543,4.629815,4.3505073
Bexley,23611,5.659549999999999,1.8960519147019392,4.6052074,4.8243756
Bexley,23663,55.62072,4.036374995957546,4.0011635,3.3128238
Bexley,23698,4.176449999999999,1.6441194931413536,2.9590776,2.6110477
Bexley,23874,2.85141,1.3484393150187104,2.8673155,2.7572246
Bexley,24008,52.13613,3.9728571111836413,4.0002747,3.6483319
Bexley,24132,25.04245,3.259727898936062,2.5461593,2.4927726
Bexley,24133,4.330849999999999,1.6735107001346892,2.3187134,2.3722775
Bexley,24134,54.82732,4.0222633553042515,3.6903465,3.2626204
Bexley,24637,54.8027,4.021822255313421,3.7377236,3.8633099
Bexley,25290,0.0,0.0,4.478387,4.6440783
Bexley,25480,322.54325,5.779332798976892,5.654641,5.2000513
Bexley,25605,215.15818,5.376010454487323,5.529062,4.7773004
Bexley,25696,436.1786,6.080341807254444,5.300414,4.987696
Bexley,25697,19.36076,3.0136095190799486,3.3462007,4.251373
Bexley,25698,16.33944,2.852983675559843,3.278999,4.1992793
Bexley,25699,20.53715,3.0697793509965248,3.4992554,2.9819698
Bexley,25700,27.20547,3.339515930765209,3.426503,3.1498988
Bexley,25701,19.46168,3.0185538685894713,2.5213258,2.7052393
Bexley,25702,12.1406,2.575706674114439,2.9176834,2.7233338
Bexley,25710,141.48398,4.959229572336353,3.6982057,3.959332
Bexley,25711,51.15863,3.954289651936034,3.7237465,3.9758673
Bexley,25712,23.99382,3.2186285943092443,3.7350938,3.8730571
Bexley,25713,30.26056,3.4423572391003066,3.925187,3.8754482
Bexley,25714,37.84004,3.6594516732887112,3.9901135,3.630948
Bexley,25715,64.56483,4.1830394241332325,3.9523146,3.630948
Bexley,25716,67.95071,4.2333919015031904,4.0427127,3.7520025
Bexley,25717,83.59501,4.437875281421049,3.941007,3.667054
Bexley,25718,146.50297,4.993848311170376,3.7428706,3.7991772
Bexley,25719,38.83146,3.684657052308841,3.5212748,3.8813002
Bexley,25773,70.02049,4.26296842695608,2.9249337,2.8736162
Bexley,25775,90.43728,4.515653272762411,3.5749145,3.3748975
Bexley,25776,43.74702,3.801024850324736,2.9443686,3.0128455
Bexley,25777,101.64016,4.6312292791526195,3.453403,3.273434
Bexley,25778,32.90858,3.5236680797078077,3.9502285,4.830033
Bexley,25779,27.63367,3.3545832981109514,4.0202627,4.566651
Bexley,25780,86.66468,4.473519081655919,3.9086516,3.7143154
Bexley,25781,76.8728,4.355076726307283,4.010695,3.7143154
Bexley,25782,50.85828,3.94851461334377,3.7891395,3.4168782
Bexley,25783,83.02139,4.431071409284467,3.7095163,3.4168782
Bexley,25784,72.15886,4.292633241115858,3.7992797,3.5224595
Bexley,25785,74.41575,4.323016139141925,3.9077623,3.5224593
Bexley,25786,76.997,4.356670364411467,3.700197,3.386163
Bexley,25819,297.48837,5.698730970599602,5.7718062,5.410984
Bexley,25848,1277.23479,7.15323533480854,6.374388,4.963956
Bexley,25998,1439.35223,7.272642966825991,5.7420616,4.997341
Bexley,26152,38.79849,3.683828971872171,3.547767,3.069121
Bexley,26153,8.59663,2.2614119951775744,3.0638156,3.0329645
Bexley,26218,509.33347,6.2350643747883625,3.9916427,5.005953
Bexley,26383,23.31779,3.191208181258356,5.29376,5.1364064
Bexley,26561,87.61935,4.484350231057015,2.965377,3.0778475
Bexley,26562,105.96941,4.672542905737717,2.9720714,2.929517
Bexley,26563,41.46736,3.748735780867289,4.183807,3.261165
Bexley,26564,36.59795,3.626949527632914,4.15042,3.1791852
Bexley,26566,63.68982,4.169603847550864,3.9797056,3.4277973
Bexley,26567,113.2695,4.738559693547404,4.2627068,3.3348699
Bexley,26579,31.3879,3.4777848962558062,3.3255703,3.5238652
Bexley,26580,31.61029,3.4846278827392996,3.171817,3.4302475
Bexley,26581,152.65549,5.034713018494632,4.5807967,3.9303794
Bexley,26582,163.74645,5.104407625350763,4.615861,3.5136573
Bexley,26583,3.60338,1.5267908162831687,3.585968,4.313595
Bexley,26584,87.23628,4.480018216304997,4.719933,4.5826135
Bexley,27306,4370.80012,8.38293013004455,6.791037,5.4612875
Bexley,27308,76.7463,4.353450961502541,3.8233745,4.109733
Bexley,27589,163.71764000000002,5.104232735273526,3.5939758,3.510117
Bexley,27833,56.35435,4.049248690742503,3.490955,3.491288
Bexley,27834,106.29828,4.675612619685247,3.4773796,3.3560371
Bexley,28017,70.18558,4.265290269816459,3.3691866,3.2619693
Bexley,28018,22.66643,3.1640575883232054,3.4714792,2.997446
Bexley,28177,79.21995,4.384772237055749,4.1258698,3.747075
Bexley,2867,382.6372,5.949697314324097,3.806825,3.7650936
Bexley,29286,70.54444,4.270318795086469,3.6286175,3.167147
Bexley,29307,959.27889,6.867223752688568,6.2641735,4.9714794
Bexley,29308,678.48413,6.5213338779100685,6.2325697,4.968782
Bexley,29461,2874.97363,7.964146549814201,6.207755,5.3473487
Bexley,29462,117.87485,4.778071259035105,3.8357673,3.496179
Bexley,29468,1.21839,0.7967817075559356,2.7497113,2.9098675
Bexley,29469,21.14199,3.0974758058067873,2.707505,2.972043
Bexley,29545,44.40364999999999,3.8155924982914495,6.251168,5.1781454
Bexley,30598,6.14319,1.9661594552870865,1.8002788,1.7475574
Bexley,31051,3.42584,1.4874600909528364,3.2150514,1.9705573
Bexley,31473,185.71788,5.229598814574904,5.002675,4.239179
Bexley,31531,383.80295,5.952731385082331,4.3570232,4.6305194
Bexley,33040,629.88127,6.447117683188412,6.3231373,5.444134
Bexley,33041,486.45611,6.189200255615658,6.3963532,5.5545387
Bexley,33234,106.97822,4.681929540120096,4.089273,4.1477284
Bexley,33235,20.08223,3.0484305055543417,4.0000434,3.8342516
Bexley,33236,46.46617,3.860017246771877,3.9688842,3.9360955
Bexley,33237,43.04885,3.7852992453444676,4.089842,3.4675972
Bexley,33238,175.0019,5.170494790434427,3.9470346,3.4675975
Bexley,33239,46.18983,3.8541784032736595,3.443175,3.2984104
Bexley,33240,192.16096,5.26352383096607,3.2771425,3.298411
Bexley,33241,104.17891,4.655662804920582,3.5911493,3.3847456
Bexley,33242,27.31374,3.3433471991936883,3.5565717,3.3387744
Bexley,33244,84.54373,4.449027707178917,4.4918747,4.2308946
Bexley,33247,83.88517,4.44129940197014,4.998663,4.3875704
Bexley,33248,361.31342,5.892509638341164,4.955826,4.428044
Bexley,33556,136.91688,4.926651184849761,5.9146547,5.4759974
Bexley,33748,42.15993,3.764912518516515,3.2258894,2.8335123
Bexley,33749,31.72976,3.4882847557639316,3.0378966,2.833512
Bexley,3375,14.91736,2.7674103375193355,3.9145195,4.7078695
Bexley,33750,49.70368,3.925998491789489,2.7245953,2.843567
Bexley,33751,76.5844,4.351366376051913,3.3641214,2.8494577
Bexley,33752,32.83794,3.521582658180591,3.0632565,2.8580215
Bexley,33753,65.06361,4.190618065759877,3.3713553,3.005938
Bexley,33754,34.52465,3.570226821717882,3.2742872,3.0326576
Bexley,33755,52.01274,3.970532262024604,3.3625128,3.1164863
Bexley,33756,17.00654,2.890735025239926,3.31298,3.0892892
Bexley,33757,91.33926,4.525469403184917,2.938505,3.028945
Bexley,33758,47.56037,3.8828077661620832,2.9146616,3.0276573
Bexley,3377,8.669929999999999,2.2690210705558584,3.7020395,4.797999
Bexley,33974,169.24111,5.13721572633879,3.5307653,4.090968
Bexley,34277,85.19624,4.456626557228731,5.6711,5.0427036
Bexley,34278,74.55046,4.324800777383204,5.6756554,5.05491
Bexley,34318,15.852719999999998,2.824512068103209,5.6671944,4.951898
Bexley,34392,19.00272,2.9958682643068295,4.0172176,3.1901891
Bexley,34611,234.82698,5.463098400557068,4.6290817,5.4477553
Bexley,34612,210.58292,5.35461697838976,5.290643,5.170693
Bexley,34613,225.85179,5.4242968967555,5.49861,5.4477553
Bexley,34812,450.93433,6.113536881666344,5.722934,5.4570317
Bexley,34815,269.00385,5.598436218155972,5.3111563,5.151945
Bexley,34816,291.16496,5.677318574261401,5.291106,4.925378
Bexley,34817,320.61113,5.773343144914916,5.380963,4.686331
Bexley,34818,410.47642,6.01975171592363,5.2391553,4.7801414
Bexley,34819,20.62697,3.073941146934644,4.532049,4.132199
Bexley,34825,249.94385,5.525229208926765,4.5212407,4.17016
Bexley,34926,899.3351,6.802767027358789,4.9251394,4.698411
Bexley,34955,81.15582,4.408617687987207,3.641019,3.415947
Bexley,35147,369.29655,5.91430417110598,5.410198,5.0882034
Bexley,35309,3156.04793,8.057392670577682,6.4383006,5.3271847
Bexley,35387,196.47683,5.285621261003366,4.4654603,4.351382
Bexley,35388,41.30549,3.7449168648646403,4.433751,4.1235194
Bexley,35389,35.63214,3.6009259971426433,4.323764,3.8332088
Bexley,35390,20.20594,3.0542813311116945,4.2510195,3.6779947
Bexley,35391,51.54983,3.9617618623034554,4.209996,3.8047614
Bexley,35392,112.79673,4.734413786657239,4.327347,3.7986743
Bexley,35393,113.33189,4.739105534511443,4.316786,3.532328
Bexley,35395,36.88428,3.634536250319542,4.3083496,3.8051898
Bexley,35396,60.83976,4.124546523288453,4.3265004,3.8327363
Bexley,35424,99.70966,4.612241723624169,5.036867,4.6750326
Bexley,35518,152.05548,5.0308004700428155,3.1750023,4.0196943
Bexley,35529,105.36614,4.666887293177944,4.6260834,3.7231092
Bexley,35541,108.3571,4.69461867414163,4.6816044,4.292521
Bexley,35579,11.0113,2.4858478733647518,3.5404825,3.4539747
Bexley,35580,67.11173,4.221149445018743,3.7617354,3.5812747
Bexley,35581,106.00748,4.6728987385606136,3.8381655,4.0039043
Bexley,35582,148.20495,5.005320864163018,3.8521228,3.8275843
Bexley,35584,176.51422,5.179050718382678,3.1760669,3.6675959
Bexley,35585,55.07218,4.026639789351239,3.567709,3.9561136
Bexley,35586,19.90593,3.0400328507838537,3.6278837,3.4468799
Bexley,35713,109.77839,4.7075317191900865,4.7288666,4.1203732
Bexley,35773,1280.44922,7.1557469195800785,5.845977,5.1675744
Bexley,35928,204.68377,5.326339892233448,4.8181,4.393719
Bexley,35929,108.97264,4.700231607581931,4.985257,4.4288807
Bexley,36002,0.0,0.0,4.791136,4.6274357
Bexley,36530,106.46266,4.677143438390928,5.5367785,5.3768454
Bexley,36531,155.90093,5.055614587063676,5.5500607,5.5386558
Bexley,36642,41.98017,3.760738846534602,4.840373,4.281428
Bexley,36675,751.88908,6.62391791283271,5.49422,5.281539
Bexley,36676,579.335,6.3636055230086495,5.5781975,5.297538
Bexley,36677,363.91935,5.899676370263367,5.370801,5.3455396
Bexley,36678,333.22646,5.811818787174403,5.494597,5.503244
Bexley,36780,40.71826,3.7309389226472947,4.569913,4.21234
Bexley,37070,12.05373,2.569073916683664,3.596023,4.340753
Bexley,37071,27.20542,3.339514158057847,3.6500454,4.3274026
Bexley,37076,358.96239,5.885999553770331,4.7384033,3.7481167
Bexley,37078,92.13582,4.534058857869893,4.4348984,4.040453
Bexley,37123,110.51394,4.714149605507046,4.4970055,4.1344266
Bexley,37181,248.27932,5.518574034822437,5.393346,5.3455396
Bexley,3725,229.89331,5.44195574235907,6.7798595,6.354558
Bexley,37322,277.86475,5.6307268972587545,5.7520595,5.003765
Bexley,37379,204.19544,5.323962890827475,4.3868494,4.040453
Bexley,3901,3.3632,1.473205733109187,2.349777,1.7475576
Bexley,3902,11.78887,2.5485752614139847,1.6807185,1.7475576
Bexley,3905,366.81595,5.907582677189706,5.9963655,4.6670675
Bexley,3906,333.20746,5.811761937875058,5.974107,4.6035285
Bexley,3929,229.84834,5.441760958110597,5.9059806,5.4093223
Bexley,3930,108.53171,4.696214096374838,5.867066,5.4093227
Bexley,3936,148.69227,5.0085816534858205,3.5425794,3.2869391
Bexley,3937,98.60245,4.601186762681591,3.616917,3.2869816
Bexley,3952,184.35547,5.222275440895835,3.7504325,4.017528
Bexley,3953,307.95377,5.733191654054321,4.854024,4.1295695
Bexley,3954,31.14327,3.470203097511062,4.744134,4.3247013
Bexley,3955,142.39282,4.965587857176982,4.764019,4.3009057
Bexley,3961,42.49086,3.7725508010748725,3.8574471,3.7031622
Bexley,3962,88.30664,4.492075841221199,3.2604656,3.3687642
Bexley,3963,252.9078,5.536971208994963,6.00241,5.1694922
Bexley,3964,87.13489,4.478868481785814,3.4095514,3.888484
Bexley,3965,27.67468,3.3560145034065227,3.4807117,3.2737968
Bexley,40020,0.0,0.0,4.0378513,5.046227
Bexley,40022,31.89188,3.493225818798455,3.4238722,3.7813184
Bexley,40023,10.16143,2.4124640849451398,3.4585006,3.3795009
Bexley,40024,5.422049999999999,1.859737381373544,3.4393604,3.3728588
Bexley,40027,34.78687,3.577581066357302,5.1669645,4.3798375
Bexley,40028,143.07397,4.9703268482428635,5.1796026,4.2923865
Bexley,40029,27.9808,3.366633541756515,3.4214933,3.9496748
Bexley,40030,39.81762,3.7091138509293384,3.4468222,4.0090656
Bexley,40031,41.57563,3.7512820238555955,3.8747299,3.7789636
Bexley,40032,64.24661,4.178174090830157,3.8544745,3.9257116
Bexley,40047,22.76527,3.1682252712469636,0.88526344,1.7475575
Bexley,40050,11.35029,2.51367954457967,2.7597096,2.9623313
Bexley,40062,25.99073,3.295493473718613,3.4166796,4.190523
Bexley,40064,20.20382,3.054181354125182,2.9678876,2.8930109
Bexley,40065,96.08812,4.575619019717393,2.9478166,2.8373373
Bexley,41001,135.56284,4.916784874989327,2.8018599,2.6501353
Bexley,44002,10.39113,2.4328349823713076,3.468657,4.245449
Bexley,44003,10.40566,2.4341097234175306,3.5398006,3.5826528
Bexley,44004,2.563659999999999,1.2707881066291113,3.0581567,3.0984876
Bexley,44005,48.44163,3.900792781861625,3.1517808,3.0148745
Bexley,44016,52.34287,3.9767403230806675,3.7673624,3.3455944
Bexley,44017,24.70654,3.2467454342361486,3.6681113,3.316182
Bexley,4928,79.12455,4.383582299000414,4.5984826,4.2526617
Bexley,5176,106.11961,4.67394606059959,4.82837,4.398312
Bexley,5885,48.53925,3.9027652846652248,3.9148037,3.921821
Bexley,5886,97.13997,4.586394724975956,4.068703,4.1309123
Bexley,6001,11.12103,2.4949419605286254,4.291217,4.0351386
Bexley,6002,18.08604,2.9489571777698753,1.8906945,1.872947
Bexley,6229,24.93373,3.2555444380290792,3.8284009,3.6206257
Bexley,6230,48.0755,3.893359928597632,3.6662257,3.3658524
Bexley,6231,74.06554,4.318361598603796,3.8164077,3.5907125
Bexley,6232,92.86887,4.541898808351655,3.8407187,3.5907128
Bexley,6233,75.09458,4.331977040255012,3.82739,3.7948103
Bexley,6234,142.72253,4.9678845657641855,3.854653,3.9693873
Bexley,6235,129.61176,4.872229258730245,3.681,4.0344634
Bexley,6236,104.78831,4.661440021826181,3.6294425,4.1066685
Bexley,6238,663.78038,6.499456730470353,5.399802,4.2781124
Bexley,6239,59.85471,4.108489219889153,4.6728406,4.327903
Bexley,6240,46.31093,3.856741347027528,4.6897054,4.367916
Bexley,6241,86.28286,4.469154109090611,4.672464,4.312029
Bexley,6242,105.5309,4.668435083911835,4.655595,4.3366427
Bexley,6243,148.73697,5.008880221523679,4.574523,4.1592216
Bexley,6244,277.6239,5.629862843739514,4.6372433,4.317888
Bexley,6247,84.30468,4.446229318174306,4.583127,4.0770707
Bexley,6248,206.02376,5.332833569287045,4.863594,4.449997
Bexley,6249,227.34687,5.430865832508382,4.842491,4.449997
Bexley,6251,168.56636,5.133244354627423,4.932337,4.65037
Bexley,6252,294.67258,5.689252693441472,4.9896965,4.5446024
Bexley,6254,69.58894,4.256873475003376,5.35176,4.711556
Bexley,6255,248.24841,5.518450029684189,5.3838344,4.4824862
Bexley,6257,19.22856,3.007095467232395,3.4584243,4.2383437
Bexley,6260,72.83845,4.301879598641665,3.6954362,3.774727
Bexley,6261,21.30316,3.104728372462879,3.676857,3.8098397
Bexley,6264,163.4751,5.102759190967013,3.8284676,3.5525784
Bexley,6265,210.12157,5.352434128696406,3.816226,3.5657585
Bexley,6266,303.61125,5.719036373462549,3.7754767,3.9855468
Bexley,6268,500.42043,6.217444930805549,5.0169497,4.2701435
Bexley,6271,37.57365,3.6525694008772644,4.786061,4.3983116
Bexley,6272,173.43115,5.161530107910908,4.7411227,4.1900673
Bexley,6273,265.15395,5.584074900763568,4.6732073,4.276486
Bexley,6274,35.50528,3.5974569076608,4.720347,4.2558365
Bexley,6275,19.12825,3.00212430094964,4.770272,4.31352
Bexley,6276,21.80803,3.1271126669374607,4.7198205,4.4678183
Bexley,6277,101.44122,4.629289170670795,4.7626295,4.6440787
Bexley,6279,136.32404,4.922343388488793,6.107904,4.9716997
Bexley,6286,858.86686,6.756777563309148,6.840422,5.784057
Bexley,6287,1377.88558,7.229030901181875,6.719365,6.1458
Bexley,6290,489.15965,6.1947311543645895,6.7192965,6.2866464
Bexley,6294,810.8762399999999,6.699347914752412,6.712706,6.120992
Bexley,6295,365.25489,5.903329511777982,6.7363334,6.249551
Bexley,6301,212.25613,5.362493931562393,5.79906,5.213943
Bexley,6302,185.35996,5.227680072310239,5.842853,5.18949
Bexley,6303,274.72546,5.61940566051977,5.6702266,5.2401295
Bexley,6307,126.97794,4.851857905316726,4.7571535,5.0955067
Bexley,6308,711.66014,6.569004644783271,4.7468734,5.032264
Bexley,6309,54.35184,4.0137099016012066,4.8060293,4.4756985
Bexley,6310,167.20367,5.125175566563593,4.897801,4.475698
Bexley,6313,60.15108,4.113347523465363,4.6919026,3.9124742
Bexley,6314,115.03049,4.753853001396301,4.8101854,3.9048257
Bexley,6315,417.63076,6.036989290350854,5.3845415,4.332284
Bexley,6316,185.00202,5.225757533869284,3.6964357,3.5233054
Bexley,6317,122.4598,4.815915597006557,3.6577637,3.8990116
Bexley,6318,210.17711,5.352697165276678,3.6197464,3.7706153
Bexley,6319,161.44453,5.090336589649152,4.3861713,4.1813912
Bexley,6320,164.24919,5.107454577055638,4.594189,4.0420747
Bexley,6323,348.14257,5.855480348813575,5.9884567,5.027219
Bexley,6324,637.0902,6.458479652662022,6.1151505,5.034547
Bexley,6326,131.38079,4.885682542341803,3.888255,4.7400703
Bexley,6327,83.50842,4.436851174369312,3.8813894,4.8088903
Bexley,6328,50.42944,3.9402107711411154,3.8401911,3.6961703
Bexley,6329,79.48849,4.388114192835248,3.7940404,4.0373406
Bexley,6330,132.32337,4.8927775306478205,3.6570272,3.1445093
Bexley,6348,56.33195,4.048858059947284,4.2594075,3.72983
Bexley,6349,79.10501,4.383338398934822,4.418199,3.5735993
Bexley,6600,23.13247,3.183558236603012,3.5473487,3.2640336
Bexley,6603,9.82233,2.3816115921949184,3.2893891,4.204604
Bexley,7540,85.51669,4.460337343302645,3.5661204,3.0847478
Bexley,9182,1299.17761,7.170256157194468,5.812845,5.136862
Bexley,BP060,56.69403,4.0551537019565504,2.96397,3.4640849
Bexley,BP1297,45.0039,3.8287261755039483,2.6463041,2.8527157
Bexley,BP1298,42.10081,3.763541790436587,2.6322677,2.54249
Bexley,BP1325,40.57474,3.7274927713011685,3.5509064,3.1775212
Bexley,BP1334,171.50811000000002,5.150444249859022,3.5499203,3.5702493
Bexley,BP1335,87.29145,4.480643273929612,4.3552346,4.1905236
Bexley,BP1583,475.65122,6.166785028466365,5.509176,5.1150846
Bexley,BP1776,0.0,0.0,5.53651,5.2617784
Bexley,BP1845,102.3265,4.637893877592203,4.41526,4.041054
Bexley,BP1846,130.93601,4.882317032318811,4.5822783,3.786591
Bexley,BP1927,0.0,0.0,3.6707292,5.0448265
Bexley,BP2114,1712.29861,7.446175803038767,5.367802,4.494127
Bexley,BP2115,577.78976,6.360939302824739,5.5754585,4.289946
Bexley,BP2158,15.7568,2.818804146036744,3.7067916,4.492943
Bexley,BP2159,214.11286,5.371162820632542,3.7186725,4.511178
Bexley,BP2160,18.71557,2.981408678907589,4.622735,4.2916837
Bexley,BP2250,0.0,0.0,5.0014834,4.6484876
Bexley,BP2259,241.7924,5.49220675721274,3.9661858,3.6005096
Bexley,BP2296,23.92108,3.2157140316639468,4.6809473,4.476787
Bexley,BP2437,201.95,5.312959643284906,5.941089,5.597516
Bexley,BP2438,151.49305,5.027119021238459,5.9575534,5.8619194
Bexley,BP2992,24.40962,3.235127842478022,3.7067268,3.3830032
Bexley,BP3207,9.76402,2.3762090909082696,3.1362321,3.103151
Bexley,BP3300,62.23128,4.146799115420898,3.1934388,3.2351124
Bexley,BP3311,6.678049999999999,2.0383656086699316,1.7186012,1.6889925
Bexley,BP3603,41.44322,3.7481671826867,3.4937608,3.6149683
Bexley,BP371,30.01582,3.4344973968955075,3.7596543,5.381033
Bexley,BP372,64.61905,4.18386605013465,3.7541683,5.351577
Bexley,BP374,5.079249999999999,1.8048813331060314,3.4696383,3.5138578
Bexley,BP375,8.627889999999999,2.2646640948451733,3.278969,3.2775116
Bexley,BP376,70.94568,4.27591138983518,3.2788079,3.2910655
Bexley,BP377,11.419709999999998,2.519284726796337,3.448121,3.5497944
Bexley,BP3814,200.49068,5.305743127215293,4.8855214,4.712516
Bexley,BP3815,6.066649999999998,1.9553865345165096,4.997616,4.5123734
Bexley,BP3816,52.4509,3.978763475495805,4.9278116,5.0545073
Bexley,BP3817,40.54491,3.7267750107889275,5.3173857,4.7028046
Bexley,BP4058,7.601009999999999,2.151879638224172,4.6319675,4.0768805
Bexley,BP4175,15.73394,2.8174389923524576,3.2983596,3.825346
Bexley,BP4176,13.01571,2.640178843340712,3.4669883,3.6476178
Bexley,BP4177,24.87721,3.2533626585662727,3.4359734,3.1774995
Bexley,BP4178,23.88361,3.2142093538085277,3.345281,3.1403046
Bexley,BP4179,17.09022,2.8953714607484007,3.5170696,3.6586206
Bexley,BP4180,49.12145,3.914449060176027,3.2904503,3.9679873
Bexley,BP4279,0.0,0.0,3.5950837,4.9453354
Bexley,BP4476,167.8944,5.129273667550652,5.5791807,4.5213833
Bexley,BP4516,19.07893,2.999671006551144,4.8959723,4.6034865
Bexley,BP4992,105.09493,4.664334259369805,5.002527,4.365848
Bexley,BP5033,39.15745,3.6928079773515803,5.708856,5.70015
Bexley,BP5046,50.69228,3.9453084473471836,3.0084753,2.7297573
Bexley,BP5099,37.17195,3.642100952693519,2.916865,2.7154064
Bexley,BP5395,0.0,0.0,3.1325178,4.004845
Bexley,BP5396,0.0,0.0,3.1901023,4.022879
Bexley,BP5401,9.94812,2.393167752024464,3.696553,4.3862534
Bexley,BP5402,118.72707,4.78521473570126,3.6546686,4.2855697
Bexley,BP5866,14.743969999999996,2.756457434820277,4.748952,4.3085256
Bexley,BP5900,19.22258,3.0067998018917614,3.8365633,3.4403422
Bexley,BP5901,11.83949,2.5525255778468017,3.6059124,3.1217859
Bexley,BP6081,31.16552,3.4708950713730435,3.418132,3.4852898
Bexley,BP6082,51.49138,3.960648965640656,3.3003745,3.4852898
Bexley,BP6083,30.87662,3.4618728257165303,3.6003535,3.4013104
Bexley,BP6084,50.55271,3.9426047794012757,3.2991188,3.4013107
Bexley,BP6085,16.575779999999998,2.8665218179352396,3.673116,3.156867
Bexley,BP6086,25.97113,3.294767034679561,3.5564482,3.156867
Bexley,BP6087,29.83388,3.4286140854228297,3.7849064,3.308053
Bexley,BP6088,43.49184,3.7953058015711996,3.5861342,3.308053
Bexley,BP6089,14.12932,2.7166345829700362,3.6784422,3.9683888
Bexley,BP6090,18.33916,2.962132055783033,3.380849,3.4317906
Bexley,BP6091,14.50392,2.7410928951763776,3.5974648,4.391417
Bexley,BP6092,13.43547,2.6696883723354476,3.3035896,4.3996367
Bexley,BP6257,44.79033,3.82407293345675,3.3730242,3.74928
Bexley,BP6295,53.83179,4.004270135244557,3.5785239,3.329121
Bexley,BP6296,53.16123,3.991965338833585,3.33246,3.3465366
Bexley,BP6297,12.47423,2.6007789723052026,3.3820622,3.2104433
Bexley,BP6298,30.38436,3.4463096796546155,2.9824736,2.792343
Bexley,BP6299,24.9996,3.258081153287753,2.908854,2.9224799
Bexley,BP6300,6.81588,2.05615756150082,3.4741719,3.3957522
Bexley,BP6302,4.289549999999999,1.6657331760893057,2.9830096,2.8650527
Bexley,BP6303,35.5679,3.5991708063943326,3.2765415,3.3449612
Bexley,BP6304,15.101109999999998,2.778888213713261,3.2940574,3.210443
Bexley,BP6305,11.05433,2.489423931490495,2.9096413,2.9627662
Bexley,BP6306,28.14514,3.372288175054341,3.4288812,3.2930393
Bexley,BP6307,24.17004,3.225654398339446,3.44223,3.2164445
Bexley,BP6308,13.873069999999998,2.699552195114547,3.4692447,3.3941088
Bexley,BP6309,22.5268,3.1581401968908103,3.2878122,3.3720288
Bexley,BP6310,13.36593,2.66485943102484,3.3542502,3.6253057
Bexley,BP6311,49.72844,3.9264867000708854,3.539107,3.3542762
Bexley,BP6312,6.65483,2.0353368211556715,3.5985029,3.3957524
Bexley,BP6313,9.26625,2.3288618160722647,2.9765666,2.7944713
Bexley,BP6323,3.825589999999999,1.5739330071081308,2.9827929,2.7805657
Bexley,BP645,166.74624,5.122452361293583,5.5407596,4.170461
Bexley,BP647,18.17821,2.953774738718467,3.6533062,4.1585073
Bexley,BP648,65.69964,4.200199555605663,3.6513956,4.1043763
Bexley,BP6496,36.96385,3.636634391148861,3.4729517,3.3805318
Bexley,BP6497,15.97926,2.831992599250379,3.5015743,3.3394854
Bexley,BP6540,12.81047,2.625427000151277,5.0717144,5.369512
Bexley,BP6547,6.776229999999999,2.0510716449100124,3.1697621,3.2634537
Bexley,BP6548,28.57641,3.386977084129536,3.380937,3.2634537
Bexley,BP6549,118.53114,4.783576923199048,3.164861,3.0261757
Bexley,BP6550,328.6608,5.79806424704297,3.3765328,3.026176
Bexley,BP6551,10.6058,2.45150497315397,3.2570407,3.4599605
Bexley,BP6552,22.21816,3.1449347310971993,3.2191038,3.5616338
Bexley,BP6553,162.05319,5.0940764665946965,4.5291452,3.9681435
Bexley,BP658,150.04117,5.017552448659561,4.854788,4.177167
Bexley,BP663,553.78803,6.31858611286546,5.548257,5.747553
Bexley,BP942,58.79499,4.0909218781826935,3.9836276,4.270442
Bexley,HC1,0.49631,0.4030020773366788,2.618234,3.2484858
Bexley,HC154,9.65506,2.366034896693806,3.2377508,3.3809829
Bexley,HC155,4.687209999999999,1.738219793966096,3.0209153,3.13911
Bexley,HC156,4.25496,1.659172392501657,3.388004,4.951999
Bexley,HC157,1.81573,1.0352215530171316,3.2563663,4.4581647
Bexley,HC158,1.37132,0.8634467621265746,3.2806344,2.924008
Bexley,HC159,10.56428,2.4479210369360285,3.2820127,3.351787
Bexley,HC269,2.5389299999999992,1.2638244215689505,3.835789,3.6428645
Bexley,HC3,0.3857599999999998,0.3262487256005975,2.7381766,4.761262
Bexley,HC4,0.0,0.0,2.6075675,3.0239835
Bexley,HC5,141.92874,4.962346184378074,3.9485474,3.022985
Bexley,HC551,12.43803,2.5980887469705367,3.2378082,3.3460643
Bexley,HC552,6.72218,2.0440967075936802,3.282269,3.3548393
Bexley,HC553,8.574,2.2590510909703174,3.052629,2.8801317
Bexley,HC554,7.429319999999999,2.1317161044660375,3.3189135,3.1391106
Bexley,HC6,9.53407,2.35461476618816,2.8258479,3.6493385
Bexley,HC729,242.22769,5.493998000518701,4.61965,3.9813704
Bexley,HC730,87.48392,4.482820840590109,4.7280593,3.8354783
Bexley,HC731,4.854869999999999,1.767273793558095,3.397043,3.757959
Bexley,HC732,14.193379999999998,2.720859806667309,4.3478146,3.8721104
Bexley,HC733,96.45326,4.579372878446876,4.363717,3.754702
Bexley,HC734,23.17459,3.1853020815264617,4.3604155,4.028245
Bexley,HC735,38.23027,3.6694486426856687,4.4190116,4.0249357
Bexley,HC737,0.43478,0.3610115273538595,4.6700945,4.1674075
Bexley,HC738,0.1151499999999998,0.10898892501182963,3.451163,3.8792229
Bexley,HC744,23.86019,3.213267728853037,4.5137515,4.2270665
Bexley,HC745,39.17798,3.693319084354976,4.5743427,4.2021537
Bexley,HC746,5.697529999999999,1.9017388017099093,4.5620313,4.133885
Bexley,HC747,13.03334,2.641435927079496,3.5177643,3.834213
Bexley,HC748,19.3245,3.011827054885281,3.615928,3.7808273
Bexley,HC749,1.5892899999999996,0.951383706856469,3.4995482,3.9285793
Bexley,HC750,13.788959999999998,2.693880956468012,4.3525763,4.140405
Bexley,HC751,10.79529,2.467700299246666,4.568022,4.2021537
Bexley,HC752,13.82798,2.696515936488008,4.5073023,4.23873
Bexley,HC808,8.28713,2.228629570757706,3.2321055,3.5374713
Bexley,HC809,26.01702,3.2964670377747542,3.1879513,3.0151188
Bexley,HC810,19.26606,3.008947565645448,3.2953498,2.8786612
Bexley,HC811,23.19835,3.1862844490199733,3.5869377,3.1151626
Bexley,HC812,30.80059,3.4594848430731373,3.59486,3.6106122
Bexley,HC813,51.67624,3.9641644999922,3.4891717,3.443703
Bexley,HC816,34.12707,3.5589720583018067,3.3298218,3.0528061
Bexley,HC817,33.94769,3.553852372074886,3.2801034,2.8685515
Bexley,HC818,28.8171,3.3950820544398157,2.88476,3.0008466
Bexley,HC819,42.79978,3.779628794538736,3.4253876,3.5735157
Bexley,HC820,31.26429,3.4739610458768166,3.5488255,3.4492247
Bexley,HC821,1.3263199999999995,0.844287619870325,2.9630167,2.9556477
Bexley,HC822,20.47394,3.0668401069314823,3.2561715,2.8685513
Bexley,HC823,5.235289999999999,1.8302250896782744,3.3604271,3.2022293
Bexley,HC824,10.50623,2.4428886278119717,3.6538703,3.468297
Bexley,HC825,27.02089,3.3329503034308363,3.7354515,3.6795254
Bexley,HC826,19.10421,3.0009292458691865,3.7858422,3.4920487
Bexley,HC827,8.562959999999999,2.2578973025708295,3.642285,3.115163
Bexley,HC828,5.408949999999999,1.8576954509625578,3.2050574,2.933785
Bexley,HC830,0.4978199999999999,0.40401071766159263,3.521917,3.2851503
Bexley,HC831,0.2761699999999999,0.24386340488854974,3.5128694,3.948391
Bexley,OC418,11.82016,2.551018931913863,3.4202492,2.8533578
Bexley,OC581,4.114819999999999,1.6321422081685495,3.530337,3.641194
Bexley,OC658,19.2417,3.007744832986988,2.9590623,2.8533576
Bexley,R0063,70.79787,4.2738548098759805,4.0227056,3.3502147
Bexley,R0439,106.01079,4.672929670499277,3.718941,3.5812745
Bexley,R0468,107.6368,4.688010208295575,4.6890783,4.0495563
Bexley,R0481,19.51021,3.0209228109397217,2.0219,1.8729469
Bexley,R0482,57.81862,4.0744584714429415,2.1272957,2.1295571
Bexley,R0521,474.72242,6.164834532872088,4.809415,4.6375384
Bexley,R0535,104.30624,4.656872676643428,5.3609514,5.0430503
Bexley,R0536,373.34676,5.925182533637236,4.319603,3.6505592
Bexley,R0537,1.5471199999999996,0.9349633091395395,3.5482213,5.549927
Bexley,R0548,726.78638,6.590007571070553,5.1506953,4.9964843
Bexley,R0555,374.87603,5.929259381577635,3.870015,3.592773
Bexley,R0561,94.93016,4.563620426711297,4.6324096,4.2510686
Bexley,21602,97.61155,4.591188394707673,3.2237976,3.5421362
Bexley,23118,389.95154,5.968583613685415,4.9903255,3.818798
Bexley,28236,286.65523,5.661762644962197,5.0482807,3.7786741
Bexley,33243,55.00595,4.025457935091017,4.985304,4.2795258
Bexley,33245,2.88215,1.35638912387667,4.2919183,4.4832053
Bexley,33246,147.78941,5.002531950511494,4.214903,4.44675
Bexley,33249,550.57868,6.31278449397565,5.2692637,4.238787
Bexley,37371,377.7538,5.936886389776549,4.9949265,3.7465713
Bexley,40051,22.52685,3.1581423221244527,3.0672657,3.488154
Bexley,40052,7.6901899999999985,2.16219480325002,3.0408988,3.7183712
Bexley,40086,27.46281,3.348598322854481,4.069399,4.4460354
Bexley,40087,30.33796,3.44483014227576,4.047185,4.5304112
Bexley,6347,855.94147,6.753369619882745,5.0097895,3.6813633
Bexley,6367,122.2542,4.814248889421297,3.4425356,3.281096
Bexley,BP4066,0.0,0.0,3.3745582,3.9664774
Brent,1013,517.4452699999999,6.250834467614227,5.407032,5.443401
Brent,1014,231.07017,5.447039782831995,5.3782744,5.178222
Brent,10240,1127.2943,7.028462302283727,6.625324,6.224094
Brent,10241,391.95969,5.973707036634047,6.5868406,6.31562
Brent,11134,300.92412,5.7101757275260745,5.762888,5.2118
Brent,11135,490.29088,6.197036376006175,5.3731985,5.6093383
Brent,11601,219.67172,5.396676167308805,6.1482587,6.1342793
Brent,11609,1225.62711,7.112023494692304,6.36755,5.343904
Brent,11615,980.4822,6.889063878045188,6.3961377,6.1476817
Brent,11616,188.46311,5.244194335387085,6.397949,5.7599444
Brent,11617,292.76794,5.6827901359339545,6.010987,5.5165033
Brent,11618,351.31879,5.864536419150579,6.002572,5.493626
Brent,11621,99.49402,4.610098223241225,5.84332,5.3977523
Brent,11622,249.90282,5.525065692846878,5.85125,5.4525814
Brent,11623,281.52404,5.643763644311055,5.799914,5.1055064
Brent,11630,328.7177,5.798236833805023,5.847471,5.2504544
Brent,11633,317.44485,5.763449304603076,5.4813023,5.7298083
Brent,11634,1162.82897,7.059470684505984,5.54726,5.660265
Brent,11635,190.51508,5.254966552256632,4.4368796,4.556168
Brent,11636,128.12116,4.860751188372238,4.442526,4.584506
Brent,11637,169.40953,5.138204540061393,4.5007987,4.1857996
Brent,11638,152.58401,5.034247713732128,4.4991865,3.99918
Brent,11639,81.35048,4.410984285386261,4.439464,3.8583302
Brent,11640,199.98238,5.303217242525023,4.4241304,3.9238727
Brent,11641,141.40725,4.958690910603205,4.349565,3.8831568
Brent,11642,139.57388,4.945733186869273,4.359826,3.870629
Brent,11643,24.04626,3.220724514987105,4.4023685,4.120371
Brent,11644,62.16904,4.145814307707907,4.4108095,4.054912
Brent,11645,127.46313,4.8556419370940755,4.424078,4.28928
Brent,11647,59.00958,4.0945042161434015,4.304343,5.1063876
Brent,11650,33.86425,3.5514619488970687,4.319492,4.5349436
Brent,11651,35.23411,3.590000940371919,4.3116264,4.483336
Brent,11653,25.37515,3.27242227898385,4.268084,4.2858
Brent,11656,53.30398,3.9945975207547533,4.296303,4.3166566
Brent,11657,70.52925,4.270106456954181,4.271348,4.340631
Brent,11658,25.06418,3.2605619579131906,4.284398,4.4039536
Brent,11659,71.45587,4.2829776868787,4.3044186,4.319797
Brent,11660,93.1401,4.544784098220148,4.206001,4.6358423
Brent,11661,14.36344,2.7319906609779356,4.274042,4.8832703
Brent,1220,1195.30712,7.0869946908435075,6.043558,5.974925
Brent,1256,1179.50976,7.073701624174576,6.3888197,5.8570337
Brent,13149,1268.70747,7.146541814337954,6.4564505,5.758681
Brent,1378,790.1447900000001,6.673480997792869,5.847782,6.0039215
Brent,1380,504.4248,6.2253992637937285,6.1409125,5.6161604
Brent,1381,242.70528,5.495959626379222,6.047887,5.5830536
Brent,1382,485.94239,6.188145820397218,6.510339,6.2396545
Brent,1385,363.96766,5.899808746917311,6.500328,6.1256533
Brent,1386,388.91022,5.965916507494219,6.9102407,6.627492
Brent,1387,1517.77382,7.3256585909164835,6.9367485,6.534461
Brent,1388,328.06708,5.796261620560021,4.5666447,4.368922
Brent,1389,105.37661,4.666985721914139,4.618375,4.390967
Brent,14205,687.57891,6.534629923075536,5.6348324,5.440881
Brent,14341,2040.57497,7.621476833083153,6.7145176,5.8118353
Brent,14364,227.90655,5.433313841664887,5.9193096,5.002602
Brent,1467,119.11412,4.788442290868037,5.9769335,5.6226506
Brent,14766,1348.67033,7.2076156416108,5.82981,5.220195
Brent,14827,595.06497,6.390349671191299,5.2782974,5.3036885
Brent,14828,225.6167,5.423260044024845,5.146613,5.2274017
Brent,14833,1901.83493,7.551100121547509,6.083706,5.522346
Brent,14838,393.38945,5.977338872877806,4.744029,4.499179
Brent,1484,1604.60714,7.381257244407966,5.5370026,4.9949193
Brent,14840,428.76536,6.063239385334535,5.293393,5.3494353
Brent,14851,469.7386,6.154302950568516,5.451314,5.1961503
Brent,14852,178.86233,5.192191724922643,4.817546,5.021517
Brent,14853,2271.03287,7.728430247165967,5.834578,5.1615243
Brent,14946,4340.25673,8.375919154301828,6.481427,6.2760715
Brent,14948,150.60953,5.021308334029322,5.8919163,6.0594664
Brent,14968,340.11915,5.832231829742575,3.7956219,4.232352
Brent,15011,459.31821,6.131918011196442,4.9301925,4.892266
Brent,15012,386.60367,5.959983348496037,4.87315,4.790795
Brent,15013,220.08075,5.3985280193964345,4.9397087,4.94903
Brent,15068,686.38289,6.532891473212729,5.366345,6.039378
Brent,15069,68.54448,4.241966547858086,4.569296,4.4353724
Brent,15070,85.97238,4.465590596985546,4.5007195,4.4699287
Brent,15071,36.76629,3.631416905794491,4.572135,4.728891
Brent,15074,606.55933,6.409449832997468,5.9868474,6.0086718
Brent,15075,225.66257,5.423462435809303,5.0470886,5.0595064
Brent,15076,330.267,5.802924696738284,4.9559145,5.059507
Brent,15077,396.09256,5.984169402126885,5.1994896,5.0837173
Brent,15078,531.43595,6.277462608659016,5.1390953,5.09265
Brent,15079,239.75835,5.483793733358196,5.0529876,5.0606394
Brent,15080,778.39176,6.65851382061367,4.9868145,5.0606394
Brent,15081,720.22737,6.580954441246881,4.991471,5.280528
Brent,15082,471.92374,6.158934149277945,5.434903,5.3698907
Brent,15083,150.97535,5.023718336642498,5.4929485,5.2308593
Brent,15084,630.21145,6.447640909417833,5.4801607,5.113205
Brent,15085,101.02663,4.625233857640601,3.9955525,4.519668
Brent,15088,98.66213,4.601785765291934,4.0881257,4.422276
Brent,15089,184.13055,5.221061251881996,4.1238794,4.401385
Brent,15090,50.76028,3.946623059760703,4.094186,4.2968407
Brent,15091,1092.17174,6.9968386030062755,5.3965187,5.224534
Brent,15935,196.50259,5.28575169817924,4.9061728,5.1246476
Brent,15936,391.5887,5.972762498952335,4.914395,5.0548806
Brent,15937,367.71774,5.910031419081253,4.904686,5.068704
Brent,1594,469.19089,6.153138761184121,4.5994864,5.2341814
Brent,15946,644.40229,6.469873827798738,6.017617,5.9466643
Brent,15947,274.52074,5.618662907066189,6.0328865,6.034081
Brent,15950,553.85015,6.318698077289872,6.118473,5.386433
Brent,16102,1312.55612,7.1804933337553285,6.2338877,5.430588
Brent,16112,238.12417,5.476982956766416,4.222193,4.241077
Brent,16116,1887.00606,7.543276556446058,5.747358,5.140043
Brent,16118,254.77788,5.544309411598005,5.9073563,5.5102277
Brent,16125,711.88698,6.569322894525748,5.78463,4.822672
Brent,1620,2276.75806,7.730946931167446,6.7352076,5.9761405
Brent,1621,776.5658,6.656168270697534,6.6407456,6.0303273
Brent,16210,267.41567,5.592536786403738,4.332035,4.0804043
Brent,1622,1538.76193,7.339383092548178,6.6364937,5.8296027
Brent,1623,52.7473,3.9842934331879354,4.5659285,4.649496
Brent,1624,229.12184,5.43860890779139,4.516581,4.7043533
Brent,16543,434.10333,6.075583543110356,5.608204,5.1052794
Brent,16545,68.00612,4.2341951963162066,3.989396,4.4248667
Brent,16546,20.46848,3.066585812924325,3.9715748,4.4248667
Brent,16547,150.33803,5.019515944133946,4.112068,4.3937917
Brent,16548,68.67131,4.243788611793344,3.8237922,4.3382387
Brent,16550,37.80023,3.65842617444671,4.33601,4.796037
Brent,16552,72.49106,4.297163766167879,4.231626,5.087231
Brent,16555,136.5625,4.92407835928668,5.752636,5.4913774
Brent,16556,218.58758,5.391751150658898,3.92041,4.446822
Brent,16557,172.31198,5.155093323010876,3.8730474,4.4772882
Brent,16558,61.00615,4.127233573674124,3.94556,4.3601484
Brent,16559,97.43278,4.589373878664003,3.8530655,4.3213744
Brent,16560,59.13962,4.096668858950464,3.8427973,4.2140737
Brent,16561,27.3686,3.3452828997003983,3.8981924,4.2402973
Brent,16562,66.47597999999999,4.211771682696337,3.8527143,4.154836
Brent,1659,448.80949,6.108824137568546,5.9785323,5.65737
Brent,16997,387.06704,5.961178108203078,5.1183243,4.916413
Brent,16998,142.13355,4.963778110515528,5.511585,4.759079
Brent,16999,114.47838,4.749083326293149,5.677279,5.3701835
Brent,17000,248.05212,5.517662191829981,5.7597923,5.185801
Brent,17001,523.74745,6.262917099232051,5.6183295,5.4379196
Brent,17003,791.73465,6.675488550254013,5.520011,5.018798
Brent,17004,286.23117,5.660287361925714,5.3355,4.8727174
Brent,17005,346.53904,5.850877004018325,5.3221545,4.9643116
Brent,17006,397.15964,5.986853030390758,5.7752466,5.3074045
Brent,17007,629.08494,6.4458546356942765,5.761952,5.1387644
Brent,17010,97.19398,4.586944910018964,3.8320994,3.805733
Brent,17011,45.9103,3.848237267544816,3.8900046,3.736886
Brent,17012,72.13410999999999,4.292294878989009,3.9114456,4.331578
Brent,17013,119.82378,4.794333120432084,3.9116359,4.1483154
Brent,17014,202.42587,5.315301663334052,4.025544,4.4240522
Brent,17015,336.50813,5.82158959891134,4.885051,4.8284965
Brent,17016,195.11744,5.2787136634651235,4.8453994,5.0424423
Brent,17017,413.9878,6.028249122208219,4.8743744,4.96599
Brent,17018,208.42541,5.344367637779392,4.984438,5.0634303
Brent,17019,258.6456,5.559317624258049,4.9960155,5.06343
Brent,17020,311.50446,5.744618741074612,4.880041,4.97595
Brent,17021,246.1745,5.510094564922852,4.9094176,4.9759502
Brent,17022,184.43536,5.222706357708078,4.8114877,4.9197035
Brent,17023,301.40175,5.71175643132567,4.8144436,4.919704
Brent,17043,171.13682,5.148289625715037,5.133378,5.164823
Brent,17044,167.15591,5.12489158475864,5.207566,5.210079
Brent,17045,141.41649999999998,4.958755863051891,5.0386047,5.1006875
Brent,17046,296.29061,5.694710145246934,3.9667475,4.030962
Brent,17047,65.50798,4.197321940462384,3.7841969,3.8223822
Brent,17048,75.38062000000001,4.335728999072621,3.792309,3.835024
Brent,17049,101.41674,4.629050175807071,3.942391,3.9076746
Brent,17050,187.89468,5.241189611061645,3.960201,3.9161532
Brent,17051,215.77125,5.3788426500708075,5.024742,4.3730073
Brent,17052,122.62514,4.817253922399262,4.9948487,4.3016777
Brent,17053,152.44889,5.033367547412994,5.05602,4.832134
Brent,17054,248.31271,5.518707971981641,5.050294,4.8626995
Brent,17055,626.59612,6.441896838558059,5.6621256,4.911967
Brent,17056,743.93603,6.613298348921071,5.681156,4.8940067
Brent,17057,424.2024,6.052565290854497,5.6212234,4.9090147
Brent,17058,376.56549,5.933744037086275,5.02559,4.9298854
Brent,17059,79.02787,4.382374949005401,4.9163876,4.799641
Brent,17060,47.10873,3.873463657524646,4.8908324,4.7564917
Brent,17062,332.38916,5.8093104562908175,5.346388,4.940468
Brent,17063,178.22034,5.1886159985639715,5.53523,5.128182
Brent,17120,86.2725,4.469035407493454,4.200853,4.18342
Brent,17121,155.09640000000002,5.050473765115798,3.9335485,4.1552577
Brent,17122,113.55485,4.741053747592908,4.1059012,3.995397
Brent,17123,207.47434,5.339815964120814,3.7891736,3.9953966
Brent,17124,135.24089,4.914424568922644,3.761664,4.096408
Brent,17125,175.03826,5.170701357776797,3.6148474,3.9931695
Brent,17170,714.16374,6.572511523468916,5.0568423,5.1810393
Brent,17171,578.91489,6.362881351393585,5.521079,5.4221926
Brent,17172,648.37212,6.476005926809971,5.8511314,5.4171147
Brent,17173,392.83855,5.975941053745016,5.899785,5.4393663
Brent,17174,2082.40079,7.641756832738142,5.838789,5.312862
Brent,17176,383.37122,5.951608804366085,3.9199104,4.130833
Brent,17178,253.50957,5.5393384384270155,4.01523,3.8132076
Brent,17180,188.7663,5.2457933150896245,3.7630591,4.171466
Brent,17252,81.36091,4.4111109311514864,4.917694,4.66318
Brent,17253,138.944,4.941242342587964,4.7656965,4.5832195
Brent,17254,718.83196,6.579017795881787,5.042005,5.1821027
Brent,17255,175.59966,5.173885362913193,4.9889297,5.1777887
Brent,1757,610.13348,6.41531539685081,6.471603,5.7806153
Brent,1763,649.50738,6.477752643007344,6.094841,5.5283895
Brent,18222,2670.939,7.890559705054626,6.3148355,6.4616795
Brent,18454,186.1327,5.231817990857793,3.899013,3.8767185
Brent,18456,361.55391,5.893173180478796,3.8279266,3.9269009
Brent,18644,36.2071,3.616499603282661,4.1329165,4.599063
Brent,18645,14.90405,2.7665737937724555,4.079262,4.6313014
Brent,18904,169.90872,5.141129612810503,4.33609,4.766159
Brent,18905,9.97512,2.3956308928422345,4.260385,4.858376
Brent,18906,243.5403,5.499380121508454,4.4348288,4.65665
Brent,18907,110.10018,4.710432316806288,4.3460646,4.590706
Brent,18908,121.1139,4.804954215751092,4.366192,4.7050633
Brent,18909,88.12787,4.490072080179522,4.366536,4.7098517
Brent,1933,2911.28735,7.97669408233285,6.2373013,6.2114935
Brent,20040,210.49452,5.354199087985174,6.114893,5.562371
Brent,2060,450.35871,6.112262389220534,5.879895,5.209316
Brent,20654,690.96036,6.539528670739928,5.3811436,4.915204
Brent,20794,564.82947,6.338292743053657,5.8243856,5.941524
Brent,20840,192.77962,5.26672153396825,5.246806,5.79976
Brent,20994,614.90482,6.423092438608146,6.380815,5.4507437
Brent,20995,275.23518,5.621252604334084,4.208952,4.829846
Brent,24280,138.51063,4.938140799075139,5.2126207,5.4528584
Brent,2488,493.55323,6.203654789354492,5.044031,4.7478275
Brent,2489,204.96794,5.327720525609848,4.6834106,4.8564777
Brent,2490,293.97944,5.686905658995762,4.6790323,4.830572
Brent,25066,185.26304,5.227159868231662,6.319191,5.57122
Brent,25180,112.33764,4.730371328220116,5.786172,5.4637446
Brent,25181,204.70502,5.32644320083366,5.1146016,5.017651
Brent,25182,345.52065,5.847942412813786,5.025547,5.017651
Brent,25331,523.2460599999999,6.261961154255457,4.4685264,4.2095103
Brent,25447,218.41259,5.390953929968673,5.7399635,5.2169585
Brent,26241,1146.80559,7.045607215848847,5.8040032,5.337381
Brent,26495,41.04173,3.7386626964465504,5.6118336,5.5477347
Brent,26525,189.20403,5.248097338109746,5.7660747,4.9929776
Brent,26526,156.07238,5.056706718219929,5.326805,5.0845165
Brent,26859,38.99025,3.688635674402077,3.9263332,4.7124057
Brent,26932,5.043129999999999,1.7989220896418254,4.0511465,3.8000317
Brent,26933,195.97579,5.283080827784961,4.075464,3.7741442
Brent,26934,6.407169999999999,2.002448450030095,4.16346,3.6937442
Brent,26935,10.179709999999998,2.414100528213425,4.0036736,3.6496358
Brent,26936,13.04652,2.642374678267565,4.096099,3.6376743
Brent,26937,17.32135,2.9080670464873446,4.104664,3.6376746
Brent,26938,27.60814,3.353691292715147,4.0780907,3.903458
Brent,26939,46.882,3.8687396509117873,4.082496,3.9034584
Brent,26940,10.408219999999998,2.4343341481984746,4.194662,4.0214434
Brent,26941,10.95129,2.4808392223421554,4.199629,4.049929
Brent,26942,16.04771,2.836015883858576,4.2233696,4.1419835
Brent,26943,15.54076,2.805827637753939,4.242463,4.141983
Brent,26944,49.13281,3.9146756839633574,4.282547,4.2361803
Brent,26945,36.89091,3.634711241633109,4.2456074,4.298609
Brent,26946,8.975019999999999,2.300083967786448,4.2565355,4.41755
Brent,26947,19.90297,3.0398912541379266,4.3478374,4.417337
Brent,26948,8.118049999999998,2.210255965434911,5.279748,5.7969613
Brent,26949,478.73588,6.1732357024588485,5.198261,6.011983
Brent,26950,31.69495,3.487220631726246,5.4977055,5.288942
Brent,26951,238.40782,5.478168457586206,5.3252335,5.2050357
Brent,26952,169.26699,5.137367734470461,5.338896,5.1036215
Brent,26953,170.24508,5.143095746802615,5.3414125,5.115437
Brent,26954,285.05198,5.656173542557388,5.399754,5.193986
Brent,26955,83.69648,4.439074042352874,5.385112,5.1101365
Brent,27302,54.48305,4.016077568701255,3.789009,4.259392
Brent,27565,423.93462,6.051935321796437,5.8473644,4.90782
Brent,27617,460.86767,6.135278421481813,5.8730955,5.509024
Brent,27618,250.82333,5.528727770217358,5.8735566,5.3616233
Brent,2802,498.82574,6.214259517674981,6.120699,5.115634
Brent,2805,2279.91339,7.732331251374989,5.8356276,5.2205777
Brent,2806,487.30853,6.190947439684237,5.826008,5.0886126
Brent,2807,346.80727,5.851648504519433,6.015455,5.231086
Brent,2809,276.57067,5.626075567431105,5.0388927,4.971491
Brent,2810,440.55808,6.0903095629207495,5.1048536,4.9714913
Brent,2811,611.36326,6.417325668515527,4.329426,4.3141255
Brent,2814,253.62426,5.539788968308088,4.169776,4.1544847
Brent,2815,100.53531,4.620406619758407,4.30414,4.109895
Brent,2817,284.97703,5.655911492909141,4.2256775,4.13924
Brent,2819,445.95014,6.102447044767955,4.296152,4.2758293
Brent,2821,369.81209,5.915695438338156,4.388528,4.386379
Brent,2822,257.07901,5.553265778349703,4.4148474,4.386791
Brent,2823,176.29663,5.177824205567315,4.677742,4.7392044
Brent,2824,339.06627000000003,5.829140510382083,4.711935,4.8628535
Brent,2825,151.55828,5.027546686975856,4.5056376,4.4206963
Brent,2853,940.48324,6.847456546557986,6.7226,6.138501
Brent,2854,1669.76962,7.421039649551317,6.73873,6.23499
Brent,28647,1200.18862,7.091066862204824,5.8096094,5.675672
Brent,29010,782.64447,6.663955435353428,4.070053,6.017866
Brent,29269,9.563759999999998,2.357429275509641,4.5124216,5.073881
Brent,29382,285.33805,5.657173105823081,4.1816034,4.1081443
Brent,29428,182.06238,5.2098269690739105,3.7971625,4.6813364
Brent,29492,772.81496,6.651332775240553,5.9871616,5.9491105
Brent,2950,403.86843,6.003562150129204,5.4875984,4.9521766
Brent,2953,674.10082,6.514862042681956,5.075761,5.0939794
Brent,2956,174.05056,5.165074846481533,5.1810637,5.1844525
Brent,2957,134.46403,4.908706143824068,5.192577,5.1177015
Brent,2958,360.66014,5.890704931060668,5.7100644,5.3164487
Brent,2959,156.35282,5.0584905451801365,5.759661,6.004345
Brent,2960,982.16109,6.890772982611112,6.5348635,6.010579
Brent,2961,681.87532,6.526312295322764,6.340187,5.6657133
Brent,2962,1682.16474,7.428431074130057,6.305334,5.698228
Brent,2966,954.73944,6.8624853236010175,6.2471294,5.5811567
Brent,2967,181.69388,5.20781196528596,6.2650757,5.817142
Brent,2969,308.4444,5.734778431398584,6.452481,6.1971006
Brent,2973,211.2528,5.35777801709502,5.9647417,5.7936463
Brent,2977,161.75945,5.092273343919129,5.4852495,5.5779586
Brent,2983,515.44303,6.246964982379385,5.512905,5.639212
Brent,2995,1208.12179,7.097649581686823,5.782544,5.344113
Brent,2996,412.47927,6.024607380196162,5.160116,5.1280203
Brent,2997,293.77059,5.686197392787685,5.138959,5.066882
Brent,30,208.46495,5.3445564222628414,6.1667304,5.7377477
Brent,3188,1964.37057,7.5834360917651304,6.545369,6.180455
Brent,3212,603.65208,6.404653218231983,5.836319,6.1176987
Brent,3213,2326.84001,7.752696082262906,6.5975604,6.1201315
Brent,3215,148.63421,5.008193715868487,5.53932,5.129734
Brent,3223,1132.58579,7.033141153012088,5.7905726,5.4418955
Brent,3224,413.48736,6.027042479538608,5.755364,4.854972
Brent,3262,108.92153,4.699766747591141,4.5004153,4.623847
Brent,3263,623.49886,6.436949504103598,4.620701,4.822538
Brent,3265,43.04263,3.7851580285091884,4.53757,4.459876
Brent,3266,257.67767,5.55558276927016,4.542317,4.385874
Brent,3267,196.12659,5.283846111198676,4.560835,4.385874
Brent,3275,296.91249,5.696799785661413,5.1071963,4.74654
Brent,3277,262.78528,5.575135438877974,5.222831,5.194655
Brent,3278,248.71788,5.520331800649258,5.250006,5.1946545
Brent,3282,379.81706,5.94231910233387,5.3647137,5.620953
Brent,3283,1049.47353,6.956996322442604,5.3241096,5.58104
Brent,3285,1423.95898,7.2618983063235145,6.1042953,6.144998
Brent,3286,1641.36742,7.403894028683812,6.12282,5.9558167
Brent,33215,1396.7196,7.242597330430387,6.1569967,6.201007
Brent,33256,119.15794,4.788807044060612,4.3354754,5.9491234
Brent,3390,144.5405,4.980454398394694,4.8180084,4.94903
Brent,3392,941.29497,6.848318357195704,5.3175077,4.895805
Brent,33935,20.53843,3.0698387814209265,3.857667,5.2388024
Brent,33948,319.4559,5.76974466938942,6.0773106,5.768919
Brent,34105,91.29585,4.524999178417809,5.067404,5.5161557
Brent,34114,715.80397,6.5748024001498475,6.648302,6.160497
Brent,34186,1271.10332,7.1484269670164755,6.439254,6.054442
Brent,34385,390.74734,5.970617091168406,5.982525,5.9148154
Brent,34756,1330.83463,7.194312691741229,6.6036353,5.347461
Brent,34786,590.0203,6.38185036537796,6.131675,5.742131
Brent,34787,779.33798,6.659727133525277,5.9311285,6.008672
Brent,34788,548.5907,6.309173819367591,6.1178303,5.62867
Brent,34795,148.23531,5.005524321967972,5.3032064,5.637359
Brent,34796,305.9755,5.726767939842383,6.0314846,5.8064976
Brent,34797,453.64501,6.119516916636051,6.082319,5.932305
Brent,34870,2296.9983,7.739793718634711,6.5759945,5.440304
Brent,34913,1374.03784,7.226236529722003,6.219001,5.787893
Brent,35210,21.30637,3.104872287900031,5.0264177,4.825256
Brent,35359,94.12806,4.5552239838642015,5.0432186,5.3790336
Brent,35789,84.08215,4.44361726034655,4.883337,4.9590287
Brent,35790,125.45967,4.839923443106265,4.7975874,4.7898026
Brent,35792,193.28855,5.269344425156505,4.8925695,4.7592597
Brent,35793,149.56794,5.014414410897136,4.8612275,4.842201
Brent,35794,18.16769,2.953226049014278,4.721836,4.6934266
Brent,35795,176.03275,5.176334743706802,4.8737655,4.9590287
Brent,36582,283.33641,5.650158079398087,5.6411486,5.509964
Brent,36754,59.8227,4.1079630745555455,3.9548545,3.9715824
Brent,36755,127.25609,4.854028968303601,3.8407981,3.9551666
Brent,36756,44.66777,3.8213927974520945,3.8283296,3.8086095
Brent,36757,51.00288,3.9512991016631407,3.8845613,3.8036766
Brent,36758,42.80644,3.779780838537731,3.9942517,4.557901
Brent,36759,175.00163,5.170493256358902,3.9162414,4.602128
Brent,36879,120.37495,4.798884514664957,6.241342,5.6740737
Brent,36880,118.16185,4.78048265306864,6.1910505,5.8797517
Brent,3690,1024.53804,6.932972670924905,6.0202503,5.6727057
Brent,37012,140.49325,4.952252012765247,4.93628,4.6702394
Brent,37013,101.40464,4.628932024078827,4.926971,4.4748073
Brent,37014,115.20101,4.755321536290536,4.8493853,4.6424174
Brent,37015,75.7721,4.340841292901008,4.7037296,4.642418
Brent,37016,226.10784,5.425424970752534,4.7474284,4.455676
Brent,37017,163.5365,5.103132430091182,4.770473,4.462006
Brent,37018,382.76572,5.95003226223178,4.813051,4.534064
Brent,37019,110.73984,4.716173312134506,4.902461,4.7151823
Brent,37020,96.55747,4.580441640252132,4.769471,5.036445
Brent,37021,70.59585,4.271037111392948,4.7385845,4.345528
Brent,37022,7.175309999999999,2.1011186365536503,4.7716546,4.8523736
Brent,37023,1.7811299999999997,1.022857319934179,4.7130327,4.3682632
Brent,37024,89.05123,4.500378730606971,5.6735783,4.3854527
Brent,37025,104.71895,4.660784157791194,4.820785,4.51098
Brent,37026,0.8958299999999999,0.6396567373656551,4.8224983,4.580955
Brent,37172,389.02957,5.966222556762283,5.935796,6.062571
Brent,37253,1531.26231,7.33450055627059,6.6153603,5.411433
Brent,37277,285.18670000000003,5.656644395043239,5.0326624,5.4482255
Brent,37278,154.72653,5.048101456103985,5.0511684,5.448226
Brent,37279,118.70663,4.78504399950122,5.378723,5.208193
Brent,37280,356.99018,5.880505555856889,5.9872,5.224096
Brent,37338,70.60264,4.2711319447952425,5.2152495,5.475231
Brent,3821,272.37942,5.61086064713326,6.0070114,5.8984942
Brent,38453,0.0,0.0,3.9411554,4.7966523
Brent,415,642.76448,6.467332944928861,6.044528,6.080879
Brent,441,366.72959,5.907347858281288,6.0242105,6.127619
Brent,442,264.15658,5.580320519417031,6.0063596,5.9337482
Brent,4590,498.73394,6.214075836796101,6.4504404,5.98232
Brent,4592,710.47105,6.567334728016225,4.9493055,5.04546
Brent,4684,333.69151,5.813209241896156,4.6026793,4.43822
Brent,4909,1366.5027,7.220741508700037,6.330671,6.251553
Brent,4910,702.46123,6.556012764872355,6.358446,5.8165445
Brent,4911,2770.39912,7.927107569135518,6.224565,6.226368
Brent,4912,324.79316,5.7862627014724195,6.322428,5.691482
Brent,4913,387.1913,5.961498259355492,5.9518123,6.105518
Brent,4920,791.5634,6.675272502551606,5.5911636,5.420144
Brent,595,1149.56517,7.048008552808141,6.643546,5.8138266
Brent,6024,1092.12709,6.996797757720724,6.171913,5.7292027
Brent,6025,170.35138,5.143716301979462,5.394091,5.055506
Brent,6026,354.89453,5.874634422912225,5.165319,4.9642878
Brent,6029,1026.77985,6.935156269384435,5.7537146,5.242764
Brent,6030,596.42962,6.392636486072806,5.8081493,5.9206057
Brent,6031,128.12434,4.860775816100506,5.80916,5.852226
Brent,6038,152.46843,5.033494878122297,5.8577976,5.022853
Brent,6044,451.68794,6.115203013928012,6.4602165,6.0226603
Brent,6046,119.56716,4.792206942070346,5.534693,5.6041937
Brent,6064,143.6625,4.974403443174196,5.9489594,5.7373886
Brent,6129,183.49964,5.217647512259166,6.8592,6.1448617
Brent,6130,222.7797,5.410662085776299,6.8625507,6.177543
Brent,7564,957.20114,6.865057714179059,5.18416,5.0572596
Brent,7565,528.06096,6.271103661514004,5.170311,5.05726
Brent,7732,959.11418,6.8670522148893784,6.3965597,5.9863224
Brent,7733,605.0291,6.406928004718381,6.366476,6.0102863
Brent,7805,613.98452,6.421597096758022,4.932985,5.0454597
Brent,8408,189.33935,5.2488085316966835,6.0337477,5.8694863
Brent,91523,177.69755,5.18569471194269,5.016599,4.8021617
Brent,9369,225.36913,5.422166985442199,5.721209,5.3279967
Brent,9370,479.53804,6.174906392810582,5.6427026,5.5885944
Brent,9371,824.14525,6.715559431443892,5.8159075,5.675672
Brent,9373,312.06726,5.746418055633909,5.085515,5.3790336
Brent,9388,644.54768,6.470099072779555,4.511764,5.067859
Brent,9389,12.54235,2.605821812247113,4.5359154,4.5091596
Brent,9401,345.59744,5.848163991218453,4.1951885,4.877965
Brent,9480,247.04026,5.513591071699157,4.457385,5.342776
Brent,BP043,308.13342,5.733772963642888,4.233155,4.556055
Brent,BP1019,803.30152,6.689974223750336,5.3232946,4.694039
Brent,BP1138,8.79736,2.282112961630025,3.9438245,4.711844
Brent,BP1280,121.10624,4.804891485461916,4.8750925,5.1969686
Brent,BP1625,103.13447,4.645683044730806,4.0783978,4.384352
Brent,BP1651,87.77594,4.4861156673396945,5.144924,5.753692
Brent,BP1884,32.63037,3.5154295277731307,3.7514853,4.7572894
Brent,BP2310,37.4919,3.6504478295483502,5.1267743,5.0326014
Brent,BP2312,91.03256,4.52214242748007,4.1454,4.641944
Brent,BP2313,34.26937,3.563014881882589,4.1696377,4.311628
Brent,BP2314,22.57234,3.1600739907643978,3.771609,3.915462
Brent,BP2315,44.0444,3.807648670001371,3.9097354,4.014679
Brent,BP2316,35.79673,3.605408982531065,3.94733,4.240199
Brent,BP2317,22.72296,3.166443355551419,3.903869,3.974886
Brent,BP2318,15.16923,2.7831100534075737,3.7525954,3.915462
Brent,BP2319,11.07291,2.4909640996715905,4.1399984,4.2116733
Brent,BP2320,20.68624,3.076677958036616,4.1138525,4.624186
Brent,BP2396,61.01235,4.127333558757078,3.9074254,4.4161754
Brent,BP2397,66.42964,4.2110846838623,3.8819761,4.454627
Brent,BP2398,13.77736,2.6930962798092195,3.8736143,4.6989822
Brent,BP3110,99.12938,4.606463149750077,5.037124,4.882808
Brent,BP3391,32.85764,3.5221646755163194,3.8449025,3.8652844
Brent,BP3392,79.23652,4.38497877282285,3.8638892,3.865284
Brent,BP3485,9.844259999999998,2.383635907741465,3.831112,4.5115867
Brent,BP3486,23.23634,3.1878531597019513,3.8439624,4.4863663
Brent,BP3487,74.32017,4.321747960823048,3.7229137,4.5725055
Brent,BP3488,33.47229,3.54015581290289,3.7472534,4.908454
Brent,BP3564,24.90495,3.25443407013557,3.9106877,3.818097
Brent,BP3565,18.62178,2.976640173773341,3.883873,3.8188064
Brent,BP4064,59.74807,4.10673531216867,3.9414773,5.7590785
Brent,BP4266,501.06799,6.2187355487678095,5.9074116,5.087654
Brent,BP4310,0.0,0.0,3.8740902,4.5699296
Brent,BP4385,551.97821,6.315318597491033,5.938057,5.1503544
Brent,BP4386,719.92042,6.580528756713349,5.5354667,5.14324
Brent,BP4387,305.83636,5.7263145761606085,4.164482,4.749167
Brent,BP4388,0.0,0.0,4.1646023,4.733831
Brent,BP440,268.76579,5.597554138106284,3.8428648,4.8413224
Brent,BP4421,52.48167,3.979338978372978,5.191491,4.8966365
Brent,BP4458,26.69798,3.3213594863464695,3.7839565,3.6667206
Brent,BP446,64.47713,4.181700921365211,5.163899,5.0717497
Brent,BP4510,421.94231,6.04723578676655,5.2601004,4.9328036
Brent,BP4511,70.0589,4.263509110596906,4.5546694,4.7799773
Brent,BP4512,75.04095,4.3312720109667,5.409345,4.9248786
Brent,BP4666,100.03787,4.615495397059938,5.3549957,5.571528
Brent,BP4882,213.22896,5.367045349621817,4.407381,4.712847
Brent,BP4911,152.78959,5.035585369475198,6.1894064,6.0676837
Brent,BP5165,322.30388,5.778592685896614,5.6294675,5.796926
Brent,BP5168,18.60516,2.9757927968943645,3.6226273,4.4279838
Brent,BP5376,338.76153,5.828243989173591,4.946719,4.5065756
Brent,BP5399,0.4903099999999999,0.39898415200847515,4.9887104,4.9629393
Brent,BP5757,0.59405,0.46627794750467677,4.2207947,5.0727563
Brent,BP5948,1654.39355,7.411794054104451,6.5414257,6.3138356
Brent,BP5968,1.55517,0.9381187576457553,4.179498,4.680094
Brent,BP5984,0.6597799999999999,0.5066850634650775,3.92915,5.0381517
Brent,BP5985,15.54893,2.8063214471650286,3.9291258,5.038152
Brent,BP6111,342.42875,5.838979666566372,5.461936,4.8815885
Brent,BP6112,100.68883,4.621917464180755,3.9701452,5.350621
Brent,BP6124,1.1477299999999997,0.7644114704218994,4.0818076,4.4376388
Brent,BP6150,20.51452,3.068728056025423,3.4800024,4.375521
Brent,BP6151,14.83655,2.7623205596334524,3.7456927,4.3130784
Brent,BP6152,101.81725,4.632953140500379,3.5974975,4.0496197
Brent,BP6219,134.83264,4.911423539705302,3.616848,4.390994
Brent,BP6263,39.4545,3.700177885771733,3.7187214,3.8618307
Brent,BP6264,18.6825,2.979729916076485,3.719792,4.0496206
Brent,BP628,66.70948,4.215226199657105,4.0623136,4.3080688
Brent,BP629,89.81851999999999,4.508863229566973,4.0832458,4.216931
Brent,BP6293,68.9805,4.24821663181256,3.853651,3.8618305
Brent,BP630,40.53379,3.726507312809387,4.088329,4.262794
Brent,BP631,67.60498,4.228365126849154,4.0364213,4.257842
Brent,BP6356,39.73109,3.7069916829030216,4.0669074,4.379621
Brent,BP6357,3.00479,1.3874911446886595,4.0219793,4.3815274
Brent,BP6389,163.61685,5.103620652383898,4.0882654,4.443235
Brent,BP6506,47.68668,3.885405481383874,3.7696962,4.1490626
Brent,BP6507,49.09138,3.9138489373992833,3.8151314,4.163519
Brent,BP820,22.46079,3.1553305169976626,3.9033232,5.329944
Brent,BP831,62.24594,4.147030935824061,5.128458,5.7026362
Brent,BP924,16.352719999999998,2.8537492664396638,4.9453297,5.1030912
Brent,BP971,72.41157,4.29608155262605,3.7205875,3.8510768
Brent,BP972,166.06847,5.118403728389722,3.8097246,3.8510764
Brent,BP982,111.49385,4.722898553483532,5.149382,5.104155
Brent,C10,16.788249999999998,2.8785381269683965,3.9691386,4.1152554
Brent,C12,275.98346,5.6239577932132185,5.7085557,5.409098
Brent,C122,51.39794,3.958867277577122,5.856181,4.7265935
Brent,C13,181.40856,5.206249006363622,5.4125,5.4288864
Brent,C2,164.79807,5.110770602102683,5.231225,5.5508265
Brent,C3,271.19653,5.606524342156683,4.1061525,4.4228044
Brent,C35,39.64652,3.704913223473084,4.1156545,3.8325124
Brent,C4,78.72289,4.378556746569096,4.08834,4.5322456
Brent,C40,49.76927,3.9272912502859088,4.079374,3.8519697
Brent,C5,53.49222,3.998057939185542,4.043909,4.0581083
Brent,C6,117.4676,4.774639505468227,4.0735216,4.0774975
Brent,C7,91.37714,4.525879545441165,4.0580792,3.8748581
Brent,C74,283.86139000000003,5.652002711084509,4.8214912,5.4234686
Brent,C8,68.6137,4.242961387050563,4.0624485,3.8567443
Brent,C83,144.69033,4.981483341746736,3.7912264,4.259392
Brent,C85,38.36188,3.6727978352710204,4.146615,4.6450133
Brent,C86,76.30797,4.347797055064989,4.72256,5.359589
Brent,C9,29.76727,3.4264514626159213,3.9505243,4.041508
Brent,CW15,116.73234,4.76841374288001,4.948518,4.833061
Brent,CW16,46.7833,3.866676206067723,4.9561543,4.788302
Brent,CW43,24.52353,3.2396007717948736,5.553187,5.3178983
Brent,CW44,16.763109999999998,2.8771238348462127,5.4124765,5.2447157
Brent,CW45,73.55866,4.311586198112831,5.386071,5.244715
Brent,CW59,0.0,0.0,5.0614934,5.2718563
Brent,CW60,204.02056,5.32311026679236,4.9778557,5.328214
Brent,CW61,1539.31247,7.33974057742313,5.7223635,4.9832125
Brent,M10,69.46268,4.255083207954724,4.264872,4.6720376
Brent,M11,48.74746,3.906959407024855,4.2632284,4.8977647
Brent,M12,30.68843,3.455951630033151,4.031487,4.2502084
Brent,M13,32.5166,3.512040838488404,4.0825095,4.260877
Brent,M14,98.14766,4.5966102540821625,4.2797365,4.8747897
Brent,M15,71.84148,4.288285573159304,4.273263,4.67194
Brent,M20,277.36496,5.628933058470004,4.882454,4.6334853
Brent,M22,21.26603,3.1030621986513367,3.7197275,3.6365316
Brent,M23,10.05025,2.4024530521422225,3.4756255,4.0201316
Brent,M24,30.88222,3.4620484876330395,3.6109986,3.975488
Brent,M25,44.65807,3.821180371263921,3.8438828,3.6365316
Brent,M26,57.10786,4.062300938700926,3.9004118,3.6765018
Brent,R0255,1125.52025,7.0268887357426895,5.086925,4.546547
Brent,R0268,2879.30386,7.96565107450897,6.507757,6.2433677
Brent,R0316,43.74827,3.8010527847557003,3.95466,4.749633
Brent,R0359,319.65712,5.770372390244651,5.4431458,5.11204
Brent,R0361,146.12301,4.991269039575625,4.890519,4.7939034
Brent,R0402,56.55414,4.052726070026217,4.167117,4.713963
Brent,R0488,278.74836,5.633890484797728,5.3423915,5.305447
Brent,R0492,350.82918,5.863145773718755,5.1001477,5.0939794
Brent,R0657,1161.69091,7.058492347634197,5.9189615,5.7852626
Brent,15086,205.26629,5.329168003914073,4.091625,4.4498124
Brent,15087,332.10533,5.808458746272457,5.093564,4.618032
Brent,15945,1108.9165,7.012040066251595,5.9791527,6.0129256
Brent,16103,1829.93986,7.512584698695437,6.291988,5.3825707
Brent,16563,216.71182,5.383172261667827,5.446247,4.793432
Brent,16564,349.1302,5.858305085308614,5.4306674,4.603384
Brent,16868,1165.71285,7.061945543740188,6.4640555,5.740655
Brent,17002,751.65655,6.623609014852848,5.512976,5.0973206
Brent,17008,230.78651,5.445816732490845,5.0197315,4.9089336
Brent,17009,68.7388,4.244756834331471,5.0548115,4.5043945
Brent,1934,3171.21322,8.062184799915538,6.3563547,6.276071
Brent,20991,2360.39,7.767005707688062,5.327592,5.577909
Brent,20992,1035.76055,6.943856275105581,5.7830467,5.598194
Brent,20993,3665.52356,8.206999233259834,6.441222,5.6303563
Brent,34184,98.04478,4.595572071099597,4.877234,4.586495
Brent,34185,45.63915,3.8424403171763366,4.9387336,4.61727
Brent,37230,91.4269,4.526418061819947,5.10993,5.53253
Brent,6138,322.87492,5.780357391873366,6.242242,5.5625234
Brent,BP1386,93.00538,4.543352014674752,3.950944,4.4995685
Brent,BP208,51.47545,3.960345441182076,4.9727645,4.4182506
Brent,BP209,193.74354,5.2716835134689894,3.8667915,4.326779
Brent,BP2609,114.13304,4.746088329270522,3.982432,4.974249
Brent,BP2610,112.75526,4.734049298520184,3.9337187,5.046316
Brent,BP4498,63.32289,4.163915555453357,3.9762428,4.976772
Brent,BP4969,431.98805,6.070710129469229,5.8553734,5.4845433
Brent,BP4970,468.27138,6.151181236495828,5.9097786,5.4568915
Brent,BP4971,1227.85246,7.113836053539419,6.357581,5.457295
Brent,BP5975,165.13479,5.1127994468244795,4.076299,4.319225
Brent,BP608,148.37535,5.006462265779264,4.860773,5.0882134
Brent,BP609,48.05912,3.8930261014497383,4.906143,5.138682
Brent,BP610,72.85656,4.302124833739191,3.869081,4.3229437
Brent,BP611,45.43353,3.83802182757171,4.939053,4.4483523
Brent,BP614,226.62083,5.427681218275353,4.104952,4.255289
Brent,BP6338,396.64404,5.985557233236,5.096302,4.7070966
Brent,R0266,345.8234,5.848815716678558,6.3312654,5.818462
Bromley,10690,30.06647,3.436129102531295,4.383379,4.4860253
Bromley,10694,0.6059599999999998,0.47372170861414625,-0.7572567,-0.7470553
Bromley,10705,9.555429999999998,2.356640419456736,5.6134496,4.5372386
Bromley,11331,54.39938,4.014568402354874,4.2375126,4.030418
Bromley,11332,134.89491,4.911881866445378,4.3845983,4.0192943
Bromley,11752,227.26379,5.430501933860388,4.357144,3.4126353
Bromley,12207,123.39364,4.823451053596202,3.8221703,2.9724874
Bromley,12208,16.4709,2.8605366397051064,3.914701,3.0251627
Bromley,12239,2136.08269,7.667196949001983,7.231757,5.2191052
Bromley,12240,2550.07741,7.844271062644172,7.106816,5.2966237
Bromley,1242,621.62675,6.433947222070084,5.6771483,4.6054482
Bromley,12442,1091.30112,6.996041869208305,6.796538,5.5393186
Bromley,12444,275.08979,5.62072613889705,6.6344275,5.352703
Bromley,12445,717.48221,6.577140945296055,6.0676737,4.35648
Bromley,13222,825.69802,6.717439477191046,6.34156,5.518879
Bromley,13379,80.11228,4.395834367661284,6.38537,5.1251493
Bromley,13953,491.1645,6.198813010203435,6.7968183,5.0130715
Bromley,14120,62.71602,4.154436022325243,4.599026,3.5212908
Bromley,14121,37.68072,3.655341284682791,4.5780272,3.5491624
Bromley,14122,55.7539,4.038724376467192,3.7660596,3.3367333
Bromley,14123,54.42805,4.015085783307217,3.73803,3.3269591
Bromley,14124,672.4671,6.512439145362524,5.4879217,4.9452543
Bromley,14125,215.52839,5.377721670485266,5.4840565,4.988048
Bromley,1426,329.45289,5.80046410752809,5.8321686,5.093636
Bromley,1427,783.14204,6.664590177409864,5.882664,5.0283237
Bromley,1428,520.03095,6.255809444979364,5.8765035,4.995488
Bromley,1429,447.16831,6.105168853824716,5.3620505,5.1552434
Bromley,14342,307.9813,5.733280757267117,4.4104333,3.9329329
Bromley,14430,10.818649999999998,2.4696787922571586,3.6480334,3.31073
Bromley,14459,1020.27,6.928802229825781,5.7145586,5.5725193
Bromley,14732,25.47647,3.2762564140253856,4.633289,4.000152
Bromley,14733,135.10146,4.913400637006201,5.053845,4.3374777
Bromley,14739,760.20934,6.63490840544656,5.3780527,4.989373
Bromley,14976,68.7818,4.24537323078277,4.650003,4.3267336
Bromley,14978,64.28419,4.178749893645099,5.3985596,4.555138
Bromley,1521,241.7256,5.491931587186411,5.841911,5.0911098
Bromley,1522,381.71055,5.947278959336765,5.8181973,4.988161
Bromley,1523,208.8781,5.346526885985463,5.3402762,4.825828
Bromley,1524,133.66841,4.902815534753802,5.1965194,4.7698407
Bromley,1603,64.83617,4.187169383352375,3.9458272,3.6084437
Bromley,1604,92.61185,4.539156978034221,3.8412247,3.6379128
Bromley,16642,81.55492,4.413463768832391,4.392944,3.8515863
Bromley,16646,216.66593,5.382961456222809,4.3053575,3.8516598
Bromley,16647,135.23391,4.9143733348268555,4.3932915,3.8516603
Bromley,17321,46.13749,3.8530686504391336,4.914623,4.2563996
Bromley,17323,272.85227,5.612588800404796,5.467893,4.3770995
Bromley,17326,312.63699,5.74823623432649,6.170011,5.2954044
Bromley,17327,1000.2838,6.909038255615534,6.192289,5.388761
Bromley,17402,66.67189,4.214670879512746,5.0599627,4.789146
Bromley,17403,49.72189,3.926357572841647,5.0328803,4.7767973
Bromley,17405,226.54216,5.427335539902938,5.035876,4.8394327
Bromley,17406,73.07435,4.3050693185308155,5.0507817,5.11402
Bromley,17407,89.22865,4.502347004130101,5.0538926,4.6835957
Bromley,17408,148.80455,5.009331444453619,5.6354256,5.159673
Bromley,17409,172.69856,5.157321383057255,6.1376905,5.5882354
Bromley,17410,160.65046,5.085436349821585,6.0846105,5.498632
Bromley,17411,334.07863,5.814365220701388,6.010752,5.2979207
Bromley,17412,523.2224,6.2619160217580925,6.002127,5.1902027
Bromley,17413,76.3034,4.347737939102155,4.75177,3.8267393
Bromley,17414,38.36686,3.672924345615442,4.7662406,3.8129745
Bromley,17415,45.14609,3.8318122336326264,4.6324077,3.6324878
Bromley,17419,187.68824,5.240096129287787,5.1365457,4.773864
Bromley,17420,176.3366,5.178049621556501,5.1303353,4.7849865
Bromley,17421,305.53243,5.725323557283125,5.173974,4.7739387
Bromley,17422,281.60597,5.644053595292685,5.153543,4.773939
Bromley,17423,60.00972,4.1110331957416575,5.1146436,4.6967907
Bromley,17424,43.71713,3.8003566496854377,5.1267962,4.710473
Bromley,17425,339.04717,5.829084343281473,5.0648575,4.1155977
Bromley,17426,266.76614,5.59011398762313,5.048283,4.0452757
Bromley,17427,236.8588,5.471677220301928,5.1364374,3.6752157
Bromley,17428,171.3386,5.149461146301777,5.0517583,3.5941696
Bromley,17429,6.450099999999999,2.0082274551201746,3.5968475,3.257945
Bromley,17431,88.31626,4.4921835541741215,3.2497804,3.4098063
Bromley,17432,83.15835,4.432700143283901,3.443173,3.3667846
Bromley,17433,275.2052,5.621144067734969,4.618571,3.7282372
Bromley,17434,276.13501,5.62450478816821,4.6284285,3.7619176
Bromley,17435,274.69455,5.619293549970744,4.6331463,4.0238423
Bromley,17436,257.26683,5.5539932752858014,4.6240344,4.018914
Bromley,17437,233.47673,5.457356350553091,4.677275,3.9551034
Bromley,17438,166.17354,5.119032434538664,4.686625,3.963171
Bromley,17522,298.54083,5.702250735475814,5.4801273,4.1231723
Bromley,17523,431.95529,6.070634466320146,5.452969,4.1833115
Bromley,17524,70.49333999999999,4.269604298508377,5.884831,4.312194
Bromley,17525,64.31634,4.179242234689188,4.6206403,4.3359475
Bromley,17526,798.51627,6.684006882285833,5.926271,4.3200707
Bromley,17527,86.88401,4.476017876880472,4.756144,4.2593646
Bromley,17528,138.04083,4.934767631004443,4.1931243,4.1128426
Bromley,17529,42.07996,3.76305792378265,4.4695888,4.1472406
Bromley,17530,232.09011,5.451425116999184,4.493731,3.7460508
Bromley,17531,94.53724,4.559516119120841,4.494918,3.8176003
Bromley,17532,277.45325,5.629250181721917,4.616534,4.074453
Bromley,17534,471.03914,6.157061905876387,5.017262,4.5765157
Bromley,17535,186.45505,5.233539083336503,5.005398,4.551221
Bromley,17536,184.33663,5.222173793194057,5.254269,4.683426
Bromley,17702,23.20057,3.1863761866042646,4.8111105,3.987238
Bromley,17703,112.30492,4.730082591627771,4.780889,3.9724116
Bromley,17705,59.44363,4.101711195164238,4.369653,3.5651426
Bromley,17706,38.75724,3.682791962879943,4.2458863,3.6063352
Bromley,17707,48.66224,3.905244885788478,4.33991,3.5600562
Bromley,17708,28.90295,3.3979571377372033,5.040141,4.8017106
Bromley,17709,8.01604,2.1990052132848654,4.9446797,4.310796
Bromley,17710,505.48486,6.2274944318303325,5.6805615,4.984848
Bromley,17711,361.74812,5.8937087091182,5.6879425,4.936921
Bromley,17712,110.48496,4.713889693909607,5.695517,4.489413
Bromley,17713,280.49122,5.6401012570400395,5.72286,4.5531254
Bromley,17714,218.90577,5.39319913641611,4.937754,3.8921008
Bromley,17715,276.28594,5.625049248126761,5.533031,3.7471504
Bromley,17716,14.30676,2.728294560885587,3.0622425,3.3536472
Bromley,17717,39.86751,3.710335370836412,3.14116,3.0976415
Bromley,17789,174.10529,5.165387450143278,5.0674224,4.3141756
Bromley,17790,113.75115,4.742765870676929,5.1513233,4.1802173
Bromley,17791,95.85097,4.573173405290718,4.0831122,3.4219236
Bromley,17792,234.56668,5.461994015629801,4.8421965,3.780871
Bromley,17793,16.73005,2.8752609401611022,3.882543,3.110589
Bromley,17794,39.51781,3.7017416305358624,3.8930638,3.1624002
Bromley,17797,9.09608,2.312147229697733,4.2109904,3.1777644
Bromley,17798,1.4241399999999995,0.8854768223148448,3.2427578,2.856388
Bromley,17799,0.7735799999999997,0.5730001027566098,3.979072,2.8516288
Bromley,17802,5.211739999999999,1.8264410499353083,2.990092,2.6372347
Bromley,17803,67.08185,4.220710657808958,3.2117367,2.6468763
Bromley,17804,1.7403099999999998,1.0080710526864118,3.0376077,2.5571184
Bromley,17805,0.11604,0.10978670561070633,2.838035,2.557119
Bromley,17806,0.5124599999999998,0.4137374642921586,2.8822656,2.4090643
Bromley,17807,14.91063,2.766987439302998,3.9590838,2.5453906
Bromley,17808,0.1664699999999998,0.1539820941889265,1.0972044,1.4128592
Bromley,17809,0.27685,0.24439610734766126,0.9836868,1.2401823
Bromley,17810,4.273759999999999,1.6627435806385433,1.259666,0.926822
Bromley,17811,0.0,0.0,1.5901107,0.9113004
Bromley,17812,68.81784,4.245889564503984,4.8446426,4.595526
Bromley,17813,133.06148,4.898298500701784,4.8076334,4.251028
Bromley,17814,115.12043,4.754627842215367,4.897945,3.702114
Bromley,17815,129.71877,4.8730482216427,5.0261607,3.7128353
Bromley,17816,47.09446,3.8731669937631916,3.1832669,3.285357
Bromley,17817,32.37848,3.5079113809476317,3.196484,3.2853565
Bromley,17818,3.6831,1.5439602838064277,3.4083762,3.1546316
Bromley,17819,2.9425099999999995,1.3718175763134755,3.4510827,3.1546316
Bromley,18191,200.63718,5.3064699437962615,4.7186327,4.3397455
Bromley,18192,103.64029,4.650528659111776,4.801706,4.339746
Bromley,18193,140.13675,4.949729278525645,4.92884,4.8776803
Bromley,18194,169.65229,5.139628094541905,4.6858516,4.846421
Bromley,18195,117.87835,4.7781007013307315,4.870766,5.132182
Bromley,18196,219.87779,5.3976095621390305,5.851211,4.7915835
Bromley,18197,801.41937,6.687631376436119,5.8956094,4.724776
Bromley,18198,327.90249,5.795761323856533,5.3828597,4.131597
Bromley,18199,492.95442,6.202443245724564,5.0960593,3.9312906
Bromley,18200,556.04714,6.322649868303114,5.274977,4.0777392
Bromley,18201,293.44082,5.685078032134324,5.2844596,4.104928
Bromley,18202,69.80036,4.259864085432509,5.032265,3.9619818
Bromley,18203,127.49126,4.855860886457909,5.0220675,3.8906178
Bromley,18204,67.73069,4.230195824367276,3.4697266,2.7515702
Bromley,18205,7.450229999999999,2.134193659933565,3.7349877,2.7267733
Bromley,18206,17.995749999999997,2.94421526993487,3.2848983,2.6125689
Bromley,18226,46.04925,3.8511949254154962,3.3031201,2.766634
Bromley,18369,8.652,2.2671651477627854,4.2688046,4.0273223
Bromley,18370,22.84363,3.1715170957066663,5.8684897,5.516024
Bromley,18371,31.56411,3.483210761669421,5.207898,4.851935
Bromley,18733,59.08738,4.095799836130504,5.759169,5.057537
Bromley,18738,53.82575,4.0041599741009435,4.392893,3.8780909
Bromley,18739,18.71936,2.9816008942867804,4.4843316,3.8896437
Bromley,18785,54.02189,4.007731106051479,3.950809,3.5911374
Bromley,18786,103.51067,4.649289171455636,3.887573,3.5329466
Bromley,18787,92.98514,4.5431366846668535,3.891212,3.532946
Bromley,18788,77.01725,4.356929956084839,4.833673,4.3145766
Bromley,18789,320.33388,5.772480707185802,4.9294553,4.531463
Bromley,18791,157.21601,5.0639612512244545,5.355216,4.938641
Bromley,18792,139.24253,4.9433732809522475,5.5451818,5.0558224
Bromley,18794,236.94529,5.472040773296829,5.28731,4.5179157
Bromley,18795,47.02244,3.8716684016638125,4.6656175,4.0132365
Bromley,18796,211.75887,5.3601594587113,4.6524024,3.9143496
Bromley,18894,296.80269,5.696431153117104,3.4738975,3.8357515
Bromley,18942,338.30421,5.826897079611822,5.482857,4.0363936
Bromley,18943,484.74415,6.185682044952914,5.519044,4.036181
Bromley,18944,544.37579,6.301475079987304,5.2686915,4.0247726
Bromley,18945,157.26811,5.064290493655137,5.299024,4.0669723
Bromley,18946,127.48315,4.8557977673325246,4.6668115,4.056496
Bromley,18947,81.30243999999999,4.4104007548741615,4.791558,4.0719147
Bromley,18948,57.71812,4.072748367444952,5.0472126,3.8130522
Bromley,18949,108.29941,4.694090997180733,5.0077233,3.9215407
Bromley,18950,195.46999,5.280509696999714,5.360919,4.643162
Bromley,18951,718.97322,6.579214016873926,5.2060313,4.605242
Bromley,18952,672.74702,6.5128546992078595,6.8258824,4.8735495
Bromley,18958,34.05247,3.5568460817537146,3.5060186,2.8941174
Bromley,18959,26.11632,3.3001357606496984,3.2533135,2.9000568
Bromley,18960,46.43984,3.859462382002501,3.0961578,3.011304
Bromley,18961,34.60699,3.5725419668987843,3.3383849,3.094029
Bromley,18962,25.95042,3.2939988816491548,3.1650515,2.7638807
Bromley,18963,34.63541,3.5733398064299497,3.333011,2.7948704
Bromley,18964,63.77558,4.170928680479873,4.2615848,3.2898674
Bromley,18965,20.1419,3.051256853413802,4.2086124,3.2984447
Bromley,18966,18.32592,2.961447200067359,4.2746243,3.7313285
Bromley,18967,46.39137,3.858440144614181,4.063023,3.7357054
Bromley,18973,135.38117,4.915453686026231,5.1427846,4.484394
Bromley,18988,137.47168,4.93066582818492,5.102016,4.317179
Bromley,18989,57.43165,4.067857695085999,4.0877748,4.0646048
Bromley,18990,61.55466,4.136040734537583,3.911055,3.9005013
Bromley,18991,82.20526,4.421310566982636,4.0201106,3.718368
Bromley,18992,185.47248,5.228283667874059,3.6536589,3.3432899
Bromley,18993,171.17757,5.148526327992803,3.8304973,3.314168
Bromley,18995,94.11433,4.5550796416907895,3.4842262,3.6363788
Bromley,18996,54.3097,4.012948300017912,3.4780703,3.420424
Bromley,18997,847.89247,6.743932523401836,5.7592034,4.0143604
Bromley,18998,510.69655,6.237731773556541,5.8385053,4.1964483
Bromley,18999,90.97986,4.521569640040604,5.8860016,4.313997
Bromley,19000,162.93312,5.099458539771127,5.667529,4.2008834
Bromley,19001,120.81573,4.802509493078367,5.8614087,4.3309584
Bromley,19002,42.81642,3.780008632975008,5.565456,4.0834484
Bromley,19004,31.5749,3.4835420531673633,4.9328256,3.5301995
Bromley,19005,65.66868,4.199735277423916,4.857955,3.6050477
Bromley,19006,126.37398,4.847127483659992,4.9141808,3.9976687
Bromley,19007,100.96319,4.624611865797623,4.7926955,4.034797
Bromley,19008,236.99093,5.472232563701602,4.8846793,3.497923
Bromley,19009,100.50051,4.620063823099761,4.7471404,3.612864
Bromley,19010,211.64563,5.359627071288625,4.807396,3.0972977
Bromley,19011,95.95849,4.574282948767394,4.7625556,3.0855627
Bromley,19020,12.800309999999998,2.624691055678968,5.4457498,4.447332
Bromley,19024,52.20363,3.9741266271025344,3.5488799,3.3834567
Bromley,19025,30.69594,3.4561885969710615,3.4954743,3.4246435
Bromley,19028,10.922079999999998,2.47839214305873,5.136431,4.001364
Bromley,19029,7.84376,2.179712125584921,5.163943,3.9603238
Bromley,19037,26.4543,3.3125228041391823,3.4793432,3.0463028
Bromley,19038,30.13337,3.4382802342961862,3.4453318,3.3424835
Bromley,19276,142.43819,4.965904210700811,6.166014,5.325411
Bromley,19277,330.44823,5.80347162850117,6.265432,5.162035
Bromley,19342,58.2052,4.081009375870281,4.732252,4.063816
Bromley,19566,11.24948,2.5054834871101606,1.5277524,0.9946085
Bromley,19675,14.94846,2.769362272845298,3.258978,2.540357
Bromley,19695,119.42037,4.790988704610887,3.6148067,3.2229958
Bromley,19696,97.86748,4.593780367569652,3.6482615,3.2240548
Bromley,19697,156.81356,5.061414336278804,4.4572067,3.4273138
Bromley,19700,48.54387,3.9028585397020734,5.690229,5.5204997
Bromley,19701,221.50576,5.404952988911665,5.625838,5.147015
Bromley,19702,224.40139,5.417882768401213,4.7061763,4.03394
Bromley,19703,222.91605,5.411271204822954,4.7096176,4.0674624
Bromley,19704,223.06443,5.411933644424903,4.688251,4.19122
Bromley,19705,286.85444,5.662454935703224,4.68068,4.077955
Bromley,19706,36.0722,3.6128673625826755,4.745432,4.449226
Bromley,19707,61.73311,4.138889378434325,4.7334275,4.3589516
Bromley,19729,163.69099,5.1040709301619955,5.0750756,4.2594886
Bromley,19732,22.80665,3.169964953413938,4.204445,4.119219
Bromley,19733,24.96307,3.256675143703646,4.6649413,4.206692
Bromley,19734,75.22729,4.333719535059978,4.6793666,4.1641564
Bromley,19735,29.13234,3.4055990135849066,4.7764297,4.114843
Bromley,19736,213.67711,5.369135085321239,4.7537904,3.992281
Bromley,19737,406.9413,6.011123291504494,4.7690625,3.998013
Bromley,19738,46.95347,3.8702311657600883,4.397362,3.8173256
Bromley,19739,59.41798,4.1012867427614434,4.370129,3.7869143
Bromley,19740,97.51112,4.590169435207078,4.488848,3.69777
Bromley,19741,63.37042,4.164654210821862,4.5053563,3.614245
Bromley,19742,51.72014,3.9649975457294206,4.6277595,3.690353
Bromley,19744,135.72904,4.918001157159796,4.458083,3.8599553
Bromley,19745,111.87967,4.726322384081746,4.4629683,3.8422308
Bromley,19747,149.96773,5.017066105366714,4.761149,4.046488
Bromley,19748,95.94022,4.574094499859672,4.6221547,4.1199694
Bromley,19749,72.67271,4.299632445683953,4.521918,4.1179385
Bromley,19750,52.80106,3.9852931695758755,4.568981,4.6131916
Bromley,19751,49.42426,3.920472408472305,4.6597753,5.085937
Bromley,19755,209.60513,5.349984958377559,4.6162376,4.0803423
Bromley,19756,157.17846,5.06372388929979,4.6543593,3.815422
Bromley,19757,136.27417,4.921980166889146,3.7602954,3.705934
Bromley,19758,77.37046,4.361447070640503,3.7604837,3.705933
Bromley,19759,72.47488,4.296943579095073,3.7001848,3.2553263
Bromley,19760,29.79694,3.4274153343945755,3.6905203,3.3037043
Bromley,19761,105.31216,4.666379672032213,3.5703313,3.5537767
Bromley,19762,110.10923,4.710513771502604,4.631129,3.704039
Bromley,19763,102.3161,4.637793220709172,4.6843452,4.0934854
Bromley,19764,149.74598,5.015596168585066,4.686992,4.0413804
Bromley,19765,163.88512,5.105248988987021,5.907458,5.192538
Bromley,19766,198.18369,5.294227464288311,5.9408727,5.1840096
Bromley,19767,191.00946,5.257544641647347,5.7644157,4.552528
Bromley,19768,319.05016,5.7684777335097746,5.6223574,4.698051
Bromley,19769,367.37366,5.909097803453686,5.5665584,4.675611
Bromley,19770,231.72809,5.449870776387821,5.687492,5.3878303
Bromley,19771,325.77605,5.789275073886559,6.1448617,5.0421495
Bromley,19772,603.46712,6.404347276515993,5.7787185,5.5274534
Bromley,19773,1244.33989,7.127163775656057,5.605263,4.602448
Bromley,19774,22.26165,3.1468060818058903,3.9235728,3.5245194
Bromley,19775,33.00396,3.5264769884222242,4.012416,3.694899
Bromley,19776,5.72988,1.9065573128884568,3.9145608,3.4412718
Bromley,19777,12.4394,2.5981906912413386,3.9636889,3.4412718
Bromley,19778,30.49887,3.4499516721722623,4.7442813,3.4833927
Bromley,19779,20.97015,3.089684713865246,4.7194505,3.4739013
Bromley,19780,25.79066,3.2880533193112855,3.8615448,3.4655352
Bromley,19781,30.79386,3.4592731893824418,3.9478145,3.6494079
Bromley,19782,24.63582,3.2439905922411407,4.0020776,4.094486
Bromley,19783,10.61353,2.452170797730784,3.9448009,4.0846405
Bromley,19918,16.753069999999997,2.876558458712437,5.447286,4.1980567
Bromley,20099,163.32933,5.1018725240230784,4.654109,3.9750476
Bromley,20131,16.14658,2.8417987368161324,2.7881308,0.93079764
Bromley,20132,98.31622,4.598308901115873,4.655187,3.99688
Bromley,20133,57.33804,4.066254367714773,4.7991066,4.059073
Bromley,20159,16.36384,2.854389882928181,3.7618842,3.306326
Bromley,20160,13.96538,2.705739533564969,3.5642886,3.2680488
Bromley,20170,60.80907,4.124050117448944,3.2531118,2.5608802
Bromley,20172,18.25781,2.9579166927397207,3.2899175,2.5403566
Bromley,20402,151.00751,5.023929927520483,5.2474575,4.145544
Bromley,20403,103.54321,4.649600478763233,5.265024,4.098774
Bromley,20466,16.5801,2.8667675805229917,3.241909,2.8180156
Bromley,20467,8.25873,2.2255668902242225,3.2803514,2.8175936
Bromley,20588,0.0,0.0,1.5253177,0.9501629
Bromley,20691,35.03462,3.5844801430176245,5.4065967,5.4847455
Bromley,20692,45.79218,3.8457160949447466,5.4126906,4.809695
Bromley,20716,175.32862,5.172349413154307,3.2313814,3.7211623
Bromley,20750,404.6574,6.005508961001814,6.246058,4.9054775
Bromley,20836,58.55051999999999,4.0868250279210345,4.156583,3.759387
Bromley,20837,18.73766,2.9825284859453576,4.203913,4.0252104
Bromley,20914,30.62067,3.4538110206776493,4.292801,3.8902755
Bromley,20915,261.06096,5.568577148452947,4.071739,3.9627476
Bromley,20979,316.14295,5.759352618603762,5.8200793,5.0331907
Bromley,20980,23.94629,3.2167251137461843,3.7452102,4.3037286
Bromley,20981,62.15572,4.145603422683477,3.644882,4.2013288
Bromley,2128,753.72979,6.626359791149933,6.4179006,5.5760136
Bromley,2131,318.62987,5.767163670100672,5.7463202,5.4575567
Bromley,21529,52.84927,3.986188847335953,3.2657342,3.0619154
Bromley,21558,1899.00679,7.549612738832357,6.5008807,5.684408
Bromley,22398,408.29272,6.0144305968754805,4.9933467,4.799911
Bromley,24135,106.70282,4.679375767663563,3.4688535,2.545804
Bromley,24843,79.50828,4.388360036277942,4.292936,3.9215603
Bromley,24961,263.13071,5.576444094254366,4.2283635,3.9521117
Bromley,25115,17.21291,2.902130683278913,3.1568687,2.7523665
Bromley,25271,13.3102,2.660972569711084,4.3731275,4.0915585
Bromley,25272,90.47345,4.51604876624135,4.365914,4.1107936
Bromley,25282,80.62369,4.402119538463214,4.9457054,4.6194754
Bromley,25288,114.09518,4.7457594382219686,5.11287,4.3734717
Bromley,25289,129.34201,4.870161841991405,5.135898,4.3733454
Bromley,25371,144.85583,4.982618668089411,5.037173,4.642868
Bromley,25372,153.59914,5.040835573395288,5.0250163,4.642868
Bromley,25373,204.12594,5.323624131971358,5.2067437,4.690055
Bromley,25374,229.94852,5.442194828542593,5.1887565,4.6823697
Bromley,25375,159.07329,5.075631772855226,5.1799607,4.535662
Bromley,25376,152.48378,5.033594893691578,5.1632857,4.5792184
Bromley,25472,79.79581,4.391925107746815,4.4049077,3.0631232
Bromley,25959,137.77068,4.93282278656548,3.807077,4.2230887
Bromley,25960,125.74079,4.842143977109336,3.7996993,4.0417204
Bromley,26124,68.0029,4.234148532699574,4.663131,4.0569057
Bromley,26125,58.39909,4.084278906385929,4.574207,3.92061
Bromley,26126,198.81453,5.297389586293007,5.129147,3.917575
Bromley,26127,26.95148,3.3304701498986797,4.9716134,3.8504848
Bromley,26128,39.66392,3.7053412128005454,4.518087,3.8797917
Bromley,26129,18.53569,2.9722430491015803,4.374382,3.8570695
Bromley,26130,36.35896,3.6205727757140775,4.297114,3.8565168
Bromley,26131,38.49079,3.6760674801630326,4.1585255,3.743287
Bromley,26132,96.84133,4.583347084908765,4.632584,3.774827
Bromley,26133,55.93479,4.041906577839151,4.9812045,3.8131232
Bromley,26134,99.07416,4.605911511138689,4.9834204,3.869546
Bromley,26136,154.07453,5.043905840063036,4.3479323,3.9494896
Bromley,26137,47.20684,3.8755009197021586,4.537313,3.9705038
Bromley,26138,106.48718,4.677371584642224,4.453605,4.0362453
Bromley,26139,52.73314,3.984029943383057,4.529659,4.0462694
Bromley,26140,86.78973,4.474944523412258,4.412165,4.031651
Bromley,26141,585.93655,6.37491672199255,5.8514886,4.1124573
Bromley,26142,406.48516,6.010004514839882,5.5622263,4.088098
Bromley,26143,264.53593,5.581750161092629,5.902459,4.0570936
Bromley,26906,27.23141,3.340435187883132,3.9107685,3.153211
Bromley,26907,6.166099999999999,1.9693615735718866,3.8482463,3.3027177
Bromley,26908,7.870799999999998,2.1827649839117367,3.9137855,3.3749704
Bromley,26909,14.94892,2.7693911153395736,4.224175,3.7837563
Bromley,26910,1.5713799999999998,0.9444427197735651,4.2665467,3.8367348
Bromley,26911,73.93623,4.3166374851879095,4.3056803,4.001016
Bromley,26912,3.31565,1.462247950502434,4.342154,4.0897083
Bromley,26914,76.84974,4.354780558518489,4.957279,4.5458384
Bromley,26915,133.91325,4.904631979294726,5.0980268,4.4894214
Bromley,26920,45.55018,3.8405308705254817,4.3240967,3.4252548
Bromley,26922,19.97303,3.043237326607463,4.457845,4.227072
Bromley,26923,19.58669,3.024644750467458,4.3354955,3.7735162
Bromley,26924,4.34221,1.675639425034538,4.5036244,4.6515756
Bromley,26925,7.121919999999999,2.0945665794249044,4.5466623,4.5404987
Bromley,26926,72.44199,4.296495842895011,4.4989314,4.95184
Bromley,26927,114.86602,4.7524345235798195,4.4336286,4.7629075
Bromley,26965,606.48494,6.409327384783967,5.41164,4.792625
Bromley,26966,562.82254,6.334739556596741,5.359736,4.7501593
Bromley,26994,12.23983,2.583229710547276,3.3717093,3.3077283
Bromley,27556,272.26282,5.610434042699001,5.821329,5.177078
Bromley,27557,137.24484,4.9290263160169285,5.8720393,5.2353
Bromley,27601,102.27155,4.637361926769862,3.632643,3.1667085
Bromley,27602,55.60447,4.036087957355773,3.8762329,3.1150017
Bromley,27603,99.1933,4.607101320147651,4.1616745,3.1285553
Bromley,27604,74.72212999999999,4.327070455897939,4.2784696,3.1778069
Bromley,27605,86.52732999999999,4.471951087451836,3.7274013,3.1331258
Bromley,27606,65.28827,4.19401295846216,5.144044,4.0209785
Bromley,27612,1.11071,0.7470243837779345,1.273957,1.9005874
Bromley,27732,10.8151,2.4693783744202347,3.115575,2.998067
Bromley,27733,17.03143,2.892116346327524,3.310576,2.9430532
Bromley,27780,102.05912,4.635302804148312,4.904596,4.3051085
Bromley,27850,33.01336,3.5267533886114655,5.3668447,4.1968555
Bromley,27955,27.26781,3.3417237014249523,3.6214018,3.3832994
Bromley,27956,40.0637,3.7151245195621163,3.5785162,3.354598
Bromley,27957,242.95575,5.4969868563878395,4.646114,4.1337833
Bromley,27961,121.04034,4.804351645816401,4.6359925,4.12121
Bromley,27962,191.31571,5.259138344525668,4.375858,4.1212106
Bromley,28146,162.73221,5.098232227392103,4.6103797,3.8974366
Bromley,28147,239.04836,5.480840403043593,4.642703,3.6461878
Bromley,28770,11.50766,2.5263412566230072,3.0023909,2.2935357
Bromley,28771,3.32439,1.4642710899742737,2.9827352,2.2872972
Bromley,28772,27.75679,3.3588739132717347,2.9270508,2.5760503
Bromley,29841,28.53853,3.3856955128318376,5.0810666,3.4562435
Bromley,30011,4.68446,1.737736135883579,3.32585,2.5562048
Bromley,30012,8.5811,2.259792407938138,3.3203504,2.5562048
Bromley,31173,111.31007,4.721263528249614,5.571256,4.6429396
Bromley,31250,0.0,0.0,4.0581794,0.7251866
Bromley,31326,445.99243,6.102541659347126,5.5728183,4.3177886
Bromley,31327,344.15309,5.843988057738701,5.335872,4.5163455
Bromley,3231,91.26607,4.5246764682914895,4.2937555,4.0149903
Bromley,33144,116.38243,4.76543723690943,4.7459297,4.6271715
Bromley,33221,633.08275,6.452179466424898,5.0927978,3.9667587
Bromley,33222,364.12018,5.900226559662196,5.154625,3.9130158
Bromley,33223,51.76538,3.965855293840701,3.9153454,3.4055738
Bromley,33224,31.94033,3.4946977429142487,3.9356308,3.3910265
Bromley,33225,46.96967,3.870568936190748,4.640021,3.5220098
Bromley,33226,63.47553,4.166285771974025,4.9394393,3.4261808
Bromley,33227,100.35386,4.618617958013906,4.951854,3.4908543
Bromley,33228,142.42242,4.9657942618304105,5.0920386,3.5117064
Bromley,33229,29.36529,3.4133001797732234,4.417112,3.6428819
Bromley,33230,19.69832,3.0300525375574296,4.378997,3.9634495
Bromley,33231,141.30781,4.9579923876375185,5.020516,4.0181584
Bromley,33313,136.1043,4.920741950044336,4.5311933,4.0430374
Bromley,33726,12.96324,2.636428162095661,4.2214723,3.7491512
Bromley,33842,134.01645,4.905396622866947,5.4560604,5.372019
Bromley,34256,51.28057,3.956624791527496,3.6361475,3.5565672
Bromley,34271,133.28055,4.899931268022422,3.5042381,3.1881719
Bromley,34272,47.43113,3.8801427887879907,3.4633543,4.2198
Bromley,34273,315.49041,5.757292940967194,4.5749516,4.3571134
Bromley,34274,163.98903,5.10587898684188,6.419684,4.899801
Bromley,34275,12.39521,2.5948971803652827,3.5730422,3.9925432
Bromley,34276,28.71721,3.391726339265256,3.559101,2.9850807
Bromley,34698,23.93488,3.216267626473973,3.4338565,4.2097087
Bromley,35033,0.05825,0.056616600418896025,2.2885735,0.98233646
Bromley,35572,307.76141,5.7325688427249375,5.3652444,4.0549655
Bromley,35670,31.05824,3.4675542486065103,4.642381,3.615368
Bromley,35743,866.46008,6.76556949347112,6.462788,4.421077
Bromley,3619,84.85828,4.452698029984531,4.56352,4.1495924
Bromley,36645,146.46369,4.993581975983666,3.8688905,4.1236367
Bromley,36646,51.02433,3.951711493772936,3.503574,2.4258947
Bromley,36951,1135.77898,7.035954086112292,6.1623626,5.643172
Bromley,36953,611.11861,6.416926070923681,6.4179893,5.6799617
Bromley,37087,0.0,0.0,6.6806874,5.670494
Bromley,37346,83.66894,4.4387488283836625,4.2559695,3.931302
Bromley,37348,15.57545,2.807922685024657,4.1282144,5.213114
Bromley,37350,51.96143,3.9695639127747926,4.415969,3.751276
Bromley,37351,22.17963,3.143273875747973,3.0844908,2.759354
Bromley,37359,89.3477,4.503665560156383,3.0475905,3.348444
Bromley,3911,302.69764,5.716032601195036,5.944292,4.823372
Bromley,3912,307.18789,5.730709629446939,6.121979,4.835352
Bromley,3922,154.69112,5.047874044458225,4.542723,4.135539
Bromley,3923,191.6562,5.260907253269082,5.427543,4.032152
Bromley,3924,95.63072,4.5708967030856,5.38644,4.149712
Bromley,40060,199.2145,5.299389291830797,3.844309,4.164481
Bromley,40105,2697.17475,7.90033080487035,6.705817,5.6047187
Bromley,40106,9.855769999999998,2.384696735867454,6.5080156,5.73274
Bromley,40107,1.87106,1.0546812995621415,6.6288285,5.55059
Bromley,40118,27.38939,3.346015483815156,3.5616343,4.094465
Bromley,40119,12.44269,2.5984354638774265,3.5827641,3.4332619
Bromley,40120,42.67539,3.776784785573841,3.0270529,3.5061183
Bromley,40121,28.3339,3.3787438438053212,3.1208293,2.9203758
Bromley,40122,104.84328,4.661959509500362,3.698255,2.9496417
Bromley,40123,1.39071,0.8715903929562353,3.9902554,2.9882817
Bromley,40124,34.38033,3.5661560159917016,3.4898946,2.9882822
Bromley,40125,1.2244499999999998,0.7995096940502338,3.5076957,2.903026
Bromley,40126,18.9594,2.993700210311263,3.4452927,2.9161477
Bromley,40130,1.96351,1.0863743766284548,3.2701492,2.552384
Bromley,40131,5.629939999999999,1.891595754383066,3.3792403,2.1066346
Bromley,40132,31.75653,3.489102331518831,3.604744,1.9912186
Bromley,40133,2.42004,1.22965224691255,3.4004102,2.4089212
Bromley,40134,22.57181,3.160051506532525,3.44174,2.4089212
Bromley,40135,11.65882,2.5383542054209656,3.5451128,3.0222225
Bromley,40136,3.826979999999999,1.5742210133095067,3.5009983,3.022222
Bromley,40137,16.280829999999998,2.8495977946297977,3.4564447,2.8312278
Bromley,40139,7.476959999999999,2.1373518949646693,3.5338893,3.0583673
Bromley,40140,34.82568,3.5786649546925045,3.408196,3.0863147
Bromley,40141,39.70896,3.706448215639809,3.276651,3.1114187
Bromley,40142,15.85993,2.824939800726419,3.2772956,3.1114192
Bromley,40143,3.4372099999999994,1.4900258005533156,3.5622106,3.1442099
Bromley,40144,44.3112,3.813554242548165,3.537823,3.1544714
Bromley,40145,118.57333,4.78392982333879,3.6130936,2.979794
Bromley,40146,32.14682,3.5009467844287148,3.6579275,3.0794654
Bromley,40147,95.45064,4.569031374892191,4.121609,2.5032473
Bromley,40148,272.42394,5.6110234844651234,4.0639453,2.5116658
Bromley,40149,87.03855,4.4777747867361715,4.257243,2.333908
Bromley,40150,101.4056,4.628941398610101,4.0134516,2.407804
Bromley,40151,17.884059999999998,2.938318179971939,2.4979358,1.9165128
Bromley,40152,16.00661,2.833602092013348,2.1948388,2.0914118
Bromley,40153,1.6862899999999998,0.988161059510531,2.2723985,1.7519027
Bromley,40154,10.46326,2.439147138547112,1.9971858,1.7513037
Bromley,40155,0.98271,0.6844645957770376,2.2978697,1.8276556
Bromley,40156,11.85775,2.55394674238224,2.181558,1.8276556
Bromley,40157,0.2323799999999999,0.20894725911145107,2.3577166,1.8379883
Bromley,40158,6.494479999999999,2.014166749561295,2.4692254,1.8379883
Bromley,40159,0.8754099999999999,0.6288273021849697,2.3649683,1.8379883
Bromley,40162,2.90104,1.3612431842530317,2.0864751,1.7707014
Bromley,40163,16.19745,2.844761117014474,2.5435328,1.7583131
Bromley,40164,5.639819999999999,1.8930848546871673,2.104082,1.8246375
Bromley,40165,160.9604,5.0873518609065265,3.7882738,2.3171988
Bromley,40166,2.8001,1.3350273821755594,3.33012,2.402256
Bromley,40167,1.0453999999999997,0.7155933693897752,3.279224,2.3505173
Bromley,40168,149.60025000000002,5.014628975390976,3.69101,2.0004163
Bromley,40169,111.7479,4.725154352932173,3.2743146,2.3435965
Bromley,40170,50.73494,3.9461333752997905,3.833712,3.3030477
Bromley,40171,34.72254,3.5757818621028203,3.4125822,3.1879306
Bromley,40172,43.47897,3.7950164931993915,3.3963509,3.1701674
Bromley,40173,98.78866,4.603054549606844,3.2970762,3.2228227
Bromley,40174,119.30425,4.790023950702404,4.860727,3.306354
Bromley,40175,73.64034,4.312681111726999,4.884661,3.7687058
Bromley,40176,136.22545,4.92162519371642,4.4097457,3.6439586
Bromley,40178,55.58668,4.035773621824303,3.3352284,3.4949875
Bromley,40188,47.90378,3.8898546941067846,2.8124921,2.5164804
Bromley,40189,12.16464,2.577534447340811,2.8551288,2.49365
Bromley,40190,25.94081,3.293642237345365,2.7805207,2.3614597
Bromley,40191,4.77231,1.753072347023133,2.3734937,2.3331332
Bromley,40192,32.67911,3.5168777638468276,2.3940477,2.327434
Bromley,40193,3.12938,1.418127274638271,3.0327635,2.327434
Bromley,40196,3.1463299999999994,1.4222236056362496,3.331923,3.6563282
Bromley,40197,13.1192,2.647535573236219,3.7802033,3.5695229
Bromley,40198,73.93948,4.316680854457026,3.4919453,3.2336926
Bromley,40199,1.4915999999999996,0.9129250743978532,3.2685933,3.2336931
Bromley,40201,6.6447,2.034012597276859,2.6778595,2.3454947
Bromley,40202,0.4913899999999999,0.3997085709957847,2.8852963,2.2525868
Bromley,40207,8.67729,2.2697819034150535,4.0842094,4.247014
Bromley,40208,31.58999,3.4840051860068333,4.5133667,4.1710906
Bromley,40209,24.56088,3.241063057711669,4.3620143,3.6941
Bromley,40210,53.98964,4.00714480385345,4.3808475,3.6220078
Bromley,40211,8.17687,2.216686187887133,4.2990546,3.8048162
Bromley,40212,78.53563,4.376205097360003,4.291634,3.620274
Bromley,40213,21.28683,3.1039959210436225,2.9525466,3.15197
Bromley,40214,11.47328,2.5235887563803443,2.9598293,3.237732
Bromley,40223,0.0,0.0,0.033398867,0.5035188
Bromley,40224,0.77842,0.5757253296684909,-0.29195768,0.2852413
Bromley,40225,1.7655999999999998,1.0172576096252777,-0.6734263,-0.5762474
Bromley,40232,399.45351,5.992597679870496,6.3802824,5.4970584
Bromley,40233,33.27786,3.5344996647097497,3.3434396,3.6285276
Bromley,40236,135.76868,4.91829103160758,5.6460247,5.5253086
Bromley,40237,128.28364,4.862008750317008,5.6157265,5.147015
Bromley,40238,4.85478,1.7672584216212737,3.8860195,3.4354868
Bromley,40239,201.15548,5.309037104302084,4.838745,4.03634
Bromley,40240,56.45312,4.0509693109141285,3.2108214,3.0736165
Bromley,40241,23.65917,3.205148839424427,3.1772676,3.0194726
Bromley,40242,21.62749,3.119165538778974,3.1941528,2.8823853
Bromley,40243,57.73572,4.073048059649681,3.1973498,2.8823853
Bromley,40244,19.78746,3.0343499202838813,2.926513,2.5760503
Bromley,40245,9.061199999999998,2.308686441852022,3.862884,3.1532106
Bromley,40250,11.01565,2.486209966767995,3.612022,2.4062638
Bromley,40251,7.42742,2.1314906753488954,3.4844708,2.4950285
Bromley,4074,113.17837,4.737761874729187,3.3528693,3.707806
Bromley,4075,63.51987,4.166973238375871,3.4701471,2.745543
Bromley,4083,66.50178,4.212153967901163,3.2797296,2.8125563
Bromley,43011,69.3783,4.253884977012341,3.750372,3.2817726
Bromley,43015,306.55611,5.72865754214538,5.041353,4.839433
Bromley,4783,1278.61696,7.154316062129447,6.446206,5.4929233
Bromley,6560,258.76745,5.559786807703613,5.697922,4.9662986
Bromley,6561,184.88432,5.2251245447472305,5.892217,5.2515736
Bromley,6580,347.83478,5.854598400366536,5.6937385,4.5456195
Bromley,6581,289.35536,5.671105552126399,5.7903924,5.1660423
Bromley,6582,132.48921,4.894020650603834,5.89761,5.2515736
Bromley,6587,179.06007,5.193290517439558,5.69022,5.1002526
Bromley,6593,287.26736,5.663888382834385,6.3157973,5.5735636
Bromley,6594,32.50886,3.511809881474923,5.697722,5.1182084
Bromley,6595,590.1768500000001,6.382115211221844,6.2612185,4.9400506
Bromley,6599,1131.47768,7.032163148553701,6.2901654,5.047249
Bromley,6601,76.94551,4.356009992818484,5.672882,5.193044
Bromley,6602,120.08394,4.7964840240932,5.627705,5.1816244
Bromley,7722,78.41944,4.374743174557621,4.6884675,3.9034042
Bromley,7723,178.20182,5.188512656739256,4.789995,3.9793658
Bromley,8204,3.26497,1.4504351469212484,4.367283,1.9636686
Bromley,8239,175.58617,5.1738089725324885,4.2123046,2.162383
Bromley,9350,125.8344,4.842882298585127,5.579203,4.830413
Bromley,9470,542.60837,6.298229079509444,5.654733,5.086504
Bromley,9471,555.99088,6.322548866364153,5.664187,5.086504
Bromley,975,55.15485,4.028113053233443,5.0634685,4.8866744
Bromley,BP013,93.32841,4.546782416800419,3.6164322,3.1212764
Bromley,BP014,87.78028,4.486164553264398,3.6104836,3.1213894
Bromley,BP056,35.1595,3.5879397079947477,4.8904624,5.222172
Bromley,BP087,125.5947,4.8409906446947275,6.2342334,5.661771
Bromley,BP1026,25.01817,3.258795140096064,3.4069436,3.7403808
Bromley,BP1028,4.349119999999999,1.676932061397304,3.4089837,3.8615923
Bromley,BP1096,0.0602399999999999,0.05849529759028614,1.7174342,2.0606227
Bromley,BP1160,16.67687,2.872257005337645,3.6892304,4.391448
Bromley,BP1161,12.01841,2.566364509507523,3.771566,4.3914485
Bromley,BP1162,35.54028,3.5984152137557506,3.713715,3.6032996
Bromley,BP1163,25.3325,3.2708039177285597,3.674034,3.6032996
Bromley,BP1164,23.51494,3.1992827276190674,3.708799,3.4109778
Bromley,BP1228,8.3547,2.2358788907992366,3.6620822,3.4109778
Bromley,BP1238,5.652889999999999,1.8950513467285803,3.6153598,3.236271
Bromley,BP1239,9.7618,2.376002826988208,3.423968,3.5750232
Bromley,BP1240,7.142329999999999,2.097076379841612,3.4403927,4.3264074
Bromley,BP1241,4.878069999999999,1.7712284767383375,3.448594,4.00544
Bromley,BP1242,15.38019,2.796072677869249,3.4202905,3.5750237
Bromley,BP1243,5.57562,1.8833688701961322,3.5762901,3.5051665
Bromley,BP1244,1.1075299999999997,0.7455166456680032,3.5943484,3.2362704
Bromley,BP1246,2.57377,1.2736210610010894,4.269304,4.2624755
Bromley,BP1247,14.930339999999998,2.768225467071466,4.3276224,4.0558815
Bromley,BP1248,148.66334,5.0083883716556254,4.3240724,3.3371415
Bromley,BP1249,81.24803,4.409739437990861,3.418273,3.4822955
Bromley,BP1250,117.85488,4.777903253123123,4.450939,3.7566113
Bromley,BP1253,106.0917,4.673685476784871,4.390599,3.9313264
Bromley,BP1254,66.81493,4.216782377194135,4.368178,4.0558815
Bromley,BP1255,8.72577,2.274779063748039,4.5708327,4.273112
Bromley,BP1294,7.270729999999999,2.1127227759984817,3.5727754,3.427339
Bromley,BP1321,33.44028,3.539226809607782,3.3382742,3.196782
Bromley,BP1341,33.93307,3.553433945022481,3.279546,2.9951177
Bromley,BP1342,11.52976,2.528106614694209,3.0038304,3.1026626
Bromley,BP1343,5.33726,1.8464464983777364,3.148869,2.9927607
Bromley,BP1348,17.25066,2.9042012437581466,4.3465734,3.9313264
Bromley,BP136,175.65175,5.174180280351046,5.4657545,4.261024
Bromley,BP139,22.18717,3.143599108460451,3.3859658,3.8846092
Bromley,BP142,10.30529,2.4252707577671266,3.5454803,3.823555
Bromley,BP1457,32.92737,3.5242220632660994,3.3136237,3.2259083
Bromley,BP1458,6.545869999999999,2.0210003937234315,3.1349723,3.0400019
Bromley,BP1459,27.3454,3.3444647595129986,4.205854,3.0991921
Bromley,BP1460,25.07166,3.260848900640164,4.174216,3.087912
Bromley,BP166,6.749019999999999,2.047566383756673,4.115524,3.2147675
Bromley,BP1681,798.01604,6.68338102065864,4.7146735,5.523819
Bromley,BP2030,50.09079,3.9336042461317495,3.5721946,3.6101975
Bromley,BP2031,20.21801,3.0548503493349233,3.7945275,3.483416
Bromley,BP2032,58.18301,4.080634507456275,3.7868304,3.518426
Bromley,BP2033,22.11795,3.140609372052884,3.6980414,3.4280977
Bromley,BP2034,15.32859,2.792917559102635,3.6973817,3.4297037
Bromley,BP2035,25.92619,3.2930994189088834,3.8293178,3.5077887
Bromley,BP2036,5.816599999999999,1.9193608138217766,3.8226588,3.483416
Bromley,BP2039,32.39029,3.508265139152947,3.6366441,3.8975964
Bromley,BP2040,6.089549999999999,1.9586218688541515,3.6942,3.7086701
Bromley,BP2041,13.58082,2.679706966425634,3.7117505,3.495789
Bromley,BP2042,10.2335,2.4189003853753945,3.6830897,3.8178496
Bromley,BP2049,51.1532,3.954185541021579,3.6556878,3.9915867
Bromley,BP2050,77.44311,4.362373648680884,3.7152565,3.7399426
Bromley,BP2051,71.5149,4.283792057986233,3.6340852,3.5970206
Bromley,BP210,1087.58244,6.992631615059782,5.7634416,5.478469
Bromley,BP2185,10.3492,2.429147256861759,3.2605982,3.483934
Bromley,BP2186,4.285819999999998,1.6650277633889135,3.2881017,3.4119515
Bromley,BP2187,6.057209999999999,1.9540497892633444,3.301177,3.3053365
Bromley,BP2188,23.40415,3.1947531998040715,3.4680269,3.2036624
Bromley,BP2189,42.36297,3.7696058510955885,3.468316,3.2036624
Bromley,BP2190,14.6793,2.752341371068597,3.4764123,3.7510962
Bromley,BP2191,5.394139999999999,1.8553819459250027,3.513073,3.7510958
Bromley,BP2192,12.06711,2.5700983861241746,3.475953,4.4791965
Bromley,BP2193,29.70737,3.424502690928705,3.5830336,4.40442
Bromley,BP2194,11.10442,2.4935706751570166,3.717462,5.003544
Bromley,BP2195,13.99219,2.7075293988415865,3.462065,3.956214
Bromley,BP2196,22.62707,3.1623930885891007,3.4391913,4.0260763
Bromley,BP2197,2.93041,1.3687437461393681,3.4874535,4.287077
Bromley,BP2199,17.39735,2.912206632503683,3.5044637,4.682268
Bromley,BP2201,0.3310399999999998,0.2859605915534404,3.4108784,4.332937
Bromley,BP2202,11.643479999999998,2.537141667281787,3.5420852,4.3329372
Bromley,BP2203,17.47488,2.916411971549301,3.4499178,3.870018
Bromley,BP2204,11.95475,2.5614625162593665,3.606824,3.868176
Bromley,BP2205,2.15065,1.1476087807568218,3.6411176,3.8981042
Bromley,BP2212,29.64474,3.4224610326465235,3.2706554,3.193596
Bromley,BP2213,20.86358,3.0848222387815443,3.253231,3.1859617
Bromley,BP2214,4.51875,1.7081513853701331,2.0931845,2.3878846
Bromley,BP2215,7.026459999999999,2.082743583932732,2.0065684,2.0920596
Bromley,BP2216,4.12653,1.6344290170566582,1.9516524,2.1004276
Bromley,BP2217,5.74336,1.9085583170267109,2.130495,2.056402
Bromley,BP2218,8.32026,2.232190525304094,2.0986629,2.1249723
Bromley,BP2220,27.7395,3.3582724831439412,3.3535624,3.0891047
Bromley,BP2221,33.88861,3.5521604149095114,3.4600608,3.09487
Bromley,BP2222,3.09234,1.4091169335917408,3.472269,3.119557
Bromley,BP2223,18.00279,2.944585810491457,3.418758,3.202105
Bromley,BP2224,45.50005,3.8394533878615498,3.5575995,3.2602053
Bromley,BP2225,88.66004,4.496025184857018,3.5058753,3.257461
Bromley,BP2226,72.53743,4.29779452829483,3.5293174,3.188496
Bromley,BP2227,86.9393,4.476646803748275,3.4974751,3.2925987
Bromley,BP2229,30.49458,3.449815467534903,3.6648278,3.1553626
Bromley,BP2230,20.58375,3.071940716744503,3.7626832,3.7774243
Bromley,BP2231,11.79357,2.5489427009586785,3.741356,3.785008
Bromley,BP2232,117.3976,4.77404845197419,3.8450773,3.7053895
Bromley,BP2233,121.56691,4.80865708495126,4.6844177,3.6186619
Bromley,BP2234,101.1871,4.626805446710823,4.7161903,3.692717
Bromley,BP2235,25.99628,3.295699078734321,4.5788226,3.3226643
Bromley,BP2236,69.88746,4.261093549065609,4.681173,3.4873214
Bromley,BP2237,16.93748,2.88689237853664,3.7183108,3.2073298
Bromley,BP2238,37.24995,3.644142253082148,3.7338476,3.275869
Bromley,BP2239,15.80254,2.8215300654572757,3.7393355,3.3547502
Bromley,BP2240,25.11979,3.262693264559678,3.658546,3.4269853
Bromley,BP2258,19.85282,3.0374891908976718,3.7275007,3.9242215
Bromley,BP2286,4.94969,1.7833391173599065,2.432741,1.8379883
Bromley,BP2287,68.82447,4.24598452139785,4.5435195,3.6241703
Bromley,BP2288,7.003359999999999,2.079861453504524,3.4727767,3.3473535
Bromley,BP2289,49.11888,3.9143977834094685,4.326835,3.2019386
Bromley,BP2290,6.339029999999999,1.9932066813049456,4.0590196,3.1294618
Bromley,BP2291,16.074939999999998,2.8376118915414557,4.1002135,3.1354032
Bromley,BP2292,75.08088,4.331796984942059,4.322062,3.2088494
Bromley,BP2293,3.45659,1.4943838996051788,3.4885015,3.3475046
Bromley,BP2294,49.19485,3.915912431793572,4.5856276,3.6521945
Bromley,BP2381,12.59357,2.609596886821979,3.5893128,2.9692097
Bromley,BP2403,5.681839999999999,1.8993933987212117,3.5037217,3.4218087
Bromley,BP2404,15.68063,2.814248166001513,3.478734,3.4218087
Bromley,BP2541,120.40121,4.799100845626798,3.7845445,4.4556694
Bromley,BP2542,22.51515,3.1576448942837465,3.848987,4.3212814
Bromley,BP2543,12.0738,2.5706102275364326,3.8948221,4.1354966
Bromley,BP2544,4.51754,1.707932108782648,3.7578135,4.4556694
Bromley,BP2553,113.63607,4.741762501704109,5.697247,5.090959
Bromley,BP2554,222.24006,5.408247694689234,5.5779943,4.867194
Bromley,BP2707,6.109819999999999,1.9614769270389862,3.5835235,3.155119
Bromley,BP2708,19.38939,3.015014667513056,3.5553083,3.172667
Bromley,BP2709,3.60961,1.5281432547314038,3.6562304,3.2257133
Bromley,BP2710,4.829599999999999,1.7629483873739353,3.670877,3.3640332
Bromley,BP2711,16.05986,2.836728335699263,3.6996627,3.320003
Bromley,BP2712,15.83936,2.823719003341388,3.8022356,3.2139254
Bromley,BP2713,46.94906,3.8701391973833807,3.587503,3.172667
Bromley,BP2714,25.56209,3.2794850112713925,3.6140718,3.172882
Bromley,BP2760,182.10609,5.210065711640727,5.6776967,5.1245675
Bromley,BP2837,5.90509,1.9322588208096225,3.7202077,3.091044
Bromley,BP2838,18.09498,2.949425473282325,3.1616366,3.0326762
Bromley,BP2839,36.64495,3.628198815103568,3.1408281,3.0910444
Bromley,BP2840,26.71412,3.321942030608695,3.7118058,3.2220807
Bromley,BP2841,7.114369999999999,2.093636563941788,3.5986753,3.2092829
Bromley,BP2842,51.01064,3.9514483130351703,3.1414943,3.0317173
Bromley,BP2843,37.57303,3.65255332759971,2.8288202,3.3221903
Bromley,BP2844,18.69779,2.980506446709872,2.8288734,3.3049269
Bromley,BP2869,12.45695,2.59949570121412,3.6159916,3.1408358
Bromley,BP2870,11.21652,2.5027891341354587,3.6761355,3.1408358
Bromley,BP2871,6.45095,2.0083415410404184,3.480886,3.6557665
Bromley,BP2872,7.140339999999999,2.0968319481839157,3.5627222,3.2033515
Bromley,BP2873,9.01963,2.304546168827227,3.5047112,3.1435246
Bromley,BP2874,18.70145,2.9806922370962106,3.5078993,3.442912
Bromley,BP2875,9.19359,2.3217590913719146,3.4258761,3.2240548
Bromley,BP2876,8.82316,2.284742862863042,3.3866353,3.2719193
Bromley,BP2877,30.72653,3.457153239387924,3.6649861,4.0433846
Bromley,BP2878,14.07441,2.7129986042022436,3.5775843,4.000269
Bromley,BP2879,15.11958,2.780034682148485,3.6904078,3.1815228
Bromley,BP2880,21.54842,3.115664996975067,3.7360635,3.3144836
Bromley,BP2881,15.57952,2.808168198745251,3.624682,3.1357722
Bromley,BP2882,42.43731,3.771318749214725,3.650911,3.1634908
Bromley,BP2883,9.32951,2.3350048473501475,3.598927,3.2141242
Bromley,BP2884,12.57387,2.608146621102952,3.5066125,3.170774
Bromley,BP2885,7.479249999999999,2.1376220024962374,3.5974884,3.15521
Bromley,BP2886,21.15809,3.0982026668286564,3.463313,3.319849
Bromley,BP2896,10.16542,2.4128215021394577,3.6348128,3.955945
Bromley,BP2998,58.3621,4.083655975591851,2.9754467,2.8039231
Bromley,BP2999,11.51788,2.527158022260684,4.2055006,2.8745341
Bromley,BP3000,21.06791,3.094124517098442,3.2016244,3.356913
Bromley,BP3001,18.04028,2.9465567351374418,3.1109762,3.1447744
Bromley,BP3002,17.794999999999998,2.933590877016141,4.0120068,3.3195715
Bromley,BP3003,21.26031,3.1028052720756754,4.0806527,3.5236611
Bromley,BP3004,43.88838,3.804178963927007,4.243707,3.890873
Bromley,BP3005,38.92651,3.6870405143000977,4.272906,4.03376
Bromley,BP3006,55.61146,4.036211438212378,4.5582604,4.070675
Bromley,BP3007,35.90594,3.6083725137010543,4.234172,3.9419327
Bromley,BP3008,12.86526,2.6293864311457966,4.0787354,3.7968612
Bromley,BP3009,17.61052,2.9237270122304744,4.071327,3.4175754
Bromley,BP3010,21.08228,3.094775476947423,3.2197015,3.26583
Bromley,BP3011,5.479439999999999,1.8686340868766949,3.1771557,3.1111135
Bromley,BP3012,4.56796,1.7170287390982681,3.223886,3.2277694
Bromley,BP3233,7.73694,2.1675600139466065,3.3964195,3.8961625
Bromley,BP3234,15.74838,2.8183015371758304,3.34757,3.9134684
Bromley,BP3235,17.62299,2.924396838978812,2.8821774,2.4843745
Bromley,BP3237,24.81148,3.2508193542019854,4.0299244,3.4666462
Bromley,BP3238,2.25273,1.1794946437390899,3.489585,3.923386
Bromley,BP3239,16.05397,2.836383021200215,3.003078,3.1181726
Bromley,BP3240,9.69795,2.370052134327338,3.23042,3.0109425
Bromley,BP3241,28.93537,3.399040724414509,3.138598,3.0400019
Bromley,BP3242,13.27979,2.658845250920953,3.1625032,3.0400019
Bromley,BP3243,57.85323,4.075046717501757,3.3627641,3.2597857
Bromley,BP3244,18.95883,2.9936716519307915,3.241479,3.6020145
Bromley,BP3288,28.28897,3.3772109946357944,3.4459138,3.2681408
Bromley,BP3303,30.52578,3.45080562381294,3.3020177,2.9994144
Bromley,BP3336,18.96712,2.994086920703063,2.8094454,2.3660278
Bromley,BP3337,1.34187,0.8509497555221691,3.0456088,2.3126588
Bromley,BP3338,1.10098,0.7424039025410198,3.0783215,2.8386703
Bromley,BP3339,91.25484,4.524554747668999,3.1167464,2.8024397
Bromley,BP3340,4.01647,1.6127264991005235,2.9724288,2.5089931
Bromley,BP3341,34.5681,3.571449168733858,2.992581,2.5065327
Bromley,BP3343,30.5378,3.4511868264070693,3.49091,4.2305317
Bromley,BP3470,1.68406,0.9873305735540587,3.2269976,2.7033405
Bromley,BP3471,8.52606,2.254031200910166,3.6422563,3.480565
Bromley,BP3495,10.92588,2.4787108286009873,3.2572663,2.5649486
Bromley,BP3496,1.1645999999999996,0.7722355868789088,3.0738187,2.627904
Bromley,BP3562,35.53845,3.5983651307835807,3.70202,3.559888
Bromley,BP3680,10.33245,2.42767029173401,3.6158707,3.0810199
Bromley,BP3690,0.0579299999999999,0.05631416867637963,4.9979615,4.9960513
Bromley,BP3694,312.93559,5.749187837478218,4.998095,4.996051
Bromley,BP3992,15.21095,2.7856869398292217,3.7438803,3.8301363
Bromley,BP3993,14.43433,2.736594249172649,3.7087646,3.9838681
Bromley,BP3994,2.7863899999999995,1.331413058575355,3.5912204,4.2979393
Bromley,BP3995,17.73746,2.930524728669933,3.706964,4.452624
Bromley,BP3996,16.40007,2.856474229200897,3.7364483,4.018557
Bromley,BP3997,12.169449999999998,2.5778997533038033,3.7213628,3.8108735
Bromley,BP3998,3.592309999999999,1.5243831654494562,3.063495,3.2153263
Bromley,BP3999,1.3362299999999996,0.8485385190233302,3.2107708,3.1834822
Bromley,BP4000,2.84228,1.3460659403998465,3.0518007,3.1454153
Bromley,BP4001,90.98145,4.521586926284109,2.9559956,3.1085272
Bromley,BP4003,7.679019999999999,2.160908619072403,3.3164263,3.8862143
Bromley,BP4004,8.486609999999999,2.2498813306799024,3.3616786,4.1735177
Bromley,BP4005,11.94198,2.5604762912776757,3.2178202,3.0506911
Bromley,BP4006,9.79992,2.3795387266953316,3.2220469,3.0753288
Bromley,BP4007,12.118049999999998,2.5739891444209193,3.2194393,2.8735108
Bromley,BP4008,14.5558,2.7444335594353313,3.282673,2.8712478
Bromley,BP4009,26.22941,3.3042976391721925,3.29652,2.9251947
Bromley,BP4010,36.0284,3.6116851857824597,3.2758102,2.9126954
Bromley,BP4011,6.840009999999999,2.059240109871707,3.534264,2.9252443
Bromley,BP4012,3.9749,1.6044052699060256,3.5996385,2.900846
Bromley,BP4014,8.5703,2.258664552935908,3.5495496,2.954071
Bromley,BP4015,11.884719999999998,2.556042113173607,3.3468857,2.967165
Bromley,BP4016,14.26615,2.7256379590845894,3.4617152,2.9828167
Bromley,BP4017,33.92307,3.5531476423419064,3.6104913,3.0074196
Bromley,BP4018,40.02144,3.714094856854988,3.6823878,3.2595696
Bromley,BP4019,34.23393,3.5620095387856,3.6223593,3.2907977
Bromley,BP4020,11.94019,2.560337972117972,3.616505,3.910482
Bromley,BP4021,15.35155,2.794322694073152,3.731397,3.910482
Bromley,BP4022,7.497569999999999,2.13978024027118,4.4540415,4.8095026
Bromley,BP4023,9.428819999999998,2.3445731274254524,4.5665517,4.554118
Bromley,BP4024,6.3388,1.9931753415224276,4.4207263,4.194692
Bromley,BP4025,23.3739,3.1935128876604746,4.4287972,4.1624413
Bromley,BP4026,33.26367,3.534085609166994,4.1867313,4.018053
Bromley,BP4027,41.93812,3.759760009470749,4.2830997,3.9862585
Bromley,BP4028,67.71929,4.230029945841486,4.287042,3.8549423
Bromley,BP4029,43.06234,3.785605449360221,4.1910663,3.887639
Bromley,BP4030,34.89177,3.580508021302051,4.4808445,3.885501
Bromley,BP4031,17.77781,2.932675853561713,4.387614,3.8718753
Bromley,BP4032,14.8412,2.7626141410925773,4.625564,3.8986611
Bromley,BP4033,21.68983,3.1219168064763316,4.313063,3.7205997
Bromley,BP4034,41.06883,3.7393070864241644,4.414882,3.6797733
Bromley,BP4035,27.85145,3.362160251656457,3.622642,3.5576658
Bromley,BP4036,12.67775,2.615770424982914,3.641061,3.3627462
Bromley,BP4037,21.77845,3.1258149135618343,3.6330879,3.3945255
Bromley,BP4038,51.21525,3.9553745978162484,3.331079,3.3062286
Bromley,BP4039,52.84993,3.986201103694403,3.3752215,3.2213564
Bromley,BP4040,10.9853,2.4836808988621817,3.336597,3.1154375
Bromley,BP4041,1.4552699999999998,0.8982367348325686,3.3620417,3.201377
Bromley,BP4094,0.0,0.0,5.0246367,4.998605
Bromley,BP4126,3.63253,1.5331031551412981,3.1525266,3.4109063
Bromley,BP4129,14.3771,2.7328793897315036,2.999568,2.8811955
Bromley,BP4131,16.230249999999998,2.846666560010896,2.9403505,2.879706
Bromley,BP4132,1.91856,1.0710903439564674,2.858574,2.7702188
Bromley,BP4133,22.84216,3.1714554421196977,3.0141518,2.879706
Bromley,BP4134,7.94182,2.1907391478842895,2.923419,2.7929606
Bromley,BP4136,7.764229999999999,2.170678665113186,3.0087326,3.059844
Bromley,BP4137,3.0882,1.40810477538374,2.8881757,3.3476858
Bromley,BP4138,5.558,1.8806856784224564,2.9458907,3.3356128
Bromley,BP4139,5.18194,1.8216321380659308,3.2736864,3.1612253
Bromley,BP4140,2.48172,1.2475264245572262,3.2224236,3.1297193
Bromley,BP4141,2.02516,1.106963982646026,3.1861386,3.2485542
Bromley,BP4142,8.06658,2.2045951257646266,3.1861749,3.1705685
Bromley,BP4143,9.4127,2.343026214991569,3.1134186,2.823348
Bromley,BP4144,2.5230399999999995,1.2593242532543383,3.128041,3.0257587
Bromley,BP4145,5.74011,1.9080762452658155,2.9075594,2.732401
Bromley,BP4146,2.69887,1.308027367599045,2.8702602,2.7576203
Bromley,BP4147,3.77248,1.5628660859332382,3.0246463,3.3843408
Bromley,BP4148,3.27339,1.4524074232669155,2.9466047,3.3440456
Bromley,BP4149,3.2649,1.4504187340099142,2.8499708,2.7723117
Bromley,BP4150,8.88878,2.2914007810993415,2.9617953,2.9294882
Bromley,BP4151,8.291179999999999,2.2290655630588523,3.0896752,3.3566446
Bromley,BP4152,17.10999,2.8964637197140544,3.1132507,3.0008173
Bromley,BP4153,8.11196,2.209587836319618,3.1873417,2.9841895
Bromley,BP4155,12.53168,2.6050336029888372,3.7450416,3.6575842
Bromley,BP4183,32.87833,3.5227755769515086,3.2147708,2.8996925
Bromley,BP4192,4.313879999999999,1.6703222652234078,3.5619106,3.0125475
Bromley,BP4209,74.35733,4.3222411997041466,5.045827,4.3432918
Bromley,BP4210,48.12736,3.8944161097479757,5.3638916,4.7098513
Bromley,BP4315,4.89096,1.7734189724978253,-0.7572796,-0.7470553
Bromley,BP4332,331.56397,5.806832232568581,4.442949,3.518045
Bromley,BP4333,103.07542,4.645115828624181,5.0662866,3.5872216
Bromley,BP4341,4.24116,1.656542847879134,3.3480387,3.2368112
Bromley,BP4357,13.86372,2.6989233444344216,3.6860433,3.5598884
Bromley,BP4394,163.77516,5.104581877959402,3.4936967,3.3122416
Bromley,BP4395,42.96401,3.783371344665458,3.6329489,3.2572594
Bromley,BP4422,3.156929999999999,1.4247768210620868,3.068593,3.5160975
Bromley,BP4423,3.04297,1.3969795703986032,3.0121799,3.5603666
Bromley,BP4424,3.32017,1.463294753333607,2.7695668,2.4460015
Bromley,BP4433,88.95738,4.499336002611866,2.7832966,3.2248306
Bromley,BP4434,6.9189300000000005,2.06925609568927,3.2632368,3.2782187
Bromley,BP4435,1.98096,1.0922453962899066,3.270158,2.830525
Bromley,BP4440,0.18239,0.1675378138012056,3.3132,2.75737
Bromley,BP4441,1.29693,0.8315734487106049,2.9249244,2.5648704
Bromley,BP4442,22.05757,3.137994132011668,2.9019985,2.5433812
Bromley,BP4443,15.1852,2.78409724442265,2.831632,2.6397395
Bromley,BP4444,6.68179,2.038852592918975,3.301047,2.8959537
Bromley,BP4445,4.57466,1.718231328939342,3.1882086,3.2594233
Bromley,BP4446,40.60327,3.728178769947177,3.0249176,2.408248
Bromley,BP4447,25.98297,3.2952059262629643,2.90262,2.5607924
Bromley,BP4448,30.12096,3.43788154716344,2.8555286,2.5681252
Bromley,BP4449,24.34731,3.232672610008239,3.2729003,2.6505332
Bromley,BP4450,15.16935,2.7831174748837175,3.4439611,3.264398
Bromley,BP4451,3.02749,1.3931433531360526,3.4053328,3.0100641
Bromley,BP4452,3.60239,1.5265757337851666,3.2755566,2.694982
Bromley,BP4453,2.49903,1.2524857872270463,2.855355,2.5681252
Bromley,BP4454,5.058059999999999,1.80138961681483,2.9027307,2.5607986
Bromley,BP4455,10.52353,2.44439103194073,3.0048554,2.4064088
Bromley,BP4456,0.0,0.0,2.9282293,3.2959375
Bromley,BP4488,14.03193,2.710176605368017,3.2452688,2.969905
Bromley,BP4616,11.0181,2.486413846729173,3.6144753,3.2117481
Bromley,BP4868,89.68391,4.5073799433687665,4.812802,4.057109
Bromley,BP4964,159.33297,5.0772527153228175,4.498242,4.0017076
Bromley,BP5182,6.27161,1.983977725073982,3.0556378,3.202518
Bromley,BP5306,21.08822,3.0950444347376136,3.5171063,3.1812334
Bromley,BP5435,21.11412,3.096216318532185,2.958519,2.9765859
Bromley,BP5436,3.94961,1.5993087855978831,3.216739,3.2987008
Bromley,BP5437,4.066739999999999,1.6226976127635886,2.952722,3.3558269
Bromley,BP5438,6.42019,2.0042046633204516,4.307181,3.566722
Bromley,BP5439,7.629639999999999,2.1552027892773875,4.348573,3.643571
Bromley,BP5440,23.38095,3.19380208965983,4.359132,3.4662476
Bromley,BP5555,518.77291,6.253392004650756,4.6627164,4.0084615
Bromley,BP5556,0.0,0.0,4.6440988,3.97268
Bromley,BP5873,674.66955,6.5157041251650165,6.0885324,5.467454
Bromley,BP5874,2487.45698,7.819418110626574,6.0823035,5.4620776
Bromley,BP596,165.78876,5.116728101562974,3.3939319,3.5822673
Bromley,BP597,58.33261,4.083159070538429,3.4304693,3.106022
Bromley,BP598,34.85405,3.5794565313762163,3.4554126,3.106022
Bromley,BP6023,16.41408,2.857279074400695,2.5187445,2.0606227
Bromley,BP6146,3.20637,1.4366000429786974,3.5108109,4.0615673
Bromley,BP6147,3.13823,1.4202681601856664,3.5374188,4.2275705
Bromley,BP6148,15.95146,2.830353965810209,3.5603404,3.2886276
Bromley,BP6156,2.8081499999999995,1.3371435069096258,3.2786798,4.284955
Bromley,BP6183,15.485919999999998,2.8025066832770538,3.2128296,2.4287124
Bromley,BP6184,0.4081499999999999,0.3422767861524064,1.8123846,1.8130888
Bromley,BP6185,0.2342399999999999,0.21045539603772584,1.8127666,1.76257
Bromley,BP6187,13.09856,2.6460726645091635,2.5040283,1.695125
Bromley,BP6188,12.66024,2.6144894235344216,1.4055579,1.6951251
Bromley,BP6189,15.5436,2.8059993200840174,1.3904334,1.76257
Bromley,BP6190,22.86292,3.1723257897351083,1.4306672,1.8729597
Bromley,BP6191,4.85804,1.767815076651263,1.6013746,2.15455
Bromley,BP6192,7.155339999999999,2.098672927417247,1.5568521,2.3765554
Bromley,BP6193,23.71053,3.2072294685766476,1.4932531,2.3798337
Bromley,BP6203,44.69642,3.822019957851351,4.3168325,3.1694531
Bromley,BP6204,14.487,2.7400009623340376,3.0850372,3.0411515
Bromley,BP6214,29.56723,3.4199285200864264,3.6251798,3.1803613
Bromley,BP6215,22.40279,3.1528552460254633,3.6408653,3.1803608
Bromley,BP6292,2.73726,1.318352722608172,3.2657557,3.1598258
Bromley,BP646,35.19636,3.588958561289797,2.7222319,2.444963
Bromley,BP649,219.72705,5.396926870319554,3.0557022,3.0025077
Bromley,BP650,19.18366,3.0048733661711147,3.501923,3.0104303
Bromley,BP671,262.83525000000003,5.575324855313872,5.3441544,4.889591
Bromley,BP691,79.33275,4.386177383385393,3.430898,3.4398398
Bromley,BP692,74.94571,4.330018742917175,3.4579177,3.218503
Bromley,BP693,17.03836,2.892500601411087,3.4389749,2.9863725
Bromley,BP694,40.75409,3.7317974105705543,3.4183354,3.0244207
Bromley,BP695,12.807849999999998,2.625237271014395,3.3513174,3.1540594
Bromley,BP696,42.13054,3.7642313308688764,3.352013,3.1832795
Bromley,BP697,126.25814,4.846217621950546,3.4124985,3.4123063
Bromley,BP699,59.8802,4.108907998699151,3.41693,3.5173998
Bromley,BP700,14.680319999999998,2.752406422877283,3.3880768,3.5173998
Bromley,BP701,15.73358,2.8174174789567825,3.3920693,3.2695532
Bromley,BP702,48.38593,3.899665565811815,3.4412248,3.351571
Bromley,BP703,34.77619,3.5772825883414296,3.2453654,3.4393673
Bromley,BP704,5.62243,1.8904623720817995,3.1855378,3.1437473
Bromley,BP705,6.67578,2.038069916973913,3.1979558,3.1225014
Bromley,BP706,38.8506,3.685137461584608,3.24632,2.7659092
Bromley,BP707,24.67873,3.2456630227701697,3.2679884,2.8068333
Bromley,BP708,45.69374,3.843610108580527,4.132344,2.8631573
Bromley,BP710,22.00438,3.135684632581357,3.4731362,3.2495494
Bromley,BP711,68.13468,4.236056486204715,3.4767811,3.647153
Bromley,BP712,127.18757,4.853494581907536,3.6750894,4.7486787
Bromley,BP713,32.52001,3.5121425739431933,3.6679668,4.6830063
Bromley,BP714,5.97437,1.9422420010474544,3.2632513,2.9771366
Bromley,BP715,22.04275,3.137351186344023,3.3468192,2.9771366
Bromley,BP732,48.16246,3.8951303241293234,3.4116082,3.5876703
Bromley,BP733,28.11982,3.3714190419906993,3.4538903,2.9288187
Bromley,BP734,16.288059999999998,2.850016089814018,3.4762907,3.647153
Bromley,BP792,50.59197,3.9433660402224056,3.7029521,3.4218173
Bromley,BP793,30.17959,3.439763714088397,3.726281,3.378499
Bromley,BP794,80.65113,4.402455658879802,3.7330375,3.7383533
Bromley,BP795,18.13005,2.9512603971445115,3.5307267,3.3676052
Bromley,BP796,107.7513,4.689063623920333,3.4785776,3.1652398
Bromley,BP797,26.54623,3.315865684129925,3.5344224,3.3355374
Bromley,BP798,85.96511,4.465507003735991,3.5172868,3.131472
Bromley,BP799,11.35093,2.513731363882534,3.4296043,3.0857239
Bromley,BP800,32.76545,3.5194380903480362,3.730547,3.6834478
Bromley,BP801,52.15617,3.9732341845979424,3.7252016,3.5915003
Bromley,BP802,32.22631,3.5033420319635,3.4455514,3.0346813
Bromley,BP803,38.82797,3.684569429286627,3.3528037,3.0703273
Bromley,BP806,17.66853,2.9268392185137837,3.5051923,3.5527377
Bromley,BP807,35.21461,3.5894626285709403,3.4797354,3.3471508
Bromley,BP810,66.2588,4.2085478649397645,3.6498601,3.9914942
Bromley,BP811,18.89048,2.990241225304706,3.5914302,4.04983
Bromley,BP847,293.74835,5.6861219414374355,5.641342,5.3662724
Bromley,HC13,0.0586,0.056947280441750125,3.2569532,3.4812956
Bromley,HC190,65.36729,4.195204314623127,3.0965238,2.8098416
Bromley,HC191,8.572149999999999,2.258857840629569,3.0685527,2.8098412
Bromley,HC192,39.15087,3.6926441089002235,2.9921744,2.7489572
Bromley,HC270,4.69511,1.7396079119013717,2.41933,3.1489964
Bromley,HC271,9.62505,2.3632144206817607,4.163649,3.1209655
Bromley,HC272,29.57651,3.4202320671076345,3.3941665,3.0538936
Bromley,HC275,18.46851,2.9687982884639097,3.152395,3.0860195
Bromley,HC276,35.07659,3.585644178532742,3.5177586,3.0860195
Bromley,HC277,16.55212,2.865174740337215,3.834908,3.0860195
Bromley,HC278,4.046409999999999,1.6186770993952717,2.6614041,3.0543737
Bromley,HC419,50.38545,3.9393550584581707,3.2804065,3.1957555
Bromley,HC420,9.62805,2.363496732440509,3.2659943,3.145524
Bromley,HC421,5.419639999999999,1.859362041363266,3.3345532,2.951974
Bromley,HC422,5.419149999999999,1.859285710182487,3.0964742,2.7498655
Bromley,HC423,0.5261199999999999,0.4227285667299125,3.1169405,2.7566042
Bromley,HC424,2.78637,1.3314077764853376,3.5680664,3.118143
Bromley,HC425,20.25552,3.0566166263432986,3.465087,3.0898447
Bromley,HC426,6.61858,2.0305900006268813,3.4894085,3.1109233
Bromley,HC427,21.27457,3.103445669017908,3.0900464,3.0249557
Bromley,HC428,7.709309999999999,2.164392568438223,3.344044,3.0536103
Bromley,HC429,2.9691,1.3785393687468235,3.1251936,3.1773973
Bromley,HC430,2.20044,1.1632883003534222,3.1773047,3.1582727
Bromley,HC431,18.47807,2.969289217330681,2.9787467,3.0456371
Bromley,HC432,6.213889999999999,1.9760083342364545,3.1775248,3.151483
Bromley,HC433,9.77419,2.3771534591501826,3.3258538,3.0422735
Bromley,HC434,5.35439,1.849145912622844,3.4364495,2.9915586
Bromley,HC435,13.72609,2.6896207505671264,3.5324826,3.0477743
Bromley,HC436,1.3365799999999997,0.8486883218189306,3.4157982,3.0407896
Bromley,HC438,0.05867,0.057013403326432295,3.4722805,3.7833157
Bromley,HC439,0.40712,0.34154506234193227,3.470171,3.802412
Bromley,HC441,7.333669999999999,2.1203039353840327,3.3120484,3.1732936
Bromley,HC442,17.391769999999998,2.91190328194554,3.4418435,3.102487
Bromley,HC443,4.048729999999999,1.6191367265110608,3.2506983,3.1043363
Bromley,HC444,5.321339999999999,1.8439312110010309,3.3808527,3.071268
Bromley,HC445,7.489829999999999,2.1388689765656554,2.9878664,2.8000307
Bromley,HC446,8.998009999999999,2.3023860731909185,3.1265054,2.9418006
Bromley,HC447,6.24832,1.980769717876466,3.0339308,2.7710304
Bromley,HC448,5.14085,1.8149631690596904,2.904944,2.7572536
Bromley,HC449,32.01976,3.4971061701433386,3.0337138,2.9700723
Bromley,HC450,13.92692,2.7031662942209174,3.40177,2.905034
Bromley,HC451,3.5374099999999995,1.5123563646835148,3.375801,3.1465201
Bromley,HC452,18.40312,2.965433877880638,3.5157008,3.081563
Bromley,HC453,9.582669999999998,2.3592177575409408,3.4155607,3.4712667
Bromley,HC454,3.2674,1.4510047424886463,3.4470103,3.1930676
Bromley,HC455,16.4984,2.862109448178193,3.3630636,3.2831388
Bromley,HC456,18.65085,2.978120594377169,3.3930025,3.220584
Bromley,HC457,7.71932,2.165541253228785,3.4268136,3.3814487
Bromley,HC458,9.74765,2.3746871260250293,3.3819509,3.251114
Bromley,HC459,4.64535,1.730832197451074,3.3458362,3.3814492
Bromley,HC494,0.3807499999999999,0.3226268297991598,-0.75470227,-0.7441157
Bromley,HC495,1.1088900000000002,0.7461617427158136,-0.39573655,-0.71956307
Bromley,HC496,0.0,0.0,-0.501282,-0.7321836
Bromley,HC497,0.9819599999999998,0.6840862540694318,-0.5009145,-0.7101308
Bromley,HC498,0.16525,0.15293565627071326,-0.2969348,-0.71013075
Bromley,HC499,1.41997,0.8837551433975405,-0.54980785,-0.59014434
Bromley,HC500,0.0,0.0,-0.25340047,-0.5779543
Bromley,HC524,0.11147,0.10568346350455635,0.67183673,0.0022345036
Bromley,HC526,0.1106999999999999,0.10499044719093718,0.509316,0.07450227
Bromley,HC528,1.8649,1.052533445543582,0.39611807,0.052331757
Bromley,HC53,0.22962,0.2067051785621476,3.316738,3.6990643
Bromley,HC530,0.8809399999999996,0.6317716518835087,0.47282472,0.012993105
Bromley,HC531,0.12344,0.11639540667778776,0.5910567,-0.0020688474
Bromley,HC532,0.2773,0.24474847506659408,0.6104293,0.01687318
Bromley,HC533,0.06035,0.058599042302935694,0.39129522,0.087965816
Bromley,HC534,0.21766,0.196930984177954,0.6666467,0.026839226
Bromley,HC535,0.18333,0.1683324979138388,0.24102527,0.063061915
Bromley,HC536,0.2161299999999999,0.1956736857244703,0.6962304,0.06651921
Bromley,HC537,0.9138499999999998,0.6491169200537248,0.12020626,0.022774398
Bromley,HC538,1.2147,0.7951169541436625,0.8555997,0.058077578
Bromley,HC539,0.24291,0.21745540443653588,0.113669954,0.010288708
Bromley,HC540,0.16705,0.1544791972880591,0.85988617,0.005903445
Bromley,HC541,0.12146,0.1146314078240044,0.17716444,-0.0011604354
Bromley,HC542,0.3304499999999998,0.2855172308722696,0.77345634,-0.0909871
Bromley,HC543,0.0,0.0,0.15873349,0.0475121
Bromley,HC544,0.2225,0.20089794236689004,0.7362883,-0.013853848
Bromley,HC545,0.0,0.0,0.1920993,0.05807758
Bromley,HC546,0.0540299999999999,0.052620912712209506,0.56304854,0.43445587
Bromley,HC547,0.1839299999999999,0.16883941309244027,0.20106101,0.00590346
Bromley,HC548,0.0,0.0,-0.1385895,-0.0909871
Bromley,HC549,0.0,0.0,-0.3882152,-0.073990166
Bromley,HC550,0.18269,0.167791505009629,-0.6475182,0.30387318
Bromley,HC611,0.0,0.0,1.6582227,0.97751004
Bromley,HC612,0.0,0.0,1.1041644,0.9775101
Bromley,HC613,0.3484999999999999,0.2989928635976476,1.0539718,0.8167727
Bromley,HC614,0.2342899999999999,0.21049590597684492,1.104269,0.8167727
Bromley,HC615,1.98386,1.0932177643508023,1.0746032,0.84292847
Bromley,HC616,0.11599,0.1097419033454963,1.1437235,0.8429285
Bromley,HC618,0.17432,0.16068925666684075,1.4696585,0.9224266
Bromley,HC620,0.11678,0.1104495445561597,1.4637623,0.98010284
Bromley,HC621,0.58197,0.4586709058281084,1.0617657,0.5932934
Bromley,HC622,0.05825,0.056616600418896025,1.139451,0.8864305
Bromley,HC623,4.714029999999999,1.7429245540573117,0.84771234,0.64801
Bromley,HC624,0.0,0.0,0.8813301,0.71908337
Bromley,HC626,0.05806,0.05643704260315969,0.9482169,0.5810781
Bromley,HC627,4.69133,1.7389439642339952,1.3744401,0.79240704
Bromley,HC628,0.0,0.0,1.1715964,0.69084287
Bromley,HC629,0.5242099999999998,0.42147624304714804,1.3553882,0.8794474
Bromley,HC630,2.45264,1.2391391558050189,1.0270137,1.4227275
Bromley,HC8,5.765479999999999,1.9118332125424824,3.096994,3.0901442
Bromley,HC9,5.77866,1.9137794423009282,3.457581,3.1821136
Bromley,OC534,0.0,0.0,1.4100983,2.551371
Bromley,OC535,0.0,0.0,1.0473772,1.7630222
Bromley,OC536,0.0,0.0,1.4708955,1.7271413
Bromley,OC537,1.75012,1.011644547090078,1.4905839,0.93383664
Bromley,OC539,3.80052,1.568724245379547,1.1590971,0.90834665
Bromley,OC542,0.1170899999999999,0.11072708980453125,0.963616,0.8553649
Bromley,OC543,8.09817,2.20807329439861,0.9172567,0.78598464
Bromley,OC544,0.3491599999999998,0.2994821765675314,0.9604037,0.5583651
Bromley,OC547,1.68686,0.988373225559176,1.2370322,0.82254255
Bromley,OC548,19.84651,3.037186548143068,1.4818685,1.1715465
Bromley,OC549,9.23594,2.32590505661565,1.3609195,1.1310562
Bromley,OC551,0.63796,0.493451565108284,0.73605335,1.5644808
Bromley,OC552,2.03163,1.109100428671387,1.028597,1.803845
Bromley,OC553,0.0,0.0,0.7112757,1.7148181
Bromley,OC557,14.815169999999998,2.760969605988489,3.2893174,3.2000127
Bromley,OC558,0.3494899999999999,0.2997267432965588,3.3169465,3.2127004
Bromley,OC559,51.98586,3.970025085503854,3.2002845,2.8848233
Bromley,OC560,8.03951,2.201604969395197,3.3461192,2.918859
Bromley,OC561,27.10762,3.3360407139557986,3.271675,2.8123984
Bromley,OC562,22.32171,3.149384686409734,3.3191614,2.812398
Bromley,OC563,4.07614,1.6245511302440603,3.4559216,3.009417
Bromley,OC564,4.14501,1.6380273129187208,3.5019286,3.0266328
Bromley,OC565,34.72891,3.5759601649928774,3.2651753,3.1694527
Bromley,OC579,158.10102,5.069539346385415,4.663573,3.8414354
Bromley,OC756,0.11742,0.11102245657612703,1.20012,0.75763535
Bromley,OC757,0.1166799999999999,0.11035999739608794,3.2669291,3.1694527
Bromley,OC758,15.47834,2.8020467912525646,3.2187884,3.1920056
Bromley,OC759,4.662649999999999,1.7338919805245219,3.163177,3.1920056
Bromley,OC760,24.52025,3.239472254666851,3.1252236,3.195045
Bromley,OC761,0.4640499999999999,0.38120656796138364,3.168277,3.2229652
Bromley,OC762,29.17741,3.4070936312342948,3.1301546,3.3701205
Bromley,OC768,0.05697,0.055406324271505256,3.2955694,2.8993797
Bromley,OC770,22.98107,3.177264769121,3.0140061,2.752139
Bromley,OC771,0.17313,0.15967539046995832,3.234868,2.7918644
Bromley,OC772,19.91279,3.040360933521036,3.1903963,2.7604594
Bromley,OC774,26.25066,3.3050777409994354,3.0100527,2.789559
Bromley,OC776,2.7980799999999992,1.3344956758860032,3.0484645,2.9996495
Bromley,OC777,2.39286,1.2216732235302457,3.2991226,2.800089
Bromley,OC779,6.156219999999999,1.967981908605988,3.1018157,2.869471
Bromley,OC780,4.840269999999999,1.7647770286481415,3.14476,4.1685023
Bromley,OC783,13.35656,2.6642069806048108,3.4119837,4.178974
Bromley,OC784,12.11574,2.5738130356691173,3.7905934,3.3724256
Bromley,OC787,53.5149,3.9984740587991463,3.8323908,3.2782688
Bromley,OC789,15.74442,2.81806506844115,3.630292,3.122706
Bromley,OC816,2.7953299999999994,1.333771363588833,3.0612452,2.7749925
Bromley,OC818,1.3419599999999996,0.8509881856103707,3.2594833,3.1203547
Bromley,OC819,5.207,1.8256776874315157,2.9396915,2.7893462
Bromley,OC820,0.0,0.0,3.1316142,3.6668935
Bromley,OC822,26.02038,3.296591396089711,3.1710467,3.2436662
Bromley,OC947,5.54777,1.8791245336629057,3.2561464,3.4611855
Bromley,OC948,6.51472,2.016863763695109,3.4880753,3.4146795
Bromley,OC949,4.05185,1.6197545128360504,3.06156,3.2603393
Bromley,OC969,50.11429,3.934064105865026,3.5635805,3.0463743
Bromley,OC970,13.49152,2.673563650761965,3.359993,3.1514478
Bromley,OC971,12.17543,2.5783537314659895,3.1963682,3.2672129
Bromley,OC974,1.63136,0.9675008228003936,1.0247093,2.2856936
Bromley,R0388,58.93722,4.093297681099899,3.750206,3.281753
Bromley,R0389,24.00151,3.218936223044194,3.1161604,2.2388878
Bromley,R0392,0.3914299999999999,0.33033199529264845,1.3180342,0.9501629
Bromley,R0393,0.0542,0.05278218543896945,-0.25611302,-0.603896
Bromley,R0394,33.35227,3.5366681009099152,4.0601897,3.5971503
Bromley,R0395,18.36532,2.9634838374880728,3.6860342,3.6719341
Bromley,R0396,108.63848,4.697188407785037,4.248046,3.8459177
Bromley,R0397,23.83303,3.2121746218777028,3.133949,3.4530506
Bromley,R0398,1.97767,1.0911411154957211,6.412126,4.749795
Bromley,R0405,448.3039,6.1076994962075934,5.8460355,5.056065
Bromley,R0416,28.86823,3.3967953736928886,4.858947,4.0169168
Bromley,R0501,29.92929,3.4317036313736944,5.768235,5.077903
Bromley,R0504,50.36206,3.9388997676116277,3.0079906,2.7623339
Bromley,R0507,7.40588,2.1289314609635412,3.383668,2.8312278
Bromley,R0509,161.22168,5.088963794894823,5.311136,5.034536
Bromley,R0512,1.86021,1.050895048709589,1.579036,2.0958724
Bromley,R0514,700.78587,6.5536283290051305,6.7095027,5.5177417
Bromley,R0516,6.499859999999999,2.0148843537013734,4.3113155,3.359796
Bromley,R0517,14.08828,2.7139182835131814,3.3080416,3.7012172
Bromley,R0520,1165.74565,7.0619736565178535,6.7718034,5.4996386
Bromley,R0528,66.43907999999999,4.211224671844915,4.5054517,4.0698686
Bromley,R0551,250.71258,5.528287881027386,5.5696025,4.7245255
Bromley,R0553,92.39593,4.5368477682682045,4.9928975,3.9309058
Bromley,R0557,16.75348,2.8765815530429206,5.1988387,3.5816689
Bromley,R0599,45.89331,3.8478750213543806,4.1802826,3.0670376
Bromley,R0600,24.70357,3.24662989275984,3.8065782,3.964807
Bromley,R0602,65.92546,4.203579462748503,3.0312514,2.8961263
Bromley,R0603,27.0719,3.3347690760061166,2.9306998,2.8760648
Bromley,R0604,6.728389999999999,2.0449005614753686,2.6034603,2.8416371
Bromley,R0605,0.6565799999999996,0.5047552361887088,2.6911757,2.8053756
Bromley,R0606,144.83115999999998,4.982449514161368,3.641369,3.0105557
Bromley,R0608,18.17247,2.9534753959144875,3.6674223,3.886363
Bromley,R0611,11.66072,2.5385042871367918,2.8977518,3.4932709
Bromley,R0612,12.38056,2.593802907336954,2.7053127,3.1834188
Bromley,R0613,11.00243,2.485109129287643,2.4680362,2.7392106
Bromley,R0614,1.6810099999999994,0.9861935891983764,2.5882075,2.8027916
Bromley,R0615,1.7336499999999997,1.0056377125501175,3.880844,4.0710125
Bromley,R0664,83.35857,4.435076404305213,3.1758654,2.075779
Bromley,R0775,62.38331,4.149200577575668,5.693443,5.441978
Bromley,R0776,418.54125,6.039161852419892,6.035232,4.8820567
Bromley,R0777,30.36851,3.445804523465359,3.812379,4.067069
Bromley,R0778,13.882879999999998,2.7002115590639697,3.7849715,4.0426083
Bromley,R0783,2.26302,1.1826531469212378,3.8346071,3.4354868
Bromley,R0859,24.6469,3.244422706613093,4.331413,3.4252548
Bromley,R0860,382.99792,5.95063713590639,5.5433536,5.1552434
Bromley,R0882,119.73424,4.793591766416175,3.4597192,4.5292783
Bromley,R0891,38.04297,3.6646628344709455,4.2626944,3.943812
Bromley,R0903,72.07158,4.291439508670487,4.9073615,4.246364
Bromley,R0904,1.5616999999999994,0.9406711005995329,2.2645955,1.7620567
Bromley,R0905,20.77534,3.0807781368531755,3.6689348,3.7336416
Bromley,19752,14.150569999999998,2.718038155009998,4.6718698,5.5707707
Bromley,20813,310.76699,5.742256081872253,6.0066295,4.4359293
Bromley,27519,731.46746,6.596418916696291,6.3130207,5.180251
Bromley,6589,144.93594,4.983167758298588,6.078069,4.3568964
Bromley,6915,603.73756,6.40479457879489,6.4157615,5.591858
Bromley,BP041,2294.60531,7.738751839352285,6.618971,5.78763
Bromley,BP042,25.316389999999995,3.270191938995379,6.383828,5.7876306
Bromley,BP053,120.0738,4.796400277028118,5.8229446,5.6525426
Bromley,BP054,470.33494,6.155568966552047,7.2099376,5.78302
Bromley,BP055,1228.4951,7.114358876288404,7.2076607,5.712189
