borough,STOPCODE,alpha,seed
Barking and Dagenham,1029,0.5363088,42
Barking and Dagenham,1216,0.574807,42
Barking and Dagenham,1217,0.5822238,42
Barking and Dagenham,14100,0.5884635,42
Barking and Dagenham,14119,0.44981453,42
Barking and Dagenham,14677,0.36626035,42
Barking and Dagenham,14693,0.4939473,42
Barking and Dagenham,14694,0.4627454,42
Barking and Dagenham,14718,0.46709314,42
Barking and Dagenham,14951,0.6214717,42
Barking and Dagenham,14952,0.5756503,42
Barking and Dagenham,14953,0.5897157,42
Barking and Dagenham,14954,0.5823141,42
Barking and Dagenham,15003,0.5379684,42
Barking and Dagenham,15004,0.5345671,42
Barking and Dagenham,15445,0.54644984,42
Barking and Dagenham,15447,0.5124148,42
Barking and Dagenham,15448,0.50189924,42
Barking and Dagenham,15449,0.51211035,42
Barking and Dagenham,15450,0.4868321,42
Barking and Dagenham,15451,0.49946472,42
Barking and Dagenham,15452,0.5644255,42
Barking and Dagenham,15453,0.5957893,42
Barking and Dagenham,15454,0.61743015,42
Barking and Dagenham,15455,0.61127084,42
Barking and Dagenham,15456,0.65971756,42
Barking and Dagenham,15457,0.6470358,42
Barking and Dagenham,15458,0.560818,42
Barking and Dagenham,15459,0.5671358,42
Barking and Dagenham,15460,0.5447121,42
Barking and Dagenham,15461,0.5593423,42
Barking and Dagenham,15462,0.5264278,42
Barking and Dagenham,15463,0.5264125,42
Barking and Dagenham,15464,0.5457893,42
Barking and Dagenham,15465,0.5316793,42
Barking and Dagenham,15466,0.57886755,42
Barking and Dagenham,15467,0.579206,42
Barking and Dagenham,15468,0.435292,42
Barking and Dagenham,15469,0.47197536,42
Barking and Dagenham,15470,0.45125797,42
Barking and Dagenham,15477,0.5627346,42
Barking and Dagenham,15478,0.58569515,42
Barking and Dagenham,15479,0.6495758,42
Barking and Dagenham,15480,0.6504396,42
Barking and Dagenham,15481,0.4617153,42
Barking and Dagenham,15482,0.44026998,42
Barking and Dagenham,15504,0.42639038,42
Barking and Dagenham,15505,0.5023749,42
Barking and Dagenham,15506,0.51796263,42
Barking and Dagenham,15508,0.59854925,42
Barking and Dagenham,15513,0.58704364,42
Barking and Dagenham,15514,0.57763904,42
Barking and Dagenham,15515,0.59393847,42
Barking and Dagenham,15517,0.5681061,42
Barking and Dagenham,15518,0.52642447,42
Barking and Dagenham,15519,0.5600384,42
Barking and Dagenham,15520,0.5627751,42
Barking and Dagenham,15522,0.5340239,42
Barking and Dagenham,15586,0.48610297,42
Barking and Dagenham,16480,0.6268482,42
Barking and Dagenham,16481,0.5163142,42
Barking and Dagenham,16484,0.4182033,42
Barking and Dagenham,16485,0.48559612,42
Barking and Dagenham,1676,0.47091222,42
Barking and Dagenham,1677,0.4705023,42
Barking and Dagenham,16970,0.45592886,42
Barking and Dagenham,1709,0.42233846,42
Barking and Dagenham,1710,0.45249644,42
Barking and Dagenham,1711,0.41528872,42
Barking and Dagenham,18025,0.4254828,42
Barking and Dagenham,18026,0.40755093,42
Barking and Dagenham,18296,0.56853294,42
Barking and Dagenham,18297,0.5742297,42
Barking and Dagenham,18298,0.4735231,42
Barking and Dagenham,18299,0.47109312,42
Barking and Dagenham,1830,0.53763634,42
Barking and Dagenham,18301,0.47071648,42
Barking and Dagenham,18304,0.42706516,42
Barking and Dagenham,18305,0.42807347,42
Barking and Dagenham,18306,0.40746155,42
Barking and Dagenham,18307,0.4083594,42
Barking and Dagenham,18308,0.4463942,42
Barking and Dagenham,18309,0.45530224,42
Barking and Dagenham,1831,0.515792,42
Barking and Dagenham,18310,0.44202906,42
Barking and Dagenham,18311,0.44488975,42
Barking and Dagenham,18312,0.48059264,42
Barking and Dagenham,18313,0.44433063,42
Barking and Dagenham,18314,0.54039997,42
Barking and Dagenham,18340,0.5573386,42
Barking and Dagenham,18341,0.53670186,42
Barking and Dagenham,18342,0.55737925,42
Barking and Dagenham,18343,0.59070975,42
Barking and Dagenham,18344,0.5812011,42
Barking and Dagenham,18345,0.55229133,42
Barking and Dagenham,18346,0.54130256,42
Barking and Dagenham,18391,0.55890816,42
Barking and Dagenham,18392,0.5267965,42
Barking and Dagenham,18393,0.47520006,42
Barking and Dagenham,18394,0.48346204,42
Barking and Dagenham,18800,0.4587178,42
Barking and Dagenham,1904,0.4657385,42
Barking and Dagenham,19041,0.580284,42
Barking and Dagenham,19042,0.5763608,42
Barking and Dagenham,19296,0.48416746,42
Barking and Dagenham,19297,0.5136032,42
Barking and Dagenham,19298,0.5136498,42
Barking and Dagenham,19299,0.46198717,42
Barking and Dagenham,19300,0.52082705,42
Barking and Dagenham,19301,0.5215048,42
Barking and Dagenham,19302,0.5267139,42
Barking and Dagenham,19303,0.56898755,42
Barking and Dagenham,19304,0.5699282,42
Barking and Dagenham,19305,0.51165044,42
Barking and Dagenham,19306,0.51390505,42
Barking and Dagenham,19307,0.51250106,42
Barking and Dagenham,19308,0.5060753,42
Barking and Dagenham,19309,0.5232509,42
Barking and Dagenham,19310,0.55719435,42
Barking and Dagenham,19311,0.54890573,42
Barking and Dagenham,19312,0.5489625,42
Barking and Dagenham,19313,0.3871247,42
Barking and Dagenham,19315,0.44887546,42
Barking and Dagenham,19316,0.43684137,42
Barking and Dagenham,20339,0.6089222,42
Barking and Dagenham,20392,0.54148525,42
Barking and Dagenham,20499,0.50993246,42
Barking and Dagenham,20500,0.47613546,42
Barking and Dagenham,20521,0.46210995,42
Barking and Dagenham,20540,0.4655152,42
Barking and Dagenham,20541,0.45871297,42
Barking and Dagenham,20693,0.4587277,42
Barking and Dagenham,20694,0.48328167,42
Barking and Dagenham,20697,0.512616,42
Barking and Dagenham,20811,0.6294623,42
Barking and Dagenham,20822,0.45474675,42
Barking and Dagenham,20880,0.56181896,42
Barking and Dagenham,20881,0.53151566,42
Barking and Dagenham,20971,0.6104882,42
Barking and Dagenham,20988,0.58899,42
Barking and Dagenham,2288,0.4097367,42
Barking and Dagenham,2290,0.4377985,42
Barking and Dagenham,23397,0.5518761,42
Barking and Dagenham,25125,0.43902275,42
Barking and Dagenham,25377,0.5598778,42
Barking and Dagenham,25378,0.55910873,42
Barking and Dagenham,25379,0.56619,42
Barking and Dagenham,25380,0.565069,42
Barking and Dagenham,25381,0.5985291,42
Barking and Dagenham,25382,0.6531649,42
Barking and Dagenham,25383,0.593749,42
Barking and Dagenham,25384,0.56723094,42
Barking and Dagenham,25385,0.5637658,42
Barking and Dagenham,25386,0.5370263,42
Barking and Dagenham,25387,0.5213985,42
Barking and Dagenham,25388,0.4942601,42
Barking and Dagenham,25389,0.58130175,42
Barking and Dagenham,25390,0.5389104,42
Barking and Dagenham,25391,0.4827499,42
Barking and Dagenham,25392,0.4912406,42
Barking and Dagenham,25393,0.46322295,42
Barking and Dagenham,25394,0.46982402,42
Barking and Dagenham,25395,0.4885864,42
Barking and Dagenham,25396,0.50627977,42
Barking and Dagenham,25399,0.5865221,42
Barking and Dagenham,26367,0.54623514,42
Barking and Dagenham,26887,0.5040182,42
Barking and Dagenham,26888,0.500499,42
Barking and Dagenham,27451,0.40330094,42
Barking and Dagenham,27870,0.51287585,42
Barking and Dagenham,27950,0.44657543,42
Barking and Dagenham,2838,0.44568053,42
Barking and Dagenham,29141,0.47613624,42
Barking and Dagenham,29142,0.44389886,42
Barking and Dagenham,29143,0.5192877,42
Barking and Dagenham,29144,0.5033397,42
Barking and Dagenham,29234,0.47520578,42
Barking and Dagenham,29235,0.48293957,42
Barking and Dagenham,29236,0.46690813,42
Barking and Dagenham,29237,0.5970771,42
Barking and Dagenham,29238,0.60169905,42
Barking and Dagenham,29239,0.4447886,42
Barking and Dagenham,29240,0.44022864,42
Barking and Dagenham,29241,0.4334177,42
Barking and Dagenham,29256,0.5359992,42
Barking and Dagenham,29257,0.5416809,42
Barking and Dagenham,29258,0.5409799,42
Barking and Dagenham,29259,0.49987873,42
Barking and Dagenham,29260,0.49519965,42
Barking and Dagenham,29261,0.48170575,42
Barking and Dagenham,29262,0.4787417,42
Barking and Dagenham,29413,0.61665756,42
Barking and Dagenham,29414,0.6120316,42
Barking and Dagenham,29415,0.64242196,42
Barking and Dagenham,29416,0.6410118,42
Barking and Dagenham,29417,0.5686431,42
Barking and Dagenham,29418,0.5680622,42
Barking and Dagenham,29419,0.6256311,42
Barking and Dagenham,29420,0.61465997,42
Barking and Dagenham,29422,0.5622558,42
Barking and Dagenham,29423,0.57729214,42
Barking and Dagenham,29424,0.5554081,42
Barking and Dagenham,29425,0.55060714,42
Barking and Dagenham,29510,0.56993663,42
Barking and Dagenham,29511,0.5468876,42
Barking and Dagenham,29512,0.55074036,42
Barking and Dagenham,29513,0.5674258,42
Barking and Dagenham,29514,0.5951974,42
Barking and Dagenham,29516,0.53226656,42
Barking and Dagenham,29517,0.5095829,42
Barking and Dagenham,29518,0.515853,42
Barking and Dagenham,29542,0.53689635,42
Barking and Dagenham,29747,0.47098944,42
Barking and Dagenham,29749,0.48644868,42
Barking and Dagenham,29750,0.48610732,42
Barking and Dagenham,29751,0.6005104,42
Barking and Dagenham,29752,0.5966232,42
Barking and Dagenham,29754,0.542452,42
Barking and Dagenham,29776,0.35951692,42
Barking and Dagenham,29836,0.47074342,42
Barking and Dagenham,29973,0.5331855,42
Barking and Dagenham,3319,0.4532381,42
Barking and Dagenham,3320,0.45336574,42
Barking and Dagenham,3321,0.49015737,42
Barking and Dagenham,3322,0.48493895,42
Barking and Dagenham,33514,0.40554687,42
Barking and Dagenham,33515,0.3930866,42
Barking and Dagenham,33722,0.58966154,42
Barking and Dagenham,33954,0.40293583,42
Barking and Dagenham,33956,0.43616694,42
Barking and Dagenham,34726,0.5329625,42
Barking and Dagenham,34865,0.59658825,42
Barking and Dagenham,34866,0.58919805,42
Barking and Dagenham,34884,0.4787135,42
Barking and Dagenham,34996,0.56743866,42
Barking and Dagenham,34998,0.55369043,42
Barking and Dagenham,36559,0.5505652,42
Barking and Dagenham,36651,0.53765637,42
Barking and Dagenham,37184,0.36872134,42
Barking and Dagenham,37185,0.43563375,42
Barking and Dagenham,37186,0.45168898,42
Barking and Dagenham,37187,0.46759918,42
Barking and Dagenham,37188,0.387741,42
Barking and Dagenham,37189,0.43080667,42
Barking and Dagenham,37196,0.41134733,42
Barking and Dagenham,3816,0.5675583,42
Barking and Dagenham,4282,0.577596,42
Barking and Dagenham,4283,0.5696879,42
Barking and Dagenham,4284,0.5091734,42
Barking and Dagenham,4285,0.5125017,42
Barking and Dagenham,4294,0.58437943,42
Barking and Dagenham,4295,0.5802554,42
Barking and Dagenham,4296,0.5040453,42
Barking and Dagenham,4298,0.38743454,42
Barking and Dagenham,4303,0.46971542,42
Barking and Dagenham,587,0.45639622,42
Barking and Dagenham,9544,0.36770335,42
Barking and Dagenham,9548,0.39281785,42
Barking and Dagenham,9645,0.37939066,42
Barking and Dagenham,9646,0.41840535,42
Barking and Dagenham,9820,0.57914215,42
Barking and Dagenham,9821,0.61050844,42
Barking and Dagenham,9822,0.6793198,42
Barking and Dagenham,9823,0.6737035,42
Barking and Dagenham,BP071,0.5436669,42
Barking and Dagenham,BP096,0.35883525,42
Barking and Dagenham,BP1105,0.49630004,42
Barking and Dagenham,BP1296,0.5162597,42
Barking and Dagenham,BP133,0.48617887,42
Barking and Dagenham,BP147,0.57985026,42
Barking and Dagenham,BP155,0.57843614,42
Barking and Dagenham,BP164,0.5445682,42
Barking and Dagenham,BP1750,0.42180386,42
Barking and Dagenham,BP181,0.57206845,42
Barking and Dagenham,BP1920,0.5597786,42
Barking and Dagenham,BP1991,0.49798352,42
Barking and Dagenham,BP2154,0.40843597,42
Barking and Dagenham,BP2155,0.3741828,42
Barking and Dagenham,BP222,0.5360151,42
Barking and Dagenham,BP227,0.55524987,42
Barking and Dagenham,BP230,0.4959769,42
Barking and Dagenham,BP2661,0.46202734,42
Barking and Dagenham,BP270,0.45365435,42
Barking and Dagenham,BP2818,0.45388278,42
Barking and Dagenham,BP3038,0.4548583,42
Barking and Dagenham,BP3039,0.46590975,42
Barking and Dagenham,BP3042,0.48077586,42
Barking and Dagenham,BP3472,0.49055976,42
Barking and Dagenham,BP4055,0.40302932,42
Barking and Dagenham,BP4056,0.45386454,42
Barking and Dagenham,BP433,0.40830347,42
Barking and Dagenham,BP4381,0.4797261,42
Barking and Dagenham,BP4382,0.48647824,42
Barking and Dagenham,BP4426,0.438266,42
Barking and Dagenham,BP4431,0.47435266,42
Barking and Dagenham,BP4609,0.50381494,42
Barking and Dagenham,BP5390,0.43535784,42
Barking and Dagenham,BP5397,0.50865847,42
Barking and Dagenham,BP5398,0.5051962,42
Barking and Dagenham,BP5400,0.5517945,42
Barking and Dagenham,BP5410,0.50993025,42
Barking and Dagenham,BP5411,0.51278013,42
Barking and Dagenham,BP5414,0.5188295,42
Barking and Dagenham,BP5415,0.49355403,42
Barking and Dagenham,BP5434,0.4826612,42
Barking and Dagenham,BP5546,0.53880644,42
Barking and Dagenham,BP5652,0.5390757,42
Barking and Dagenham,BP5653,0.53915054,42
Barking and Dagenham,BP5755,0.33249363,42
Barking and Dagenham,BP5799,0.5442397,42
Barking and Dagenham,BP6069,0.37366942,42
Barking and Dagenham,BP6070,0.43075967,42
Barking and Dagenham,BP6071,0.47579643,42
Barking and Dagenham,BP6072,0.51247936,42
Barking and Dagenham,BP6138,0.5545688,42
Barking and Dagenham,BP6283,0.51745903,42
Barking and Dagenham,BP6284,0.51095194,42
Barking and Dagenham,BP6285,0.5193957,42
Barking and Dagenham,HC220,0.41771987,42
Barking and Dagenham,HC221,0.44280222,42
Barking and Dagenham,HC222,0.40757826,42
Barking and Dagenham,HC223,0.42588335,42
Barking and Dagenham,HC224,0.40251726,42
Barking and Dagenham,HC225,0.41677144,42
Barking and Dagenham,HC294,0.5859935,42
Barking and Dagenham,HC295,0.54206824,42
Barking and Dagenham,HC296,0.56929576,42
Barking and Dagenham,LE134,0.45405245,42
Barking and Dagenham,LE171,0.35652336,42
Barking and Dagenham,LE195,0.44526735,42
Barking and Dagenham,LE217,0.5033464,42
Barking and Dagenham,LE218,0.4946451,42
Barking and Dagenham,LE222,0.49814144,42
Barking and Dagenham,LE223,0.5922915,42
Barking and Dagenham,LE224,0.5860004,42
Barking and Dagenham,OC628,0.542377,42
Barking and Dagenham,R0067,0.5561654,42
Barking and Dagenham,R0068,0.51858586,42
Barking and Dagenham,R0175,0.45599028,42
Barking and Dagenham,R0320,0.4760376,42
Barking and Dagenham,R0338,0.4847893,42
Barking and Dagenham,R0590,0.41909394,42
Barking and Dagenham,15585,0.47450328,42
Barking and Dagenham,29139,0.44814637,42
Barking and Dagenham,29140,0.40774152,42
Barking and Dagenham,29756,0.5402866,42
Barking and Dagenham,33951,0.38581035,42
Barking and Dagenham,33952,0.45351246,42
Barking and Dagenham,33955,0.43983376,42
Barking and Dagenham,34361,0.5469184,42
Barking and Dagenham,34843,0.49180076,42
Barking and Dagenham,35770,0.3997367,42
Barking and Dagenham,35771,0.35508657,42
Barking and Dagenham,4279,0.49716055,42
Barking and Dagenham,695,0.3668778,42
Barking and Dagenham,BP236,0.3788573,42
Barking and Dagenham,BP4052,0.39073628,42
Barking and Dagenham,BP4053,0.4032369,42
Barking and Dagenham,BP4054,0.4095464,42
Barking and Dagenham,BP4057,0.4071749,42
Barking and Dagenham,BP4191,0.39415482,42
Barking and Dagenham,BP4825,0.35509515,42
Barking and Dagenham,LE138,0.3592351,42
Barking and Dagenham,LE174,0.3601871,42
Barnet,1023,0.56967854,42
Barnet,10242,0.62532914,42
Barnet,11136,0.5389581,42
Barnet,11205,0.40656418,42
Barnet,11772,0.56345236,42
Barnet,11773,0.5741934,42
Barnet,1184,0.45599678,42
Barnet,11992,0.51211864,42
Barnet,12085,0.33765247,42
Barnet,12086,0.39718866,42
Barnet,12087,0.40232292,42
Barnet,12088,0.4184613,42
Barnet,12089,0.44976285,42
Barnet,12199,0.28234276,42
Barnet,12200,0.27594158,42
Barnet,12201,0.26299453,42
Barnet,12218,0.45314854,42
Barnet,12912,0.6282839,42
Barnet,12913,0.45363688,42
Barnet,12914,0.44899213,42
Barnet,1306,0.48929274,42
Barnet,1307,0.49277306,42
Barnet,1308,0.57096094,42
Barnet,1309,0.5857508,42
Barnet,1310,0.38847077,42
Barnet,1311,0.3871741,42
Barnet,1329,0.53756666,42
Barnet,1330,0.54173136,42
Barnet,1333,0.52539396,42
Barnet,1334,0.5274455,42
Barnet,13422,0.47918946,42
Barnet,13423,0.47430244,42
Barnet,13424,0.464439,42
Barnet,13425,0.46729028,42
Barnet,13507,0.48368272,42
Barnet,14130,0.35189056,42
Barnet,14131,0.542361,42
Barnet,14461,0.6583909,42
Barnet,14462,0.65938544,42
Barnet,14632,0.6399412,42
Barnet,14636,0.64569473,42
Barnet,1466,0.54112935,42
Barnet,14701,0.48050064,42
Barnet,14702,0.4416206,42
Barnet,14721,0.5008244,42
Barnet,14722,0.51038736,42
Barnet,14768,0.5305008,42
Barnet,14769,0.5285522,42
Barnet,14770,0.52780056,42
Barnet,14772,0.4084938,42
Barnet,14773,0.42537355,42
Barnet,14774,0.38504896,42
Barnet,14775,0.36577547,42
Barnet,14776,0.39082742,42
Barnet,14777,0.389478,42
Barnet,14778,0.5161792,42
Barnet,14779,0.4747285,42
Barnet,1478,0.43570277,42
Barnet,14869,0.6051566,42
Barnet,14870,0.55415946,42
Barnet,14888,0.553805,42
Barnet,14927,0.4535329,42
Barnet,15039,0.555227,42
Barnet,15092,0.52531856,42
Barnet,15093,0.5344697,42
Barnet,15094,0.48604804,42
Barnet,15095,0.45092228,42
Barnet,15096,0.42478946,42
Barnet,15097,0.42593858,42
Barnet,15098,0.43000606,42
Barnet,15099,0.4299203,42
Barnet,1516,0.5752669,42
Barnet,15417,0.42911777,42
Barnet,15418,0.4281431,42
Barnet,15419,0.49209538,42
Barnet,1542,0.46300456,42
Barnet,15420,0.49653092,42
Barnet,15421,0.61918384,42
Barnet,15422,0.6377231,42
Barnet,15424,0.6207862,42
Barnet,1543,0.47281286,42
Barnet,1555,0.49516007,42
Barnet,1556,0.5173116,42
Barnet,15606,0.43612877,42
Barnet,15607,0.40958875,42
Barnet,15608,0.42683405,42
Barnet,15609,0.42646122,42
Barnet,15610,0.36559498,42
Barnet,15611,0.38818076,42
Barnet,15612,0.3943457,42
Barnet,15613,0.41676316,42
Barnet,15615,0.5483384,42
Barnet,15620,0.51374054,42
Barnet,15621,0.5173824,42
Barnet,15626,0.35395467,42
Barnet,15627,0.35334808,42
Barnet,15628,0.3685928,42
Barnet,15629,0.36438462,42
Barnet,15630,0.362786,42
Barnet,15631,0.3708867,42
Barnet,15632,0.5195793,42
Barnet,15633,0.543594,42
Barnet,15634,0.5007332,42
Barnet,15636,0.49909422,42
Barnet,15638,0.5609346,42
Barnet,15639,0.48240626,42
Barnet,15640,0.501065,42
Barnet,15641,0.42002794,42
Barnet,15642,0.42008033,42
Barnet,15643,0.3779393,42
Barnet,15644,0.34281343,42
Barnet,15677,0.5293006,42
Barnet,15737,0.5200108,42
Barnet,15738,0.53200406,42
Barnet,15739,0.4558637,42
Barnet,15741,0.4743713,42
Barnet,15742,0.5178247,42
Barnet,15743,0.567892,42
Barnet,15744,0.53951824,42
Barnet,15745,0.6203294,42
Barnet,15746,0.5804871,42
Barnet,15749,0.51388323,42
Barnet,15750,0.5828039,42
Barnet,15751,0.4856478,42
Barnet,15752,0.48578998,42
Barnet,15753,0.36469626,42
Barnet,15754,0.34051442,42
Barnet,15755,0.43021578,42
Barnet,15756,0.38175008,42
Barnet,15757,0.3906971,42
Barnet,15758,0.39061207,42
Barnet,15759,0.5982631,42
Barnet,15760,0.5778263,42
Barnet,15912,0.6686774,42
Barnet,15913,0.6721666,42
Barnet,15914,0.62808466,42
Barnet,15915,0.6296654,42
Barnet,15916,0.57506937,42
Barnet,15917,0.5561509,42
Barnet,15918,0.5822065,42
Barnet,15919,0.5557498,42
Barnet,15920,0.5653116,42
Barnet,15921,0.49369308,42
Barnet,15922,0.47065425,42
Barnet,15923,0.47322822,42
Barnet,15924,0.46820474,42
Barnet,15925,0.49989387,42
Barnet,15926,0.4960136,42
Barnet,15927,0.5055025,42
Barnet,15928,0.49070105,42
Barnet,15929,0.5069136,42
Barnet,15930,0.5252678,42
Barnet,15932,0.5442878,42
Barnet,15933,0.5180087,42
Barnet,15934,0.50448287,42
Barnet,15951,0.54031515,42
Barnet,16028,0.6234137,42
Barnet,16029,0.6014451,42
Barnet,16067,0.4777361,42
Barnet,16068,0.49162856,42
Barnet,16069,0.4624919,42
Barnet,16070,0.4310364,42
Barnet,16071,0.43587252,42
Barnet,16072,0.48312637,42
Barnet,16073,0.4666902,42
Barnet,16074,0.60380584,42
Barnet,16104,0.37440708,42
Barnet,16105,0.36334896,42
Barnet,16108,0.44218218,42
Barnet,16109,0.43895507,42
Barnet,16110,0.438581,42
Barnet,16111,0.42680767,42
Barnet,16453,0.48624346,42
Barnet,16454,0.48656034,42
Barnet,16455,0.4815118,42
Barnet,16457,0.43956336,42
Barnet,16458,0.43981302,42
Barnet,16459,0.3838621,42
Barnet,16460,0.36119333,42
Barnet,16469,0.46916696,42
Barnet,16470,0.49833667,42
Barnet,16471,0.53277415,42
Barnet,16472,0.5314226,42
Barnet,16473,0.5349812,42
Barnet,16474,0.5909025,42
Barnet,16475,0.5858579,42
Barnet,16487,0.49198622,42
Barnet,16488,0.4882586,42
Barnet,16489,0.4670438,42
Barnet,16490,0.4229137,42
Barnet,16491,0.38409013,42
Barnet,16492,0.37761104,42
Barnet,16493,0.48322743,42
Barnet,16494,0.48333925,42
Barnet,16495,0.511577,42
Barnet,16496,0.5174209,42
Barnet,16497,0.5012137,42
Barnet,16498,0.49590793,42
Barnet,16500,0.5346216,42
Barnet,16501,0.52982867,42
Barnet,16503,0.46761948,42
Barnet,16504,0.5136415,42
Barnet,16505,0.45291826,42
Barnet,16506,0.46895915,42
Barnet,16507,0.424739,42
Barnet,16508,0.43404108,42
Barnet,16509,0.46176115,42
Barnet,16510,0.46130022,42
Barnet,16511,0.5304016,42
Barnet,16512,0.5494778,42
Barnet,16519,0.48976645,42
Barnet,16520,0.59967583,42
Barnet,16521,0.46772185,42
Barnet,16523,0.4340892,42
Barnet,16524,0.4904898,42
Barnet,16525,0.4726037,42
Barnet,16526,0.4822489,42
Barnet,16527,0.48107684,42
Barnet,16528,0.490004,42
Barnet,16529,0.3855039,42
Barnet,16530,0.4078,42
Barnet,16531,0.519192,42
Barnet,16532,0.45365083,42
Barnet,16533,0.43043652,42
Barnet,16536,0.41677678,42
Barnet,16537,0.42283183,42
Barnet,16538,0.57209957,42
Barnet,16539,0.54125434,42
Barnet,16540,0.5078849,42
Barnet,16571,0.3541912,42
Barnet,16572,0.35416204,42
Barnet,16973,0.39048693,42
Barnet,16975,0.27115723,42
Barnet,16990,0.46537966,42
Barnet,16991,0.3489662,42
Barnet,16992,0.45491588,42
Barnet,16993,0.33912,42
Barnet,16994,0.46872625,42
Barnet,16995,0.46889433,42
Barnet,16996,0.46080598,42
Barnet,17035,0.37235287,42
Barnet,17099,0.3482106,42
Barnet,17100,0.40799248,42
Barnet,17101,0.44343168,42
Barnet,17102,0.49244595,42
Barnet,17166,0.49390227,42
Barnet,17167,0.51575255,42
Barnet,17168,0.5136469,42
Barnet,17169,0.51675385,42
Barnet,17256,0.35858873,42
Barnet,17257,0.5854663,42
Barnet,17259,0.34272817,42
Barnet,17260,0.34436736,42
Barnet,17267,0.49444735,42
Barnet,17268,0.4816099,42
Barnet,17269,0.43974864,42
Barnet,17270,0.49326718,42
Barnet,17271,0.42248327,42
Barnet,17272,0.47817332,42
Barnet,17273,0.4839114,42
Barnet,1731,0.45603594,42
Barnet,17469,0.46815044,42
Barnet,17470,0.44929662,42
Barnet,17473,0.49526417,42
Barnet,17580,0.56156886,42
Barnet,17718,0.57732207,42
Barnet,17719,0.6275996,42
Barnet,17768,0.41777244,42
Barnet,17770,0.50556284,42
Barnet,17771,0.4899062,42
Barnet,18099,0.34118053,42
Barnet,18100,0.34219953,42
Barnet,18102,0.43007413,42
Barnet,18104,0.26302466,42
Barnet,18105,0.2602889,42
Barnet,18106,0.2612902,42
Barnet,18107,0.29368186,42
Barnet,18108,0.27280328,42
Barnet,18109,0.30484307,42
Barnet,18110,0.30352566,42
Barnet,18111,0.28498998,42
Barnet,18112,0.48029304,42
Barnet,18113,0.4638227,42
Barnet,18114,0.4431055,42
Barnet,18115,0.4664489,42
Barnet,18116,0.46671233,42
Barnet,18117,0.45026886,42
Barnet,18118,0.43183836,42
Barnet,18119,0.46383253,42
Barnet,18120,0.44417697,42
Barnet,18121,0.45764413,42
Barnet,18122,0.47254068,42
Barnet,18729,0.5001579,42
Barnet,18730,0.48370814,42
Barnet,18912,0.6616076,42
Barnet,19142,0.4987184,42
Barnet,19143,0.41657466,42
Barnet,19144,0.46310133,42
Barnet,19145,0.38943893,42
Barnet,19146,0.3871931,42
Barnet,19147,0.3947384,42
Barnet,19148,0.39458534,42
Barnet,19149,0.3735319,42
Barnet,19150,0.3803076,42
Barnet,19151,0.36666605,42
Barnet,19152,0.36677969,42
Barnet,19153,0.37369573,42
Barnet,19154,0.37399328,42
Barnet,19155,0.3622695,42
Barnet,19156,0.3793719,42
Barnet,19159,0.3812991,42
Barnet,19160,0.3896594,42
Barnet,19163,0.3581284,42
Barnet,19164,0.35834455,42
Barnet,19165,0.3630582,42
Barnet,19166,0.36456168,42
Barnet,19167,0.38320446,42
Barnet,19168,0.38128927,42
Barnet,19169,0.41171643,42
Barnet,19170,0.41483846,42
Barnet,19171,0.48781595,42
Barnet,19172,0.48794147,42
Barnet,19173,0.5080569,42
Barnet,19174,0.5085463,42
Barnet,19175,0.5521992,42
Barnet,19176,0.5524741,42
Barnet,19215,0.28423208,42
Barnet,19216,0.28453204,42
Barnet,19264,0.46414635,42
Barnet,19541,0.47388393,42
Barnet,19606,0.51080155,42
Barnet,19607,0.46755156,42
Barnet,19608,0.45797724,42
Barnet,19609,0.5721987,42
Barnet,19610,0.5652497,42
Barnet,19611,0.40407944,42
Barnet,19612,0.4115205,42
Barnet,19613,0.44713107,42
Barnet,19614,0.44301984,42
Barnet,19615,0.48651487,42
Barnet,19616,0.4876745,42
Barnet,20145,0.56670964,42
Barnet,20146,0.5612638,42
Barnet,20282,0.562585,42
Barnet,20313,0.5620006,42
Barnet,20363,0.3194205,42
Barnet,20364,0.32036158,42
Barnet,20424,0.457418,42
Barnet,20498,0.4328611,42
Barnet,2071,0.45808208,42
Barnet,2072,0.4749051,42
Barnet,20800,0.48455817,42
Barnet,20857,0.50024426,42
Barnet,20858,0.5433349,42
Barnet,20859,0.53823185,42
Barnet,20860,0.53659636,42
Barnet,20861,0.38137978,42
Barnet,20862,0.3814114,42
Barnet,20863,0.42126018,42
Barnet,20864,0.38417992,42
Barnet,20865,0.40636787,42
Barnet,20866,0.41181806,42
Barnet,20909,0.37536502,42
Barnet,20910,0.38631296,42
Barnet,20928,0.5273681,42
Barnet,20929,0.52727324,42
Barnet,2294,0.48596606,42
Barnet,2295,0.4796949,42
Barnet,2297,0.52739275,42
Barnet,2298,0.49696404,42
Barnet,2299,0.5018777,42
Barnet,23435,0.46400586,42
Barnet,25027,0.5399745,42
Barnet,25042,0.48743704,42
Barnet,25043,0.52417433,42
Barnet,25044,0.43071097,42
Barnet,25045,0.4187113,42
Barnet,25046,0.4652947,42
Barnet,25048,0.47681603,42
Barnet,25072,0.48564556,42
Barnet,25080,0.49028593,42
Barnet,25102,0.4951921,42
Barnet,25118,0.5916298,42
Barnet,25841,0.42109558,42
Barnet,25842,0.42774442,42
Barnet,25964,0.4245344,42
Barnet,25965,0.4555604,42
Barnet,25966,0.3938453,42
Barnet,25967,0.4067905,42
Barnet,25968,0.37271222,42
Barnet,25975,0.5601904,42
Barnet,26154,0.45435512,42
Barnet,26155,0.4616016,42
Barnet,26156,0.37359586,42
Barnet,26157,0.36224264,42
Barnet,26158,0.39098135,42
Barnet,26159,0.3837567,42
Barnet,26160,0.41078505,42
Barnet,26161,0.40399367,42
Barnet,26163,0.44074768,42
Barnet,26165,0.39806873,42
Barnet,26166,0.39303875,42
Barnet,26167,0.44335875,42
Barnet,26168,0.40649125,42
Barnet,26169,0.34027305,42
Barnet,26170,0.34629938,42
Barnet,26171,0.35909134,42
Barnet,26172,0.3591852,42
Barnet,26173,0.3363511,42
Barnet,26174,0.33625215,42
Barnet,26196,0.45913935,42
Barnet,26200,0.5265496,42
Barnet,26202,0.5610092,42
Barnet,26484,0.45138434,42
Barnet,2664,0.5436236,42
Barnet,26884,0.49190542,42
Barnet,26886,0.4540804,42
Barnet,26985,0.5002878,42
Barnet,26986,0.51326,42
Barnet,27454,0.640514,42
Barnet,27455,0.56067485,42
Barnet,27459,0.52594566,42
Barnet,27476,0.64431703,42
Barnet,27477,0.6405156,42
Barnet,27559,0.5571434,42
Barnet,27562,0.42485857,42
Barnet,27563,0.5695397,42
Barnet,2758,0.48446107,42
Barnet,2759,0.54594344,42
Barnet,27596,0.3638815,42
Barnet,27597,0.2741564,42
Barnet,27598,0.38730735,42
Barnet,27599,0.38577506,42
Barnet,2760,0.55930966,42
Barnet,2761,0.51501447,42
Barnet,27625,0.50934553,42
Barnet,2763,0.53822666,42
Barnet,2764,0.5329711,42
Barnet,2765,0.5185073,42
Barnet,2766,0.46495447,42
Barnet,2767,0.50021505,42
Barnet,2768,0.5400945,42
Barnet,2770,0.62836134,42
Barnet,2771,0.6621571,42
Barnet,2773,0.5163325,42
Barnet,2774,0.50064325,42
Barnet,2775,0.62931174,42
Barnet,2776,0.6259525,42
Barnet,27781,0.44279623,42
Barnet,27787,0.5950641,42
Barnet,27880,0.5522731,42
Barnet,27912,0.5369273,42
Barnet,2795,0.505131,42
Barnet,2796,0.5269136,42
Barnet,27971,0.55184877,42
Barnet,2799,0.4893476,42
Barnet,2800,0.5471922,42
Barnet,2801,0.6330822,42
Barnet,28900,0.5609673,42
Barnet,29171,0.3964226,42
Barnet,29295,0.3400666,42
Barnet,29581,0.5212579,42
Barnet,29600,0.557333,42
Barnet,29699,0.6164595,42
Barnet,2970,0.5955548,42
Barnet,29701,0.54841745,42
Barnet,29704,0.4780508,42
Barnet,29705,0.44679594,42
Barnet,29706,0.44669628,42
Barnet,29707,0.4241061,42
Barnet,29708,0.4453894,42
Barnet,29709,0.4712247,42
Barnet,2971,0.553221,42
Barnet,29710,0.4483881,42
Barnet,29711,0.4527891,42
Barnet,29712,0.39984876,42
Barnet,29713,0.44782254,42
Barnet,29714,0.39117754,42
Barnet,29715,0.49139673,42
Barnet,29716,0.4730864,42
Barnet,2972,0.558833,42
Barnet,2976,0.53163296,42
Barnet,2978,0.5562008,42
Barnet,2982,0.55018336,42
Barnet,29833,0.5886982,42
Barnet,29834,0.566766,42
Barnet,2990,0.4936071,42
Barnet,29919,0.44219625,42
Barnet,3193,0.59535897,42
Barnet,3195,0.48371497,42
Barnet,3196,0.4837192,42
Barnet,3295,0.50601673,42
Barnet,33152,0.528845,42
Barnet,33333,0.4821356,42
Barnet,33334,0.4337634,42
Barnet,33355,0.5047136,42
Barnet,33356,0.5076868,42
Barnet,33499,0.4829173,42
Barnet,33500,0.46938708,42
Barnet,33501,0.47023028,42
Barnet,33502,0.45921922,42
Barnet,33503,0.46939334,42
Barnet,33504,0.51677513,42
Barnet,33648,0.51756793,42
Barnet,33744,0.57532185,42
Barnet,33771,0.49286816,42
Barnet,33772,0.5004147,42
Barnet,33773,0.5106332,42
Barnet,33774,0.5028216,42
Barnet,34042,0.5134033,42
Barnet,34043,0.5178818,42
Barnet,34159,0.45932287,42
Barnet,34183,0.54860175,42
Barnet,34201,0.5604349,42
Barnet,34202,0.52376664,42
Barnet,34203,0.51835996,42
Barnet,3435,0.48167914,42
Barnet,3437,0.3815544,42
Barnet,3438,0.36832598,42
Barnet,3439,0.4026224,42
Barnet,3440,0.38695475,42
Barnet,3441,0.54191476,42
Barnet,34430,0.39615464,42
Barnet,34431,0.42985094,42
Barnet,34432,0.34724462,42
Barnet,34433,0.3776003,42
Barnet,34434,0.4219892,42
Barnet,34435,0.39302707,42
Barnet,34436,0.41584918,42
Barnet,34437,0.39602792,42
Barnet,34454,0.54254246,42
Barnet,34606,0.5045347,42
Barnet,34608,0.5040164,42
Barnet,34609,0.5184865,42
Barnet,34610,0.45024413,42
Barnet,34718,0.5375402,42
Barnet,34719,0.54865026,42
Barnet,34720,0.46505335,42
Barnet,34721,0.4771702,42
Barnet,34722,0.4532508,42
Barnet,34723,0.43787125,42
Barnet,34758,0.42926502,42
Barnet,34872,0.54263425,42
Barnet,34914,0.63509744,42
Barnet,3518,0.45824394,42
Barnet,35204,0.57716787,42
Barnet,35205,0.54997665,42
Barnet,35211,0.6050621,42
Barnet,35215,0.6296342,42
Barnet,35216,0.64054054,42
Barnet,35276,0.4974693,42
Barnet,35326,0.6155822,42
Barnet,35327,0.6146223,42
Barnet,35333,0.66035634,42
Barnet,35337,0.45787504,42
Barnet,35528,0.59333324,42
Barnet,35632,0.48041022,42
Barnet,35838,0.46907926,42
Barnet,35839,0.5137938,42
Barnet,35840,0.5195346,42
Barnet,35841,0.5404787,42
Barnet,35842,0.55046844,42
Barnet,35843,0.5569721,42
Barnet,35844,0.5579822,42
Barnet,35845,0.6577075,42
Barnet,35846,0.60661626,42
Barnet,35847,0.65790176,42
Barnet,36793,0.5668405,42
Barnet,37232,0.621355,42
Barnet,37233,0.62159705,42
Barnet,37239,0.6469259,42
Barnet,37240,0.6476441,42
Barnet,3776,0.46842366,42
Barnet,3777,0.48566395,42
Barnet,3778,0.46190548,42
Barnet,3807,0.51446015,42
Barnet,3808,0.5204725,42
Barnet,3809,0.45403436,42
Barnet,3810,0.4444499,42
Barnet,4127,0.45461753,42
Barnet,4647,0.58056414,42
Barnet,4651,0.62857515,42
Barnet,4653,0.50810045,42
Barnet,4690,0.49630556,42
Barnet,4692,0.5058418,42
Barnet,4694,0.55633575,42
Barnet,4695,0.42449823,42
Barnet,4705,0.5601643,42
Barnet,565,0.57257426,42
Barnet,6045,0.5598216,42
Barnet,6047,0.55047804,42
Barnet,6048,0.55434656,42
Barnet,6051,0.57416695,42
Barnet,6052,0.5639778,42
Barnet,6056,0.5344319,42
Barnet,6061,0.53087,42
Barnet,6063,0.56258976,42
Barnet,6071,0.5383711,42
Barnet,6073,0.6075771,42
Barnet,6074,0.6445585,42
Barnet,6077,0.5982545,42
Barnet,6078,0.55534977,42
Barnet,6079,0.5201189,42
Barnet,6080,0.50904804,42
Barnet,6081,0.5538417,42
Barnet,6082,0.559221,42
Barnet,6083,0.5917571,42
Barnet,6084,0.54494673,42
Barnet,6085,0.6644586,42
Barnet,6090,0.4934516,42
Barnet,6091,0.4986109,42
Barnet,6092,0.50384206,42
Barnet,6095,0.50769764,42
Barnet,6096,0.4705962,42
Barnet,6097,0.46659857,42
Barnet,6098,0.48125446,42
Barnet,6099,0.45133227,42
Barnet,6100,0.46907747,42
Barnet,6108,0.49959633,42
Barnet,6109,0.4972946,42
Barnet,6112,0.47925237,42
Barnet,6113,0.5036918,42
Barnet,6114,0.5019817,42
Barnet,6117,0.56042844,42
Barnet,6691,0.5584846,42
Barnet,70119,0.49492544,42
Barnet,70120,0.49157187,42
Barnet,70228,0.4793477,42
Barnet,7520,0.46408868,42
Barnet,7521,0.49135426,42
Barnet,764,0.51404893,42
Barnet,765,0.55904704,42
Barnet,766,0.55543625,42
Barnet,80002,0.43529952,42
Barnet,80003,0.45014507,42
Barnet,80005,0.37751758,42
Barnet,80006,0.38295078,42
Barnet,80007,0.31220323,42
Barnet,80008,0.5849331,42
Barnet,80009,0.62508386,42
Barnet,80013,0.33570206,42
Barnet,8285,0.573694,42
Barnet,8428,0.43702894,42
Barnet,8506,0.45747483,42
Barnet,8745,0.5692996,42
Barnet,9011,0.5485953,42
Barnet,9421,0.54163605,42
Barnet,9878,0.59473056,42
Barnet,9882,0.5160838,42
Barnet,9883,0.58678555,42
Barnet,9884,0.4936673,42
Barnet,9887,0.47042605,42
Barnet,9888,0.44684863,42
Barnet,9889,0.46772277,42
Barnet,9890,0.4635098,42
Barnet,9892,0.48440796,42
Barnet,9893,0.49189112,42
Barnet,9894,0.49722138,42
Barnet,9897,0.5592325,42
Barnet,9899,0.5547258,42
Barnet,9901,0.57167345,42
Barnet,9903,0.58435625,42
Barnet,9906,0.42541146,42
Barnet,9907,0.47003987,42
Barnet,9908,0.48570684,42
Barnet,9909,0.4922209,42
Barnet,9910,0.49866652,42
Barnet,9912,0.5009875,42
Barnet,9913,0.50765127,42
Barnet,9914,0.5501935,42
Barnet,9915,0.52210027,42
Barnet,9916,0.53598064,42
Barnet,9917,0.46996918,42
Barnet,9918,0.5156758,42
Barnet,9919,0.53384376,42
Barnet,9920,0.5352706,42
Barnet,9921,0.49519685,42
Barnet,9922,0.46062356,42
Barnet,9923,0.4313183,42
Barnet,9926,0.5000329,42
Barnet,9927,0.4963822,42
Barnet,9933,0.5685406,42
Barnet,9934,0.56971735,42
Barnet,9935,0.57101977,42
Barnet,9936,0.5300052,42
Barnet,9937,0.5606296,42
Barnet,9938,0.578063,42
Barnet,9939,0.6003421,42
Barnet,9940,0.58534276,42
Barnet,9941,0.56833637,42
Barnet,9944,0.5709323,42
Barnet,9945,0.5851238,42
Barnet,9947,0.56974417,42
Barnet,9949,0.5537284,42
Barnet,9950,0.55807716,42
Barnet,9951,0.6178695,42
Barnet,9952,0.61478156,42
Barnet,9953,0.608499,42
Barnet,BP090,0.5661015,42
Barnet,BP1110,0.48672906,42
Barnet,BP1203,0.46774647,42
Barnet,BP1265,0.45502466,42
Barnet,BP1318,0.42635652,42
Barnet,BP1540,0.39479893,42
Barnet,BP1612,0.4286357,42
Barnet,BP1616,0.6113425,42
Barnet,BP172,0.5100616,42
Barnet,BP173,0.440893,42
Barnet,BP1749,0.4327383,42
Barnet,BP1800,0.48620152,42
Barnet,BP1961,0.46049094,42
Barnet,BP1962,0.38756007,42
Barnet,BP2072,0.53813756,42
Barnet,BP2076,0.3431657,42
Barnet,BP2077,0.4374361,42
Barnet,BP2078,0.4525965,42
Barnet,BP2079,0.51957107,42
Barnet,BP2080,0.5188346,42
Barnet,BP228,0.5361791,42
Barnet,BP247,0.4325258,42
Barnet,BP269,0.5495998,42
Barnet,BP2776,0.54157054,42
Barnet,BP283,0.4608867,42
Barnet,BP2832,0.44964775,42
Barnet,BP2833,0.44967145,42
Barnet,BP2834,0.5111038,42
Barnet,BP2835,0.49128658,42
Barnet,BP3077,0.58168954,42
Barnet,BP3120,0.5671463,42
Barnet,BP3223,0.5721283,42
Barnet,BP3880,0.44531056,42
Barnet,BP3968,0.5889665,42
Barnet,BP3969,0.59019357,42
Barnet,BP3970,0.53819627,42
Barnet,BP3971,0.4925715,42
Barnet,BP3972,0.49487194,42
Barnet,BP3973,0.48414186,42
Barnet,BP3974,0.62893015,42
Barnet,BP3975,0.52954644,42
Barnet,BP3976,0.5287246,42
Barnet,BP3977,0.50613534,42
Barnet,BP3978,0.43218118,42
Barnet,BP3979,0.47212386,42
Barnet,BP3980,0.5586125,42
Barnet,BP3981,0.5846951,42
Barnet,BP3982,0.548483,42
Barnet,BP3983,0.6230045,42
Barnet,BP3984,0.44182566,42
Barnet,BP3985,0.44520292,42
Barnet,BP3986,0.5080028,42
Barnet,BP4087,0.572942,42
Barnet,BP4088,0.5734428,42
Barnet,BP4090,0.6328166,42
Barnet,BP4124,0.5237486,42
Barnet,BP4125,0.5806431,42
Barnet,BP4294,0.5854014,42
Barnet,BP4376,0.57145345,42
Barnet,BP5114,0.5644414,42
Barnet,BP5308,0.39980224,42
Barnet,BP5505,0.40133423,42
Barnet,BP5506,0.3972704,42
Barnet,BP5507,0.41416642,42
Barnet,BP5508,0.43432155,42
Barnet,BP5509,0.43355563,42
Barnet,BP5510,0.5326292,42
Barnet,BP5511,0.49164078,42
Barnet,BP5557,0.52631456,42
Barnet,BP5689,0.36349714,42
Barnet,BP5695,0.3766587,42
Barnet,BP5760,0.52889794,42
Barnet,BP5952,0.4666844,42
Barnet,BP5959,0.5204119,42
Barnet,BP5960,0.5401027,42
Barnet,BP5961,0.51774424,42
Barnet,BP600,0.45250675,42
Barnet,BP6058,0.49185,42
Barnet,BP6059,0.49194017,42
Barnet,BP6060,0.47958937,42
Barnet,BP6062,0.5193388,42
Barnet,BP615,0.43778524,42
Barnet,BP6335,0.52430385,42
Barnet,BP6336,0.50121236,42
Barnet,BP6337,0.55964255,42
Barnet,BP6433,0.47905874,42
Barnet,BP6578,0.5434997,42
Barnet,HC100,0.4599584,42
Barnet,HC101,0.3332556,42
Barnet,HC102,0.40949634,42
Barnet,HC103,0.46806738,42
Barnet,HC104,0.43489817,42
Barnet,HC105,0.35729152,42
Barnet,HC203,0.48856482,42
Barnet,HC204,0.5188235,42
Barnet,HC229,0.63495666,42
Barnet,HC231,0.4784048,42
Barnet,HC232,0.4840889,42
Barnet,HC233,0.5015531,42
Barnet,HC304,0.32624507,42
Barnet,HC305,0.32624963,42
Barnet,HC306,0.32235268,42
Barnet,HC307,0.32268128,42
Barnet,HC308,0.34501088,42
Barnet,HC309,0.3449892,42
Barnet,HC310,0.45491436,42
Barnet,HC311,0.34456468,42
Barnet,HC312,0.28850698,42
Barnet,HC313,0.45621502,42
Barnet,HC314,0.4895268,42
Barnet,HC315,0.45410672,42
Barnet,HC316,0.40289906,42
Barnet,HC317,0.2882997,42
Barnet,HC318,0.3633485,42
Barnet,HC319,0.2718155,42
Barnet,HC326,0.4385705,42
Barnet,HC328,0.4005897,42
Barnet,HC330,0.42988828,42
Barnet,HC332,0.36629143,42
Barnet,HC333,0.4787497,42
Barnet,HC335,0.45869204,42
Barnet,HC340,0.40166864,42
Barnet,HC342,0.44697496,42
Barnet,HC343,0.34546137,42
Barnet,HC344,0.3509503,42
Barnet,HC345,0.37595564,42
Barnet,HC347,0.37394097,42
Barnet,HC348,0.48203737,42
Barnet,HC349,0.48144433,42
Barnet,HC35,0.4788826,42
Barnet,HC350,0.48587653,42
Barnet,HC351,0.48415533,42
Barnet,HC352,0.513425,42
Barnet,HC353,0.47444555,42
Barnet,HC354,0.43701738,42
Barnet,HC355,0.41857925,42
Barnet,HC356,0.50205976,42
Barnet,HC357,0.51105446,42
Barnet,HC359,0.35555026,42
Barnet,HC360,0.36785048,42
Barnet,HC361,0.35639167,42
Barnet,HC362,0.35581955,42
Barnet,HC363,0.3572645,42
Barnet,HC37,0.4684228,42
Barnet,HC39,0.47707346,42
Barnet,HC41,0.47335526,42
Barnet,HC437,0.48576614,42
Barnet,HC605,0.5535659,42
Barnet,HC606,0.54894197,42
Barnet,HC639,0.57107806,42
Barnet,HC640,0.5210839,42
Barnet,HC641,0.5210963,42
Barnet,HC642,0.49678722,42
Barnet,HC643,0.4869021,42
Barnet,HC644,0.46481442,42
Barnet,HC645,0.48456168,42
Barnet,HC646,0.47218436,42
Barnet,HC647,0.47786787,42
Barnet,HC648,0.4981973,42
Barnet,HC649,0.4495331,42
Barnet,HC650,0.35717744,42
Barnet,HC651,0.49807173,42
Barnet,HC652,0.49835864,42
Barnet,HC653,0.5002156,42
Barnet,HC654,0.38349158,42
Barnet,HC655,0.38290444,42
Barnet,HC656,0.37877893,42
Barnet,HC657,0.37900707,42
Barnet,HC658,0.36985067,42
Barnet,HC659,0.36832646,42
Barnet,HC660,0.383465,42
Barnet,HC661,0.38457134,42
Barnet,HC662,0.37421542,42
Barnet,HC663,0.3509047,42
Barnet,HC664,0.34291866,42
Barnet,HC665,0.34339994,42
Barnet,HC666,0.33425418,42
Barnet,HC667,0.35976616,42
Barnet,HC668,0.33286706,42
Barnet,HC669,0.3702604,42
Barnet,HC670,0.36725873,42
Barnet,HC671,0.3916153,42
Barnet,HC672,0.39197418,42
Barnet,HC673,0.43629444,42
Barnet,HC674,0.3915902,42
Barnet,HC675,0.4565796,42
Barnet,HC676,0.4101187,42
Barnet,HC677,0.4616841,42
Barnet,HC678,0.45485052,42
Barnet,HC679,0.5243511,42
Barnet,HC680,0.470432,42
Barnet,HC681,0.50516397,42
Barnet,HC682,0.45135802,42
Barnet,HC683,0.45827827,42
Barnet,HC684,0.35237136,42
Barnet,HC685,0.34203672,42
Barnet,HC686,0.34443465,42
Barnet,HC687,0.34446442,42
Barnet,HC688,0.35466525,42
Barnet,HC689,0.38801435,42
Barnet,HC690,0.39374375,42
Barnet,HC691,0.38593554,42
Barnet,HC692,0.4613611,42
Barnet,HC693,0.45341495,42
Barnet,HC694,0.4285052,42
Barnet,HC695,0.43904832,42
Barnet,HC696,0.46276012,42
Barnet,HC697,0.4956252,42
Barnet,HC698,0.5334927,42
Barnet,HC699,0.5037934,42
Barnet,HC700,0.49961632,42
Barnet,HC701,0.47304407,42
Barnet,HC702,0.45162678,42
Barnet,HC796,0.46855387,42
Barnet,HC797,0.4288244,42
Barnet,HC798,0.47040436,42
Barnet,HC799,0.49325278,42
Barnet,HC800,0.4831788,42
Barnet,HC801,0.38511306,42
Barnet,HC802,0.39357167,42
Barnet,HC803,0.38943058,42
Barnet,HC804,0.46162373,42
Barnet,HC805,0.48841774,42
Barnet,HC806,0.4476089,42
Barnet,HC807,0.43258604,42
Barnet,HC829,0.426995,42
Barnet,HC833,0.5546116,42
Barnet,HC834,0.5542503,42
Barnet,HC835,0.5535241,42
Barnet,HC836,0.5099759,42
Barnet,HC837,0.5448265,42
Barnet,HC838,0.583474,42
Barnet,HC839,0.52818227,42
Barnet,HC840,0.5420374,42
Barnet,HC841,0.57139564,42
Barnet,HC842,0.5509073,42
Barnet,HC843,0.55465055,42
Barnet,HC844,0.53397447,42
Barnet,HC845,0.44395947,42
Barnet,HC846,0.4882548,42
Barnet,HC847,0.46963567,42
Barnet,HC848,0.38934067,42
Barnet,HC849,0.39344746,42
Barnet,HC850,0.49925974,42
Barnet,HC851,0.4663161,42
Barnet,HC852,0.41784102,42
Barnet,HC853,0.50438,42
Barnet,HC88,0.37761033,42
Barnet,HC99,0.5665597,42
Barnet,M27,0.4683169,42
Barnet,M28,0.4590946,42
Barnet,M29,0.49845982,42
Barnet,M31,0.53457296,42
Barnet,M32,0.44718194,42
Barnet,M33,0.4387282,42
Barnet,M34,0.4147315,42
Barnet,M41,0.44209656,42
Barnet,M42,0.4408677,42
Barnet,M43,0.44928408,42
Barnet,M44,0.4298634,42
Barnet,M5,0.4641237,42
Barnet,M7,0.5976682,42
Barnet,OC481,0.38017708,42
Barnet,OC568,0.56733847,42
Barnet,OC672,0.35188562,42
Barnet,R0310,0.4437181,42
Barnet,R0485,0.4259073,42
Barnet,R0744,0.6309678,42
Barnet,R0751,0.47467235,42
Barnet,R0789,0.58021957,42
Barnet,R0790,0.57789224,42
Barnet,R0791,0.58099437,42
Barnet,R0792,0.58020407,42
Barnet,R0796,0.5456982,42
Barnet,R0797,0.55111736,42
Barnet,R0798,0.5435375,42
Barnet,R0800,0.5414751,42
Barnet,R0803,0.5441664,42
Barnet,17036,0.5639689,42
Barnet,17037,0.5489755,42
Barnet,17039,0.53841025,42
Barnet,26199,0.46689692,42
Barnet,BP5459,0.5067191,42
Barnet,BP5460,0.45673794,42
Barnet,BP5951,0.5339501,42
Barnet,BP5953,0.5067024,42
Barnet,BP5954,0.5394783,42
Barnet,BP5958,0.46148974,42
Barnet,HC201,0.53413033,42
Barnet,HC202,0.46087688,42
Barnet,HC205,0.5308901,42
Barnet,HC603,0.5519967,42
Barnet,HC604,0.5491517,42
Barnet,HC609,0.44165316,42
Barnet,M36,0.52783287,42
Bexley,10016,0.50253326,42
Bexley,10017,0.49861744,42
Bexley,10359,0.38412043,42
Bexley,10360,0.39834478,42
Bexley,10715,0.43616048,42
Bexley,10716,0.44545135,42
Bexley,10717,0.4238348,42
Bexley,10719,0.42994645,42
Bexley,10720,0.43770218,42
Bexley,10721,0.44955787,42
Bexley,10722,0.44979888,42
Bexley,10723,0.44802785,42
Bexley,10724,0.44811898,42
Bexley,10725,0.4387077,42
Bexley,10726,0.42781144,42
Bexley,10729,0.45161754,42
Bexley,11121,0.47787336,42
Bexley,12069,0.5015601,42
Bexley,12070,0.47747135,42
Bexley,12071,0.4727136,42
Bexley,12072,0.4636585,42
Bexley,12073,0.4602367,42
Bexley,12074,0.46434325,42
Bexley,12075,0.46784475,42
Bexley,12076,0.4710583,42
Bexley,12077,0.46343166,42
Bexley,12078,0.449745,42
Bexley,12079,0.47627193,42
Bexley,12080,0.43527564,42
Bexley,13510,0.493302,42
Bexley,13904,0.4745334,42
Bexley,14376,0.36925316,42
Bexley,14377,0.37237915,42
Bexley,14378,0.46787184,42
Bexley,14379,0.46653983,42
Bexley,14380,0.43571353,42
Bexley,14381,0.48360297,42
Bexley,14382,0.44582456,42
Bexley,14383,0.4320172,42
Bexley,1444,0.4734831,42
Bexley,14960,0.47465268,42
Bexley,15008,0.4890184,42
Bexley,15182,0.52792436,42
Bexley,15183,0.4860979,42
Bexley,16648,0.48560137,42
Bexley,16649,0.46319363,42
Bexley,16650,0.49741003,42
Bexley,16651,0.49967626,42
Bexley,16652,0.46998385,42
Bexley,16653,0.49425498,42
Bexley,16656,0.523991,42
Bexley,16657,0.52357376,42
Bexley,16658,0.5134867,42
Bexley,16659,0.49643597,42
Bexley,16660,0.43764153,42
Bexley,16661,0.4387139,42
Bexley,16662,0.44830894,42
Bexley,16663,0.43000117,42
Bexley,16664,0.43448168,42
Bexley,16675,0.43483743,42
Bexley,16676,0.46453065,42
Bexley,16677,0.4382071,42
Bexley,16678,0.43337762,42
Bexley,16679,0.42507648,42
Bexley,16681,0.43459246,42
Bexley,16682,0.45976716,42
Bexley,16683,0.4420931,42
Bexley,16684,0.4383392,42
Bexley,16685,0.4314407,42
Bexley,16686,0.43967202,42
Bexley,16687,0.46415392,42
Bexley,16688,0.45865804,42
Bexley,16689,0.49628752,42
Bexley,16690,0.49450672,42
Bexley,16691,0.4376561,42
Bexley,16692,0.43698454,42
Bexley,16693,0.43243822,42
Bexley,16694,0.43260422,42
Bexley,16695,0.44853777,42
Bexley,16696,0.4508218,42
Bexley,16697,0.49720594,42
Bexley,17585,0.52736354,42
Bexley,17586,0.5097313,42
Bexley,17587,0.5359999,42
Bexley,17588,0.46952578,42
Bexley,17589,0.45836642,42
Bexley,17591,0.4496291,42
Bexley,17592,0.3927184,42
Bexley,17593,0.35581455,42
Bexley,17594,0.40025732,42
Bexley,17596,0.4322995,42
Bexley,17597,0.41354394,42
Bexley,17721,0.43179822,42
Bexley,17722,0.44230747,42
Bexley,18084,0.4005417,42
Bexley,18085,0.4508878,42
Bexley,18918,0.47779438,42
Bexley,18919,0.49428624,42
Bexley,18922,0.46422145,42
Bexley,18923,0.388844,42
Bexley,18926,0.44966477,42
Bexley,18927,0.4452518,42
Bexley,18928,0.47868517,42
Bexley,18929,0.43272188,42
Bexley,18930,0.45119235,42
Bexley,18931,0.4247021,42
Bexley,18932,0.43357766,42
Bexley,18933,0.4528834,42
Bexley,18934,0.43966493,42
Bexley,18938,0.54000574,42
Bexley,18939,0.50442326,42
Bexley,18940,0.5060615,42
Bexley,18986,0.4949325,42
Bexley,18987,0.49387324,42
Bexley,19623,0.4473273,42
Bexley,19624,0.42038277,42
Bexley,19625,0.4385946,42
Bexley,19626,0.37514573,42
Bexley,19627,0.4134732,42
Bexley,19628,0.38127276,42
Bexley,19629,0.4617988,42
Bexley,19630,0.46110436,42
Bexley,19631,0.49024916,42
Bexley,19632,0.48941326,42
Bexley,19633,0.49631518,42
Bexley,19663,0.41141498,42
Bexley,19664,0.43291357,42
Bexley,19665,0.4715065,42
Bexley,19666,0.47653815,42
Bexley,19667,0.43780324,42
Bexley,19668,0.4441011,42
Bexley,19669,0.46042106,42
Bexley,19670,0.43965042,42
Bexley,20169,0.33752525,42
Bexley,20171,0.3604061,42
Bexley,20320,0.45421597,42
Bexley,20404,0.5025796,42
Bexley,20437,0.49853963,42
Bexley,20515,0.45450127,42
Bexley,20516,0.4848188,42
Bexley,20598,0.45106116,42
Bexley,20796,0.543074,42
Bexley,21597,0.45245314,42
Bexley,21598,0.4387493,42
Bexley,21599,0.44371492,42
Bexley,21600,0.44165483,42
Bexley,21601,0.43174076,42
Bexley,21603,0.3921271,42
Bexley,21625,0.43268442,42
Bexley,21626,0.42412692,42
Bexley,21697,0.41316867,42
Bexley,21790,0.34158117,42
Bexley,21819,0.3749416,42
Bexley,21820,0.34690028,42
Bexley,21822,0.39041328,42
Bexley,21823,0.39322323,42
Bexley,21826,0.444389,42
Bexley,21881,0.42725602,42
Bexley,21882,0.42694318,42
Bexley,22342,0.370381,42
Bexley,22343,0.36475974,42
Bexley,22450,0.43953434,42
Bexley,23114,0.40080774,42
Bexley,23116,0.4154663,42
Bexley,23117,0.42328542,42
Bexley,23251,0.43590227,42
Bexley,23253,0.4301669,42
Bexley,23254,0.47276372,42
Bexley,23255,0.4278487,42
Bexley,23256,0.49255612,42
Bexley,23257,0.47019765,42
Bexley,23258,0.48784864,42
Bexley,23259,0.48727223,42
Bexley,23260,0.49635923,42
Bexley,23261,0.49528685,42
Bexley,23262,0.4505708,42
Bexley,23263,0.45418137,42
Bexley,23264,0.4644981,42
Bexley,23265,0.45041537,42
Bexley,23266,0.46233153,42
Bexley,23267,0.4678961,42
Bexley,23268,0.45769843,42
Bexley,23269,0.44551978,42
Bexley,23271,0.43405762,42
Bexley,23273,0.42691237,42
Bexley,23354,0.4037524,42
Bexley,23355,0.4059432,42
Bexley,23602,0.41120243,42
Bexley,23603,0.39783403,42
Bexley,23604,0.41522598,42
Bexley,23605,0.44997188,42
Bexley,23606,0.42970923,42
Bexley,23607,0.46986023,42
Bexley,23608,0.4534151,42
Bexley,23609,0.4903865,42
Bexley,23610,0.48002782,42
Bexley,23611,0.47701573,42
Bexley,23663,0.43866554,42
Bexley,23698,0.40119925,42
Bexley,23874,0.4032981,42
Bexley,24008,0.44436085,42
Bexley,24132,0.42859474,42
Bexley,24133,0.3488612,42
Bexley,24134,0.44590655,42
Bexley,24637,0.41907352,42
Bexley,25290,0.4846183,42
Bexley,25480,0.48555946,42
Bexley,25605,0.50658244,42
Bexley,25696,0.51039684,42
Bexley,25697,0.35865688,42
Bexley,25698,0.32758,42
Bexley,25699,0.37717074,42
Bexley,25700,0.37624744,42
Bexley,25701,0.38378036,42
Bexley,25702,0.4096416,42
Bexley,25710,0.39320645,42
Bexley,25711,0.4317748,42
Bexley,25712,0.47115597,42
Bexley,25713,0.4652088,42
Bexley,25714,0.48283714,42
Bexley,25715,0.48212686,42
Bexley,25716,0.44490474,42
Bexley,25717,0.43038446,42
Bexley,25718,0.43942678,42
Bexley,25719,0.44063646,42
Bexley,25773,0.42872855,42
Bexley,25775,0.4371566,42
Bexley,25776,0.441971,42
Bexley,25777,0.444928,42
Bexley,25778,0.515118,42
Bexley,25779,0.51706046,42
Bexley,25780,0.45208704,42
Bexley,25781,0.4592375,42
Bexley,25782,0.4615599,42
Bexley,25783,0.4689736,42
Bexley,25784,0.43607232,42
Bexley,25785,0.43516994,42
Bexley,25786,0.40383255,42
Bexley,25819,0.522931,42
Bexley,25848,0.52975446,42
Bexley,25998,0.52099025,42
Bexley,26152,0.4034149,42
Bexley,26153,0.4051935,42
Bexley,26218,0.4907112,42
Bexley,26383,0.45613682,42
Bexley,26561,0.40993163,42
Bexley,26562,0.41008806,42
Bexley,26563,0.4085156,42
Bexley,26564,0.43424678,42
Bexley,26566,0.41216314,42
Bexley,26567,0.40832505,42
Bexley,26579,0.4562306,42
Bexley,26580,0.45468032,42
Bexley,26581,0.47016454,42
Bexley,26582,0.46274036,42
Bexley,26583,0.42174685,42
Bexley,26584,0.45496127,42
Bexley,27306,0.4912632,42
Bexley,27308,0.40664268,42
Bexley,27589,0.441392,42
Bexley,27833,0.37178093,42
Bexley,27834,0.36895669,42
Bexley,28017,0.40181583,42
Bexley,28018,0.39965925,42
Bexley,28177,0.46925086,42
Bexley,2867,0.39921382,42
Bexley,29286,0.44638795,42
Bexley,29307,0.5400917,42
Bexley,29308,0.53399205,42
Bexley,29461,0.48480308,42
Bexley,29462,0.41821593,42
Bexley,29468,0.45183405,42
Bexley,29469,0.4691443,42
Bexley,29545,0.50239533,42
Bexley,30598,0.31206948,42
Bexley,31051,0.347603,42
Bexley,31473,0.446295,42
Bexley,31531,0.42560232,42
Bexley,33040,0.53594816,42
Bexley,33041,0.51598376,42
Bexley,33234,0.4143941,42
Bexley,33235,0.4025602,42
Bexley,33236,0.40692586,42
Bexley,33237,0.43378428,42
Bexley,33238,0.42255893,42
Bexley,33239,0.3739852,42
Bexley,33240,0.37413707,42
Bexley,33241,0.3877156,42
Bexley,33242,0.3869665,42
Bexley,33244,0.4166888,42
Bexley,33247,0.41196874,42
Bexley,33248,0.41423753,42
Bexley,33556,0.483375,42
Bexley,33748,0.41638094,42
Bexley,33749,0.41338888,42
Bexley,3375,0.38786462,42
Bexley,33750,0.42540607,42
Bexley,33751,0.40674433,42
Bexley,33752,0.41410738,42
Bexley,33753,0.397723,42
Bexley,33754,0.3962164,42
Bexley,33755,0.39638838,42
Bexley,33756,0.39552978,42
Bexley,33757,0.40809909,42
Bexley,33758,0.4079055,42
Bexley,3377,0.4362952,42
Bexley,33974,0.39582685,42
Bexley,34277,0.489439,42
Bexley,34278,0.4887662,42
Bexley,34318,0.48948362,42
Bexley,34392,0.47232717,42
Bexley,34611,0.44743314,42
Bexley,34612,0.48228595,42
Bexley,34613,0.46511754,42
Bexley,34812,0.49971026,42
Bexley,34815,0.4795822,42
Bexley,34816,0.4761409,42
Bexley,34817,0.46851802,42
Bexley,34818,0.43822107,42
Bexley,34819,0.47839212,42
Bexley,34825,0.54624546,42
Bexley,34926,0.43721613,42
Bexley,34955,0.3955851,42
Bexley,35147,0.45312965,42
Bexley,35309,0.51263833,42
Bexley,35387,0.43403,42
Bexley,35388,0.41509193,42
Bexley,35389,0.4145762,42
Bexley,35390,0.43868077,42
Bexley,35391,0.48484758,42
Bexley,35392,0.46537957,42
Bexley,35393,0.45934656,42
Bexley,35395,0.46146202,42
Bexley,35396,0.46168384,42
Bexley,35424,0.43328768,42
Bexley,35518,0.35645634,42
Bexley,35529,0.4353854,42
Bexley,35541,0.42678863,42
Bexley,35579,0.3587268,42
Bexley,35580,0.34492746,42
Bexley,35581,0.34189838,42
Bexley,35582,0.3390103,42
Bexley,35584,0.36071366,42
Bexley,35585,0.42338482,42
Bexley,35586,0.35495886,42
Bexley,35713,0.46727872,42
Bexley,35773,0.47182813,42
Bexley,35928,0.4450944,42
Bexley,35929,0.47967017,42
Bexley,36002,0.5004091,42
Bexley,36530,0.47170228,42
Bexley,36531,0.44824767,42
Bexley,36642,0.45901665,42
Bexley,36675,0.49592072,42
Bexley,36676,0.4917492,42
Bexley,36677,0.4655221,42
Bexley,36678,0.4447026,42
Bexley,36780,0.51141655,42
Bexley,37070,0.48356918,42
Bexley,37071,0.48663318,42
Bexley,37076,0.48702738,42
Bexley,37078,0.48816028,42
Bexley,37123,0.51697814,42
Bexley,37181,0.46613178,42
Bexley,3725,0.5146664,42
Bexley,37322,0.5550255,42
Bexley,37379,0.49291205,42
Bexley,3901,0.32076544,42
Bexley,3902,0.31005254,42
Bexley,3905,0.53938186,42
Bexley,3906,0.55280185,42
Bexley,3929,0.49973193,42
Bexley,3930,0.5078832,42
Bexley,3936,0.4307484,42
Bexley,3937,0.433242,42
Bexley,3952,0.3927125,42
Bexley,3953,0.42314503,42
Bexley,3954,0.41260126,42
Bexley,3955,0.4124837,42
Bexley,3961,0.3992886,42
Bexley,3962,0.39902818,42
Bexley,3963,0.5168452,42
Bexley,3964,0.42132306,42
Bexley,3965,0.4073133,42
Bexley,40020,0.4279492,42
Bexley,40022,0.4457866,42
Bexley,40023,0.45237842,42
Bexley,40024,0.44958174,42
Bexley,40027,0.46329272,42
Bexley,40028,0.50310487,42
Bexley,40029,0.45242122,42
Bexley,40030,0.4655248,42
Bexley,40031,0.44943538,42
Bexley,40032,0.44899195,42
Bexley,40047,0.29769295,42
Bexley,40050,0.4088136,42
Bexley,40062,0.42899027,42
Bexley,40064,0.4506873,42
Bexley,40065,0.45037547,42
Bexley,41001,0.40630412,42
Bexley,44002,0.49825186,42
Bexley,44003,0.47765628,42
Bexley,44004,0.43404046,42
Bexley,44005,0.46192327,42
Bexley,44016,0.48067966,42
Bexley,44017,0.47907296,42
Bexley,4928,0.4369652,42
Bexley,5176,0.4858494,42
Bexley,5885,0.45508376,42
Bexley,5886,0.45580202,42
Bexley,6001,0.44410476,42
Bexley,6002,0.32470933,42
Bexley,6229,0.46106973,42
Bexley,6230,0.36233094,42
Bexley,6231,0.42176452,42
Bexley,6232,0.39538002,42
Bexley,6233,0.41783103,42
Bexley,6234,0.4218744,42
Bexley,6235,0.41975185,42
Bexley,6236,0.4179812,42
Bexley,6238,0.5140886,42
Bexley,6239,0.39884353,42
Bexley,6240,0.39922783,42
Bexley,6241,0.39729562,42
Bexley,6242,0.3966921,42
Bexley,6243,0.3806156,42
Bexley,6244,0.3981226,42
Bexley,6247,0.39149415,42
Bexley,6248,0.4486663,42
Bexley,6249,0.44485295,42
Bexley,6251,0.41457966,42
Bexley,6252,0.42717144,42
Bexley,6254,0.43753937,42
Bexley,6255,0.4369765,42
Bexley,6257,0.38658157,42
Bexley,6260,0.3914392,42
Bexley,6261,0.39153013,42
Bexley,6264,0.41566712,42
Bexley,6265,0.40492275,42
Bexley,6266,0.3975931,42
Bexley,6268,0.4397631,42
Bexley,6271,0.46321318,42
Bexley,6272,0.45373735,42
Bexley,6273,0.4423767,42
Bexley,6274,0.47308964,42
Bexley,6275,0.47397277,42
Bexley,6276,0.49146432,42
Bexley,6277,0.504032,42
Bexley,6279,0.5036444,42
Bexley,6286,0.50880045,42
Bexley,6287,0.5042752,42
Bexley,6290,0.5068911,42
Bexley,6294,0.5202624,42
Bexley,6295,0.5164601,42
Bexley,6301,0.52393454,42
Bexley,6302,0.5221818,42
Bexley,6303,0.5117022,42
Bexley,6307,0.44884694,42
Bexley,6308,0.44879833,42
Bexley,6309,0.46311143,42
Bexley,6310,0.47865647,42
Bexley,6313,0.38051274,42
Bexley,6314,0.44866133,42
Bexley,6315,0.5298643,42
Bexley,6316,0.39271495,42
Bexley,6317,0.42436525,42
Bexley,6318,0.36383888,42
Bexley,6319,0.44665942,42
Bexley,6320,0.43400472,42
Bexley,6323,0.48795283,42
Bexley,6324,0.50290084,42
Bexley,6326,0.4717137,42
Bexley,6327,0.4700951,42
Bexley,6328,0.47791943,42
Bexley,6329,0.46843216,42
Bexley,6330,0.47650102,42
Bexley,6348,0.49407086,42
Bexley,6349,0.4682992,42
Bexley,6600,0.401069,42
Bexley,6603,0.42750755,42
Bexley,7540,0.42780748,42
Bexley,9182,0.47136036,42
Bexley,BP060,0.42787686,42
Bexley,BP1297,0.33821413,42
Bexley,BP1298,0.34614202,42
Bexley,BP1325,0.46369818,42
Bexley,BP1334,0.3481591,42
Bexley,BP1335,0.4495731,42
Bexley,BP1583,0.43666276,42
Bexley,BP1776,0.43626395,42
Bexley,BP1845,0.4923797,42
Bexley,BP1846,0.46124357,42
Bexley,BP1927,0.42290848,42
Bexley,BP2114,0.43690574,42
Bexley,BP2115,0.4539174,42
Bexley,BP2158,0.48352423,42
Bexley,BP2159,0.4854432,42
Bexley,BP2160,0.4981173,42
Bexley,BP2250,0.43929955,42
Bexley,BP2259,0.43498927,42
Bexley,BP2296,0.4974365,42
Bexley,BP2437,0.49356234,42
Bexley,BP2438,0.49196514,42
Bexley,BP2992,0.44512862,42
Bexley,BP3207,0.4248039,42
Bexley,BP3300,0.37517622,42
Bexley,BP3311,0.32700422,42
Bexley,BP3603,0.4638948,42
Bexley,BP371,0.46001762,42
Bexley,BP372,0.4611507,42
Bexley,BP374,0.4245631,42
Bexley,BP375,0.3564409,42
Bexley,BP376,0.35643464,42
Bexley,BP377,0.4300775,42
Bexley,BP3814,0.5048092,42
Bexley,BP3815,0.46698913,42
Bexley,BP3816,0.4626643,42
Bexley,BP3817,0.53563035,42
Bexley,BP4058,0.43020666,42
Bexley,BP4175,0.43369228,42
Bexley,BP4176,0.40067005,42
Bexley,BP4177,0.4424558,42
Bexley,BP4178,0.4409639,42
Bexley,BP4179,0.42023566,42
Bexley,BP4180,0.429889,42
Bexley,BP4279,0.44001126,42
Bexley,BP4476,0.45259893,42
Bexley,BP4516,0.45212042,42
Bexley,BP4992,0.44231284,42
Bexley,BP5033,0.5440614,42
Bexley,BP5046,0.42197818,42
Bexley,BP5099,0.432707,42
Bexley,BP5395,0.43405905,42
Bexley,BP5396,0.45085844,42
Bexley,BP5401,0.41578737,42
Bexley,BP5402,0.4048171,42
Bexley,BP5866,0.48331073,42
Bexley,BP5900,0.38697588,42
Bexley,BP5901,0.3898556,42
Bexley,BP6081,0.34428835,42
Bexley,BP6082,0.34254754,42
Bexley,BP6083,0.4259686,42
Bexley,BP6084,0.4073924,42
Bexley,BP6085,0.43110457,42
Bexley,BP6086,0.42791653,42
Bexley,BP6087,0.41165668,42
Bexley,BP6088,0.43650663,42
Bexley,BP6089,0.46538875,42
Bexley,BP6090,0.4394489,42
Bexley,BP6091,0.43606117,42
Bexley,BP6092,0.43564755,42
Bexley,BP6257,0.43176177,42
Bexley,BP6295,0.4111672,42
Bexley,BP6296,0.44354483,42
Bexley,BP6297,0.41199046,42
Bexley,BP6298,0.47644863,42
Bexley,BP6299,0.4214353,42
Bexley,BP6300,0.4406211,42
Bexley,BP6302,0.47114307,42
Bexley,BP6303,0.43293747,42
Bexley,BP6304,0.40739182,42
Bexley,BP6305,0.41766614,42
Bexley,BP6306,0.4335179,42
Bexley,BP6307,0.43581364,42
Bexley,BP6308,0.41919163,42
Bexley,BP6309,0.41694933,42
Bexley,BP6310,0.43522778,42
Bexley,BP6311,0.41985127,42
Bexley,BP6312,0.43774202,42
Bexley,BP6313,0.47352517,42
Bexley,BP6323,0.47109267,42
Bexley,BP645,0.46355838,42
Bexley,BP647,0.43420592,42
Bexley,BP648,0.43432945,42
Bexley,BP6496,0.4568197,42
Bexley,BP6497,0.45609307,42
Bexley,BP6540,0.46714255,42
Bexley,BP6547,0.3595828,42
Bexley,BP6548,0.37288675,42
Bexley,BP6549,0.35983458,42
Bexley,BP6550,0.37580252,42
Bexley,BP6551,0.37471557,42
Bexley,BP6552,0.37409562,42
Bexley,BP6553,0.38115415,42
Bexley,BP658,0.41476095,42
Bexley,BP663,0.44595203,42
Bexley,BP942,0.39582726,42
Bexley,HC1,0.34638855,42
Bexley,HC154,0.44771534,42
Bexley,HC155,0.4685276,42
Bexley,HC156,0.4403887,42
Bexley,HC157,0.46239513,42
Bexley,HC158,0.453949,42
Bexley,HC159,0.44860506,42
Bexley,HC269,0.38679996,42
Bexley,HC3,0.42179134,42
Bexley,HC4,0.34601736,42
Bexley,HC5,0.37051818,42
Bexley,HC551,0.4474287,42
Bexley,HC552,0.4481182,42
Bexley,HC553,0.4116827,42
Bexley,HC554,0.47701064,42
Bexley,HC6,0.4140336,42
Bexley,HC729,0.4380822,42
Bexley,HC730,0.45355335,42
Bexley,HC731,0.43301755,42
Bexley,HC732,0.46850896,42
Bexley,HC733,0.46622333,42
Bexley,HC734,0.43427506,42
Bexley,HC735,0.43597063,42
Bexley,HC737,0.5292459,42
Bexley,HC738,0.43376645,42
Bexley,HC744,0.46375924,42
Bexley,HC745,0.44956106,42
Bexley,HC746,0.47677326,42
Bexley,HC747,0.4341233,42
Bexley,HC748,0.4306886,42
Bexley,HC749,0.41560856,42
Bexley,HC750,0.4547356,42
Bexley,HC751,0.44452772,42
Bexley,HC752,0.47577533,42
Bexley,HC808,0.39573315,42
Bexley,HC809,0.40013593,42
Bexley,HC810,0.38726237,42
Bexley,HC811,0.42573312,42
Bexley,HC812,0.40961453,42
Bexley,HC813,0.39418522,42
Bexley,HC816,0.39610094,42
Bexley,HC817,0.39258263,42
Bexley,HC818,0.43307146,42
Bexley,HC819,0.4539014,42
Bexley,HC820,0.44930005,42
Bexley,HC821,0.42908886,42
Bexley,HC822,0.37694132,42
Bexley,HC823,0.415085,42
Bexley,HC824,0.4246564,42
Bexley,HC825,0.40940621,42
Bexley,HC826,0.4041172,42
Bexley,HC827,0.41718942,42
Bexley,HC828,0.37582326,42
Bexley,HC830,0.403559,42
Bexley,HC831,0.39385074,42
Bexley,OC418,0.49350256,42
Bexley,OC581,0.39175114,42
Bexley,OC658,0.39604366,42
Bexley,R0063,0.3905007,42
Bexley,R0439,0.3429529,42
Bexley,R0468,0.43095428,42
Bexley,R0481,0.3263856,42
Bexley,R0482,0.3489436,42
Bexley,R0521,0.50510466,42
Bexley,R0535,0.4570254,42
Bexley,R0536,0.42136204,42
Bexley,R0537,0.40990782,42
Bexley,R0548,0.4754676,42
Bexley,R0555,0.43714422,42
Bexley,R0561,0.45128968,42
Bexley,21602,0.41616613,42
Bexley,23118,0.46064612,42
Bexley,28236,0.45219558,42
Bexley,33243,0.45359164,42
Bexley,33245,0.43225172,42
Bexley,33246,0.43084985,42
Bexley,33249,0.47080043,42
Bexley,37371,0.45500016,42
Bexley,40051,0.40207902,42
Bexley,40052,0.4064356,42
Bexley,40086,0.42314067,42
Bexley,40087,0.42636597,42
Bexley,6347,0.46111736,42
Bexley,6367,0.41004688,42
Bexley,BP4066,0.43039337,42
Brent,1013,0.4680156,42
Brent,1014,0.48870274,42
Brent,10240,0.50416565,42
Brent,10241,0.5061375,42
Brent,11134,0.37145084,42
Brent,11135,0.42217198,42
Brent,11601,0.49171013,42
Brent,11609,0.4785133,42
Brent,11615,0.40186682,42
Brent,11616,0.4169547,42
Brent,11617,0.42823234,42
Brent,11618,0.42834967,42
Brent,11621,0.5265564,42
Brent,11622,0.54119956,42
Brent,11623,0.43209594,42
Brent,11630,0.43285877,42
Brent,11633,0.36759916,42
Brent,11634,0.3736574,42
Brent,11635,0.4520295,42
Brent,11636,0.45954642,42
Brent,11637,0.4507441,42
Brent,11638,0.48287305,42
Brent,11639,0.6621448,42
Brent,11640,0.57513934,42
Brent,11641,0.6150307,42
Brent,11642,0.64710426,42
Brent,11643,0.37409577,42
Brent,11644,0.44666728,42
Brent,11645,0.38331494,42
Brent,11647,0.44278306,42
Brent,11650,0.4606565,42
Brent,11651,0.48889345,42
Brent,11653,0.48214453,42
Brent,11656,0.41197085,42
Brent,11657,0.4012404,42
Brent,11658,0.41189778,42
Brent,11659,0.42752966,42
Brent,11660,0.40489417,42
Brent,11661,0.39799166,42
Brent,1220,0.40182558,42
Brent,1256,0.32835722,42
Brent,13149,0.37895396,42
Brent,1378,0.32286757,42
Brent,1380,0.31077585,42
Brent,1381,0.3585233,42
Brent,1382,0.31285447,42
Brent,1385,0.31345937,42
Brent,1386,0.30750927,42
Brent,1387,0.3061979,42
Brent,1388,0.40866455,42
Brent,1389,0.4289225,42
Brent,14205,0.4473781,42
Brent,14341,0.43137008,42
Brent,14364,0.5062861,42
Brent,1467,0.39104944,42
Brent,14766,0.40656218,42
Brent,14827,0.44184968,42
Brent,14828,0.41466442,42
Brent,14833,0.42559066,42
Brent,14838,0.53045976,42
Brent,1484,0.49438378,42
Brent,14840,0.44347528,42
Brent,14851,0.5369281,42
Brent,14852,0.5642651,42
Brent,14853,0.46402076,42
Brent,14946,0.35587353,42
Brent,14948,0.3947917,42
Brent,14968,0.5361791,42
Brent,15011,0.53753847,42
Brent,15012,0.53017867,42
Brent,15013,0.593289,42
Brent,15068,0.4842815,42
Brent,15069,0.5358342,42
Brent,15070,0.5655413,42
Brent,15071,0.4387963,42
Brent,15074,0.47160712,42
Brent,15075,0.4957011,42
Brent,15076,0.48381215,42
Brent,15077,0.5012291,42
Brent,15078,0.49885905,42
Brent,15079,0.51942843,42
Brent,15080,0.5162849,42
Brent,15081,0.5600253,42
Brent,15082,0.54770654,42
Brent,15083,0.51861745,42
Brent,15084,0.52579653,42
Brent,15085,0.57508105,42
Brent,15088,0.4671258,42
Brent,15089,0.44572687,42
Brent,15090,0.44645256,42
Brent,15091,0.39457208,42
Brent,15935,0.5180492,42
Brent,15936,0.510064,42
Brent,15937,0.5081233,42
Brent,1594,0.4534414,42
Brent,15946,0.41361505,42
Brent,15947,0.43223703,42
Brent,15950,0.4248963,42
Brent,16102,0.5245601,42
Brent,16112,0.43141428,42
Brent,16116,0.38236216,42
Brent,16118,0.47246668,42
Brent,16125,0.4375554,42
Brent,1620,0.4260001,42
Brent,1621,0.49483463,42
Brent,16210,0.5847621,42
Brent,1622,0.48615086,42
Brent,1623,0.43679455,42
Brent,1624,0.43741342,42
Brent,16543,0.41145316,42
Brent,16545,0.46272993,42
Brent,16546,0.46577728,42
Brent,16547,0.58356684,42
Brent,16548,0.6084966,42
Brent,16550,0.57850105,42
Brent,16552,0.48467222,42
Brent,16555,0.44514623,42
Brent,16556,0.56172085,42
Brent,16557,0.56726444,42
Brent,16558,0.55095077,42
Brent,16559,0.59877366,42
Brent,16560,0.620534,42
Brent,16561,0.5736559,42
Brent,16562,0.54969007,42
Brent,1659,0.42979887,42
Brent,16997,0.54182595,42
Brent,16998,0.55309945,42
Brent,16999,0.47565663,42
Brent,17000,0.47147968,42
Brent,17001,0.45112243,42
Brent,17003,0.5602279,42
Brent,17004,0.64908576,42
Brent,17005,0.6492106,42
Brent,17006,0.42281905,42
Brent,17007,0.42471245,42
Brent,17010,0.50081706,42
Brent,17011,0.4867407,42
Brent,17012,0.58748025,42
Brent,17013,0.58735406,42
Brent,17014,0.5897791,42
Brent,17015,0.59624594,42
Brent,17016,0.5524554,42
Brent,17017,0.55050987,42
Brent,17018,0.592266,42
Brent,17019,0.5895332,42
Brent,17020,0.6119896,42
Brent,17021,0.5990319,42
Brent,17022,0.61013484,42
Brent,17023,0.613184,42
Brent,17043,0.4785635,42
Brent,17044,0.46443942,42
Brent,17045,0.52057797,42
Brent,17046,0.44102195,42
Brent,17047,0.55442846,42
Brent,17048,0.58043957,42
Brent,17049,0.6069937,42
Brent,17050,0.6068705,42
Brent,17051,0.5062926,42
Brent,17052,0.5144371,42
Brent,17053,0.43615204,42
Brent,17054,0.41462833,42
Brent,17055,0.42906755,42
Brent,17056,0.42859504,42
Brent,17057,0.43020293,42
Brent,17058,0.46104476,42
Brent,17059,0.525405,42
Brent,17060,0.5332607,42
Brent,17062,0.5693957,42
Brent,17063,0.53694946,42
Brent,17120,0.5270941,42
Brent,17121,0.5774488,42
Brent,17122,0.5128717,42
Brent,17123,0.54852766,42
Brent,17124,0.5318386,42
Brent,17125,0.5464328,42
Brent,17170,0.54312354,42
Brent,17171,0.5657348,42
Brent,17172,0.52009434,42
Brent,17173,0.50186265,42
Brent,17174,0.4455601,42
Brent,17176,0.44443682,42
Brent,17178,0.54517454,42
Brent,17180,0.4669017,42
Brent,17252,0.5527676,42
Brent,17253,0.6168842,42
Brent,17254,0.44099033,42
Brent,17255,0.45738283,42
Brent,1757,0.41830984,42
Brent,1763,0.3991055,42
Brent,18222,0.30237645,42
Brent,18454,0.5580406,42
Brent,18456,0.50645053,42
Brent,18644,0.4395602,42
Brent,18645,0.42800125,42
Brent,18904,0.51870126,42
Brent,18905,0.5254132,42
Brent,18906,0.51906544,42
Brent,18907,0.51362765,42
Brent,18908,0.4756601,42
Brent,18909,0.44745448,42
Brent,1933,0.35202307,42
Brent,20040,0.52480114,42
Brent,2060,0.3965029,42
Brent,20654,0.50445753,42
Brent,20794,0.40356442,42
Brent,20840,0.44458538,42
Brent,20994,0.39284432,42
Brent,20995,0.42177495,42
Brent,24280,0.44171873,42
Brent,2488,0.5207667,42
Brent,2489,0.57987076,42
Brent,2490,0.5892365,42
Brent,25066,0.38760614,42
Brent,25180,0.44228148,42
Brent,25181,0.44515994,42
Brent,25182,0.43060184,42
Brent,25331,0.5302164,42
Brent,25447,0.44012767,42
Brent,26241,0.43174097,42
Brent,26495,0.539975,42
Brent,26525,0.41376096,42
Brent,26526,0.43280923,42
Brent,26859,0.43495423,42
Brent,26932,0.35020962,42
Brent,26933,0.35320687,42
Brent,26934,0.43800193,42
Brent,26935,0.49332333,42
Brent,26936,0.539145,42
Brent,26937,0.5441729,42
Brent,26938,0.5340893,42
Brent,26939,0.53257877,42
Brent,26940,0.5329748,42
Brent,26941,0.57900727,42
Brent,26942,0.5430313,42
Brent,26943,0.5420731,42
Brent,26944,0.5231625,42
Brent,26945,0.52355736,42
Brent,26946,0.54086757,42
Brent,26947,0.5364784,42
Brent,26948,0.37105015,42
Brent,26949,0.40254378,42
Brent,26950,0.41607922,42
Brent,26951,0.4531455,42
Brent,26952,0.49352035,42
Brent,26953,0.48480955,42
Brent,26954,0.4234355,42
Brent,26955,0.43280628,42
Brent,27302,0.53243273,42
Brent,27565,0.32844576,42
Brent,27617,0.44140095,42
Brent,27618,0.44206217,42
Brent,2802,0.50671136,42
Brent,2805,0.49529538,42
Brent,2806,0.5703745,42
Brent,2807,0.45460373,42
Brent,2809,0.5297708,42
Brent,2810,0.51932657,42
Brent,2811,0.5188876,42
Brent,2814,0.5442382,42
Brent,2815,0.5808899,42
Brent,2817,0.5653201,42
Brent,2819,0.58301055,42
Brent,2821,0.48499683,42
Brent,2822,0.48178488,42
Brent,2823,0.37868297,42
Brent,2824,0.3676306,42
Brent,2825,0.44476303,42
Brent,2853,0.3855791,42
Brent,2854,0.4004569,42
Brent,28647,0.44637483,42
Brent,29010,0.43409586,42
Brent,29269,0.50748664,42
Brent,29382,0.54602426,42
Brent,29428,0.51280534,42
Brent,29492,0.3932192,42
Brent,2950,0.37095094,42
Brent,2953,0.49344093,42
Brent,2956,0.5084455,42
Brent,2957,0.5014,42
Brent,2958,0.46950373,42
Brent,2959,0.4893968,42
Brent,2960,0.4388594,42
Brent,2961,0.43787807,42
Brent,2962,0.46212626,42
Brent,2966,0.31941336,42
Brent,2967,0.31934127,42
Brent,2969,0.29134703,42
Brent,2973,0.4589222,42
Brent,2977,0.3984374,42
Brent,2983,0.4114576,42
Brent,2995,0.4262608,42
Brent,2996,0.48543078,42
Brent,2997,0.51052356,42
Brent,30,0.4879374,42
Brent,3188,0.3162245,42
Brent,3212,0.38532582,42
Brent,3213,0.3925724,42
Brent,3215,0.3697303,42
Brent,3223,0.3307538,42
Brent,3224,0.37941447,42
Brent,3262,0.44619787,42
Brent,3263,0.4402564,42
Brent,3265,0.41766617,42
Brent,3266,0.41970137,42
Brent,3267,0.39456123,42
Brent,3275,0.5186364,42
Brent,3277,0.5133422,42
Brent,3278,0.5039683,42
Brent,3282,0.44798332,42
Brent,3283,0.45637688,42
Brent,3285,0.37362447,42
Brent,3286,0.3811651,42
Brent,33215,0.33340418,42
Brent,33256,0.36006287,42
Brent,3390,0.55475044,42
Brent,3392,0.6882248,42
Brent,33935,0.5185464,42
Brent,33948,0.45975676,42
Brent,34105,0.40889964,42
Brent,34114,0.39768776,42
Brent,34186,0.36759716,42
Brent,34385,0.5268964,42
Brent,34756,0.44589683,42
Brent,34786,0.5084269,42
Brent,34787,0.47710222,42
Brent,34788,0.49774086,42
Brent,34795,0.5846151,42
Brent,34796,0.49585846,42
Brent,34797,0.48014933,42
Brent,34870,0.41548023,42
Brent,34913,0.33745202,42
Brent,35210,0.4457404,42
Brent,35359,0.46457332,42
Brent,35789,0.51094544,42
Brent,35790,0.51853067,42
Brent,35792,0.5320438,42
Brent,35793,0.5347632,42
Brent,35794,0.5270459,42
Brent,35795,0.51509535,42
Brent,36582,0.38455227,42
Brent,36754,0.611691,42
Brent,36755,0.6153706,42
Brent,36756,0.5964346,42
Brent,36757,0.59610045,42
Brent,36758,0.4724062,42
Brent,36759,0.47856238,42
Brent,36879,0.3630134,42
Brent,36880,0.37083015,42
Brent,3690,0.45398933,42
Brent,37012,0.52267295,42
Brent,37013,0.5451119,42
Brent,37014,0.5272631,42
Brent,37015,0.52787447,42
Brent,37016,0.57121766,42
Brent,37017,0.57154423,42
Brent,37018,0.58111906,42
Brent,37019,0.5423476,42
Brent,37020,0.56490207,42
Brent,37021,0.58077204,42
Brent,37022,0.5612792,42
Brent,37023,0.5811833,42
Brent,37024,0.5434859,42
Brent,37025,0.5792735,42
Brent,37026,0.5760876,42
Brent,37172,0.39125693,42
Brent,37253,0.5031049,42
Brent,37277,0.4630862,42
Brent,37278,0.45969984,42
Brent,37279,0.54056185,42
Brent,37280,0.5301365,42
Brent,37338,0.4631368,42
Brent,3821,0.41260862,42
Brent,38453,0.53514117,42
Brent,415,0.4063414,42
Brent,441,0.40653557,42
Brent,442,0.40798575,42
Brent,4590,0.3544024,42
Brent,4592,0.60659367,42
Brent,4684,0.39320493,42
Brent,4909,0.41564965,42
Brent,4910,0.44017464,42
Brent,4911,0.41108614,42
Brent,4912,0.3624908,42
Brent,4913,0.33593515,42
Brent,4920,0.45649117,42
Brent,595,0.3770318,42
Brent,6024,0.3488014,42
Brent,6025,0.37851927,42
Brent,6026,0.41244003,42
Brent,6029,0.46879885,42
Brent,6030,0.48068,42
Brent,6031,0.44429305,42
Brent,6038,0.33464342,42
Brent,6044,0.406702,42
Brent,6046,0.44751722,42
Brent,6064,0.41101873,42
Brent,6129,0.3332928,42
Brent,6130,0.33007246,42
Brent,7564,0.514558,42
Brent,7565,0.53221947,42
Brent,7732,0.402174,42
Brent,7733,0.41773358,42
Brent,7805,0.60689723,42
Brent,8408,0.4261986,42
Brent,91523,0.52897066,42
Brent,9369,0.5146046,42
Brent,9370,0.47498137,42
Brent,9371,0.446262,42
Brent,9373,0.47077787,42
Brent,9388,0.457645,42
Brent,9389,0.4576764,42
Brent,9401,0.47145584,42
Brent,9480,0.47481447,42
Brent,BP043,0.49897748,42
Brent,BP1019,0.5214329,42
Brent,BP1138,0.48158005,42
Brent,BP1280,0.6406956,42
Brent,BP1625,0.5380517,42
Brent,BP1651,0.34461144,42
Brent,BP1884,0.5293152,42
Brent,BP2310,0.45021957,42
Brent,BP2312,0.4433205,42
Brent,BP2313,0.50622237,42
Brent,BP2314,0.6162169,42
Brent,BP2315,0.58178574,42
Brent,BP2316,0.5640958,42
Brent,BP2317,0.5801765,42
Brent,BP2318,0.6165047,42
Brent,BP2319,0.5006488,42
Brent,BP2320,0.4455926,42
Brent,BP2396,0.55390364,42
Brent,BP2397,0.47944668,42
Brent,BP2398,0.59607095,42
Brent,BP3110,0.49489927,42
Brent,BP3391,0.6401868,42
Brent,BP3392,0.639897,42
Brent,BP3485,0.6112681,42
Brent,BP3486,0.60822767,42
Brent,BP3487,0.39658433,42
Brent,BP3488,0.3895099,42
Brent,BP3564,0.48656148,42
Brent,BP3565,0.5002778,42
Brent,BP4064,0.41252035,42
Brent,BP4266,0.36429083,42
Brent,BP4310,0.5375038,42
Brent,BP4385,0.6762167,42
Brent,BP4386,0.6948069,42
Brent,BP4387,0.7078795,42
Brent,BP4388,0.70789886,42
Brent,BP440,0.54175466,42
Brent,BP4421,0.69474745,42
Brent,BP4458,0.63200295,42
Brent,BP446,0.53151035,42
Brent,BP4510,0.5124725,42
Brent,BP4511,0.5090574,42
Brent,BP4512,0.45730934,42
Brent,BP4666,0.4242215,42
Brent,BP4882,0.5136284,42
Brent,BP4911,0.32720506,42
Brent,BP5165,0.491958,42
Brent,BP5168,0.46590456,42
Brent,BP5376,0.5018849,42
Brent,BP5399,0.7308992,42
Brent,BP5757,0.5281127,42
Brent,BP5948,0.29988855,42
Brent,BP5968,0.7066846,42
Brent,BP5984,0.5577958,42
Brent,BP5985,0.557797,42
Brent,BP6111,0.5400708,42
Brent,BP6112,0.38814628,42
Brent,BP6124,0.6467531,42
Brent,BP6150,0.4909774,42
Brent,BP6151,0.60625994,42
Brent,BP6152,0.4685832,42
Brent,BP6219,0.49321967,42
Brent,BP6263,0.57389843,42
Brent,BP6264,0.46993303,42
Brent,BP628,0.6069634,42
Brent,BP629,0.57884586,42
Brent,BP6293,0.5675714,42
Brent,BP630,0.5481577,42
Brent,BP631,0.6013639,42
Brent,BP6356,0.52238846,42
Brent,BP6357,0.48974162,42
Brent,BP6389,0.46409583,42
Brent,BP6506,0.60191894,42
Brent,BP6507,0.56234,42
Brent,BP820,0.40444803,42
Brent,BP831,0.40576977,42
Brent,BP924,0.5140468,42
Brent,BP971,0.55288386,42
Brent,BP972,0.5517615,42
Brent,BP982,0.5244883,42
Brent,C10,0.4428301,42
Brent,C12,0.54031014,42
Brent,C122,0.6672407,42
Brent,C13,0.57558113,42
Brent,C2,0.54041165,42
Brent,C3,0.5090516,42
Brent,C35,0.6426488,42
Brent,C4,0.51607764,42
Brent,C40,0.59088403,42
Brent,C5,0.47984818,42
Brent,C6,0.48140746,42
Brent,C7,0.55526197,42
Brent,C74,0.60102713,42
Brent,C8,0.56220317,42
Brent,C83,0.53753763,42
Brent,C85,0.4936744,42
Brent,C86,0.6188145,42
Brent,C9,0.40378767,42
Brent,CW15,0.5383522,42
Brent,CW16,0.5555446,42
Brent,CW43,0.5039943,42
Brent,CW44,0.55389404,42
Brent,CW45,0.5768212,42
Brent,CW59,0.47451124,42
Brent,CW60,0.47185808,42
Brent,CW61,0.47848883,42
Brent,M10,0.50653315,42
Brent,M11,0.40666166,42
Brent,M12,0.36083692,42
Brent,M13,0.39041898,42
Brent,M14,0.40541694,42
Brent,M15,0.505819,42
Brent,M20,0.57610047,42
Brent,M22,0.48511598,42
Brent,M23,0.43533736,42
Brent,M24,0.43422636,42
Brent,M25,0.5007751,42
Brent,M26,0.636975,42
Brent,R0255,0.50749475,42
Brent,R0268,0.34055838,42
Brent,R0316,0.48271468,42
Brent,R0359,0.5381538,42
Brent,R0361,0.57621557,42
Brent,R0402,0.5385273,42
Brent,R0488,0.52614456,42
Brent,R0492,0.49992347,42
Brent,R0657,0.48333693,42
Brent,15086,0.5361366,42
Brent,15087,0.5128633,42
Brent,15945,0.354065,42
Brent,16103,0.44689652,42
Brent,16563,0.5089803,42
Brent,16564,0.5055647,42
Brent,16868,0.35986537,42
Brent,17002,0.56471556,42
Brent,17008,0.44636363,42
Brent,17009,0.43608135,42
Brent,1934,0.33085313,42
Brent,20991,0.4071185,42
Brent,20992,0.39898083,42
Brent,20993,0.3901326,42
Brent,34184,0.5679153,42
Brent,34185,0.56677365,42
Brent,37230,0.44447204,42
Brent,6138,0.46692947,42
Brent,BP1386,0.5061816,42
Brent,BP208,0.5646105,42
Brent,BP209,0.58201355,42
Brent,BP2609,0.50837827,42
Brent,BP2610,0.5200108,42
Brent,BP4498,0.5039183,42
Brent,BP4969,0.45995346,42
Brent,BP4970,0.45822448,42
Brent,BP4971,0.45455062,42
Brent,BP5975,0.6254721,42
Brent,BP608,0.50834155,42
Brent,BP609,0.50552523,42
Brent,BP610,0.57158655,42
Brent,BP611,0.56623185,42
Brent,BP614,0.5403039,42
Brent,BP6338,0.50812024,42
Brent,R0266,0.4704818,42
Bromley,10690,0.46687436,42
Bromley,10694,0.34852216,42
Bromley,10705,0.44887248,42
Bromley,11331,0.33470124,42
Bromley,11332,0.34574708,42
Bromley,11752,0.2999979,42
Bromley,12207,0.40763202,42
Bromley,12208,0.4193012,42
Bromley,12239,0.39958778,42
Bromley,12240,0.40795124,42
Bromley,1242,0.34324723,42
Bromley,12442,0.43683308,42
Bromley,12444,0.412659,42
Bromley,12445,0.38304588,42
Bromley,13222,0.47815698,42
Bromley,13379,0.41286653,42
Bromley,13953,0.36507878,42
Bromley,14120,0.25958794,42
Bromley,14121,0.26040176,42
Bromley,14122,0.37323296,42
Bromley,14123,0.37160397,42
Bromley,14124,0.49041802,42
Bromley,14125,0.4921247,42
Bromley,1426,0.48887774,42
Bromley,1427,0.468323,42
Bromley,1428,0.45619446,42
Bromley,1429,0.43370435,42
Bromley,14342,0.42366785,42
Bromley,14430,0.30009145,42
Bromley,14459,0.5128345,42
Bromley,14732,0.27137047,42
Bromley,14733,0.23541644,42
Bromley,14739,0.49587592,42
Bromley,14976,0.4482514,42
Bromley,14978,0.38573754,42
Bromley,1521,0.39503086,42
Bromley,1522,0.38545892,42
Bromley,1523,0.4065451,42
Bromley,1524,0.3810725,42
Bromley,1603,0.3553534,42
Bromley,1604,0.3179006,42
Bromley,16642,0.32824853,42
Bromley,16646,0.32115576,42
Bromley,16647,0.31231648,42
Bromley,17321,0.4029059,42
Bromley,17323,0.42582178,42
Bromley,17326,0.4633628,42
Bromley,17327,0.46108237,42
Bromley,17402,0.44016415,42
Bromley,17403,0.38597366,42
Bromley,17405,0.4417877,42
Bromley,17406,0.47674647,42
Bromley,17407,0.48607633,42
Bromley,17408,0.46478355,42
Bromley,17409,0.4234099,42
Bromley,17410,0.38781598,42
Bromley,17411,0.3948433,42
Bromley,17412,0.3904282,42
Bromley,17413,0.38539082,42
Bromley,17414,0.35372794,42
Bromley,17415,0.36011878,42
Bromley,17419,0.2537951,42
Bromley,17420,0.25106823,42
Bromley,17421,0.2573247,42
Bromley,17422,0.26167226,42
Bromley,17423,0.297342,42
Bromley,17424,0.28108618,42
Bromley,17425,0.29491678,42
Bromley,17426,0.29032475,42
Bromley,17427,0.2654026,42
Bromley,17428,0.26501733,42
Bromley,17429,0.30262607,42
Bromley,17431,0.5394459,42
Bromley,17432,0.4928767,42
Bromley,17433,0.50883037,42
Bromley,17434,0.5307286,42
Bromley,17435,0.53296167,42
Bromley,17436,0.5367317,42
Bromley,17437,0.48177144,42
Bromley,17438,0.49708232,42
Bromley,17522,0.35302874,42
Bromley,17523,0.33457428,42
Bromley,17524,0.3651516,42
Bromley,17525,0.3915565,42
Bromley,17526,0.33967412,42
Bromley,17527,0.36894,42
Bromley,17528,0.26124462,42
Bromley,17529,0.31668934,42
Bromley,17530,0.28828055,42
Bromley,17531,0.2928115,42
Bromley,17532,0.25826386,42
Bromley,17534,0.24602777,42
Bromley,17535,0.24868403,42
Bromley,17536,0.360299,42
Bromley,17702,0.35975763,42
Bromley,17703,0.36054423,42
Bromley,17705,0.24282964,42
Bromley,17706,0.2727396,42
Bromley,17707,0.255839,42
Bromley,17708,0.41198727,42
Bromley,17709,0.41521114,42
Bromley,17710,0.40188554,42
Bromley,17711,0.3864105,42
Bromley,17712,0.3450299,42
Bromley,17713,0.3327643,42
Bromley,17714,0.41781414,42
Bromley,17715,0.40681133,42
Bromley,17716,0.43854767,42
Bromley,17717,0.43688092,42
Bromley,17789,0.30767572,42
Bromley,17790,0.32800275,42
Bromley,17791,0.35958368,42
Bromley,17792,0.34453487,42
Bromley,17793,0.3177282,42
Bromley,17794,0.31746158,42
Bromley,17797,0.26330033,42
Bromley,17798,0.27226797,42
Bromley,17799,0.2878929,42
Bromley,17802,0.30730027,42
Bromley,17803,0.2892526,42
Bromley,17804,0.2890033,42
Bromley,17805,0.29403576,42
Bromley,17806,0.29586062,42
Bromley,17807,0.27081886,42
Bromley,17808,0.26747343,42
Bromley,17809,0.2651693,42
Bromley,17810,0.25614765,42
Bromley,17811,0.262419,42
Bromley,17812,0.3864992,42
Bromley,17813,0.37515345,42
Bromley,17814,0.43343973,42
Bromley,17815,0.40607598,42
Bromley,17816,0.3804775,42
Bromley,17817,0.3735134,42
Bromley,17818,0.4116275,42
Bromley,17819,0.4418683,42
Bromley,18191,0.40071216,42
Bromley,18192,0.38388896,42
Bromley,18193,0.4071296,42
Bromley,18194,0.4458347,42
Bromley,18195,0.5191937,42
Bromley,18196,0.35657895,42
Bromley,18197,0.37944382,42
Bromley,18198,0.27740237,42
Bromley,18199,0.2557537,42
Bromley,18200,0.36561736,42
Bromley,18201,0.36516607,42
Bromley,18202,0.3265526,42
Bromley,18203,0.34153754,42
Bromley,18204,0.41644624,42
Bromley,18205,0.4508148,42
Bromley,18206,0.46009973,42
Bromley,18226,0.37933397,42
Bromley,18369,0.3834032,42
Bromley,18370,0.41170937,42
Bromley,18371,0.36952657,42
Bromley,18733,0.37512887,42
Bromley,18738,0.311888,42
Bromley,18739,0.29375213,42
Bromley,18785,0.30374694,42
Bromley,18786,0.32515812,42
Bromley,18787,0.31256822,42
Bromley,18788,0.40352607,42
Bromley,18789,0.40477717,42
Bromley,18791,0.42534107,42
Bromley,18792,0.4825512,42
Bromley,18794,0.45080698,42
Bromley,18795,0.44530362,42
Bromley,18796,0.4361277,42
Bromley,18894,0.52188396,42
Bromley,18942,0.379005,42
Bromley,18943,0.37765083,42
Bromley,18944,0.38659334,42
Bromley,18945,0.38539353,42
Bromley,18946,0.30691272,42
Bromley,18947,0.3021817,42
Bromley,18948,0.30366296,42
Bromley,18949,0.29706767,42
Bromley,18950,0.36401328,42
Bromley,18951,0.39126065,42
Bromley,18952,0.35614893,42
Bromley,18958,0.25243875,42
Bromley,18959,0.27317828,42
Bromley,18960,0.30136055,42
Bromley,18961,0.28108048,42
Bromley,18962,0.28596538,42
Bromley,18963,0.28947726,42
Bromley,18964,0.2741974,42
Bromley,18965,0.27536535,42
Bromley,18966,0.2808374,42
Bromley,18967,0.27649602,42
Bromley,18973,0.42293304,42
Bromley,18988,0.29305276,42
Bromley,18989,0.31645614,42
Bromley,18990,0.34061015,42
Bromley,18991,0.32698536,42
Bromley,18992,0.43860236,42
Bromley,18993,0.42652592,42
Bromley,18995,0.4197054,42
Bromley,18996,0.49854928,42
Bromley,18997,0.37124535,42
Bromley,18998,0.398381,42
Bromley,18999,0.37681493,42
Bromley,19000,0.37656978,42
Bromley,19001,0.39191887,42
Bromley,19002,0.46244958,42
Bromley,19004,0.2867387,42
Bromley,19005,0.29710013,42
Bromley,19006,0.37295514,42
Bromley,19007,0.30466965,42
Bromley,19008,0.3947348,42
Bromley,19009,0.39847887,42
Bromley,19010,0.3966204,42
Bromley,19011,0.39589462,42
Bromley,19020,0.36478308,42
Bromley,19024,0.5167353,42
Bromley,19025,0.53143466,42
Bromley,19028,0.41158882,42
Bromley,19029,0.4116735,42
Bromley,19037,0.30556992,42
Bromley,19038,0.32990456,42
Bromley,19276,0.3612424,42
Bromley,19277,0.36703858,42
Bromley,19342,0.29211757,42
Bromley,19566,0.25287405,42
Bromley,19675,0.28258434,42
Bromley,19695,0.3346155,42
Bromley,19696,0.33308306,42
Bromley,19697,0.34567252,42
Bromley,19700,0.42840588,42
Bromley,19701,0.36969066,42
Bromley,19702,0.31706887,42
Bromley,19703,0.3189769,42
Bromley,19704,0.35200107,42
Bromley,19705,0.35221887,42
Bromley,19706,0.25783294,42
Bromley,19707,0.26139152,42
Bromley,19729,0.35362312,42
Bromley,19732,0.39272374,42
Bromley,19733,0.37816176,42
Bromley,19734,0.39814883,42
Bromley,19735,0.3839106,42
Bromley,19736,0.37876305,42
Bromley,19737,0.36556268,42
Bromley,19738,0.31023565,42
Bromley,19739,0.31004193,42
Bromley,19740,0.29624918,42
Bromley,19741,0.29598296,42
Bromley,19742,0.27220574,42
Bromley,19744,0.30047372,42
Bromley,19745,0.29414555,42
Bromley,19747,0.29692692,42
Bromley,19748,0.32320037,42
Bromley,19749,0.32356033,42
Bromley,19750,0.37503943,42
Bromley,19751,0.4415819,42
Bromley,19755,0.36810187,42
Bromley,19756,0.3194941,42
Bromley,19757,0.31887233,42
Bromley,19758,0.31888157,42
Bromley,19759,0.2616228,42
Bromley,19760,0.2756652,42
Bromley,19761,0.3948687,42
Bromley,19762,0.38082448,42
Bromley,19763,0.4086134,42
Bromley,19764,0.41895497,42
Bromley,19765,0.4260886,42
Bromley,19766,0.45134053,42
Bromley,19767,0.35562995,42
Bromley,19768,0.3734928,42
Bromley,19769,0.37589446,42
Bromley,19770,0.43291625,42
Bromley,19771,0.4351252,42
Bromley,19772,0.44624498,42
Bromley,19773,0.35336465,42
Bromley,19774,0.26917776,42
Bromley,19775,0.354545,42
Bromley,19776,0.269884,42
Bromley,19777,0.26958543,42
Bromley,19778,0.33639166,42
Bromley,19779,0.33483058,42
Bromley,19780,0.37585235,42
Bromley,19781,0.41505355,42
Bromley,19782,0.4462444,42
Bromley,19783,0.43831673,42
Bromley,19918,0.3383913,42
Bromley,20099,0.32187828,42
Bromley,20131,0.23463136,42
Bromley,20132,0.31181934,42
Bromley,20133,0.31563777,42
Bromley,20159,0.3978091,42
Bromley,20160,0.4284152,42
Bromley,20170,0.34224913,42
Bromley,20172,0.31621674,42
Bromley,20402,0.32371214,42
Bromley,20403,0.3333231,42
Bromley,20466,0.2929923,42
Bromley,20467,0.2921885,42
Bromley,20588,0.26908138,42
Bromley,20691,0.4238956,42
Bromley,20692,0.43126327,42
Bromley,20716,0.5606608,42
Bromley,20750,0.35070142,42
Bromley,20836,0.30190262,42
Bromley,20837,0.38989145,42
Bromley,20914,0.30441436,42
Bromley,20915,0.3228217,42
Bromley,20979,0.4866692,42
Bromley,20980,0.37385875,42
Bromley,20981,0.3806855,42
Bromley,2128,0.41274127,42
Bromley,2131,0.4673867,42
Bromley,21529,0.32328314,42
Bromley,21558,0.45118672,42
Bromley,22398,0.39302254,42
Bromley,24135,0.4160901,42
Bromley,24843,0.30109638,42
Bromley,24961,0.30492362,42
Bromley,25115,0.35157007,42
Bromley,25271,0.41299292,42
Bromley,25272,0.41603234,42
Bromley,25282,0.23570429,42
Bromley,25288,0.29481146,42
Bromley,25289,0.30384752,42
Bromley,25371,0.310767,42
Bromley,25372,0.30200362,42
Bromley,25373,0.3054688,42
Bromley,25374,0.3060692,42
Bromley,25375,0.30353087,42
Bromley,25376,0.30093795,42
Bromley,25472,0.3250103,42
Bromley,25959,0.30058694,42
Bromley,25960,0.30950007,42
Bromley,26124,0.3040799,42
Bromley,26125,0.28742763,42
Bromley,26126,0.29731518,42
Bromley,26127,0.30761757,42
Bromley,26128,0.33659104,42
Bromley,26129,0.3447951,42
Bromley,26130,0.33512175,42
Bromley,26131,0.32249835,42
Bromley,26132,0.3210456,42
Bromley,26133,0.3430959,42
Bromley,26134,0.3749108,42
Bromley,26136,0.39310086,42
Bromley,26137,0.3738028,42
Bromley,26138,0.37537718,42
Bromley,26139,0.4169946,42
Bromley,26140,0.38378078,42
Bromley,26141,0.40155333,42
Bromley,26142,0.41498107,42
Bromley,26143,0.45908868,42
Bromley,26906,0.28249824,42
Bromley,26907,0.2928722,42
Bromley,26908,0.29053357,42
Bromley,26909,0.4357204,42
Bromley,26910,0.47029886,42
Bromley,26911,0.4556224,42
Bromley,26912,0.45479888,42
Bromley,26914,0.31572384,42
Bromley,26915,0.30200827,42
Bromley,26920,0.28146422,42
Bromley,26922,0.3491331,42
Bromley,26923,0.25272426,42
Bromley,26924,0.471042,42
Bromley,26925,0.45254335,42
Bromley,26926,0.48430565,42
Bromley,26927,0.49629304,42
Bromley,26965,0.37515005,42
Bromley,26966,0.38178247,42
Bromley,26994,0.42407718,42
Bromley,27556,0.32720375,42
Bromley,27557,0.33602422,42
Bromley,27601,0.33298954,42
Bromley,27602,0.19854115,42
Bromley,27603,0.22882098,42
Bromley,27604,0.2554738,42
Bromley,27605,0.22680952,42
Bromley,27606,0.42065594,42
Bromley,27612,0.2870201,42
Bromley,27732,0.29075795,42
Bromley,27733,0.28109905,42
Bromley,27780,0.39139086,42
Bromley,27850,0.3592967,42
Bromley,27955,0.33760554,42
Bromley,27956,0.33773685,42
Bromley,27957,0.3654965,42
Bromley,27961,0.36888692,42
Bromley,27962,0.294176,42
Bromley,28146,0.28562677,42
Bromley,28147,0.27351618,42
Bromley,28770,0.3092269,42
Bromley,28771,0.30965155,42
Bromley,28772,0.36635432,42
Bromley,29841,0.38265097,42
Bromley,30011,0.4147699,42
Bromley,30012,0.45748734,42
Bromley,31173,0.45139843,42
Bromley,31250,0.37619263,42
Bromley,31326,0.40671352,42
Bromley,31327,0.3938747,42
Bromley,3231,0.3349651,42
Bromley,33144,0.47963586,42
Bromley,33221,0.43029156,42
Bromley,33222,0.42859146,42
Bromley,33223,0.40161917,42
Bromley,33224,0.43891773,42
Bromley,33225,0.34333837,42
Bromley,33226,0.322507,42
Bromley,33227,0.32267612,42
Bromley,33228,0.3225274,42
Bromley,33229,0.36533827,42
Bromley,33230,0.33956257,42
Bromley,33231,0.3124572,42
Bromley,33313,0.29668152,42
Bromley,33726,0.4179642,42
Bromley,33842,0.4529938,42
Bromley,34256,0.34638077,42
Bromley,34271,0.2963468,42
Bromley,34272,0.4348062,42
Bromley,34273,0.43901893,42
Bromley,34274,0.37653676,42
Bromley,34275,0.41144916,42
Bromley,34276,0.29443392,42
Bromley,34698,0.50446254,42
Bromley,35033,0.23864189,42
Bromley,35572,0.42056155,42
Bromley,35670,0.35990742,42
Bromley,35743,0.40489846,42
Bromley,3619,0.34732196,42
Bromley,36645,0.38864702,42
Bromley,36646,0.41803345,42
Bromley,36951,0.5012886,42
Bromley,36953,0.49248272,42
Bromley,37087,0.47463936,42
Bromley,37346,0.41474846,42
Bromley,37348,0.48698258,42
Bromley,37350,0.29906142,42
Bromley,37351,0.4230361,42
Bromley,37359,0.4003858,42
Bromley,3911,0.36365774,42
Bromley,3912,0.34332308,42
Bromley,3922,0.29778948,42
Bromley,3923,0.297646,42
Bromley,3924,0.3472682,42
Bromley,40060,0.3748601,42
Bromley,40105,0.48620906,42
Bromley,40106,0.49274516,42
Bromley,40107,0.48652333,42
Bromley,40118,0.39943728,42
Bromley,40119,0.3542512,42
Bromley,40120,0.28505027,42
Bromley,40121,0.29651472,42
Bromley,40122,0.28734928,42
Bromley,40123,0.3073638,42
Bromley,40124,0.2729234,42
Bromley,40125,0.26041117,42
Bromley,40126,0.26202434,42
Bromley,40130,0.28990227,42
Bromley,40131,0.2456011,42
Bromley,40132,0.2270273,42
Bromley,40133,0.24178292,42
Bromley,40134,0.23041289,42
Bromley,40135,0.26001504,42
Bromley,40136,0.2611212,42
Bromley,40137,0.23640129,42
Bromley,40139,0.25598085,42
Bromley,40140,0.28022867,42
Bromley,40141,0.26490813,42
Bromley,40142,0.26732162,42
Bromley,40143,0.2599906,42
Bromley,40144,0.2606743,42
Bromley,40145,0.2359007,42
Bromley,40146,0.23475438,42
Bromley,40147,0.2914858,42
Bromley,40148,0.28957057,42
Bromley,40149,0.34088707,42
Bromley,40150,0.30562103,42
Bromley,40151,0.406192,42
Bromley,40152,0.39206573,42
Bromley,40153,0.3331876,42
Bromley,40154,0.31912142,42
Bromley,40155,0.25289842,42
Bromley,40156,0.25576898,42
Bromley,40157,0.2554497,42
Bromley,40158,0.25130388,42
Bromley,40159,0.25389415,42
Bromley,40162,0.2584077,42
Bromley,40163,0.3577696,42
Bromley,40164,0.40009752,42
Bromley,40165,0.3625657,42
Bromley,40166,0.29819393,42
Bromley,40167,0.29321852,42
Bromley,40168,0.2812895,42
Bromley,40169,0.2991969,42
Bromley,40170,0.31044924,42
Bromley,40171,0.25220856,42
Bromley,40172,0.2299532,42
Bromley,40173,0.2993264,42
Bromley,40174,0.28050244,42
Bromley,40175,0.29407784,42
Bromley,40176,0.27070013,42
Bromley,40178,0.2951972,42
Bromley,40188,0.3822127,42
Bromley,40189,0.3691419,42
Bromley,40190,0.36202535,42
Bromley,40191,0.30864328,42
Bromley,40192,0.2690373,42
Bromley,40193,0.36768594,42
Bromley,40196,0.40403092,42
Bromley,40197,0.39957264,42
Bromley,40198,0.30560207,42
Bromley,40199,0.30005884,42
Bromley,40201,0.3152717,42
Bromley,40202,0.29749462,42
Bromley,40207,0.4101216,42
Bromley,40208,0.36360365,42
Bromley,40209,0.38692227,42
Bromley,40210,0.38920277,42
Bromley,40211,0.41482502,42
Bromley,40212,0.40461478,42
Bromley,40213,0.40008104,42
Bromley,40214,0.39641637,42
Bromley,40223,0.3683293,42
Bromley,40224,0.47089806,42
Bromley,40225,0.3013909,42
Bromley,40232,0.4484599,42
Bromley,40233,0.37392014,42
Bromley,40236,0.5009589,42
Bromley,40237,0.36923587,42
Bromley,40238,0.27945656,42
Bromley,40239,0.30329517,42
Bromley,40240,0.31098062,42
Bromley,40241,0.3163287,42
Bromley,40242,0.311642,42
Bromley,40243,0.31606168,42
Bromley,40244,0.36626697,42
Bromley,40245,0.28340513,42
Bromley,40250,0.37422252,42
Bromley,40251,0.41622928,42
Bromley,4074,0.42889732,42
Bromley,4075,0.4166314,42
Bromley,4083,0.3662895,42
Bromley,43011,0.29821306,42
Bromley,43015,0.43861935,42
Bromley,4783,0.4273023,42
Bromley,6560,0.35569778,42
Bromley,6561,0.3457067,42
Bromley,6580,0.33522457,42
Bromley,6581,0.3895044,42
Bromley,6582,0.34727916,42
Bromley,6587,0.37195733,42
Bromley,6593,0.47546268,42
Bromley,6594,0.35718352,42
Bromley,6595,0.35017088,42
Bromley,6599,0.4691546,42
Bromley,6601,0.36287722,42
Bromley,6602,0.39672998,42
Bromley,7722,0.38662538,42
Bromley,7723,0.36112168,42
Bromley,8204,0.38418552,42
Bromley,8239,0.38127092,42
Bromley,9350,0.34167725,42
Bromley,9470,0.3814838,42
Bromley,9471,0.3812177,42
Bromley,975,0.46438095,42
Bromley,BP013,0.28263327,42
Bromley,BP014,0.2955291,42
Bromley,BP056,0.52079123,42
Bromley,BP087,0.4245302,42
Bromley,BP1026,0.4452078,42
Bromley,BP1028,0.45700336,42
Bromley,BP1096,0.23368606,42
Bromley,BP1160,0.46149138,42
Bromley,BP1161,0.46226105,42
Bromley,BP1162,0.28941944,42
Bromley,BP1163,0.2902836,42
Bromley,BP1164,0.2934506,42
Bromley,BP1228,0.294105,42
Bromley,BP1238,0.3324346,42
Bromley,BP1239,0.52677786,42
Bromley,BP1240,0.5314039,42
Bromley,BP1241,0.5316237,42
Bromley,BP1242,0.5225026,42
Bromley,BP1243,0.43947002,42
Bromley,BP1244,0.33292896,42
Bromley,BP1246,0.38371876,42
Bromley,BP1247,0.33227643,42
Bromley,BP1248,0.25797886,42
Bromley,BP1249,0.2932837,42
Bromley,BP1250,0.30578065,42
Bromley,BP1253,0.2942511,42
Bromley,BP1254,0.3402033,42
Bromley,BP1255,0.42701018,42
Bromley,BP1294,0.4338158,42
Bromley,BP1321,0.25924644,42
Bromley,BP1341,0.27293968,42
Bromley,BP1342,0.3851251,42
Bromley,BP1343,0.34621856,42
Bromley,BP1348,0.31304926,42
Bromley,BP136,0.4267768,42
Bromley,BP139,0.43536538,42
Bromley,BP142,0.4327909,42
Bromley,BP1457,0.25323683,42
Bromley,BP1458,0.3070289,42
Bromley,BP1459,0.2766275,42
Bromley,BP1460,0.24570219,42
Bromley,BP166,0.27180293,42
Bromley,BP1681,0.5097976,42
Bromley,BP2030,0.35793313,42
Bromley,BP2031,0.29326543,42
Bromley,BP2032,0.26318386,42
Bromley,BP2033,0.32923335,42
Bromley,BP2034,0.32926482,42
Bromley,BP2035,0.28715923,42
Bromley,BP2036,0.32956535,42
Bromley,BP2039,0.3409787,42
Bromley,BP2040,0.33622634,42
Bromley,BP2041,0.30126128,42
Bromley,BP2042,0.25457606,42
Bromley,BP2049,0.34229237,42
Bromley,BP2050,0.3357458,42
Bromley,BP2051,0.26201117,42
Bromley,BP210,0.44570166,42
Bromley,BP2185,0.39429075,42
Bromley,BP2186,0.39793205,42
Bromley,BP2187,0.36849862,42
Bromley,BP2188,0.35853624,42
Bromley,BP2189,0.3585307,42
Bromley,BP2190,0.43242455,42
Bromley,BP2191,0.4283592,42
Bromley,BP2192,0.42640615,42
Bromley,BP2193,0.42382094,42
Bromley,BP2194,0.39478523,42
Bromley,BP2195,0.5044592,42
Bromley,BP2196,0.5042693,42
Bromley,BP2197,0.49451545,42
Bromley,BP2199,0.47041184,42
Bromley,BP2201,0.48801666,42
Bromley,BP2202,0.4694541,42
Bromley,BP2203,0.49575168,42
Bromley,BP2204,0.30684328,42
Bromley,BP2205,0.3059669,42
Bromley,BP2212,0.3855975,42
Bromley,BP2213,0.38462508,42
Bromley,BP2214,0.32607588,42
Bromley,BP2215,0.3305456,42
Bromley,BP2216,0.3357254,42
Bromley,BP2217,0.30751395,42
Bromley,BP2218,0.35600227,42
Bromley,BP2220,0.35526055,42
Bromley,BP2221,0.36457765,42
Bromley,BP2222,0.311462,42
Bromley,BP2223,0.3034117,42
Bromley,BP2224,0.41794327,42
Bromley,BP2225,0.42198396,42
Bromley,BP2226,0.34667096,42
Bromley,BP2227,0.37888244,42
Bromley,BP2229,0.35718867,42
Bromley,BP2230,0.31804913,42
Bromley,BP2231,0.31777138,42
Bromley,BP2232,0.2912265,42
Bromley,BP2233,0.30357513,42
Bromley,BP2234,0.30276045,42
Bromley,BP2235,0.31914058,42
Bromley,BP2236,0.311391,42
Bromley,BP2237,0.3186014,42
Bromley,BP2238,0.32232225,42
Bromley,BP2239,0.3170542,42
Bromley,BP2240,0.28258613,42
Bromley,BP2258,0.3188495,42
Bromley,BP2286,0.2524568,42
Bromley,BP2287,0.40099114,42
Bromley,BP2288,0.38169634,42
Bromley,BP2289,0.274979,42
Bromley,BP2290,0.2959233,42
Bromley,BP2291,0.28367808,42
Bromley,BP2292,0.27232677,42
Bromley,BP2293,0.38093925,42
Bromley,BP2294,0.372792,42
Bromley,BP2381,0.30863965,42
Bromley,BP2403,0.40061948,42
Bromley,BP2404,0.40108567,42
Bromley,BP2541,0.48759547,42
Bromley,BP2542,0.45201766,42
Bromley,BP2543,0.4188161,42
Bromley,BP2544,0.48984092,42
Bromley,BP2553,0.42843294,42
Bromley,BP2554,0.39041057,42
Bromley,BP2707,0.32323617,42
Bromley,BP2708,0.3146082,42
Bromley,BP2709,0.29402605,42
Bromley,BP2710,0.32243106,42
Bromley,BP2711,0.32222733,42
Bromley,BP2712,0.3069757,42
Bromley,BP2713,0.31742,42
Bromley,BP2714,0.3063226,42
Bromley,BP2760,0.373287,42
Bromley,BP2837,0.33405933,42
Bromley,BP2838,0.2878224,42
Bromley,BP2839,0.28850466,42
Bromley,BP2840,0.34125534,42
Bromley,BP2841,0.33723754,42
Bromley,BP2842,0.28821298,42
Bromley,BP2843,0.32258627,42
Bromley,BP2844,0.32261837,42
Bromley,BP2869,0.31217474,42
Bromley,BP2870,0.30572516,42
Bromley,BP2871,0.41133168,42
Bromley,BP2872,0.28735206,42
Bromley,BP2873,0.2925624,42
Bromley,BP2874,0.39363587,42
Bromley,BP2875,0.308849,42
Bromley,BP2876,0.30955538,42
Bromley,BP2877,0.38409492,42
Bromley,BP2878,0.37645888,42
Bromley,BP2879,0.2948773,42
Bromley,BP2880,0.26075026,42
Bromley,BP2881,0.29971576,42
Bromley,BP2882,0.3383461,42
Bromley,BP2883,0.2824439,42
Bromley,BP2884,0.30302835,42
Bromley,BP2885,0.3072456,42
Bromley,BP2886,0.33561844,42
Bromley,BP2896,0.2902165,42
Bromley,BP2998,0.444411,42
Bromley,BP2999,0.38260847,42
Bromley,BP3000,0.3327575,42
Bromley,BP3001,0.30881396,42
Bromley,BP3002,0.29032412,42
Bromley,BP3003,0.2738609,42
Bromley,BP3004,0.3130845,42
Bromley,BP3005,0.3265442,42
Bromley,BP3006,0.40386748,42
Bromley,BP3007,0.31337842,42
Bromley,BP3008,0.27422237,42
Bromley,BP3009,0.2740614,42
Bromley,BP3010,0.29807502,42
Bromley,BP3011,0.3073598,42
Bromley,BP3012,0.3322074,42
Bromley,BP3233,0.41614577,42
Bromley,BP3234,0.4171945,42
Bromley,BP3235,0.38708058,42
Bromley,BP3237,0.41118374,42
Bromley,BP3238,0.48060134,42
Bromley,BP3239,0.3920672,42
Bromley,BP3240,0.3474924,42
Bromley,BP3241,0.2693227,42
Bromley,BP3242,0.26875177,42
Bromley,BP3243,0.31785893,42
Bromley,BP3244,0.2983967,42
Bromley,BP3288,0.293547,42
Bromley,BP3303,0.2886323,42
Bromley,BP3336,0.39280814,42
Bromley,BP3337,0.37572813,42
Bromley,BP3338,0.38438606,42
Bromley,BP3339,0.40054655,42
Bromley,BP3340,0.34118623,42
Bromley,BP3341,0.34070846,42
Bromley,BP3343,0.45967272,42
Bromley,BP3470,0.37880045,42
Bromley,BP3471,0.33969122,42
Bromley,BP3495,0.29346693,42
Bromley,BP3496,0.29781255,42
Bromley,BP3562,0.26266015,42
Bromley,BP3680,0.30045784,42
Bromley,BP3690,0.37958843,42
Bromley,BP3694,0.3795547,42
Bromley,BP3992,0.39223328,42
Bromley,BP3993,0.40552354,42
Bromley,BP3994,0.39308536,42
Bromley,BP3995,0.3905925,42
Bromley,BP3996,0.3969026,42
Bromley,BP3997,0.43502736,42
Bromley,BP3998,0.2952567,42
Bromley,BP3999,0.2643509,42
Bromley,BP4000,0.38002074,42
Bromley,BP4001,0.37305477,42
Bromley,BP4003,0.44592422,42
Bromley,BP4004,0.4513708,42
Bromley,BP4005,0.37695718,42
Bromley,BP4006,0.36760193,42
Bromley,BP4007,0.32351145,42
Bromley,BP4008,0.3171404,42
Bromley,BP4009,0.31064105,42
Bromley,BP4010,0.31111825,42
Bromley,BP4011,0.28344882,42
Bromley,BP4012,0.27815953,42
Bromley,BP4014,0.27842483,42
Bromley,BP4015,0.2957871,42
Bromley,BP4016,0.28412208,42
Bromley,BP4017,0.26414126,42
Bromley,BP4018,0.26264417,42
Bromley,BP4019,0.2776707,42
Bromley,BP4020,0.4164377,42
Bromley,BP4021,0.4120832,42
Bromley,BP4022,0.3554743,42
Bromley,BP4023,0.3557062,42
Bromley,BP4024,0.3451049,42
Bromley,BP4025,0.3298848,42
Bromley,BP4026,0.35648826,42
Bromley,BP4027,0.3539794,42
Bromley,BP4028,0.35415807,42
Bromley,BP4029,0.35672078,42
Bromley,BP4030,0.31370375,42
Bromley,BP4031,0.29644084,42
Bromley,BP4032,0.36163965,42
Bromley,BP4033,0.32873416,42
Bromley,BP4034,0.32776496,42
Bromley,BP4035,0.31500623,42
Bromley,BP4036,0.2566485,42
Bromley,BP4037,0.2576199,42
Bromley,BP4038,0.34367016,42
Bromley,BP4039,0.34157455,42
Bromley,BP4040,0.446086,42
Bromley,BP4041,0.4479112,42
Bromley,BP4094,0.39316788,42
Bromley,BP4126,0.39379084,42
Bromley,BP4129,0.26487,42
Bromley,BP4131,0.26343086,42
Bromley,BP4132,0.27146614,42
Bromley,BP4133,0.26079714,42
Bromley,BP4134,0.27000743,42
Bromley,BP4136,0.3448113,42
Bromley,BP4137,0.44575438,42
Bromley,BP4138,0.428201,42
Bromley,BP4139,0.28718132,42
Bromley,BP4140,0.28136432,42
Bromley,BP4141,0.3985046,42
Bromley,BP4142,0.39844495,42
Bromley,BP4143,0.39478716,42
Bromley,BP4144,0.39506862,42
Bromley,BP4145,0.42079353,42
Bromley,BP4146,0.4212194,42
Bromley,BP4147,0.39674023,42
Bromley,BP4148,0.39942637,42
Bromley,BP4149,0.43269002,42
Bromley,BP4150,0.3806655,42
Bromley,BP4151,0.39154342,42
Bromley,BP4152,0.26620513,42
Bromley,BP4153,0.2646464,42
Bromley,BP4155,0.29083022,42
Bromley,BP4183,0.31154686,42
Bromley,BP4192,0.27672765,42
Bromley,BP4209,0.2757796,42
Bromley,BP4210,0.39336598,42
Bromley,BP4315,0.34854713,42
Bromley,BP4332,0.38181567,42
Bromley,BP4333,0.36398184,42
Bromley,BP4341,0.34977886,42
Bromley,BP4357,0.28768727,42
Bromley,BP4394,0.3616922,42
Bromley,BP4395,0.3348782,42
Bromley,BP4422,0.4973505,42
Bromley,BP4423,0.49843967,42
Bromley,BP4424,0.29460052,42
Bromley,BP4433,0.415394,42
Bromley,BP4434,0.32865828,42
Bromley,BP4435,0.3162093,42
Bromley,BP4440,0.30833125,42
Bromley,BP4441,0.30119807,42
Bromley,BP4442,0.3017978,42
Bromley,BP4443,0.30623683,42
Bromley,BP4444,0.30776256,42
Bromley,BP4445,0.3304137,42
Bromley,BP4446,0.30681676,42
Bromley,BP4447,0.34616545,42
Bromley,BP4448,0.34311357,42
Bromley,BP4449,0.32093996,42
Bromley,BP4450,0.32450548,42
Bromley,BP4451,0.32102528,42
Bromley,BP4452,0.32119486,42
Bromley,BP4453,0.34303713,42
Bromley,BP4454,0.34624323,42
Bromley,BP4455,0.30715698,42
Bromley,BP4456,0.41724354,42
Bromley,BP4488,0.34299225,42
Bromley,BP4616,0.33765072,42
Bromley,BP4868,0.37236047,42
Bromley,BP4964,0.3821088,42
Bromley,BP5182,0.26652476,42
Bromley,BP5306,0.3005419,42
Bromley,BP5435,0.27665016,42
Bromley,BP5436,0.32108834,42
Bromley,BP5437,0.30077422,42
Bromley,BP5438,0.29935375,42
Bromley,BP5439,0.29823726,42
Bromley,BP5440,0.30652434,42
Bromley,BP5555,0.477604,42
Bromley,BP5556,0.47813544,42
Bromley,BP5873,0.49813268,42
Bromley,BP5874,0.49979803,42
Bromley,BP596,0.28109196,42
Bromley,BP597,0.26258752,42
Bromley,BP598,0.2623642,42
Bromley,BP6023,0.20790182,42
Bromley,BP6146,0.41638678,42
Bromley,BP6147,0.4522313,42
Bromley,BP6148,0.37343967,42
Bromley,BP6156,0.41082203,42
Bromley,BP6183,0.29289,42
Bromley,BP6184,0.30385113,42
Bromley,BP6185,0.30408967,42
Bromley,BP6187,0.24781139,42
Bromley,BP6188,0.27277616,42
Bromley,BP6189,0.31536838,42
Bromley,BP6190,0.3395638,42
Bromley,BP6191,0.3150782,42
Bromley,BP6192,0.33268133,42
Bromley,BP6193,0.36193144,42
Bromley,BP6203,0.28055808,42
Bromley,BP6204,0.2640933,42
Bromley,BP6214,0.2790246,42
Bromley,BP6215,0.2850106,42
Bromley,BP6292,0.26783243,42
Bromley,BP646,0.29562977,42
Bromley,BP649,0.30663145,42
Bromley,BP650,0.38131323,42
Bromley,BP671,0.48537534,42
Bromley,BP691,0.34049076,42
Bromley,BP692,0.26551166,42
Bromley,BP693,0.30172384,42
Bromley,BP694,0.3163469,42
Bromley,BP695,0.35934293,42
Bromley,BP696,0.3538616,42
Bromley,BP697,0.34111515,42
Bromley,BP699,0.2973884,42
Bromley,BP700,0.3126859,42
Bromley,BP701,0.33093596,42
Bromley,BP702,0.3302576,42
Bromley,BP703,0.34847465,42
Bromley,BP704,0.35699725,42
Bromley,BP705,0.34103525,42
Bromley,BP706,0.2694729,42
Bromley,BP707,0.2688282,42
Bromley,BP708,0.23950557,42
Bromley,BP710,0.34480694,42
Bromley,BP711,0.40797773,42
Bromley,BP712,0.42564982,42
Bromley,BP713,0.4298352,42
Bromley,BP714,0.24951285,42
Bromley,BP715,0.26644933,42
Bromley,BP732,0.31577465,42
Bromley,BP733,0.2645735,42
Bromley,BP734,0.3983297,42
Bromley,BP792,0.33877575,42
Bromley,BP793,0.3217069,42
Bromley,BP794,0.3298976,42
Bromley,BP795,0.31248215,42
Bromley,BP796,0.24910104,42
Bromley,BP797,0.3127751,42
Bromley,BP798,0.24280281,42
Bromley,BP799,0.25529236,42
Bromley,BP800,0.32978553,42
Bromley,BP801,0.29429504,42
Bromley,BP802,0.2955348,42
Bromley,BP803,0.26023626,42
Bromley,BP806,0.32659256,42
Bromley,BP807,0.31266648,42
Bromley,BP810,0.37535948,42
Bromley,BP811,0.3788423,42
Bromley,BP847,0.46297926,42
Bromley,HC13,0.34778365,42
Bromley,HC190,0.41777825,42
Bromley,HC191,0.2912123,42
Bromley,HC192,0.43392712,42
Bromley,HC270,0.244838,42
Bromley,HC271,0.2699474,42
Bromley,HC272,0.21715079,42
Bromley,HC275,0.24529684,42
Bromley,HC276,0.3194395,42
Bromley,HC277,0.2856685,42
Bromley,HC278,0.23801148,42
Bromley,HC419,0.3267414,42
Bromley,HC420,0.3149486,42
Bromley,HC421,0.29230958,42
Bromley,HC422,0.26164475,42
Bromley,HC423,0.26139182,42
Bromley,HC424,0.3457423,42
Bromley,HC425,0.38280413,42
Bromley,HC426,0.36976448,42
Bromley,HC427,0.42713,42
Bromley,HC428,0.39272106,42
Bromley,HC429,0.4336643,42
Bromley,HC430,0.43245187,42
Bromley,HC431,0.45133904,42
Bromley,HC432,0.43262324,42
Bromley,HC433,0.37631115,42
Bromley,HC434,0.370966,42
Bromley,HC435,0.29655087,42
Bromley,HC436,0.34231192,42
Bromley,HC438,0.3266743,42
Bromley,HC439,0.34543377,42
Bromley,HC441,0.2985582,42
Bromley,HC442,0.29565382,42
Bromley,HC443,0.29743183,42
Bromley,HC444,0.29444304,42
Bromley,HC445,0.31973663,42
Bromley,HC446,0.31690064,42
Bromley,HC447,0.3103095,42
Bromley,HC448,0.31193563,42
Bromley,HC449,0.3013558,42
Bromley,HC450,0.29676417,42
Bromley,HC451,0.36003315,42
Bromley,HC452,0.31744912,42
Bromley,HC453,0.40198717,42
Bromley,HC454,0.38721803,42
Bromley,HC455,0.43469095,42
Bromley,HC456,0.40937212,42
Bromley,HC457,0.41187716,42
Bromley,HC458,0.4088803,42
Bromley,HC459,0.4135657,42
Bromley,HC494,0.3615644,42
Bromley,HC495,0.31086248,42
Bromley,HC496,0.3134999,42
Bromley,HC497,0.30796403,42
Bromley,HC498,0.30273366,42
Bromley,HC499,0.28533137,42
Bromley,HC500,0.27764434,42
Bromley,HC524,0.281674,42
Bromley,HC526,0.29589587,42
Bromley,HC528,0.32079473,42
Bromley,HC53,0.3560658,42
Bromley,HC530,0.31893006,42
Bromley,HC531,0.28357086,42
Bromley,HC532,0.31273797,42
Bromley,HC533,0.29525605,42
Bromley,HC534,0.28089648,42
Bromley,HC535,0.3155367,42
Bromley,HC536,0.27608773,42
Bromley,HC537,0.32756826,42
Bromley,HC538,0.26857352,42
Bromley,HC539,0.32766998,42
Bromley,HC540,0.27172178,42
Bromley,HC541,0.3230817,42
Bromley,HC542,0.27946407,42
Bromley,HC543,0.29304904,42
Bromley,HC544,0.2999549,42
Bromley,HC545,0.28455773,42
Bromley,HC546,0.3750341,42
Bromley,HC547,0.28781378,42
Bromley,HC548,0.3018068,42
Bromley,HC549,0.32838458,42
Bromley,HC550,0.40046954,42
Bromley,HC611,0.38106075,42
Bromley,HC612,0.27868438,42
Bromley,HC613,0.28010732,42
Bromley,HC614,0.2789688,42
Bromley,HC615,0.28175765,42
Bromley,HC616,0.2826971,42
Bromley,HC618,0.2506498,42
Bromley,HC620,0.25890583,42
Bromley,HC621,0.27594885,42
Bromley,HC622,0.27675974,42
Bromley,HC623,0.27376577,42
Bromley,HC624,0.29141432,42
Bromley,HC626,0.28021538,42
Bromley,HC627,0.26906013,42
Bromley,HC628,0.2899551,42
Bromley,HC629,0.2767261,42
Bromley,HC630,0.27291968,42
Bromley,HC8,0.30280674,42
Bromley,HC9,0.34582683,42
Bromley,OC534,0.49837938,42
Bromley,OC535,0.3071394,42
Bromley,OC536,0.41559026,42
Bromley,OC537,0.24897881,42
Bromley,OC539,0.2446513,42
Bromley,OC542,0.29547855,42
Bromley,OC543,0.29692462,42
Bromley,OC544,0.2783589,42
Bromley,OC547,0.27628815,42
Bromley,OC548,0.2630337,42
Bromley,OC549,0.2563723,42
Bromley,OC551,0.31439152,42
Bromley,OC552,0.40532362,42
Bromley,OC553,0.38690105,42
Bromley,OC557,0.38301876,42
Bromley,OC558,0.381391,42
Bromley,OC559,0.27179217,42
Bromley,OC560,0.3047441,42
Bromley,OC561,0.26510102,42
Bromley,OC562,0.26591966,42
Bromley,OC563,0.29970795,42
Bromley,OC564,0.3038773,42
Bromley,OC565,0.33784476,42
Bromley,OC579,0.33376294,42
Bromley,OC756,0.27241024,42
Bromley,OC757,0.30884203,42
Bromley,OC758,0.36816603,42
Bromley,OC759,0.3692197,42
Bromley,OC760,0.38546175,42
Bromley,OC761,0.39075038,42
Bromley,OC762,0.38153425,42
Bromley,OC768,0.2652867,42
Bromley,OC770,0.26349047,42
Bromley,OC771,0.25001416,42
Bromley,OC772,0.25093064,42
Bromley,OC774,0.26483065,42
Bromley,OC776,0.26060787,42
Bromley,OC777,0.24875735,42
Bromley,OC779,0.26098204,42
Bromley,OC780,0.44917038,42
Bromley,OC783,0.4079886,42
Bromley,OC784,0.33342248,42
Bromley,OC787,0.33246896,42
Bromley,OC789,0.33654886,42
Bromley,OC816,0.31491455,42
Bromley,OC818,0.29343694,42
Bromley,OC819,0.36258617,42
Bromley,OC820,0.4102151,42
Bromley,OC822,0.2954542,42
Bromley,OC947,0.33127698,42
Bromley,OC948,0.36929667,42
Bromley,OC949,0.4107427,42
Bromley,OC969,0.20239516,42
Bromley,OC970,0.28837958,42
Bromley,OC971,0.43330312,42
Bromley,OC974,0.4238975,42
Bromley,R0388,0.2981323,42
Bromley,R0389,0.3767614,42
Bromley,R0392,0.2739856,42
Bromley,R0393,0.33690494,42
Bromley,R0394,0.41429013,42
Bromley,R0395,0.33903235,42
Bromley,R0396,0.2973843,42
Bromley,R0397,0.43458706,42
Bromley,R0398,0.33938617,42
Bromley,R0405,0.4911232,42
Bromley,R0416,0.2775327,42
Bromley,R0501,0.36197516,42
Bromley,R0504,0.42482427,42
Bromley,R0507,0.23361343,42
Bromley,R0509,0.5018296,42
Bromley,R0512,0.23673919,42
Bromley,R0514,0.4375925,42
Bromley,R0516,0.27504653,42
Bromley,R0517,0.36672917,42
Bromley,R0520,0.43599543,42
Bromley,R0528,0.36672097,42
Bromley,R0551,0.3371741,42
Bromley,R0553,0.37597585,42
Bromley,R0557,0.39155617,42
Bromley,R0599,0.35215,42
Bromley,R0600,0.331776,42
Bromley,R0602,0.30349183,42
Bromley,R0603,0.30615768,42
Bromley,R0604,0.2941721,42
Bromley,R0605,0.28982294,42
Bromley,R0606,0.2885481,42
Bromley,R0608,0.352342,42
Bromley,R0611,0.45152575,42
Bromley,R0612,0.45525634,42
Bromley,R0613,0.31428623,42
Bromley,R0614,0.31006512,42
Bromley,R0615,0.4506264,42
Bromley,R0664,0.30413508,42
Bromley,R0775,0.42490482,42
Bromley,R0776,0.41879764,42
Bromley,R0777,0.29544964,42
Bromley,R0778,0.33307242,42
Bromley,R0783,0.2807471,42
Bromley,R0859,0.25770074,42
Bromley,R0860,0.4912173,42
Bromley,R0882,0.49717772,42
Bromley,R0891,0.2965219,42
Bromley,R0903,0.3981074,42
Bromley,R0904,0.31293774,42
Bromley,R0905,0.28227472,42
Bromley,19752,0.5394751,42
Bromley,20813,0.43873033,42
Bromley,27519,0.47852027,42
Bromley,6589,0.43608645,42
Bromley,6915,0.49247676,42
Bromley,BP041,0.49917832,42
Bromley,BP042,0.4981141,42
Bromley,BP053,0.5154624,42
Bromley,BP054,0.4718594,42
Bromley,BP055,0.46403432,42
