borough,STOPCODE,alpha
Barking and Dagenham,1029,0.5717082
Barking and Dagenham,1216,0.46280015
Barking and Dagenham,1217,0.45182785
Barking and Dagenham,14100,0.59504783
Barking and Dagenham,14119,0.5452888
Barking and Dagenham,14677,0.4625476
Barking and Dagenham,14693,0.5485911
Barking and Dagenham,14694,0.5250303
Barking and Dagenham,14718,0.6167611
Barking and Dagenham,14951,0.4975462
Barking and Dagenham,14952,0.4673133
Barking and Dagenham,14953,0.483403
Barking and Dagenham,14954,0.474106
Barking and Dagenham,15003,0.48141146
Barking and Dagenham,15004,0.49577042
Barking and Dagenham,15445,0.46789122
Barking and Dagenham,15447,0.46034822
Barking and Dagenham,15448,0.4969883
Barking and Dagenham,15449,0.48523328
Barking and Dagenham,15450,0.5268438
Barking and Dagenham,15451,0.5500167
Barking and Dagenham,15452,0.4878105
Barking and Dagenham,15453,0.51116246
Barking and Dagenham,15454,0.44036406
Barking and Dagenham,15455,0.43713415
Barking and Dagenham,15456,0.47781837
Barking and Dagenham,15457,0.45959762
Barking and Dagenham,15458,0.46122342
Barking and Dagenham,15459,0.50598097
Barking and Dagenham,15460,0.4750514
Barking and Dagenham,15461,0.45561013
Barking and Dagenham,15462,0.458531
Barking and Dagenham,15463,0.45863858
Barking and Dagenham,15464,0.48459136
Barking and Dagenham,15465,0.4862444
Barking and Dagenham,15466,0.51866704
Barking and Dagenham,15467,0.5187403
Barking and Dagenham,15468,0.5259336
Barking and Dagenham,15469,0.54981506
Barking and Dagenham,15470,0.57534325
Barking and Dagenham,15477,0.4533976
Barking and Dagenham,15478,0.44490328
Barking and Dagenham,15479,0.45495176
Barking and Dagenham,15480,0.45550445
Barking and Dagenham,15481,0.48173407
Barking and Dagenham,15482,0.49324977
Barking and Dagenham,15504,0.41672423
Barking and Dagenham,15505,0.49291867
Barking and Dagenham,15506,0.48339173
Barking and Dagenham,15508,0.4866735
Barking and Dagenham,15513,0.45339414
Barking and Dagenham,15514,0.5102774
Barking and Dagenham,15515,0.46304598
Barking and Dagenham,15517,0.4820233
Barking and Dagenham,15518,0.5048351
Barking and Dagenham,15519,0.4896442
Barking and Dagenham,15520,0.46932295
Barking and Dagenham,15522,0.5234755
Barking and Dagenham,15586,0.5130117
Barking and Dagenham,16480,0.64294904
Barking and Dagenham,16481,0.5557175
Barking and Dagenham,16484,0.5742618
Barking and Dagenham,16485,0.5748071
Barking and Dagenham,1676,0.5400692
Barking and Dagenham,1677,0.5239699
Barking and Dagenham,16970,0.51664025
Barking and Dagenham,1709,0.6021589
Barking and Dagenham,1710,0.58672357
Barking and Dagenham,1711,0.5885237
Barking and Dagenham,18025,0.5786822
Barking and Dagenham,18026,0.6114633
Barking and Dagenham,18296,0.54866153
Barking and Dagenham,18297,0.523334
Barking and Dagenham,18298,0.5920822
Barking and Dagenham,18299,0.59742767
Barking and Dagenham,1830,0.5097393
Barking and Dagenham,18301,0.5300268
Barking and Dagenham,18304,0.5603384
Barking and Dagenham,18305,0.5620323
Barking and Dagenham,18306,0.5778548
Barking and Dagenham,18307,0.57823807
Barking and Dagenham,18308,0.5507427
Barking and Dagenham,18309,0.54797673
Barking and Dagenham,1831,0.5194196
Barking and Dagenham,18310,0.5473633
Barking and Dagenham,18311,0.53789395
Barking and Dagenham,18312,0.49188846
Barking and Dagenham,18313,0.51212144
Barking and Dagenham,18314,0.44924212
Barking and Dagenham,18340,0.53746057
Barking and Dagenham,18341,0.5659991
Barking and Dagenham,18342,0.60114974
Barking and Dagenham,18343,0.5323608
Barking and Dagenham,18344,0.53329086
Barking and Dagenham,18345,0.4975905
Barking and Dagenham,18346,0.49942893
Barking and Dagenham,18391,0.55229044
Barking and Dagenham,18392,0.55797195
Barking and Dagenham,18393,0.52335584
Barking and Dagenham,18394,0.5201424
Barking and Dagenham,18800,0.53227687
Barking and Dagenham,1904,0.5824241
Barking and Dagenham,19041,0.5663441
Barking and Dagenham,19042,0.5928264
Barking and Dagenham,19296,0.57434916
Barking and Dagenham,19297,0.56539
Barking and Dagenham,19298,0.5388923
Barking and Dagenham,19299,0.5477855
Barking and Dagenham,19300,0.5196309
Barking and Dagenham,19301,0.5200297
Barking and Dagenham,19302,0.45819768
Barking and Dagenham,19303,0.47401696
Barking and Dagenham,19304,0.47438335
Barking and Dagenham,19305,0.5522706
Barking and Dagenham,19306,0.5466801
Barking and Dagenham,19307,0.5457619
Barking and Dagenham,19308,0.4983776
Barking and Dagenham,19309,0.4902403
Barking and Dagenham,19310,0.4571849
Barking and Dagenham,19311,0.47755343
Barking and Dagenham,19312,0.48611397
Barking and Dagenham,19313,0.59204155
Barking and Dagenham,19315,0.5756702
Barking and Dagenham,19316,0.6085652
Barking and Dagenham,20339,0.5456208
Barking and Dagenham,20392,0.44725326
Barking and Dagenham,20499,0.5556574
Barking and Dagenham,20500,0.5391589
Barking and Dagenham,20521,0.59706926
Barking and Dagenham,20540,0.5087631
Barking and Dagenham,20541,0.51237124
Barking and Dagenham,20693,0.5256469
Barking and Dagenham,20694,0.5286069
Barking and Dagenham,20697,0.4862537
Barking and Dagenham,20811,0.57112414
Barking and Dagenham,20822,0.5171752
Barking and Dagenham,20880,0.5826964
Barking and Dagenham,20881,0.5767028
Barking and Dagenham,20971,0.5462522
Barking and Dagenham,20988,0.4716012
Barking and Dagenham,2288,0.51525885
Barking and Dagenham,2290,0.5225149
Barking and Dagenham,23397,0.5436945
Barking and Dagenham,25125,0.6466768
Barking and Dagenham,25377,0.54803824
Barking and Dagenham,25378,0.5477638
Barking and Dagenham,25379,0.53457654
Barking and Dagenham,25380,0.5373114
Barking and Dagenham,25381,0.5188536
Barking and Dagenham,25382,0.5019831
Barking and Dagenham,25383,0.5958072
Barking and Dagenham,25384,0.6030462
Barking and Dagenham,25385,0.64203095
Barking and Dagenham,25386,0.64894015
Barking and Dagenham,25387,0.6677287
Barking and Dagenham,25388,0.6743936
Barking and Dagenham,25389,0.59309983
Barking and Dagenham,25390,0.5828621
Barking and Dagenham,25391,0.61651605
Barking and Dagenham,25392,0.5299558
Barking and Dagenham,25393,0.5762229
Barking and Dagenham,25394,0.52455753
Barking and Dagenham,25395,0.56119764
Barking and Dagenham,25396,0.5303919
Barking and Dagenham,25399,0.47860116
Barking and Dagenham,26367,0.5278829
Barking and Dagenham,26887,0.48802635
Barking and Dagenham,26888,0.48290342
Barking and Dagenham,27451,0.6125588
Barking and Dagenham,27870,0.72051406
Barking and Dagenham,27950,0.60097235
Barking and Dagenham,2838,0.64261895
Barking and Dagenham,29141,0.5952335
Barking and Dagenham,29142,0.6237055
Barking and Dagenham,29143,0.5701537
Barking and Dagenham,29144,0.5802387
Barking and Dagenham,29234,0.5034934
Barking and Dagenham,29235,0.52527857
Barking and Dagenham,29236,0.5386714
Barking and Dagenham,29237,0.48361072
Barking and Dagenham,29238,0.5470885
Barking and Dagenham,29239,0.5866752
Barking and Dagenham,29240,0.59184736
Barking and Dagenham,29241,0.6088993
Barking and Dagenham,29256,0.4916554
Barking and Dagenham,29257,0.47499666
Barking and Dagenham,29258,0.47474235
Barking and Dagenham,29259,0.517436
Barking and Dagenham,29260,0.5150984
Barking and Dagenham,29261,0.5140486
Barking and Dagenham,29262,0.5133731
Barking and Dagenham,29413,0.5851282
Barking and Dagenham,29414,0.6374717
Barking and Dagenham,29415,0.63598144
Barking and Dagenham,29416,0.63837934
Barking and Dagenham,29417,0.6994035
Barking and Dagenham,29418,0.69913363
Barking and Dagenham,29419,0.6358009
Barking and Dagenham,29420,0.58432627
Barking and Dagenham,29422,0.5729246
Barking and Dagenham,29423,0.5517326
Barking and Dagenham,29424,0.5339115
Barking and Dagenham,29425,0.5277245
Barking and Dagenham,29510,0.42397225
Barking and Dagenham,29511,0.4188692
Barking and Dagenham,29512,0.4302604
Barking and Dagenham,29513,0.40545493
Barking and Dagenham,29514,0.37980634
Barking and Dagenham,29516,0.48002622
Barking and Dagenham,29517,0.5016578
Barking and Dagenham,29518,0.49048454
Barking and Dagenham,29542,0.4314598
Barking and Dagenham,29747,0.58245957
Barking and Dagenham,29749,0.5675703
Barking and Dagenham,29750,0.56745005
Barking and Dagenham,29751,0.53529966
Barking and Dagenham,29752,0.5452135
Barking and Dagenham,29754,0.52788204
Barking and Dagenham,29776,0.49081326
Barking and Dagenham,29836,0.58236134
Barking and Dagenham,29973,0.45869532
Barking and Dagenham,3319,0.55267525
Barking and Dagenham,3320,0.6082354
Barking and Dagenham,3321,0.5174592
Barking and Dagenham,3322,0.5338527
Barking and Dagenham,33514,0.63697666
Barking and Dagenham,33515,0.6661798
Barking and Dagenham,33722,0.48773783
Barking and Dagenham,33954,0.5978627
Barking and Dagenham,33956,0.5039512
Barking and Dagenham,34726,0.4552818
Barking and Dagenham,34865,0.45973712
Barking and Dagenham,34866,0.46667352
Barking and Dagenham,34884,0.600249
Barking and Dagenham,34996,0.6718298
Barking and Dagenham,34998,0.6872089
Barking and Dagenham,36559,0.4480502
Barking and Dagenham,36651,0.71844393
Barking and Dagenham,37184,0.62875307
Barking and Dagenham,37185,0.5805339
Barking and Dagenham,37186,0.56898355
Barking and Dagenham,37187,0.56581044
Barking and Dagenham,37188,0.56089085
Barking and Dagenham,37189,0.5224973
Barking and Dagenham,37196,0.56166184
Barking and Dagenham,3816,0.44805235
Barking and Dagenham,4282,0.5729702
Barking and Dagenham,4283,0.47473612
Barking and Dagenham,4284,0.521219
Barking and Dagenham,4285,0.5219179
Barking and Dagenham,4294,0.5503217
Barking and Dagenham,4295,0.58853674
Barking and Dagenham,4296,0.5294883
Barking and Dagenham,4298,0.6318077
Barking and Dagenham,4303,0.5838576
Barking and Dagenham,587,0.6178619
Barking and Dagenham,9544,0.46093976
Barking and Dagenham,9548,0.51654106
Barking and Dagenham,9645,0.63564587
Barking and Dagenham,9646,0.42219043
Barking and Dagenham,9820,0.44950208
Barking and Dagenham,9821,0.44659537
Barking and Dagenham,9822,0.4520575
Barking and Dagenham,9823,0.45260748
Barking and Dagenham,BP071,0.48718882
Barking and Dagenham,BP096,0.4684123
Barking and Dagenham,BP1105,0.7128834
Barking and Dagenham,BP1296,0.5167367
Barking and Dagenham,BP133,0.5748205
Barking and Dagenham,BP147,0.4491227
Barking and Dagenham,BP155,0.44854644
Barking and Dagenham,BP164,0.48226395
Barking and Dagenham,BP1750,0.5354087
Barking and Dagenham,BP181,0.43529874
Barking and Dagenham,BP1920,0.44461218
Barking and Dagenham,BP1991,0.5099264
Barking and Dagenham,BP2154,0.56472987
Barking and Dagenham,BP2155,0.45236668
Barking and Dagenham,BP222,0.49158496
Barking and Dagenham,BP227,0.588555
Barking and Dagenham,BP230,0.7128197
Barking and Dagenham,BP2661,0.5835136
Barking and Dagenham,BP270,0.5291047
Barking and Dagenham,BP2818,0.5034473
Barking and Dagenham,BP3038,0.5922423
Barking and Dagenham,BP3039,0.57143396
Barking and Dagenham,BP3042,0.5786505
Barking and Dagenham,BP3472,0.5008007
Barking and Dagenham,BP4055,0.62737554
Barking and Dagenham,BP4056,0.5740669
Barking and Dagenham,BP433,0.5186293
Barking and Dagenham,BP4381,0.5824664
Barking and Dagenham,BP4382,0.56313646
Barking and Dagenham,BP4426,0.6448707
Barking and Dagenham,BP4431,0.5955126
Barking and Dagenham,BP4609,0.62132746
Barking and Dagenham,BP5390,0.5357575
Barking and Dagenham,BP5397,0.63831395
Barking and Dagenham,BP5398,0.63754654
Barking and Dagenham,BP5400,0.58321875
Barking and Dagenham,BP5410,0.5910127
Barking and Dagenham,BP5411,0.5915277
Barking and Dagenham,BP5414,0.59397954
Barking and Dagenham,BP5415,0.60136235
Barking and Dagenham,BP5434,0.5713675
Barking and Dagenham,BP5546,0.46506572
Barking and Dagenham,BP5652,0.5256213
Barking and Dagenham,BP5653,0.51993036
Barking and Dagenham,BP5755,0.49443942
Barking and Dagenham,BP5799,0.5488237
Barking and Dagenham,BP6069,0.5929112
Barking and Dagenham,BP6070,0.6142663
Barking and Dagenham,BP6071,0.6060111
Barking and Dagenham,BP6072,0.55598146
Barking and Dagenham,BP6138,0.56140304
Barking and Dagenham,BP6283,0.6287453
Barking and Dagenham,BP6284,0.6346091
Barking and Dagenham,BP6285,0.6017137
Barking and Dagenham,HC220,0.5061846
Barking and Dagenham,HC221,0.54284155
Barking and Dagenham,HC222,0.577967
Barking and Dagenham,HC223,0.5612934
Barking and Dagenham,HC224,0.5741202
Barking and Dagenham,HC225,0.50558335
Barking and Dagenham,HC294,0.48428357
Barking and Dagenham,HC295,0.5270064
Barking and Dagenham,HC296,0.53268445
Barking and Dagenham,LE134,0.7263451
Barking and Dagenham,LE171,0.49763563
Barking and Dagenham,LE195,0.6359316
Barking and Dagenham,LE217,0.576153
Barking and Dagenham,LE218,0.56313807
Barking and Dagenham,LE222,0.49430308
Barking and Dagenham,LE223,0.48573542
Barking and Dagenham,LE224,0.48708788
Barking and Dagenham,OC628,0.5493491
Barking and Dagenham,R0067,0.55251575
Barking and Dagenham,R0068,0.59776986
Barking and Dagenham,R0175,0.5381365
Barking and Dagenham,R0320,0.5492405
Barking and Dagenham,R0338,0.5498792
Barking and Dagenham,R0590,0.5743774
Barking and Dagenham,15585,0.53635895
Barking and Dagenham,29139,0.6261189
Barking and Dagenham,29140,0.6695784
Barking and Dagenham,29756,0.49690133
Barking and Dagenham,33951,0.5740683
Barking and Dagenham,33952,0.55365473
Barking and Dagenham,33955,0.56696945
Barking and Dagenham,34361,0.49664134
Barking and Dagenham,34843,0.5321935
Barking and Dagenham,35770,0.58604157
Barking and Dagenham,35771,0.45478404
Barking and Dagenham,4279,0.5669749
Barking and Dagenham,695,0.4534419
Barking and Dagenham,BP236,0.6538617
Barking and Dagenham,BP4052,0.65610015
Barking and Dagenham,BP4053,0.67989075
Barking and Dagenham,BP4054,0.6747843
Barking and Dagenham,BP4057,0.62003696
Barking and Dagenham,BP4191,0.6759773
Barking and Dagenham,BP4825,0.460748
Barking and Dagenham,LE138,0.4530815
Barking and Dagenham,LE174,0.45734993
Barnet,1023,0.67795664
Barnet,10242,0.8180085
Barnet,11136,0.60856336
Barnet,11205,0.43877754
Barnet,11772,0.5951051
Barnet,11773,0.6027644
Barnet,1184,0.53080255
Barnet,11992,0.63684183
Barnet,12085,0.4131601
Barnet,12086,0.38665903
Barnet,12087,0.40445867
Barnet,12088,0.5025338
Barnet,12089,0.61846006
Barnet,12199,0.41246146
Barnet,12200,0.41591206
Barnet,12201,0.38308913
Barnet,12218,0.61575896
Barnet,12912,0.7996113
Barnet,12913,0.5544941
Barnet,12914,0.53202677
Barnet,1306,0.70310235
Barnet,1307,0.682894
Barnet,1308,0.52259153
Barnet,1309,0.6576178
Barnet,1310,0.5101288
Barnet,1311,0.45045364
Barnet,1329,0.6036996
Barnet,1330,0.6205797
Barnet,1333,0.5503706
Barnet,1334,0.54733795
Barnet,13422,0.5430352
Barnet,13423,0.5442316
Barnet,13424,0.4882923
Barnet,13425,0.47562987
Barnet,13507,0.6070848
Barnet,14130,0.35093293
Barnet,14131,0.5895885
Barnet,14461,0.74174994
Barnet,14462,0.75266445
Barnet,14632,0.8434536
Barnet,14636,0.80111045
Barnet,1466,0.6523699
Barnet,14701,0.5842313
Barnet,14702,0.5303913
Barnet,14721,0.6595799
Barnet,14722,0.66228926
Barnet,14768,0.5727406
Barnet,14769,0.57839847
Barnet,14770,0.5231741
Barnet,14772,0.50071394
Barnet,14773,0.45780808
Barnet,14774,0.4783261
Barnet,14775,0.38927707
Barnet,14776,0.37044543
Barnet,14777,0.33976844
Barnet,14778,0.5359359
Barnet,14779,0.51035994
Barnet,1478,0.63554555
Barnet,14869,0.69192034
Barnet,14870,0.6271957
Barnet,14888,0.7093755
Barnet,14927,0.63732696
Barnet,15039,0.6082344
Barnet,15092,0.53634316
Barnet,15093,0.50498664
Barnet,15094,0.47551805
Barnet,15095,0.4414811
Barnet,15096,0.42691007
Barnet,15097,0.41956067
Barnet,15098,0.40048686
Barnet,15099,0.40625572
Barnet,1516,0.6622401
Barnet,15417,0.60830677
Barnet,15418,0.61821514
Barnet,15419,0.5755338
Barnet,1542,0.5231944
Barnet,15420,0.55865026
Barnet,15421,0.637195
Barnet,15422,0.65271956
Barnet,15424,0.62224036
Barnet,1543,0.4899208
Barnet,1555,0.564306
Barnet,1556,0.5724938
Barnet,15606,0.39773583
Barnet,15607,0.38315204
Barnet,15608,0.5977808
Barnet,15609,0.6004479
Barnet,15610,0.51411307
Barnet,15611,0.53100103
Barnet,15612,0.57664025
Barnet,15613,0.58670974
Barnet,15615,0.67415524
Barnet,15620,0.72406757
Barnet,15621,0.72468245
Barnet,15626,0.24614316
Barnet,15627,0.3231488
Barnet,15628,0.24142435
Barnet,15629,0.24355076
Barnet,15630,0.24209441
Barnet,15631,0.24763605
Barnet,15632,0.49439013
Barnet,15633,0.5110229
Barnet,15634,0.56445265
Barnet,15636,0.59403163
Barnet,15638,0.6346874
Barnet,15639,0.5760242
Barnet,15640,0.6028591
Barnet,15641,0.48548895
Barnet,15642,0.48534602
Barnet,15643,0.5123122
Barnet,15644,0.48030838
Barnet,15677,0.74585176
Barnet,15737,0.57922024
Barnet,15738,0.6086255
Barnet,15739,0.5387786
Barnet,15741,0.536897
Barnet,15742,0.5179989
Barnet,15743,0.57760906
Barnet,15744,0.51506424
Barnet,15745,0.5825035
Barnet,15746,0.63588977
Barnet,15749,0.68379444
Barnet,15750,0.7495282
Barnet,15751,0.43138954
Barnet,15752,0.4327701
Barnet,15753,0.4948034
Barnet,15754,0.45804468
Barnet,15755,0.4459709
Barnet,15756,0.42691052
Barnet,15757,0.42275393
Barnet,15758,0.42055732
Barnet,15759,0.62310404
Barnet,15760,0.60422283
Barnet,15912,0.69602656
Barnet,15913,0.66461486
Barnet,15914,0.720168
Barnet,15915,0.71946454
Barnet,15916,0.6574711
Barnet,15917,0.6564375
Barnet,15918,0.7393459
Barnet,15919,0.6512864
Barnet,15920,0.7044391
Barnet,15921,0.573608
Barnet,15922,0.5209904
Barnet,15923,0.63159364
Barnet,15924,0.63678455
Barnet,15925,0.6411615
Barnet,15926,0.6396636
Barnet,15927,0.6554947
Barnet,15928,0.48351187
Barnet,15929,0.62871295
Barnet,15930,0.56581694
Barnet,15932,0.53393567
Barnet,15933,0.5707197
Barnet,15934,0.59612083
Barnet,15951,0.57929415
Barnet,16028,0.83519137
Barnet,16029,0.7784559
Barnet,16067,0.516058
Barnet,16068,0.56172633
Barnet,16069,0.55410707
Barnet,16070,0.5487745
Barnet,16071,0.5478932
Barnet,16072,0.6211463
Barnet,16073,0.60777664
Barnet,16074,0.692502
Barnet,16104,0.4525951
Barnet,16105,0.49898675
Barnet,16108,0.5709816
Barnet,16109,0.58211315
Barnet,16110,0.5186143
Barnet,16111,0.5166667
Barnet,16453,0.54937005
Barnet,16454,0.5454041
Barnet,16455,0.57844085
Barnet,16457,0.51949406
Barnet,16458,0.5168341
Barnet,16459,0.3886696
Barnet,16460,0.37396023
Barnet,16469,0.59043723
Barnet,16470,0.62719566
Barnet,16471,0.6659879
Barnet,16472,0.68020654
Barnet,16473,0.6902869
Barnet,16474,0.73885006
Barnet,16475,0.7446227
Barnet,16487,0.6643722
Barnet,16488,0.65956205
Barnet,16489,0.59755206
Barnet,16490,0.64257497
Barnet,16491,0.41429722
Barnet,16492,0.41290486
Barnet,16493,0.6508772
Barnet,16494,0.6528365
Barnet,16495,0.7063734
Barnet,16496,0.70811164
Barnet,16497,0.7068052
Barnet,16498,0.6946898
Barnet,16500,0.7023027
Barnet,16501,0.6062333
Barnet,16503,0.5050117
Barnet,16504,0.5325244
Barnet,16505,0.5378625
Barnet,16506,0.55755365
Barnet,16507,0.5904093
Barnet,16508,0.58498704
Barnet,16509,0.6056711
Barnet,16510,0.59776384
Barnet,16511,0.6570837
Barnet,16512,0.67260236
Barnet,16519,0.6175336
Barnet,16520,0.6633253
Barnet,16521,0.5988004
Barnet,16523,0.5618697
Barnet,16524,0.48702896
Barnet,16525,0.57561773
Barnet,16526,0.619041
Barnet,16527,0.5785933
Barnet,16528,0.6323251
Barnet,16529,0.5285318
Barnet,16530,0.5229497
Barnet,16531,0.68008107
Barnet,16532,0.6075927
Barnet,16533,0.7257863
Barnet,16536,0.6130623
Barnet,16537,0.48354375
Barnet,16538,0.6638279
Barnet,16539,0.6270736
Barnet,16540,0.5755098
Barnet,16571,0.32237473
Barnet,16572,0.32294896
Barnet,16973,0.47455135
Barnet,16975,0.36589876
Barnet,16990,0.51155496
Barnet,16991,0.43212414
Barnet,16992,0.5382938
Barnet,16993,0.4205015
Barnet,16994,0.49552548
Barnet,16995,0.49357796
Barnet,16996,0.51372534
Barnet,17035,0.40232894
Barnet,17099,0.350628
Barnet,17100,0.4513285
Barnet,17101,0.39973825
Barnet,17102,0.5915576
Barnet,17166,0.55906576
Barnet,17167,0.62192005
Barnet,17168,0.6076208
Barnet,17169,0.6025647
Barnet,17256,0.34972805
Barnet,17257,0.62299734
Barnet,17259,0.41451156
Barnet,17260,0.41660106
Barnet,17267,0.5236881
Barnet,17268,0.5365592
Barnet,17269,0.38950768
Barnet,17270,0.47024238
Barnet,17271,0.41613832
Barnet,17272,0.5016306
Barnet,17273,0.49125975
Barnet,1731,0.45477542
Barnet,17469,0.45587784
Barnet,17470,0.45044914
Barnet,17473,0.53037876
Barnet,17580,0.6482342
Barnet,17718,0.6266989
Barnet,17719,0.68851537
Barnet,17768,0.3073814
Barnet,17770,0.49460176
Barnet,17771,0.4908282
Barnet,18099,0.28977358
Barnet,18100,0.27807137
Barnet,18102,0.5047828
Barnet,18104,0.37926632
Barnet,18105,0.37731495
Barnet,18106,0.3811555
Barnet,18107,0.3875838
Barnet,18108,0.4068742
Barnet,18109,0.3981407
Barnet,18110,0.40042114
Barnet,18111,0.38372272
Barnet,18112,0.56766
Barnet,18113,0.55185515
Barnet,18114,0.5446733
Barnet,18115,0.5644091
Barnet,18116,0.58396816
Barnet,18117,0.5551177
Barnet,18118,0.52993715
Barnet,18119,0.5211438
Barnet,18120,0.43720132
Barnet,18121,0.44372448
Barnet,18122,0.4627884
Barnet,18729,0.65872645
Barnet,18730,0.5988396
Barnet,18912,0.74407005
Barnet,19142,0.39831588
Barnet,19143,0.39634752
Barnet,19144,0.5251067
Barnet,19145,0.27120462
Barnet,19146,0.2720198
Barnet,19147,0.3250192
Barnet,19148,0.32248488
Barnet,19149,0.3840032
Barnet,19150,0.32400176
Barnet,19151,0.38313076
Barnet,19152,0.38183528
Barnet,19153,0.3588035
Barnet,19154,0.35956177
Barnet,19155,0.3586041
Barnet,19156,0.3514502
Barnet,19159,0.36340052
Barnet,19160,0.34562945
Barnet,19163,0.34268445
Barnet,19164,0.34080875
Barnet,19165,0.34825087
Barnet,19166,0.34616947
Barnet,19167,0.29726464
Barnet,19168,0.29698536
Barnet,19169,0.31670684
Barnet,19170,0.3149969
Barnet,19171,0.6586417
Barnet,19172,0.6579774
Barnet,19173,0.6938436
Barnet,19174,0.69499147
Barnet,19175,0.7142656
Barnet,19176,0.7089942
Barnet,19215,0.42469078
Barnet,19216,0.42980194
Barnet,19264,0.38170323
Barnet,19541,0.7055389
Barnet,19606,0.67873746
Barnet,19607,0.5977285
Barnet,19608,0.7131142
Barnet,19609,0.701124
Barnet,19610,0.70616394
Barnet,19611,0.46697277
Barnet,19612,0.4391687
Barnet,19613,0.50384927
Barnet,19614,0.57836604
Barnet,19615,0.6139598
Barnet,19616,0.60831773
Barnet,20145,0.72647935
Barnet,20146,0.72433364
Barnet,20282,0.68023366
Barnet,20313,0.7691538
Barnet,20363,0.38413036
Barnet,20364,0.38806245
Barnet,20424,0.43171328
Barnet,20498,0.53346914
Barnet,2071,0.6193203
Barnet,2072,0.6556865
Barnet,20800,0.6696016
Barnet,20857,0.5862844
Barnet,20858,0.5171237
Barnet,20859,0.5181482
Barnet,20860,0.5245606
Barnet,20861,0.42979315
Barnet,20862,0.42976055
Barnet,20863,0.38128275
Barnet,20864,0.3577063
Barnet,20865,0.3682251
Barnet,20866,0.34876955
Barnet,20909,0.45943362
Barnet,20910,0.45038763
Barnet,20928,0.67053854
Barnet,20929,0.6692379
Barnet,2294,0.55044484
Barnet,2295,0.53114945
Barnet,2297,0.7479119
Barnet,2298,0.7320813
Barnet,2299,0.7308042
Barnet,23435,0.4756727
Barnet,25027,0.63194454
Barnet,25042,0.56925106
Barnet,25043,0.60709625
Barnet,25044,0.5062496
Barnet,25045,0.5384062
Barnet,25046,0.52462345
Barnet,25048,0.5316533
Barnet,25072,0.60959786
Barnet,25080,0.48416746
Barnet,25102,0.60844135
Barnet,25118,0.6423157
Barnet,25841,0.56073564
Barnet,25842,0.5842207
Barnet,25964,0.3676713
Barnet,25965,0.38710934
Barnet,25966,0.37881216
Barnet,25967,0.5102684
Barnet,25968,0.4961887
Barnet,25975,0.7693332
Barnet,26154,0.5165693
Barnet,26155,0.5091954
Barnet,26156,0.4588419
Barnet,26157,0.41696543
Barnet,26158,0.57687575
Barnet,26159,0.6033423
Barnet,26160,0.5936676
Barnet,26161,0.56810856
Barnet,26163,0.54440045
Barnet,26165,0.36800605
Barnet,26166,0.35741544
Barnet,26167,0.3951037
Barnet,26168,0.37951377
Barnet,26169,0.30280173
Barnet,26170,0.3001862
Barnet,26171,0.30001184
Barnet,26172,0.29939088
Barnet,26173,0.33598822
Barnet,26174,0.33731532
Barnet,26196,0.5321889
Barnet,26200,0.69361055
Barnet,26202,0.7187221
Barnet,26484,0.5106278
Barnet,2664,0.52285266
Barnet,26884,0.6692115
Barnet,26886,0.44666642
Barnet,26985,0.5685256
Barnet,26986,0.5667398
Barnet,27454,0.6837267
Barnet,27455,0.626806
Barnet,27459,0.50687784
Barnet,27476,0.8096097
Barnet,27477,0.8403287
Barnet,27559,0.5987929
Barnet,27562,0.43004707
Barnet,27563,0.5533151
Barnet,2758,0.75643194
Barnet,2759,0.74156314
Barnet,27596,0.47147772
Barnet,27597,0.40812936
Barnet,27598,0.3450966
Barnet,27599,0.34814245
Barnet,2760,0.7524841
Barnet,2761,0.7482881
Barnet,27625,0.6150615
Barnet,2763,0.7425758
Barnet,2764,0.72841406
Barnet,2765,0.6990459
Barnet,2766,0.66275525
Barnet,2767,0.73599696
Barnet,2768,0.64607656
Barnet,2770,0.7147081
Barnet,2771,0.7706954
Barnet,2773,0.6368752
Barnet,2774,0.6132112
Barnet,2775,0.7169264
Barnet,2776,0.7318172
Barnet,27781,0.5616584
Barnet,27787,0.6674636
Barnet,27880,0.6534633
Barnet,27912,0.51891583
Barnet,2795,0.49219036
Barnet,2796,0.5032492
Barnet,27971,0.6096758
Barnet,2799,0.72867614
Barnet,2800,0.6270158
Barnet,2801,0.7076738
Barnet,28900,0.6745083
Barnet,29171,0.40551746
Barnet,29295,0.3598963
Barnet,29581,0.62066025
Barnet,29600,0.62119263
Barnet,29699,0.6166549
Barnet,2970,0.6894536
Barnet,29701,0.5842619
Barnet,29704,0.5032342
Barnet,29705,0.45224229
Barnet,29706,0.4941448
Barnet,29707,0.42458194
Barnet,29708,0.4285404
Barnet,29709,0.43994218
Barnet,2971,0.6700504
Barnet,29710,0.48675346
Barnet,29711,0.4891417
Barnet,29712,0.3674618
Barnet,29713,0.44651407
Barnet,29714,0.3778704
Barnet,29715,0.49039873
Barnet,29716,0.4810677
Barnet,2972,0.6277788
Barnet,2976,0.6439898
Barnet,2978,0.61667734
Barnet,2982,0.66122764
Barnet,29833,0.5399271
Barnet,29834,0.64835083
Barnet,2990,0.6243567
Barnet,29919,0.7264312
Barnet,3193,0.59626085
Barnet,3195,0.6354731
Barnet,3196,0.6357394
Barnet,3295,0.7210266
Barnet,33152,0.5306673
Barnet,33333,0.5421368
Barnet,33334,0.5684909
Barnet,33355,0.6378568
Barnet,33356,0.6145169
Barnet,33499,0.45226657
Barnet,33500,0.43534875
Barnet,33501,0.43292025
Barnet,33502,0.46715418
Barnet,33503,0.5482032
Barnet,33504,0.60203224
Barnet,33648,0.60161024
Barnet,33744,0.6925044
Barnet,33771,0.5930577
Barnet,33772,0.58086336
Barnet,33773,0.5234044
Barnet,33774,0.5593403
Barnet,34042,0.5510585
Barnet,34043,0.55024284
Barnet,34159,0.5438645
Barnet,34183,0.6817932
Barnet,34201,0.6264169
Barnet,34202,0.59893125
Barnet,34203,0.59746903
Barnet,3435,0.663295
Barnet,3437,0.34141976
Barnet,3438,0.33317065
Barnet,3439,0.39828324
Barnet,3440,0.40890384
Barnet,3441,0.52856416
Barnet,34430,0.38792434
Barnet,34431,0.3817065
Barnet,34432,0.3315126
Barnet,34433,0.30826733
Barnet,34434,0.42950082
Barnet,34435,0.40943068
Barnet,34436,0.3723735
Barnet,34437,0.38630882
Barnet,34454,0.5253463
Barnet,34606,0.56785226
Barnet,34608,0.576951
Barnet,34609,0.59261703
Barnet,34610,0.5351316
Barnet,34718,0.5972786
Barnet,34719,0.5950179
Barnet,34720,0.5333767
Barnet,34721,0.5576269
Barnet,34722,0.5841478
Barnet,34723,0.5793042
Barnet,34758,0.49322563
Barnet,34872,0.5998635
Barnet,34914,0.6639844
Barnet,3518,0.6175772
Barnet,35204,0.6646774
Barnet,35205,0.5891872
Barnet,35211,0.6534558
Barnet,35215,0.67480946
Barnet,35216,0.58486164
Barnet,35276,0.59152555
Barnet,35326,0.6341569
Barnet,35327,0.63698906
Barnet,35333,0.63249665
Barnet,35337,0.5250168
Barnet,35528,0.5919014
Barnet,35632,0.67864794
Barnet,35838,0.5113035
Barnet,35839,0.5129269
Barnet,35840,0.6054807
Barnet,35841,0.55161977
Barnet,35842,0.61155933
Barnet,35843,0.55764675
Barnet,35844,0.6213903
Barnet,35845,0.6492425
Barnet,35846,0.61839736
Barnet,35847,0.6521002
Barnet,36793,0.6845687
Barnet,37232,0.5917636
Barnet,37233,0.5907048
Barnet,37239,0.61174375
Barnet,37240,0.6099777
Barnet,3776,0.6032728
Barnet,3777,0.6525237
Barnet,3778,0.6038527
Barnet,3807,0.5315775
Barnet,3808,0.5743303
Barnet,3809,0.57065606
Barnet,3810,0.562249
Barnet,4127,0.6058208
Barnet,4647,0.71815884
Barnet,4651,0.7972566
Barnet,4653,0.6975294
Barnet,4690,0.6118806
Barnet,4692,0.57449806
Barnet,4694,0.6154781
Barnet,4695,0.42534292
Barnet,4705,0.68658614
Barnet,565,0.65388995
Barnet,6045,0.624515
Barnet,6047,0.6237423
Barnet,6048,0.6394125
Barnet,6051,0.66550946
Barnet,6052,0.68246436
Barnet,6056,0.65700895
Barnet,6061,0.7124493
Barnet,6063,0.6771044
Barnet,6071,0.6516027
Barnet,6073,0.637185
Barnet,6074,0.66137886
Barnet,6077,0.6722214
Barnet,6078,0.68323845
Barnet,6079,0.6283564
Barnet,6080,0.6248852
Barnet,6081,0.6924578
Barnet,6082,0.6998394
Barnet,6083,0.7435151
Barnet,6084,0.7168833
Barnet,6085,0.76358324
Barnet,6090,0.7629567
Barnet,6091,0.75274915
Barnet,6092,0.7452987
Barnet,6095,0.74509054
Barnet,6096,0.6567556
Barnet,6097,0.6702336
Barnet,6098,0.6471427
Barnet,6099,0.7069555
Barnet,6100,0.6555644
Barnet,6108,0.66153467
Barnet,6109,0.6599338
Barnet,6112,0.6278152
Barnet,6113,0.67961556
Barnet,6114,0.62360394
Barnet,6117,0.7066889
Barnet,6691,0.6437372
Barnet,70119,0.654507
Barnet,70120,0.64095485
Barnet,70228,0.60899025
Barnet,7520,0.63557386
Barnet,7521,0.62777704
Barnet,764,0.65300995
Barnet,765,0.6792461
Barnet,766,0.683864
Barnet,80002,0.48979127
Barnet,80003,0.6070289
Barnet,80005,0.4141366
Barnet,80006,0.41040292
Barnet,80007,0.35326627
Barnet,80008,0.6515622
Barnet,80009,0.6429613
Barnet,80013,0.4077421
Barnet,8285,0.70388335
Barnet,8428,0.5295703
Barnet,8506,0.61360323
Barnet,8745,0.6498873
Barnet,9011,0.6156841
Barnet,9421,0.6085205
Barnet,9878,0.812654
Barnet,9882,0.64390534
Barnet,9883,0.70337284
Barnet,9884,0.62829125
Barnet,9887,0.6486179
Barnet,9888,0.5929346
Barnet,9889,0.59148425
Barnet,9890,0.5910235
Barnet,9892,0.67052376
Barnet,9893,0.659523
Barnet,9894,0.67473143
Barnet,9897,0.66095144
Barnet,9899,0.65494084
Barnet,9901,0.652907
Barnet,9903,0.65610373
Barnet,9906,0.57567024
Barnet,9907,0.6221661
Barnet,9908,0.63140225
Barnet,9909,0.6697021
Barnet,9910,0.6665122
Barnet,9912,0.7600718
Barnet,9913,0.75461704
Barnet,9914,0.81459975
Barnet,9915,0.64458644
Barnet,9916,0.8096698
Barnet,9917,0.6123191
Barnet,9918,0.79753727
Barnet,9919,0.5560086
Barnet,9920,0.55995035
Barnet,9921,0.54269063
Barnet,9922,0.528965
Barnet,9923,0.62929696
Barnet,9926,0.5984167
Barnet,9927,0.66214454
Barnet,9933,0.6502876
Barnet,9934,0.64517015
Barnet,9935,0.6418445
Barnet,9936,0.60035217
Barnet,9937,0.5231215
Barnet,9938,0.53911585
Barnet,9939,0.55373996
Barnet,9940,0.54663855
Barnet,9941,0.5360504
Barnet,9944,0.7119737
Barnet,9945,0.7163343
Barnet,9947,0.7077772
Barnet,9949,0.66863096
Barnet,9950,0.6669865
Barnet,9951,0.6053466
Barnet,9952,0.62639236
Barnet,9953,0.64102274
Barnet,BP090,0.68036026
Barnet,BP1110,0.32293063
Barnet,BP1203,0.51385355
Barnet,BP1265,0.59519345
Barnet,BP1318,0.3278385
Barnet,BP1540,0.48436227
Barnet,BP1612,0.5279396
Barnet,BP1616,0.6419823
Barnet,BP172,0.47235665
Barnet,BP173,0.5927683
Barnet,BP1749,0.60349226
Barnet,BP1800,0.47487208
Barnet,BP1961,0.46585706
Barnet,BP1962,0.26991105
Barnet,BP2072,0.6568784
Barnet,BP2076,0.31238887
Barnet,BP2077,0.45109934
Barnet,BP2078,0.4427993
Barnet,BP2079,0.6065868
Barnet,BP2080,0.6131577
Barnet,BP228,0.67079896
Barnet,BP247,0.5600802
Barnet,BP269,0.6251253
Barnet,BP2776,0.64575577
Barnet,BP283,0.4805476
Barnet,BP2832,0.63035613
Barnet,BP2833,0.63037914
Barnet,BP2834,0.7079868
Barnet,BP2835,0.70971555
Barnet,BP3077,0.7188816
Barnet,BP3120,0.68555665
Barnet,BP3223,0.6573204
Barnet,BP3880,0.52195734
Barnet,BP3968,0.49344295
Barnet,BP3969,0.48762733
Barnet,BP3970,0.47448686
Barnet,BP3971,0.5432388
Barnet,BP3972,0.59340304
Barnet,BP3973,0.5728405
Barnet,BP3974,0.59162503
Barnet,BP3975,0.5455497
Barnet,BP3976,0.53881663
Barnet,BP3977,0.56560284
Barnet,BP3978,0.4168689
Barnet,BP3979,0.59011966
Barnet,BP3980,0.6435625
Barnet,BP3981,0.7026652
Barnet,BP3982,0.6757547
Barnet,BP3983,0.6010955
Barnet,BP3984,0.5117293
Barnet,BP3985,0.41838443
Barnet,BP3986,0.4827717
Barnet,BP4087,0.6969997
Barnet,BP4088,0.69758064
Barnet,BP4090,0.6853847
Barnet,BP4124,0.47909907
Barnet,BP4125,0.7200722
Barnet,BP4294,0.6672449
Barnet,BP4376,0.6466589
Barnet,BP5114,0.53866935
Barnet,BP5308,0.33795214
Barnet,BP5505,0.5802502
Barnet,BP5506,0.5836341
Barnet,BP5507,0.58739835
Barnet,BP5508,0.59881073
Barnet,BP5509,0.6390321
Barnet,BP5510,0.70793575
Barnet,BP5511,0.6922468
Barnet,BP5557,0.5483976
Barnet,BP5689,0.42118806
Barnet,BP5695,0.43825328
Barnet,BP5760,0.48019987
Barnet,BP5952,0.4986444
Barnet,BP5959,0.676277
Barnet,BP5960,0.6995757
Barnet,BP5961,0.68984574
Barnet,BP600,0.438558
Barnet,BP6058,0.5939008
Barnet,BP6059,0.5999637
Barnet,BP6060,0.57472265
Barnet,BP6062,0.6219705
Barnet,BP615,0.7288377
Barnet,BP6335,0.5828409
Barnet,BP6336,0.6520759
Barnet,BP6337,0.61148006
Barnet,BP6433,0.61413956
Barnet,BP6578,0.6307465
Barnet,HC100,0.5536594
Barnet,HC101,0.3028747
Barnet,HC102,0.32447702
Barnet,HC103,0.5031402
Barnet,HC104,0.48248613
Barnet,HC105,0.3250233
Barnet,HC203,0.450341
Barnet,HC204,0.51770496
Barnet,HC229,0.6639208
Barnet,HC231,0.6155771
Barnet,HC232,0.59283614
Barnet,HC233,0.5227264
Barnet,HC304,0.32734072
Barnet,HC305,0.32735956
Barnet,HC306,0.32495546
Barnet,HC307,0.32790023
Barnet,HC308,0.38790807
Barnet,HC309,0.3878752
Barnet,HC310,0.4095514
Barnet,HC311,0.43117377
Barnet,HC312,0.3415617
Barnet,HC313,0.40519595
Barnet,HC314,0.51338035
Barnet,HC315,0.40145728
Barnet,HC316,0.4094436
Barnet,HC317,0.34257948
Barnet,HC318,0.4277015
Barnet,HC319,0.34648964
Barnet,HC326,0.39300138
Barnet,HC328,0.37362543
Barnet,HC330,0.4121415
Barnet,HC332,0.36440971
Barnet,HC333,0.5095173
Barnet,HC335,0.47300982
Barnet,HC340,0.42358074
Barnet,HC342,0.43806425
Barnet,HC343,0.37357152
Barnet,HC344,0.38293096
Barnet,HC345,0.37347502
Barnet,HC347,0.42731896
Barnet,HC348,0.31955126
Barnet,HC349,0.31034306
Barnet,HC35,0.6277615
Barnet,HC350,0.30650014
Barnet,HC351,0.3052751
Barnet,HC352,0.33058268
Barnet,HC353,0.3328954
Barnet,HC354,0.3336227
Barnet,HC355,0.2983348
Barnet,HC356,0.3335878
Barnet,HC357,0.33220604
Barnet,HC359,0.2407824
Barnet,HC360,0.25364724
Barnet,HC361,0.21168745
Barnet,HC362,0.21551193
Barnet,HC363,0.20953439
Barnet,HC37,0.45022526
Barnet,HC39,0.5507786
Barnet,HC41,0.42602757
Barnet,HC437,0.5431667
Barnet,HC605,0.5480149
Barnet,HC606,0.5468682
Barnet,HC639,0.5747228
Barnet,HC640,0.5478205
Barnet,HC641,0.5477982
Barnet,HC642,0.53217775
Barnet,HC643,0.5239892
Barnet,HC644,0.39399114
Barnet,HC645,0.5175426
Barnet,HC646,0.42066455
Barnet,HC647,0.41942793
Barnet,HC648,0.47340566
Barnet,HC649,0.44544613
Barnet,HC650,0.23497733
Barnet,HC651,0.377761
Barnet,HC652,0.37453845
Barnet,HC653,0.35886803
Barnet,HC654,0.23983316
Barnet,HC655,0.22658642
Barnet,HC656,0.2391365
Barnet,HC657,0.22636347
Barnet,HC658,0.2577338
Barnet,HC659,0.23789895
Barnet,HC660,0.24379924
Barnet,HC661,0.23021007
Barnet,HC662,0.24810857
Barnet,HC663,0.2766094
Barnet,HC664,0.3137832
Barnet,HC665,0.31076854
Barnet,HC666,0.3053749
Barnet,HC667,0.32641432
Barnet,HC668,0.30599535
Barnet,HC669,0.296447
Barnet,HC670,0.29573408
Barnet,HC671,0.31077054
Barnet,HC672,0.30756024
Barnet,HC673,0.46202195
Barnet,HC674,0.30733252
Barnet,HC675,0.5411151
Barnet,HC676,0.31550506
Barnet,HC677,0.5458102
Barnet,HC678,0.55936694
Barnet,HC679,0.5303664
Barnet,HC680,0.55293715
Barnet,HC681,0.5023881
Barnet,HC682,0.5017626
Barnet,HC683,0.50419706
Barnet,HC684,0.49147758
Barnet,HC685,0.35177246
Barnet,HC686,0.47568825
Barnet,HC687,0.47752967
Barnet,HC688,0.4601282
Barnet,HC689,0.37354633
Barnet,HC690,0.47777754
Barnet,HC691,0.47761533
Barnet,HC692,0.53817844
Barnet,HC693,0.5731468
Barnet,HC694,0.5508162
Barnet,HC695,0.60176337
Barnet,HC696,0.6168605
Barnet,HC697,0.61920315
Barnet,HC698,0.67010564
Barnet,HC699,0.64675444
Barnet,HC700,0.6247151
Barnet,HC701,0.62357026
Barnet,HC702,0.5060755
Barnet,HC796,0.4569327
Barnet,HC797,0.44507074
Barnet,HC798,0.45339382
Barnet,HC799,0.6586609
Barnet,HC800,0.6220667
Barnet,HC801,0.45110384
Barnet,HC802,0.44956818
Barnet,HC803,0.47756267
Barnet,HC804,0.54105103
Barnet,HC805,0.58707696
Barnet,HC806,0.47193506
Barnet,HC807,0.4620063
Barnet,HC829,0.44069943
Barnet,HC833,0.6446064
Barnet,HC834,0.646252
Barnet,HC835,0.6495373
Barnet,HC836,0.58864456
Barnet,HC837,0.66445255
Barnet,HC838,0.6618549
Barnet,HC839,0.69367105
Barnet,HC840,0.66445
Barnet,HC841,0.6315323
Barnet,HC842,0.6443801
Barnet,HC843,0.64529777
Barnet,HC844,0.6207837
Barnet,HC845,0.45425504
Barnet,HC846,0.58762264
Barnet,HC847,0.5473192
Barnet,HC848,0.47823614
Barnet,HC849,0.45023468
Barnet,HC850,0.6205903
Barnet,HC851,0.6115665
Barnet,HC852,0.53248686
Barnet,HC853,0.694565
Barnet,HC88,0.44457945
Barnet,HC99,0.5735531
Barnet,M27,0.50803614
Barnet,M28,0.47423413
Barnet,M29,0.4978508
Barnet,M31,0.5190331
Barnet,M32,0.49682593
Barnet,M33,0.4795295
Barnet,M34,0.4709231
Barnet,M41,0.4862815
Barnet,M42,0.4755146
Barnet,M43,0.5237168
Barnet,M44,0.50137776
Barnet,M5,0.4442982
Barnet,M7,0.55489534
Barnet,OC481,0.4034009
Barnet,OC568,0.6840502
Barnet,OC672,0.41128868
Barnet,R0310,0.5610269
Barnet,R0485,0.52376443
Barnet,R0744,0.70836836
Barnet,R0751,0.545815
Barnet,R0789,0.6058641
Barnet,R0790,0.6313048
Barnet,R0791,0.60852623
Barnet,R0792,0.6156637
Barnet,R0796,0.6607966
Barnet,R0797,0.62450635
Barnet,R0798,0.6642087
Barnet,R0800,0.66343534
Barnet,R0803,0.6034494
Barnet,17036,0.69603103
Barnet,17037,0.65344423
Barnet,17039,0.66779125
Barnet,26199,0.5740385
Barnet,BP5459,0.5476785
Barnet,BP5460,0.48994672
Barnet,BP5951,0.56609976
Barnet,BP5953,0.54805064
Barnet,BP5954,0.56921875
Barnet,BP5958,0.59807795
Barnet,HC201,0.61913306
Barnet,HC202,0.49185047
Barnet,HC205,0.619078
Barnet,HC603,0.5946852
Barnet,HC604,0.59395665
Barnet,HC609,0.4733785
Barnet,M36,0.5092002
Bexley,10016,0.6223938
Bexley,10017,0.61317724
Bexley,10359,0.5516617
Bexley,10360,0.56188595
Bexley,10715,0.6703594
Bexley,10716,0.6594927
Bexley,10717,0.56967205
Bexley,10719,0.5750499
Bexley,10720,0.65431887
Bexley,10721,0.6420384
Bexley,10722,0.64154696
Bexley,10723,0.6314222
Bexley,10724,0.63142174
Bexley,10725,0.6350273
Bexley,10726,0.64009726
Bexley,10729,0.56917447
Bexley,11121,0.5254894
Bexley,12069,0.62683535
Bexley,12070,0.6083831
Bexley,12071,0.57145876
Bexley,12072,0.6349282
Bexley,12073,0.5881987
Bexley,12074,0.5638819
Bexley,12075,0.57174796
Bexley,12076,0.5651639
Bexley,12077,0.56201285
Bexley,12078,0.6399392
Bexley,12079,0.68335575
Bexley,12080,0.6194168
Bexley,13510,0.5368323
Bexley,13904,0.5437308
Bexley,14376,0.47877592
Bexley,14377,0.4908078
Bexley,14378,0.5262605
Bexley,14379,0.52575135
Bexley,14380,0.58957154
Bexley,14381,0.5414633
Bexley,14382,0.58851033
Bexley,14383,0.6031741
Bexley,1444,0.54538643
Bexley,14960,0.51903164
Bexley,15008,0.509762
Bexley,15182,0.527125
Bexley,15183,0.50440687
Bexley,16648,0.50592405
Bexley,16649,0.54420656
Bexley,16650,0.5042132
Bexley,16651,0.4861091
Bexley,16652,0.5096373
Bexley,16653,0.48714525
Bexley,16656,0.5769787
Bexley,16657,0.5760886
Bexley,16658,0.5665177
Bexley,16659,0.5359411
Bexley,16660,0.63618857
Bexley,16661,0.6345819
Bexley,16662,0.58499426
Bexley,16663,0.61326647
Bexley,16664,0.5364484
Bexley,16675,0.622808
Bexley,16676,0.6424796
Bexley,16677,0.57503694
Bexley,16678,0.5996675
Bexley,16679,0.62284386
Bexley,16681,0.6694674
Bexley,16682,0.675146
Bexley,16683,0.6478157
Bexley,16684,0.6442748
Bexley,16685,0.66539097
Bexley,16686,0.6558948
Bexley,16687,0.6226775
Bexley,16688,0.6376038
Bexley,16689,0.5416955
Bexley,16690,0.5461756
Bexley,16691,0.5527293
Bexley,16692,0.49890852
Bexley,16693,0.53008026
Bexley,16694,0.52926135
Bexley,16695,0.50605386
Bexley,16696,0.50526655
Bexley,16697,0.5545018
Bexley,17585,0.48043323
Bexley,17586,0.60335207
Bexley,17587,0.5351969
Bexley,17588,0.5749504
Bexley,17589,0.5842923
Bexley,17591,0.593132
Bexley,17592,0.61601484
Bexley,17593,0.6053152
Bexley,17594,0.6321853
Bexley,17596,0.6331262
Bexley,17597,0.5336862
Bexley,17721,0.6134391
Bexley,17722,0.54989743
Bexley,18084,0.63882285
Bexley,18085,0.66200864
Bexley,18918,0.55407155
Bexley,18919,0.5461565
Bexley,18922,0.52660835
Bexley,18923,0.58625174
Bexley,18926,0.5408401
Bexley,18927,0.56387997
Bexley,18928,0.62188756
Bexley,18929,0.6229846
Bexley,18930,0.6252154
Bexley,18931,0.64005244
Bexley,18932,0.66063726
Bexley,18933,0.67487615
Bexley,18934,0.6849128
Bexley,18938,0.48268524
Bexley,18939,0.54103917
Bexley,18940,0.53838766
Bexley,18986,0.5617514
Bexley,18987,0.56336766
Bexley,19623,0.5646024
Bexley,19624,0.60715055
Bexley,19625,0.5580354
Bexley,19626,0.60830647
Bexley,19627,0.57540447
Bexley,19628,0.6013195
Bexley,19629,0.5642691
Bexley,19630,0.56516355
Bexley,19631,0.5797935
Bexley,19632,0.5810125
Bexley,19633,0.55176973
Bexley,19663,0.54168147
Bexley,19664,0.5778388
Bexley,19665,0.6128358
Bexley,19666,0.6129703
Bexley,19667,0.6062897
Bexley,19668,0.6264992
Bexley,19669,0.5629069
Bexley,19670,0.5834314
Bexley,20169,0.63722855
Bexley,20171,0.62728405
Bexley,20320,0.5459096
Bexley,20404,0.5824189
Bexley,20437,0.4905068
Bexley,20515,0.55810404
Bexley,20516,0.55094516
Bexley,20598,0.6046813
Bexley,20796,0.5031245
Bexley,21597,0.56811714
Bexley,21598,0.61861926
Bexley,21599,0.60013413
Bexley,21600,0.66823256
Bexley,21601,0.6620306
Bexley,21603,0.59493136
Bexley,21625,0.60817057
Bexley,21626,0.5984415
Bexley,21697,0.5712707
Bexley,21790,0.67695063
Bexley,21819,0.6423424
Bexley,21820,0.685275
Bexley,21822,0.6060331
Bexley,21823,0.60153157
Bexley,21826,0.60917217
Bexley,21881,0.640135
Bexley,21882,0.64017105
Bexley,22342,0.49117944
Bexley,22343,0.5016608
Bexley,22450,0.5974428
Bexley,23114,0.6457596
Bexley,23116,0.63912696
Bexley,23117,0.644211
Bexley,23251,0.6227832
Bexley,23253,0.5744781
Bexley,23254,0.53212553
Bexley,23255,0.5738672
Bexley,23256,0.5376934
Bexley,23257,0.54048073
Bexley,23258,0.5561092
Bexley,23259,0.5588589
Bexley,23260,0.5637859
Bexley,23261,0.56327426
Bexley,23262,0.61253464
Bexley,23263,0.61002785
Bexley,23264,0.6027157
Bexley,23265,0.61665976
Bexley,23266,0.5833088
Bexley,23267,0.5949835
Bexley,23268,0.6026859
Bexley,23269,0.639325
Bexley,23271,0.6298139
Bexley,23273,0.6238994
Bexley,23354,0.62605923
Bexley,23355,0.6026166
Bexley,23602,0.611521
Bexley,23603,0.61670655
Bexley,23604,0.6226266
Bexley,23605,0.6422422
Bexley,23606,0.62073094
Bexley,23607,0.5797342
Bexley,23608,0.5992743
Bexley,23609,0.54591656
Bexley,23610,0.545305
Bexley,23611,0.57253844
Bexley,23663,0.62548906
Bexley,23698,0.5801257
Bexley,23874,0.70561725
Bexley,24008,0.59957945
Bexley,24132,0.6155947
Bexley,24133,0.6188978
Bexley,24134,0.61247885
Bexley,24637,0.6102031
Bexley,25290,0.55492985
Bexley,25480,0.5123572
Bexley,25605,0.52008295
Bexley,25696,0.5672314
Bexley,25697,0.6492556
Bexley,25698,0.6501413
Bexley,25699,0.61889195
Bexley,25700,0.5807243
Bexley,25701,0.6234357
Bexley,25702,0.6367103
Bexley,25710,0.6204072
Bexley,25711,0.6290952
Bexley,25712,0.5993592
Bexley,25713,0.6003455
Bexley,25714,0.6352052
Bexley,25715,0.63622165
Bexley,25716,0.6566229
Bexley,25717,0.6523133
Bexley,25718,0.6302628
Bexley,25719,0.61766803
Bexley,25773,0.5725703
Bexley,25775,0.5403267
Bexley,25776,0.5426988
Bexley,25777,0.5327179
Bexley,25778,0.54693764
Bexley,25779,0.5454313
Bexley,25780,0.63691485
Bexley,25781,0.6217076
Bexley,25782,0.61148596
Bexley,25783,0.5815767
Bexley,25784,0.5710447
Bexley,25785,0.5827417
Bexley,25786,0.58968043
Bexley,25819,0.462215
Bexley,25848,0.5233331
Bexley,25998,0.5526899
Bexley,26152,0.6300972
Bexley,26153,0.6205942
Bexley,26218,0.5367863
Bexley,26383,0.5817691
Bexley,26561,0.65859383
Bexley,26562,0.6529882
Bexley,26563,0.59154654
Bexley,26564,0.5995037
Bexley,26566,0.5723388
Bexley,26567,0.6030974
Bexley,26579,0.59971577
Bexley,26580,0.6244783
Bexley,26581,0.58817077
Bexley,26582,0.61538583
Bexley,26583,0.60056776
Bexley,26584,0.57908386
Bexley,27306,0.49868336
Bexley,27308,0.6530935
Bexley,27589,0.63302714
Bexley,27833,0.5071904
Bexley,27834,0.50421005
Bexley,28017,0.5972076
Bexley,28018,0.59793806
Bexley,28177,0.5489265
Bexley,2867,0.64610404
Bexley,29286,0.6114165
Bexley,29307,0.4841901
Bexley,29308,0.4766753
Bexley,29461,0.5469667
Bexley,29462,0.62943256
Bexley,29468,0.5794854
Bexley,29469,0.66669494
Bexley,29545,0.5271486
Bexley,30598,0.69394153
Bexley,31051,0.66785944
Bexley,31473,0.43806776
Bexley,31531,0.4643686
Bexley,33040,0.41086146
Bexley,33041,0.41985825
Bexley,33234,0.64873224
Bexley,33235,0.6465329
Bexley,33236,0.65916985
Bexley,33237,0.6910697
Bexley,33238,0.60000145
Bexley,33239,0.58357245
Bexley,33240,0.5882723
Bexley,33241,0.58302766
Bexley,33242,0.60167027
Bexley,33244,0.5810895
Bexley,33247,0.593727
Bexley,33248,0.5798457
Bexley,33556,0.542901
Bexley,33748,0.5837515
Bexley,33749,0.5886835
Bexley,3375,0.5965689
Bexley,33750,0.5780805
Bexley,33751,0.57318074
Bexley,33752,0.5879806
Bexley,33753,0.61963946
Bexley,33754,0.62206787
Bexley,33755,0.620844
Bexley,33756,0.62206894
Bexley,33757,0.61143047
Bexley,33758,0.6120256
Bexley,3377,0.5614241
Bexley,33974,0.5841182
Bexley,34277,0.51418287
Bexley,34278,0.5146507
Bexley,34318,0.44006118
Bexley,34392,0.66413045
Bexley,34611,0.51217026
Bexley,34612,0.4928991
Bexley,34613,0.49789727
Bexley,34812,0.46984518
Bexley,34815,0.49988833
Bexley,34816,0.4985566
Bexley,34817,0.54986036
Bexley,34818,0.5551618
Bexley,34819,0.5918121
Bexley,34825,0.5446537
Bexley,34926,0.44560507
Bexley,34955,0.58650196
Bexley,35147,0.54872435
Bexley,35309,0.41946977
Bexley,35387,0.5463398
Bexley,35388,0.6210492
Bexley,35389,0.5925755
Bexley,35390,0.55084574
Bexley,35391,0.5394457
Bexley,35392,0.5831055
Bexley,35393,0.6112938
Bexley,35395,0.59139794
Bexley,35396,0.59086996
Bexley,35424,0.5195
Bexley,35518,0.5421293
Bexley,35529,0.6191848
Bexley,35541,0.62331295
Bexley,35579,0.6695084
Bexley,35580,0.6634343
Bexley,35581,0.59978086
Bexley,35582,0.6123881
Bexley,35584,0.53651476
Bexley,35585,0.48048815
Bexley,35586,0.6661466
Bexley,35713,0.5350937
Bexley,35773,0.5327917
Bexley,35928,0.6376048
Bexley,35929,0.63329446
Bexley,36002,0.58219236
Bexley,36530,0.4924583
Bexley,36531,0.44573784
Bexley,36642,0.6170187
Bexley,36675,0.5239358
Bexley,36676,0.5327227
Bexley,36677,0.5354255
Bexley,36678,0.45079795
Bexley,36780,0.58553743
Bexley,37070,0.51888824
Bexley,37071,0.51197696
Bexley,37076,0.6034526
Bexley,37078,0.5887574
Bexley,37123,0.5364397
Bexley,37181,0.5345181
Bexley,3725,0.48747656
Bexley,37322,0.467339
Bexley,37379,0.5706372
Bexley,3901,0.6800663
Bexley,3902,0.6969729
Bexley,3905,0.5078576
Bexley,3906,0.49781954
Bexley,3929,0.52462137
Bexley,3930,0.5234131
Bexley,3936,0.6254041
Bexley,3937,0.61726516
Bexley,3952,0.61599815
Bexley,3953,0.56369245
Bexley,3954,0.49219862
Bexley,3955,0.49997783
Bexley,3961,0.62207085
Bexley,3962,0.55635667
Bexley,3963,0.43807387
Bexley,3964,0.49733835
Bexley,3965,0.47534424
Bexley,40020,0.61081743
Bexley,40022,0.62119895
Bexley,40023,0.59539044
Bexley,40024,0.60064936
Bexley,40027,0.543868
Bexley,40028,0.55951077
Bexley,40029,0.5815007
Bexley,40030,0.5926735
Bexley,40031,0.62385947
Bexley,40032,0.62438625
Bexley,40047,0.7164982
Bexley,40050,0.6232345
Bexley,40062,0.6148859
Bexley,40064,0.6775198
Bexley,40065,0.6779845
Bexley,41001,0.57746416
Bexley,44002,0.600207
Bexley,44003,0.62769145
Bexley,44004,0.55644834
Bexley,44005,0.53463465
Bexley,44016,0.61661977
Bexley,44017,0.6191556
Bexley,4928,0.54751307
Bexley,5176,0.6015985
Bexley,5885,0.587339
Bexley,5886,0.5738171
Bexley,6001,0.56852055
Bexley,6002,0.5722444
Bexley,6229,0.56213087
Bexley,6230,0.5328915
Bexley,6231,0.5716029
Bexley,6232,0.5438807
Bexley,6233,0.59224975
Bexley,6234,0.57059574
Bexley,6235,0.55510384
Bexley,6236,0.55543387
Bexley,6238,0.4768105
Bexley,6239,0.48139858
Bexley,6240,0.48081785
Bexley,6241,0.49430808
Bexley,6242,0.4949297
Bexley,6243,0.5034883
Bexley,6244,0.4658822
Bexley,6247,0.52474797
Bexley,6248,0.5609732
Bexley,6249,0.5702775
Bexley,6251,0.53121954
Bexley,6252,0.56321263
Bexley,6254,0.48038128
Bexley,6255,0.50282025
Bexley,6257,0.60051924
Bexley,6260,0.69452393
Bexley,6261,0.70259917
Bexley,6264,0.64235985
Bexley,6265,0.6469517
Bexley,6266,0.6503822
Bexley,6268,0.6361259
Bexley,6271,0.6023809
Bexley,6272,0.5518956
Bexley,6273,0.5565723
Bexley,6274,0.53619003
Bexley,6275,0.5347003
Bexley,6276,0.4866898
Bexley,6277,0.48471832
Bexley,6279,0.5016248
Bexley,6286,0.48454043
Bexley,6287,0.49572572
Bexley,6290,0.4774946
Bexley,6294,0.4975773
Bexley,6295,0.49677864
Bexley,6301,0.4908111
Bexley,6302,0.48880553
Bexley,6303,0.46420276
Bexley,6307,0.57321656
Bexley,6308,0.5734366
Bexley,6309,0.5730016
Bexley,6310,0.5599443
Bexley,6313,0.6511479
Bexley,6314,0.6089711
Bexley,6315,0.4813135
Bexley,6316,0.66412455
Bexley,6317,0.60320514
Bexley,6318,0.6820481
Bexley,6319,0.5280052
Bexley,6320,0.5662546
Bexley,6323,0.55334765
Bexley,6324,0.5398233
Bexley,6326,0.59421235
Bexley,6327,0.589027
Bexley,6328,0.58653545
Bexley,6329,0.6199042
Bexley,6330,0.5798409
Bexley,6348,0.5711369
Bexley,6349,0.5460906
Bexley,6600,0.5040718
Bexley,6603,0.4902644
Bexley,7540,0.61621374
Bexley,9182,0.53235465
Bexley,BP060,0.61674494
Bexley,BP1297,0.6465541
Bexley,BP1298,0.62526387
Bexley,BP1325,0.5536333
Bexley,BP1334,0.6697975
Bexley,BP1335,0.57216483
Bexley,BP1583,0.53748006
Bexley,BP1776,0.54539263
Bexley,BP1845,0.53936595
Bexley,BP1846,0.5466122
Bexley,BP1927,0.61841357
Bexley,BP2114,0.4731947
Bexley,BP2115,0.41838703
Bexley,BP2158,0.6405354
Bexley,BP2159,0.63955843
Bexley,BP2160,0.5582393
Bexley,BP2250,0.44374195
Bexley,BP2259,0.6507353
Bexley,BP2296,0.5841539
Bexley,BP2437,0.5662829
Bexley,BP2438,0.5485104
Bexley,BP2992,0.6422278
Bexley,BP3207,0.601071
Bexley,BP3300,0.59317696
Bexley,BP3311,0.6835122
Bexley,BP3603,0.63815033
Bexley,BP371,0.51244986
Bexley,BP372,0.5066696
Bexley,BP374,0.5062653
Bexley,BP375,0.49985662
Bexley,BP376,0.49984884
Bexley,BP377,0.49080876
Bexley,BP3814,0.49837926
Bexley,BP3815,0.46507335
Bexley,BP3816,0.44358987
Bexley,BP3817,0.5352926
Bexley,BP4058,0.60894257
Bexley,BP4175,0.5905289
Bexley,BP4176,0.6316588
Bexley,BP4177,0.5970116
Bexley,BP4178,0.5993995
Bexley,BP4179,0.6520691
Bexley,BP4180,0.604044
Bexley,BP4279,0.60506034
Bexley,BP4476,0.42124876
Bexley,BP4516,0.46104172
Bexley,BP4992,0.63333565
Bexley,BP5033,0.6088904
Bexley,BP5046,0.67670316
Bexley,BP5099,0.6651171
Bexley,BP5395,0.59022546
Bexley,BP5396,0.5748389
Bexley,BP5401,0.6240299
Bexley,BP5402,0.6004041
Bexley,BP5866,0.48591655
Bexley,BP5900,0.58059984
Bexley,BP5901,0.59502923
Bexley,BP6081,0.6866213
Bexley,BP6082,0.6892484
Bexley,BP6083,0.6870109
Bexley,BP6084,0.6745179
Bexley,BP6085,0.66747606
Bexley,BP6086,0.67124563
Bexley,BP6087,0.6674461
Bexley,BP6088,0.6401917
Bexley,BP6089,0.68107337
Bexley,BP6090,0.7039487
Bexley,BP6091,0.68823904
Bexley,BP6092,0.6943626
Bexley,BP6257,0.71129054
Bexley,BP6295,0.55345273
Bexley,BP6296,0.6162001
Bexley,BP6297,0.6300731
Bexley,BP6298,0.66887665
Bexley,BP6299,0.5842785
Bexley,BP6300,0.61947143
Bexley,BP6302,0.70065933
Bexley,BP6303,0.60273564
Bexley,BP6304,0.6428817
Bexley,BP6305,0.59382635
Bexley,BP6306,0.629907
Bexley,BP6307,0.6028623
Bexley,BP6308,0.637588
Bexley,BP6309,0.64195704
Bexley,BP6310,0.7036203
Bexley,BP6311,0.5627692
Bexley,BP6312,0.6720799
Bexley,BP6313,0.6881196
Bexley,BP6323,0.70066404
Bexley,BP645,0.54899883
Bexley,BP647,0.62993145
Bexley,BP648,0.62974405
Bexley,BP6496,0.630769
Bexley,BP6497,0.6800959
Bexley,BP6540,0.46493283
Bexley,BP6547,0.68498814
Bexley,BP6548,0.6723395
Bexley,BP6549,0.6847238
Bexley,BP6550,0.66238904
Bexley,BP6551,0.5665415
Bexley,BP6552,0.56759745
Bexley,BP6553,0.607312
Bexley,BP658,0.56333095
Bexley,BP663,0.5640344
Bexley,BP942,0.6277235
Bexley,HC1,0.595837
Bexley,HC154,0.6474919
Bexley,HC155,0.6121681
Bexley,HC156,0.6024762
Bexley,HC157,0.6178599
Bexley,HC158,0.61921865
Bexley,HC159,0.6463405
Bexley,HC269,0.5806293
Bexley,HC3,0.5756267
Bexley,HC4,0.6258186
Bexley,HC5,0.6284318
Bexley,HC551,0.647592
Bexley,HC552,0.6465198
Bexley,HC553,0.65239465
Bexley,HC554,0.619168
Bexley,HC6,0.6585182
Bexley,HC729,0.59786516
Bexley,HC730,0.5992486
Bexley,HC731,0.6266238
Bexley,HC732,0.5429686
Bexley,HC733,0.5576061
Bexley,HC734,0.5767857
Bexley,HC735,0.58562034
Bexley,HC737,0.5333403
Bexley,HC738,0.6254196
Bexley,HC744,0.5854641
Bexley,HC745,0.5728402
Bexley,HC746,0.5679444
Bexley,HC747,0.6179416
Bexley,HC748,0.6248769
Bexley,HC749,0.62320656
Bexley,HC750,0.5728389
Bexley,HC751,0.5982092
Bexley,HC752,0.5410286
Bexley,HC808,0.52908343
Bexley,HC809,0.51529247
Bexley,HC810,0.59680176
Bexley,HC811,0.61286336
Bexley,HC812,0.6294516
Bexley,HC813,0.61446345
Bexley,HC816,0.5662344
Bexley,HC817,0.57761407
Bexley,HC818,0.612151
Bexley,HC819,0.6310877
Bexley,HC820,0.63963467
Bexley,HC821,0.6232653
Bexley,HC822,0.5779693
Bexley,HC823,0.5819728
Bexley,HC824,0.63960195
Bexley,HC825,0.6435446
Bexley,HC826,0.654949
Bexley,HC827,0.58342636
Bexley,HC828,0.6037693
Bexley,HC830,0.50798225
Bexley,HC831,0.5496472
Bexley,OC418,0.56914616
Bexley,OC581,0.66101485
Bexley,OC658,0.58955204
Bexley,R0063,0.5677483
Bexley,R0439,0.68531805
Bexley,R0468,0.514812
Bexley,R0481,0.5733678
Bexley,R0482,0.68200165
Bexley,R0521,0.61212283
Bexley,R0535,0.56897324
Bexley,R0536,0.60466504
Bexley,R0537,0.61895895
Bexley,R0548,0.5175714
Bexley,R0555,0.6481418
Bexley,R0561,0.5575608
Bexley,21602,0.5982986
Bexley,23118,0.57319385
Bexley,28236,0.5737295
Bexley,33243,0.5766684
Bexley,33245,0.5631157
Bexley,33246,0.565401
Bexley,33249,0.5323888
Bexley,37371,0.5705485
Bexley,40051,0.6088364
Bexley,40052,0.6114841
Bexley,40086,0.586097
Bexley,40087,0.5771697
Bexley,6347,0.57258826
Bexley,6367,0.60331553
Bexley,BP4066,0.58845156
Brent,1013,0.54698294
Brent,1014,0.52754945
Brent,10240,0.4816213
Brent,10241,0.47988808
Brent,11134,0.49679735
Brent,11135,0.479447
Brent,11601,0.5137826
Brent,11609,0.50542146
Brent,11615,0.47942376
Brent,11616,0.48147854
Brent,11617,0.49966347
Brent,11618,0.49607345
Brent,11621,0.45754668
Brent,11622,0.4653017
Brent,11623,0.46592113
Brent,11630,0.46294472
Brent,11633,0.5579396
Brent,11634,0.5480272
Brent,11635,0.4971371
Brent,11636,0.507206
Brent,11637,0.51479316
Brent,11638,0.53192973
Brent,11639,0.5247333
Brent,11640,0.53608984
Brent,11641,0.5137154
Brent,11642,0.51751226
Brent,11643,0.47527438
Brent,11644,0.49267432
Brent,11645,0.49875385
Brent,11647,0.5416632
Brent,11650,0.55457985
Brent,11651,0.57139707
Brent,11653,0.5529365
Brent,11656,0.5999877
Brent,11657,0.60363555
Brent,11658,0.56326133
Brent,11659,0.5821501
Brent,11660,0.5627327
Brent,11661,0.5671436
Brent,1220,0.50573426
Brent,1256,0.51341206
Brent,13149,0.49445692
Brent,1378,0.5574995
Brent,1380,0.5413818
Brent,1381,0.5447024
Brent,1382,0.5003194
Brent,1385,0.5071851
Brent,1386,0.51055115
Brent,1387,0.5107999
Brent,1388,0.58963424
Brent,1389,0.58821034
Brent,14205,0.44009405
Brent,14341,0.45963877
Brent,14364,0.5080819
Brent,1467,0.48446667
Brent,14766,0.45797566
Brent,14827,0.5445946
Brent,14828,0.49492544
Brent,14833,0.5430461
Brent,14838,0.47883856
Brent,1484,0.50538325
Brent,14840,0.5451684
Brent,14851,0.47935823
Brent,14852,0.51507586
Brent,14853,0.45496443
Brent,14946,0.51482856
Brent,14948,0.5385082
Brent,14968,0.52420545
Brent,15011,0.50825524
Brent,15012,0.5141427
Brent,15013,0.48214814
Brent,15068,0.51442736
Brent,15069,0.5180953
Brent,15070,0.5189732
Brent,15071,0.5814996
Brent,15074,0.47421557
Brent,15075,0.5291815
Brent,15076,0.5418944
Brent,15077,0.5457276
Brent,15078,0.52920175
Brent,15079,0.523367
Brent,15080,0.52915436
Brent,15081,0.48414505
Brent,15082,0.4798382
Brent,15083,0.48118755
Brent,15084,0.45404285
Brent,15085,0.5396336
Brent,15088,0.491521
Brent,15089,0.50070584
Brent,15090,0.49342552
Brent,15091,0.5083493
Brent,15935,0.4830565
Brent,15936,0.50372
Brent,15937,0.51476866
Brent,1594,0.5396908
Brent,15946,0.5442337
Brent,15947,0.55965704
Brent,15950,0.5346547
Brent,16102,0.47996894
Brent,16112,0.5075992
Brent,16116,0.43889344
Brent,16118,0.42545977
Brent,16125,0.55380374
Brent,1620,0.44650394
Brent,1621,0.4790874
Brent,16210,0.54357177
Brent,1622,0.48771238
Brent,1623,0.57999367
Brent,1624,0.581261
Brent,16543,0.469457
Brent,16545,0.51382583
Brent,16546,0.5262427
Brent,16547,0.56386054
Brent,16548,0.57733506
Brent,16550,0.5486815
Brent,16552,0.558054
Brent,16555,0.5022074
Brent,16556,0.5720031
Brent,16557,0.5688161
Brent,16558,0.54212785
Brent,16559,0.5527647
Brent,16560,0.56749845
Brent,16561,0.5513544
Brent,16562,0.50734556
Brent,1659,0.5030413
Brent,16997,0.5058702
Brent,16998,0.50310016
Brent,16999,0.5141868
Brent,17000,0.50775236
Brent,17001,0.4431279
Brent,17003,0.52856576
Brent,17004,0.51190627
Brent,17005,0.5123052
Brent,17006,0.5340588
Brent,17007,0.5363485
Brent,17010,0.56962883
Brent,17011,0.5708797
Brent,17012,0.59285295
Brent,17013,0.59262687
Brent,17014,0.6262919
Brent,17015,0.60993296
Brent,17016,0.56762356
Brent,17017,0.56578565
Brent,17018,0.5587579
Brent,17019,0.5528295
Brent,17020,0.5288481
Brent,17021,0.5433304
Brent,17022,0.46537635
Brent,17023,0.46129858
Brent,17043,0.48235783
Brent,17044,0.47389978
Brent,17045,0.48846912
Brent,17046,0.51795727
Brent,17047,0.5818562
Brent,17048,0.59284145
Brent,17049,0.48193136
Brent,17050,0.48140615
Brent,17051,0.46888292
Brent,17052,0.47466025
Brent,17053,0.43529662
Brent,17054,0.45034322
Brent,17055,0.4877308
Brent,17056,0.4870761
Brent,17057,0.48906744
Brent,17058,0.510322
Brent,17059,0.5909254
Brent,17060,0.59529555
Brent,17062,0.570597
Brent,17063,0.52663285
Brent,17120,0.58719295
Brent,17121,0.59899694
Brent,17122,0.59714216
Brent,17123,0.61794394
Brent,17124,0.5653619
Brent,17125,0.59264374
Brent,17170,0.5099733
Brent,17171,0.4717065
Brent,17172,0.42952734
Brent,17173,0.44251406
Brent,17174,0.45637435
Brent,17176,0.53215134
Brent,17178,0.6326215
Brent,17180,0.5925422
Brent,17252,0.5540097
Brent,17253,0.54594916
Brent,17254,0.5815464
Brent,17255,0.56236833
Brent,1757,0.45642254
Brent,1763,0.44482777
Brent,18222,0.52984
Brent,18454,0.61687005
Brent,18456,0.6126264
Brent,18644,0.5652283
Brent,18645,0.5686521
Brent,18904,0.5546991
Brent,18905,0.55659926
Brent,18906,0.55461985
Brent,18907,0.5677399
Brent,18908,0.5548343
Brent,18909,0.56766605
Brent,1933,0.52314687
Brent,20040,0.48687088
Brent,2060,0.38962448
Brent,20654,0.5034318
Brent,20794,0.51315665
Brent,20840,0.57022095
Brent,20994,0.4968947
Brent,20995,0.5705525
Brent,24280,0.48003435
Brent,2488,0.51884484
Brent,2489,0.48360074
Brent,2490,0.4761179
Brent,25066,0.5206956
Brent,25180,0.46209106
Brent,25181,0.47393864
Brent,25182,0.4909081
Brent,25331,0.5667169
Brent,25447,0.49948227
Brent,26241,0.47956476
Brent,26495,0.47125
Brent,26525,0.4521122
Brent,26526,0.45373523
Brent,26859,0.52309054
Brent,26932,0.56008583
Brent,26933,0.56052876
Brent,26934,0.5881036
Brent,26935,0.5932227
Brent,26936,0.57072186
Brent,26937,0.5745244
Brent,26938,0.58461416
Brent,26939,0.58579695
Brent,26940,0.5747811
Brent,26941,0.5224978
Brent,26942,0.5357744
Brent,26943,0.5359818
Brent,26944,0.5628663
Brent,26945,0.5771204
Brent,26946,0.5413345
Brent,26947,0.53111047
Brent,26948,0.53951347
Brent,26949,0.51846516
Brent,26950,0.5802403
Brent,26951,0.5638961
Brent,26952,0.5643021
Brent,26953,0.5463793
Brent,26954,0.5441212
Brent,26955,0.53921896
Brent,27302,0.5541496
Brent,27565,0.50891954
Brent,27617,0.47551978
Brent,27618,0.47426915
Brent,2802,0.48810956
Brent,2805,0.49794516
Brent,2806,0.521698
Brent,2807,0.49030113
Brent,2809,0.48361886
Brent,2810,0.4844398
Brent,2811,0.48237926
Brent,2814,0.5046331
Brent,2815,0.5334623
Brent,2817,0.56855637
Brent,2819,0.5948283
Brent,2821,0.6046798
Brent,2822,0.60645485
Brent,2823,0.6050604
Brent,2824,0.6039421
Brent,2825,0.54761183
Brent,2853,0.51334155
Brent,2854,0.49485222
Brent,28647,0.489797
Brent,29010,0.5500407
Brent,29269,0.5609774
Brent,29382,0.49837238
Brent,29428,0.5523589
Brent,29492,0.520544
Brent,2950,0.5676974
Brent,2953,0.5559945
Brent,2956,0.51245123
Brent,2957,0.5243203
Brent,2958,0.518128
Brent,2959,0.48695487
Brent,2960,0.47294167
Brent,2961,0.49247724
Brent,2962,0.49594465
Brent,2966,0.50121945
Brent,2967,0.500679
Brent,2969,0.5121806
Brent,2973,0.5358994
Brent,2977,0.5074377
Brent,2983,0.4705989
Brent,2995,0.44535765
Brent,2996,0.5281055
Brent,2997,0.5240545
Brent,30,0.5048566
Brent,3188,0.49719667
Brent,3212,0.48688358
Brent,3213,0.47882676
Brent,3215,0.580608
Brent,3223,0.5513852
Brent,3224,0.5150252
Brent,3262,0.5474551
Brent,3263,0.5551958
Brent,3265,0.5308657
Brent,3266,0.58860993
Brent,3267,0.57855904
Brent,3275,0.47455478
Brent,3277,0.5020267
Brent,3278,0.5147736
Brent,3282,0.50709677
Brent,3283,0.5187582
Brent,3285,0.5222094
Brent,3286,0.52187955
Brent,33215,0.5434442
Brent,33256,0.57336473
Brent,3390,0.45687973
Brent,3392,0.4933982
Brent,33935,0.5488427
Brent,33948,0.5386883
Brent,34105,0.48461106
Brent,34114,0.47625333
Brent,34186,0.47954205
Brent,34385,0.50931805
Brent,34756,0.49322215
Brent,34786,0.4389022
Brent,34787,0.4644836
Brent,34788,0.4318104
Brent,34795,0.51270753
Brent,34796,0.51023227
Brent,34797,0.51265436
Brent,34870,0.5030603
Brent,34913,0.5738311
Brent,35210,0.47280678
Brent,35359,0.53626496
Brent,35789,0.5500172
Brent,35790,0.46722126
Brent,35792,0.4932182
Brent,35793,0.4922223
Brent,35794,0.46673724
Brent,35795,0.55217767
Brent,36582,0.5214959
Brent,36754,0.47837397
Brent,36755,0.48599252
Brent,36756,0.5280075
Brent,36757,0.5395106
Brent,36758,0.5199868
Brent,36759,0.53406686
Brent,36879,0.52439696
Brent,36880,0.5249755
Brent,3690,0.5029522
Brent,37012,0.5854572
Brent,37013,0.58106667
Brent,37014,0.5628535
Brent,37015,0.5823349
Brent,37016,0.5574911
Brent,37017,0.5453906
Brent,37018,0.5574792
Brent,37019,0.5303561
Brent,37020,0.4858126
Brent,37021,0.51322085
Brent,37022,0.50125796
Brent,37023,0.5140497
Brent,37024,0.49518967
Brent,37025,0.53471404
Brent,37026,0.51729816
Brent,37172,0.51936114
Brent,37253,0.42594194
Brent,37277,0.6039323
Brent,37278,0.59718555
Brent,37279,0.47180596
Brent,37280,0.44930428
Brent,37338,0.5110446
Brent,3821,0.49701187
Brent,38453,0.5661003
Brent,415,0.49691483
Brent,441,0.49555698
Brent,442,0.49452838
Brent,4590,0.50885284
Brent,4592,0.5634254
Brent,4684,0.56994545
Brent,4909,0.46698332
Brent,4910,0.46230403
Brent,4911,0.4658375
Brent,4912,0.5475878
Brent,4913,0.5269886
Brent,4920,0.5118822
Brent,595,0.48730156
Brent,6024,0.5746473
Brent,6025,0.5586932
Brent,6026,0.5844606
Brent,6029,0.51651824
Brent,6030,0.48445222
Brent,6031,0.52018017
Brent,6038,0.5069435
Brent,6044,0.5543929
Brent,6046,0.48822677
Brent,6064,0.44346237
Brent,6129,0.5168449
Brent,6130,0.51824933
Brent,7564,0.49429777
Brent,7565,0.47908238
Brent,7732,0.47412178
Brent,7733,0.47271973
Brent,7805,0.56382626
Brent,8408,0.51918757
Brent,91523,0.50821507
Brent,9369,0.577667
Brent,9370,0.5386476
Brent,9371,0.48945895
Brent,9373,0.5297359
Brent,9388,0.51450664
Brent,9389,0.51020014
Brent,9401,0.57098
Brent,9480,0.51350576
Brent,BP043,0.54675895
Brent,BP1019,0.45965198
Brent,BP1138,0.54946905
Brent,BP1280,0.49762738
Brent,BP1625,0.5605375
Brent,BP1651,0.5521437
Brent,BP1884,0.53771555
Brent,BP2310,0.45513892
Brent,BP2312,0.5832628
Brent,BP2313,0.6003961
Brent,BP2314,0.5289034
Brent,BP2315,0.57229125
Brent,BP2316,0.58568
Brent,BP2317,0.5400297
Brent,BP2318,0.5295245
Brent,BP2319,0.59813184
Brent,BP2320,0.58251935
Brent,BP2396,0.55354816
Brent,BP2397,0.5460893
Brent,BP2398,0.589551
Brent,BP3110,0.5300507
Brent,BP3391,0.5451245
Brent,BP3392,0.54463035
Brent,BP3485,0.5788016
Brent,BP3486,0.5808443
Brent,BP3487,0.58958274
Brent,BP3488,0.58765674
Brent,BP3564,0.55271494
Brent,BP3565,0.5636241
Brent,BP4064,0.569683
Brent,BP4266,0.40988854
Brent,BP4310,0.48250788
Brent,BP4385,0.46875945
Brent,BP4386,0.4713564
Brent,BP4387,0.52487
Brent,BP4388,0.5247487
Brent,BP440,0.5782351
Brent,BP4421,0.50145024
Brent,BP4458,0.5839667
Brent,BP446,0.5410251
Brent,BP4510,0.53329754
Brent,BP4511,0.525882
Brent,BP4512,0.55215317
Brent,BP4666,0.57335794
Brent,BP4882,0.5591106
Brent,BP4911,0.5097256
Brent,BP5165,0.52857256
Brent,BP5168,0.6150722
Brent,BP5376,0.46211112
Brent,BP5399,0.52399063
Brent,BP5757,0.5414339
Brent,BP5948,0.5265671
Brent,BP5968,0.5108079
Brent,BP5984,0.55649024
Brent,BP5985,0.556438
Brent,BP6111,0.54068005
Brent,BP6112,0.5321624
Brent,BP6124,0.54202336
Brent,BP6150,0.59451485
Brent,BP6151,0.57504517
Brent,BP6152,0.55342776
Brent,BP6219,0.59763646
Brent,BP6263,0.5642108
Brent,BP6264,0.5359793
Brent,BP628,0.52834004
Brent,BP629,0.5043564
Brent,BP6293,0.5675601
Brent,BP630,0.5264408
Brent,BP631,0.5153037
Brent,BP6356,0.50479084
Brent,BP6357,0.46499756
Brent,BP6389,0.46942154
Brent,BP6506,0.5246571
Brent,BP6507,0.50556624
Brent,BP820,0.5730554
Brent,BP831,0.5445779
Brent,BP924,0.50451756
Brent,BP971,0.5494772
Brent,BP972,0.54717463
Brent,BP982,0.5477795
Brent,C10,0.5153945
Brent,C12,0.4538454
Brent,C122,0.46729872
Brent,C13,0.43112108
Brent,C2,0.5400847
Brent,C3,0.55528593
Brent,C35,0.55851865
Brent,C4,0.56068873
Brent,C40,0.5667173
Brent,C5,0.55038804
Brent,C6,0.5510464
Brent,C7,0.5821912
Brent,C74,0.504779
Brent,C8,0.5759643
Brent,C83,0.55519277
Brent,C85,0.55021936
Brent,C86,0.47242433
Brent,C9,0.5027741
Brent,CW15,0.5463501
Brent,CW16,0.5545445
Brent,CW43,0.45970294
Brent,CW44,0.45865655
Brent,CW45,0.43474945
Brent,CW59,0.54199326
Brent,CW60,0.5394461
Brent,CW61,0.5026309
Brent,M10,0.57723457
Brent,M11,0.5797554
Brent,M12,0.5091248
Brent,M13,0.51384985
Brent,M14,0.5835432
Brent,M15,0.58298737
Brent,M20,0.6171942
Brent,M22,0.5415646
Brent,M23,0.5267308
Brent,M24,0.5237009
Brent,M25,0.54988694
Brent,M26,0.5853362
Brent,R0255,0.45839915
Brent,R0268,0.5079353
Brent,R0316,0.5502572
Brent,R0359,0.551591
Brent,R0361,0.6170214
Brent,R0402,0.56873375
Brent,R0488,0.5376859
Brent,R0492,0.5601887
Brent,R0657,0.5502477
Brent,15086,0.5438184
Brent,15087,0.46579364
Brent,15945,0.5350295
Brent,16103,0.5138365
Brent,16563,0.41957575
Brent,16564,0.4197864
Brent,16868,0.46421638
Brent,17002,0.55368507
Brent,17008,0.5385534
Brent,17009,0.5280583
Brent,1934,0.50989974
Brent,20991,0.531556
Brent,20992,0.5189144
Brent,20993,0.49328154
Brent,34184,0.42314887
Brent,34185,0.42107093
Brent,37230,0.5383513
Brent,6138,0.39023685
Brent,BP1386,0.46438208
Brent,BP208,0.41970634
Brent,BP209,0.45231292
Brent,BP2609,0.48252276
Brent,BP2610,0.4809907
Brent,BP4498,0.47698602
Brent,BP4969,0.4251167
Brent,BP4970,0.4298898
Brent,BP4971,0.40958685
Brent,BP5975,0.4924551
Brent,BP608,0.44372675
Brent,BP609,0.44181445
Brent,BP610,0.4605104
Brent,BP611,0.42082328
Brent,BP614,0.43194047
Brent,BP6338,0.46433237
Brent,R0266,0.436144
Bromley,10690,0.3924835
Bromley,10694,0.5836288
Bromley,10705,0.40770432
Bromley,11331,0.5532961
Bromley,11332,0.51148266
Bromley,11752,0.39577866
Bromley,12207,0.5291235
Bromley,12208,0.49164003
Bromley,12239,0.30905417
Bromley,12240,0.3137606
Bromley,1242,0.39046383
Bromley,12442,0.32597733
Bromley,12444,0.33072746
Bromley,12445,0.4863825
Bromley,13222,0.47110635
Bromley,13379,0.52881867
Bromley,13953,0.4814592
Bromley,14120,0.5139002
Bromley,14121,0.5016729
Bromley,14122,0.47980103
Bromley,14123,0.4825633
Bromley,14124,0.44144225
Bromley,14125,0.44216317
Bromley,1426,0.43602633
Bromley,1427,0.42371762
Bromley,1428,0.41384503
Bromley,1429,0.39694363
Bromley,14342,0.4456313
Bromley,14430,0.58044386
Bromley,14459,0.3857305
Bromley,14732,0.5202384
Bromley,14733,0.48495018
Bromley,14739,0.45494336
Bromley,14976,0.56774366
Bromley,14978,0.48389196
Bromley,1521,0.49119508
Bromley,1522,0.5191815
Bromley,1523,0.44036353
Bromley,1524,0.43494615
Bromley,1603,0.60923636
Bromley,1604,0.6057859
Bromley,16642,0.64731574
Bromley,16646,0.5867305
Bromley,16647,0.5775234
Bromley,17321,0.5715374
Bromley,17323,0.59967303
Bromley,17326,0.4420998
Bromley,17327,0.4425543
Bromley,17402,0.5496064
Bromley,17403,0.5987071
Bromley,17405,0.5552029
Bromley,17406,0.51337594
Bromley,17407,0.5477616
Bromley,17408,0.51671994
Bromley,17409,0.4270412
Bromley,17410,0.4590755
Bromley,17411,0.5200143
Bromley,17412,0.51245815
Bromley,17413,0.6249314
Bromley,17414,0.66025186
Bromley,17415,0.67714983
Bromley,17419,0.5097432
Bromley,17420,0.5067867
Bromley,17421,0.5240187
Bromley,17422,0.53253233
Bromley,17423,0.55897784
Bromley,17424,0.53650755
Bromley,17425,0.5454722
Bromley,17426,0.54115117
Bromley,17427,0.49619153
Bromley,17428,0.50902116
Bromley,17429,0.5791905
Bromley,17431,0.45320222
Bromley,17432,0.42032307
Bromley,17433,0.43844318
Bromley,17434,0.43440738
Bromley,17435,0.45563468
Bromley,17436,0.45086125
Bromley,17437,0.45059964
Bromley,17438,0.46598533
Bromley,17522,0.60110927
Bromley,17523,0.6121154
Bromley,17524,0.4720469
Bromley,17525,0.52570575
Bromley,17526,0.4530777
Bromley,17527,0.4954341
Bromley,17528,0.48002797
Bromley,17529,0.5346864
Bromley,17530,0.529511
Bromley,17531,0.538611
Bromley,17532,0.6105436
Bromley,17534,0.5981806
Bromley,17535,0.60372955
Bromley,17536,0.50176835
Bromley,17702,0.42670077
Bromley,17703,0.4280223
Bromley,17705,0.47139966
Bromley,17706,0.5147256
Bromley,17707,0.503957
Bromley,17708,0.39884543
Bromley,17709,0.4067674
Bromley,17710,0.39065474
Bromley,17711,0.35845077
Bromley,17712,0.39782283
Bromley,17713,0.3788143
Bromley,17714,0.4538319
Bromley,17715,0.41405484
Bromley,17716,0.52008873
Bromley,17717,0.5178165
Bromley,17789,0.44769606
Bromley,17790,0.48136204
Bromley,17791,0.48267546
Bromley,17792,0.47421548
Bromley,17793,0.5941334
Bromley,17794,0.593625
Bromley,17797,0.5662169
Bromley,17798,0.5820454
Bromley,17799,0.60669255
Bromley,17802,0.54463345
Bromley,17803,0.5111012
Bromley,17804,0.56109005
Bromley,17805,0.56916624
Bromley,17806,0.59203315
Bromley,17807,0.53996027
Bromley,17808,0.5439458
Bromley,17809,0.53774333
Bromley,17810,0.47846165
Bromley,17811,0.4653332
Bromley,17812,0.3888262
Bromley,17813,0.36600852
Bromley,17814,0.50705254
Bromley,17815,0.4805181
Bromley,17816,0.673982
Bromley,17817,0.66333956
Bromley,17818,0.5638735
Bromley,17819,0.5682006
Bromley,18191,0.5332205
Bromley,18192,0.52967817
Bromley,18193,0.47478157
Bromley,18194,0.56208116
Bromley,18195,0.4292537
Bromley,18196,0.33307248
Bromley,18197,0.35576966
Bromley,18198,0.48861563
Bromley,18199,0.4847893
Bromley,18200,0.54594064
Bromley,18201,0.5453814
Bromley,18202,0.5320223
Bromley,18203,0.5108056
Bromley,18204,0.5273405
Bromley,18205,0.5536017
Bromley,18206,0.56938225
Bromley,18226,0.5768038
Bromley,18369,0.43244055
Bromley,18370,0.391788
Bromley,18371,0.44066036
Bromley,18733,0.3444257
Bromley,18738,0.578061
Bromley,18739,0.5842778
Bromley,18785,0.6124721
Bromley,18786,0.6061122
Bromley,18787,0.5738468
Bromley,18788,0.44731438
Bromley,18789,0.47541448
Bromley,18791,0.4041148
Bromley,18792,0.45090666
Bromley,18794,0.48456842
Bromley,18795,0.59804565
Bromley,18796,0.59632623
Bromley,18894,0.55122477
Bromley,18942,0.40664437
Bromley,18943,0.40417224
Bromley,18944,0.42697984
Bromley,18945,0.42310813
Bromley,18946,0.6132139
Bromley,18947,0.6032447
Bromley,18948,0.5440833
Bromley,18949,0.554783
Bromley,18950,0.5612167
Bromley,18951,0.57026714
Bromley,18952,0.47285005
Bromley,18958,0.5837173
Bromley,18959,0.6155413
Bromley,18960,0.6596551
Bromley,18961,0.6486896
Bromley,18962,0.6321749
Bromley,18963,0.65072715
Bromley,18964,0.6565046
Bromley,18965,0.6583545
Bromley,18966,0.55225855
Bromley,18967,0.58229345
Bromley,18973,0.47586158
Bromley,18988,0.507058
Bromley,18989,0.5818
Bromley,18990,0.5587093
Bromley,18991,0.50651115
Bromley,18992,0.5289086
Bromley,18993,0.5187009
Bromley,18995,0.48486832
Bromley,18996,0.5571228
Bromley,18997,0.4042573
Bromley,18998,0.41134286
Bromley,18999,0.4087094
Bromley,19000,0.4779459
Bromley,19001,0.45930505
Bromley,19002,0.47025272
Bromley,19004,0.604174
Bromley,19005,0.6230898
Bromley,19006,0.49910617
Bromley,19007,0.5740514
Bromley,19008,0.5079866
Bromley,19009,0.50718427
Bromley,19010,0.4591867
Bromley,19011,0.45953423
Bromley,19020,0.69739443
Bromley,19024,0.5271714
Bromley,19025,0.5258581
Bromley,19028,0.4503659
Bromley,19029,0.44488475
Bromley,19037,0.57888377
Bromley,19038,0.53525203
Bromley,19276,0.3451463
Bromley,19277,0.37708348
Bromley,19342,0.5336517
Bromley,19566,0.5160529
Bromley,19675,0.5463246
Bromley,19695,0.4383013
Bromley,19696,0.43573081
Bromley,19697,0.41052565
Bromley,19700,0.39160374
Bromley,19701,0.4349811
Bromley,19702,0.5227971
Bromley,19703,0.5265717
Bromley,19704,0.58465505
Bromley,19705,0.58730936
Bromley,19706,0.55561274
Bromley,19707,0.56319594
Bromley,19729,0.4809665
Bromley,19732,0.6040072
Bromley,19733,0.59387386
Bromley,19734,0.60778266
Bromley,19735,0.5881136
Bromley,19736,0.59852076
Bromley,19737,0.5762128
Bromley,19738,0.6483652
Bromley,19739,0.63954854
Bromley,19740,0.6248553
Bromley,19741,0.62416935
Bromley,19742,0.59721637
Bromley,19744,0.42851222
Bromley,19745,0.43400174
Bromley,19747,0.4210393
Bromley,19748,0.53568286
Bromley,19749,0.45512426
Bromley,19750,0.5530113
Bromley,19751,0.49968585
Bromley,19755,0.58888805
Bromley,19756,0.56265545
Bromley,19757,0.58085394
Bromley,19758,0.58088267
Bromley,19759,0.52280253
Bromley,19760,0.55283594
Bromley,19761,0.4670194
Bromley,19762,0.46911114
Bromley,19763,0.46727732
Bromley,19764,0.44504425
Bromley,19765,0.4261756
Bromley,19766,0.44374186
Bromley,19767,0.5109406
Bromley,19768,0.5336828
Bromley,19769,0.5354488
Bromley,19770,0.477679
Bromley,19771,0.44774115
Bromley,19772,0.45865214
Bromley,19773,0.40053013
Bromley,19774,0.53636575
Bromley,19775,0.45086673
Bromley,19776,0.5422178
Bromley,19777,0.5420954
Bromley,19778,0.4413705
Bromley,19779,0.42449597
Bromley,19780,0.49681258
Bromley,19781,0.4585762
Bromley,19782,0.46407804
Bromley,19783,0.4573568
Bromley,19918,0.46775877
Bromley,20099,0.58610713
Bromley,20131,0.48874226
Bromley,20132,0.58554167
Bromley,20133,0.5883617
Bromley,20159,0.49088207
Bromley,20160,0.4830794
Bromley,20170,0.5414958
Bromley,20172,0.5200288
Bromley,20402,0.4627304
Bromley,20403,0.4802044
Bromley,20466,0.6605005
Bromley,20467,0.65930104
Bromley,20588,0.4783904
Bromley,20691,0.37566534
Bromley,20692,0.41681704
Bromley,20716,0.4728345
Bromley,20750,0.5264622
Bromley,20836,0.51908314
Bromley,20837,0.43147627
Bromley,20914,0.5609383
Bromley,20915,0.5912039
Bromley,20979,0.42922208
Bromley,20980,0.6218509
Bromley,20981,0.6354635
Bromley,2128,0.408063
Bromley,2131,0.47779638
Bromley,21529,0.55999756
Bromley,21558,0.35068235
Bromley,22398,0.59957486
Bromley,24135,0.5274652
Bromley,24843,0.5984131
Bromley,24961,0.60047567
Bromley,25115,0.50159645
Bromley,25271,0.6132806
Bromley,25272,0.6122405
Bromley,25282,0.5720598
Bromley,25288,0.55248356
Bromley,25289,0.5422021
Bromley,25371,0.5347487
Bromley,25372,0.5177252
Bromley,25373,0.5449096
Bromley,25374,0.54573876
Bromley,25375,0.5368198
Bromley,25376,0.53376085
Bromley,25472,0.4292044
Bromley,25959,0.6541827
Bromley,25960,0.67023826
Bromley,26124,0.5612922
Bromley,26125,0.53367305
Bromley,26126,0.52295494
Bromley,26127,0.5210431
Bromley,26128,0.56607515
Bromley,26129,0.6327639
Bromley,26130,0.6572459
Bromley,26131,0.6904506
Bromley,26132,0.6920411
Bromley,26133,0.5534236
Bromley,26134,0.5211336
Bromley,26136,0.547575
Bromley,26137,0.5203838
Bromley,26138,0.5319913
Bromley,26139,0.6041586
Bromley,26140,0.57632726
Bromley,26141,0.46114197
Bromley,26142,0.47050986
Bromley,26143,0.46686813
Bromley,26906,0.63655627
Bromley,26907,0.6536814
Bromley,26908,0.646514
Bromley,26909,0.50885504
Bromley,26910,0.48477462
Bromley,26911,0.47017035
Bromley,26912,0.4689642
Bromley,26914,0.5785975
Bromley,26915,0.5657048
Bromley,26920,0.6052059
Bromley,26922,0.4491472
Bromley,26923,0.5475413
Bromley,26924,0.4371316
Bromley,26925,0.4264983
Bromley,26926,0.43699014
Bromley,26927,0.44991344
Bromley,26965,0.5848764
Bromley,26966,0.58425313
Bromley,26994,0.47477683
Bromley,27556,0.5587811
Bromley,27557,0.5622486
Bromley,27601,0.44302335
Bromley,27602,0.4343515
Bromley,27603,0.49718532
Bromley,27604,0.4404115
Bromley,27605,0.51056284
Bromley,27606,0.42024505
Bromley,27612,0.5317715
Bromley,27732,0.65178037
Bromley,27733,0.6355891
Bromley,27780,0.5230376
Bromley,27850,0.47253975
Bromley,27955,0.5954304
Bromley,27956,0.5904622
Bromley,27957,0.49831903
Bromley,27961,0.5889686
Bromley,27962,0.6102673
Bromley,28146,0.37593016
Bromley,28147,0.6002099
Bromley,28770,0.57309514
Bromley,28771,0.5738687
Bromley,28772,0.5511272
Bromley,29841,0.44752383
Bromley,30011,0.5670279
Bromley,30012,0.56970197
Bromley,31173,0.4442608
Bromley,31250,0.49414298
Bromley,31326,0.48689732
Bromley,31327,0.47495317
Bromley,3231,0.6159385
Bromley,33144,0.4741788
Bromley,33221,0.42915645
Bromley,33222,0.42694163
Bromley,33223,0.5252215
Bromley,33224,0.46571502
Bromley,33225,0.5633081
Bromley,33226,0.5279402
Bromley,33227,0.5329775
Bromley,33228,0.5237928
Bromley,33229,0.54125124
Bromley,33230,0.6249597
Bromley,33231,0.5830716
Bromley,33313,0.58296525
Bromley,33726,0.46895593
Bromley,33842,0.40182108
Bromley,34256,0.5453333
Bromley,34271,0.6355391
Bromley,34272,0.5214196
Bromley,34273,0.5365737
Bromley,34274,0.4170646
Bromley,34275,0.49577615
Bromley,34276,0.6265181
Bromley,34698,0.61404
Bromley,35033,0.49212575
Bromley,35572,0.42055058
Bromley,35670,0.6768183
Bromley,35743,0.4128976
Bromley,3619,0.6220075
Bromley,36645,0.45105174
Bromley,36646,0.5335552
Bromley,36951,0.37872976
Bromley,36953,0.3684194
Bromley,37087,0.36001378
Bromley,37346,0.45409796
Bromley,37348,0.3847731
Bromley,37350,0.5635999
Bromley,37351,0.53218603
Bromley,37359,0.48249006
Bromley,3911,0.35324034
Bromley,3912,0.3344829
Bromley,3922,0.5803452
Bromley,3923,0.51637375
Bromley,3924,0.5364978
Bromley,40060,0.46055916
Bromley,40105,0.35486025
Bromley,40106,0.36213487
Bromley,40107,0.36423084
Bromley,40118,0.6091447
Bromley,40119,0.5697344
Bromley,40120,0.4891396
Bromley,40121,0.44157726
Bromley,40122,0.42558667
Bromley,40123,0.5167337
Bromley,40124,0.42854172
Bromley,40125,0.502969
Bromley,40126,0.50750375
Bromley,40130,0.57154596
Bromley,40131,0.43459123
Bromley,40132,0.42515635
Bromley,40133,0.4141594
Bromley,40134,0.4062237
Bromley,40135,0.37866545
Bromley,40136,0.3805118
Bromley,40137,0.40867126
Bromley,40139,0.3732516
Bromley,40140,0.46530697
Bromley,40141,0.5176668
Bromley,40142,0.515061
Bromley,40143,0.50152373
Bromley,40144,0.5026094
Bromley,40145,0.43939602
Bromley,40146,0.43741065
Bromley,40147,0.36751977
Bromley,40148,0.36659926
Bromley,40149,0.38843733
Bromley,40150,0.3706078
Bromley,40151,0.48956212
Bromley,40152,0.45843557
Bromley,40153,0.42566088
Bromley,40154,0.46874216
Bromley,40155,0.5040343
Bromley,40156,0.51671463
Bromley,40157,0.50843936
Bromley,40158,0.50017494
Bromley,40159,0.5124579
Bromley,40162,0.5211205
Bromley,40163,0.44901553
Bromley,40164,0.49804726
Bromley,40165,0.4019967
Bromley,40166,0.36152875
Bromley,40167,0.3543668
Bromley,40168,0.36669078
Bromley,40169,0.3590269
Bromley,40170,0.5066546
Bromley,40171,0.5380175
Bromley,40172,0.5460888
Bromley,40173,0.56688994
Bromley,40174,0.4431032
Bromley,40175,0.46504375
Bromley,40176,0.4767969
Bromley,40178,0.5044222
Bromley,40188,0.56035304
Bromley,40189,0.53776294
Bromley,40190,0.5276665
Bromley,40191,0.42812222
Bromley,40192,0.4511054
Bromley,40193,0.5396445
Bromley,40196,0.42698473
Bromley,40197,0.48532772
Bromley,40198,0.653332
Bromley,40199,0.6363721
Bromley,40201,0.5926383
Bromley,40202,0.5563873
Bromley,40207,0.55277956
Bromley,40208,0.538835
Bromley,40209,0.59700614
Bromley,40210,0.5945926
Bromley,40211,0.51541585
Bromley,40212,0.48603386
Bromley,40213,0.49202678
Bromley,40214,0.4906348
Bromley,40223,0.5485937
Bromley,40224,0.65493065
Bromley,40225,0.6137407
Bromley,40232,0.3482546
Bromley,40233,0.5007668
Bromley,40236,0.41121027
Bromley,40237,0.43455824
Bromley,40238,0.5430506
Bromley,40239,0.5719827
Bromley,40240,0.57969844
Bromley,40241,0.59177333
Bromley,40242,0.5825354
Bromley,40243,0.590717
Bromley,40244,0.5498101
Bromley,40245,0.6329252
Bromley,40250,0.4974336
Bromley,40251,0.5507878
Bromley,4074,0.47482878
Bromley,4075,0.52724564
Bromley,4083,0.5856523
Bromley,43011,0.57508016
Bromley,43015,0.57379085
Bromley,4783,0.42662987
Bromley,6560,0.62051463
Bromley,6561,0.5766303
Bromley,6580,0.5763171
Bromley,6581,0.6496662
Bromley,6582,0.5855368
Bromley,6587,0.55591166
Bromley,6593,0.46481502
Bromley,6594,0.53377485
Bromley,6595,0.52567023
Bromley,6599,0.537924
Bromley,6601,0.51427025
Bromley,6602,0.5291206
Bromley,7722,0.4564443
Bromley,7723,0.43207747
Bromley,8204,0.49760664
Bromley,8239,0.49112654
Bromley,9350,0.44431525
Bromley,9470,0.3589344
Bromley,9471,0.35857654
Bromley,975,0.5022004
Bromley,BP013,0.675134
Bromley,BP014,0.66080856
Bromley,BP056,0.4297757
Bromley,BP087,0.3457306
Bromley,BP1026,0.65958744
Bromley,BP1028,0.6599296
Bromley,BP1096,0.54000497
Bromley,BP1160,0.5475682
Bromley,BP1161,0.5442833
Bromley,BP1162,0.67674387
Bromley,BP1163,0.6779671
Bromley,BP1164,0.68986267
Bromley,BP1228,0.6859525
Bromley,BP1238,0.68322265
Bromley,BP1239,0.49990818
Bromley,BP1240,0.49425498
Bromley,BP1241,0.48404175
Bromley,BP1242,0.49577394
Bromley,BP1243,0.55653685
Bromley,BP1244,0.6838085
Bromley,BP1246,0.4679002
Bromley,BP1247,0.4871589
Bromley,BP1248,0.45548236
Bromley,BP1249,0.5015526
Bromley,BP1250,0.4871489
Bromley,BP1253,0.5296258
Bromley,BP1254,0.4744762
Bromley,BP1255,0.49390122
Bromley,BP1294,0.56798524
Bromley,BP1321,0.54150265
Bromley,BP1341,0.57989496
Bromley,BP1342,0.509059
Bromley,BP1343,0.50255376
Bromley,BP1348,0.53330195
Bromley,BP136,0.6011423
Bromley,BP139,0.5613485
Bromley,BP142,0.5561047
Bromley,BP1457,0.5885713
Bromley,BP1458,0.58139426
Bromley,BP1459,0.5407554
Bromley,BP1460,0.57966477
Bromley,BP166,0.5827458
Bromley,BP1681,0.42209262
Bromley,BP2030,0.5445396
Bromley,BP2031,0.5428021
Bromley,BP2032,0.5977919
Bromley,BP2033,0.64500463
Bromley,BP2034,0.6448825
Bromley,BP2035,0.6176193
Bromley,BP2036,0.5604801
Bromley,BP2039,0.5644322
Bromley,BP2040,0.5718595
Bromley,BP2041,0.55342
Bromley,BP2042,0.6023848
Bromley,BP2049,0.5670567
Bromley,BP2050,0.5712164
Bromley,BP2051,0.6158998
Bromley,BP210,0.4567864
Bromley,BP2185,0.6940647
Bromley,BP2186,0.69365567
Bromley,BP2187,0.6964699
Bromley,BP2188,0.7059955
Bromley,BP2189,0.7060432
Bromley,BP2190,0.61950684
Bromley,BP2191,0.6133506
Bromley,BP2192,0.60695624
Bromley,BP2193,0.6044062
Bromley,BP2194,0.61866844
Bromley,BP2195,0.6437734
Bromley,BP2196,0.64494866
Bromley,BP2197,0.6362521
Bromley,BP2199,0.65850884
Bromley,BP2201,0.6716881
Bromley,BP2202,0.65959847
Bromley,BP2203,0.6641699
Bromley,BP2204,0.5331848
Bromley,BP2205,0.5317616
Bromley,BP2212,0.4938382
Bromley,BP2213,0.49272802
Bromley,BP2214,0.40239677
Bromley,BP2215,0.41200244
Bromley,BP2216,0.4421307
Bromley,BP2217,0.41600445
Bromley,BP2218,0.42616183
Bromley,BP2220,0.51538783
Bromley,BP2221,0.4827906
Bromley,BP2222,0.6049759
Bromley,BP2223,0.6375642
Bromley,BP2224,0.5111125
Bromley,BP2225,0.50950885
Bromley,BP2226,0.4932721
Bromley,BP2227,0.48275062
Bromley,BP2229,0.53693736
Bromley,BP2230,0.5814066
Bromley,BP2231,0.5897244
Bromley,BP2232,0.5429562
Bromley,BP2233,0.5557639
Bromley,BP2234,0.55450493
Bromley,BP2235,0.56409633
Bromley,BP2236,0.5671853
Bromley,BP2237,0.6437573
Bromley,BP2238,0.6551318
Bromley,BP2239,0.63557506
Bromley,BP2240,0.55193627
Bromley,BP2258,0.5827188
Bromley,BP2286,0.5023998
Bromley,BP2287,0.49973467
Bromley,BP2288,0.58824754
Bromley,BP2289,0.6728347
Bromley,BP2290,0.6905438
Bromley,BP2291,0.66969323
Bromley,BP2292,0.6675942
Bromley,BP2293,0.5831279
Bromley,BP2294,0.5039677
Bromley,BP2381,0.44788077
Bromley,BP2403,0.5629452
Bromley,BP2404,0.5636895
Bromley,BP2541,0.6607559
Bromley,BP2542,0.5865893
Bromley,BP2543,0.5452975
Bromley,BP2544,0.6639296
Bromley,BP2553,0.5575539
Bromley,BP2554,0.596946
Bromley,BP2707,0.65163076
Bromley,BP2708,0.673116
Bromley,BP2709,0.6456864
Bromley,BP2710,0.61726654
Bromley,BP2711,0.62084484
Bromley,BP2712,0.6582096
Bromley,BP2713,0.67813975
Bromley,BP2714,0.6626168
Bromley,BP2760,0.5365835
Bromley,BP2837,0.5858694
Bromley,BP2838,0.5363642
Bromley,BP2839,0.5365232
Bromley,BP2840,0.58039594
Bromley,BP2841,0.5898637
Bromley,BP2842,0.53706324
Bromley,BP2843,0.586289
Bromley,BP2844,0.5862634
Bromley,BP2869,0.6335705
Bromley,BP2870,0.62682986
Bromley,BP2871,0.5113102
Bromley,BP2872,0.5677549
Bromley,BP2873,0.5746067
Bromley,BP2874,0.46432373
Bromley,BP2875,0.6481909
Bromley,BP2876,0.64526075
Bromley,BP2877,0.4908952
Bromley,BP2878,0.5022671
Bromley,BP2879,0.5693615
Bromley,BP2880,0.541035
Bromley,BP2881,0.5961992
Bromley,BP2882,0.608334
Bromley,BP2883,0.51475656
Bromley,BP2884,0.6075085
Bromley,BP2885,0.6416659
Bromley,BP2886,0.5692898
Bromley,BP2896,0.56007975
Bromley,BP2998,0.5261302
Bromley,BP2999,0.43364233
Bromley,BP3000,0.68809664
Bromley,BP3001,0.7085863
Bromley,BP3002,0.6739868
Bromley,BP3003,0.64591926
Bromley,BP3004,0.58555686
Bromley,BP3005,0.56650233
Bromley,BP3006,0.59443444
Bromley,BP3007,0.5859132
Bromley,BP3008,0.6589625
Bromley,BP3009,0.6462475
Bromley,BP3010,0.6912043
Bromley,BP3011,0.70672065
Bromley,BP3012,0.68751156
Bromley,BP3233,0.570406
Bromley,BP3234,0.5719389
Bromley,BP3235,0.54983556
Bromley,BP3237,0.4623804
Bromley,BP3238,0.56507355
Bromley,BP3239,0.4944349
Bromley,BP3240,0.49327093
Bromley,BP3241,0.59978396
Bromley,BP3242,0.599024
Bromley,BP3243,0.50248396
Bromley,BP3244,0.5153236
Bromley,BP3288,0.49329385
Bromley,BP3303,0.56198555
Bromley,BP3336,0.5555474
Bromley,BP3337,0.52850187
Bromley,BP3338,0.5422291
Bromley,BP3339,0.5834926
Bromley,BP3340,0.5536672
Bromley,BP3341,0.5529947
Bromley,BP3343,0.52555245
Bromley,BP3470,0.54838544
Bromley,BP3471,0.6061698
Bromley,BP3495,0.52157587
Bromley,BP3496,0.5286124
Bromley,BP3562,0.5291586
Bromley,BP3680,0.6035059
Bromley,BP3690,0.56584406
Bromley,BP3694,0.5658746
Bromley,BP3992,0.6412995
Bromley,BP3993,0.64554447
Bromley,BP3994,0.65276223
Bromley,BP3995,0.64956206
Bromley,BP3996,0.6549214
Bromley,BP3997,0.6532923
Bromley,BP3998,0.49847955
Bromley,BP3999,0.5225831
Bromley,BP4000,0.46607178
Bromley,BP4001,0.46267995
Bromley,BP4003,0.5597059
Bromley,BP4004,0.5501005
Bromley,BP4005,0.683054
Bromley,BP4006,0.70472395
Bromley,BP4007,0.6559918
Bromley,BP4008,0.6402423
Bromley,BP4009,0.6238939
Bromley,BP4010,0.62459296
Bromley,BP4011,0.5958928
Bromley,BP4012,0.60309917
Bromley,BP4014,0.56752646
Bromley,BP4015,0.58371526
Bromley,BP4016,0.5730596
Bromley,BP4017,0.5399686
Bromley,BP4018,0.5371487
Bromley,BP4019,0.5661018
Bromley,BP4020,0.5125203
Bromley,BP4021,0.50521964
Bromley,BP4022,0.54406863
Bromley,BP4023,0.5378736
Bromley,BP4024,0.497203
Bromley,BP4025,0.4674839
Bromley,BP4026,0.4969589
Bromley,BP4027,0.49321252
Bromley,BP4028,0.49537435
Bromley,BP4029,0.49896383
Bromley,BP4030,0.45319262
Bromley,BP4031,0.47759622
Bromley,BP4032,0.45217448
Bromley,BP4033,0.40468806
Bromley,BP4034,0.40333942
Bromley,BP4035,0.44705385
Bromley,BP4036,0.49345404
Bromley,BP4037,0.49123144
Bromley,BP4038,0.6515405
Bromley,BP4039,0.659678
Bromley,BP4040,0.54216176
Bromley,BP4041,0.5382333
Bromley,BP4094,0.5502917
Bromley,BP4126,0.62133664
Bromley,BP4129,0.5580597
Bromley,BP4131,0.5415593
Bromley,BP4132,0.58746034
Bromley,BP4133,0.53663015
Bromley,BP4134,0.585106
Bromley,BP4136,0.47629854
Bromley,BP4137,0.5050735
Bromley,BP4138,0.47280866
Bromley,BP4139,0.60912377
Bromley,BP4140,0.6203175
Bromley,BP4141,0.6163513
Bromley,BP4142,0.61638373
Bromley,BP4143,0.6054973
Bromley,BP4144,0.6097828
Bromley,BP4145,0.6285523
Bromley,BP4146,0.625897
Bromley,BP4147,0.62242097
Bromley,BP4148,0.63099456
Bromley,BP4149,0.6291689
Bromley,BP4150,0.66354954
Bromley,BP4151,0.62092
Bromley,BP4152,0.5988257
Bromley,BP4153,0.5963025
Bromley,BP4155,0.5414685
Bromley,BP4183,0.5846808
Bromley,BP4192,0.5733699
Bromley,BP4209,0.50530815
Bromley,BP4210,0.46109352
Bromley,BP4315,0.58364356
Bromley,BP4332,0.41777468
Bromley,BP4333,0.3923729
Bromley,BP4341,0.5769073
Bromley,BP4357,0.55855745
Bromley,BP4394,0.57172537
Bromley,BP4395,0.56970656
Bromley,BP4422,0.5181161
Bromley,BP4423,0.51963556
Bromley,BP4424,0.5935572
Bromley,BP4433,0.47435394
Bromley,BP4434,0.6657139
Bromley,BP4435,0.63297504
Bromley,BP4440,0.65787554
Bromley,BP4441,0.5699764
Bromley,BP4442,0.570756
Bromley,BP4443,0.6223066
Bromley,BP4444,0.62488353
Bromley,BP4445,0.66800916
Bromley,BP4446,0.571487
Bromley,BP4447,0.6152199
Bromley,BP4448,0.632796
Bromley,BP4449,0.6535353
Bromley,BP4450,0.65962106
Bromley,BP4451,0.6419947
Bromley,BP4452,0.6576761
Bromley,BP4453,0.63283724
Bromley,BP4454,0.6152077
Bromley,BP4455,0.57226753
Bromley,BP4456,0.48184305
Bromley,BP4488,0.6671952
Bromley,BP4616,0.62957066
Bromley,BP4868,0.49519423
Bromley,BP4964,0.5754469
Bromley,BP5182,0.59578425
Bromley,BP5306,0.4704716
Bromley,BP5435,0.60920256
Bromley,BP5436,0.65498304
Bromley,BP5437,0.5861389
Bromley,BP5438,0.558705
Bromley,BP5439,0.5570166
Bromley,BP5440,0.56201375
Bromley,BP5555,0.6094905
Bromley,BP5556,0.61005926
Bromley,BP5873,0.36913097
Bromley,BP5874,0.374765
Bromley,BP596,0.63380224
Bromley,BP597,0.5941912
Bromley,BP598,0.59793746
Bromley,BP6023,0.48805878
Bromley,BP6146,0.6495859
Bromley,BP6147,0.605455
Bromley,BP6148,0.68601495
Bromley,BP6156,0.55531013
Bromley,BP6183,0.39558798
Bromley,BP6184,0.47538832
Bromley,BP6185,0.47494388
Bromley,BP6187,0.5120526
Bromley,BP6188,0.5556227
Bromley,BP6189,0.4982084
Bromley,BP6190,0.46395978
Bromley,BP6191,0.42531458
Bromley,BP6192,0.45077375
Bromley,BP6193,0.45413193
Bromley,BP6203,0.5105854
Bromley,BP6204,0.55737257
Bromley,BP6214,0.6430646
Bromley,BP6215,0.65419847
Bromley,BP6292,0.5152504
Bromley,BP646,0.59523517
Bromley,BP649,0.47099254
Bromley,BP650,0.552629
Bromley,BP671,0.44854626
Bromley,BP691,0.43917635
Bromley,BP692,0.6053103
Bromley,BP693,0.59506226
Bromley,BP694,0.5644007
Bromley,BP695,0.47314408
Bromley,BP696,0.4670556
Bromley,BP697,0.44189996
Bromley,BP699,0.55047506
Bromley,BP700,0.5824849
Bromley,BP701,0.4957887
Bromley,BP702,0.49892646
Bromley,BP703,0.48447427
Bromley,BP704,0.4471122
Bromley,BP705,0.42142802
Bromley,BP706,0.60151154
Bromley,BP707,0.59664345
Bromley,BP708,0.5539007
Bromley,BP710,0.40873408
Bromley,BP711,0.38393056
Bromley,BP712,0.42280805
Bromley,BP713,0.42009652
Bromley,BP714,0.5842753
Bromley,BP715,0.571555
Bromley,BP732,0.5877826
Bromley,BP733,0.5609718
Bromley,BP734,0.36332774
Bromley,BP792,0.5677957
Bromley,BP793,0.57427585
Bromley,BP794,0.4416847
Bromley,BP795,0.4781863
Bromley,BP796,0.54837894
Bromley,BP797,0.48741597
Bromley,BP798,0.54287475
Bromley,BP799,0.5618714
Bromley,BP800,0.4409153
Bromley,BP801,0.54383546
Bromley,BP802,0.57476467
Bromley,BP803,0.56811243
Bromley,BP806,0.5140817
Bromley,BP807,0.5396302
Bromley,BP810,0.5037056
Bromley,BP811,0.5263616
Bromley,BP847,0.48157197
Bromley,HC13,0.58370477
Bromley,HC190,0.48511952
Bromley,HC191,0.6218154
Bromley,HC192,0.52173597
Bromley,HC270,0.57814664
Bromley,HC271,0.6451764
Bromley,HC272,0.53038585
Bromley,HC275,0.57408726
Bromley,HC276,0.60586303
Bromley,HC277,0.58179945
Bromley,HC278,0.5806058
Bromley,HC419,0.57862556
Bromley,HC420,0.6314216
Bromley,HC421,0.6082183
Bromley,HC422,0.57476133
Bromley,HC423,0.57401395
Bromley,HC424,0.5539549
Bromley,HC425,0.48157585
Bromley,HC426,0.5085435
Bromley,HC427,0.5597971
Bromley,HC428,0.52219677
Bromley,HC429,0.55856276
Bromley,HC430,0.5571301
Bromley,HC431,0.57443106
Bromley,HC432,0.5568793
Bromley,HC433,0.5012114
Bromley,HC434,0.5087122
Bromley,HC435,0.60271126
Bromley,HC436,0.57107025
Bromley,HC438,0.59382707
Bromley,HC439,0.57562
Bromley,HC441,0.7061346
Bromley,HC442,0.70230585
Bromley,HC443,0.70308906
Bromley,HC444,0.6992653
Bromley,HC445,0.70018476
Bromley,HC446,0.7011318
Bromley,HC447,0.69035447
Bromley,HC448,0.68594074
Bromley,HC449,0.70754164
Bromley,HC450,0.7040723
Bromley,HC451,0.6224544
Bromley,HC452,0.66410744
Bromley,HC453,0.5353707
Bromley,HC454,0.5557497
Bromley,HC455,0.52413374
Bromley,HC456,0.5209917
Bromley,HC457,0.5563573
Bromley,HC458,0.5284437
Bromley,HC459,0.55866694
Bromley,HC494,0.60963756
Bromley,HC495,0.61058205
Bromley,HC496,0.61453635
Bromley,HC497,0.6073273
Bromley,HC498,0.5970592
Bromley,HC499,0.60933465
Bromley,HC500,0.5971902
Bromley,HC524,0.5786631
Bromley,HC526,0.60549825
Bromley,HC528,0.6253646
Bromley,HC53,0.6552782
Bromley,HC530,0.61871827
Bromley,HC531,0.58177596
Bromley,HC532,0.6078892
Bromley,HC533,0.6029356
Bromley,HC534,0.5429211
Bromley,HC535,0.6200972
Bromley,HC536,0.52618164
Bromley,HC537,0.6350467
Bromley,HC538,0.5201521
Bromley,HC539,0.6311552
Bromley,HC540,0.540967
Bromley,HC541,0.6230313
Bromley,HC542,0.5578399
Bromley,HC543,0.56294525
Bromley,HC544,0.5991876
Bromley,HC545,0.546705
Bromley,HC546,0.5596468
Bromley,HC547,0.56738985
Bromley,HC548,0.5932523
Bromley,HC549,0.6406957
Bromley,HC550,0.61447304
Bromley,HC611,0.69406587
Bromley,HC612,0.557163
Bromley,HC613,0.558543
Bromley,HC614,0.5564089
Bromley,HC615,0.5168839
Bromley,HC616,0.51973623
Bromley,HC618,0.4584284
Bromley,HC620,0.49914542
Bromley,HC621,0.5165288
Bromley,HC622,0.55981386
Bromley,HC623,0.5538683
Bromley,HC624,0.58894086
Bromley,HC626,0.51795936
Bromley,HC627,0.5106591
Bromley,HC628,0.5749893
Bromley,HC629,0.49290806
Bromley,HC630,0.5204861
Bromley,HC8,0.5888779
Bromley,HC9,0.5422901
Bromley,OC534,0.6225995
Bromley,OC535,0.6019699
Bromley,OC536,0.73303145
Bromley,OC537,0.45455918
Bromley,OC539,0.47198096
Bromley,OC542,0.5841848
Bromley,OC543,0.591638
Bromley,OC544,0.5205957
Bromley,OC547,0.49129072
Bromley,OC548,0.5191459
Bromley,OC549,0.5457625
Bromley,OC551,0.5250912
Bromley,OC552,0.49305692
Bromley,OC553,0.48413584
Bromley,OC557,0.48576844
Bromley,OC558,0.48286963
Bromley,OC559,0.54054976
Bromley,OC560,0.56694126
Bromley,OC561,0.56376505
Bromley,OC562,0.5658818
Bromley,OC563,0.6086206
Bromley,OC564,0.6167286
Bromley,OC565,0.5261061
Bromley,OC579,0.46969646
Bromley,OC756,0.50880045
Bromley,OC757,0.5373211
Bromley,OC758,0.50874436
Bromley,OC759,0.5104339
Bromley,OC760,0.520281
Bromley,OC761,0.5114843
Bromley,OC762,0.46216616
Bromley,OC768,0.6332923
Bromley,OC770,0.5779565
Bromley,OC771,0.5970526
Bromley,OC772,0.5984616
Bromley,OC774,0.56719935
Bromley,OC776,0.5582743
Bromley,OC777,0.5945429
Bromley,OC779,0.5596815
Bromley,OC780,0.6162559
Bromley,OC783,0.6203796
Bromley,OC784,0.5445293
Bromley,OC787,0.54286885
Bromley,OC789,0.5412045
Bromley,OC816,0.5748813
Bromley,OC818,0.54759556
Bromley,OC819,0.5882508
Bromley,OC820,0.46795103
Bromley,OC822,0.55086935
Bromley,OC947,0.62893045
Bromley,OC948,0.59545666
Bromley,OC949,0.61327153
Bromley,OC969,0.49884397
Bromley,OC970,0.67298114
Bromley,OC971,0.57416743
Bromley,OC974,0.5095236
Bromley,R0388,0.5751144
Bromley,R0389,0.42270726
Bromley,R0392,0.486664
Bromley,R0393,0.59684855
Bromley,R0394,0.47872275
Bromley,R0395,0.43797827
Bromley,R0396,0.5858662
Bromley,R0397,0.49974063
Bromley,R0398,0.5335155
Bromley,R0405,0.4309467
Bromley,R0416,0.5130631
Bromley,R0501,0.3251804
Bromley,R0504,0.53464353
Bromley,R0507,0.4261178
Bromley,R0509,0.41816613
Bromley,R0512,0.5377758
Bromley,R0514,0.33706734
Bromley,R0516,0.46604642
Bromley,R0517,0.45981494
Bromley,R0520,0.3293464
Bromley,R0528,0.5147946
Bromley,R0551,0.44985986
Bromley,R0553,0.5143103
Bromley,R0557,0.4274826
Bromley,R0599,0.47745997
Bromley,R0600,0.53868544
Bromley,R0602,0.45394984
Bromley,R0603,0.46051693
Bromley,R0604,0.5966916
Bromley,R0605,0.5891026
Bromley,R0606,0.42651057
Bromley,R0608,0.5751249
Bromley,R0611,0.5300929
Bromley,R0612,0.53524613
Bromley,R0613,0.6568885
Bromley,R0614,0.6392869
Bromley,R0615,0.4835151
Bromley,R0664,0.3783857
Bromley,R0775,0.46314365
Bromley,R0776,0.5074729
Bromley,R0777,0.64117
Bromley,R0778,0.6548934
Bromley,R0783,0.5467087
Bromley,R0859,0.55974734
Bromley,R0860,0.43259606
Bromley,R0882,0.44126332
Bromley,R0891,0.5027886
Bromley,R0903,0.59298646
Bromley,R0904,0.45943895
Bromley,R0905,0.64843774
Bromley,19752,0.43562293
Bromley,20813,0.58546084
Bromley,27519,0.5317852
Bromley,6589,0.5664078
Bromley,6915,0.47855163
Bromley,BP041,0.34795865
Bromley,BP042,0.34766382
Bromley,BP053,0.38524544
Bromley,BP054,0.31542632
Bromley,BP055,0.3181405
Camden,10365,0.7020809
Camden,10464,0.4667979
Camden,10465,0.5106211
Camden,1057,0.62352693
Camden,1075,0.6163903
Camden,1076,0.6182033
Camden,1078,0.6954845
Camden,1103,0.68645346
Camden,113,0.6058023
Camden,11373,0.71037453
Camden,11379,0.6979549
Camden,11383,0.7459615
Camden,11385,0.746693
Camden,11389,0.66247165
Camden,11391,0.69237137
Camden,11392,0.6689374
Camden,11393,0.6328863
Camden,11394,0.69147426
Camden,11395,0.6638339
Camden,11396,0.6325876
Camden,11399,0.63466287
Camden,114,0.61004883
Camden,11400,0.6677851
Camden,11401,0.6605098
Camden,11404,0.6786687
Camden,11405,0.66821796
Camden,11406,0.674289
Camden,11407,0.66827095
Camden,11408,0.68652093
Camden,11409,0.67882186
Camden,11412,0.6947131
Camden,11413,0.6948244
Camden,11427,0.679423
Camden,11428,0.6787598
Camden,11431,0.7061205
Camden,11432,0.704133
Camden,11435,0.64216346
Camden,11436,0.56703603
Camden,11437,0.56257635
Camden,11439,0.5707722
Camden,11440,0.57603604
Camden,11442,0.5819664
Camden,11443,0.6811212
Camden,11444,0.5933002
Camden,11446,0.6832955
Camden,11449,0.6784737
Camden,116,0.6015175
Camden,117,0.5018674
Camden,11734,0.7033359
Camden,11767,0.5953994
Camden,11964,0.6305309
Camden,11984,0.70818913
Camden,11986,0.5794908
Camden,11994,0.67553884
Camden,11995,0.6754641
Camden,12009,0.58733445
Camden,12010,0.58427656
Camden,12016,0.6080945
Camden,12017,0.6124896
Camden,12018,0.6019594
Camden,12019,0.6024232
Camden,12020,0.60396343
Camden,12021,0.5936963
Camden,12022,0.68882483
Camden,12024,0.69804734
Camden,12025,0.6980982
Camden,12026,0.5003758
Camden,12027,0.59895355
Camden,12028,0.6128324
Camden,12030,0.62028235
Camden,12034,0.62013894
Camden,12041,0.55280286
Camden,12043,0.5831933
Camden,12044,0.58318764
Camden,12045,0.59347504
Camden,12046,0.58224744
Camden,12047,0.58734983
Camden,12051,0.5433085
Camden,12053,0.6727402
Camden,12054,0.6669863
Camden,12057,0.7071194
Camden,12058,0.67388564
Camden,12059,0.7064627
Camden,12060,0.6732371
Camden,12063,0.5951238
Camden,12064,0.5937227
Camden,12067,0.59876275
Camden,12068,0.5989477
Camden,1218,0.6087668
Camden,1219,0.6056034
Camden,12332,0.75769836
Camden,1276,0.5992942
Camden,1280,0.7259779
Camden,1284,0.6988967
Camden,1285,0.67477405
Camden,1331,0.6186774
Camden,13457,0.60988295
Camden,13458,0.60890305
Camden,13460,0.607575
Camden,136,0.506074
Camden,137,0.47625604
Camden,1393,0.61125195
Camden,14456,0.6235691
Camden,14615,0.5910831
Camden,14618,0.5917204
Camden,14619,0.59510446
Camden,1463,0.41653502
Camden,14639,0.72324604
Camden,1464,0.5005035
Camden,14682,0.62629116
Camden,1473,0.6093208
Camden,14736,0.72637415
Camden,16153,0.60415536
Camden,1633,0.5492692
Camden,1634,0.5481286
Camden,1635,0.5393721
Camden,1636,0.5347282
Camden,1637,0.5277693
Camden,1638,0.5295341
Camden,1639,0.5688954
Camden,1640,0.56918
Camden,166,0.7189873
Camden,17258,0.57675964
Camden,17262,0.6374521
Camden,17263,0.605498
Camden,1733,0.633961
Camden,183,0.65676177
Camden,18852,0.6698384
Camden,18853,0.6770145
Camden,18855,0.6884956
Camden,18856,0.6847519
Camden,18859,0.6966752
Camden,197,0.61743057
Camden,200,0.59262747
Camden,20407,0.7515029
Camden,20592,0.6827435
Camden,20628,0.57167774
Camden,20723,0.56471276
Camden,20908,0.63824785
Camden,2189,0.584477
Camden,2190,0.5370931
Camden,2191,0.5918602
Camden,24180,0.71979415
Camden,25367,0.52913004
Camden,25599,0.6267897
Camden,25853,0.6730413
Camden,2622,0.6155654
Camden,26425,0.6359782
Camden,2674,0.72037274
Camden,2675,0.6636954
Camden,2698,0.56884855
Camden,27564,0.6892494
Camden,27622,0.7190412
Camden,29055,0.68349886
Camden,29181,0.5755004
Camden,29182,0.5696617
Camden,29399,0.74438477
Camden,29443,0.693251
Camden,29444,0.69586825
Camden,29666,0.7432297
Camden,29698,0.5780041
Camden,29844,0.6399165
Camden,29902,0.67140555
Camden,29903,0.67037773
Camden,29927,0.682281
Camden,3023,0.536146
Camden,3162,0.70167434
Camden,324,0.7517039
Camden,325,0.74780834
Camden,330,0.72164214
Camden,33093,0.62633
Camden,33096,0.71779066
Camden,33097,0.74115556
Camden,33099,0.6958828
Camden,331,0.73116976
Camden,33107,0.6239763
Camden,33180,0.4171989
Camden,33259,0.7183551
Camden,33260,0.7132698
Camden,33261,0.70640516
Camden,33266,0.6602038
Camden,33288,0.74195844
Camden,33290,0.7251237
Camden,33291,0.7248002
Camden,33332,0.57400066
Camden,33378,0.6698659
Camden,33531,0.70900625
Camden,33533,0.71757287
Camden,33548,0.59225005
Camden,33775,0.6278942
Camden,33776,0.6238519
Camden,33797,0.6362212
Camden,33798,0.6232206
Camden,33799,0.59151155
Camden,33800,0.61340743
Camden,33801,0.6918233
Camden,33802,0.69338596
Camden,33803,0.54044116
Camden,33804,0.54002565
Camden,33805,0.6926682
Camden,33806,0.6926523
Camden,33807,0.56433064
Camden,33808,0.59028363
Camden,33819,0.6367205
Camden,33925,0.6120899
Camden,33934,0.61968803
Camden,33966,0.62281704
Camden,34182,0.7465138
Camden,34307,0.6239101
Camden,34479,0.63369805
Camden,34494,0.5912076
Camden,34496,0.6073481
Camden,34497,0.6085078
Camden,34498,0.6018821
Camden,34499,0.60107803
Camden,34500,0.5484832
Camden,34501,0.6109842
Camden,34502,0.66710305
Camden,34503,0.66507816
Camden,34504,0.66627544
Camden,34505,0.66293377
Camden,34506,0.66358644
Camden,34507,0.67620313
Camden,34508,0.67440665
Camden,34509,0.6642259
Camden,34510,0.65194035
Camden,34511,0.6490596
Camden,34512,0.6750732
Camden,34515,0.66935205
Camden,34615,0.6257816
Camden,34940,0.6622276
Camden,34953,0.56218547
Camden,34960,0.66591036
Camden,34962,0.6765279
Camden,34989,0.59802353
Camden,35030,0.71226186
Camden,3517,0.7186644
Camden,35739,0.6714954
Camden,35968,0.66058016
Camden,36647,0.71449286
Camden,36799,0.6795203
Camden,36859,0.71216935
Camden,36918,0.5508383
Camden,36919,0.55056894
Camden,36920,0.5288288
Camden,36921,0.48582584
Camden,36923,0.58856684
Camden,36958,0.47960302
Camden,37162,0.69790345
Camden,37163,0.69742054
Camden,37171,0.70928127
Camden,37173,0.69120294
Camden,37174,0.6073383
Camden,37175,0.58740574
Camden,37176,0.6167434
Camden,37177,0.61751294
Camden,37178,0.6036706
Camden,37179,0.6088583
Camden,37180,0.6864938
Camden,37234,0.4924404
Camden,37236,0.48592523
Camden,37237,0.49159974
Camden,37238,0.5885798
Camden,37391,0.5744795
Camden,37425,0.5934948
Camden,37435,0.6583198
Camden,37601,0.6225653
Camden,37602,0.6164635
Camden,37606,0.7282683
Camden,37634,0.49701622
Camden,37671,0.7169228
Camden,37672,0.6344002
Camden,455,0.638735
Camden,461,0.6901756
Camden,462,0.5605166
Camden,4720,0.69697773
Camden,477,0.63017774
Camden,4790,0.599226
Camden,4796,0.6048425
Camden,4805,0.7224383
Camden,4813,0.70378137
Camden,4916,0.5591403
Camden,4917,0.59653866
Camden,4918,0.6359667
Camden,4919,0.56322813
Camden,634,0.6499553
Camden,638,0.59214956
Camden,660,0.72151554
Camden,667,0.72473377
Camden,668,0.6863509
Camden,669,0.6565503
Camden,673,0.5883799
Camden,750,0.7056261
Camden,79,0.6964052
Camden,80011,0.73044586
Camden,8319,0.69123197
Camden,8320,0.6932209
Camden,8321,0.6143046
Camden,8322,0.5981297
Camden,8323,0.6554979
Camden,8324,0.6388517
Camden,8325,0.71211696
Camden,8326,0.7056548
Camden,8329,0.5973796
Camden,8330,0.7267817
Camden,8340,0.74678504
Camden,8344,0.7174941
Camden,8383,0.6007158
Camden,8398,0.45997933
Camden,8399,0.46000007
Camden,8416,0.61066574
Camden,8417,0.6086594
Camden,8419,0.6107753
Camden,8437,0.6213058
Camden,8438,0.6182453
Camden,8561,0.582148
Camden,9109,0.5791266
Camden,9357,0.42282653
Camden,9358,0.4161968
Camden,9445,0.60320777
Camden,9819,0.4703917
Camden,982,0.6300564
Camden,9930,0.59608424
Camden,9931,0.59507287
Camden,BP1137,0.5686403
Camden,BP1264,0.7405333
Camden,BP1340,0.64532596
Camden,BP138,0.56735194
Camden,BP1388,0.6139264
Camden,BP1496,0.6823816
Camden,BP1515,0.66268235
Camden,BP1516,0.6669812
Camden,BP1517,0.7301536
Camden,BP1518,0.7303412
Camden,BP1648,0.57185334
Camden,BP1680,0.5050718
Camden,BP1779,0.61347085
Camden,BP1780,0.6155333
Camden,BP1831,0.69098616
Camden,BP1832,0.6886168
Camden,BP185,0.68545425
Camden,BP1898,0.6211332
Camden,BP1899,0.6255248
Camden,BP1901,0.5651265
Camden,BP2006,0.6677095
Camden,BP2127,0.6362882
Camden,BP2128,0.61489034
Camden,BP2490,0.63566023
Camden,BP2613,0.6575715
Camden,BP2996,0.57130647
Camden,BP3186,0.65495324
Camden,BP3204,0.6780616
Camden,BP3386,0.67566395
Camden,BP3512,0.5671519
Camden,BP3580,0.677437
Camden,BP3819,0.55398774
Camden,BP3884,0.64427096
Camden,BP4172,0.6971864
Camden,BP4325,0.6030602
Camden,BP4515,0.5924236
Camden,BP4548,0.60031635
Camden,BP4922,0.72966737
Camden,BP4925,0.72041035
Camden,BP4934,0.57178
Camden,BP4986,0.61065257
Camden,BP4987,0.60753
Camden,BP5029,0.673807
Camden,BP5030,0.682221
Camden,BP5031,0.7045942
Camden,BP5283,0.7131438
Camden,BP5294,0.64322674
Camden,BP5295,0.6621232
Camden,BP5296,0.6626625
Camden,BP5485,0.63023597
Camden,BP5486,0.6402489
Camden,BP5995,0.6211461
Camden,BP6332,0.6226295
Camden,BP6333,0.7116013
Camden,BP643,0.63421994
Camden,BP644,0.63077664
Camden,BP685,0.6013102
Camden,BP765,0.724718
Camden,BP882,0.6236581
Camden,BP883,0.71480936
Camden,HC878,0.6372205
Camden,R0005,0.57961744
Camden,R0078,0.6311922
Camden,R0085,0.71974576
Camden,R0469,0.4911665
Camden,11363,0.7169477
Camden,11366,0.7175463
Camden,1179,0.65773654
Camden,1275,0.6812888
Camden,1277,0.710323
Camden,1282,0.7046012
Camden,1283,0.7042585
Camden,1691,0.6972722
Camden,1692,0.69948065
Camden,18860,0.7077849
Camden,20917,0.7209097
Camden,25069,0.67896223
Camden,36512,0.6805947
Camden,36513,0.6826729
Camden,36514,0.68171406
Camden,4807,0.65590966
Camden,544,0.7236924
Camden,672,0.71921116
Camden,675,0.67884076
Camden,7801,0.6940992
Camden,8332,0.667472
Camden,8342,0.6910323
Camden,8348,0.7235687
Camden,BP1514,0.6972748
Camden,BP1519,0.6979665
Camden,BP1520,0.6995177
Camden,BP1703,0.6771199
Camden,BP2016,0.67729235
Camden,BP3403,0.66456777
Camden,BP4522,0.6804915
Camden,BP5646,0.7118106
Camden,BP5841,0.72283494
Camden,BP6331,0.71846944
Camden,R0059,0.68114465
Camden,R0739,0.7234396
City of London,10352,0.7377107
City of London,1152,0.7593292
City of London,1156,0.70960367
City of London,1157,0.71979827
City of London,1160,0.7105066
City of London,13456,0.73748624
City of London,14501,0.7400451
City of London,14691,0.76039183
City of London,1472,0.6783494
City of London,2018,0.71019995
City of London,2019,0.68875355
City of London,205,0.6964884
City of London,2114,0.76492107
City of London,2116,0.74466264
City of London,2123,0.7953893
City of London,2466,0.73600394
City of London,2467,0.7360682
City of London,2468,0.74399996
City of London,27786,0.67136663
City of London,27954,0.7506261
City of London,29911,0.7146162
City of London,29912,0.6965736
City of London,3177,0.66448253
City of London,3178,0.62331426
City of London,33385,0.7376101
City of London,33683,0.7135072
City of London,33780,0.7294004
City of London,33891,0.6992726
City of London,34190,0.69560206
City of London,34251,0.7156145
City of London,34252,0.6874242
City of London,35484,0.69385207
City of London,35576,0.6866121
City of London,35667,0.699184
City of London,36688,0.6895415
City of London,37075,0.70810425
City of London,37600,0.6926753
City of London,37641,0.7256444
City of London,37644,0.7009471
City of London,37676,0.75443405
City of London,538,0.68886673
City of London,768,0.7536531
City of London,8394,0.68938124
City of London,8420,0.6725716
City of London,8547,0.66183734
City of London,8548,0.69018006
City of London,8551,0.73539543
City of London,8552,0.7469634
City of London,8553,0.7253596
City of London,8556,0.7516876
City of London,8558,0.7323639
City of London,8559,0.7309573
City of London,8564,0.69626176
City of London,8570,0.68924576
City of London,8571,0.70518816
City of London,8577,0.70382035
City of London,8578,0.70401317
City of London,8579,0.69993925
City of London,8581,0.6922201
City of London,8585,0.6992865
City of London,8586,0.7425881
City of London,8591,0.73549247
City of London,8600,0.7263726
City of London,8601,0.7545369
City of London,871,0.75434864
City of London,969,0.70948625
City of London,BP140,0.79301053
City of London,BP1575,0.75011355
City of London,BP1576,0.74760574
City of London,BP244,0.7630154
City of London,BP2826,0.6634461
City of London,BP2846,0.6994791
City of London,BP2847,0.6980984
City of London,BP3287,0.6633638
City of London,BP3442,0.7461259
City of London,BP3453,0.7170068
City of London,BP4111,0.7172518
City of London,BP4112,0.7115573
City of London,BP4338,0.7166772
City of London,BP4339,0.7242866
City of London,BP4528,0.71451
City of London,BP4529,0.7155891
City of London,BP5535,0.66789776
City of London,BP5575,0.74004143
City of London,BP5593,0.72141474
City of London,BP5594,0.733499
City of London,BP5687,0.6846598
City of London,BP5731,0.7249754
City of London,BP5775,0.66213197
City of London,BP5998,0.66098255
City of London,BP6261,0.6618365
City of London,BP6262,0.66789246
City of London,BP6330,0.650203
City of London,BP6391,0.73087054
City of London,BP933,0.73133785
City of London,BP969,0.6807846
City of London,OC509,0.7100682
City of London,R0089,0.7250534
City of London,R0814,0.6992745
City of London,R0815,0.69025844
City of London,R0816,0.6497998
Croydon,10362,0.5562695
Croydon,10363,0.56426847
Croydon,10794,0.58318824
Croydon,10795,0.5813035
Croydon,10797,0.55609804
Croydon,10798,0.5242083
Croydon,10799,0.55613226
Croydon,10804,0.56600094
Croydon,10806,0.54919386
Croydon,10807,0.5677319
Croydon,10808,0.5478276
Croydon,10816,0.42802724
Croydon,10817,0.4320647
Croydon,10820,0.53088963
Croydon,10821,0.5411548
Croydon,10824,0.49343458
Croydon,10825,0.49313226
Croydon,1164,0.5786603
Croydon,11753,0.6144721
Croydon,1182,0.4967684
Croydon,12082,0.53666
Croydon,12083,0.6030267
Croydon,12417,0.60776395
Croydon,12418,0.58708125
Croydon,12419,0.54386735
Croydon,12420,0.54361266
Croydon,12421,0.6249288
Croydon,12422,0.6082377
Croydon,12423,0.6018929
Croydon,12424,0.5375969
Croydon,12425,0.53044623
Croydon,12426,0.5354704
Croydon,12427,0.5537262
Croydon,12428,0.5417294
Croydon,12429,0.5638519
Croydon,12430,0.54963684
Croydon,12432,0.55506545
Croydon,12433,0.6314905
Croydon,12434,0.6445436
Croydon,12435,0.6378123
Croydon,12436,0.6407785
Croydon,12438,0.5701817
Croydon,12450,0.54478693
Croydon,12868,0.55938214
Croydon,12886,0.5158181
Croydon,12915,0.5950182
Croydon,12916,0.6044673
Croydon,12917,0.507433
Croydon,12918,0.5251029
Croydon,12920,0.5327573
Croydon,12921,0.48163906
Croydon,13179,0.5843828
Croydon,13184,0.5079045
Croydon,13186,0.53761405
Croydon,13188,0.6129799
Croydon,13189,0.5550156
Croydon,13190,0.52967584
Croydon,13193,0.4926296
Croydon,13194,0.596907
Croydon,13196,0.6042741
Croydon,13197,0.5988239
Croydon,13201,0.56571984
Croydon,13202,0.56050384
Croydon,13203,0.5460276
Croydon,13204,0.575568
Croydon,13206,0.5583565
Croydon,13207,0.58697295
Croydon,13208,0.48603487
Croydon,13209,0.5299379
Croydon,13210,0.51684684
Croydon,13211,0.4849836
Croydon,13214,0.5161397
Croydon,13215,0.508583
Croydon,13216,0.48996487
Croydon,13217,0.53408873
Croydon,13220,0.51902664
Croydon,13221,0.49577364
Croydon,13223,0.53655016
Croydon,13224,0.53502506
Croydon,13227,0.57217664
Croydon,13228,0.57849115
Croydon,13229,0.58501375
Croydon,13231,0.5727751
Croydon,13233,0.5179582
Croydon,13234,0.45761758
Croydon,13235,0.45047733
Croydon,13236,0.46736494
Croydon,13237,0.5277459
Croydon,13238,0.5370867
Croydon,13239,0.5092838
Croydon,13606,0.48226777
Croydon,1374,0.6020795
Croydon,1375,0.63142836
Croydon,1383,0.5479879
Croydon,1384,0.5405838
Croydon,1390,0.51671356
Croydon,1391,0.5205323
Croydon,1441,0.4877421
Croydon,1443,0.5335447
Croydon,14631,0.48986894
Croydon,15002,0.608424
Croydon,15102,0.5162295
Croydon,15104,0.54935
Croydon,15105,0.5352905
Croydon,15106,0.5985715
Croydon,15107,0.62588435
Croydon,15108,0.53635234
Croydon,15110,0.4987781
Croydon,15112,0.49214965
Croydon,15113,0.50166285
Croydon,15116,0.5253579
Croydon,15231,0.45679316
Croydon,15232,0.45630208
Croydon,1553,0.5015687
Croydon,1554,0.5199397
Croydon,15600,0.578851
Croydon,15601,0.62617
Croydon,15805,0.55091405
Croydon,15806,0.54660356
Croydon,15807,0.6439512
Croydon,15808,0.64800316
Croydon,15809,0.6574205
Croydon,15810,0.63870674
Croydon,15812,0.63494515
Croydon,15813,0.6403197
Croydon,15814,0.68805087
Croydon,15815,0.6882154
Croydon,15816,0.58311516
Croydon,15817,0.649877
Croydon,15818,0.66979086
Croydon,15819,0.6681235
Croydon,15820,0.617299
Croydon,15821,0.62180316
Croydon,15822,0.6022669
Croydon,15823,0.6026844
Croydon,15824,0.63871056
Croydon,15825,0.60962886
Croydon,16603,0.5551278
Croydon,16604,0.5841812
Croydon,16605,0.6367772
Croydon,16606,0.6368186
Croydon,16607,0.5916497
Croydon,16609,0.5859619
Croydon,16610,0.5891239
Croydon,16611,0.5856079
Croydon,16612,0.58542395
Croydon,16627,0.53799415
Croydon,16629,0.5142373
Croydon,16631,0.49453178
Croydon,16632,0.6047451
Croydon,16633,0.58764875
Croydon,16634,0.58606666
Croydon,16635,0.5863346
Croydon,16636,0.60038525
Croydon,16637,0.61393857
Croydon,16638,0.5814584
Croydon,16639,0.5821158
Croydon,16640,0.67681086
Croydon,16641,0.69818705
Croydon,16864,0.65636474
Croydon,17328,0.4946139
Croydon,17330,0.49719968
Croydon,17331,0.47600514
Croydon,17332,0.5051205
Croydon,17333,0.49372658
Croydon,17334,0.5061027
Croydon,17335,0.53167665
Croydon,17336,0.5134446
Croydon,17338,0.4769116
Croydon,17339,0.4893524
Croydon,17340,0.4619824
Croydon,17341,0.45996666
Croydon,17342,0.44415915
Croydon,17343,0.46547613
Croydon,17344,0.43333164
Croydon,17345,0.47754744
Croydon,17346,0.48104528
Croydon,17347,0.47446126
Croydon,17348,0.4731868
Croydon,17376,0.55155957
Croydon,17377,0.5556352
Croydon,17378,0.4805347
Croydon,17379,0.4420897
Croydon,17380,0.46808964
Croydon,17381,0.49395323
Croydon,17383,0.4188179
Croydon,17439,0.5529749
Croydon,17440,0.5585935
Croydon,17441,0.52368915
Croydon,17442,0.45748112
Croydon,17443,0.47891608
Croydon,17444,0.47063407
Croydon,17445,0.5515594
Croydon,17446,0.5220087
Croydon,17447,0.4918258
Croydon,17448,0.50018555
Croydon,17449,0.49810222
Croydon,17450,0.47950763
Croydon,17451,0.46314612
Croydon,17452,0.48710823
Croydon,17453,0.4964366
Croydon,17458,0.5375436
Croydon,17460,0.5691183
Croydon,17461,0.58662415
Croydon,17462,0.55709594
Croydon,17463,0.5075427
Croydon,17464,0.4369045
Croydon,17465,0.5092276
Croydon,17466,0.49067435
Croydon,17664,0.6066012
Croydon,17665,0.6285328
Croydon,17684,0.5193682
Croydon,17685,0.5332431
Croydon,17686,0.5368844
Croydon,17687,0.53179926
Croydon,17688,0.53114986
Croydon,17689,0.5012287
Croydon,17690,0.48880675
Croydon,17691,0.51088136
Croydon,17692,0.4955469
Croydon,17693,0.5352393
Croydon,17694,0.4803018
Croydon,17695,0.49535108
Croydon,17696,0.56032103
Croydon,17697,0.55161524
Croydon,17698,0.49943155
Croydon,17699,0.4923408
Croydon,17700,0.5159257
Croydon,17851,0.5332573
Croydon,17852,0.5319119
Croydon,17853,0.529142
Croydon,17854,0.5292266
Croydon,17855,0.47700348
Croydon,17856,0.47978923
Croydon,17857,0.51632977
Croydon,17858,0.5217587
Croydon,17859,0.51664317
Croydon,17862,0.4811075
Croydon,17863,0.6143017
Croydon,17864,0.6217281
Croydon,17866,0.62835836
Croydon,17876,0.49680853
Croydon,17877,0.49482238
Croydon,17878,0.5050528
Croydon,17879,0.50589913
Croydon,17880,0.53641254
Croydon,17881,0.4992519
Croydon,17882,0.50873286
Croydon,17883,0.48964444
Croydon,17884,0.51986575
Croydon,17885,0.4906538
Croydon,17886,0.491124
Croydon,17887,0.49131656
Croydon,17890,0.51892114
Croydon,17892,0.5071606
Croydon,17893,0.51131237
Croydon,18275,0.4924382
Croydon,1845,0.4999485
Croydon,1846,0.49167415
Croydon,1847,0.4893549
Croydon,1848,0.47044244
Croydon,1849,0.5088669
Croydon,1850,0.4972163
Croydon,18728,0.49198943
Croydon,18797,0.5571955
Croydon,18798,0.49039966
Croydon,18799,0.42780066
Croydon,18801,0.51981074
Croydon,18802,0.48606405
Croydon,18804,0.46377546
Croydon,18805,0.48415756
Croydon,18806,0.4805191
Croydon,18808,0.46329933
Croydon,18809,0.54293513
Croydon,18810,0.54245806
Croydon,18811,0.6144006
Croydon,18812,0.614165
Croydon,18813,0.5741325
Croydon,18814,0.57416534
Croydon,18815,0.49606067
Croydon,18816,0.5455645
Croydon,18817,0.5004619
Croydon,18818,0.51946735
Croydon,18819,0.5430175
Croydon,18900,0.54816747
Croydon,19220,0.560125
Croydon,19269,0.5010278
Croydon,19271,0.5771057
Croydon,19718,0.45624885
Croydon,19719,0.47376654
Croydon,19784,0.51177704
Croydon,19785,0.50315905
Croydon,19786,0.49675685
Croydon,19787,0.50760394
Croydon,19788,0.48435152
Croydon,19789,0.5574049
Croydon,19790,0.4905625
Croydon,19791,0.49061924
Croydon,19792,0.5170809
Croydon,19793,0.546044
Croydon,19795,0.5357414
Croydon,19796,0.54997885
Croydon,19797,0.5567487
Croydon,19800,0.4702102
Croydon,19801,0.60968983
Croydon,19802,0.5365689
Croydon,19804,0.56311595
Croydon,19805,0.56048506
Croydon,19806,0.5822335
Croydon,19807,0.55670667
Croydon,19808,0.58854306
Croydon,19809,0.588457
Croydon,19810,0.5721769
Croydon,19811,0.57204556
Croydon,19813,0.5641887
Croydon,19815,0.5367654
Croydon,19816,0.53180355
Croydon,19817,0.5275914
Croydon,19818,0.50696075
Croydon,19819,0.5814006
Croydon,19820,0.6194947
Croydon,19821,0.60237813
Croydon,19822,0.55250883
Croydon,19823,0.6160557
Croydon,20140,0.5788872
Croydon,20141,0.5736582
Croydon,20151,0.62956357
Croydon,20185,0.6308258
Croydon,20396,0.521614
Croydon,20418,0.5834808
Croydon,20443,0.64553183
Croydon,20493,0.47255695
Croydon,20501,0.49272895
Croydon,20502,0.49144948
Croydon,20616,0.62942284
Croydon,20617,0.59305936
Croydon,20644,0.5351748
Croydon,20677,0.60250956
Croydon,20678,0.6102821
Croydon,20688,0.6441468
Croydon,20696,0.5026705
Croydon,20808,0.61342096
Croydon,20809,0.566578
Croydon,20868,0.5889389
Croydon,20869,0.6047598
Croydon,20916,0.51143545
Croydon,22195,0.5484935
Croydon,22196,0.5483043
Croydon,22916,0.62826073
Croydon,23492,0.63239557
Croydon,23493,0.58699596
Croydon,24404,0.48681414
Croydon,25073,0.4297983
Croydon,2522,0.5412396
Croydon,2523,0.52401614
Croydon,2524,0.47463533
Croydon,25243,0.5837206
Croydon,25244,0.6200393
Croydon,25245,0.574513
Croydon,25246,0.58588386
Croydon,25247,0.5160886
Croydon,25248,0.49156144
Croydon,25249,0.5365061
Croydon,25250,0.5387812
Croydon,25251,0.52190197
Croydon,25252,0.5315606
Croydon,25253,0.5680049
Croydon,25254,0.54943
Croydon,25266,0.6182149
Croydon,25267,0.61776006
Croydon,25456,0.5998194
Croydon,25457,0.6003952
Croydon,25582,0.51598257
Croydon,25583,0.5225461
Croydon,25585,0.50531787
Croydon,25586,0.53696966
Croydon,25587,0.50580066
Croydon,25588,0.5635391
Croydon,25595,0.6186824
Croydon,25596,0.5544193
Croydon,25672,0.5667278
Croydon,25673,0.56979316
Croydon,25674,0.50917095
Croydon,25729,0.593642
Croydon,25730,0.5894443
Croydon,25731,0.5912044
Croydon,25733,0.6083423
Croydon,25734,0.60260755
Croydon,25735,0.55441624
Croydon,25736,0.53070885
Croydon,25737,0.51885855
Croydon,25738,0.50709903
Croydon,25739,0.51432854
Croydon,25740,0.5115718
Croydon,25741,0.50361735
Croydon,25742,0.51607925
Croydon,25754,0.5804944
Croydon,25755,0.59946626
Croydon,25756,0.62843484
Croydon,25757,0.61800593
Croydon,25758,0.6222778
Croydon,25759,0.6223172
Croydon,25760,0.63287324
Croydon,25761,0.6424494
Croydon,25827,0.5349548
Croydon,25828,0.5565064
Croydon,25829,0.5349018
Croydon,25830,0.4858452
Croydon,25865,0.48982775
Croydon,25866,0.5053008
Croydon,25875,0.53664577
Croydon,25876,0.50230026
Croydon,25946,0.49320903
Croydon,26185,0.5318011
Croydon,26277,0.48221532
Croydon,26828,0.5245557
Croydon,26829,0.53317887
Croydon,26830,0.62686205
Croydon,26831,0.5108988
Croydon,26832,0.5262688
Croydon,26833,0.5709084
Croydon,26834,0.5653061
Croydon,26835,0.54691064
Croydon,26836,0.5518708
Croydon,26837,0.5227842
Croydon,26838,0.54100174
Croydon,26839,0.5308105
Croydon,26840,0.51875055
Croydon,26842,0.47579443
Croydon,26861,0.49229255
Croydon,26878,0.55906266
Croydon,26879,0.5118183
Croydon,26981,0.5737853
Croydon,27591,0.5705715
Croydon,27608,0.49374598
Croydon,27609,0.5025346
Croydon,27754,0.60550594
Croydon,27755,0.64275867
Croydon,27756,0.61621517
Croydon,27757,0.60027087
Croydon,27758,0.619606
Croydon,27759,0.62480557
Croydon,27763,0.66674745
Croydon,27837,0.50828433
Croydon,27838,0.50207496
Croydon,27857,0.5434217
Croydon,27967,0.50847167
Croydon,2869,0.5637883
Croydon,29020,0.6066368
Croydon,30099,0.64196277
Croydon,31802,0.39900562
Croydon,33008,0.55400795
Croydon,33009,0.50418323
Croydon,33011,0.51186097
Croydon,33012,0.5449793
Croydon,33130,0.508807
Croydon,33164,0.5151363
Croydon,33165,0.50055987
Croydon,33167,0.5274479
Croydon,3317,0.6022623
Croydon,33170,0.51940113
Croydon,33171,0.5149274
Croydon,33177,0.63274205
Croydon,33178,0.6587736
Croydon,33179,0.6599707
Croydon,33437,0.572269
Croydon,33491,0.5691874
Croydon,33516,0.513008
Croydon,33659,0.5860537
Croydon,33660,0.5856027
Croydon,33661,0.60823435
Croydon,33663,0.60763556
Croydon,33664,0.61233777
Croydon,33665,0.57724535
Croydon,33666,0.5815716
Croydon,33667,0.5791921
Croydon,33668,0.5883637
Croydon,33669,0.57823944
Croydon,33670,0.589983
Croydon,33671,0.6315788
Croydon,33672,0.6123191
Croydon,33682,0.5861319
Croydon,33766,0.508968
Croydon,33973,0.514129
Croydon,3404,0.57928836
Croydon,3405,0.64276785
Croydon,3406,0.6192586
Croydon,3427,0.54278964
Croydon,3428,0.5117906
Croydon,34358,0.43397206
Croydon,34386,0.5490759
Croydon,34387,0.54903775
Croydon,34826,0.5147872
Croydon,34827,0.50527936
Croydon,34973,0.50693613
Croydon,35230,0.4754794
Croydon,35485,0.54388434
Croydon,35486,0.5146429
Croydon,35491,0.45643958
Croydon,3562,0.5385883
Croydon,36012,0.41162866
Croydon,3608,0.536853
Croydon,37002,0.5876985
Croydon,37065,0.43222496
Croydon,37150,0.49573818
Croydon,37258,0.47455156
Croydon,4385,0.6042018
Croydon,4388,0.6234145
Croydon,4390,0.61123836
Croydon,4391,0.5396929
Croydon,4392,0.67712665
Croydon,4395,0.67468816
Croydon,4396,0.49106455
Croydon,4397,0.6191348
Croydon,4399,0.65270305
Croydon,4400,0.6527974
Croydon,4401,0.48896328
Croydon,4402,0.5866599
Croydon,4403,0.5931516
Croydon,4404,0.5828983
Croydon,4407,0.58460957
Croydon,4408,0.60449755
Croydon,4409,0.595917
Croydon,4410,0.56155014
Croydon,4411,0.54797596
Croydon,4412,0.5551296
Croydon,4413,0.5372262
Croydon,4417,0.51451
Croydon,4418,0.50413483
Croydon,4419,0.56632036
Croydon,4420,0.48469266
Croydon,4423,0.51118326
Croydon,4425,0.5166865
Croydon,5178,0.65849876
Croydon,5179,0.6752711
Croydon,5333,0.5433694
Croydon,575,0.60423577
Croydon,6509,0.42568788
Croydon,6510,0.42228356
Croydon,6511,0.39604446
Croydon,6512,0.500075
Croydon,6533,0.4342309
Croydon,6534,0.42761347
Croydon,6535,0.39449152
Croydon,6537,0.4959614
Croydon,6543,0.5274557
Croydon,6544,0.531216
Croydon,6545,0.4731706
Croydon,6546,0.52727336
Croydon,6547,0.49770662
Croydon,6548,0.48412612
Croydon,6549,0.52556026
Croydon,6551,0.47268456
Croydon,6553,0.4920821
Croydon,6554,0.48831517
Croydon,6556,0.51425153
Croydon,6559,0.47512892
Croydon,6568,0.51071864
Croydon,6569,0.48937
Croydon,6570,0.47876674
Croydon,6571,0.52148515
Croydon,6572,0.49280295
Croydon,6575,0.49208307
Croydon,6576,0.50113636
Croydon,6578,0.51289654
Croydon,6914,0.5185404
Croydon,7330,0.5116622
Croydon,7708,0.61756194
Croydon,7709,0.6074409
Croydon,7710,0.4888642
Croydon,7711,0.4747722
Croydon,7712,0.43353888
Croydon,7715,0.410257
Croydon,7717,0.4317872
Croydon,7738,0.53334546
Croydon,7739,0.5243814
Croydon,7740,0.5884421
Croydon,7741,0.6315186
Croydon,7742,0.6263969
Croydon,7743,0.5823924
Croydon,806,0.5743929
Croydon,807,0.6022632
Croydon,809,0.48769978
Croydon,815,0.5101859
Croydon,816,0.53135306
Croydon,8405,0.5232658
Croydon,8406,0.48737618
Croydon,8557,0.4994769
Croydon,8763,0.48125574
Croydon,8764,0.48546275
Croydon,8769,0.45068234
Croydon,8770,0.4502586
Croydon,8771,0.48693746
Croydon,8772,0.49927577
Croydon,8777,0.61814624
Croydon,8778,0.5950218
Croydon,8781,0.61958504
Croydon,8782,0.61499304
Croydon,8785,0.5461975
Croydon,9399,0.4731233
Croydon,9400,0.4947364
Croydon,9659,0.39000162
Croydon,9660,0.36314145
Croydon,9661,0.36325094
Croydon,9791,0.52355665
Croydon,9807,0.44463292
Croydon,9808,0.44627157
Croydon,9811,0.4582163
Croydon,9812,0.45820475
Croydon,BP1031,0.51008505
Croydon,BP1135,0.6587947
Croydon,BP1143,0.4858831
Croydon,BP1144,0.4907669
Croydon,BP1145,0.46408924
Croydon,BP1146,0.45200676
Croydon,BP1147,0.5088117
Croydon,BP1148,0.5208924
Croydon,BP1149,0.49611968
Croydon,BP1150,0.47406775
Croydon,BP1151,0.52730125
Croydon,BP1152,0.5345938
Croydon,BP1153,0.55048674
Croydon,BP1154,0.55038893
Croydon,BP1155,0.54862994
Croydon,BP1156,0.5587793
Croydon,BP1157,0.5302913
Croydon,BP1158,0.47336355
Croydon,BP1159,0.49833602
Croydon,BP1251,0.5387033
Croydon,BP1252,0.54126567
Croydon,BP1269,0.49339047
Croydon,BP1281,0.52950054
Croydon,BP1366,0.53456867
Croydon,BP1367,0.5050674
Croydon,BP1369,0.4242184
Croydon,BP1374,0.42359766
Croydon,BP1375,0.5407539
Croydon,BP1405,0.53862554
Croydon,BP1406,0.5987388
Croydon,BP1407,0.5992826
Croydon,BP1408,0.59356195
Croydon,BP1409,0.5938326
Croydon,BP1410,0.5938951
Croydon,BP1411,0.60266095
Croydon,BP1412,0.61056715
Croydon,BP1413,0.61069655
Croydon,BP1414,0.60278076
Croydon,BP1415,0.6109982
Croydon,BP1416,0.5938179
Croydon,BP1417,0.5936185
Croydon,BP1418,0.582977
Croydon,BP1425,0.55970055
Croydon,BP1426,0.5549277
Croydon,BP1427,0.5808024
Croydon,BP1428,0.58480406
Croydon,BP1429,0.5746389
Croydon,BP1430,0.5735061
Croydon,BP1431,0.4912351
Croydon,BP1432,0.53555214
Croydon,BP1433,0.54670495
Croydon,BP1434,0.53028435
Croydon,BP1435,0.56441534
Croydon,BP1436,0.5783141
Croydon,BP1437,0.5176529
Croydon,BP1438,0.5266049
Croydon,BP1439,0.57511866
Croydon,BP1440,0.5774468
Croydon,BP1441,0.50013226
Croydon,BP1442,0.5815429
Croydon,BP1443,0.5642548
Croydon,BP1444,0.55274177
Croydon,BP1445,0.533019
Croydon,BP1446,0.5285513
Croydon,BP1447,0.5634063
Croydon,BP1448,0.5060451
Croydon,BP1449,0.49395263
Croydon,BP1450,0.50054204
Croydon,BP1465,0.6629423
Croydon,BP1466,0.6643662
Croydon,BP1467,0.6637111
Croydon,BP1468,0.6680525
Croydon,BP1469,0.67213124
Croydon,BP1470,0.6714122
Croydon,BP1471,0.68352664
Croydon,BP1472,0.6792503
Croydon,BP1473,0.6035737
Croydon,BP1474,0.60614437
Croydon,BP1475,0.6156985
Croydon,BP1476,0.6816415
Croydon,BP1477,0.62610257
Croydon,BP1478,0.65377736
Croydon,BP1479,0.65292364
Croydon,BP1480,0.6286945
Croydon,BP1481,0.6041344
Croydon,BP1482,0.6538645
Croydon,BP1484,0.651921
Croydon,BP1485,0.65429384
Croydon,BP1486,0.65574276
Croydon,BP1487,0.6492979
Croydon,BP1488,0.6507665
Croydon,BP1489,0.65159106
Croydon,BP1490,0.653953
Croydon,BP1499,0.49755293
Croydon,BP152,0.5116776
Croydon,BP153,0.508352
Croydon,BP154,0.50739884
Croydon,BP1590,0.54289037
Croydon,BP1591,0.57543147
Croydon,BP1626,0.5409245
Croydon,BP1627,0.5881028
Croydon,BP1628,0.60165554
Croydon,BP1629,0.6310415
Croydon,BP1630,0.6035791
Croydon,BP1631,0.63277215
Croydon,BP1632,0.6211884
Croydon,BP1633,0.59412134
Croydon,BP1634,0.5522125
Croydon,BP1726,0.53977996
Croydon,BP1727,0.53326076
Croydon,BP1728,0.5598593
Croydon,BP1729,0.54290754
Croydon,BP1730,0.5677662
Croydon,BP1731,0.5212203
Croydon,BP1793,0.56553614
Croydon,BP1838,0.51023537
Croydon,BP1849,0.5599179
Croydon,BP1850,0.6051297
Croydon,BP1851,0.6171496
Croydon,BP1852,0.6280472
Croydon,BP1853,0.62416166
Croydon,BP1854,0.62635803
Croydon,BP1855,0.62836426
Croydon,BP1856,0.628696
Croydon,BP1857,0.62758017
Croydon,BP1858,0.630172
Croydon,BP1859,0.6236423
Croydon,BP1860,0.6183689
Croydon,BP1861,0.63501656
Croydon,BP1862,0.6350205
Croydon,BP1878,0.55219215
Croydon,BP1900,0.61381483
Croydon,BP1923,0.61251295
Croydon,BP1978,0.60217386
Croydon,BP1979,0.6118356
Croydon,BP1980,0.625067
Croydon,BP1981,0.59925663
Croydon,BP1999,0.5457
Croydon,BP2000,0.48845074
Croydon,BP2008,0.6475065
Croydon,BP2009,0.6294827
Croydon,BP2010,0.6014299
Croydon,BP2013,0.5991985
Croydon,BP2014,0.5979245
Croydon,BP2015,0.64754164
Croydon,BP2017,0.64926356
Croydon,BP2018,0.6518195
Croydon,BP2019,0.62790596
Croydon,BP2020,0.61739475
Croydon,BP2021,0.653496
Croydon,BP2022,0.64701974
Croydon,BP2024,0.5663919
Croydon,BP2123,0.5499923
Croydon,BP2124,0.54011476
Croydon,BP2125,0.54166085
Croydon,BP2126,0.54604036
Croydon,BP2133,0.5952462
Croydon,BP2139,0.5978083
Croydon,BP2140,0.5986382
Croydon,BP2327,0.54790974
Croydon,BP2328,0.5625629
Croydon,BP2329,0.56519514
Croydon,BP2330,0.5594867
Croydon,BP2331,0.56935674
Croydon,BP2359,0.4724091
Croydon,BP2360,0.5346456
Croydon,BP2370,0.5037517
Croydon,BP2399,0.679266
Croydon,BP2400,0.5524778
Croydon,BP2430,0.5369387
Croydon,BP2431,0.5443071
Croydon,BP2442,0.46369794
Croydon,BP2444,0.6344996
Croydon,BP2468,0.5087345
Croydon,BP2469,0.5085016
Croydon,BP2516,0.5766546
Croydon,BP2518,0.64965856
Croydon,BP2519,0.65014756
Croydon,BP2520,0.6593303
Croydon,BP2522,0.51983774
Croydon,BP2523,0.56172544
Croydon,BP2524,0.5730182
Croydon,BP2525,0.5788592
Croydon,BP2526,0.57726026
Croydon,BP2527,0.585073
Croydon,BP2528,0.58061194
Croydon,BP2529,0.5965548
Croydon,BP2530,0.58489144
Croydon,BP2531,0.61931616
Croydon,BP2532,0.5737119
Croydon,BP2533,0.5734458
Croydon,BP2534,0.57818645
Croydon,BP2536,0.5690048
Croydon,BP2537,0.5075552
Croydon,BP2596,0.6955328
Croydon,BP2600,0.60165876
Croydon,BP2601,0.6434733
Croydon,BP2602,0.61519194
Croydon,BP2603,0.6434286
Croydon,BP2604,0.65243095
Croydon,BP2605,0.63151443
Croydon,BP2606,0.62120396
Croydon,BP2607,0.64191043
Croydon,BP2630,0.52275574
Croydon,BP273,0.5400393
Croydon,BP274,0.5443931
Croydon,BP2945,0.60688126
Croydon,BP2959,0.43281227
Croydon,BP3304,0.57538384
Croydon,BP3305,0.5753046
Croydon,BP3572,0.5039741
Croydon,BP3573,0.56203604
Croydon,BP3574,0.56923753
Croydon,BP3575,0.5690508
Croydon,BP3576,0.52281356
Croydon,BP3577,0.518661
Croydon,BP3607,0.5283236
Croydon,BP3761,0.5289393
Croydon,BP3919,0.49992454
Croydon,BP3920,0.59667206
Croydon,BP3921,0.61307144
Croydon,BP4062,0.6690212
Croydon,BP4211,0.47012392
Croydon,BP4212,0.56459206
Croydon,BP4213,0.56184304
Croydon,BP4214,0.57627046
Croydon,BP4215,0.5476903
Croydon,BP4216,0.5623689
Croydon,BP4217,0.5625326
Croydon,BP4218,0.5628128
Croydon,BP4219,0.5631098
Croydon,BP4220,0.51830643
Croydon,BP4221,0.5184794
Croydon,BP4222,0.47480243
Croydon,BP4223,0.47464713
Croydon,BP4224,0.48304358
Croydon,BP4225,0.47136307
Croydon,BP4226,0.48696515
Croydon,BP4280,0.55781454
Croydon,BP4425,0.6016859
Croydon,BP445,0.4923552
Croydon,BP4928,0.58567977
Croydon,BP5042,0.6136525
Croydon,BP5125,0.6260444
Croydon,BP5253,0.4822096
Croydon,BP5297,0.63891685
Croydon,BP5298,0.65964085
Croydon,BP5477,0.66112477
Croydon,BP5576,0.6714848
Croydon,BP575,0.5771474
Croydon,BP576,0.58253986
Croydon,BP577,0.591515
Croydon,BP578,0.54078114
Croydon,BP579,0.57974416
Croydon,BP580,0.61133766
Croydon,BP581,0.5751728
Croydon,BP582,0.63698494
Croydon,BP583,0.50516695
Croydon,BP584,0.5407104
Croydon,BP585,0.5653316
Croydon,BP586,0.54411817
Croydon,BP589,0.5694773
Croydon,BP590,0.5285414
Croydon,BP5907,0.6210161
Croydon,BP592,0.5417391
Croydon,BP5924,0.5070686
Croydon,BP5925,0.53207153
Croydon,BP5971,0.6039134
Croydon,BP6000,0.4232894
Croydon,BP6004,0.59093595
Croydon,BP6005,0.5874499
Croydon,BP6006,0.59536606
Croydon,BP6007,0.5519438
Croydon,BP6008,0.63010794
Croydon,BP6009,0.5922486
Croydon,BP6010,0.5479651
Croydon,BP6048,0.6363429
Croydon,BP6054,0.6362974
Croydon,BP6055,0.58813685
Croydon,BP6100,0.5849807
Croydon,BP6101,0.57909906
Croydon,BP6109,0.5811676
Croydon,BP6194,0.51363677
Croydon,BP6247,0.61685425
Croydon,BP6248,0.6162068
Croydon,BP6294,0.47046614
Croydon,BP6339,0.6396209
Croydon,BP6340,0.6245316
Croydon,BP6341,0.66757387
Croydon,BP6342,0.6663049
Croydon,BP6343,0.6533155
Croydon,BP6344,0.66572744
Croydon,BP6345,0.6198746
Croydon,BP6346,0.63295376
Croydon,BP6347,0.5684287
Croydon,BP6396,0.554916
Croydon,BP6397,0.63493097
Croydon,BP6398,0.5947203
Croydon,BP6399,0.55855215
Croydon,BP6400,0.55482364
Croydon,BP6401,0.57710844
Croydon,BP6402,0.5776142
Croydon,BP641,0.55398065
Croydon,BP6413,0.5796245
Croydon,BP657,0.56897205
Croydon,BP764,0.5244818
Croydon,BP825,0.6092489
Croydon,BP899,0.56459075
Croydon,BP904,0.5929486
Croydon,BP905,0.64685017
Croydon,BP914,0.59812003
Croydon,BP915,0.6468938
Croydon,BP917,0.6059403
Croydon,BP918,0.57855177
Croydon,BP934,0.47200507
Croydon,HC47,0.6037287
Croydon,HC703,0.63545865
Croydon,HC704,0.67067146
Croydon,HC705,0.62448245
Croydon,HC706,0.6242885
Croydon,HC707,0.7104807
Croydon,HC708,0.7110154
Croydon,HC709,0.64347553
Croydon,HC713,0.5412555
Croydon,HC714,0.6774458
Croydon,HC718,0.66278744
Croydon,HC724,0.6428878
Croydon,HC725,0.71799976
Croydon,HC726,0.7176527
Croydon,HC727,0.6236687
Croydon,HC728,0.59770024
Croydon,OC1000,0.64407873
Croydon,OC607,0.6151127
Croydon,OC681,0.7108203
Croydon,OC682,0.7100984
Croydon,OC849,0.6032186
Croydon,OC850,0.7108819
Croydon,OC851,0.6388901
Croydon,OC853,0.63027894
Croydon,OC854,0.6190372
Croydon,OC856,0.650497
Croydon,OC857,0.6216108
Croydon,OC858,0.6208691
Croydon,OC859,0.6052228
Croydon,OC860,0.61462516
Croydon,OC861,0.530062
Croydon,OC863,0.57059234
Croydon,OC864,0.56321895
Croydon,OC865,0.5722274
Croydon,OC866,0.5736762
Croydon,OC867,0.4804331
Croydon,OC868,0.5227342
Croydon,OC869,0.5765266
Croydon,OC870,0.56516486
Croydon,OC871,0.6492598
Croydon,OC872,0.5881841
Croydon,OC873,0.5982239
Croydon,OC874,0.6444068
Croydon,OC875,0.6320654
Croydon,OC876,0.59793377
Croydon,OC877,0.6343004
Croydon,OC878,0.59848124
Croydon,OC879,0.6279792
Croydon,OC880,0.6468277
Croydon,OC881,0.6450636
Croydon,OC882,0.67246854
Croydon,OC883,0.63435924
Croydon,OC884,0.63517886
Croydon,OC885,0.69323385
Croydon,OC886,0.6723513
Croydon,OC972,0.63949203
Croydon,OC973,0.6207623
Croydon,R0409,0.6176003
Croydon,R0487,0.5360378
Croydon,R0505,0.5717962
Croydon,R0506,0.5309869
Croydon,R0522,0.60087055
Croydon,R0523,0.5379578
Croydon,R0525,0.5170382
Croydon,R0539,0.56440747
Croydon,R0541,0.5836643
Croydon,R0543,0.5370579
Croydon,R0666,0.56771904
Croydon,R0719,0.48916417
Croydon,R0721,0.61138695
Croydon,R0746,0.42454395
Croydon,SL01,0.49420744
Croydon,SL02,0.48334983
Croydon,SL24,0.5319286
Croydon,SL39,0.49372354
Croydon,W13,0.59885734
Croydon,W14,0.58295554
Croydon,W15,0.5420864
Croydon,W44,0.5556901
Croydon,W45,0.55176693
Croydon,W5,0.62299365
Croydon,W6,0.6456695
Croydon,W7,0.5828165
Croydon,10829,0.53715175
Croydon,15111,0.50302786
Croydon,16630,0.5194553
Croydon,17457,0.47830507
Croydon,33308,0.49458432
Croydon,34605,0.48964465
Croydon,BP2129,0.4683598
Croydon,BP2332,0.46277082
Croydon,BP2333,0.47180414
Croydon,BP2631,0.47251
Croydon,BP2632,0.47682947
Croydon,BP2633,0.4789304
Ealing,10014,0.5472149
Ealing,10015,0.53383595
Ealing,10580,0.51413745
Ealing,10856,0.5650069
Ealing,10901,0.5034444
Ealing,11345,0.47007453
Ealing,11346,0.48643237
Ealing,11349,0.50239587
Ealing,11465,0.35884434
Ealing,11466,0.3629089
Ealing,11491,0.5420191
Ealing,11495,0.5369178
Ealing,11497,0.55828714
Ealing,11501,0.49036923
Ealing,11502,0.42711887
Ealing,11503,0.38773388
Ealing,11506,0.5585687
Ealing,11507,0.5592933
Ealing,11510,0.529865
Ealing,11511,0.5948285
Ealing,11514,0.5846436
Ealing,11515,0.5885547
Ealing,11785,0.43751162
Ealing,1245,0.36110935
Ealing,13152,0.46808833
Ealing,1407,0.49116385
Ealing,14084,0.40955648
Ealing,14085,0.41138455
Ealing,14086,0.3851366
Ealing,14087,0.38608092
Ealing,14088,0.38293257
Ealing,14089,0.38221526
Ealing,14090,0.37806106
Ealing,14091,0.3779544
Ealing,14092,0.36273423
Ealing,14093,0.40703493
Ealing,14094,0.48476818
Ealing,14353,0.57235104
Ealing,14357,0.5832887
Ealing,14692,0.5956639
Ealing,14723,0.49393484
Ealing,14724,0.49114951
Ealing,14829,0.45831743
Ealing,14830,0.47214958
Ealing,14832,0.47188202
Ealing,14834,0.512493
Ealing,14835,0.51948786
Ealing,14837,0.4956376
Ealing,14889,0.49614206
Ealing,14890,0.4815778
Ealing,14892,0.54534847
Ealing,14893,0.56422305
Ealing,14908,0.50779766
Ealing,15280,0.5580924
Ealing,15281,0.553035
Ealing,15284,0.5452587
Ealing,15285,0.5727559
Ealing,15287,0.51379406
Ealing,15288,0.5877966
Ealing,15289,0.5855859
Ealing,15291,0.5810452
Ealing,15292,0.5512504
Ealing,15293,0.5757067
Ealing,15294,0.5063173
Ealing,15297,0.45264885
Ealing,15298,0.5072804
Ealing,15299,0.43470976
Ealing,15300,0.44080314
Ealing,15302,0.46749693
Ealing,15303,0.4170698
Ealing,15304,0.47014418
Ealing,15305,0.46339014
Ealing,15306,0.46993002
Ealing,15307,0.4616531
Ealing,15308,0.5014417
Ealing,15309,0.5020075
Ealing,15310,0.51863575
Ealing,15311,0.5336484
Ealing,15344,0.42268986
Ealing,15345,0.3632303
Ealing,15346,0.37492138
Ealing,15347,0.37375623
Ealing,15348,0.37619856
Ealing,15349,0.41216752
Ealing,15351,0.4223997
Ealing,15352,0.4315896
Ealing,15354,0.42003828
Ealing,15356,0.4325777
Ealing,15357,0.432604
Ealing,15358,0.45516837
Ealing,15359,0.46828288
Ealing,15361,0.5659409
Ealing,15364,0.6041076
Ealing,15365,0.46542913
Ealing,15366,0.46515065
Ealing,15367,0.5447682
Ealing,15369,0.5843768
Ealing,15370,0.58460456
Ealing,15371,0.5485366
Ealing,15372,0.55573744
Ealing,15373,0.5302951
Ealing,15374,0.5657702
Ealing,15375,0.48435253
Ealing,15376,0.4963623
Ealing,15678,0.51039493
Ealing,15679,0.4283739
Ealing,15681,0.4129577
Ealing,15683,0.47891214
Ealing,15684,0.48329931
Ealing,15685,0.51049525
Ealing,15686,0.5056884
Ealing,15687,0.46182436
Ealing,15688,0.5154139
Ealing,15689,0.52720803
Ealing,15690,0.48654404
Ealing,15691,0.49822778
Ealing,15692,0.4689752
Ealing,15693,0.4523748
Ealing,15694,0.40180218
Ealing,15696,0.43651047
Ealing,15697,0.43142837
Ealing,15698,0.45838252
Ealing,15699,0.47546747
Ealing,15701,0.47959942
Ealing,15785,0.5105703
Ealing,15786,0.5300458
Ealing,15787,0.40300333
Ealing,15788,0.40493447
Ealing,15789,0.45445085
Ealing,15790,0.41490018
Ealing,15791,0.41697302
Ealing,15792,0.43781412
Ealing,15793,0.4127061
Ealing,15794,0.39474642
Ealing,15795,0.43956262
Ealing,15796,0.45274764
Ealing,15797,0.41635367
Ealing,15798,0.44612235
Ealing,15799,0.45959908
Ealing,15800,0.4592335
Ealing,15801,0.41479293
Ealing,15802,0.41574574
Ealing,15952,0.52536714
Ealing,15953,0.5842824
Ealing,15954,0.46548972
Ealing,15956,0.46934733
Ealing,15957,0.5001057
Ealing,15958,0.5071225
Ealing,15959,0.5033326
Ealing,15960,0.4854164
Ealing,15961,0.46212563
Ealing,15965,0.47428766
Ealing,15968,0.50172675
Ealing,15969,0.51411474
Ealing,1597,0.49448168
Ealing,15970,0.5226268
Ealing,1598,0.45904508
Ealing,16140,0.48475164
Ealing,16141,0.47179046
Ealing,16142,0.50553346
Ealing,16143,0.5073456
Ealing,16144,0.50986683
Ealing,16145,0.4921672
Ealing,16146,0.46435478
Ealing,16147,0.50958323
Ealing,16148,0.49474657
Ealing,16149,0.52600515
Ealing,16150,0.5365071
Ealing,16151,0.46892014
Ealing,16264,0.5177825
Ealing,16265,0.44649288
Ealing,16266,0.450755
Ealing,16269,0.5586407
Ealing,16270,0.5233992
Ealing,16271,0.5301483
Ealing,16272,0.54025054
Ealing,16273,0.5831414
Ealing,16565,0.49929908
Ealing,16566,0.47705567
Ealing,17024,0.3778709
Ealing,17025,0.35616353
Ealing,17026,0.38677198
Ealing,17027,0.3876522
Ealing,17028,0.4406289
Ealing,17029,0.43971285
Ealing,17104,0.5899231
Ealing,17106,0.59221315
Ealing,17107,0.53776795
Ealing,17108,0.43935305
Ealing,17109,0.4385252
Ealing,17110,0.44882685
Ealing,17112,0.44606635
Ealing,17119,0.44180694
Ealing,17160,0.45737904
Ealing,17219,0.49251142
Ealing,17220,0.46721345
Ealing,17221,0.46663356
Ealing,17222,0.52044284
Ealing,17223,0.52322865
Ealing,17234,0.45646507
Ealing,17235,0.48279202
Ealing,17236,0.45073968
Ealing,17237,0.44253474
Ealing,17238,0.4354838
Ealing,17239,0.42309123
Ealing,17240,0.44820574
Ealing,17241,0.44160926
Ealing,17242,0.44305778
Ealing,17243,0.44455582
Ealing,17244,0.5223543
Ealing,17245,0.5482124
Ealing,17246,0.5417726
Ealing,17247,0.5167094
Ealing,17248,0.5421651
Ealing,17249,0.5421762
Ealing,17250,0.57146776
Ealing,17251,0.5433313
Ealing,17288,0.6453082
Ealing,17290,0.5101712
Ealing,17291,0.43672717
Ealing,17292,0.46134463
Ealing,17349,0.54493827
Ealing,17350,0.55371743
Ealing,18221,0.506044
Ealing,18273,0.51030856
Ealing,18274,0.5202927
Ealing,18463,0.44024315
Ealing,18464,0.42216557
Ealing,19033,0.47353393
Ealing,19280,0.44052368
Ealing,1935,0.5581361
Ealing,1936,0.53355044
Ealing,2028,0.43916598
Ealing,2029,0.4424465
Ealing,2030,0.44559616
Ealing,2031,0.40454805
Ealing,2032,0.42167473
Ealing,2036,0.49833685
Ealing,2037,0.49393436
Ealing,20379,0.5285043
Ealing,2038,0.46597797
Ealing,20380,0.5589715
Ealing,20381,0.54883623
Ealing,20382,0.5899506
Ealing,20383,0.602382
Ealing,20384,0.53457916
Ealing,20385,0.5417527
Ealing,20386,0.49425054
Ealing,20387,0.4835615
Ealing,20388,0.40968353
Ealing,20406,0.45076624
Ealing,20494,0.42312393
Ealing,20495,0.4913361
Ealing,20519,0.4441722
Ealing,20638,0.60099226
Ealing,20639,0.5979939
Ealing,20701,0.49777478
Ealing,20702,0.50207084
Ealing,20712,0.49990323
Ealing,20818,0.5062188
Ealing,20819,0.5136139
Ealing,20974,0.49801084
Ealing,2185,0.5548429
Ealing,2186,0.54948884
Ealing,25078,0.43395874
Ealing,25079,0.41388088
Ealing,25093,0.54275876
Ealing,25196,0.4651987
Ealing,25197,0.46512935
Ealing,25198,0.444111
Ealing,25199,0.44235444
Ealing,25200,0.49958313
Ealing,25201,0.4963623
Ealing,25202,0.5021118
Ealing,25203,0.47344443
Ealing,25204,0.48953164
Ealing,25205,0.50014913
Ealing,25206,0.5062712
Ealing,25265,0.5059986
Ealing,25678,0.50659215
Ealing,26504,0.46573934
Ealing,26518,0.49419206
Ealing,26519,0.49807185
Ealing,26520,0.51595986
Ealing,26521,0.52108896
Ealing,26522,0.5151944
Ealing,26523,0.5192121
Ealing,26825,0.57874286
Ealing,26968,0.47478136
Ealing,2717,0.54679495
Ealing,2718,0.53990865
Ealing,2721,0.49698353
Ealing,27521,0.5546649
Ealing,27522,0.5220881
Ealing,27523,0.54082453
Ealing,27524,0.5158442
Ealing,27525,0.51183856
Ealing,27527,0.5398731
Ealing,27648,0.5920555
Ealing,27650,0.5907419
Ealing,27652,0.5051932
Ealing,27852,0.52610433
Ealing,29289,0.56405455
Ealing,29290,0.5641291
Ealing,3033,0.38818702
Ealing,3034,0.39073092
Ealing,3035,0.5680136
Ealing,3036,0.54891294
Ealing,3037,0.43055147
Ealing,3039,0.52184874
Ealing,3040,0.50568897
Ealing,3041,0.5207511
Ealing,3042,0.48738804
Ealing,3043,0.45530093
Ealing,3044,0.48173347
Ealing,3049,0.5138524
Ealing,3050,0.5019455
Ealing,3051,0.48989126
Ealing,3052,0.5117486
Ealing,3053,0.48214746
Ealing,3058,0.43368977
Ealing,3063,0.410569
Ealing,3066,0.40324256
Ealing,3067,0.40198192
Ealing,3069,0.39807737
Ealing,3071,0.42414305
Ealing,3072,0.41351128
Ealing,3073,0.4300238
Ealing,3077,0.34989822
Ealing,3080,0.37224945
Ealing,3081,0.4634767
Ealing,3082,0.48108655
Ealing,3083,0.5156529
Ealing,3088,0.52083206
Ealing,3089,0.5092704
Ealing,3092,0.54867953
Ealing,3093,0.5186295
Ealing,3094,0.5244328
Ealing,3096,0.5199388
Ealing,3097,0.5429218
Ealing,3100,0.5460695
Ealing,3101,0.55112994
Ealing,3103,0.5289356
Ealing,3179,0.5207643
Ealing,33016,0.5124337
Ealing,33021,0.576471
Ealing,33022,0.5913733
Ealing,33023,0.58008635
Ealing,33301,0.56699634
Ealing,33463,0.48325872
Ealing,33464,0.48618317
Ealing,33465,0.4678389
Ealing,33466,0.4663925
Ealing,33634,0.52178097
Ealing,33635,0.5218006
Ealing,33852,0.44488922
Ealing,33855,0.41755673
Ealing,33856,0.42375037
Ealing,33859,0.4429919
Ealing,33860,0.50542265
Ealing,33861,0.43906265
Ealing,33862,0.423127
Ealing,33864,0.3918272
Ealing,33866,0.35838106
Ealing,33911,0.43883196
Ealing,34106,0.3702336
Ealing,34178,0.50031275
Ealing,34196,0.58851945
Ealing,34280,0.5359214
Ealing,34352,0.52366555
Ealing,34424,0.5136075
Ealing,34558,0.514998
Ealing,34596,0.45199794
Ealing,34598,0.44403398
Ealing,34599,0.46475786
Ealing,34600,0.5525686
Ealing,34601,0.5412524
Ealing,34861,0.48472235
Ealing,34862,0.47724825
Ealing,34931,0.46243358
Ealing,35150,0.49708185
Ealing,35151,0.50888103
Ealing,35152,0.47847906
Ealing,35153,0.46556303
Ealing,35155,0.48242432
Ealing,35290,0.47249317
Ealing,35291,0.46056816
Ealing,35292,0.4909875
Ealing,35293,0.51162446
Ealing,35592,0.49462566
Ealing,35628,0.43234378
Ealing,35630,0.48338383
Ealing,35631,0.48844227
Ealing,35786,0.54244167
Ealing,35791,0.5496704
Ealing,35798,0.51115143
Ealing,35800,0.4336135
Ealing,35811,0.4780615
Ealing,35812,0.48066422
Ealing,35813,0.48257905
Ealing,36586,0.4310807
Ealing,36994,0.51637554
Ealing,36995,0.52227706
Ealing,36996,0.58379453
Ealing,36997,0.5969372
Ealing,36998,0.5901555
Ealing,37000,0.5739685
Ealing,37003,0.55683345
Ealing,37004,0.5628625
Ealing,37005,0.5482561
Ealing,37090,0.5097346
Ealing,37091,0.49599302
Ealing,37104,0.5826936
Ealing,37105,0.54986274
Ealing,37106,0.5956569
Ealing,37107,0.52393335
Ealing,37108,0.50722146
Ealing,37157,0.6226434
Ealing,37158,0.52774197
Ealing,37161,0.5341469
Ealing,37195,0.53879845
Ealing,37248,0.5861819
Ealing,37249,0.5620395
Ealing,37250,0.5369759
Ealing,37251,0.58335704
Ealing,37261,0.4815156
Ealing,37262,0.5045249
Ealing,37263,0.4947026
Ealing,37264,0.5599276
Ealing,37429,0.47318172
Ealing,4575,0.5180977
Ealing,4576,0.52079433
Ealing,4578,0.5339386
Ealing,4637,0.34418774
Ealing,4639,0.529939
Ealing,6009,0.5974341
Ealing,6010,0.606289
Ealing,6012,0.58993906
Ealing,6013,0.5963712
Ealing,6014,0.5422761
Ealing,6015,0.52865654
Ealing,6016,0.58910954
Ealing,6017,0.5046786
Ealing,6018,0.4544036
Ealing,6019,0.45573354
Ealing,6119,0.56976616
Ealing,6120,0.5660128
Ealing,6121,0.55220145
Ealing,6125,0.50844514
Ealing,6136,0.5661686
Ealing,6137,0.49586332
Ealing,688,0.5429063
Ealing,6881,0.50635886
Ealing,6883,0.47743765
Ealing,6885,0.46162212
Ealing,6886,0.44819996
Ealing,6887,0.43270513
Ealing,6903,0.46885073
Ealing,6905,0.45598796
Ealing,6906,0.45463035
Ealing,6907,0.42189223
Ealing,6909,0.40909028
Ealing,6910,0.38474837
Ealing,733,0.42100328
Ealing,7699,0.48846063
Ealing,7700,0.52677995
Ealing,7810,0.58825064
Ealing,7873,0.5357172
Ealing,8411,0.54579884
Ealing,8412,0.52787876
Ealing,851,0.39498368
Ealing,8748,0.49174556
Ealing,8749,0.46770996
Ealing,8750,0.4651397
Ealing,BP015,0.54977834
Ealing,BP016,0.5682033
Ealing,BP017,0.55500275
Ealing,BP018,0.55288833
Ealing,BP019,0.5470103
Ealing,BP020,0.54527056
Ealing,BP021,0.5494512
Ealing,BP022,0.5313871
Ealing,BP023,0.49547958
Ealing,BP024,0.50506926
Ealing,BP025,0.4975302
Ealing,BP026,0.49758816
Ealing,BP028,0.5481276
Ealing,BP029,0.5673479
Ealing,BP031,0.5628086
Ealing,BP044,0.48898464
Ealing,BP045,0.44978157
Ealing,BP049,0.47827756
Ealing,BP095,0.40535364
Ealing,BP1008,0.43747503
Ealing,BP1082,0.4875856
Ealing,BP1361,0.4436204
Ealing,BP1563,0.53215003
Ealing,BP1564,0.5671393
Ealing,BP1565,0.5324927
Ealing,BP1624,0.5174436
Ealing,BP1635,0.5229497
Ealing,BP1808,0.5179061
Ealing,BP1888,0.506676
Ealing,BP1892,0.5069485
Ealing,BP2059,0.50718033
Ealing,BP2060,0.48451227
Ealing,BP2061,0.4382064
Ealing,BP2062,0.46476692
Ealing,BP2063,0.47687727
Ealing,BP2064,0.47697484
Ealing,BP2065,0.5024374
Ealing,BP2374,0.5394284
Ealing,BP2420,0.5349943
Ealing,BP2422,0.5676949
Ealing,BP2511,0.6117108
Ealing,BP2512,0.53390276
Ealing,BP2545,0.45680818
Ealing,BP2547,0.638049
Ealing,BP2548,0.6112227
Ealing,BP2638,0.5543719
Ealing,BP2640,0.58671445
Ealing,BP2641,0.6066353
Ealing,BP2642,0.5603832
Ealing,BP2643,0.5494344
Ealing,BP2644,0.57117087
Ealing,BP2645,0.5343927
Ealing,BP2646,0.57232773
Ealing,BP2647,0.5310969
Ealing,BP2648,0.50777125
Ealing,BP2658,0.57034427
Ealing,BP2663,0.540807
Ealing,BP3111,0.48652717
Ealing,BP3170,0.4326678
Ealing,BP3171,0.43792847
Ealing,BP3172,0.41340607
Ealing,BP3173,0.46208316
Ealing,BP3174,0.45583007
Ealing,BP3175,0.4219722
Ealing,BP3176,0.43362322
Ealing,BP3177,0.41128257
Ealing,BP3178,0.39981592
Ealing,BP3179,0.45788455
Ealing,BP3180,0.4214853
Ealing,BP3181,0.42977884
Ealing,BP3182,0.42584223
Ealing,BP3183,0.40218535
Ealing,BP3228,0.43516284
Ealing,BP3360,0.46301624
Ealing,BP3361,0.42503247
Ealing,BP3362,0.42297173
Ealing,BP3363,0.48562565
Ealing,BP3364,0.5343335
Ealing,BP3365,0.54040056
Ealing,BP3366,0.48551798
Ealing,BP3367,0.41918644
Ealing,BP3368,0.40041256
Ealing,BP3369,0.41261908
Ealing,BP3370,0.44102427
Ealing,BP3372,0.5627546
Ealing,BP3373,0.5606197
Ealing,BP3374,0.58309156
Ealing,BP3375,0.5958957
Ealing,BP3376,0.6123323
Ealing,BP3377,0.60789925
Ealing,BP3378,0.6039085
Ealing,BP3379,0.6157925
Ealing,BP3380,0.57836986
Ealing,BP3381,0.5848369
Ealing,BP3382,0.56689906
Ealing,BP3466,0.5522151
Ealing,BP3467,0.55220115
Ealing,BP3542,0.44254884
Ealing,BP3543,0.44167128
Ealing,BP3766,0.5469312
Ealing,BP3892,0.51957786
Ealing,BP4201,0.5701665
Ealing,BP4277,0.4695237
Ealing,BP4374,0.50863695
Ealing,BP4375,0.50070655
Ealing,BP4527,0.4574875
Ealing,BP4852,0.43154827
Ealing,BP4879,0.5999138
Ealing,BP5047,0.58482915
Ealing,BP506,0.4791622
Ealing,BP5175,0.48240423
Ealing,BP5285,0.6042921
Ealing,BP5287,0.5696468
Ealing,BP5427,0.44235444
Ealing,BP5428,0.4335307
Ealing,BP5429,0.38440135
Ealing,BP5430,0.41012776
Ealing,BP5431,0.44209886
Ealing,BP5443,0.4354972
Ealing,BP5562,0.5642727
Ealing,BP5659,0.4589943
Ealing,BP5660,0.44869775
Ealing,BP5713,0.520081
Ealing,BP5970,0.48564988
Ealing,BP602,0.52336115
Ealing,BP604,0.5646676
Ealing,BP605,0.6126371
Ealing,BP606,0.61340296
Ealing,BP607,0.5876324
Ealing,BP612,0.5865828
Ealing,BP613,0.59427875
Ealing,BP6168,0.5801397
Ealing,BP6169,0.6084643
Ealing,BP6170,0.59441
Ealing,BP6171,0.5549473
Ealing,BP6172,0.55587393
Ealing,BP6173,0.53520817
Ealing,BP6174,0.52716684
Ealing,BP6175,0.51561403
Ealing,BP6176,0.5185565
Ealing,BP6279,0.45320436
Ealing,BP6314,0.58770233
Ealing,BP6315,0.5874667
Ealing,BP6386,0.48978984
Ealing,BP6387,0.5118086
Ealing,BP6388,0.51894933
Ealing,BP6561,0.44485503
Ealing,BP6562,0.4428522
Ealing,BP751,0.57773507
Ealing,BP752,0.556612
Ealing,C25,0.47326654
Ealing,C30,0.47372282
Ealing,C93,0.47612908
Ealing,C95,0.52473265
Ealing,C96,0.5235629
Ealing,C98,0.45440578
Ealing,CW1,0.6077533
Ealing,CW2,0.59819293
Ealing,CW26,0.45342052
Ealing,CW27,0.49427617
Ealing,CW3,0.60814875
Ealing,CW34,0.5863812
Ealing,CW39,0.5058444
Ealing,CW4,0.59920436
Ealing,CW53,0.5548957
Ealing,CW54,0.46018574
Ealing,CW55,0.4927097
Ealing,CW56,0.5610138
Ealing,CW57,0.46314427
Ealing,CW58,0.52571106
Ealing,CW63,0.5283247
Ealing,CW64,0.5380886
Ealing,HC125,0.5432954
Ealing,HC126,0.55758893
Ealing,HC51,0.562243
Ealing,HC52,0.57278204
Ealing,R0103,0.4780521
Ealing,R0107,0.5182638
Ealing,R0123,0.49296835
Ealing,R0210,0.5055554
Ealing,R0222,0.5740746
Ealing,R0256,0.5591304
Ealing,R0259,0.47803053
Ealing,R0458,0.3930547
Ealing,R0546,0.57508135
Ealing,R0579,0.44227374
Ealing,R0742,0.4921061
Ealing,11490,0.5124747
Ealing,11500,0.5403429
Ealing,15803,0.4827339
Ealing,19032,0.45719
Ealing,25092,0.55069095
Ealing,2943,0.557692
Ealing,3062,0.39750728
Ealing,3064,0.4086898
Ealing,3227,0.45265076
Ealing,33854,0.42340842
Ealing,33863,0.39459214
Ealing,734,0.41702798
Ealing,737,0.45101702
Ealing,738,0.40838572
Ealing,BP046,0.47022733
Ealing,BP047,0.49196556
Ealing,BP2560,0.43709907
Ealing,BP4276,0.4454243
Ealing,BP5620,0.40011096
Ealing,CW25,0.44643784
Ealing,R0253,0.5117893
Ealing,R0254,0.5247198
Enfield,10833,0.4209418
Enfield,10834,0.37516704
Enfield,10835,0.44236162
Enfield,10836,0.43269962
Enfield,10871,0.54390496
Enfield,10872,0.5406918
Enfield,10875,0.55622303
Enfield,10878,0.5458701
Enfield,10879,0.54741806
Enfield,10880,0.53898567
Enfield,10881,0.5135879
Enfield,10885,0.551245
Enfield,10888,0.5804264
Enfield,10889,0.5550386
Enfield,10890,0.5777165
Enfield,10893,0.62106067
Enfield,10900,0.6033787
Enfield,10906,0.47250733
Enfield,10910,0.5474274
Enfield,10911,0.57653916
Enfield,10913,0.495212
Enfield,10914,0.532676
Enfield,10919,0.5051432
Enfield,10920,0.4967378
Enfield,10921,0.5099973
Enfield,10922,0.52236676
Enfield,10925,0.546069
Enfield,10926,0.55461735
Enfield,10927,0.54547423
Enfield,10928,0.5689843
Enfield,12243,0.5022867
Enfield,12244,0.5446918
Enfield,12245,0.6294813
Enfield,12250,0.6253124
Enfield,12251,0.63074344
Enfield,12254,0.6449951
Enfield,12255,0.58754575
Enfield,12256,0.59771717
Enfield,12257,0.5204892
Enfield,12258,0.5439003
Enfield,12260,0.4813197
Enfield,12261,0.43112937
Enfield,12264,0.43178916
Enfield,12265,0.4374977
Enfield,12272,0.45823333
Enfield,12273,0.46167353
Enfield,12276,0.48192155
Enfield,12280,0.48853716
Enfield,12281,0.49387342
Enfield,12282,0.47813877
Enfield,12284,0.497257
Enfield,12289,0.46136343
Enfield,12290,0.46675402
Enfield,12293,0.46637547
Enfield,12294,0.4744898
Enfield,12298,0.46861207
Enfield,12307,0.42383155
Enfield,12308,0.42454988
Enfield,12311,0.41704333
Enfield,12312,0.42110658
Enfield,12313,0.43250513
Enfield,12314,0.4003368
Enfield,12318,0.47377098
Enfield,12319,0.44620788
Enfield,12323,0.48089588
Enfield,12887,0.40756786
Enfield,12934,0.4476522
Enfield,12935,0.4220967
Enfield,12936,0.49811208
Enfield,12937,0.47133452
Enfield,1336,0.49368492
Enfield,13521,0.40444577
Enfield,13522,0.46474695
Enfield,13523,0.4756138
Enfield,13525,0.44182035
Enfield,14109,0.45641738
Enfield,14110,0.48408604
Enfield,14126,0.50346625
Enfield,14127,0.47866046
Enfield,14128,0.43636775
Enfield,14129,0.40083253
Enfield,14816,0.4423224
Enfield,14817,0.4041932
Enfield,14997,0.5495373
Enfield,15423,0.44977444
Enfield,15425,0.41558877
Enfield,15426,0.45090762
Enfield,15427,0.4842293
Enfield,15861,0.5150686
Enfield,15862,0.44059
Enfield,15863,0.52184415
Enfield,15864,0.46847266
Enfield,15865,0.5089933
Enfield,15866,0.5102112
Enfield,15867,0.53083897
Enfield,15868,0.45369238
Enfield,15869,0.4566218
Enfield,15870,0.37232476
Enfield,15871,0.36003435
Enfield,15872,0.45688885
Enfield,15873,0.51185775
Enfield,15874,0.6159393
Enfield,15876,0.6078785
Enfield,15877,0.6071096
Enfield,15879,0.62266976
Enfield,15880,0.6046686
Enfield,15881,0.61044776
Enfield,15882,0.5612036
Enfield,15883,0.5671368
Enfield,15884,0.57483023
Enfield,15885,0.6208511
Enfield,15886,0.65892273
Enfield,15887,0.6399153
Enfield,16011,0.43553075
Enfield,16012,0.4565701
Enfield,16013,0.44181287
Enfield,16014,0.44656408
Enfield,16015,0.5248456
Enfield,16016,0.5347072
Enfield,1605,0.5127985
Enfield,1606,0.5523011
Enfield,16518,0.5017754
Enfield,16608,0.41849372
Enfield,16770,0.51603967
Enfield,16771,0.48921177
Enfield,16772,0.4927475
Enfield,16773,0.4934928
Enfield,16774,0.48584458
Enfield,16775,0.43936127
Enfield,16776,0.5373023
Enfield,16777,0.54087937
Enfield,16783,0.6035131
Enfield,16784,0.5318855
Enfield,16785,0.51039916
Enfield,16786,0.46428508
Enfield,16787,0.44177875
Enfield,16788,0.43825
Enfield,16789,0.43729722
Enfield,16790,0.4687932
Enfield,16791,0.57411516
Enfield,16792,0.476222
Enfield,16793,0.44463912
Enfield,16794,0.4156921
Enfield,16795,0.41674936
Enfield,16796,0.41704398
Enfield,16797,0.4330653
Enfield,16798,0.471847
Enfield,16799,0.44980565
Enfield,16800,0.51919276
Enfield,16801,0.51730335
Enfield,16915,0.6290373
Enfield,16916,0.58180994
Enfield,16917,0.5823585
Enfield,16919,0.5798319
Enfield,16920,0.55622095
Enfield,16921,0.5868484
Enfield,16922,0.5975483
Enfield,16923,0.6047423
Enfield,16924,0.58783257
Enfield,1695,0.5198281
Enfield,1696,0.51366085
Enfield,1697,0.46800727
Enfield,1698,0.44786227
Enfield,1754,0.5309759
Enfield,17762,0.5934174
Enfield,17763,0.53071505
Enfield,17764,0.60955024
Enfield,17765,0.58839345
Enfield,17766,0.6670768
Enfield,17767,0.63409704
Enfield,17769,0.6290448
Enfield,17776,0.53033257
Enfield,17778,0.5450761
Enfield,17779,0.53833866
Enfield,17780,0.5481979
Enfield,17781,0.5286823
Enfield,17782,0.53517616
Enfield,17783,0.5154235
Enfield,17784,0.49642268
Enfield,17785,0.50502706
Enfield,17786,0.58506244
Enfield,18057,0.51885664
Enfield,18123,0.6183397
Enfield,18868,0.5348083
Enfield,18869,0.5445528
Enfield,18870,0.4811636
Enfield,18871,0.51340795
Enfield,18872,0.59279656
Enfield,18873,0.58536166
Enfield,18875,0.5765213
Enfield,18876,0.59461576
Enfield,18878,0.623737
Enfield,18879,0.62477714
Enfield,18880,0.606543
Enfield,18881,0.6257711
Enfield,18882,0.6181386
Enfield,18883,0.56121737
Enfield,18884,0.61075234
Enfield,18911,0.48341367
Enfield,19026,0.6060168
Enfield,19027,0.6154108
Enfield,19263,0.67131346
Enfield,19278,0.60106695
Enfield,19279,0.60918456
Enfield,19617,0.629779
Enfield,19618,0.6243672
Enfield,20108,0.6016182
Enfield,20242,0.5327509
Enfield,20243,0.4660166
Enfield,20244,0.4697421
Enfield,20250,0.5371606
Enfield,20254,0.55108494
Enfield,20255,0.53656495
Enfield,20256,0.5299285
Enfield,20257,0.56174713
Enfield,20258,0.5519449
Enfield,20268,0.5276286
Enfield,20269,0.5111302
Enfield,20272,0.515757
Enfield,20273,0.5294166
Enfield,20274,0.5342779
Enfield,20275,0.5294337
Enfield,20276,0.56461626
Enfield,20277,0.60759777
Enfield,20278,0.5465588
Enfield,20279,0.55964154
Enfield,20298,0.65388435
Enfield,20299,0.61505616
Enfield,20300,0.60437125
Enfield,20301,0.5663134
Enfield,20302,0.5879314
Enfield,20303,0.54650474
Enfield,20414,0.5270734
Enfield,20594,0.46468526
Enfield,20595,0.45195806
Enfield,20761,0.6809186
Enfield,20882,0.6030589
Enfield,20919,0.36824417
Enfield,22191,0.6004431
Enfield,23415,0.56792635
Enfield,24851,0.54231364
Enfield,2508,0.4127829
Enfield,2509,0.49409312
Enfield,25155,0.51514655
Enfield,25160,0.47799814
Enfield,25195,0.5682913
Enfield,25369,0.5011584
Enfield,25370,0.49462694
Enfield,25693,0.5059949
Enfield,26230,0.5469706
Enfield,26238,0.47734734
Enfield,26239,0.50681883
Enfield,26975,0.55099887
Enfield,27566,0.6217747
Enfield,27647,0.52376735
Enfield,27740,0.43287787
Enfield,27741,0.43060115
Enfield,27743,0.5158434
Enfield,27744,0.51588076
Enfield,27745,0.47922876
Enfield,27746,0.5085364
Enfield,27893,0.56248325
Enfield,27894,0.52209467
Enfield,27895,0.59664065
Enfield,27896,0.6002621
Enfield,27897,0.6079282
Enfield,27898,0.608141
Enfield,2790,0.5521839
Enfield,27946,0.50891453
Enfield,27960,0.41892815
Enfield,28562,0.48295513
Enfield,28655,0.45811525
Enfield,29700,0.5352588
Enfield,29702,0.5031755
Enfield,29703,0.47039253
Enfield,30877,0.5475635
Enfield,31461,0.6007475
Enfield,3170,0.48054016
Enfield,3171,0.41309595
Enfield,3173,0.4611664
Enfield,3174,0.45075804
Enfield,3176,0.49820262
Enfield,32250,0.5056768
Enfield,3293,0.49084547
Enfield,33357,0.62508804
Enfield,33394,0.55852616
Enfield,33492,0.53672606
Enfield,33493,0.5013902
Enfield,33495,0.5303893
Enfield,33496,0.49632716
Enfield,33497,0.470461
Enfield,33498,0.44295713
Enfield,33896,0.61156845
Enfield,33940,0.6141372
Enfield,33941,0.59068555
Enfield,33942,0.5771444
Enfield,33968,0.5290788
Enfield,33978,0.5230343
Enfield,33979,0.5194002
Enfield,34148,0.42686605
Enfield,34329,0.5167149
Enfield,34330,0.41977033
Enfield,34341,0.6269932
Enfield,34342,0.62607825
Enfield,34363,0.6153794
Enfield,34364,0.5560049
Enfield,34365,0.60956687
Enfield,34652,0.48078766
Enfield,34653,0.4860315
Enfield,34654,0.4750071
Enfield,3484,0.6123868
Enfield,3487,0.47474524
Enfield,3488,0.49416935
Enfield,3489,0.5850803
Enfield,3490,0.5241832
Enfield,3491,0.42168963
Enfield,3492,0.39260578
Enfield,34927,0.5159438
Enfield,3493,0.5740032
Enfield,3494,0.62757546
Enfield,3495,0.53084934
Enfield,3496,0.5395989
Enfield,3510,0.64850324
Enfield,3511,0.6050348
Enfield,3512,0.5379526
Enfield,3525,0.53934497
Enfield,3534,0.58048934
Enfield,35472,0.49014127
Enfield,35678,0.5557493
Enfield,35731,0.5519078
Enfield,35850,0.53679
Enfield,35851,0.53184706
Enfield,35852,0.51178086
Enfield,35853,0.49255055
Enfield,35854,0.511571
Enfield,35856,0.53015214
Enfield,35857,0.604213
Enfield,35858,0.48869875
Enfield,35859,0.52223736
Enfield,35860,0.52067715
Enfield,35861,0.54803455
Enfield,35862,0.54543406
Enfield,35863,0.5428034
Enfield,35864,0.5414235
Enfield,35865,0.6084639
Enfield,35866,0.61718684
Enfield,35867,0.5295089
Enfield,35868,0.61793375
Enfield,36680,0.6088939
Enfield,36805,0.48849598
Enfield,3805,0.5312753
Enfield,4004,0.39384994
Enfield,4005,0.39537227
Enfield,4538,0.4758699
Enfield,4539,0.49911976
Enfield,4541,0.37734523
Enfield,4945,0.55984336
Enfield,4946,0.57795405
Enfield,5534,0.49103385
Enfield,5535,0.45471495
Enfield,5536,0.5030975
Enfield,5537,0.4464654
Enfield,5538,0.42390162
Enfield,5539,0.46829167
Enfield,5540,0.44857246
Enfield,5541,0.5842679
Enfield,5542,0.54397726
Enfield,5543,0.5604234
Enfield,5544,0.55534613
Enfield,5545,0.559467
Enfield,5546,0.5486626
Enfield,5974,0.5523681
Enfield,5975,0.575614
Enfield,5976,0.6154592
Enfield,5977,0.6154636
Enfield,5978,0.59816486
Enfield,5979,0.62849724
Enfield,5980,0.66201353
Enfield,5981,0.6666034
Enfield,5982,0.5593738
Enfield,5983,0.56374735
Enfield,5984,0.5990873
Enfield,5985,0.60372615
Enfield,5986,0.59695405
Enfield,5987,0.61196077
Enfield,70116,0.45401996
Enfield,70336,0.5925889
Enfield,70337,0.61467785
Enfield,70343,0.5474744
Enfield,70347,0.54495585
Enfield,70358,0.5815708
Enfield,70359,0.59524643
Enfield,70360,0.592629
Enfield,70362,0.60947955
Enfield,7562,0.49674156
Enfield,761,0.5219054
Enfield,922,0.45135778
Enfield,923,0.48299518
Enfield,9359,0.4633994
Enfield,9360,0.47107688
Enfield,972,0.56200355
Enfield,9954,0.4850353
Enfield,9955,0.4940177
Enfield,9956,0.4707879
Enfield,9957,0.46715948
Enfield,9960,0.47473046
Enfield,9961,0.48547906
Enfield,9962,0.4748708
Enfield,9963,0.4737514
Enfield,9965,0.47501698
Enfield,9969,0.50340176
Enfield,BP061,0.50351644
Enfield,BP113,0.45466623
Enfield,BP1189,0.56504315
Enfield,BP1190,0.49674028
Enfield,BP1198,0.4695156
Enfield,BP1317,0.57481104
Enfield,BP1525,0.5443538
Enfield,BP1577,0.4524839
Enfield,BP1578,0.45099723
Enfield,BP1997,0.6125309
Enfield,BP2308,0.71694386
Enfield,BP2382,0.4561162
Enfield,BP250,0.75410604
Enfield,BP2651,0.55742836
Enfield,BP2652,0.5815363
Enfield,BP2653,0.5987708
Enfield,BP2654,0.5890602
Enfield,BP2655,0.57088333
Enfield,BP2656,0.60430324
Enfield,BP2659,0.4485096
Enfield,BP2679,0.45304352
Enfield,BP2680,0.51233494
Enfield,BP2715,0.52415586
Enfield,BP2719,0.52860934
Enfield,BP2947,0.49421054
Enfield,BP2948,0.5288496
Enfield,BP3211,0.57257736
Enfield,BP3212,0.57259303
Enfield,BP3445,0.424599
Enfield,BP3459,0.46307975
Enfield,BP3489,0.44798085
Enfield,BP3515,0.47144714
Enfield,BP3516,0.5159374
Enfield,BP3517,0.48706266
Enfield,BP3518,0.47985488
Enfield,BP3519,0.4589601
Enfield,BP3521,0.51847935
Enfield,BP3523,0.48440713
Enfield,BP3524,0.43596554
Enfield,BP3525,0.45771065
Enfield,BP3526,0.5483411
Enfield,BP3527,0.54112905
Enfield,BP3563,0.47714588
Enfield,BP3608,0.51791555
Enfield,BP3609,0.51448256
Enfield,BP3610,0.5701197
Enfield,BP3611,0.56315184
Enfield,BP3612,0.581157
Enfield,BP3615,0.5658419
Enfield,BP3616,0.57747185
Enfield,BP3617,0.5498079
Enfield,BP3618,0.5401918
Enfield,BP4234,0.42845017
Enfield,BP4257,0.57777756
Enfield,BP4303,0.56475097
Enfield,BP4304,0.55940604
Enfield,BP4305,0.553814
Enfield,BP4349,0.53127676
Enfield,BP4350,0.5415318
Enfield,BP4389,0.40979046
Enfield,BP4438,0.40294337
Enfield,BP4465,0.5026829
Enfield,BP4496,0.5598896
Enfield,BP4514,0.47964394
Enfield,BP4521,0.5775603
Enfield,BP4847,0.45158982
Enfield,BP4848,0.42976725
Enfield,BP4890,0.39177617
Enfield,BP4951,0.44150588
Enfield,BP4952,0.4439271
Enfield,BP4953,0.4884521
Enfield,BP4955,0.46347636
Enfield,BP4956,0.5409287
Enfield,BP4957,0.42281342
Enfield,BP4975,0.5193777
Enfield,BP4976,0.57072014
Enfield,BP5100,0.48893243
Enfield,BP5101,0.50230634
Enfield,BP5102,0.47014177
Enfield,BP5103,0.5421952
Enfield,BP5104,0.48422262
Enfield,BP5105,0.6102455
Enfield,BP5147,0.5172668
Enfield,BP5148,0.5157046
Enfield,BP5223,0.53326994
Enfield,BP5344,0.6128697
Enfield,BP5587,0.5895757
Enfield,BP5649,0.56196123
Enfield,BP5657,0.5116358
Enfield,BP5686,0.48193854
Enfield,BP5692,0.5131022
Enfield,BP5693,0.5085476
Enfield,BP6012,0.39442897
Enfield,BP6235,0.554664
Enfield,BP6236,0.5376578
Enfield,BP6237,0.53287935
Enfield,BP6238,0.5435398
Enfield,BP6239,0.5074851
Enfield,BP6240,0.51479894
Enfield,BP6241,0.5074663
Enfield,BP6358,0.57261163
Enfield,BP6359,0.576441
Enfield,BP6414,0.57534885
Enfield,BP6445,0.5379185
Enfield,BP6446,0.5769871
Enfield,BP6447,0.68411094
Enfield,BP6448,0.64962494
Enfield,BP6449,0.63475305
Enfield,BP6450,0.63702565
Enfield,BP6453,0.6286241
Enfield,BP6454,0.6275148
Enfield,BP6455,0.5647054
Enfield,BP6456,0.5892952
Enfield,BP6457,0.5823271
Enfield,BP6458,0.5996473
Enfield,BP6459,0.5075827
Enfield,BP6460,0.44521663
Enfield,BP6461,0.46258527
Enfield,BP6462,0.50804955
Enfield,BP6463,0.5341323
Enfield,BP6466,0.5580415
Enfield,BP6467,0.5495523
Enfield,BP6468,0.64168024
Enfield,BP6469,0.6046654
Enfield,BP6470,0.64846885
Enfield,BP6471,0.639914
Enfield,BP6472,0.61257094
Enfield,BP6473,0.59827787
Enfield,BP6474,0.60202307
Enfield,BP6475,0.6207395
Enfield,BP6476,0.6276837
Enfield,BP750,0.5517126
Enfield,BP850,0.5832683
Enfield,BP920,0.5854743
Enfield,BP958,0.45453772
Enfield,HC107,0.55225927
Enfield,HC108,0.5910523
Enfield,HC109,0.6078358
Enfield,HC110,0.53900987
Enfield,HC111,0.46233264
Enfield,HC112,0.53328216
Enfield,HC113,0.5516021
Enfield,HC114,0.5966882
Enfield,HC115,0.55561227
Enfield,HC116,0.5640042
Enfield,HC117,0.55509216
Enfield,HC118,0.6091866
Enfield,HC131,0.5390913
Enfield,HC15,0.6118451
Enfield,HC16,0.55524033
Enfield,HC17,0.58965445
Enfield,HC172,0.5538158
Enfield,HC182,0.45908874
Enfield,HC183,0.49504063
Enfield,HC184,0.5509169
Enfield,HC185,0.542435
Enfield,HC186,0.5262457
Enfield,HC187,0.3880254
Enfield,HC188,0.4606244
Enfield,HC189,0.5391354
Enfield,HC19,0.54117805
Enfield,HC195,0.5380284
Enfield,HC196,0.5392001
Enfield,HC197,0.57508147
Enfield,HC20,0.54230607
Enfield,HC21,0.6310478
Enfield,HC22,0.65956545
Enfield,HC364,0.7661779
Enfield,HC366,0.7364552
Enfield,HC367,0.7549658
Enfield,HC368,0.7503895
Enfield,HC369,0.7794472
Enfield,HC370,0.7428125
Enfield,HC371,0.74016786
Enfield,HC372,0.74593604
Enfield,HC373,0.67680997
Enfield,HC374,0.6527405
Enfield,HC375,0.75720227
Enfield,HC376,0.757198
Enfield,HC386,0.5666308
Enfield,HC387,0.5912133
Enfield,HC388,0.5686048
Enfield,HC389,0.58203304
Enfield,HC390,0.5924855
Enfield,HC391,0.5699815
Enfield,HC392,0.56453055
Enfield,HC393,0.56388175
Enfield,HC394,0.55631256
Enfield,HC395,0.5337369
Enfield,HC396,0.5410497
Enfield,HC397,0.6133509
Enfield,HC398,0.5087763
Enfield,HC399,0.58440876
Enfield,HC400,0.5337895
Enfield,HC401,0.5561009
Enfield,HC402,0.54827243
Enfield,HC403,0.5192651
Enfield,HC404,0.518937
Enfield,HC405,0.50331295
Enfield,HC406,0.5368452
Enfield,HC407,0.48995548
Enfield,HC408,0.51811266
Enfield,HC409,0.4960258
Enfield,HC410,0.5420689
Enfield,HC411,0.4871199
Enfield,HC412,0.5046137
Enfield,HC413,0.43418127
Enfield,HC414,0.5467878
Enfield,HC415,0.3868148
Enfield,HC416,0.48080528
Enfield,HC417,0.48498556
Enfield,HC418,0.43136135
Enfield,HC555,0.60362154
Enfield,HC557,0.57600194
Enfield,HC558,0.5561374
Enfield,HC559,0.5856636
Enfield,HC560,0.54757386
Enfield,HC561,0.61651176
Enfield,HC562,0.58316797
Enfield,HC563,0.58467364
Enfield,HC564,0.57106733
Enfield,HC565,0.5828403
Enfield,HC566,0.5587469
Enfield,HC567,0.58721226
Enfield,HC568,0.58152884
Enfield,HC569,0.5906875
Enfield,HC570,0.58727884
Enfield,HC571,0.58583176
Enfield,HC572,0.6166932
Enfield,HC573,0.5912421
Enfield,HC574,0.5927445
Enfield,HC575,0.62611634
Enfield,HC576,0.59211206
Enfield,HC577,0.61027265
Enfield,HC578,0.61389923
Enfield,HC579,0.57825637
Enfield,HC580,0.5601436
Enfield,HC581,0.5952444
Enfield,HC582,0.59257156
Enfield,HC583,0.5962911
Enfield,HC584,0.5900036
Enfield,HC585,0.6366456
Enfield,HC586,0.62699693
Enfield,HC587,0.5836105
Enfield,HC91,0.600733
Enfield,OC431,0.6177218
Enfield,OC460,0.6036955
Enfield,OC589,0.6143119
Enfield,OC599,0.5769356
Enfield,OC619,0.6445055
Enfield,OC625,0.6307703
Enfield,OC635,0.65758234
Enfield,OC701,0.60092115
Enfield,OC702,0.599383
Enfield,OC705,0.5471783
Enfield,OC706,0.5299683
Enfield,OC707,0.7024654
Enfield,OC802,0.7701965
Enfield,OC823,0.6553099
Enfield,OC824,0.6532673
Enfield,OC825,0.62905824
Enfield,OC826,0.614627
Enfield,OC827,0.6097347
Enfield,OC828,0.6075765
Enfield,OC829,0.6381541
Enfield,OC830,0.6371705
Enfield,OC985,0.63219863
Enfield,R0321,0.53983706
Enfield,R0323,0.46983752
Enfield,R0336,0.5069012
Enfield,R0419,0.6176773
Enfield,R0433,0.61103565
Enfield,R0436,0.5781881
Enfield,R0723,0.5391931
Enfield,R0732,0.6604112
Enfield,17772,0.50490844
Enfield,17775,0.49593443
Enfield,19261,0.49799877
Enfield,19262,0.49224997
Enfield,20251,0.47726992
Enfield,27769,0.5066517
Enfield,27851,0.56191796
Enfield,33173,0.55311257
Enfield,33174,0.562093
Enfield,35836,0.49655575
Enfield,70344,0.5883773
Enfield,70345,0.577246
Enfield,70346,0.5858094
Enfield,70349,0.5837363
Enfield,70355,0.5272163
Enfield,70361,0.52157384
Enfield,994,0.5082661
Enfield,995,0.5403586
Enfield,BP3613,0.5725945
Enfield,BP3614,0.55880564
Enfield,BP5727,0.589061
Greenwich,10439,0.5512881
Greenwich,12225,0.38076177
Greenwich,12226,0.38625643
Greenwich,12924,0.6952877
Greenwich,12925,0.7166898
Greenwich,12927,0.7670694
Greenwich,13532,0.5965326
Greenwich,13533,0.5747058
Greenwich,13535,0.5984834
Greenwich,13536,0.6887191
Greenwich,13821,0.7207437
Greenwich,13823,0.7550735
Greenwich,13826,0.7833137
Greenwich,13827,0.7815241
Greenwich,13828,0.7527043
Greenwich,13848,0.6259413
Greenwich,13851,0.62535256
Greenwich,14387,0.62333506
Greenwich,14709,0.6097999
Greenwich,1539,0.44887018
Greenwich,16665,0.49041986
Greenwich,16666,0.66747004
Greenwich,16667,0.71797985
Greenwich,16668,0.5442297
Greenwich,16669,0.5885657
Greenwich,16670,0.45330438
Greenwich,16671,0.43168902
Greenwich,16672,0.44064388
Greenwich,16674,0.6897224
Greenwich,1680,0.60857046
Greenwich,17489,0.4406139
Greenwich,17490,0.3862768
Greenwich,17491,0.39916354
Greenwich,17492,0.4160137
Greenwich,17493,0.4154519
Greenwich,17495,0.3936007
Greenwich,17496,0.4116852
Greenwich,17497,0.502668
Greenwich,17498,0.41431117
Greenwich,17499,0.51721746
Greenwich,17500,0.5132016
Greenwich,17501,0.6376862
Greenwich,17502,0.6348923
Greenwich,17504,0.54033065
Greenwich,17506,0.47134414
Greenwich,17507,0.4394125
Greenwich,17508,0.41774854
Greenwich,17509,0.403
Greenwich,17511,0.417865
Greenwich,17512,0.37181497
Greenwich,17513,0.34734383
Greenwich,17533,0.47002196
Greenwich,17537,0.54843444
Greenwich,17582,0.38251066
Greenwich,17583,0.38258898
Greenwich,17584,0.39402175
Greenwich,17671,0.31642595
Greenwich,17672,0.31453985
Greenwich,17727,0.5382678
Greenwich,17728,0.554358
Greenwich,17729,0.5373694
Greenwich,17820,0.60836947
Greenwich,17821,0.59407127
Greenwich,17822,0.63742435
Greenwich,17823,0.6170424
Greenwich,17824,0.66291916
Greenwich,17825,0.5500488
Greenwich,1817,0.64345723
Greenwich,1819,0.5825904
Greenwich,1826,0.56386846
Greenwich,1827,0.5482605
Greenwich,18643,0.49714854
Greenwich,18740,0.49978122
Greenwich,18741,0.5422487
Greenwich,18742,0.5461171
Greenwich,18743,0.52036124
Greenwich,18744,0.5213992
Greenwich,18745,0.5180565
Greenwich,18746,0.5202321
Greenwich,18752,0.6286975
Greenwich,18753,0.69439214
Greenwich,18756,0.72669864
Greenwich,18757,0.6699388
Greenwich,18758,0.6508946
Greenwich,18759,0.6555072
Greenwich,18760,0.59258986
Greenwich,18761,0.60611296
Greenwich,18762,0.5322048
Greenwich,18763,0.5195753
Greenwich,18764,0.6015651
Greenwich,18765,0.5966973
Greenwich,18766,0.61269444
Greenwich,18767,0.61351854
Greenwich,18768,0.63136536
Greenwich,18769,0.61828
Greenwich,18770,0.5779279
Greenwich,18771,0.48559606
Greenwich,18820,0.65586156
Greenwich,18821,0.6850849
Greenwich,18822,0.55423933
Greenwich,18823,0.5266179
Greenwich,18825,0.56719935
Greenwich,18828,0.5411343
Greenwich,18843,0.45563483
Greenwich,18845,0.64197344
Greenwich,18976,0.42849794
Greenwich,18978,0.40277672
Greenwich,18979,0.42694846
Greenwich,18980,0.49116662
Greenwich,18981,0.4705553
Greenwich,18982,0.6251629
Greenwich,18984,0.5614459
Greenwich,19014,0.5001265
Greenwich,19139,0.5962327
Greenwich,19140,0.57591456
Greenwich,19620,0.6785183
Greenwich,19621,0.66542566
Greenwich,19622,0.6748936
Greenwich,19636,0.4128755
Greenwich,19647,0.5179287
Greenwich,19649,0.5057107
Greenwich,19650,0.50311893
Greenwich,19651,0.52048963
Greenwich,19652,0.52913785
Greenwich,19653,0.50418144
Greenwich,19655,0.44227365
Greenwich,19657,0.47314718
Greenwich,19658,0.4375648
Greenwich,19659,0.6009523
Greenwich,19660,0.66355175
Greenwich,19661,0.5246828
Greenwich,19662,0.4819195
Greenwich,19682,0.39000666
Greenwich,19683,0.3923244
Greenwich,19684,0.5020448
Greenwich,19685,0.50242585
Greenwich,19686,0.5305806
Greenwich,19687,0.48922887
Greenwich,19688,0.47167984
Greenwich,19689,0.43681693
Greenwich,19690,0.54838866
Greenwich,19691,0.5544527
Greenwich,19692,0.6373326
Greenwich,19693,0.56225586
Greenwich,19694,0.65734726
Greenwich,19720,0.61985695
Greenwich,19721,0.36308098
Greenwich,19722,0.36742574
Greenwich,19723,0.4842099
Greenwich,19968,0.3553979
Greenwich,19969,0.3470375
Greenwich,20043,0.5633493
Greenwich,20134,0.4599426
Greenwich,20236,0.612087
Greenwich,20237,0.5746538
Greenwich,20322,0.5463011
Greenwich,20323,0.48264268
Greenwich,20324,0.55613256
Greenwich,20325,0.41189155
Greenwich,20326,0.41355726
Greenwich,20327,0.4062924
Greenwich,20328,0.43398508
Greenwich,20332,0.569295
Greenwich,20444,0.4523978
Greenwich,20445,0.45195726
Greenwich,20453,0.6591997
Greenwich,20505,0.52783316
Greenwich,20548,0.7239937
Greenwich,20618,0.5976976
Greenwich,20969,0.7073322
Greenwich,2300,0.52128696
Greenwich,25276,0.41614065
Greenwich,25277,0.41607305
Greenwich,25745,0.5484491
Greenwich,25746,0.5450838
Greenwich,25747,0.57794964
Greenwich,25748,0.559398
Greenwich,25749,0.5926438
Greenwich,25751,0.6631342
Greenwich,25762,0.38847256
Greenwich,25763,0.35186565
Greenwich,25764,0.35437
Greenwich,25765,0.33637214
Greenwich,25766,0.316608
Greenwich,25787,0.37518227
Greenwich,25788,0.4195598
Greenwich,25789,0.39556733
Greenwich,25906,0.7345694
Greenwich,25909,0.64894813
Greenwich,25910,0.63886124
Greenwich,25912,0.7034731
Greenwich,25913,0.7394258
Greenwich,26007,0.71393955
Greenwich,26009,0.66949385
Greenwich,26010,0.66799545
Greenwich,26011,0.665439
Greenwich,26012,0.6420001
Greenwich,26013,0.63704515
Greenwich,26601,0.65888315
Greenwich,26602,0.5294053
Greenwich,26603,0.53172565
Greenwich,26604,0.46866068
Greenwich,26605,0.46651205
Greenwich,26606,0.3982732
Greenwich,26607,0.415844
Greenwich,26608,0.540234
Greenwich,26609,0.5113485
Greenwich,26610,0.5043593
Greenwich,26613,0.58717835
Greenwich,26614,0.5540542
Greenwich,26615,0.55852056
Greenwich,26616,0.5678654
Greenwich,26617,0.62754333
Greenwich,26618,0.6140407
Greenwich,26619,0.64851505
Greenwich,26621,0.63107395
Greenwich,26625,0.609142
Greenwich,26639,0.73289245
Greenwich,26642,0.6355661
Greenwich,26644,0.63445306
Greenwich,26645,0.55270475
Greenwich,26646,0.46771184
Greenwich,26647,0.46187893
Greenwich,26650,0.37528712
Greenwich,26651,0.30795354
Greenwich,26652,0.33981314
Greenwich,26653,0.4884935
Greenwich,26654,0.40059188
Greenwich,26655,0.45949608
Greenwich,26656,0.4414901
Greenwich,26657,0.424001
Greenwich,26658,0.41790006
Greenwich,26659,0.48355195
Greenwich,26660,0.4942819
Greenwich,26661,0.5584583
Greenwich,26662,0.5522815
Greenwich,26665,0.70092607
Greenwich,26666,0.69953084
Greenwich,26667,0.677643
Greenwich,26668,0.71570367
Greenwich,26669,0.5196136
Greenwich,26670,0.5335255
Greenwich,26671,0.48676285
Greenwich,26672,0.51622605
Greenwich,26673,0.48145908
Greenwich,26675,0.33995363
Greenwich,26676,0.34077656
Greenwich,26677,0.3251699
Greenwich,26678,0.3259234
Greenwich,26687,0.6953538
Greenwich,26692,0.6345029
Greenwich,26693,0.6331642
Greenwich,26703,0.596761
Greenwich,26707,0.7829499
Greenwich,26709,0.7569681
Greenwich,26712,0.6375831
Greenwich,26882,0.6342152
Greenwich,27655,0.49708396
Greenwich,27656,0.4715277
Greenwich,27657,0.43681383
Greenwich,27658,0.4624589
Greenwich,27660,0.43832198
Greenwich,27662,0.4113918
Greenwich,27663,0.36209476
Greenwich,27664,0.36251873
Greenwich,27665,0.34045237
Greenwich,27831,0.3366062
Greenwich,27879,0.68219364
Greenwich,2791,0.4182439
Greenwich,27983,0.5492668
Greenwich,27984,0.52452755
Greenwich,27985,0.54501766
Greenwich,27986,0.57865685
Greenwich,27987,0.56016576
Greenwich,27988,0.55226356
Greenwich,2866,0.43461648
Greenwich,29021,0.5448116
Greenwich,29054,0.56475604
Greenwich,29072,0.40117723
Greenwich,29161,0.52799374
Greenwich,29246,0.53163904
Greenwich,29251,0.65636206
Greenwich,29363,0.48930988
Greenwich,29364,0.46909812
Greenwich,29365,0.5401891
Greenwich,29366,0.52433515
Greenwich,29367,0.46322224
Greenwich,29368,0.50809234
Greenwich,29439,0.7820982
Greenwich,29447,0.56359494
Greenwich,29573,0.68346417
Greenwich,29605,0.57341117
Greenwich,29606,0.56714475
Greenwich,29608,0.53975946
Greenwich,29609,0.5669648
Greenwich,29610,0.610671
Greenwich,29659,0.68599063
Greenwich,3165,0.51712626
Greenwich,3298,0.5363743
Greenwich,33004,0.6472146
Greenwich,33045,0.6303455
Greenwich,33052,0.4692141
Greenwich,33053,0.45945656
Greenwich,33054,0.46194124
Greenwich,33055,0.4711745
Greenwich,33520,0.45844558
Greenwich,3379,0.6152719
Greenwich,3381,0.72352695
Greenwich,33894,0.5298127
Greenwich,33912,0.6292224
Greenwich,34029,0.6333303
Greenwich,34268,0.6661316
Greenwich,34284,0.61238724
Greenwich,34401,0.6125435
Greenwich,34443,0.6395508
Greenwich,34577,0.6047927
Greenwich,34579,0.67787653
Greenwich,34581,0.46481296
Greenwich,34582,0.50310993
Greenwich,34583,0.48001677
Greenwich,34584,0.49771416
Greenwich,34707,0.5520704
Greenwich,34711,0.37957442
Greenwich,34813,0.5509514
Greenwich,34918,0.65175617
Greenwich,35188,0.6908826
Greenwich,35305,0.5286428
Greenwich,35306,0.5189091
Greenwich,35357,0.4734304
Greenwich,35406,0.6415278
Greenwich,35453,0.5626666
Greenwich,35483,0.7483311
Greenwich,35487,0.6571494
Greenwich,35502,0.52428204
Greenwich,35503,0.46838152
Greenwich,35505,0.5321288
Greenwich,35589,0.46615142
Greenwich,35591,0.44161487
Greenwich,35597,0.50155675
Greenwich,35706,0.5237767
Greenwich,35708,0.5551511
Greenwich,35918,0.5899674
Greenwich,35920,0.6053656
Greenwich,35921,0.6002515
Greenwich,35922,0.5946199
Greenwich,35926,0.5885726
Greenwich,36508,0.532476
Greenwich,36510,0.6559814
Greenwich,36522,0.5380612
Greenwich,36529,0.49722198
Greenwich,36534,0.60710526
Greenwich,36541,0.70796865
Greenwich,36549,0.46686885
Greenwich,36552,0.5672483
Greenwich,36553,0.44961473
Greenwich,36554,0.52855325
Greenwich,36604,0.63996786
Greenwich,36665,0.26950064
Greenwich,36666,0.28620148
Greenwich,36667,0.5909158
Greenwich,36668,0.59893566
Greenwich,36669,0.63574284
Greenwich,36670,0.6406242
Greenwich,36673,0.502553
Greenwich,36674,0.49798328
Greenwich,36808,0.72650325
Greenwich,36810,0.75080997
Greenwich,36813,0.41691294
Greenwich,36855,0.56362057
Greenwich,37149,0.76866305
Greenwich,37159,0.49244913
Greenwich,37259,0.6774262
Greenwich,37417,0.5987158
Greenwich,37421,0.59372646
Greenwich,391,0.5770199
Greenwich,40015,0.76929826
Greenwich,40021,0.47558063
Greenwich,40082,0.5993351
Greenwich,40085,0.5970356
Greenwich,44006,0.5421649
Greenwich,44007,0.70087725
Greenwich,44009,0.4419791
Greenwich,44010,0.44469428
Greenwich,44011,0.45250875
Greenwich,44012,0.47925133
Greenwich,44013,0.41690907
Greenwich,44014,0.41509104
Greenwich,44015,0.4516163
Greenwich,44020,0.50525594
Greenwich,44021,0.5140949
Greenwich,44022,0.5362999
Greenwich,44023,0.52514213
Greenwich,44025,0.5527889
Greenwich,44027,0.62485385
Greenwich,44029,0.40389982
Greenwich,44030,0.4058691
Greenwich,44624,0.57360315
Greenwich,4627,0.7471204
Greenwich,4662,0.48356918
Greenwich,4663,0.56069064
Greenwich,4664,0.55047196
Greenwich,4925,0.54817295
Greenwich,6335,0.421613
Greenwich,6336,0.4415274
Greenwich,6337,0.44163558
Greenwich,6338,0.4464838
Greenwich,6339,0.43424556
Greenwich,6342,0.45124575
Greenwich,6343,0.45123896
Greenwich,7584,0.6365679
Greenwich,8424,0.51490885
Greenwich,8624,0.78696537
Greenwich,8931,0.7177979
Greenwich,9166,0.61227095
Greenwich,9167,0.57300234
Greenwich,9170,0.50039524
Greenwich,9817,0.65447974
Greenwich,9818,0.5289317
Greenwich,BP1000,0.42179158
Greenwich,BP1001,0.33090514
Greenwich,BP1002,0.29404885
Greenwich,BP1003,0.28664738
Greenwich,BP1004,0.4291262
Greenwich,BP1005,0.45931512
Greenwich,BP1006,0.47420475
Greenwich,BP1035,0.41421443
Greenwich,BP1283,0.6599001
Greenwich,BP1300,0.38238955
Greenwich,BP1327,0.39970908
Greenwich,BP1582,0.62444854
Greenwich,BP1812,0.59242266
Greenwich,BP1813,0.61544865
Greenwich,BP2084,0.599688
Greenwich,BP2141,0.2928263
Greenwich,BP2143,0.29210043
Greenwich,BP2144,0.28815597
Greenwich,BP2145,0.2600966
Greenwich,BP2146,0.2882476
Greenwich,BP2147,0.31599402
Greenwich,BP2148,0.29263186
Greenwich,BP2149,0.4473079
Greenwich,BP2150,0.37063655
Greenwich,BP2151,0.25939658
Greenwich,BP2152,0.46981165
Greenwich,BP2171,0.52449274
Greenwich,BP2267,0.5224499
Greenwich,BP2321,0.460598
Greenwich,BP2373,0.38069892
Greenwich,BP2456,0.6320488
Greenwich,BP2459,0.5118658
Greenwich,BP2460,0.69364387
Greenwich,BP2462,0.68520135
Greenwich,BP2567,0.5328835
Greenwich,BP2568,0.495066
Greenwich,BP2569,0.45796263
Greenwich,BP2570,0.43856865
Greenwich,BP2571,0.47215363
Greenwich,BP2572,0.466579
Greenwich,BP2573,0.49398685
Greenwich,BP2574,0.4598533
Greenwich,BP2575,0.461256
Greenwich,BP2576,0.49460152
Greenwich,BP2577,0.471725
Greenwich,BP2578,0.49925
Greenwich,BP2579,0.48166105
Greenwich,BP2580,0.4110145
Greenwich,BP2581,0.44406545
Greenwich,BP2582,0.45840746
Greenwich,BP2583,0.48838237
Greenwich,BP2584,0.527183
Greenwich,BP2585,0.52426654
Greenwich,BP2586,0.48292056
Greenwich,BP2587,0.50068307
Greenwich,BP2588,0.53561914
Greenwich,BP2589,0.5180902
Greenwich,BP2590,0.52097875
Greenwich,BP2660,0.64487565
Greenwich,BP2729,0.47627956
Greenwich,BP2821,0.58226705
Greenwich,BP2822,0.5841593
Greenwich,BP2823,0.48427895
Greenwich,BP2824,0.47694957
Greenwich,BP2825,0.5022654
Greenwich,BP2850,0.5555274
Greenwich,BP2851,0.34007874
Greenwich,BP2852,0.3291435
Greenwich,BP2853,0.36526382
Greenwich,BP2854,0.4484252
Greenwich,BP2855,0.5549739
Greenwich,BP2856,0.4294495
Greenwich,BP2857,0.49309006
Greenwich,BP2858,0.42634425
Greenwich,BP288,0.4494155
Greenwich,BP289,0.46803337
Greenwich,BP290,0.45061243
Greenwich,BP291,0.4694435
Greenwich,BP293,0.6249331
Greenwich,BP294,0.45082814
Greenwich,BP295,0.35903513
Greenwich,BP296,0.37274182
Greenwich,BP297,0.44676077
Greenwich,BP298,0.35649383
Greenwich,BP299,0.38413113
Greenwich,BP300,0.5136089
Greenwich,BP301,0.45598933
Greenwich,BP302,0.36527628
Greenwich,BP303,0.3807455
Greenwich,BP304,0.40323085
Greenwich,BP3049,0.5597831
Greenwich,BP306,0.3544507
Greenwich,BP307,0.39573812
Greenwich,BP308,0.37654883
Greenwich,BP309,0.41113803
Greenwich,BP310,0.4832684
Greenwich,BP311,0.5302865
Greenwich,BP3113,0.5166786
Greenwich,BP3114,0.5649894
Greenwich,BP312,0.52850485
Greenwich,BP313,0.49889803
Greenwich,BP315,0.51264125
Greenwich,BP316,0.5014572
Greenwich,BP317,0.49947086
Greenwich,BP318,0.43963256
Greenwich,BP322,0.43229365
Greenwich,BP323,0.39466178
Greenwich,BP324,0.41736668
Greenwich,BP325,0.44525775
Greenwich,BP326,0.42157152
Greenwich,BP327,0.46802527
Greenwich,BP328,0.49142137
Greenwich,BP329,0.518875
Greenwich,BP330,0.48115373
Greenwich,BP331,0.5472871
Greenwich,BP332,0.44908214
Greenwich,BP333,0.5392073
Greenwich,BP334,0.5674219
Greenwich,BP335,0.5070525
Greenwich,BP336,0.43575332
Greenwich,BP337,0.50150514
Greenwich,BP338,0.5362083
Greenwich,BP339,0.39287356
Greenwich,BP340,0.37978435
Greenwich,BP341,0.6127686
Greenwich,BP342,0.543997
Greenwich,BP343,0.56558657
Greenwich,BP344,0.5439245
Greenwich,BP345,0.37325084
Greenwich,BP346,0.37281907
Greenwich,BP347,0.5479599
Greenwich,BP348,0.4919212
Greenwich,BP349,0.5191144
Greenwich,BP350,0.51797825
Greenwich,BP351,0.48718813
Greenwich,BP353,0.48924202
Greenwich,BP354,0.44315505
Greenwich,BP355,0.46273658
Greenwich,BP356,0.45212945
Greenwich,BP357,0.48727643
Greenwich,BP358,0.47910607
Greenwich,BP359,0.3864973
Greenwich,BP360,0.42573676
Greenwich,BP362,0.4824486
Greenwich,BP363,0.47048983
Greenwich,BP364,0.47374138
Greenwich,BP365,0.46809798
Greenwich,BP366,0.46578422
Greenwich,BP367,0.48969862
Greenwich,BP368,0.4509237
Greenwich,BP369,0.40694973
Greenwich,BP370,0.5461423
Greenwich,BP373,0.41126943
Greenwich,BP4173,0.2869795
Greenwich,BP4174,0.2933275
Greenwich,BP4358,0.5409401
Greenwich,BP4359,0.53685296
Greenwich,BP4362,0.36571565
Greenwich,BP4363,0.36918682
Greenwich,BP4554,0.45575604
Greenwich,BP4555,0.47807282
Greenwich,BP4556,0.50082105
Greenwich,BP4557,0.49026445
Greenwich,BP4558,0.4735336
Greenwich,BP4559,0.4560206
Greenwich,BP4896,0.71644014
Greenwich,BP5039,0.4735359
Greenwich,BP5288,0.4736319
Greenwich,BP5289,0.37019694
Greenwich,BP5290,0.35833138
Greenwich,BP5291,0.32785487
Greenwich,BP5479,0.7874871
Greenwich,BP5481,0.7530583
Greenwich,BP5540,0.78713167
Greenwich,BP5710,0.41555077
Greenwich,BP5786,0.47871292
Greenwich,BP5788,0.4880304
Greenwich,BP5880,0.55379915
Greenwich,BP5881,0.47532403
Greenwich,BP5882,0.45727333
Greenwich,BP634,0.47707292
Greenwich,BP635,0.47713345
Greenwich,BP636,0.42080855
Greenwich,BP6416,0.69960415
Greenwich,BP655,0.47714978
Greenwich,BP656,0.48356616
Greenwich,BP756,0.65964633
Greenwich,BP786,0.43162352
Greenwich,BP787,0.43785065
Greenwich,BP788,0.38326046
Greenwich,BP789,0.3852569
Greenwich,BP790,0.41949195
Greenwich,BP791,0.4276984
Greenwich,BP848,0.49018544
Greenwich,BP878,0.5286823
Greenwich,BP953,0.7199114
Greenwich,BP956,0.6645096
Greenwich,BP999,0.5040406
Greenwich,HC736,0.49622676
Greenwich,HC85,0.35750946
Greenwich,R0386,0.44635275
Greenwich,R0524,0.4952487
Greenwich,R0550,0.4310438
Greenwich,R0554,0.69670373
Greenwich,R0559,0.41651
Greenwich,R0562,0.5509467
Greenwich,R0563,0.6190729
Greenwich,R0568,0.5091758
Greenwich,R0573,0.4244618
Greenwich,R0724,0.69236594
Greenwich,R0748,0.5984294
Greenwich,13824,0.7884126
Greenwich,13825,0.7973049
Greenwich,13834,0.6718189
Greenwich,14452,0.61965334
Greenwich,18832,0.56547403
Greenwich,18834,0.60781336
Greenwich,25908,0.717004
Greenwich,26699,0.59884477
Greenwich,26701,0.5942417
Greenwich,29687,0.6070152
Greenwich,29851,0.61004263
Greenwich,34292,0.6006504
Greenwich,35482,0.75227505
Greenwich,35563,0.75649744
Greenwich,36822,0.74966544
Greenwich,37316,0.6618181
Greenwich,37977,0.5879288
Greenwich,BP2408,0.5964238
Greenwich,BP2409,0.5816848
Greenwich,BP2672,0.7410913
Greenwich,BP314,0.48735288
Greenwich,BP319,0.47992966
Greenwich,BP320,0.44336128
Greenwich,BP321,0.4542214
Greenwich,BP352,0.4846129
Greenwich,BP4396,0.7882845
Greenwich,BP4397,0.748347
Greenwich,BP5480,0.7612916
Greenwich,BP6177,0.582064
Greenwich,R0385,0.70994717
Hackney,1010,0.49735674
Hackney,1011,0.6256993
Hackney,10260,0.59751964
Hackney,10261,0.58329034
Hackney,10458,0.5634424
Hackney,10459,0.55916625
Hackney,1081,0.5862217
Hackney,1082,0.56536394
Hackney,1111,0.62558115
Hackney,1113,0.6129494
Hackney,1114,0.60170037
Hackney,1115,0.5966992
Hackney,1116,0.6217049
Hackney,121,0.60048133
Hackney,122,0.5679198
Hackney,123,0.56224585
Hackney,12415,0.60336226
Hackney,129,0.6453551
Hackney,13453,0.52633613
Hackney,13454,0.64785093
Hackney,13484,0.5752975
Hackney,13506,0.6315088
Hackney,14134,0.5457322
Hackney,14136,0.5424572
Hackney,14138,0.4951363
Hackney,14139,0.49240854
Hackney,14219,0.6585298
Hackney,14225,0.6227276
Hackney,14226,0.6016064
Hackney,14241,0.57011974
Hackney,14242,0.4861206
Hackney,14442,0.61210203
Hackney,14466,0.6092997
Hackney,14467,0.5894665
Hackney,14470,0.5826351
Hackney,14471,0.55289376
Hackney,14473,0.56924295
Hackney,14474,0.57093847
Hackney,14476,0.5688879
Hackney,14687,0.60108864
Hackney,14689,0.5989551
Hackney,1527,0.5169323
Hackney,1528,0.5197662
Hackney,1544,0.6120013
Hackney,1545,0.6027693
Hackney,15890,0.5591203
Hackney,1609,0.63017005
Hackney,1613,0.5884459
Hackney,16517,0.55348146
Hackney,16753,0.5485481
Hackney,16754,0.55738753
Hackney,16755,0.55533874
Hackney,16756,0.5462016
Hackney,16757,0.56377304
Hackney,16758,0.51840395
Hackney,16759,0.49666992
Hackney,16760,0.51023734
Hackney,16761,0.5102151
Hackney,16762,0.53239954
Hackney,16763,0.52692145
Hackney,16764,0.570459
Hackney,16765,0.4922789
Hackney,16766,0.4997412
Hackney,16768,0.49925372
Hackney,16769,0.4974289
Hackney,1704,0.6641073
Hackney,17296,0.6206679
Hackney,17297,0.6230354
Hackney,17298,0.62276846
Hackney,17299,0.6025395
Hackney,17301,0.5796934
Hackney,17896,0.5758883
Hackney,17897,0.57333666
Hackney,17898,0.5056893
Hackney,17899,0.5118539
Hackney,17900,0.4908853
Hackney,17962,0.5307116
Hackney,17963,0.59227794
Hackney,17964,0.5669517
Hackney,17967,0.518552
Hackney,17973,0.60078144
Hackney,17974,0.602417
Hackney,17982,0.5563589
Hackney,17985,0.48656312
Hackney,18010,0.5590899
Hackney,18011,0.55881083
Hackney,18012,0.6457317
Hackney,18058,0.62910277
Hackney,18059,0.6340499
Hackney,18069,0.57930267
Hackney,18071,0.5684961
Hackney,18073,0.54106534
Hackney,1919,0.57374537
Hackney,192,0.57244015
Hackney,1920,0.5595206
Hackney,1921,0.55990714
Hackney,1922,0.5819917
Hackney,1923,0.5863685
Hackney,19259,0.6446307
Hackney,194,0.5853762
Hackney,195,0.5650836
Hackney,20413,0.5924503
Hackney,20727,0.5692181
Hackney,2073,0.5091076
Hackney,2074,0.50765723
Hackney,2087,0.6152285
Hackney,2088,0.6140154
Hackney,2091,0.6200124
Hackney,2092,0.592889
Hackney,2094,0.6445842
Hackney,2095,0.6780323
Hackney,2096,0.6392057
Hackney,20972,0.59576714
Hackney,20997,0.6301899
Hackney,2100,0.5553837
Hackney,2103,0.61029494
Hackney,2104,0.63042593
Hackney,2105,0.6209971
Hackney,2106,0.54820883
Hackney,2107,0.62906444
Hackney,2108,0.6314357
Hackney,2249,0.54953927
Hackney,2250,0.5820138
Hackney,2253,0.5541632
Hackney,2255,0.5679324
Hackney,2256,0.55401635
Hackney,2259,0.51592654
Hackney,2260,0.5135607
Hackney,2261,0.5299761
Hackney,2262,0.5382933
Hackney,2263,0.531022
Hackney,2265,0.5256287
Hackney,2266,0.52725536
Hackney,2268,0.6236683
Hackney,2269,0.57767826
Hackney,2270,0.60970104
Hackney,2271,0.6160191
Hackney,2272,0.64898366
Hackney,2275,0.6533359
Hackney,2276,0.57427955
Hackney,2277,0.6674232
Hackney,2428,0.597488
Hackney,2429,0.60063237
Hackney,2430,0.57214594
Hackney,2431,0.6121513
Hackney,2435,0.60008353
Hackney,2436,0.55631596
Hackney,2438,0.5768763
Hackney,2439,0.57496023
Hackney,2440,0.5945564
Hackney,2446,0.55479413
Hackney,2452,0.65244687
Hackney,2455,0.6436877
Hackney,2456,0.6394698
Hackney,25132,0.5675309
Hackney,25187,0.5662765
Hackney,25445,0.635924
Hackney,25446,0.6207787
Hackney,25904,0.63088226
Hackney,26234,0.62696254
Hackney,26360,0.61121225
Hackney,26361,0.60648537
Hackney,2640,0.6185983
Hackney,26436,0.59900147
Hackney,2648,0.5911601
Hackney,2724,0.57173353
Hackney,2725,0.57564694
Hackney,29245,0.6109208
Hackney,29453,0.56496793
Hackney,29454,0.5451366
Hackney,29455,0.5468485
Hackney,29456,0.5578017
Hackney,29522,0.5187616
Hackney,29596,0.6467496
Hackney,29782,0.57696545
Hackney,305,0.6471538
Hackney,306,0.64766586
Hackney,307,0.61798805
Hackney,308,0.59118026
Hackney,318,0.6534847
Hackney,319,0.65550494
Hackney,320,0.64486504
Hackney,3217,0.5180951
Hackney,3218,0.52968967
Hackney,33263,0.65252835
Hackney,33346,0.6766041
Hackney,33347,0.646741
Hackney,33395,0.52705234
Hackney,33396,0.60518515
Hackney,33413,0.6183986
Hackney,33436,0.6596432
Hackney,33707,0.5264228
Hackney,34090,0.6185512
Hackney,34394,0.45888737
Hackney,34395,0.4918018
Hackney,34465,0.49454734
Hackney,34466,0.4890633
Hackney,34467,0.475458
Hackney,34468,0.46676555
Hackney,34469,0.48463035
Hackney,34470,0.47091296
Hackney,34472,0.49821556
Hackney,34790,0.5000647
Hackney,34791,0.5033831
Hackney,34838,0.51073676
Hackney,34888,0.6117397
Hackney,34889,0.5823818
Hackney,35255,0.5596264
Hackney,35256,0.5211024
Hackney,35281,0.55068696
Hackney,35574,0.49970526
Hackney,35575,0.50365
Hackney,35675,0.56770355
Hackney,35758,0.5307575
Hackney,35759,0.5282793
Hackney,35760,0.4941272
Hackney,35761,0.4939971
Hackney,35762,0.5040263
Hackney,35763,0.5069494
Hackney,35764,0.52590686
Hackney,35765,0.5249877
Hackney,35766,0.5284554
Hackney,35767,0.52084005
Hackney,35953,0.57181257
Hackney,35956,0.533648
Hackney,36761,0.5239165
Hackney,36838,0.58454865
Hackney,36948,0.62425905
Hackney,37361,0.49185887
Hackney,37362,0.50344366
Hackney,37363,0.5102959
Hackney,37364,0.49826345
Hackney,37365,0.50070065
Hackney,37366,0.51505566
Hackney,37367,0.51667404
Hackney,37632,0.6218652
Hackney,377,0.6190101
Hackney,379,0.6211775
Hackney,4670,0.62681705
Hackney,4816,0.6337557
Hackney,4836,0.6424116
Hackney,53,0.5606858
Hackney,54,0.5553702
Hackney,606,0.622523
Hackney,607,0.5935979
Hackney,626,0.60547656
Hackney,64,0.6154345
Hackney,6606,0.64225304
Hackney,740,0.6155854
Hackney,752,0.6543022
Hackney,755,0.6105517
Hackney,779,0.5935227
Hackney,781,0.53836095
Hackney,782,0.60307604
Hackney,783,0.6101619
Hackney,784,0.66150224
Hackney,785,0.6794031
Hackney,789,0.63479936
Hackney,8318,0.63051844
Hackney,861,0.64367676
Hackney,862,0.65403295
Hackney,863,0.6544121
Hackney,91241,0.5202976
Hackney,91242,0.5106499
Hackney,913,0.6329664
Hackney,930,0.62550604
Hackney,931,0.5252299
Hackney,933,0.55625355
Hackney,934,0.55646366
Hackney,935,0.592731
Hackney,951,0.5635996
Hackney,952,0.56648016
Hackney,953,0.59701717
Hackney,BP1201,0.5910632
Hackney,BP1202,0.5811476
Hackney,BP1323,0.6278615
Hackney,BP1562,0.5691962
Hackney,BP1818,0.61028457
Hackney,BP1819,0.5520499
Hackney,BP1820,0.49460268
Hackney,BP1822,0.5219758
Hackney,BP1823,0.5217859
Hackney,BP1824,0.52949405
Hackney,BP1825,0.5537457
Hackney,BP199,0.64456725
Hackney,BP2161,0.59886825
Hackney,BP2162,0.6494623
Hackney,BP2477,0.57351893
Hackney,BP2635,0.573266
Hackney,BP2716,0.5305288
Hackney,BP2717,0.5172706
Hackney,BP2781,0.5226749
Hackney,BP3194,0.63735133
Hackney,BP3203,0.5616426
Hackney,BP3253,0.64314526
Hackney,BP3454,0.59272593
Hackney,BP3473,0.60042787
Hackney,BP3474,0.613544
Hackney,BP3475,0.64616346
Hackney,BP3476,0.6530966
Hackney,BP3491,0.5362006
Hackney,BP3684,0.46934107
Hackney,BP3685,0.47427177
Hackney,BP3686,0.49849665
Hackney,BP3687,0.5419226
Hackney,BP3688,0.54759413
Hackney,BP3689,0.5685342
Hackney,BP3699,0.5846401
Hackney,BP3700,0.49464545
Hackney,BP3701,0.49537307
Hackney,BP3702,0.4809605
Hackney,BP3703,0.4952781
Hackney,BP3704,0.46861783
Hackney,BP3705,0.47272956
Hackney,BP3706,0.46565858
Hackney,BP3707,0.47599083
Hackney,BP3708,0.4787351
Hackney,BP3709,0.500311
Hackney,BP3710,0.5081929
Hackney,BP3711,0.51036835
Hackney,BP3712,0.4629315
Hackney,BP3713,0.48939306
Hackney,BP3714,0.47307843
Hackney,BP3715,0.49354205
Hackney,BP3716,0.50501525
Hackney,BP3717,0.5094614
Hackney,BP3801,0.60409653
Hackney,BP3803,0.50483316
Hackney,BP3805,0.51451683
Hackney,BP3806,0.5113412
Hackney,BP3828,0.5105342
Hackney,BP3829,0.5134403
Hackney,BP3830,0.49113882
Hackney,BP3831,0.55774075
Hackney,BP3832,0.5586603
Hackney,BP3834,0.5376745
Hackney,BP3835,0.54184496
Hackney,BP3836,0.54071355
Hackney,BP3838,0.541551
Hackney,BP3839,0.5391428
Hackney,BP384,0.5568515
Hackney,BP3840,0.529613
Hackney,BP3843,0.5551179
Hackney,BP3844,0.49268162
Hackney,BP3845,0.5103636
Hackney,BP3846,0.5536868
Hackney,BP3848,0.55945474
Hackney,BP3849,0.57565194
Hackney,BP3850,0.58658916
Hackney,BP3855,0.583004
Hackney,BP3857,0.56604934
Hackney,BP3901,0.5521059
Hackney,BP3902,0.55382997
Hackney,BP3904,0.55956614
Hackney,BP3905,0.55668575
Hackney,BP3906,0.5614256
Hackney,BP4165,0.5059008
Hackney,BP4166,0.51276827
Hackney,BP4167,0.5829936
Hackney,BP4170,0.5001735
Hackney,BP4241,0.5878266
Hackney,BP4460,0.50315344
Hackney,BP4461,0.49432173
Hackney,BP4547,0.6157802
Hackney,BP4608,0.5711385
Hackney,BP4880,0.5812653
Hackney,BP4921,0.63555056
Hackney,BP4960,0.5418447
Hackney,BP4961,0.52702755
Hackney,BP5094,0.6000924
Hackney,BP5095,0.59872144
Hackney,BP5179,0.5519828
Hackney,BP5180,0.520747
Hackney,BP5181,0.53116727
Hackney,BP5193,0.5747633
Hackney,BP5221,0.51618403
Hackney,BP5230,0.53018653
Hackney,BP5254,0.57627094
Hackney,BP5484,0.5848375
Hackney,BP5488,0.56752044
Hackney,BP5489,0.5692367
Hackney,BP5525,0.59139335
Hackney,BP5529,0.6531018
Hackney,BP5609,0.5097309
Hackney,BP5611,0.5061424
Hackney,BP5612,0.50003844
Hackney,BP5613,0.51320714
Hackney,BP5614,0.5103641
Hackney,BP5615,0.51336396
Hackney,BP5616,0.5080697
Hackney,BP5617,0.625068
Hackney,BP5619,0.524374
Hackney,BP5621,0.52041584
Hackney,BP5622,0.5481985
Hackney,BP5623,0.5183641
Hackney,BP5643,0.5820802
Hackney,BP5762,0.6037194
Hackney,BP5772,0.52787995
Hackney,BP5776,0.4891928
Hackney,BP5777,0.48551074
Hackney,BP5823,0.50650394
Hackney,BP5824,0.49702
Hackney,BP5825,0.49516955
Hackney,BP5826,0.50569016
Hackney,BP5851,0.4697014
Hackney,BP5852,0.48536545
Hackney,BP5878,0.5195491
Hackney,BP6003,0.4919297
Hackney,BP6074,0.565904
Hackney,BP6104,0.47574452
Hackney,BP6105,0.4926101
Hackney,BP6381,0.5412755
Hackney,BP6382,0.54102886
Hackney,BP6383,0.5140384
Hackney,BP842,0.62365377
Hackney,BP965,0.55601525
Hackney,BP966,0.55799365
Hackney,FL001,0.5180081
Hackney,FL003,0.53195655
Hackney,FL005,0.6233025
Hackney,FL012,0.4965328
Hackney,HC176,0.51838
Hackney,HC177,0.5169178
Hackney,HC178,0.5148851
Hackney,R0324,0.4838864
Hackney,R0341,0.49771512
Hackney,R0365,0.6192241
Hackney,R0427,0.62013
Hackney,R0672,0.5103328
Hackney,R0731,0.5723248
Hackney,17965,0.53898084
Hackney,17966,0.5374653
Hackney,17968,0.55972064
Hackney,2449,0.6146382
Hackney,25130,0.6376327
Hackney,29730,0.6165764
Hackney,6607,0.60289115
Hackney,6650,0.6371939
Hackney,71,0.6042864
Hackney,BP3851,0.58315825
Hackney,BP3853,0.58001435
Hackney,BP3854,0.58934766
Hammersmith and Fulham,10243,0.56088084
Hammersmith and Fulham,10244,0.59884864
Hammersmith and Fulham,1104,0.6101714
Hammersmith and Fulham,1106,0.5877581
Hammersmith and Fulham,1107,0.5690588
Hammersmith and Fulham,11226,0.6623656
Hammersmith and Fulham,11227,0.6662105
Hammersmith and Fulham,11230,0.60188913
Hammersmith and Fulham,11231,0.59663075
Hammersmith and Fulham,11232,0.63314724
Hammersmith and Fulham,11233,0.64221656
Hammersmith and Fulham,11234,0.57040715
Hammersmith and Fulham,11235,0.51694804
Hammersmith and Fulham,11239,0.5519854
Hammersmith and Fulham,11240,0.5655206
Hammersmith and Fulham,11242,0.61821944
Hammersmith and Fulham,11243,0.594523
Hammersmith and Fulham,11244,0.59437686
Hammersmith and Fulham,11245,0.5372542
Hammersmith and Fulham,11246,0.5242476
Hammersmith and Fulham,11247,0.5281998
Hammersmith and Fulham,11248,0.53169787
Hammersmith and Fulham,11249,0.5338808
Hammersmith and Fulham,11251,0.51930934
Hammersmith and Fulham,11252,0.5179867
Hammersmith and Fulham,11253,0.54062706
Hammersmith and Fulham,11254,0.59113634
Hammersmith and Fulham,11255,0.6205732
Hammersmith and Fulham,11256,0.64203525
Hammersmith and Fulham,11258,0.6842987
Hammersmith and Fulham,11259,0.6884477
Hammersmith and Fulham,11262,0.691971
Hammersmith and Fulham,11263,0.5894425
Hammersmith and Fulham,11264,0.5821805
Hammersmith and Fulham,11265,0.5396552
Hammersmith and Fulham,11266,0.5682171
Hammersmith and Fulham,11267,0.5567537
Hammersmith and Fulham,11268,0.53863186
Hammersmith and Fulham,11269,0.57134086
Hammersmith and Fulham,11271,0.5607943
Hammersmith and Fulham,11272,0.5660974
Hammersmith and Fulham,11276,0.602212
Hammersmith and Fulham,11277,0.5888282
Hammersmith and Fulham,11279,0.59890103
Hammersmith and Fulham,11339,0.58095056
Hammersmith and Fulham,11340,0.5816349
Hammersmith and Fulham,11568,0.63977665
Hammersmith and Fulham,11569,0.6231996
Hammersmith and Fulham,11572,0.60856944
Hammersmith and Fulham,11573,0.6202084
Hammersmith and Fulham,11576,0.6023129
Hammersmith and Fulham,11577,0.6040464
Hammersmith and Fulham,11582,0.56879026
Hammersmith and Fulham,11583,0.54698545
Hammersmith and Fulham,11587,0.53384376
Hammersmith and Fulham,11589,0.46962067
Hammersmith and Fulham,11590,0.5692345
Hammersmith and Fulham,11774,0.6420685
Hammersmith and Fulham,1215,0.6611048
Hammersmith and Fulham,12403,0.57270974
Hammersmith and Fulham,14022,0.66702205
Hammersmith and Fulham,1408,0.63173765
Hammersmith and Fulham,14441,0.6568278
Hammersmith and Fulham,1453,0.63307714
Hammersmith and Fulham,1455,0.64503527
Hammersmith and Fulham,1456,0.5900999
Hammersmith and Fulham,1457,0.62877333
Hammersmith and Fulham,1459,0.6377289
Hammersmith and Fulham,1460,0.6069414
Hammersmith and Fulham,1461,0.6375385
Hammersmith and Fulham,1462,0.6437484
Hammersmith and Fulham,14637,0.72559446
Hammersmith and Fulham,14641,0.7022581
Hammersmith and Fulham,1674,0.57960385
Hammersmith and Fulham,1675,0.58076566
Hammersmith and Fulham,1708,0.6297265
Hammersmith and Fulham,174,0.6452543
Hammersmith and Fulham,1784,0.6756849
Hammersmith and Fulham,1914,0.57672936
Hammersmith and Fulham,20072,0.70936424
Hammersmith and Fulham,20389,0.57435805
Hammersmith and Fulham,20412,0.7660131
Hammersmith and Fulham,20655,0.5973589
Hammersmith and Fulham,20797,0.6403976
Hammersmith and Fulham,20798,0.6833617
Hammersmith and Fulham,20975,0.5709489
Hammersmith and Fulham,220,0.661437
Hammersmith and Fulham,2380,0.5320114
Hammersmith and Fulham,24294,0.7005
Hammersmith and Fulham,24779,0.7622098
Hammersmith and Fulham,24994,0.71164846
Hammersmith and Fulham,2538,0.57206726
Hammersmith and Fulham,2539,0.58144754
Hammersmith and Fulham,25627,0.6550245
Hammersmith and Fulham,25694,0.59413666
Hammersmith and Fulham,26503,0.5776548
Hammersmith and Fulham,270,0.7405295
Hammersmith and Fulham,2713,0.55017996
Hammersmith and Fulham,2715,0.4727468
Hammersmith and Fulham,2716,0.48283687
Hammersmith and Fulham,27326,0.543085
Hammersmith and Fulham,27447,0.6106255
Hammersmith and Fulham,27510,0.7135335
Hammersmith and Fulham,27528,0.6764589
Hammersmith and Fulham,27529,0.6791446
Hammersmith and Fulham,27530,0.7153851
Hammersmith and Fulham,27531,0.712594
Hammersmith and Fulham,27585,0.65046287
Hammersmith and Fulham,27586,0.6467112
Hammersmith and Fulham,27587,0.67288685
Hammersmith and Fulham,27588,0.67960256
Hammersmith and Fulham,27614,0.5389854
Hammersmith and Fulham,27615,0.54972273
Hammersmith and Fulham,29488,0.55226165
Hammersmith and Fulham,29576,0.69070613
Hammersmith and Fulham,29619,0.67134273
Hammersmith and Fulham,29954,0.68475074
Hammersmith and Fulham,29966,0.762917
Hammersmith and Fulham,29995,0.53012335
Hammersmith and Fulham,3015,0.73331326
Hammersmith and Fulham,3022,0.7512572
Hammersmith and Fulham,3025,0.75047344
Hammersmith and Fulham,3029,0.7086675
Hammersmith and Fulham,3030,0.71768546
Hammersmith and Fulham,3031,0.69683766
Hammersmith and Fulham,3032,0.7032742
Hammersmith and Fulham,3054,0.6295213
Hammersmith and Fulham,31090,0.5875255
Hammersmith and Fulham,33000,0.7361311
Hammersmith and Fulham,33001,0.74195004
Hammersmith and Fulham,34309,0.6021359
Hammersmith and Fulham,34350,0.6983773
Hammersmith and Fulham,34566,0.68630236
Hammersmith and Fulham,3480,0.73846996
Hammersmith and Fulham,35052,0.7427444
Hammersmith and Fulham,35157,0.6659707
Hammersmith and Fulham,35803,0.56112385
Hammersmith and Fulham,3614,0.73213565
Hammersmith and Fulham,3649,0.6558061
Hammersmith and Fulham,36551,0.66419166
Hammersmith and Fulham,36736,0.6590801
Hammersmith and Fulham,36737,0.5506528
Hammersmith and Fulham,36741,0.58430165
Hammersmith and Fulham,36765,0.56422806
Hammersmith and Fulham,37426,0.5492951
Hammersmith and Fulham,3827,0.56135666
Hammersmith and Fulham,399,0.59276545
Hammersmith and Fulham,400,0.60019046
Hammersmith and Fulham,401,0.63572574
Hammersmith and Fulham,411,0.6151922
Hammersmith and Fulham,4655,0.6086368
Hammersmith and Fulham,4682,0.7434803
Hammersmith and Fulham,4683,0.5933041
Hammersmith and Fulham,51781,0.7553929
Hammersmith and Fulham,6020,0.5737669
Hammersmith and Fulham,6021,0.5930849
Hammersmith and Fulham,6144,0.7425668
Hammersmith and Fulham,6148,0.7265734
Hammersmith and Fulham,6149,0.71134645
Hammersmith and Fulham,6212,0.6897365
Hammersmith and Fulham,6213,0.67216367
Hammersmith and Fulham,6214,0.68907076
Hammersmith and Fulham,6217,0.6906802
Hammersmith and Fulham,6218,0.6458859
Hammersmith and Fulham,6220,0.495565
Hammersmith and Fulham,6221,0.53049856
Hammersmith and Fulham,6696,0.6734202
Hammersmith and Fulham,679,0.7455972
Hammersmith and Fulham,682,0.725335
Hammersmith and Fulham,684,0.6844695
Hammersmith and Fulham,685,0.6745009
Hammersmith and Fulham,687,0.74708134
Hammersmith and Fulham,76,0.72385067
Hammersmith and Fulham,832,0.6267183
Hammersmith and Fulham,840,0.72211826
Hammersmith and Fulham,842,0.72912043
Hammersmith and Fulham,843,0.7377692
Hammersmith and Fulham,846,0.7194369
Hammersmith and Fulham,847,0.71076393
Hammersmith and Fulham,848,0.70936465
Hammersmith and Fulham,849,0.7086892
Hammersmith and Fulham,850,0.5447145
Hammersmith and Fulham,8872,0.65487796
Hammersmith and Fulham,8874,0.64652133
Hammersmith and Fulham,8875,0.56960946
Hammersmith and Fulham,8876,0.5802306
Hammersmith and Fulham,8880,0.50294864
Hammersmith and Fulham,8881,0.5333586
Hammersmith and Fulham,8882,0.51663
Hammersmith and Fulham,8886,0.6640437
Hammersmith and Fulham,8887,0.67888916
Hammersmith and Fulham,8894,0.7074531
Hammersmith and Fulham,8895,0.7261953
Hammersmith and Fulham,8898,0.73376536
Hammersmith and Fulham,8900,0.53099084
Hammersmith and Fulham,8901,0.7082358
Hammersmith and Fulham,8902,0.6459408
Hammersmith and Fulham,8921,0.56147325
Hammersmith and Fulham,8923,0.5827101
Hammersmith and Fulham,8924,0.58315647
Hammersmith and Fulham,8995,0.7395086
Hammersmith and Fulham,9024,0.5583089
Hammersmith and Fulham,9025,0.512842
Hammersmith and Fulham,9327,0.6911583
Hammersmith and Fulham,9328,0.69122964
Hammersmith and Fulham,BP1227,0.51505005
Hammersmith and Fulham,BP1501,0.7469441
Hammersmith and Fulham,BP170,0.5918115
Hammersmith and Fulham,BP2068,0.6829369
Hammersmith and Fulham,BP2069,0.61870533
Hammersmith and Fulham,BP215,0.5559474
Hammersmith and Fulham,BP216,0.5748904
Hammersmith and Fulham,BP2305,0.55668855
Hammersmith and Fulham,BP2561,0.5387472
Hammersmith and Fulham,BP2562,0.52848506
Hammersmith and Fulham,BP2563,0.58609366
Hammersmith and Fulham,BP2564,0.5750625
Hammersmith and Fulham,BP286,0.68502927
Hammersmith and Fulham,BP2898,0.3657205
Hammersmith and Fulham,BP3195,0.76114357
Hammersmith and Fulham,BP4096,0.5565494
Hammersmith and Fulham,BP4097,0.55508214
Hammersmith and Fulham,BP4098,0.5424608
Hammersmith and Fulham,BP4891,0.59448314
Hammersmith and Fulham,BP5003,0.6159091
Hammersmith and Fulham,BP5004,0.67455184
Hammersmith and Fulham,BP5005,0.7029374
Hammersmith and Fulham,BP5007,0.6705801
Hammersmith and Fulham,BP5008,0.6505971
Hammersmith and Fulham,BP503,0.7340614
Hammersmith and Fulham,BP5167,0.5507167
Hammersmith and Fulham,BP5183,0.55460334
Hammersmith and Fulham,BP5231,0.65052557
Hammersmith and Fulham,BP5232,0.7552918
Hammersmith and Fulham,BP5233,0.72598135
Hammersmith and Fulham,BP5234,0.7330676
Hammersmith and Fulham,BP5236,0.6427779
Hammersmith and Fulham,BP5237,0.62565565
Hammersmith and Fulham,BP5238,0.61991674
Hammersmith and Fulham,BP5239,0.6160592
Hammersmith and Fulham,BP5255,0.67940325
Hammersmith and Fulham,BP5257,0.5179475
Hammersmith and Fulham,BP5262,0.6244544
Hammersmith and Fulham,BP5265,0.5899248
Hammersmith and Fulham,BP5286,0.36317918
Hammersmith and Fulham,BP5638,0.3428256
Hammersmith and Fulham,BP5759,0.53681284
Hammersmith and Fulham,BP6536,0.6550393
Hammersmith and Fulham,C88,0.4824737
Hammersmith and Fulham,C89,0.64696896
Hammersmith and Fulham,C90,0.5977569
Hammersmith and Fulham,C91,0.545745
Hammersmith and Fulham,HC832,0.6780608
Hammersmith and Fulham,HF020,0.7742016
Hammersmith and Fulham,OC781,0.5367981
Hammersmith and Fulham,OC782,0.502218
Hammersmith and Fulham,R0185,0.58156997
Hammersmith and Fulham,R0197,0.69582856
Hammersmith and Fulham,R0199,0.6549561
Hammersmith and Fulham,R0200,0.6119403
Hammersmith and Fulham,R0201,0.5916515
Hammersmith and Fulham,R0261,0.5777253
Hammersmith and Fulham,R0449,0.47619006
Hammersmith and Fulham,R0874,0.64783907
Hammersmith and Fulham,R0875,0.7187146
Hammersmith and Fulham,R0876,0.749386
Hammersmith and Fulham,R0877,0.7221854
Hammersmith and Fulham,R0879,0.72452235
Hammersmith and Fulham,R0880,0.7141745
Hammersmith and Fulham,11567,0.64714473
Hammersmith and Fulham,34124,0.65915656
Hammersmith and Fulham,8903,0.6335181
Hammersmith and Fulham,BP217,0.5573268
Hammersmith and Fulham,BP4095,0.5570384
Hammersmith and Fulham,BP5588,0.54067665
Hammersmith and Fulham,CW20,0.66146165
Haringey,1041,0.5558423
Haringey,1042,0.5277291
Haringey,1043,0.59882945
Haringey,10852,0.5159121
Haringey,10860,0.7483785
Haringey,10864,0.60344726
Haringey,10866,0.60069275
Haringey,10868,0.5914961
Haringey,10942,0.6406591
Haringey,10944,0.62699383
Haringey,10948,0.6122869
Haringey,10951,0.60783726
Haringey,10952,0.527438
Haringey,10953,0.5553403
Haringey,10954,0.55296546
Haringey,10955,0.54992396
Haringey,10957,0.55370235
Haringey,10958,0.5861851
Haringey,10960,0.563606
Haringey,10961,0.5592726
Haringey,10962,0.534272
Haringey,10963,0.5279696
Haringey,10966,0.55735236
Haringey,10967,0.52962625
Haringey,10968,0.5597352
Haringey,10969,0.56249017
Haringey,10973,0.5545969
Haringey,10974,0.5761888
Haringey,10975,0.5579679
Haringey,10978,0.561633
Haringey,10979,0.5601799
Haringey,1100,0.54252076
Haringey,1101,0.54131615
Haringey,11207,0.71039915
Haringey,11208,0.72529423
Haringey,11210,0.70857006
Haringey,11211,0.715331
Haringey,11212,0.5112219
Haringey,11213,0.7138069
Haringey,11215,0.7166773
Haringey,11216,0.511848
Haringey,1142,0.70768166
Haringey,1143,0.7225048
Haringey,1144,0.7179612
Haringey,1145,0.73915595
Haringey,1146,0.74133027
Haringey,1147,0.7548017
Haringey,1148,0.7166139
Haringey,11763,0.5395498
Haringey,11776,0.695806
Haringey,11777,0.6958023
Haringey,11779,0.72835994
Haringey,11780,0.7336556
Haringey,11792,0.5481041
Haringey,12322,0.5772998
Haringey,12324,0.5578264
Haringey,12326,0.56434584
Haringey,12327,0.5625702
Haringey,1234,0.5991429
Haringey,12402,0.5738463
Haringey,1299,0.4871875
Haringey,1300,0.49180958
Haringey,1301,0.52870756
Haringey,1302,0.5700599
Haringey,14356,0.6939971
Haringey,14358,0.72420347
Haringey,14502,0.49634755
Haringey,14675,0.66161567
Haringey,14801,0.5932905
Haringey,14802,0.607757
Haringey,1488,0.62033045
Haringey,15165,0.6800803
Haringey,15166,0.68168294
Haringey,15167,0.63898766
Haringey,15168,0.63990355
Haringey,15599,0.6919429
Haringey,15829,0.7430776
Haringey,15830,0.7428175
Haringey,15831,0.72615314
Haringey,15835,0.62180156
Haringey,15836,0.6107674
Haringey,15837,0.6053685
Haringey,15838,0.59721315
Haringey,15839,0.5965179
Haringey,15840,0.5979556
Haringey,15841,0.60091877
Haringey,16017,0.7239511
Haringey,16018,0.72430634
Haringey,16019,0.677586
Haringey,16020,0.69737434
Haringey,16021,0.691819
Haringey,16022,0.6873332
Haringey,16023,0.6823407
Haringey,16024,0.675522
Haringey,16025,0.68101424
Haringey,16026,0.68365794
Haringey,16027,0.7295403
Haringey,16079,0.70184034
Haringey,16080,0.6927047
Haringey,16081,0.72346795
Haringey,16083,0.51466614
Haringey,16084,0.51947004
Haringey,16085,0.55003047
Haringey,16088,0.597418
Haringey,16089,0.56139445
Haringey,16090,0.5613097
Haringey,16091,0.54713666
Haringey,16092,0.45933262
Haringey,16093,0.49552524
Haringey,16094,0.4901583
Haringey,16095,0.47936842
Haringey,16096,0.49084157
Haringey,16097,0.47691676
Haringey,16098,0.48937044
Haringey,16262,0.72487557
Haringey,16263,0.72579324
Haringey,1662,0.59020984
Haringey,1663,0.6046276
Haringey,1665,0.6164965
Haringey,16982,0.596854
Haringey,17261,0.6449087
Haringey,17264,0.6649714
Haringey,18885,0.53642935
Haringey,18886,0.52118534
Haringey,18887,0.5003833
Haringey,18888,0.5000814
Haringey,18891,0.52690667
Haringey,18892,0.7523132
Haringey,18893,0.47818825
Haringey,18895,0.46743524
Haringey,18896,0.43416545
Haringey,18897,0.63616115
Haringey,18898,0.4797489
Haringey,18899,0.4661756
Haringey,18901,0.48994046
Haringey,18902,0.48128682
Haringey,1908,0.73410815
Haringey,1909,0.73123705
Haringey,1910,0.726144
Haringey,1912,0.6703963
Haringey,1913,0.6680979
Haringey,19603,0.7010695
Haringey,19604,0.68406194
Haringey,19605,0.68244225
Haringey,2009,0.6127403
Haringey,201,0.6761946
Haringey,2012,0.6765333
Haringey,2075,0.6063584
Haringey,2076,0.6067113
Haringey,20776,0.59926486
Haringey,2080,0.5945578
Haringey,2254,0.5250161
Haringey,23341,0.64420104
Haringey,25163,0.72449756
Haringey,25164,0.5434669
Haringey,25207,0.467646
Haringey,25209,0.46935126
Haringey,25210,0.46930462
Haringey,25211,0.4461045
Haringey,25212,0.44809246
Haringey,25213,0.508612
Haringey,25214,0.49414486
Haringey,25215,0.5072147
Haringey,25216,0.5062268
Haringey,25217,0.5497022
Haringey,25218,0.5463808
Haringey,25219,0.55979997
Haringey,25220,0.5758853
Haringey,25221,0.4816146
Haringey,25222,0.4803642
Haringey,25223,0.45281142
Haringey,25224,0.47410694
Haringey,25225,0.43932286
Haringey,25226,0.4617332
Haringey,25227,0.43542567
Haringey,25228,0.43428215
Haringey,25229,0.43287408
Haringey,25230,0.43626627
Haringey,25362,0.57120746
Haringey,25366,0.7059561
Haringey,25478,0.6998607
Haringey,25597,0.5368568
Haringey,25598,0.54028046
Haringey,26437,0.47735026
Haringey,26439,0.48592693
Haringey,26440,0.49772552
Haringey,26441,0.52047485
Haringey,26442,0.5239025
Haringey,26443,0.53067815
Haringey,26444,0.5313004
Haringey,26445,0.57435447
Haringey,26446,0.5687414
Haringey,26447,0.54172564
Haringey,26448,0.55932516
Haringey,26449,0.55546767
Haringey,26450,0.5615339
Haringey,26451,0.5402019
Haringey,26452,0.532065
Haringey,26453,0.5328078
Haringey,26454,0.5328026
Haringey,26544,0.69584864
Haringey,26545,0.6876725
Haringey,26973,0.58770496
Haringey,2734,0.6426846
Haringey,27462,0.72139305
Haringey,27927,0.49198928
Haringey,2923,0.5335075
Haringey,2927,0.5101977
Haringey,2929,0.5012311
Haringey,29426,0.5842326
Haringey,29427,0.59789056
Haringey,29688,0.5268386
Haringey,29691,0.465739
Haringey,29720,0.549433
Haringey,29721,0.5577639
Haringey,29722,0.55993795
Haringey,29723,0.5411833
Haringey,29724,0.56962055
Haringey,29725,0.5744914
Haringey,29775,0.6306945
Haringey,29955,0.54281324
Haringey,30743,0.6249803
Haringey,33037,0.6960922
Haringey,33038,0.7088068
Haringey,33141,0.73238504
Haringey,33692,0.515352
Haringey,33694,0.62734795
Haringey,33696,0.6212452
Haringey,33760,0.58558744
Haringey,33971,0.59049976
Haringey,34082,0.5922329
Haringey,34287,0.558826
Haringey,34624,0.68753564
Haringey,34625,0.69390583
Haringey,34626,0.6948115
Haringey,34627,0.7004106
Haringey,34628,0.7010112
Haringey,34890,0.5062893
Haringey,3505,0.6202304
Haringey,35608,0.47118434
Haringey,35609,0.45318183
Haringey,35610,0.43602127
Haringey,35612,0.45745808
Haringey,35613,0.47068286
Haringey,35614,0.4775579
Haringey,35615,0.48135257
Haringey,35616,0.43329492
Haringey,35617,0.46474025
Haringey,35618,0.47314543
Haringey,35893,0.49767873
Haringey,35909,0.6753792
Haringey,35934,0.5239492
Haringey,35979,0.4974411
Haringey,3617,0.6393988
Haringey,36850,0.55685866
Haringey,375,0.67232764
Haringey,376,0.54962486
Haringey,4709,0.6842092
Haringey,4710,0.6957443
Haringey,4711,0.6193735
Haringey,4833,0.53613704
Haringey,4838,0.5868383
Haringey,4839,0.57087487
Haringey,4840,0.57801914
Haringey,4842,0.541521
Haringey,635,0.7266388
Haringey,6618,0.513495
Haringey,670,0.62792665
Haringey,671,0.63187325
Haringey,70101,0.69442385
Haringey,70227,0.6474971
Haringey,70229,0.6368642
Haringey,70340,0.5619595
Haringey,70351,0.6784954
Haringey,70356,0.49974644
Haringey,759,0.60694855
Haringey,760,0.6015797
Haringey,80010,0.7320928
Haringey,802,0.49441972
Haringey,803,0.5059576
Haringey,804,0.57520264
Haringey,805,0.5600772
Haringey,9110,0.6072797
Haringey,9431,0.7480705
Haringey,9432,0.75309706
Haringey,9443,0.7025155
Haringey,9444,0.6999399
Haringey,9446,0.73688954
Haringey,958,0.603394
Haringey,959,0.59896433
Haringey,960,0.55935645
Haringey,961,0.5627067
Haringey,962,0.62084275
Haringey,9647,0.602588
Haringey,9863,0.7248663
Haringey,9864,0.7337329
Haringey,9869,0.66870713
Haringey,9871,0.6730785
Haringey,9872,0.66127187
Haringey,9873,0.7324901
Haringey,9874,0.70850164
Haringey,9877,0.7160053
Haringey,9964,0.4880422
Haringey,9968,0.50563663
Haringey,9970,0.49592683
Haringey,9971,0.49662277
Haringey,9972,0.67241496
Haringey,9973,0.6813905
Haringey,9976,0.5180134
Haringey,9977,0.52654195
Haringey,9979,0.51304895
Haringey,9980,0.50742936
Haringey,9981,0.50668705
Haringey,9982,0.6649732
Haringey,9984,0.6562643
Haringey,9985,0.66816366
Haringey,9986,0.54477626
Haringey,9988,0.53707385
Haringey,9989,0.5269553
Haringey,9990,0.5821988
Haringey,9991,0.5814814
Haringey,9992,0.5619785
Haringey,9993,0.56615657
Haringey,BP083,0.72380406
Haringey,BP1011,0.65795696
Haringey,BP1062,0.51445234
Haringey,BP1794,0.6086342
Haringey,BP1795,0.6236573
Haringey,BP1985,0.61538166
Haringey,BP2074,0.61849135
Haringey,BP2299,0.63748646
Haringey,BP238,0.44852567
Haringey,BP2597,0.6954282
Haringey,BP2745,0.50275314
Haringey,BP2746,0.5358072
Haringey,BP2747,0.5027999
Haringey,BP2748,0.49746105
Haringey,BP2749,0.49996328
Haringey,BP276,0.44671485
Haringey,BP277,0.5025444
Haringey,BP2778,0.6480942
Haringey,BP2831,0.58505195
Haringey,BP3088,0.52116144
Haringey,BP3116,0.72953576
Haringey,BP3122,0.5109367
Haringey,BP3193,0.53741795
Haringey,BP3230,0.7273634
Haringey,BP3245,0.6557935
Haringey,BP3248,0.6543073
Haringey,BP3250,0.6697689
Haringey,BP3383,0.61270505
Haringey,BP3762,0.5098787
Haringey,BP3763,0.48687178
Haringey,BP3764,0.48043123
Haringey,BP3886,0.51352835
Haringey,BP3888,0.47037408
Haringey,BP4306,0.7090963
Haringey,BP4327,0.53394073
Haringey,BP4342,0.4950779
Haringey,BP4343,0.5223636
Haringey,BP4345,0.47534332
Haringey,BP4347,0.46466672
Haringey,BP4348,0.51940715
Haringey,BP4351,0.49230054
Haringey,BP4352,0.5063754
Haringey,BP4353,0.49950358
Haringey,BP4638,0.44926327
Haringey,BP4669,0.51914483
Haringey,BP5121,0.6972476
Haringey,BP5159,0.5183196
Haringey,BP5432,0.5876977
Haringey,BP5634,0.51582545
Haringey,BP5745,0.7133312
Haringey,BP5758,0.55687344
Haringey,BP5835,0.5068373
Haringey,BP5836,0.5118414
Haringey,BP5936,0.5683339
Haringey,BP5979,0.53275704
Haringey,BP6002,0.5533927
Haringey,BP6061,0.67923605
Haringey,BP6063,0.6548208
Haringey,BP6064,0.67208
Haringey,BP6065,0.62927306
Haringey,BP6066,0.6475103
Haringey,BP6067,0.6487886
Haringey,BP6223,0.46826193
Haringey,BP6224,0.45616794
Haringey,BP6225,0.4873061
Haringey,BP6226,0.45785493
Haringey,BP6227,0.43043882
Haringey,BP6228,0.46834856
Haringey,BP6229,0.6675729
Haringey,BP6231,0.5023895
Haringey,BP6232,0.4460956
Haringey,BP6233,0.47088188
Haringey,BP6234,0.49098566
Haringey,BP6242,0.5310337
Haringey,BP6361,0.5002854
Haringey,BP6362,0.49595636
Haringey,BP6363,0.49019706
Haringey,BP6364,0.48577952
Haringey,BP6365,0.48243418
Haringey,BP6366,0.49066016
Haringey,BP6367,0.49058884
Haringey,BP6368,0.49002296
Haringey,BP6369,0.50204515
Haringey,BP6370,0.46581846
Haringey,BP6371,0.47175926
Haringey,BP6372,0.4943202
Haringey,BP6373,0.46584222
Haringey,BP6374,0.48839533
Haringey,BP6375,0.48848328
Haringey,BP653,0.6790685
Haringey,BP833,0.56722856
Haringey,BP960,0.6330305
Haringey,HC119,0.6632621
Haringey,HC120,0.49504647
Haringey,HC173,0.50650036
Haringey,HC174,0.51914245
Haringey,HC175,0.46012157
Haringey,HC179,0.48189414
Haringey,HC180,0.46853676
Haringey,HC181,0.5185446
Haringey,HC252,0.66554505
Haringey,HC253,0.6437831
Haringey,HC254,0.6364074
Haringey,HC255,0.4286464
Haringey,HC256,0.5104194
Haringey,HC257,0.47495785
Haringey,HC258,0.48317757
Haringey,HC259,0.50973105
Haringey,HC260,0.5347978
Haringey,HC261,0.6327867
Haringey,HC262,0.64019495
Haringey,HC263,0.6564948
Haringey,HC264,0.659406
Haringey,HC476,0.6655713
Haringey,HC477,0.66111743
Haringey,HC478,0.6004611
Haringey,HC479,0.6104523
Haringey,HC480,0.6414063
Haringey,HC481,0.4208478
Haringey,HC482,0.42465204
Haringey,HC483,0.42998242
Haringey,HC484,0.40939993
Haringey,HC485,0.42274433
Haringey,HC486,0.4343884
Haringey,HC487,0.41338882
Haringey,HC488,0.4720676
Haringey,HC489,0.4396484
Haringey,HC490,0.47388858
Haringey,HC491,0.4656569
Haringey,HC492,0.46740463
Haringey,HC493,0.47606936
Haringey,OC639,0.49520048
Haringey,OC661,0.4981596
Haringey,OC687,0.516019
Haringey,R0307,0.59454626
Haringey,R0722,0.6052625
Haringey,BP3765,0.45215365
Haringey,BP3887,0.50257266
Harrow,11758,0.43965447
Harrow,11759,0.43728593
Harrow,12882,0.53925765
Harrow,12883,0.563236
Harrow,12884,0.4355368
Harrow,12885,0.38551342
Harrow,13420,0.49164027
Harrow,14103,0.46360904
Harrow,14104,0.44640762
Harrow,14361,0.48691988
Harrow,14362,0.47857484
Harrow,14586,0.3585822
Harrow,14803,0.387975
Harrow,14841,0.43432236
Harrow,14919,0.39026225
Harrow,15017,0.37175688
Harrow,15018,0.3868952
Harrow,15019,0.33295932
Harrow,15020,0.3440985
Harrow,15021,0.3494848
Harrow,15023,0.41498208
Harrow,15024,0.44883925
Harrow,15025,0.43012363
Harrow,15026,0.43550295
Harrow,15027,0.42863306
Harrow,15028,0.4146618
Harrow,15029,0.47275585
Harrow,15030,0.45274612
Harrow,15031,0.47496948
Harrow,15032,0.47615287
Harrow,15033,0.4649004
Harrow,15034,0.5395701
Harrow,15035,0.4482002
Harrow,15036,0.4962342
Harrow,15037,0.5236873
Harrow,15038,0.43112367
Harrow,15263,0.49427652
Harrow,16035,0.5074266
Harrow,16036,0.51085806
Harrow,16037,0.4304757
Harrow,16040,0.35769284
Harrow,16041,0.43998343
Harrow,16043,0.41984874
Harrow,16044,0.38837466
Harrow,16046,0.5438735
Harrow,16047,0.4544795
Harrow,16048,0.43326202
Harrow,16049,0.4231645
Harrow,16050,0.42422578
Harrow,16051,0.4400772
Harrow,16052,0.42849
Harrow,16053,0.44730136
Harrow,16054,0.47318316
Harrow,16055,0.4866578
Harrow,16056,0.45628163
Harrow,16057,0.46787575
Harrow,16058,0.5416019
Harrow,16059,0.46769878
Harrow,16061,0.5467828
Harrow,16062,0.5455882
Harrow,16063,0.5794992
Harrow,16064,0.5726352
Harrow,16113,0.5120697
Harrow,16114,0.46878755
Harrow,16115,0.47814456
Harrow,16117,0.3783949
Harrow,16119,0.56160355
Harrow,16120,0.5633131
Harrow,16121,0.43929705
Harrow,16122,0.39053324
Harrow,16123,0.39827612
Harrow,16124,0.40807942
Harrow,16126,0.32658026
Harrow,16127,0.32882926
Harrow,16130,0.45081046
Harrow,16131,0.46064496
Harrow,16132,0.4672387
Harrow,16133,0.48073187
Harrow,16134,0.36646983
Harrow,16135,0.3862132
Harrow,16136,0.40254995
Harrow,16137,0.4015068
Harrow,16138,0.39281034
Harrow,16139,0.39076892
Harrow,16397,0.46998453
Harrow,16398,0.5272141
Harrow,16399,0.39290398
Harrow,16400,0.44718203
Harrow,16401,0.5007879
Harrow,16402,0.48441216
Harrow,16403,0.43434045
Harrow,16404,0.3935242
Harrow,16405,0.3830677
Harrow,16406,0.369673
Harrow,16407,0.4380281
Harrow,16408,0.40688875
Harrow,16409,0.37234536
Harrow,16410,0.3639347
Harrow,16411,0.36810538
Harrow,16412,0.3742551
Harrow,16413,0.3713337
Harrow,16415,0.39885557
Harrow,16416,0.506285
Harrow,16417,0.49727786
Harrow,16418,0.52751863
Harrow,16419,0.5167731
Harrow,16420,0.59271634
Harrow,16421,0.56344444
Harrow,16422,0.5601317
Harrow,16423,0.546419
Harrow,16425,0.45269418
Harrow,16596,0.3836534
Harrow,16597,0.40756816
Harrow,16974,0.46685964
Harrow,16976,0.4747192
Harrow,17081,0.4789086
Harrow,17082,0.47625872
Harrow,17083,0.5312943
Harrow,17084,0.53098553
Harrow,17085,0.4621048
Harrow,17086,0.46180478
Harrow,17087,0.4672302
Harrow,17088,0.46695867
Harrow,17089,0.50743914
Harrow,17090,0.49258384
Harrow,17091,0.50051785
Harrow,17118,0.3699297
Harrow,17175,0.47081506
Harrow,17177,0.47469544
Harrow,17179,0.4650537
Harrow,17181,0.45791805
Harrow,17182,0.4026379
Harrow,17183,0.39758757
Harrow,17184,0.3694148
Harrow,17185,0.34499413
Harrow,17186,0.3400627
Harrow,17187,0.34467217
Harrow,17188,0.3908093
Harrow,17189,0.38859352
Harrow,17190,0.47090715
Harrow,17191,0.47688958
Harrow,17193,0.47003514
Harrow,17194,0.47127032
Harrow,17195,0.50799054
Harrow,17196,0.4902383
Harrow,17197,0.4700532
Harrow,17198,0.4615439
Harrow,17474,0.39924163
Harrow,1756,0.3266242
Harrow,17663,0.33896902
Harrow,18453,0.49444813
Harrow,18455,0.44525152
Harrow,18459,0.36425585
Harrow,18460,0.3697796
Harrow,18462,0.4898801
Harrow,18910,0.3421886
Harrow,19221,0.35940665
Harrow,19223,0.5211059
Harrow,19224,0.64953244
Harrow,19225,0.64692193
Harrow,19226,0.6340436
Harrow,19227,0.6225338
Harrow,20041,0.36282235
Harrow,20436,0.43860856
Harrow,20536,0.48537108
Harrow,20958,0.40965128
Harrow,24330,0.4819539
Harrow,25193,0.44850785
Harrow,25194,0.5028791
Harrow,2534,0.3981276
Harrow,25453,0.43492728
Harrow,26388,0.41222993
Harrow,26389,0.38887307
Harrow,26390,0.37155285
Harrow,26392,0.3969555
Harrow,26393,0.36928725
Harrow,26394,0.37193486
Harrow,26395,0.5091038
Harrow,26396,0.53926516
Harrow,26397,0.53083557
Harrow,26398,0.5304486
Harrow,26399,0.5108621
Harrow,26412,0.46641126
Harrow,26413,0.4883163
Harrow,26455,0.5110208
Harrow,26456,0.5517522
Harrow,26457,0.53159726
Harrow,26458,0.58616805
Harrow,26459,0.596315
Harrow,26460,0.5841812
Harrow,26461,0.58229053
Harrow,26462,0.5090033
Harrow,26463,0.45781514
Harrow,26464,0.46297455
Harrow,26471,0.56258214
Harrow,26472,0.38337928
Harrow,26473,0.5000148
Harrow,26524,0.44883126
Harrow,26527,0.45753762
Harrow,26528,0.4322119
Harrow,26529,0.43463677
Harrow,26530,0.41915965
Harrow,26531,0.39744595
Harrow,26532,0.4091163
Harrow,26533,0.47283995
Harrow,26534,0.50758404
Harrow,26535,0.37340337
Harrow,26983,0.36766016
Harrow,26984,0.37121624
Harrow,26988,0.5567832
Harrow,26989,0.58941984
Harrow,27498,0.45696196
Harrow,27499,0.524742
Harrow,27500,0.53185433
Harrow,27501,0.5726178
Harrow,27502,0.56404614
Harrow,27503,0.5337276
Harrow,27504,0.5337387
Harrow,27505,0.40956098
Harrow,27506,0.38139293
Harrow,27507,0.4140782
Harrow,27508,0.42639107
Harrow,27560,0.502802
Harrow,27561,0.50707626
Harrow,27645,0.4053803
Harrow,27646,0.37461978
Harrow,27820,0.49755794
Harrow,29073,0.3969057
Harrow,29074,0.39844888
Harrow,29075,0.44715944
Harrow,29076,0.42877367
Harrow,29077,0.41377306
Harrow,29078,0.39030942
Harrow,29079,0.38566908
Harrow,29080,0.39041975
Harrow,29083,0.42921698
Harrow,29084,0.44026598
Harrow,29293,0.44775903
Harrow,29326,0.45596346
Harrow,29369,0.53025925
Harrow,29497,0.44314414
Harrow,29498,0.44424927
Harrow,29611,0.38492444
Harrow,29842,0.3572905
Harrow,2987,0.43184114
Harrow,2989,0.3897484
Harrow,29948,0.42801788
Harrow,29949,0.42712328
Harrow,29950,0.44132632
Harrow,29951,0.41717416
Harrow,29952,0.48777476
Harrow,29953,0.4751309
Harrow,30496,0.43260098
Harrow,33024,0.5096689
Harrow,33026,0.4647241
Harrow,33028,0.460791
Harrow,33534,0.49278656
Harrow,33535,0.4779638
Harrow,33536,0.47826722
Harrow,33537,0.49134475
Harrow,33538,0.48645183
Harrow,33539,0.5130276
Harrow,33542,0.4958507
Harrow,33570,0.4977159
Harrow,33571,0.4766973
Harrow,34000,0.38499668
Harrow,34001,0.40603223
Harrow,34002,0.40836322
Harrow,34003,0.44682392
Harrow,34004,0.41862196
Harrow,34005,0.40568352
Harrow,34056,0.5714196
Harrow,34057,0.5649822
Harrow,34058,0.5397043
Harrow,34087,0.4013352
Harrow,34328,0.31758246
Harrow,34522,0.44585776
Harrow,34523,0.50422055
Harrow,34975,0.35955295
Harrow,3558,0.37409297
Harrow,3559,0.37778917
Harrow,35683,0.5130626
Harrow,35684,0.5282834
Harrow,35688,0.3973348
Harrow,36663,0.4298961
Harrow,37242,0.44261232
Harrow,37243,0.45284835
Harrow,37291,0.5351156
Harrow,37292,0.36578566
Harrow,37309,0.3599789
Harrow,37312,0.366214
Harrow,37314,0.44046766
Harrow,37920,0.56206477
Harrow,4543,0.46937364
Harrow,4546,0.39032558
Harrow,4547,0.39175078
Harrow,4550,0.49371436
Harrow,4551,0.49537882
Harrow,4691,0.48039877
Harrow,4880,0.5516018
Harrow,6070,0.37952223
Harrow,70117,0.39646
Harrow,70224,0.50064075
Harrow,70225,0.49832112
Harrow,70226,0.49772918
Harrow,7500,0.47438645
Harrow,7501,0.44397184
Harrow,7502,0.46908796
Harrow,7503,0.45704368
Harrow,7504,0.4519053
Harrow,9111,0.3826833
Harrow,9112,0.39572868
Harrow,9441,0.34079063
Harrow,9442,0.34062248
Harrow,BP1007,0.4294012
Harrow,BP101,0.4979244
Harrow,BP137,0.4245975
Harrow,BP1395,0.40287527
Harrow,BP146,0.36514091
Harrow,BP1495,0.3678352
Harrow,BP1769,0.49693036
Harrow,BP1770,0.50525993
Harrow,BP1771,0.5090516
Harrow,BP1772,0.52810466
Harrow,BP1773,0.5014768
Harrow,BP1774,0.5085617
Harrow,BP1775,0.5148539
Harrow,BP1784,0.5674195
Harrow,BP1945,0.36891487
Harrow,BP1983,0.44837603
Harrow,BP1984,0.44037458
Harrow,BP2378,0.37551734
Harrow,BP2751,0.43649554
Harrow,BP2791,0.3967347
Harrow,BP2863,0.53028286
Harrow,BP2864,0.5291799
Harrow,BP2927,0.46318334
Harrow,BP2928,0.46718946
Harrow,BP2929,0.47941768
Harrow,BP2930,0.48001644
Harrow,BP2931,0.51990896
Harrow,BP2932,0.5247536
Harrow,BP2933,0.4775411
Harrow,BP2934,0.49370396
Harrow,BP2935,0.45125955
Harrow,BP2936,0.43852583
Harrow,BP2937,0.561811
Harrow,BP2938,0.5855352
Harrow,BP2939,0.5108644
Harrow,BP2940,0.5091144
Harrow,BP2941,0.5128169
Harrow,BP3036,0.4155483
Harrow,BP3037,0.4073104
Harrow,BP3073,0.34789315
Harrow,BP3117,0.5832834
Harrow,BP3119,0.42607728
Harrow,BP3443,0.41398215
Harrow,BP3444,0.5791884
Harrow,BP3497,0.43525633
Harrow,BP397,0.599459
Harrow,BP398,0.5987287
Harrow,BP399,0.55517197
Harrow,BP400,0.5478621
Harrow,BP409,0.6026909
Harrow,BP410,0.6045597
Harrow,BP411,0.51774037
Harrow,BP4190,0.4212871
Harrow,BP4330,0.46163562
Harrow,BP4379,0.3726086
Harrow,BP4507,0.46616492
Harrow,BP452,0.5367591
Harrow,BP453,0.44862503
Harrow,BP454,0.5406496
Harrow,BP455,0.4618364
Harrow,BP5513,0.60376847
Harrow,BP5590,0.44133115
Harrow,BP5592,0.3655952
Harrow,BP5820,0.5195237
Harrow,BP5899,0.45332354
Harrow,BP591,0.53471684
Harrow,BP6390,0.5625503
Harrow,BP6417,0.42807752
Harrow,BP721,0.41741422
Harrow,BP722,0.4193889
Harrow,BP893,0.43670502
Harrow,CW13,0.37218335
Harrow,CW14,0.37164134
Harrow,HC198,0.41195893
Harrow,HC199,0.6123988
Harrow,HC200,0.56322455
Harrow,HC207,0.57302535
Harrow,HC208,0.41402096
Harrow,HC209,0.41359887
Harrow,HC588,0.40417287
Harrow,HC589,0.41871667
Harrow,HC590,0.44743934
Harrow,HC591,0.44130135
Harrow,HC592,0.42705816
Harrow,HC593,0.43390062
Harrow,HC594,0.4306947
Harrow,HC595,0.42984387
Harrow,HC596,0.44435123
Harrow,HC597,0.44486848
Harrow,HC598,0.5002613
Harrow,HC599,0.56177044
Harrow,HC600,0.59167254
Harrow,HC601,0.60701406
Harrow,HC602,0.59958297
Harrow,M1,0.48921666
Harrow,M18,0.4364162
Harrow,M19,0.4389911
Harrow,M2,0.4991496
Harrow,M3,0.48572978
Harrow,M4,0.48633277
Harrow,M47,0.5573978
Harrow,M6,0.4092485
Harrow,OC468,0.61141884
Harrow,OC469,0.57347983
Harrow,R0189,0.367279
Harrow,R0327,0.4119592
Harrow,R0370,0.5107541
Harrow,R0491,0.47954434
Harrow,R0545,0.4976054
Harrow,14931,0.4303311
Harrow,16414,0.4112612
Harrow,BP447,0.526271
Harrow,BP448,0.41830266
Harrow,BP449,0.40950787
Harrow,BP450,0.5542133
Harrow,BP451,0.41117772
Harrow,BP456,0.41953906
Harrow,BP5591,0.3842455
Havering,11118,0.61147714
Havering,11119,0.6014722
Havering,1238,0.6516506
Havering,12904,0.5685358
Havering,12905,0.56894267
Havering,14388,0.6513642
Havering,14662,0.5272421
Havering,14663,0.5124463
Havering,14696,0.55622613
Havering,18028,0.6503644
Havering,18029,0.6346429
Havering,18031,0.5559579
Havering,18032,0.6073669
Havering,18033,0.52507675
Havering,18034,0.5375685
Havering,18036,0.56047946
Havering,18037,0.5676168
Havering,18038,0.64486235
Havering,18039,0.6270585
Havering,18040,0.5415545
Havering,18041,0.5037457
Havering,18244,0.65613127
Havering,18245,0.64265823
Havering,18246,0.6354371
Havering,18247,0.62542874
Havering,18248,0.622072
Havering,18249,0.44249365
Havering,18250,0.44573927
Havering,18251,0.38369825
Havering,18252,0.37556607
Havering,18253,0.49687234
Havering,18255,0.5311233
Havering,18256,0.5897329
Havering,18257,0.62667286
Havering,18258,0.6278526
Havering,18259,0.7036257
Havering,18260,0.7146036
Havering,18261,0.72931784
Havering,18263,0.6699229
Havering,18264,0.6823477
Havering,18265,0.5868988
Havering,18266,0.6268754
Havering,18267,0.61288536
Havering,18268,0.64610267
Havering,18269,0.70379186
Havering,18280,0.51866335
Havering,18281,0.52251685
Havering,18282,0.5394313
Havering,18283,0.5402835
Havering,18284,0.54145175
Havering,18285,0.5439705
Havering,18286,0.5769459
Havering,18287,0.5764196
Havering,18289,0.6675131
Havering,18292,0.5508131
Havering,18293,0.5784845
Havering,18294,0.47074658
Havering,18295,0.48784822
Havering,18316,0.4959506
Havering,18317,0.49705935
Havering,18318,0.50181717
Havering,18347,0.5176899
Havering,18348,0.5650339
Havering,18349,0.51839054
Havering,18350,0.5426933
Havering,18353,0.64722425
Havering,18354,0.6118877
Havering,18355,0.56595355
Havering,18356,0.6033224
Havering,18357,0.6013052
Havering,18358,0.62266994
Havering,18359,0.64172614
Havering,18360,0.6495514
Havering,18362,0.5822121
Havering,18363,0.56026244
Havering,18364,0.54903346
Havering,18365,0.5691562
Havering,18372,0.5262863
Havering,18374,0.3927584
Havering,18375,0.5075318
Havering,18376,0.4037724
Havering,18377,0.40677994
Havering,18378,0.439335
Havering,18379,0.43807653
Havering,18380,0.42312866
Havering,18381,0.422322
Havering,18382,0.4591329
Havering,18383,0.456241
Havering,18384,0.5870862
Havering,18385,0.5902362
Havering,18386,0.5869809
Havering,18387,0.6451176
Havering,18388,0.5556557
Havering,18389,0.5662562
Havering,18397,0.5273894
Havering,18398,0.564415
Havering,18399,0.5927434
Havering,18400,0.5943378
Havering,18401,0.6628144
Havering,18402,0.6625906
Havering,18403,0.68674195
Havering,18404,0.6850456
Havering,18405,0.57224596
Havering,18406,0.6088825
Havering,18407,0.5759709
Havering,18408,0.58015424
Havering,18409,0.5639489
Havering,18410,0.559452
Havering,18411,0.5607204
Havering,18412,0.57842225
Havering,18413,0.5479726
Havering,18414,0.54225886
Havering,18415,0.59708035
Havering,18416,0.6323252
Havering,18417,0.5779436
Havering,18418,0.5745101
Havering,18419,0.59073347
Havering,18420,0.5535356
Havering,18421,0.5715409
Havering,18422,0.53583413
Havering,18423,0.5589376
Havering,18424,0.51483685
Havering,18425,0.48647332
Havering,18426,0.47329774
Havering,18427,0.45614496
Havering,18428,0.4542033
Havering,18429,0.3683164
Havering,18430,0.41470262
Havering,18431,0.41120556
Havering,18432,0.4025879
Havering,18441,0.49923027
Havering,18442,0.49146456
Havering,18443,0.5388869
Havering,18444,0.54729486
Havering,18445,0.5273629
Havering,18446,0.53326076
Havering,18447,0.6395142
Havering,18448,0.6439058
Havering,18449,0.64796436
Havering,18450,0.6703913
Havering,18451,0.652456
Havering,18452,0.6519519
Havering,18468,0.61459816
Havering,18469,0.6642168
Havering,18470,0.6404892
Havering,18477,0.5997375
Havering,18478,0.6339643
Havering,18480,0.6057403
Havering,18481,0.62059456
Havering,18482,0.60444635
Havering,18483,0.584383
Havering,18484,0.482047
Havering,18485,0.4752677
Havering,18486,0.4483303
Havering,18487,0.41221854
Havering,18488,0.40940067
Havering,18489,0.51751935
Havering,18490,0.5108833
Havering,18491,0.51789355
Havering,18492,0.45740777
Havering,18493,0.5465389
Havering,18494,0.51156765
Havering,18495,0.5024184
Havering,18498,0.48006797
Havering,18499,0.56111765
Havering,18500,0.5725798
Havering,18501,0.5566207
Havering,18502,0.569674
Havering,18503,0.4909071
Havering,19265,0.54414946
Havering,19266,0.5184958
Havering,19267,0.54078346
Havering,19268,0.5563864
Havering,19870,0.52931875
Havering,19871,0.5189567
Havering,19872,0.50881267
Havering,19873,0.5014935
Havering,19874,0.4833525
Havering,19875,0.47623932
Havering,19876,0.48685607
Havering,19877,0.4705565
Havering,19878,0.54732907
Havering,19879,0.51639515
Havering,20056,0.6208209
Havering,20058,0.580683
Havering,20059,0.5660438
Havering,20060,0.5457673
Havering,20061,0.5342837
Havering,20062,0.5344032
Havering,20063,0.5005211
Havering,20064,0.500744
Havering,20065,0.5609065
Havering,20066,0.5195457
Havering,20067,0.5146506
Havering,20068,0.5035685
Havering,20069,0.54617125
Havering,20070,0.5535189
Havering,20071,0.5821683
Havering,20073,0.687485
Havering,20074,0.68870544
Havering,20076,0.4953464
Havering,20077,0.54459286
Havering,20078,0.42249313
Havering,20079,0.4213643
Havering,20080,0.45716676
Havering,20081,0.42958286
Havering,20082,0.46586877
Havering,20084,0.5466115
Havering,20345,0.642154
Havering,20361,0.47602975
Havering,20362,0.47975695
Havering,20420,0.5785969
Havering,20421,0.59564537
Havering,20422,0.53708315
Havering,20423,0.54988235
Havering,20479,0.6348294
Havering,20511,0.5285422
Havering,20512,0.492992
Havering,20517,0.502881
Havering,20545,0.51408064
Havering,20546,0.5178891
Havering,20575,0.6207438
Havering,20647,0.54945403
Havering,20648,0.5514772
Havering,20718,0.54349154
Havering,20806,0.6243338
Havering,20807,0.63558817
Havering,20989,0.44571048
Havering,20990,0.44876096
Havering,2245,0.68813896
Havering,23186,0.526586
Havering,2491,0.5465462
Havering,2492,0.4995736
Havering,25108,0.4361889
Havering,25109,0.4409054
Havering,25138,0.6373529
Havering,25139,0.5764054
Havering,25140,0.62903017
Havering,25141,0.6094863
Havering,25153,0.45367974
Havering,25154,0.4043898
Havering,25233,0.61847645
Havering,25234,0.5831581
Havering,25235,0.49035874
Havering,25236,0.5432065
Havering,25237,0.46206424
Havering,25238,0.48111966
Havering,25239,0.51562923
Havering,25240,0.46320525
Havering,25241,0.53442305
Havering,25242,0.53060824
Havering,25470,0.5758068
Havering,25471,0.5947619
Havering,25615,0.5638645
Havering,25616,0.56850076
Havering,25617,0.5796197
Havering,25618,0.5108351
Havering,25619,0.5798471
Havering,25620,0.5843228
Havering,25625,0.57177085
Havering,25626,0.5707862
Havering,25707,0.45702067
Havering,25708,0.45832285
Havering,26178,0.5692842
Havering,26179,0.57250774
Havering,26180,0.49636334
Havering,26181,0.526779
Havering,26182,0.5462429
Havering,26183,0.574412
Havering,26506,0.62571955
Havering,26507,0.60929394
Havering,26508,0.62443995
Havering,26509,0.63598377
Havering,26510,0.60672677
Havering,26511,0.6156344
Havering,26546,0.44788662
Havering,26547,0.46150964
Havering,26548,0.48163837
Havering,26549,0.4865055
Havering,26550,0.47439772
Havering,26551,0.46224862
Havering,26554,0.60446256
Havering,26555,0.6028317
Havering,26556,0.5756122
Havering,26557,0.6076021
Havering,26558,0.5823636
Havering,26559,0.6299236
Havering,26560,0.6288475
Havering,2660,0.5236749
Havering,26792,0.584725
Havering,26793,0.59328294
Havering,26794,0.5911247
Havering,26795,0.6017735
Havering,26797,0.6082366
Havering,26798,0.6459676
Havering,26799,0.5256761
Havering,26800,0.57902026
Havering,26801,0.527
Havering,26802,0.52266777
Havering,26803,0.48798838
Havering,26804,0.493264
Havering,26805,0.4911352
Havering,26806,0.49055865
Havering,26807,0.52091897
Havering,26808,0.4854478
Havering,26809,0.4758699
Havering,26810,0.45797455
Havering,26811,0.61012447
Havering,26813,0.5111365
Havering,27463,0.5619069
Havering,27464,0.5550624
Havering,27465,0.5674453
Havering,27466,0.56878823
Havering,27467,0.585026
Havering,27468,0.5861025
Havering,27469,0.5455353
Havering,27470,0.53230447
Havering,27471,0.6030359
Havering,27472,0.6336196
Havering,27480,0.5677328
Havering,27481,0.49139234
Havering,27680,0.58210623
Havering,27707,0.6121144
Havering,27876,0.46148914
Havering,27877,0.45678163
Havering,27917,0.5493321
Havering,27918,0.5912753
Havering,27919,0.503852
Havering,27920,0.4556902
Havering,27921,0.47749913
Havering,27922,0.48500216
Havering,27923,0.5052515
Havering,27998,0.51021826
Havering,27999,0.5240319
Havering,29000,0.50803626
Havering,29001,0.4918535
Havering,29002,0.4950965
Havering,29003,0.50546396
Havering,29006,0.5337773
Havering,29007,0.5501762
Havering,29105,0.6179367
Havering,29106,0.5882328
Havering,29107,0.58051085
Havering,29108,0.56349
Havering,29109,0.54785013
Havering,29110,0.5147251
Havering,29111,0.5473148
Havering,29112,0.48249045
Havering,29113,0.5088209
Havering,29114,0.5331221
Havering,29146,0.51911193
Havering,29163,0.5344528
Havering,29165,0.50224066
Havering,29166,0.4877294
Havering,29167,0.49725273
Havering,29168,0.49610278
Havering,29169,0.49708226
Havering,29170,0.49668205
Havering,29184,0.49251997
Havering,29200,0.5272359
Havering,29201,0.5383461
Havering,29202,0.4763495
Havering,29203,0.52051806
Havering,29204,0.49100274
Havering,29205,0.49966606
Havering,29331,0.51708114
Havering,29332,0.49878666
Havering,29333,0.51232255
Havering,29335,0.46503597
Havering,29336,0.48073524
Havering,29337,0.45465788
Havering,29338,0.47085482
Havering,29339,0.5678938
Havering,29340,0.5597752
Havering,29394,0.540415
Havering,29395,0.5385788
Havering,29408,0.4487314
Havering,29409,0.44685668
Havering,29460,0.35416353
Havering,29523,0.5846777
Havering,29524,0.55558103
Havering,29525,0.57093626
Havering,29526,0.5637531
Havering,29527,0.5807791
Havering,29528,0.59526485
Havering,29529,0.6317043
Havering,29906,0.5798516
Havering,29926,0.6695164
Havering,3296,0.5338108
Havering,33110,0.5885424
Havering,33111,0.59597033
Havering,3312,0.5706063
Havering,3318,0.4857393
Havering,33381,0.6155754
Havering,33791,0.6306824
Havering,33792,0.6299372
Havering,33793,0.6305189
Havering,33794,0.6244592
Havering,33795,0.65188456
Havering,33796,0.6084914
Havering,33997,0.6542457
Havering,34092,0.68283296
Havering,34094,0.6674165
Havering,34112,0.5703599
Havering,34113,0.66906935
Havering,34115,0.6860415
Havering,34116,0.6170506
Havering,34118,0.60766715
Havering,34119,0.67724115
Havering,34120,0.6216169
Havering,34121,0.6829114
Havering,34130,0.3952525
Havering,34131,0.36410248
Havering,34132,0.59095514
Havering,34133,0.61431557
Havering,34134,0.5624773
Havering,34135,0.54063755
Havering,34137,0.59700537
Havering,34138,0.46824777
Havering,34141,0.6260398
Havering,34161,0.4966441
Havering,34162,0.5917012
Havering,34163,0.59535366
Havering,34164,0.48617977
Havering,34165,0.6232877
Havering,34546,0.6120124
Havering,34616,0.6325117
Havering,34617,0.6534456
Havering,34620,0.6186858
Havering,34621,0.59549516
Havering,34622,0.62525624
Havering,34753,0.6088239
Havering,34778,0.5363686
Havering,34978,0.55990386
Havering,34979,0.5421671
Havering,34980,0.5845057
Havering,34981,0.49808264
Havering,34982,0.5103657
Havering,35321,0.50146264
Havering,35322,0.5200406
Havering,35323,0.43288052
Havering,35325,0.37716153
Havering,3538,0.47255647
Havering,3539,0.6649581
Havering,35397,0.57998323
Havering,35399,0.5699014
Havering,35400,0.6249045
Havering,35401,0.5674443
Havering,3541,0.57104594
Havering,35411,0.47051919
Havering,35412,0.50702494
Havering,35413,0.5129107
Havering,35414,0.6812771
Havering,35415,0.5219499
Havering,35418,0.6282927
Havering,35419,0.61354125
Havering,3542,0.47865698
Havering,35935,0.56593335
Havering,36324,0.42427826
Havering,36501,0.59052104
Havering,36502,0.5897728
Havering,36503,0.6009676
Havering,36505,0.4845482
Havering,36506,0.49160084
Havering,36543,0.5915664
Havering,36544,0.5156132
Havering,36545,0.49851266
Havering,36546,0.5879823
Havering,36547,0.5383898
Havering,36548,0.5524273
Havering,36615,0.5876183
Havering,36643,0.39725205
Havering,36644,0.58270997
Havering,36733,0.5865714
Havering,36734,0.54938203
Havering,37088,0.558705
Havering,37089,0.5846434
Havering,37093,0.43061203
Havering,37094,0.45252022
Havering,37095,0.47267035
Havering,37096,0.4657384
Havering,37097,0.42722133
Havering,37098,0.3492273
Havering,37099,0.46769434
Havering,37100,0.43528685
Havering,37101,0.45359564
Havering,37102,0.504849
Havering,37103,0.44774374
Havering,37151,0.55213
Havering,37152,0.6175071
Havering,37192,0.35223103
Havering,4346,0.6553743
Havering,4347,0.6830257
Havering,4348,0.5789124
Havering,4350,0.67505854
Havering,5861,0.5956188
Havering,5863,0.5347623
Havering,5868,0.47706974
Havering,7360,0.5210138
Havering,7361,0.522275
Havering,8509,0.5515689
Havering,8510,0.6041234
Havering,8511,0.6016229
Havering,8517,0.70022184
Havering,8522,0.5305913
Havering,8523,0.56921834
Havering,8524,0.5574414
Havering,8525,0.5732593
Havering,8527,0.60793823
Havering,8528,0.59020936
Havering,8531,0.5450528
Havering,8996,0.46103898
Havering,8997,0.5210735
Havering,8998,0.51872396
Havering,8999,0.53160065
Havering,9000,0.5437722
Havering,9002,0.5668587
Havering,9003,0.48683634
Havering,9007,0.5202746
Havering,9239,0.5969193
Havering,9240,0.60047716
Havering,9755,0.70215297
Havering,9756,0.62405366
Havering,9757,0.6496198
Havering,9766,0.6222556
Havering,9767,0.59894955
Havering,9768,0.5654757
Havering,9771,0.5616338
Havering,9772,0.563062
Havering,9773,0.5843632
Havering,BP1204,0.5764937
Havering,BP1358,0.6426546
Havering,BP148,0.72919613
Havering,BP1588,0.53647375
Havering,BP1789,0.52688044
Havering,BP1918,0.40080208
Havering,BP2176,0.6723048
Havering,BP2177,0.503402
Havering,BP2178,0.53809416
Havering,BP2179,0.58505416
Havering,BP2180,0.55474526
Havering,BP2181,0.5173717
Havering,BP2182,0.5117812
Havering,BP2272,0.58071315
Havering,BP2379,0.5223682
Havering,BP240,0.7575561
Havering,BP2758,0.607348
Havering,BP2906,0.44694057
Havering,BP2907,0.39446738
Havering,BP2908,0.41839847
Havering,BP2909,0.4336808
Havering,BP2910,0.37546504
Havering,BP2911,0.46716848
Havering,BP2912,0.46410897
Havering,BP2913,0.47012597
Havering,BP2914,0.46306646
Havering,BP2915,0.46126643
Havering,BP2916,0.49366632
Havering,BP2917,0.49144176
Havering,BP2918,0.5055842
Havering,BP2920,0.53712183
Havering,BP2921,0.5586387
Havering,BP2922,0.547836
Havering,BP2967,0.6786299
Havering,BP2993,0.609608
Havering,BP2994,0.62278616
Havering,BP3184,0.48134547
Havering,BP3205,0.6792766
Havering,BP3482,0.62695444
Havering,BP3528,0.51767004
Havering,BP3529,0.53139436
Havering,BP3544,0.41800117
Havering,BP3545,0.3980711
Havering,BP3551,0.5978366
Havering,BP394,0.6003207
Havering,BP4042,0.40532184
Havering,BP4043,0.40523344
Havering,BP4067,0.58259976
Havering,BP4068,0.57820624
Havering,BP4069,0.57527775
Havering,BP4070,0.5781512
Havering,BP4227,0.6496434
Havering,BP4250,0.42008057
Havering,BP4251,0.4296321
Havering,BP4252,0.46764976
Havering,BP4284,0.53119165
Havering,BP4285,0.5340515
Havering,BP4370,0.520997
Havering,BP4371,0.39938268
Havering,BP4432,0.5513112
Havering,BP4494,0.3984464
Havering,BP4495,0.39325938
Havering,BP4549,0.59796107
Havering,BP4550,0.585248
Havering,BP4552,0.5541125
Havering,BP4553,0.5296714
Havering,BP4562,0.55437446
Havering,BP4668,0.5547781
Havering,BP4873,0.67442036
Havering,BP4965,0.5669449
Havering,BP5061,0.56602097
Havering,BP5271,0.52635026
Havering,BP5272,0.5119675
Havering,BP5441,0.47920948
Havering,BP5723,0.6173562
Havering,BP5724,0.58777606
Havering,BP5750,0.6175067
Havering,BP5996,0.5170454
Havering,BP6021,0.50539035
Havering,BP6051,0.53512603
Havering,BP6075,0.4459511
Havering,BP6076,0.44834095
Havering,BP6107,0.3845675
Havering,BP616,0.53579056
Havering,BP776,0.6457953
Havering,BP935,0.40374914
Havering,FC05,0.5688703
Havering,FC54,0.5476697
Havering,FC73,0.55616474
Havering,HC121,0.5468097
Havering,HC122,0.39088112
Havering,HC123,0.42656043
Havering,HC124,0.40965456
Havering,HC279,0.49179325
Havering,HC280,0.5357968
Havering,HC281,0.51670635
Havering,HC282,0.5476908
Havering,HC283,0.51104903
Havering,HC284,0.4665117
Havering,HC285,0.46811366
Havering,HC286,0.46373037
Havering,HC287,0.47258708
Havering,HC288,0.47300237
Havering,HC289,0.4984402
Havering,HC290,0.521531
Havering,HC291,0.5218343
Havering,HC292,0.48168063
Havering,HC293,0.5421011
Havering,HC632,0.48771125
Havering,HC633,0.53894436
Havering,HC754,0.53906804
Havering,HC755,0.56198424
Havering,HC756,0.58872926
Havering,HC757,0.5682021
Havering,HC758,0.4994778
Havering,HC759,0.6247272
Havering,HC760,0.5932516
Havering,HC763,0.46126106
Havering,HC768,0.57986283
Havering,HC769,0.5506653
Havering,HC770,0.555076
Havering,HC771,0.5454869
Havering,LE135,0.68601996
Havering,LE175,0.52573913
Havering,LE176,0.5021066
Havering,LE177,0.45815113
Havering,LE178,0.46186787
Havering,LE179,0.54323554
Havering,LE180,0.58027345
Havering,LE181,0.60964155
Havering,LE182,0.5969781
Havering,OC419,0.49260443
Havering,OC600,0.49193513
Havering,OC609,0.5003298
Havering,OC610,0.4973248
Havering,OC812,0.49233514
Havering,OC813,0.49667746
Havering,R0074,0.5222823
Havering,R0106,0.38837153
Havering,R0308,0.62681174
Havering,R0337,0.6535231
Havering,R0500,0.5775784
Havering,R0591,0.72719854
Havering,R0656,0.6623045
Havering,R0680,0.73926234
Havering,R0681,0.7265815
Havering,R0760,0.74435866
Havering,R0782,0.51814264
Havering,R0906,0.61803
Havering,18351,0.5691037
Havering,18352,0.6044815
Havering,26796,0.60766685
Havering,9008,0.504713
Havering,BP2183,0.6425233
Havering,BP2184,0.6852147
Havering,BP3510,0.6939629
Havering,HC761,0.5943354
Havering,HC762,0.5834764
Havering,HC765,0.5762712
Havering,HC766,0.59589803
Havering,HC767,0.6084541
Hillingdon,10258,0.41809276
Hillingdon,10460,0.5241019
Hillingdon,10462,0.52252555
Hillingdon,11093,0.42165586
Hillingdon,11094,0.4512087
Hillingdon,11097,0.3043872
Hillingdon,11098,0.3036833
Hillingdon,11352,0.44585478
Hillingdon,12183,0.49557817
Hillingdon,13550,0.47065035
Hillingdon,13551,0.46483806
Hillingdon,14113,0.4498335
Hillingdon,14725,0.5221183
Hillingdon,14854,0.50395244
Hillingdon,14855,0.50347996
Hillingdon,14856,0.5371872
Hillingdon,14857,0.4075797
Hillingdon,14858,0.43420252
Hillingdon,14859,0.49454775
Hillingdon,14860,0.32681262
Hillingdon,14861,0.47487494
Hillingdon,14864,0.50155324
Hillingdon,14865,0.46286747
Hillingdon,15264,0.4659156
Hillingdon,15266,0.5205699
Hillingdon,15267,0.49498722
Hillingdon,15268,0.4799932
Hillingdon,15269,0.4553717
Hillingdon,15270,0.38157335
Hillingdon,15271,0.37642366
Hillingdon,15272,0.32149845
Hillingdon,15273,0.31553292
Hillingdon,15274,0.44590712
Hillingdon,15275,0.4328992
Hillingdon,15761,0.42017362
Hillingdon,15762,0.44937265
Hillingdon,15763,0.31621587
Hillingdon,15764,0.3840387
Hillingdon,15765,0.38667056
Hillingdon,15766,0.3919733
Hillingdon,15767,0.55087274
Hillingdon,15768,0.5598117
Hillingdon,15769,0.57678396
Hillingdon,15770,0.5701965
Hillingdon,15771,0.56526417
Hillingdon,15772,0.3506219
Hillingdon,15773,0.417955
Hillingdon,15774,0.34342378
Hillingdon,15781,0.3401098
Hillingdon,15782,0.34099957
Hillingdon,15910,0.35732743
Hillingdon,15911,0.35080343
Hillingdon,15973,0.42681175
Hillingdon,15975,0.42991328
Hillingdon,16152,0.43575406
Hillingdon,16154,0.46948913
Hillingdon,16155,0.5618
Hillingdon,16156,0.5385006
Hillingdon,16157,0.5775603
Hillingdon,16158,0.57336086
Hillingdon,16165,0.56278306
Hillingdon,16166,0.5131132
Hillingdon,16167,0.5014889
Hillingdon,16168,0.39317447
Hillingdon,16169,0.41918534
Hillingdon,16170,0.4177696
Hillingdon,16172,0.45685944
Hillingdon,16289,0.49503398
Hillingdon,16290,0.5252886
Hillingdon,16291,0.5020822
Hillingdon,16292,0.5212627
Hillingdon,16293,0.5299586
Hillingdon,16294,0.39900565
Hillingdon,16295,0.31641394
Hillingdon,16296,0.30907378
Hillingdon,16297,0.31008193
Hillingdon,16300,0.36199993
Hillingdon,16301,0.3613512
Hillingdon,16306,0.4222283
Hillingdon,16307,0.3746137
Hillingdon,16308,0.4776733
Hillingdon,16309,0.47829002
Hillingdon,16316,0.6675265
Hillingdon,16320,0.49230918
Hillingdon,16321,0.4484611
Hillingdon,16322,0.50991
Hillingdon,16323,0.48821825
Hillingdon,16325,0.48544735
Hillingdon,16326,0.45323205
Hillingdon,16327,0.46036908
Hillingdon,16329,0.49431577
Hillingdon,16330,0.51617134
Hillingdon,16355,0.5309522
Hillingdon,16356,0.4152953
Hillingdon,16357,0.43732253
Hillingdon,16358,0.44083905
Hillingdon,16359,0.31640583
Hillingdon,16360,0.40935582
Hillingdon,16361,0.2799511
Hillingdon,16362,0.28504896
Hillingdon,16363,0.28465423
Hillingdon,16364,0.27434784
Hillingdon,16365,0.31581026
Hillingdon,16366,0.28610379
Hillingdon,16367,0.25646093
Hillingdon,16368,0.2572315
Hillingdon,16369,0.27568847
Hillingdon,16370,0.27494836
Hillingdon,16371,0.4088859
Hillingdon,16372,0.42368948
Hillingdon,16374,0.53275776
Hillingdon,16375,0.53566074
Hillingdon,16376,0.55124223
Hillingdon,16379,0.48859435
Hillingdon,16380,0.48528537
Hillingdon,16381,0.45730555
Hillingdon,16382,0.4082383
Hillingdon,16383,0.4074101
Hillingdon,16384,0.37553737
Hillingdon,16385,0.37291294
Hillingdon,16386,0.48339278
Hillingdon,16387,0.48087823
Hillingdon,16434,0.39923277
Hillingdon,16443,0.32305068
Hillingdon,16444,0.3220815
Hillingdon,16445,0.26268336
Hillingdon,16446,0.26246122
Hillingdon,17144,0.535262
Hillingdon,17145,0.5843343
Hillingdon,17146,0.4970921
Hillingdon,17147,0.49489275
Hillingdon,17148,0.43677264
Hillingdon,17149,0.37663496
Hillingdon,17150,0.36496323
Hillingdon,17199,0.56034493
Hillingdon,17200,0.5589131
Hillingdon,17202,0.5436171
Hillingdon,17224,0.42642504
Hillingdon,17225,0.45235652
Hillingdon,17226,0.5246983
Hillingdon,17227,0.5382261
Hillingdon,17228,0.5385028
Hillingdon,17229,0.51074404
Hillingdon,17231,0.4338671
Hillingdon,17232,0.40983045
Hillingdon,17233,0.4302926
Hillingdon,17633,0.63196915
Hillingdon,17634,0.5257064
Hillingdon,17635,0.5095748
Hillingdon,17638,0.43438613
Hillingdon,17639,0.4382564
Hillingdon,17640,0.4995429
Hillingdon,17641,0.48486632
Hillingdon,17642,0.55251545
Hillingdon,17643,0.5263987
Hillingdon,17645,0.7010137
Hillingdon,17646,0.69653434
Hillingdon,17647,0.62128305
Hillingdon,17648,0.65975076
Hillingdon,17649,0.53776175
Hillingdon,17650,0.5624474
Hillingdon,17651,0.453651
Hillingdon,17652,0.4610237
Hillingdon,17653,0.39117438
Hillingdon,17654,0.41661507
Hillingdon,17655,0.44288468
Hillingdon,17656,0.44698668
Hillingdon,17657,0.4306944
Hillingdon,17658,0.4334837
Hillingdon,17659,0.36482513
Hillingdon,17660,0.37178668
Hillingdon,17662,0.44799763
Hillingdon,17666,0.38433447
Hillingdon,1795,0.4679671
Hillingdon,18207,0.58380413
Hillingdon,18208,0.56576717
Hillingdon,18210,0.47567865
Hillingdon,19179,0.5177984
Hillingdon,19180,0.50852984
Hillingdon,19181,0.56336385
Hillingdon,19182,0.5593561
Hillingdon,19183,0.49039692
Hillingdon,19184,0.48997426
Hillingdon,19214,0.600339
Hillingdon,19599,0.6053508
Hillingdon,19600,0.595974
Hillingdon,20107,0.52333266
Hillingdon,20213,0.4183357
Hillingdon,20214,0.48747528
Hillingdon,20215,0.4023655
Hillingdon,20216,0.41021034
Hillingdon,20217,0.38980657
Hillingdon,20218,0.388971
Hillingdon,20219,0.38806358
Hillingdon,20220,0.35989967
Hillingdon,20221,0.33120325
Hillingdon,20222,0.35534024
Hillingdon,20223,0.37454253
Hillingdon,20224,0.53553545
Hillingdon,20225,0.5669424
Hillingdon,20226,0.57789874
Hillingdon,20228,0.55675626
Hillingdon,20229,0.45627964
Hillingdon,20477,0.63723177
Hillingdon,20478,0.6242855
Hillingdon,20486,0.6485605
Hillingdon,20487,0.6278432
Hillingdon,20525,0.46226048
Hillingdon,20527,0.3790149
Hillingdon,20528,0.35229138
Hillingdon,20529,0.41090736
Hillingdon,20530,0.41079098
Hillingdon,20531,0.38330367
Hillingdon,20532,0.37437835
Hillingdon,20533,0.3927137
Hillingdon,20534,0.3600177
Hillingdon,20535,0.39356035
Hillingdon,20787,0.37474015
Hillingdon,20788,0.38649222
Hillingdon,20789,0.42022598
Hillingdon,20790,0.4226206
Hillingdon,20791,0.38594404
Hillingdon,20792,0.38440657
Hillingdon,20793,0.36465663
Hillingdon,20900,0.56825453
Hillingdon,22263,0.45653182
Hillingdon,22265,0.34232023
Hillingdon,22266,0.34426016
Hillingdon,22267,0.3478215
Hillingdon,22268,0.34848687
Hillingdon,22269,0.42625126
Hillingdon,22270,0.43664312
Hillingdon,22293,0.527878
Hillingdon,22294,0.5294401
Hillingdon,22295,0.46968564
Hillingdon,22301,0.30520365
Hillingdon,22302,0.3044439
Hillingdon,22303,0.2946245
Hillingdon,22304,0.29383394
Hillingdon,22305,0.3640693
Hillingdon,22306,0.36092016
Hillingdon,22311,0.42503968
Hillingdon,23062,0.6500214
Hillingdon,23742,0.35025725
Hillingdon,25131,0.47381476
Hillingdon,25134,0.46771887
Hillingdon,25161,0.4395284
Hillingdon,25162,0.42517748
Hillingdon,25468,0.4407211
Hillingdon,25469,0.4406694
Hillingdon,25980,0.45553294
Hillingdon,27307,0.5617936
Hillingdon,27329,0.37968442
Hillingdon,27331,0.40090227
Hillingdon,27332,0.39052624
Hillingdon,27333,0.40115932
Hillingdon,27334,0.39834023
Hillingdon,27335,0.33283997
Hillingdon,27336,0.44109392
Hillingdon,27337,0.4605088
Hillingdon,27338,0.44338268
Hillingdon,27339,0.44301483
Hillingdon,27340,0.42694533
Hillingdon,27343,0.44514075
Hillingdon,27577,0.4912626
Hillingdon,27578,0.47923598
Hillingdon,27594,0.56202644
Hillingdon,27595,0.5687646
Hillingdon,27734,0.34316224
Hillingdon,27803,0.3521373
Hillingdon,27804,0.3507314
Hillingdon,27805,0.30837032
Hillingdon,27806,0.31499642
Hillingdon,27807,0.31629166
Hillingdon,27808,0.31488454
Hillingdon,27809,0.32122618
Hillingdon,27810,0.3169049
Hillingdon,27858,0.5508212
Hillingdon,27860,0.5471162
Hillingdon,27862,0.5731394
Hillingdon,27910,0.5107669
Hillingdon,27911,0.5105986
Hillingdon,28985,0.3515841
Hillingdon,29038,0.42375785
Hillingdon,29039,0.42895803
Hillingdon,29063,0.48083317
Hillingdon,29064,0.48012707
Hillingdon,29066,0.39082527
Hillingdon,29067,0.38796386
Hillingdon,29081,0.39020273
Hillingdon,29082,0.38516048
Hillingdon,29102,0.40025115
Hillingdon,29103,0.38697332
Hillingdon,29172,0.52331245
Hillingdon,29270,0.5000798
Hillingdon,29430,0.51969564
Hillingdon,29432,0.5194904
Hillingdon,29433,0.5278777
Hillingdon,29434,0.50744087
Hillingdon,29837,0.41126812
Hillingdon,30312,0.5808401
Hillingdon,30361,0.4392413
Hillingdon,30419,0.42434904
Hillingdon,30420,0.43460506
Hillingdon,3104,0.59726167
Hillingdon,3105,0.5211632
Hillingdon,3108,0.4978761
Hillingdon,3109,0.4730897
Hillingdon,3110,0.4907846
Hillingdon,3111,0.45423448
Hillingdon,3112,0.49786317
Hillingdon,3114,0.51450145
Hillingdon,3115,0.47843218
Hillingdon,3116,0.432991
Hillingdon,3118,0.45732698
Hillingdon,3119,0.46600524
Hillingdon,3122,0.5059694
Hillingdon,3123,0.49543288
Hillingdon,3124,0.46470386
Hillingdon,3125,0.4903649
Hillingdon,3126,0.43512663
Hillingdon,3127,0.47789997
Hillingdon,3130,0.5212116
Hillingdon,3131,0.557381
Hillingdon,3133,0.5558988
Hillingdon,3134,0.537483
Hillingdon,3135,0.55292654
Hillingdon,3136,0.5395333
Hillingdon,3138,0.50306803
Hillingdon,3141,0.51543003
Hillingdon,3147,0.5276
Hillingdon,3148,0.5414663
Hillingdon,3151,0.42298445
Hillingdon,3152,0.43772924
Hillingdon,3228,0.57107407
Hillingdon,33002,0.44459134
Hillingdon,33025,0.45423934
Hillingdon,33027,0.44706097
Hillingdon,3316,0.49094683
Hillingdon,3327,0.52107465
Hillingdon,3328,0.52207005
Hillingdon,33383,0.4328576
Hillingdon,33384,0.4248842
Hillingdon,33638,0.3952911
Hillingdon,33639,0.39267674
Hillingdon,33640,0.40100622
Hillingdon,33641,0.29454726
Hillingdon,33642,0.35755455
Hillingdon,33643,0.39242637
Hillingdon,33845,0.42137715
Hillingdon,3400,0.51248556
Hillingdon,34149,0.45123988
Hillingdon,34151,0.55047804
Hillingdon,34152,0.5375209
Hillingdon,34153,0.42218304
Hillingdon,34154,0.56620586
Hillingdon,3419,0.51176524
Hillingdon,3420,0.4742174
Hillingdon,3421,0.4690992
Hillingdon,34212,0.57752603
Hillingdon,3423,0.43666768
Hillingdon,34639,0.40661365
Hillingdon,34773,0.69193834
Hillingdon,34774,0.6571533
Hillingdon,34775,0.6158047
Hillingdon,34836,0.67468387
Hillingdon,34891,0.44738102
Hillingdon,34892,0.43732095
Hillingdon,35287,0.52900785
Hillingdon,35288,0.50495154
Hillingdon,35289,0.46122402
Hillingdon,3548,0.47714093
Hillingdon,3549,0.4993851
Hillingdon,35727,0.41176227
Hillingdon,35728,0.41168776
Hillingdon,35985,0.3247015
Hillingdon,36861,0.49301413
Hillingdon,36991,0.43660274
Hillingdon,36993,0.4365209
Hillingdon,37027,0.44486466
Hillingdon,37200,0.44742012
Hillingdon,37323,0.5550995
Hillingdon,4570,0.5253518
Hillingdon,4571,0.43703613
Hillingdon,4573,0.45585415
Hillingdon,557,0.57987154
Hillingdon,6816,0.51746464
Hillingdon,6817,0.5395637
Hillingdon,6819,0.48578903
Hillingdon,6846,0.48676613
Hillingdon,6848,0.46048144
Hillingdon,6852,0.5197178
Hillingdon,6853,0.54668283
Hillingdon,8402,0.43817577
Hillingdon,BP073,0.38515574
Hillingdon,BP104,0.4318296
Hillingdon,BP105,0.50291777
Hillingdon,BP1066,0.26124433
Hillingdon,BP1067,0.25787234
Hillingdon,BP1068,0.26535094
Hillingdon,BP1069,0.51297426
Hillingdon,BP1074,0.52655405
Hillingdon,BP1075,0.52966326
Hillingdon,BP108,0.63165486
Hillingdon,BP1081,0.2599797
Hillingdon,BP1109,0.30630016
Hillingdon,BP111,0.62663406
Hillingdon,BP131,0.4313913
Hillingdon,BP1330,0.38509628
Hillingdon,BP1331,0.46412817
Hillingdon,BP1376,0.48928308
Hillingdon,BP1377,0.4569032
Hillingdon,BP1378,0.48131388
Hillingdon,BP1380,0.47627386
Hillingdon,BP1461,0.46614707
Hillingdon,BP1462,0.46789902
Hillingdon,BP1463,0.42099738
Hillingdon,BP1464,0.42147014
Hillingdon,BP1533,0.45047024
Hillingdon,BP1535,0.44156164
Hillingdon,BP158,0.4013911
Hillingdon,BP159,0.46462345
Hillingdon,BP160,0.51522404
Hillingdon,BP1604,0.3705795
Hillingdon,BP1605,0.37446305
Hillingdon,BP1606,0.37442473
Hillingdon,BP1607,0.37680253
Hillingdon,BP163,0.467123
Hillingdon,BP1636,0.3742875
Hillingdon,BP1684,0.43490958
Hillingdon,BP1719,0.38101894
Hillingdon,BP1752,0.3479188
Hillingdon,BP1753,0.45298314
Hillingdon,BP1754,0.5339912
Hillingdon,BP1755,0.55332696
Hillingdon,BP1756,0.46444035
Hillingdon,BP1757,0.4029626
Hillingdon,BP1758,0.33266857
Hillingdon,BP1759,0.3610736
Hillingdon,BP1760,0.3477387
Hillingdon,BP1761,0.33547047
Hillingdon,BP1762,0.4199613
Hillingdon,BP1763,0.47431988
Hillingdon,BP1764,0.53600943
Hillingdon,BP1765,0.51556146
Hillingdon,BP1766,0.4394974
Hillingdon,BP1767,0.3471691
Hillingdon,BP1777,0.44691768
Hillingdon,BP1778,0.39607048
Hillingdon,BP1796,0.43787536
Hillingdon,BP1928,0.40604588
Hillingdon,BP1929,0.48757473
Hillingdon,BP1930,0.5489651
Hillingdon,BP1931,0.46509594
Hillingdon,BP1932,0.39347905
Hillingdon,BP1933,0.38322136
Hillingdon,BP1934,0.4458945
Hillingdon,BP1935,0.48624983
Hillingdon,BP1936,0.4661833
Hillingdon,BP1937,0.44240457
Hillingdon,BP1938,0.4424979
Hillingdon,BP1939,0.43076274
Hillingdon,BP1940,0.45946446
Hillingdon,BP1941,0.47421825
Hillingdon,BP1942,0.42823696
Hillingdon,BP1943,0.43254313
Hillingdon,BP1944,0.44063064
Hillingdon,BP1946,0.47428474
Hillingdon,BP1947,0.4450599
Hillingdon,BP1948,0.46593934
Hillingdon,BP1949,0.5463661
Hillingdon,BP1952,0.39249814
Hillingdon,BP1953,0.51051176
Hillingdon,BP1954,0.5123021
Hillingdon,BP1955,0.46474653
Hillingdon,BP2087,0.4968069
Hillingdon,BP2088,0.41922268
Hillingdon,BP2089,0.42715177
Hillingdon,BP2090,0.5230019
Hillingdon,BP2091,0.50993156
Hillingdon,BP2093,0.5052381
Hillingdon,BP2094,0.5165957
Hillingdon,BP2095,0.5249783
Hillingdon,BP2096,0.5067648
Hillingdon,BP2097,0.4188465
Hillingdon,BP2098,0.47388533
Hillingdon,BP2255,0.67692715
Hillingdon,BP2380,0.36574352
Hillingdon,BP2412,0.43073964
Hillingdon,BP2451,0.51203567
Hillingdon,BP2467,0.3726248
Hillingdon,BP2476,0.36335814
Hillingdon,BP2485,0.50663644
Hillingdon,BP2486,0.51182145
Hillingdon,BP2487,0.45216435
Hillingdon,BP249,0.44898608
Hillingdon,BP2595,0.37031978
Hillingdon,BP2623,0.5311753
Hillingdon,BP2664,0.44422388
Hillingdon,BP2665,0.29937914
Hillingdon,BP2666,0.27043194
Hillingdon,BP2668,0.3025683
Hillingdon,BP2669,0.28117016
Hillingdon,BP2670,0.4159592
Hillingdon,BP2671,0.4575711
Hillingdon,BP2675,0.44139728
Hillingdon,BP2683,0.5237964
Hillingdon,BP2684,0.49965852
Hillingdon,BP2686,0.42315125
Hillingdon,BP2703,0.2967475
Hillingdon,BP2704,0.3921379
Hillingdon,BP2705,0.38023862
Hillingdon,BP2706,0.32475778
Hillingdon,BP275,0.40938386
Hillingdon,BP2759,0.48146257
Hillingdon,BP3285,0.45254648
Hillingdon,BP3290,0.6921457
Hillingdon,BP3351,0.37866664
Hillingdon,BP3744,0.39355087
Hillingdon,BP3745,0.39065796
Hillingdon,BP3767,0.27819365
Hillingdon,BP3768,0.37398788
Hillingdon,BP3769,0.36228883
Hillingdon,BP3770,0.38382003
Hillingdon,BP390,0.47674757
Hillingdon,BP401,0.40205926
Hillingdon,BP402,0.4159475
Hillingdon,BP403,0.43552226
Hillingdon,BP404,0.43034384
Hillingdon,BP4071,0.44150156
Hillingdon,BP4072,0.43312567
Hillingdon,BP4073,0.32051265
Hillingdon,BP4074,0.31626198
Hillingdon,BP4075,0.43936855
Hillingdon,BP4076,0.4312667
Hillingdon,BP4079,0.39575782
Hillingdon,BP4080,0.41793066
Hillingdon,BP4081,0.38378254
Hillingdon,BP4082,0.42459098
Hillingdon,BP4083,0.42130998
Hillingdon,BP4084,0.43980536
Hillingdon,BP4085,0.40942264
Hillingdon,BP4086,0.41143653
Hillingdon,BP4099,0.4452663
Hillingdon,BP4100,0.40671298
Hillingdon,BP4101,0.459527
Hillingdon,BP4102,0.41863537
Hillingdon,BP4103,0.32606354
Hillingdon,BP4104,0.32439312
Hillingdon,BP4105,0.30674973
Hillingdon,BP4107,0.2961339
Hillingdon,BP4108,0.31748912
Hillingdon,BP4159,0.42191255
Hillingdon,BP4163,0.52709126
Hillingdon,BP4168,0.4312679
Hillingdon,BP4169,0.42653158
Hillingdon,BP4254,0.4685612
Hillingdon,BP4255,0.39997813
Hillingdon,BP4256,0.3867871
Hillingdon,BP431,0.4674663
Hillingdon,BP434,0.35761446
Hillingdon,BP435,0.3596306
Hillingdon,BP4474,0.33196977
Hillingdon,BP4475,0.35624644
Hillingdon,BP4822,0.45618474
Hillingdon,BP4860,0.35140154
Hillingdon,BP4861,0.39966154
Hillingdon,BP4862,0.3767378
Hillingdon,BP4863,0.40636122
Hillingdon,BP4864,0.41606036
Hillingdon,BP4865,0.3868096
Hillingdon,BP4866,0.39590696
Hillingdon,BP4927,0.38048482
Hillingdon,BP5116,0.5718799
Hillingdon,BP5117,0.64774704
Hillingdon,BP5119,0.38347203
Hillingdon,BP5130,0.5650512
Hillingdon,BP5131,0.5714398
Hillingdon,BP5134,0.6374362
Hillingdon,BP5140,0.58376676
Hillingdon,BP5141,0.5782136
Hillingdon,BP5149,0.44321528
Hillingdon,BP5171,0.42819944
Hillingdon,BP5187,0.36756808
Hillingdon,BP5301,0.44982252
Hillingdon,BP5381,0.28464743
Hillingdon,BP5382,0.33352697
Hillingdon,BP5383,0.4859206
Hillingdon,BP5384,0.37077904
Hillingdon,BP5385,0.40298066
Hillingdon,BP5386,0.4675151
Hillingdon,BP5387,0.46868277
Hillingdon,BP5388,0.324441
Hillingdon,BP5389,0.44227225
Hillingdon,BP5522,0.32258984
Hillingdon,BP5523,0.35746896
Hillingdon,BP5644,0.46486536
Hillingdon,BP5672,0.29872614
Hillingdon,BP5721,0.4579348
Hillingdon,BP5722,0.5093837
Hillingdon,BP5815,0.5789424
Hillingdon,BP5816,0.4912498
Hillingdon,BP5908,0.5432578
Hillingdon,BP5920,0.4009851
Hillingdon,BP5982,0.37640235
Hillingdon,BP6050,0.44014794
Hillingdon,BP6122,0.7057142
Hillingdon,BP6178,0.34859234
Hillingdon,BP6179,0.39226386
Hillingdon,BP6180,0.4103524
Hillingdon,BP623,0.421416
Hillingdon,BP642,0.45334947
Hillingdon,BP681,0.45695755
Hillingdon,BP689,0.487476
Hillingdon,BP741,0.36431864
Hillingdon,BP760,0.46921363
Hillingdon,BP761,0.4820996
Hillingdon,BP862,0.4126667
Hillingdon,BP863,0.41053203
Hillingdon,BP864,0.44045842
Hillingdon,BP879,0.3836737
Hillingdon,BP880,0.38741103
Hillingdon,BP881,0.3351091
Hillingdon,BP884,0.3492532
Hillingdon,BP894,0.40312278
Hillingdon,BP978,0.3223203
Hillingdon,BP984,0.37762728
Hillingdon,BP994,0.54000866
Hillingdon,C50,0.5150088
Hillingdon,C57,0.38012907
Hillingdon,C58,0.3847263
Hillingdon,C59,0.31336838
Hillingdon,C60,0.31245574
Hillingdon,C61,0.28456104
Hillingdon,C62,0.2872699
Hillingdon,C63,0.3469148
Hillingdon,C64,0.3791693
Hillingdon,C65,0.34354863
Hillingdon,C66,0.37073138
Hillingdon,C67,0.36200494
Hillingdon,C68,0.32338205
Hillingdon,C69,0.3596195
Hillingdon,C77,0.41606393
Hillingdon,CW10,0.41311878
Hillingdon,CW11,0.36188066
Hillingdon,CW12,0.36874396
Hillingdon,CW17,0.44686705
Hillingdon,CW18,0.45329243
Hillingdon,CW19,0.45343998
Hillingdon,CW29,0.41145903
Hillingdon,CW33,0.41879058
Hillingdon,CW46,0.49804193
Hillingdon,CW47,0.59356004
Hillingdon,CW48,0.5984672
Hillingdon,CW49,0.49641773
Hillingdon,CW5,0.45188954
Hillingdon,CW6,0.45316872
Hillingdon,CW7,0.44610098
Hillingdon,CW8,0.41465753
Hillingdon,CW9,0.45135793
Hillingdon,OC634,0.37061387
Hillingdon,OC649,0.21098995
Hillingdon,OC650,0.25392526
Hillingdon,OC677,0.20887111
Hillingdon,OC901,0.6600776
Hillingdon,R0150,0.39840513
Hillingdon,R0192,0.41756248
Hillingdon,R0205,0.43164465
Hillingdon,R0206,0.4078796
Hillingdon,R0208,0.41104835
Hillingdon,R0213,0.48629206
Hillingdon,R0227,0.3654491
Hillingdon,R0234,0.47420806
Hillingdon,R0238,0.48734164
Hillingdon,R0451,0.43415475
Hillingdon,R0460,0.5024521
Hillingdon,R0490,0.52144
Hillingdon,R0896,0.446592
Hillingdon,R0900,0.26983184
Hillingdon,12181,0.5209573
Hillingdon,12182,0.5268349
Hillingdon,12184,0.5039578
Hillingdon,15979,0.6946752
Hillingdon,16163,0.6974119
Hillingdon,16312,0.44728336
Hillingdon,16313,0.47760823
Hillingdon,16314,0.62657344
Hillingdon,16315,0.64553666
Hillingdon,16389,0.6835379
Hillingdon,16447,0.30215606
Hillingdon,16448,0.32384288
Hillingdon,16449,0.39098966
Hillingdon,17636,0.5481961
Hillingdon,17637,0.5682194
Hillingdon,17644,0.6015495
Hillingdon,26370,0.55544627
Hillingdon,26375,0.5639207
Hillingdon,27341,0.41726446
Hillingdon,27344,0.5815246
Hillingdon,29994,0.698423
Hillingdon,37092,0.35567948
Hillingdon,BP6123,0.7107288
Hillingdon,BP888,0.49527672
Hillingdon,BP889,0.4989567
Hillingdon,BP957,0.38362134
Hillingdon,R0459,0.65798837
Hounslow,10001,0.47549766
Hounslow,1037,0.5042852
Hounslow,1038,0.5110438
Hounslow,1039,0.5017346
Hounslow,1040,0.5484831
Hounslow,1049,0.49394822
Hounslow,11333,0.54088026
Hounslow,11334,0.5521787
Hounslow,11337,0.5373449
Hounslow,11338,0.5406723
Hounslow,11760,0.553721
Hounslow,11761,0.56574214
Hounslow,133,0.4996268
Hounslow,134,0.49851015
Hounslow,13553,0.43635866
Hounslow,13554,0.42806506
Hounslow,1361,0.51695883
Hounslow,1363,0.433697
Hounslow,1366,0.52199453
Hounslow,1368,0.5167181
Hounslow,14815,0.52449435
Hounslow,14819,0.4855519
Hounslow,14842,0.47063765
Hounslow,14843,0.46281648
Hounslow,14929,0.4988569
Hounslow,15223,0.53799826
Hounslow,15227,0.50241613
Hounslow,15228,0.51213014
Hounslow,15360,0.54690343
Hounslow,15362,0.5135092
Hounslow,15363,0.54591405
Hounslow,15377,0.5575629
Hounslow,15378,0.51709276
Hounslow,15379,0.52575946
Hounslow,15380,0.5198428
Hounslow,15381,0.52132833
Hounslow,15382,0.50164324
Hounslow,15383,0.5004504
Hounslow,15384,0.5351193
Hounslow,15385,0.54484487
Hounslow,15386,0.5747252
Hounslow,15387,0.5704401
Hounslow,15388,0.5822119
Hounslow,15389,0.5731187
Hounslow,15390,0.530762
Hounslow,15576,0.50431174
Hounslow,15577,0.5021419
Hounslow,15578,0.54648817
Hounslow,15579,0.5324634
Hounslow,15580,0.49462998
Hounslow,15581,0.5321549
Hounslow,15645,0.55897534
Hounslow,15646,0.55858916
Hounslow,15647,0.562014
Hounslow,15648,0.5573318
Hounslow,15649,0.55899644
Hounslow,15650,0.5561002
Hounslow,15656,0.5260732
Hounslow,15657,0.5355448
Hounslow,15660,0.45267424
Hounslow,15661,0.49326253
Hounslow,15662,0.50585383
Hounslow,15663,0.5204219
Hounslow,15664,0.5208901
Hounslow,15665,0.50932723
Hounslow,15666,0.5205995
Hounslow,15667,0.48084807
Hounslow,15668,0.4874793
Hounslow,15669,0.5006966
Hounslow,15670,0.49476478
Hounslow,15671,0.50832754
Hounslow,15672,0.50504786
Hounslow,15700,0.5984642
Hounslow,15702,0.57980597
Hounslow,15703,0.57767427
Hounslow,15707,0.5218901
Hounslow,15826,0.5397274
Hounslow,15827,0.541373
Hounslow,15971,0.4158849
Hounslow,15972,0.4205318
Hounslow,16193,0.4460619
Hounslow,16194,0.45555124
Hounslow,16195,0.4418945
Hounslow,16196,0.4690536
Hounslow,16197,0.45300063
Hounslow,16198,0.49266297
Hounslow,16199,0.5111626
Hounslow,16201,0.5008253
Hounslow,16202,0.48669642
Hounslow,16203,0.46398246
Hounslow,16204,0.44895455
Hounslow,16205,0.46345532
Hounslow,16206,0.47431257
Hounslow,16207,0.51094955
Hounslow,16208,0.52088845
Hounslow,16211,0.46539494
Hounslow,16212,0.47668895
Hounslow,16213,0.46593595
Hounslow,16215,0.5410126
Hounslow,16216,0.5535059
Hounslow,16222,0.47771117
Hounslow,16223,0.48292205
Hounslow,16224,0.46297228
Hounslow,16225,0.46533903
Hounslow,16226,0.45071042
Hounslow,16227,0.4417484
Hounslow,16228,0.45629442
Hounslow,16229,0.4926351
Hounslow,16230,0.49867606
Hounslow,16231,0.47889203
Hounslow,16232,0.48941168
Hounslow,16233,0.48732018
Hounslow,16234,0.47183755
Hounslow,16249,0.54716057
Hounslow,16250,0.5099358
Hounslow,16251,0.53043205
Hounslow,16252,0.49466756
Hounslow,16253,0.4988181
Hounslow,16254,0.5405297
Hounslow,16255,0.50348854
Hounslow,16256,0.5361498
Hounslow,16259,0.5632084
Hounslow,16274,0.52975327
Hounslow,16275,0.53488445
Hounslow,16276,0.48603824
Hounslow,16277,0.48198536
Hounslow,16278,0.5413216
Hounslow,16279,0.5781465
Hounslow,16280,0.5493315
Hounslow,16281,0.57215685
Hounslow,16286,0.58143944
Hounslow,16331,0.45189315
Hounslow,16332,0.4519739
Hounslow,16333,0.45612243
Hounslow,16334,0.4694063
Hounslow,16337,0.4229484
Hounslow,16388,0.4476244
Hounslow,1678,0.45912105
Hounslow,1679,0.49072486
Hounslow,16802,0.45091307
Hounslow,16803,0.46427396
Hounslow,16804,0.45457298
Hounslow,16805,0.43378028
Hounslow,16806,0.4859149
Hounslow,16807,0.53178006
Hounslow,16808,0.51586425
Hounslow,16809,0.48821592
Hounslow,16810,0.48787424
Hounslow,16811,0.49336138
Hounslow,16812,0.4918222
Hounslow,16813,0.43102914
Hounslow,16814,0.44062907
Hounslow,16827,0.45695966
Hounslow,16828,0.4597229
Hounslow,16830,0.4708674
Hounslow,16831,0.50662
Hounslow,16832,0.45380485
Hounslow,16833,0.45769277
Hounslow,16834,0.44073746
Hounslow,16835,0.45864546
Hounslow,16836,0.46947888
Hounslow,16837,0.4654205
Hounslow,16838,0.47362366
Hounslow,17030,0.5645669
Hounslow,17031,0.56495106
Hounslow,17126,0.45739532
Hounslow,17127,0.4676747
Hounslow,17128,0.46825883
Hounslow,17129,0.46949735
Hounslow,17130,0.4109345
Hounslow,17131,0.43188596
Hounslow,172,0.5748451
Hounslow,17215,0.46325743
Hounslow,17216,0.45970604
Hounslow,17217,0.49257296
Hounslow,17218,0.4652725
Hounslow,17289,0.524578
Hounslow,17667,0.4221616
Hounslow,17668,0.45354453
Hounslow,1773,0.44726935
Hounslow,1838,0.4715575
Hounslow,1839,0.478779
Hounslow,18465,0.58051205
Hounslow,18731,0.5450459
Hounslow,19398,0.4595812
Hounslow,19399,0.48804164
Hounslow,19400,0.45772806
Hounslow,19502,0.47203124
Hounslow,19503,0.4466606
Hounslow,19504,0.4507138
Hounslow,19505,0.45051664
Hounslow,19506,0.45050493
Hounslow,19507,0.45126468
Hounslow,19508,0.4426795
Hounslow,19509,0.43996137
Hounslow,19510,0.46010557
Hounslow,19511,0.4578011
Hounslow,19512,0.4586425
Hounslow,20287,0.5023177
Hounslow,20294,0.5394362
Hounslow,20513,0.47194368
Hounslow,20514,0.5007645
Hounslow,20581,0.5338734
Hounslow,20582,0.54524356
Hounslow,20686,0.5581803
Hounslow,20687,0.5633223
Hounslow,20705,0.4051505
Hounslow,20706,0.40939403
Hounslow,20816,0.46363914
Hounslow,20817,0.48277175
Hounslow,2194,0.5001036
Hounslow,2487,0.47421718
Hounslow,25159,0.44559774
Hounslow,2555,0.46127206
Hounslow,25593,0.5310614
Hounslow,25608,0.49916664
Hounslow,2561,0.4750186
Hounslow,2564,0.4549637
Hounslow,2566,0.46692988
Hounslow,257,0.492649
Hounslow,25794,0.52721417
Hounslow,25795,0.53143626
Hounslow,25798,0.5234633
Hounslow,25799,0.53682506
Hounslow,25800,0.4731008
Hounslow,25801,0.4604269
Hounslow,25802,0.4518723
Hounslow,25803,0.47428304
Hounslow,25804,0.4792372
Hounslow,25805,0.5033532
Hounslow,25806,0.506374
Hounslow,25807,0.5179148
Hounslow,25978,0.4635383
Hounslow,25979,0.46002805
Hounslow,25981,0.45890898
Hounslow,25982,0.45755452
Hounslow,25983,0.4152689
Hounslow,25984,0.412734
Hounslow,25985,0.4260422
Hounslow,26220,0.5643694
Hounslow,26221,0.58179206
Hounslow,26231,0.55138636
Hounslow,26232,0.5509704
Hounslow,26846,0.4502244
Hounslow,26847,0.4600755
Hounslow,26850,0.5221572
Hounslow,26851,0.52576387
Hounslow,26854,0.47018382
Hounslow,27303,0.50369185
Hounslow,27402,0.55741316
Hounslow,27558,0.4525053
Hounslow,27569,0.49712378
Hounslow,27613,0.5814344
Hounslow,2778,0.4902292
Hounslow,27839,0.45622405
Hounslow,27840,0.46643233
Hounslow,27889,0.43076017
Hounslow,27890,0.43783742
Hounslow,27891,0.49244663
Hounslow,27892,0.48776376
Hounslow,27899,0.4858941
Hounslow,27900,0.49038973
Hounslow,27901,0.4587086
Hounslow,27902,0.4480781
Hounslow,27903,0.45535204
Hounslow,27905,0.5095109
Hounslow,27906,0.50811595
Hounslow,27907,0.47591725
Hounslow,27908,0.4831457
Hounslow,2792,0.47160813
Hounslow,27939,0.49830595
Hounslow,27974,0.42653868
Hounslow,27976,0.3733749
Hounslow,29017,0.5555955
Hounslow,29115,0.5619346
Hounslow,29149,0.5055348
Hounslow,29323,0.4733032
Hounslow,29384,0.48038667
Hounslow,29385,0.47180352
Hounslow,29449,0.5521365
Hounslow,29499,0.43787912
Hounslow,29500,0.45354417
Hounslow,29566,0.4562299
Hounslow,29874,0.51716435
Hounslow,3017,0.4846095
Hounslow,3164,0.49141994
Hounslow,3189,0.46572986
Hounslow,3190,0.45188478
Hounslow,3314,0.59681076
Hounslow,33204,0.4702006
Hounslow,33205,0.49308038
Hounslow,33206,0.48973715
Hounslow,33207,0.4672901
Hounslow,33208,0.4735959
Hounslow,33209,0.46955156
Hounslow,33210,0.46353722
Hounslow,3333,0.48534635
Hounslow,33851,0.50233805
Hounslow,33867,0.5561746
Hounslow,33869,0.5095811
Hounslow,33871,0.49832287
Hounslow,33932,0.550615
Hounslow,33933,0.5500888
Hounslow,34089,0.53384084
Hounslow,3413,0.52901626
Hounslow,3414,0.4959674
Hounslow,3416,0.46103624
Hounslow,3417,0.47017172
Hounslow,34585,0.4171291
Hounslow,34586,0.41651496
Hounslow,34587,0.4619645
Hounslow,34588,0.46413597
Hounslow,34589,0.43000394
Hounslow,34590,0.42666483
Hounslow,34591,0.45704463
Hounslow,34592,0.45918253
Hounslow,34593,0.47426412
Hounslow,34594,0.48329335
Hounslow,34629,0.41521868
Hounslow,34630,0.41017354
Hounslow,34631,0.4155131
Hounslow,34632,0.4148648
Hounslow,34633,0.38643566
Hounslow,34634,0.37129518
Hounslow,34635,0.4183929
Hounslow,34636,0.41184577
Hounslow,34637,0.43330836
Hounslow,34638,0.46176267
Hounslow,34736,0.44430444
Hounslow,34737,0.45043346
Hounslow,34906,0.5148105
Hounslow,34911,0.43698877
Hounslow,34929,0.47733507
Hounslow,34936,0.41837773
Hounslow,34937,0.44295287
Hounslow,3563,0.43510997
Hounslow,3564,0.43716577
Hounslow,35737,0.50152135
Hounslow,3578,0.41986975
Hounslow,3581,0.47861618
Hounslow,3584,0.48935616
Hounslow,36860,0.55194676
Hounslow,3724,0.49263266
Hounslow,37285,0.5742159
Hounslow,37286,0.57425773
Hounslow,40003,0.5663405
Hounslow,4451,0.43502057
Hounslow,4457,0.43591568
Hounslow,4545,0.46209168
Hounslow,4554,0.47302318
Hounslow,4558,0.4432138
Hounslow,4565,0.4746303
Hounslow,4568,0.4930511
Hounslow,4678,0.5743362
Hounslow,6153,0.510314
Hounslow,6157,0.5085011
Hounslow,6158,0.50080675
Hounslow,6159,0.50034374
Hounslow,6170,0.49713486
Hounslow,6173,0.48530653
Hounslow,6174,0.50779665
Hounslow,6176,0.48773834
Hounslow,6179,0.4881975
Hounslow,6180,0.4919692
Hounslow,6181,0.49226105
Hounslow,6183,0.46608478
Hounslow,6184,0.4590177
Hounslow,6187,0.45926738
Hounslow,6188,0.46249914
Hounslow,6189,0.47281808
Hounslow,6190,0.47357252
Hounslow,6191,0.4645882
Hounslow,6192,0.46917012
Hounslow,6193,0.46985322
Hounslow,6194,0.48683742
Hounslow,6197,0.4782262
Hounslow,6200,0.450807
Hounslow,6201,0.45450285
Hounslow,6202,0.46042123
Hounslow,6205,0.46935472
Hounslow,6211,0.45314938
Hounslow,6368,0.4922773
Hounslow,6372,0.4594709
Hounslow,6373,0.4328816
Hounslow,6402,0.4909134
Hounslow,6405,0.48970687
Hounslow,6410,0.45093197
Hounslow,6411,0.44710293
Hounslow,6412,0.44477767
Hounslow,6413,0.4390927
Hounslow,6461,0.48404476
Hounslow,6876,0.52551746
Hounslow,6891,0.51350564
Hounslow,6896,0.53373885
Hounslow,6897,0.54552907
Hounslow,9114,0.46627086
Hounslow,9115,0.4638749
Hounslow,BP1009,0.4515325
Hounslow,BP1106,0.51031595
Hounslow,BP1107,0.50699276
Hounslow,BP114,0.49981982
Hounslow,BP1172,0.4971107
Hounslow,BP1173,0.43982583
Hounslow,BP1174,0.44718894
Hounslow,BP1175,0.4715155
Hounslow,BP1176,0.4770954
Hounslow,BP1177,0.49233717
Hounslow,BP1178,0.50594044
Hounslow,BP1179,0.5145303
Hounslow,BP1180,0.5220639
Hounslow,BP1181,0.4850812
Hounslow,BP1182,0.4859263
Hounslow,BP1185,0.5065201
Hounslow,BP1186,0.46874887
Hounslow,BP119,0.46972856
Hounslow,BP1196,0.5335782
Hounslow,BP121,0.48625535
Hounslow,BP122,0.49756402
Hounslow,BP1225,0.46296546
Hounslow,BP1226,0.5074071
Hounslow,BP123,0.46411595
Hounslow,BP1287,0.47857308
Hounslow,BP1291,0.42170864
Hounslow,BP1292,0.4269013
Hounslow,BP1319,0.5402169
Hounslow,BP1320,0.5405761
Hounslow,BP1364,0.4966119
Hounslow,BP1365,0.51710325
Hounslow,BP1400,0.47535
Hounslow,BP1401,0.47629768
Hounslow,BP1557,0.52292466
Hounslow,BP1584,0.4941512
Hounslow,BP1610,0.4446858
Hounslow,BP1611,0.44287318
Hounslow,BP1691,0.49124518
Hounslow,BP1701,0.45775893
Hounslow,BP1702,0.48973826
Hounslow,BP1718,0.3742637
Hounslow,BP1720,0.5653776
Hounslow,BP1747,0.5262583
Hounslow,BP1748,0.51837486
Hounslow,BP1834,0.4582979
Hounslow,BP1835,0.45685327
Hounslow,BP1986,0.5181805
Hounslow,BP1992,0.53947955
Hounslow,BP1993,0.49226874
Hounslow,BP2099,0.45379835
Hounslow,BP2100,0.45645934
Hounslow,BP2173,0.5024876
Hounslow,BP2174,0.5184641
Hounslow,BP2260,0.5338971
Hounslow,BP2261,0.5330952
Hounslow,BP2285,0.47611493
Hounslow,BP2405,0.55343086
Hounslow,BP2439,0.47565243
Hounslow,BP2440,0.48056313
Hounslow,BP2682,0.44711706
Hounslow,BP2727,0.5409251
Hounslow,BP2736,0.41685796
Hounslow,BP2777,0.4731812
Hounslow,BP3121,0.4182773
Hounslow,BP3166,0.4605103
Hounslow,BP3167,0.4530535
Hounslow,BP3168,0.4426349
Hounslow,BP3169,0.435591
Hounslow,BP3448,0.46520624
Hounslow,BP3535,0.46619788
Hounslow,BP361,0.45292655
Hounslow,BP3624,0.5352112
Hounslow,BP3625,0.52953357
Hounslow,BP3626,0.53219163
Hounslow,BP3627,0.54186124
Hounslow,BP3628,0.5101738
Hounslow,BP3629,0.48834023
Hounslow,BP3630,0.4824051
Hounslow,BP3631,0.4608065
Hounslow,BP3632,0.5070898
Hounslow,BP3633,0.5240365
Hounslow,BP3634,0.52374136
Hounslow,BP3635,0.51115936
Hounslow,BP3637,0.51716083
Hounslow,BP3638,0.537389
Hounslow,BP3639,0.48146826
Hounslow,BP3640,0.4781609
Hounslow,BP3641,0.4940672
Hounslow,BP3642,0.45261198
Hounslow,BP3643,0.4840813
Hounslow,BP3644,0.48315603
Hounslow,BP3645,0.48012343
Hounslow,BP3646,0.47233963
Hounslow,BP3647,0.4787765
Hounslow,BP3648,0.4877033
Hounslow,BP3649,0.5080772
Hounslow,BP3651,0.5317001
Hounslow,BP3652,0.5150848
Hounslow,BP3653,0.5309466
Hounslow,BP3654,0.51064986
Hounslow,BP3655,0.48885208
Hounslow,BP3656,0.46591383
Hounslow,BP3657,0.5053872
Hounslow,BP3658,0.5254624
Hounslow,BP3659,0.52479064
Hounslow,BP3660,0.50406283
Hounslow,BP3661,0.5172296
Hounslow,BP3662,0.511251
Hounslow,BP3664,0.5478309
Hounslow,BP3665,0.48873475
Hounslow,BP3666,0.47911745
Hounslow,BP3667,0.49414498
Hounslow,BP3668,0.451322
Hounslow,BP3669,0.47783774
Hounslow,BP3670,0.4981374
Hounslow,BP3671,0.48012885
Hounslow,BP3672,0.50075966
Hounslow,BP3673,0.48026234
Hounslow,BP3674,0.48337385
Hounslow,BP3675,0.5051651
Hounslow,BP4193,0.5285868
Hounslow,BP4197,0.53770053
Hounslow,BP4198,0.5287181
Hounslow,BP4199,0.51574224
Hounslow,BP4200,0.5094054
Hounslow,BP4203,0.50304407
Hounslow,BP443,0.43358397
Hounslow,BP4509,0.46800268
Hounslow,BP4560,0.48115277
Hounslow,BP4561,0.47242165
Hounslow,BP4837,0.5000614
Hounslow,BP486,0.4686674
Hounslow,BP4948,0.5854578
Hounslow,BP4949,0.590824
Hounslow,BP500,0.40304965
Hounslow,BP5009,0.54373735
Hounslow,BP501,0.43725997
Hounslow,BP5022,0.49389797
Hounslow,BP5188,0.48785794
Hounslow,BP5332,0.51752067
Hounslow,BP5333,0.5242154
Hounslow,BP5334,0.5118269
Hounslow,BP5335,0.503289
Hounslow,BP5336,0.46192256
Hounslow,BP5337,0.493547
Hounslow,BP5338,0.50738084
Hounslow,BP5339,0.5217111
Hounslow,BP5340,0.45866862
Hounslow,BP5341,0.5224954
Hounslow,BP5347,0.5199565
Hounslow,BP5496,0.5398927
Hounslow,BP5743,0.5144931
Hounslow,BP5976,0.5352445
Hounslow,BP6246,0.470967
Hounslow,BP6329,0.5068708
Hounslow,BP6334,0.5194917
Hounslow,BP6434,0.51867414
Hounslow,BP6435,0.5099496
Hounslow,BP6531,0.5725297
Hounslow,BP716,0.41424415
Hounslow,BP922,0.53025293
Hounslow,BP923,0.52653337
Hounslow,BP925,0.5092443
Hounslow,BP929,0.5223914
Hounslow,BP937,0.53175104
Hounslow,BP938,0.5407704
Hounslow,BP939,0.47747275
Hounslow,BP941,0.5384977
Hounslow,BP945,0.4714184
Hounslow,BP946,0.47616276
Hounslow,BP947,0.49728328
Hounslow,BP948,0.45603713
Hounslow,BP950,0.44272253
Hounslow,BP989,0.507719
Hounslow,BP991,0.47726607
Hounslow,C101,0.57635087
Hounslow,FW30,0.5116943
Hounslow,FW51,0.50115746
Hounslow,FW52,0.49210358
Hounslow,H371,0.4908975
Hounslow,H372,0.513578
Hounslow,R0147,0.46456546
Hounslow,R0157,0.4758536
Hounslow,R0209,0.5054366
Hounslow,R0214,0.5122896
Hounslow,R0221,0.54938656
Hounslow,R0224,0.5023522
Hounslow,R0226,0.51887316
Hounslow,R0232,0.42755648
Hounslow,R0233,0.44533604
Hounslow,R0368,0.45805556
Hounslow,R0369,0.4759252
Hounslow,R0494,0.5054643
Hounslow,R0642,0.45609006
Hounslow,R0643,0.5139612
Hounslow,R0644,0.52506864
Hounslow,R0645,0.52896327
Hounslow,R0646,0.48047698
Hounslow,R0647,0.48198357
Hounslow,R0648,0.50274986
Hounslow,R0649,0.48710147
Hounslow,R0650,0.5047953
Hounslow,R0865,0.56774765
Hounslow,R0871,0.4362741
Hounslow,T242,0.53665173
Hounslow,T243,0.50903064
Hounslow,T244,0.4597712
Hounslow,T245,0.4753668
Hounslow,T246,0.47491318
Hounslow,T247,0.48765543
Hounslow,T248,0.47984868
Hounslow,T249,0.49670804
Hounslow,T255,0.4780117
Hounslow,T2557,0.4537968
Hounslow,T256,0.47185114
Hounslow,T2560,0.46822852
Hounslow,T2562,0.47397432
Hounslow,T2563,0.45427167
Hounslow,T2568,0.47054484
Hounslow,T2569,0.46330613
Hounslow,T2570,0.47461686
Hounslow,T2571,0.4733369
Hounslow,T2572,0.4836894
Hounslow,T2573,0.48717013
Hounslow,T259,0.509093
Hounslow,15659,0.5269188
Hounslow,15704,0.51467854
Hounslow,15705,0.51071376
Hounslow,16217,0.5513367
Hounslow,16218,0.54737526
Hounslow,17032,0.55518514
Hounslow,17033,0.5565912
Hounslow,1778,0.48540848
Hounslow,20283,0.56948173
Hounslow,33528,0.4859708
Hounslow,553,0.42995727
Hounslow,6168,0.51985484
Hounslow,6169,0.5098828
Hounslow,6175,0.48855326
Hounslow,6195,0.47655624
Hounslow,6196,0.47264892
Hounslow,6872,0.51833963
Hounslow,6873,0.53507155
Hounslow,6875,0.53652126
Hounslow,6893,0.533186
Hounslow,6895,0.5386534
Hounslow,BP1183,0.48287317
Hounslow,BP1184,0.48814705
Hounslow,BP1798,0.4513229
Hounslow,BP3197,0.5183969
Hounslow,BP4824,0.5511919
Hounslow,BP5038,0.54276294
Hounslow,BP5045,0.56583464
Hounslow,BP5085,0.57347023
Islington,10002,0.79285717
Islington,10003,0.78786194
Islington,10004,0.78332895
Islington,10005,0.783193
Islington,10010,0.76082385
Islington,10011,0.78276724
Islington,1017,0.74776405
Islington,1045,0.7003972
Islington,1046,0.7013272
Islington,1073,0.7417551
Islington,1074,0.7430556
Islington,1080,0.71193725
Islington,1084,0.73606193
Islington,11328,0.68945414
Islington,11416,0.751481
Islington,11417,0.747074
Islington,11419,0.671369
Islington,11420,0.674882
Islington,11469,0.79657215
Islington,11470,0.7910967
Islington,12230,0.6601867
Islington,12232,0.65167284
Islington,12233,0.63356924
Islington,12235,0.6222408
Islington,12236,0.62274164
Islington,12237,0.6037882
Islington,12238,0.6027231
Islington,1286,0.6566005
Islington,1287,0.6484849
Islington,1289,0.7126928
Islington,1293,0.78768003
Islington,13463,0.74702996
Islington,13464,0.74696946
Islington,13466,0.7468152
Islington,13467,0.73231
Islington,13469,0.7172817
Islington,13472,0.7046303
Islington,13473,0.7115226
Islington,13474,0.7316267
Islington,13475,0.73524225
Islington,13476,0.77405727
Islington,13619,0.6186671
Islington,14237,0.7144409
Islington,14592,0.60193443
Islington,14593,0.6012566
Islington,14596,0.59514827
Islington,14599,0.6469293
Islington,14600,0.6467357
Islington,14601,0.6368754
Islington,14602,0.6371216
Islington,14605,0.6994527
Islington,14606,0.6928173
Islington,14608,0.70849806
Islington,14609,0.70819414
Islington,14612,0.6807386
Islington,14613,0.68124485
Islington,14616,0.6732949
Islington,14674,0.5145898
Islington,14879,0.5803704
Islington,14920,0.7147996
Islington,15059,0.71330005
Islington,15060,0.76427525
Islington,15061,0.70793706
Islington,15062,0.7130147
Islington,15063,0.7063256
Islington,15064,0.68615794
Islington,15065,0.73072994
Islington,15066,0.73598677
Islington,15067,0.7359966
Islington,15169,0.50554144
Islington,15170,0.5247874
Islington,15171,0.6838018
Islington,1546,0.62753224
Islington,1547,0.65283275
Islington,1549,0.5804751
Islington,1552,0.66478753
Islington,15891,0.68600917
Islington,15892,0.685813
Islington,16075,0.6360217
Islington,16076,0.6343136
Islington,16077,0.588843
Islington,16078,0.5769486
Islington,17293,0.6725851
Islington,17294,0.6547231
Islington,17295,0.64198995
Islington,17471,0.6346122
Islington,17472,0.62959296
Islington,17952,0.7037781
Islington,17953,0.70092064
Islington,17954,0.6639092
Islington,17955,0.65513736
Islington,1801,0.71624815
Islington,1802,0.7150292
Islington,18079,0.58464855
Islington,18080,0.57142085
Islington,18081,0.5101331
Islington,18215,0.5173029
Islington,18216,0.5204842
Islington,185,0.7717685
Islington,187,0.7833283
Islington,188,0.76968175
Islington,18851,0.6356322
Islington,18854,0.5702876
Islington,18857,0.6119022
Islington,18858,0.63709277
Islington,18862,0.65898234
Islington,18864,0.6408175
Islington,18866,0.78235024
Islington,20583,0.8049739
Islington,20684,0.69891787
Islington,20726,0.71991307
Islington,21,0.6450773
Islington,2286,0.71279746
Islington,2287,0.7134512
Islington,2434,0.6539073
Islington,2437,0.646942
Islington,2441,0.6597634
Islington,2442,0.67416346
Islington,2443,0.5522397
Islington,2444,0.568468
Islington,2448,0.57653487
Islington,2460,0.784913
Islington,2462,0.76552945
Islington,2463,0.7508962
Islington,25146,0.72713494
Islington,2626,0.74723655
Islington,2627,0.7334428
Islington,2632,0.7078377
Islington,2633,0.7380163
Islington,2636,0.7484888
Islington,2637,0.7548085
Islington,2638,0.6877261
Islington,2639,0.7066196
Islington,26428,0.64092284
Islington,26500,0.77643436
Islington,26591,0.7325998
Islington,26885,0.73761576
Islington,26970,0.54981947
Islington,27458,0.5262492
Islington,27475,0.7084168
Islington,2780,0.76554304
Islington,29689,0.5965489
Islington,29690,0.59960705
Islington,297,0.74668515
Islington,29748,0.7216026
Islington,29772,0.7875783
Islington,29792,0.73101306
Islington,29918,0.5730339
Islington,29930,0.7594874
Islington,312,0.6813438
Islington,314,0.7025183
Islington,33092,0.77539897
Islington,33153,0.6370847
Islington,33320,0.7726513
Islington,33321,0.72760683
Islington,33322,0.7581508
Islington,33325,0.7496556
Islington,33326,0.6450256
Islington,33327,0.69468474
Islington,33328,0.76101696
Islington,33329,0.7588764
Islington,33330,0.6720185
Islington,33331,0.6115732
Islington,33604,0.689401
Islington,33985,0.7188824
Islington,34055,0.80489683
Islington,34282,0.56328607
Islington,34331,0.60958755
Islington,34333,0.5691778
Islington,34334,0.5655901
Islington,34335,0.5939316
Islington,34336,0.5706769
Islington,34337,0.5999673
Islington,34338,0.5920917
Islington,34339,0.61743766
Islington,34340,0.6267238
Islington,34354,0.5954048
Islington,34429,0.7136805
Islington,34516,0.6465691
Islington,34517,0.64609677
Islington,34518,0.6286305
Islington,34519,0.6271364
Islington,34959,0.6632228
Islington,34964,0.6110318
Islington,34965,0.6225055
Islington,3513,0.754331
Islington,35361,0.56329393
Islington,360,0.66081953
Islington,361,0.7293152
Islington,36578,0.6349359
Islington,36608,0.63456357
Islington,36800,0.719885
Islington,36804,0.6621095
Islington,37035,0.681523
Islington,37036,0.6216049
Islington,37037,0.67304486
Islington,37038,0.71539813
Islington,37040,0.66815495
Islington,37045,0.5607069
Islington,37046,0.61649275
Islington,37047,0.655743
Islington,37048,0.6869012
Islington,37049,0.6796537
Islington,37050,0.6351557
Islington,37051,0.6350316
Islington,37052,0.6907471
Islington,37053,0.72351307
Islington,37054,0.5861918
Islington,37055,0.5658287
Islington,37626,0.6901579
Islington,37627,0.6924172
Islington,37646,0.71439224
Islington,4714,0.64225155
Islington,4715,0.6950881
Islington,4716,0.7418891
Islington,4717,0.7269909
Islington,526,0.66811794
Islington,529,0.62718743
Islington,530,0.6800218
Islington,616,0.69385725
Islington,617,0.7299485
Islington,618,0.6422897
Islington,72,0.66777307
Islington,751,0.6315146
Islington,7735,0.7827434
Islington,7800,0.67397875
Islington,7868,0.7229155
Islington,790,0.7466523
Islington,791,0.7474297
Islington,792,0.7357621
Islington,793,0.7220265
Islington,796,0.74071884
Islington,797,0.7585712
Islington,80001,0.7963146
Islington,8363,0.7778928
Islington,8368,0.76202965
Islington,8371,0.72756606
Islington,8372,0.7274498
Islington,8376,0.6487638
Islington,8378,0.6545027
Islington,8380,0.63768494
Islington,8381,0.6913078
Islington,8385,0.70010555
Islington,8386,0.6742163
Islington,8387,0.7079134
Islington,8388,0.6799369
Islington,8389,0.68136925
Islington,8390,0.69688123
Islington,8391,0.6800516
Islington,8392,0.6963176
Islington,8393,0.7335436
Islington,8562,0.75904727
Islington,905,0.6980553
Islington,907,0.68913823
Islington,908,0.6385032
Islington,909,0.6532851
Islington,911,0.6013698
Islington,9242,0.7465697
Islington,9487,0.70909107
Islington,9488,0.7058036
Islington,949,0.5866874
Islington,954,0.6530113
Islington,970,0.7339399
Islington,9826,0.7077279
Islington,9827,0.7085295
Islington,9829,0.70166326
Islington,9830,0.72874004
Islington,9831,0.7319368
Islington,9833,0.72351
Islington,9834,0.720141
Islington,9836,0.7814747
Islington,9839,0.8023483
Islington,9840,0.792626
Islington,9841,0.78220665
Islington,9842,0.7766033
Islington,9843,0.7574419
Islington,9845,0.76226187
Islington,9850,0.6624378
Islington,9852,0.6528299
Islington,9853,0.6747605
Islington,9857,0.6885233
Islington,9858,0.69026464
Islington,9861,0.65859944
Islington,9862,0.680061
Islington,9995,0.7212185
Islington,9996,0.7238088
Islington,BP001,0.6720888
Islington,BP002,0.6733563
Islington,BP003,0.6714932
Islington,BP1012,0.542418
Islington,BP1079,0.7469751
Islington,BP134,0.77574396
Islington,BP1345,0.7373397
Islington,BP1391,0.67551655
Islington,BP1392,0.6957087
Islington,BP1511,0.61894745
Islington,BP1512,0.70036465
Islington,BP1513,0.628411
Islington,BP1521,0.6130812
Islington,BP1522,0.71638083
Islington,BP1523,0.6228342
Islington,BP1896,0.5921179
Islington,BP1998,0.7625935
Islington,BP2307,0.7105176
Islington,BP2478,0.71307015
Islington,BP2649,0.69032896
Islington,BP3190,0.6201018
Islington,BP3222,0.69402325
Islington,BP3247,0.55409783
Islington,BP3249,0.5667903
Islington,BP3289,0.6775692
Islington,BP3747,0.6521479
Islington,BP3748,0.6454119
Islington,BP3749,0.6448185
Islington,BP3750,0.6483858
Islington,BP3751,0.59869
Islington,BP3752,0.59872925
Islington,BP3753,0.5710597
Islington,BP3754,0.5728559
Islington,BP3804,0.5694595
Islington,BP3912,0.79852587
Islington,BP4240,0.7433064
Islington,BP4242,0.81341016
Islington,BP4326,0.6569957
Islington,BP4674,0.6619487
Islington,BP5024,0.59754366
Islington,BP5025,0.6964962
Islington,BP5026,0.5938117
Islington,BP5027,0.60199916
Islington,BP5536,0.6541594
Islington,BP5537,0.649948
Islington,BP5972,0.7613897
Islington,BP6016,0.7142348
Islington,BP6017,0.7058851
Islington,BP6018,0.64345825
Islington,BP6243,0.74572283
Islington,BP6253,0.7463794
Islington,BP753,0.6811873
Islington,FL002,0.56147295
Islington,FL004,0.60998833
Islington,R0001,0.7800203
Islington,R0002,0.75953114
Islington,R0003,0.7378321
Islington,1291,0.74568677
Islington,18082,0.6229357
Islington,363,0.77417326
Islington,36601,0.7378494
Islington,36602,0.7833852
Islington,8369,0.76486516
Kensington and Chelsea,1059,0.4810852
Kensington and Chelsea,1061,0.4275934
Kensington and Chelsea,1062,0.39268422
Kensington and Chelsea,1063,0.49013078
Kensington and Chelsea,1064,0.49060065
Kensington and Chelsea,1065,0.49529293
Kensington and Chelsea,1069,0.4560063
Kensington and Chelsea,1070,0.45728758
Kensington and Chelsea,1072,0.4152757
Kensington and Chelsea,11145,0.41997662
Kensington and Chelsea,11146,0.42600092
Kensington and Chelsea,11148,0.387795
Kensington and Chelsea,11149,0.40854684
Kensington and Chelsea,11150,0.4067356
Kensington and Chelsea,11151,0.3913744
Kensington and Chelsea,11152,0.39062414
Kensington and Chelsea,11156,0.48151553
Kensington and Chelsea,11160,0.48213068
Kensington and Chelsea,11162,0.4447171
Kensington and Chelsea,11164,0.41564074
Kensington and Chelsea,11165,0.44000384
Kensington and Chelsea,11166,0.43624842
Kensington and Chelsea,11169,0.42034364
Kensington and Chelsea,11170,0.42377087
Kensington and Chelsea,11171,0.4142493
Kensington and Chelsea,11175,0.40980282
Kensington and Chelsea,11178,0.39456335
Kensington and Chelsea,11179,0.39220384
Kensington and Chelsea,11184,0.4242893
Kensington and Chelsea,11187,0.4072965
Kensington and Chelsea,11195,0.46394017
Kensington and Chelsea,11196,0.47388554
Kensington and Chelsea,11197,0.44594762
Kensington and Chelsea,11283,0.3546256
Kensington and Chelsea,11286,0.39089358
Kensington and Chelsea,11287,0.3868138
Kensington and Chelsea,11289,0.428827
Kensington and Chelsea,11291,0.42407203
Kensington and Chelsea,11292,0.4576407
Kensington and Chelsea,11293,0.46690792
Kensington and Chelsea,11294,0.44588616
Kensington and Chelsea,11295,0.47938672
Kensington and Chelsea,11296,0.50482315
Kensington and Chelsea,11297,0.5233724
Kensington and Chelsea,11298,0.5065127
Kensington and Chelsea,11300,0.4866133
Kensington and Chelsea,11307,0.49384934
Kensington and Chelsea,11309,0.49519983
Kensington and Chelsea,11311,0.49728057
Kensington and Chelsea,11312,0.42629555
Kensington and Chelsea,11313,0.42943802
Kensington and Chelsea,11325,0.41787
Kensington and Chelsea,11326,0.4136592
Kensington and Chelsea,11471,0.39388388
Kensington and Chelsea,11472,0.41382563
Kensington and Chelsea,11476,0.4230015
Kensington and Chelsea,1151,0.41128075
Kensington and Chelsea,11522,0.45123085
Kensington and Chelsea,11523,0.45373842
Kensington and Chelsea,11527,0.44820535
Kensington and Chelsea,11528,0.4224946
Kensington and Chelsea,11531,0.43038324
Kensington and Chelsea,11532,0.43688902
Kensington and Chelsea,11533,0.46559665
Kensington and Chelsea,11534,0.45552164
Kensington and Chelsea,11535,0.4901753
Kensington and Chelsea,11537,0.4872412
Kensington and Chelsea,11538,0.48247096
Kensington and Chelsea,11539,0.46808535
Kensington and Chelsea,11540,0.48746127
Kensington and Chelsea,11541,0.48495784
Kensington and Chelsea,11542,0.46368358
Kensington and Chelsea,11543,0.49541882
Kensington and Chelsea,11544,0.45020953
Kensington and Chelsea,11545,0.4809656
Kensington and Chelsea,11546,0.48253363
Kensington and Chelsea,11547,0.48932168
Kensington and Chelsea,11548,0.49021202
Kensington and Chelsea,11550,0.45183277
Kensington and Chelsea,11551,0.4448922
Kensington and Chelsea,11552,0.44341853
Kensington and Chelsea,11553,0.45071372
Kensington and Chelsea,11751,0.40822315
Kensington and Chelsea,120,0.44157732
Kensington and Chelsea,1259,0.44878602
Kensington and Chelsea,126,0.45499194
Kensington and Chelsea,1260,0.42583314
Kensington and Chelsea,1264,0.4301434
Kensington and Chelsea,1265,0.4124789
Kensington and Chelsea,1266,0.42772868
Kensington and Chelsea,1268,0.41462126
Kensington and Chelsea,1269,0.4115299
Kensington and Chelsea,1270,0.41401252
Kensington and Chelsea,1271,0.41947168
Kensington and Chelsea,1272,0.40468302
Kensington and Chelsea,1399,0.44772053
Kensington and Chelsea,1400,0.4457043
Kensington and Chelsea,1446,0.5040378
Kensington and Chelsea,1448,0.4973589
Kensington and Chelsea,1449,0.50545985
Kensington and Chelsea,1450,0.5079688
Kensington and Chelsea,14640,0.44046673
Kensington and Chelsea,15277,0.45737776
Kensington and Chelsea,15278,0.45205697
Kensington and Chelsea,15279,0.45164615
Kensington and Chelsea,1560,0.41821015
Kensington and Chelsea,1561,0.39059263
Kensington and Chelsea,1562,0.38918084
Kensington and Chelsea,1563,0.40886432
Kensington and Chelsea,1564,0.40158525
Kensington and Chelsea,1565,0.4153969
Kensington and Chelsea,1566,0.44427332
Kensington and Chelsea,1573,0.44469106
Kensington and Chelsea,1575,0.42621306
Kensington and Chelsea,1576,0.42800286
Kensington and Chelsea,16031,0.41683668
Kensington and Chelsea,16034,0.43798438
Kensington and Chelsea,16870,0.41030458
Kensington and Chelsea,17368,0.4681793
Kensington and Chelsea,1791,0.43986055
Kensington and Chelsea,1808,0.5445106
Kensington and Chelsea,1809,0.54261774
Kensington and Chelsea,1824,0.44438797
Kensington and Chelsea,20591,0.42586008
Kensington and Chelsea,20821,0.38726345
Kensington and Chelsea,20883,0.44793788
Kensington and Chelsea,20968,0.39655024
Kensington and Chelsea,213,0.3853683
Kensington and Chelsea,216,0.38125232
Kensington and Chelsea,25053,0.42261735
Kensington and Chelsea,25136,0.4594033
Kensington and Chelsea,25448,0.45419207
Kensington and Chelsea,25695,0.48871893
Kensington and Chelsea,26492,0.44822645
Kensington and Chelsea,26493,0.45143002
Kensington and Chelsea,2654,0.40389615
Kensington and Chelsea,2661,0.4592951
Kensington and Chelsea,2662,0.39745367
Kensington and Chelsea,27496,0.43582907
Kensington and Chelsea,27497,0.46408966
Kensington and Chelsea,27791,0.45959127
Kensington and Chelsea,28421,0.39755544
Kensington and Chelsea,29615,0.47935203
Kensington and Chelsea,29935,0.47144142
Kensington and Chelsea,29936,0.49540642
Kensington and Chelsea,29937,0.4826792
Kensington and Chelsea,29938,0.46125755
Kensington and Chelsea,29939,0.41265643
Kensington and Chelsea,29940,0.42143872
Kensington and Chelsea,29941,0.40990436
Kensington and Chelsea,3191,0.4057085
Kensington and Chelsea,3192,0.42656538
Kensington and Chelsea,3237,0.3877857
Kensington and Chelsea,3239,0.42580378
Kensington and Chelsea,3243,0.42686138
Kensington and Chelsea,34171,0.44102076
Kensington and Chelsea,34172,0.4419652
Kensington and Chelsea,34173,0.43886355
Kensington and Chelsea,34564,0.4027753
Kensington and Chelsea,34565,0.40073404
Kensington and Chelsea,34567,0.43780243
Kensington and Chelsea,34570,0.43393254
Kensington and Chelsea,34571,0.4278032
Kensington and Chelsea,34572,0.42084426
Kensington and Chelsea,34573,0.42043447
Kensington and Chelsea,34574,0.4365034
Kensington and Chelsea,34575,0.44308022
Kensington and Chelsea,34755,0.45819607
Kensington and Chelsea,34760,0.46219146
Kensington and Chelsea,35140,0.45069522
Kensington and Chelsea,35141,0.4547942
Kensington and Chelsea,35202,0.4978149
Kensington and Chelsea,35294,0.4205702
Kensington and Chelsea,35674,0.3976709
Kensington and Chelsea,35905,0.5117004
Kensington and Chelsea,35987,0.4471142
Kensington and Chelsea,35988,0.45163947
Kensington and Chelsea,36575,0.4938301
Kensington and Chelsea,36788,0.43316627
Kensington and Chelsea,36798,0.5022953
Kensington and Chelsea,36836,0.43398473
Kensington and Chelsea,36881,0.40271994
Kensington and Chelsea,36885,0.39492
Kensington and Chelsea,37304,0.40611535
Kensington and Chelsea,37382,0.4424018
Kensington and Chelsea,37383,0.46637008
Kensington and Chelsea,37384,0.46253133
Kensington and Chelsea,37385,0.47107512
Kensington and Chelsea,37386,0.46231002
Kensington and Chelsea,37404,0.39459682
Kensington and Chelsea,37407,0.3963302
Kensington and Chelsea,37444,0.48932865
Kensington and Chelsea,37445,0.4186143
Kensington and Chelsea,37615,0.4833825
Kensington and Chelsea,37616,0.48478067
Kensington and Chelsea,37624,0.46023533
Kensington and Chelsea,37625,0.4656574
Kensington and Chelsea,37689,0.4295204
Kensington and Chelsea,3900,0.39768562
Kensington and Chelsea,690,0.41084814
Kensington and Chelsea,81,0.43847397
Kensington and Chelsea,82,0.44774777
Kensington and Chelsea,83,0.42298236
Kensington and Chelsea,836,0.44027954
Kensington and Chelsea,837,0.45009506
Kensington and Chelsea,839,0.44178098
Kensington and Chelsea,84,0.42698744
Kensington and Chelsea,8410,0.41414225
Kensington and Chelsea,865,0.38336414
Kensington and Chelsea,87,0.39916384
Kensington and Chelsea,893,0.38897493
Kensington and Chelsea,894,0.38787472
Kensington and Chelsea,91525,0.40213078
Kensington and Chelsea,9417,0.3865431
Kensington and Chelsea,9418,0.38057145
Kensington and Chelsea,9419,0.39092192
Kensington and Chelsea,9420,0.38349503
Kensington and Chelsea,9451,0.4727299
Kensington and Chelsea,9481,0.48531547
Kensington and Chelsea,9482,0.48164722
Kensington and Chelsea,BP1108,0.45112878
Kensington and Chelsea,BP1527,0.4298434
Kensington and Chelsea,BP1589,0.48597947
Kensington and Chelsea,BP1733,0.4594638
Kensington and Chelsea,BP212,0.39698923
Kensington and Chelsea,BP2865,0.50024164
Kensington and Chelsea,BP3778,0.38780788
Kensington and Chelsea,BP3779,0.39368305
Kensington and Chelsea,BP3780,0.40802267
Kensington and Chelsea,BP3781,0.4020311
Kensington and Chelsea,BP3782,0.37085354
Kensington and Chelsea,BP3783,0.39948985
Kensington and Chelsea,BP3784,0.39462602
Kensington and Chelsea,BP3785,0.40836647
Kensington and Chelsea,BP5155,0.3834392
Kensington and Chelsea,BP5266,0.42471436
Kensington and Chelsea,BP5267,0.44544533
Kensington and Chelsea,BP5268,0.41424435
Kensington and Chelsea,BP5348,0.3996096
Kensington and Chelsea,BP5351,0.40090537
Kensington and Chelsea,BP5352,0.39884448
Kensington and Chelsea,BP5570,0.400296
Kensington and Chelsea,BP5926,0.51829755
Kensington and Chelsea,BP5927,0.5156842
Kensington and Chelsea,BP675,0.46753666
Kensington and Chelsea,BP686,0.51039636
Kensington and Chelsea,R0098,0.39292127
Kensington and Chelsea,1067,0.5114287
Kensington and Chelsea,1071,0.41792217
Kensington and Chelsea,11154,0.41546488
Kensington and Chelsea,11155,0.5048457
Kensington and Chelsea,11306,0.4146495
Kensington and Chelsea,33257,0.4074282
Kensington and Chelsea,35673,0.4077893
Kensington and Chelsea,37401,0.38512206
Kensington and Chelsea,37414,0.40989628
Kensington and Chelsea,37430,0.3971751
Kensington and Chelsea,BP5154,0.36068666
Kensington and Chelsea,BP5300,0.39081946
Kensington and Chelsea,BP5349,0.39670268
Kingston upon Thames,10019,0.58020365
Kingston upon Thames,10023,0.62356883
Kingston upon Thames,10024,0.5983174
Kingston upon Thames,10028,0.5659504
Kingston upon Thames,10031,0.51107436
Kingston upon Thames,10032,0.5107977
Kingston upon Thames,10037,0.5446127
Kingston upon Thames,10038,0.57823324
Kingston upon Thames,10041,0.60030484
Kingston upon Thames,11127,0.5310432
Kingston upon Thames,11128,0.5102219
Kingston upon Thames,11350,0.58346224
Kingston upon Thames,11351,0.5828491
Kingston upon Thames,11457,0.55797625
Kingston upon Thames,11458,0.54355705
Kingston upon Thames,11461,0.5782042
Kingston upon Thames,11462,0.5975853
Kingston upon Thames,11464,0.57221866
Kingston upon Thames,11739,0.5401179
Kingston upon Thames,12900,0.5858696
Kingston upon Thames,14197,0.5804489
Kingston upon Thames,14198,0.5696042
Kingston upon Thames,1420,0.5851159
Kingston upon Thames,14200,0.5581859
Kingston upon Thames,14201,0.555818
Kingston upon Thames,14850,0.54989797
Kingston upon Thames,15716,0.5396893
Kingston upon Thames,15717,0.52337724
Kingston upon Thames,15720,0.62545025
Kingston upon Thames,15721,0.54964876
Kingston upon Thames,15722,0.55739117
Kingston upon Thames,15723,0.5708814
Kingston upon Thames,15724,0.5914068
Kingston upon Thames,15725,0.57655287
Kingston upon Thames,15727,0.54366887
Kingston upon Thames,15728,0.5460981
Kingston upon Thames,15730,0.584891
Kingston upon Thames,15731,0.550955
Kingston upon Thames,15732,0.54706126
Kingston upon Thames,15733,0.5714321
Kingston upon Thames,15734,0.57147473
Kingston upon Thames,15735,0.5782182
Kingston upon Thames,1601,0.4213169
Kingston upon Thames,1602,0.45429373
Kingston upon Thames,16725,0.5668282
Kingston upon Thames,16726,0.557646
Kingston upon Thames,16727,0.52272356
Kingston upon Thames,16728,0.5553385
Kingston upon Thames,16729,0.55919355
Kingston upon Thames,16730,0.6155397
Kingston upon Thames,16731,0.61655813
Kingston upon Thames,16734,0.54029894
Kingston upon Thames,16735,0.57727826
Kingston upon Thames,16736,0.58827734
Kingston upon Thames,16737,0.5588613
Kingston upon Thames,16738,0.5677216
Kingston upon Thames,16739,0.55313057
Kingston upon Thames,16740,0.56344074
Kingston upon Thames,16741,0.5266726
Kingston upon Thames,16742,0.50839686
Kingston upon Thames,16746,0.5148623
Kingston upon Thames,16747,0.5057129
Kingston upon Thames,17600,0.52481097
Kingston upon Thames,17601,0.54865766
Kingston upon Thames,1787,0.6185149
Kingston upon Thames,1788,0.6196774
Kingston upon Thames,1789,0.59156066
Kingston upon Thames,1790,0.58880836
Kingston upon Thames,1799,0.5803909
Kingston upon Thames,1800,0.580442
Kingston upon Thames,18693,0.54721516
Kingston upon Thames,18695,0.53886527
Kingston upon Thames,18696,0.60617006
Kingston upon Thames,18698,0.554791
Kingston upon Thames,18722,0.5741427
Kingston upon Thames,18723,0.51279086
Kingston upon Thames,18724,0.5096366
Kingston upon Thames,18916,0.5411931
Kingston upon Thames,1915,0.57112366
Kingston upon Thames,1916,0.57793534
Kingston upon Thames,1917,0.5659131
Kingston upon Thames,19364,0.54584384
Kingston upon Thames,19366,0.45787886
Kingston upon Thames,19367,0.4576731
Kingston upon Thames,19463,0.54451334
Kingston upon Thames,19542,0.55829126
Kingston upon Thames,19544,0.5767747
Kingston upon Thames,19545,0.5768571
Kingston upon Thames,19547,0.49985155
Kingston upon Thames,19548,0.47351965
Kingston upon Thames,19549,0.47345653
Kingston upon Thames,19550,0.5365806
Kingston upon Thames,19551,0.53108954
Kingston upon Thames,19589,0.5947635
Kingston upon Thames,19590,0.5916434
Kingston upon Thames,19592,0.5406218
Kingston upon Thames,20096,0.5124043
Kingston upon Thames,20097,0.49747968
Kingston upon Thames,2022,0.54026073
Kingston upon Thames,2023,0.5306367
Kingston upon Thames,20503,0.56267065
Kingston upon Thames,20662,0.5588515
Kingston upon Thames,20671,0.5377041
Kingston upon Thames,20672,0.5389034
Kingston upon Thames,20715,0.5610539
Kingston upon Thames,20823,0.5947428
Kingston upon Thames,21237,0.5427868
Kingston upon Thames,23295,0.5470041
Kingston upon Thames,23296,0.55389637
Kingston upon Thames,23297,0.54175514
Kingston upon Thames,23298,0.5492183
Kingston upon Thames,23299,0.5393879
Kingston upon Thames,23300,0.5412607
Kingston upon Thames,23405,0.5287194
Kingston upon Thames,23416,0.5903356
Kingston upon Thames,23503,0.56467026
Kingston upon Thames,23504,0.5609432
Kingston upon Thames,23505,0.55773985
Kingston upon Thames,23506,0.5696313
Kingston upon Thames,23509,0.5416597
Kingston upon Thames,23510,0.5323308
Kingston upon Thames,23511,0.52080524
Kingston upon Thames,23512,0.531245
Kingston upon Thames,23513,0.53034014
Kingston upon Thames,23514,0.5303753
Kingston upon Thames,23515,0.5253886
Kingston upon Thames,23516,0.5252814
Kingston upon Thames,23517,0.5385329
Kingston upon Thames,23518,0.54353225
Kingston upon Thames,23520,0.53044415
Kingston upon Thames,23521,0.5967542
Kingston upon Thames,23853,0.56075025
Kingston upon Thames,2416,0.4689345
Kingston upon Thames,2417,0.4748419
Kingston upon Thames,24483,0.5783016
Kingston upon Thames,25057,0.5211007
Kingston upon Thames,25070,0.5829801
Kingston upon Thames,25071,0.5825927
Kingston upon Thames,25117,0.5816466
Kingston upon Thames,25119,0.5804627
Kingston upon Thames,25135,0.6081825
Kingston upon Thames,25143,0.54447925
Kingston upon Thames,25144,0.5798833
Kingston upon Thames,25349,0.5480999
Kingston upon Thames,25351,0.50160134
Kingston upon Thames,25352,0.52587473
Kingston upon Thames,25353,0.5049604
Kingston upon Thames,25354,0.5100736
Kingston upon Thames,25355,0.50699604
Kingston upon Thames,25356,0.50266546
Kingston upon Thames,25357,0.51372015
Kingston upon Thames,25358,0.51856947
Kingston upon Thames,25359,0.55429417
Kingston upon Thames,25360,0.5770982
Kingston upon Thames,25571,0.5539637
Kingston upon Thames,25572,0.55513895
Kingston upon Thames,25577,0.55463487
Kingston upon Thames,26592,0.6560277
Kingston upon Thames,26593,0.65271103
Kingston upon Thames,2710,0.56994003
Kingston upon Thames,2711,0.5747058
Kingston upon Thames,27354,0.548107
Kingston upon Thames,27358,0.58029485
Kingston upon Thames,27360,0.6182718
Kingston upon Thames,27378,0.57114524
Kingston upon Thames,27379,0.6022615
Kingston upon Thames,27383,0.6003047
Kingston upon Thames,27386,0.61858773
Kingston upon Thames,27387,0.5994172
Kingston upon Thames,27388,0.5604209
Kingston upon Thames,27532,0.5914106
Kingston upon Thames,27533,0.60722464
Kingston upon Thames,27573,0.5408608
Kingston upon Thames,27708,0.54383415
Kingston upon Thames,28215,0.53756636
Kingston upon Thames,29816,0.5735065
Kingston upon Thames,29817,0.5649232
Kingston upon Thames,29818,0.551409
Kingston upon Thames,29819,0.54427177
Kingston upon Thames,31468,0.63345534
Kingston upon Thames,31742,0.58795977
Kingston upon Thames,33029,0.54866517
Kingston upon Thames,33031,0.5380419
Kingston upon Thames,33032,0.53879493
Kingston upon Thames,33034,0.53987765
Kingston upon Thames,33058,0.54544073
Kingston upon Thames,33059,0.5330931
Kingston upon Thames,33077,0.57979244
Kingston upon Thames,33078,0.60983956
Kingston upon Thames,33216,0.55403805
Kingston upon Thames,33217,0.5685012
Kingston upon Thames,33218,0.5643371
Kingston upon Thames,33219,0.58970714
Kingston upon Thames,33268,0.5232334
Kingston upon Thames,33269,0.5220969
Kingston upon Thames,33389,0.50442034
Kingston upon Thames,33470,0.52632856
Kingston upon Thames,33471,0.530611
Kingston upon Thames,33472,0.49826345
Kingston upon Thames,33473,0.50968075
Kingston upon Thames,33474,0.53250724
Kingston upon Thames,33475,0.54090095
Kingston upon Thames,33588,0.5188084
Kingston upon Thames,33590,0.5522762
Kingston upon Thames,33591,0.5512917
Kingston upon Thames,33592,0.5394235
Kingston upon Thames,33613,0.5684659
Kingston upon Thames,33921,0.5046049
Kingston upon Thames,33938,0.5415936
Kingston upon Thames,34031,0.6035302
Kingston upon Thames,34034,0.4645854
Kingston upon Thames,34035,0.50059336
Kingston upon Thames,34254,0.55676377
Kingston upon Thames,3472,0.5430968
Kingston upon Thames,3475,0.48194447
Kingston upon Thames,3476,0.48784217
Kingston upon Thames,3477,0.49063176
Kingston upon Thames,35376,0.5181168
Kingston upon Thames,35733,0.572823
Kingston upon Thames,3620,0.5674439
Kingston upon Thames,36894,0.58628285
Kingston upon Thames,36903,0.5458673
Kingston upon Thames,37293,0.59458107
Kingston upon Thames,3794,0.55548984
Kingston upon Thames,3795,0.52953625
Kingston upon Thames,4477,0.62166595
Kingston upon Thames,4479,0.5553153
Kingston upon Thames,4480,0.57193714
Kingston upon Thames,4483,0.5442796
Kingston upon Thames,4486,0.5495684
Kingston upon Thames,4489,0.5203322
Kingston upon Thames,4507,0.5724101
Kingston upon Thames,4508,0.5524265
Kingston upon Thames,4510,0.55234635
Kingston upon Thames,4513,0.58636445
Kingston upon Thames,4514,0.5847103
Kingston upon Thames,4515,0.53307456
Kingston upon Thames,4516,0.53296506
Kingston upon Thames,4517,0.5739289
Kingston upon Thames,4518,0.5869424
Kingston upon Thames,4520,0.54737586
Kingston upon Thames,4521,0.43928677
Kingston upon Thames,4522,0.44287762
Kingston upon Thames,4523,0.53437334
Kingston upon Thames,4524,0.57267314
Kingston upon Thames,6726,0.5844783
Kingston upon Thames,9796,0.55343145
Kingston upon Thames,9797,0.5593776
Kingston upon Thames,BP034,0.5853187
Kingston upon Thames,BP035,0.5951145
Kingston upon Thames,BP036,0.5903658
Kingston upon Thames,BP069,0.48924485
Kingston upon Thames,BP070,0.57012963
Kingston upon Thames,BP1268,0.5574965
Kingston upon Thames,BP1337,0.41742784
Kingston upon Thames,BP1338,0.42046478
Kingston upon Thames,BP1528,0.60553783
Kingston upon Thames,BP1645,0.5406541
Kingston upon Thames,BP1646,0.64598745
Kingston upon Thames,BP1685,0.6438097
Kingston upon Thames,BP1735,0.5482572
Kingston upon Thames,BP1736,0.57009876
Kingston upon Thames,BP1737,0.5771507
Kingston upon Thames,BP189,0.57887787
Kingston upon Thames,BP1957,0.5152027
Kingston upon Thames,BP1958,0.49548638
Kingston upon Thames,BP1959,0.50903016
Kingston upon Thames,BP1960,0.47270858
Kingston upon Thames,BP2466,0.53392434
Kingston upon Thames,BP2599,0.5548959
Kingston upon Thames,BP2614,0.57346326
Kingston upon Thames,BP2674,0.5640415
Kingston upon Thames,BP272,0.5760069
Kingston upon Thames,BP2730,0.53484267
Kingston upon Thames,BP2819,0.5251236
Kingston upon Thames,BP2820,0.5251805
Kingston upon Thames,BP285,0.6247803
Kingston upon Thames,BP3109,0.5616455
Kingston upon Thames,BP3310,0.5128464
Kingston upon Thames,BP3422,0.46817553
Kingston upon Thames,BP3619,0.57477295
Kingston upon Thames,BP3620,0.59067327
Kingston upon Thames,BP3621,0.5928497
Kingston upon Thames,BP3622,0.59052545
Kingston upon Thames,BP3623,0.56758845
Kingston upon Thames,BP379,0.5865916
Kingston upon Thames,BP386,0.6252417
Kingston upon Thames,BP387,0.58239037
Kingston upon Thames,BP3896,0.44528362
Kingston upon Thames,BP3897,0.44024003
Kingston upon Thames,BP4119,0.5442909
Kingston upon Thames,BP4479,0.6092795
Kingston upon Thames,BP4621,0.5407458
Kingston upon Thames,BP479,0.63062865
Kingston upon Thames,BP4867,0.53450805
Kingston upon Thames,BP488,0.6370104
Kingston upon Thames,BP490,0.6358998
Kingston upon Thames,BP491,0.62225837
Kingston upon Thames,BP4916,0.5019495
Kingston upon Thames,BP4917,0.50198567
Kingston upon Thames,BP492,0.63855773
Kingston upon Thames,BP4929,0.5945352
Kingston upon Thames,BP493,0.6331785
Kingston upon Thames,BP496,0.624289
Kingston upon Thames,BP497,0.62253827
Kingston upon Thames,BP499,0.64967173
Kingston upon Thames,BP4990,0.52885157
Kingston upon Thames,BP4997,0.61156464
Kingston upon Thames,BP4998,0.6087326
Kingston upon Thames,BP4999,0.5925909
Kingston upon Thames,BP5000,0.562871
Kingston upon Thames,BP5001,0.56592244
Kingston upon Thames,BP5002,0.57330185
Kingston upon Thames,BP504,0.4995562
Kingston upon Thames,BP5157,0.5760075
Kingston upon Thames,BP5198,0.5648701
Kingston upon Thames,BP5304,0.5721286
Kingston upon Thames,BP5305,0.5687165
Kingston upon Thames,BP5327,0.43609032
Kingston upon Thames,BP5328,0.47180372
Kingston upon Thames,BP5377,0.5887195
Kingston upon Thames,BP5378,0.5880431
Kingston upon Thames,BP5494,0.5666204
Kingston upon Thames,BP5596,0.5795882
Kingston upon Thames,BP5597,0.57775044
Kingston upon Thames,BP5598,0.57895744
Kingston upon Thames,BP5669,0.6210008
Kingston upon Thames,BP5671,0.558958
Kingston upon Thames,BP5683,0.5455824
Kingston upon Thames,BP5719,0.506904
Kingston upon Thames,BP5741,0.570944
Kingston upon Thames,BP5778,0.5137125
Kingston upon Thames,BP5779,0.5167646
Kingston upon Thames,BP5780,0.5272299
Kingston upon Thames,BP5781,0.51338685
Kingston upon Thames,BP5796,0.55531496
Kingston upon Thames,BP5838,0.49402204
Kingston upon Thames,BP5839,0.44155997
Kingston upon Thames,BP618,0.65143687
Kingston upon Thames,BP780,0.539569
Kingston upon Thames,BP964,0.52907395
Kingston upon Thames,C17,0.5783459
Kingston upon Thames,FW1,0.61398745
Kingston upon Thames,HC69,0.6340868
Kingston upon Thames,HC70,0.5425953
Kingston upon Thames,HC71,0.6199983
Kingston upon Thames,HC72,0.55178505
Kingston upon Thames,HC77,0.5352268
Kingston upon Thames,HC78,0.5733646
Kingston upon Thames,HC79,0.5804087
Kingston upon Thames,HC80,0.5445562
Kingston upon Thames,OC443,0.5903392
Kingston upon Thames,OC446,0.5207504
Kingston upon Thames,OC447,0.59486675
Kingston upon Thames,OC448,0.57913727
Kingston upon Thames,OC454,0.5444288
Kingston upon Thames,OC456,0.54397565
Kingston upon Thames,OC586,0.5238471
Kingston upon Thames,OC587,0.59969157
Kingston upon Thames,OC588,0.5765089
Kingston upon Thames,OC611,0.5669252
Kingston upon Thames,OC622,0.5902297
Kingston upon Thames,OC890,0.58800465
Kingston upon Thames,OC896,0.5916518
Kingston upon Thames,OC897,0.5989221
Kingston upon Thames,OC898,0.6009248
Kingston upon Thames,OC899,0.5070864
Kingston upon Thames,R0111,0.55569834
Kingston upon Thames,R0127,0.5707927
Kingston upon Thames,R0130,0.5676135
Kingston upon Thames,R0132,0.5738427
Kingston upon Thames,R0133,0.5689629
Kingston upon Thames,R0154,0.58772904
Kingston upon Thames,R0160,0.52789223
Kingston upon Thames,R0162,0.5167177
Kingston upon Thames,R0167,0.55330265
Kingston upon Thames,R0279,0.5348127
Kingston upon Thames,R0287,0.5236867
Kingston upon Thames,R0292,0.57861936
Kingston upon Thames,R0348,0.5648386
Kingston upon Thames,R0685,0.54104775
Kingston upon Thames,R0691,0.6125904
Kingston upon Thames,R0698,0.6599533
Kingston upon Thames,R0699,0.6271578
Kingston upon Thames,R0700,0.6294094
Kingston upon Thames,R0701,0.6394815
Kingston upon Thames,R0702,0.63189924
Kingston upon Thames,R0705,0.62603635
Kingston upon Thames,R0861,0.64435965
Kingston upon Thames,R0872,0.6070681
Kingston upon Thames,R0901,0.5574986
Lambeth,1047,0.6256654
Lambeth,1048,0.62521434
Lambeth,1087,0.42070553
Lambeth,1089,0.57241386
Lambeth,1108,0.53171885
Lambeth,11755,0.47786453
Lambeth,12751,0.46784735
Lambeth,12752,0.4653463
Lambeth,12753,0.4424854
Lambeth,12754,0.5087047
Lambeth,12755,0.5157334
Lambeth,12757,0.5510969
Lambeth,12758,0.5557542
Lambeth,12759,0.54320043
Lambeth,12763,0.5623981
Lambeth,12766,0.5314558
Lambeth,12767,0.49679947
Lambeth,12768,0.5062654
Lambeth,12769,0.49371117
Lambeth,12770,0.4871241
Lambeth,12773,0.43085095
Lambeth,12774,0.5020603
Lambeth,12777,0.46630284
Lambeth,12778,0.4858268
Lambeth,12781,0.44354132
Lambeth,12783,0.383738
Lambeth,12784,0.4316355
Lambeth,12785,0.39775848
Lambeth,12786,0.41296118
Lambeth,12787,0.42347398
Lambeth,12789,0.48258078
Lambeth,12790,0.4996968
Lambeth,12793,0.46222585
Lambeth,12795,0.47520137
Lambeth,12796,0.46502492
Lambeth,12799,0.52186096
Lambeth,12800,0.52012414
Lambeth,12801,0.52682793
Lambeth,12802,0.5178652
Lambeth,12803,0.5649818
Lambeth,12804,0.49934462
Lambeth,12805,0.5014377
Lambeth,12806,0.49468738
Lambeth,12807,0.5020344
Lambeth,12817,0.5359601
Lambeth,12818,0.5000137
Lambeth,12822,0.48965162
Lambeth,12825,0.5476313
Lambeth,12826,0.5217976
Lambeth,12827,0.5680165
Lambeth,12830,0.545324
Lambeth,12831,0.5247281
Lambeth,12832,0.5843256
Lambeth,12833,0.5668371
Lambeth,12847,0.46432713
Lambeth,12908,0.4365743
Lambeth,12909,0.43630823
Lambeth,12930,0.51265794
Lambeth,13167,0.45505226
Lambeth,13168,0.40443048
Lambeth,13169,0.36890167
Lambeth,13170,0.39437816
Lambeth,13171,0.42547667
Lambeth,13174,0.4141011
Lambeth,13175,0.52214175
Lambeth,13176,0.4725696
Lambeth,13178,0.46154383
Lambeth,13180,0.42255634
Lambeth,13181,0.4331177
Lambeth,13182,0.46700191
Lambeth,13246,0.5592566
Lambeth,13247,0.63536197
Lambeth,13249,0.6179698
Lambeth,13250,0.63042176
Lambeth,13251,0.6167689
Lambeth,13255,0.61575794
Lambeth,13256,0.6198937
Lambeth,13258,0.5913434
Lambeth,13259,0.57424855
Lambeth,13260,0.57661635
Lambeth,13262,0.5663731
Lambeth,13263,0.6284382
Lambeth,13266,0.637672
Lambeth,13270,0.5831277
Lambeth,13271,0.62028694
Lambeth,13272,0.5226794
Lambeth,13273,0.5631056
Lambeth,13277,0.5980231
Lambeth,13279,0.57389426
Lambeth,13286,0.63727045
Lambeth,13287,0.6314626
Lambeth,13288,0.6222051
Lambeth,13289,0.5679222
Lambeth,13290,0.56374806
Lambeth,13298,0.5578292
Lambeth,13317,0.423646
Lambeth,13319,0.46708775
Lambeth,13322,0.4992094
Lambeth,13323,0.4891336
Lambeth,13324,0.47802192
Lambeth,13325,0.5520462
Lambeth,13326,0.614637
Lambeth,13329,0.55786264
Lambeth,13330,0.5507263
Lambeth,13332,0.45962754
Lambeth,13335,0.5373919
Lambeth,13336,0.5260229
Lambeth,13339,0.62937915
Lambeth,13340,0.56059146
Lambeth,13343,0.51764435
Lambeth,13346,0.55584615
Lambeth,13347,0.5159598
Lambeth,13352,0.52535594
Lambeth,13353,0.4946146
Lambeth,13354,0.4868494
Lambeth,13355,0.5003488
Lambeth,13356,0.42031574
Lambeth,13357,0.55461884
Lambeth,13360,0.5446938
Lambeth,13363,0.47511846
Lambeth,13366,0.5262784
Lambeth,13367,0.552268
Lambeth,13369,0.52143586
Lambeth,13371,0.5236243
Lambeth,13374,0.5557904
Lambeth,13392,0.48179123
Lambeth,13396,0.5557725
Lambeth,13605,0.40799242
Lambeth,1403,0.49832478
Lambeth,1404,0.4711646
Lambeth,1405,0.46005177
Lambeth,1406,0.4590015
Lambeth,1416,0.6702715
Lambeth,1433,0.4471543
Lambeth,14360,0.63676333
Lambeth,14622,0.6627145
Lambeth,14638,0.5452673
Lambeth,14659,0.45032996
Lambeth,14669,0.52385837
Lambeth,14670,0.5258559
Lambeth,14671,0.5813156
Lambeth,14672,0.570054
Lambeth,15100,0.6177707
Lambeth,15101,0.5763939
Lambeth,1641,0.4372448
Lambeth,16598,0.41233903
Lambeth,1667,0.54224473
Lambeth,1764,0.5016905
Lambeth,17701,0.52041644
Lambeth,1832,0.59182584
Lambeth,1833,0.5900761
Lambeth,1835,0.6950866
Lambeth,1836,0.54380363
Lambeth,1837,0.546624
Lambeth,1851,0.5259146
Lambeth,1952,0.5297179
Lambeth,1955,0.54810536
Lambeth,1956,0.5331608
Lambeth,2013,0.6003963
Lambeth,20547,0.47306544
Lambeth,20970,0.59738934
Lambeth,2143,0.5100034
Lambeth,2156,0.5873669
Lambeth,2157,0.5877036
Lambeth,2163,0.4916734
Lambeth,2164,0.4925309
Lambeth,2246,0.50113064
Lambeth,231,0.68474394
Lambeth,23185,0.48695916
Lambeth,2324,0.5702824
Lambeth,2328,0.5930963
Lambeth,2329,0.56795204
Lambeth,233,0.6475319
Lambeth,2338,0.52776575
Lambeth,2339,0.5278149
Lambeth,2340,0.58831966
Lambeth,2341,0.5831718
Lambeth,2342,0.5834055
Lambeth,235,0.54888767
Lambeth,2355,0.54391575
Lambeth,236,0.60785127
Lambeth,237,0.6171076
Lambeth,238,0.62497514
Lambeth,2382,0.5525949
Lambeth,2391,0.5434689
Lambeth,2392,0.54233074
Lambeth,2393,0.5963887
Lambeth,2394,0.6061974
Lambeth,2395,0.5932886
Lambeth,2396,0.62019676
Lambeth,2397,0.5886273
Lambeth,2398,0.56921965
Lambeth,240,0.63844454
Lambeth,2403,0.5820152
Lambeth,2404,0.6060896
Lambeth,24458,0.6474485
Lambeth,24647,0.51124305
Lambeth,25552,0.4794148
Lambeth,25559,0.5262436
Lambeth,25560,0.56584823
Lambeth,25561,0.5723664
Lambeth,25562,0.55243623
Lambeth,25563,0.51934564
Lambeth,25564,0.59211916
Lambeth,25637,0.48105654
Lambeth,25638,0.5396494
Lambeth,25640,0.47382545
Lambeth,25641,0.47385502
Lambeth,25642,0.51717496
Lambeth,25643,0.52392787
Lambeth,25644,0.52872247
Lambeth,25645,0.49289075
Lambeth,25646,0.5097005
Lambeth,25647,0.51017874
Lambeth,25648,0.516649
Lambeth,25649,0.48631686
Lambeth,25650,0.48650178
Lambeth,25652,0.5475746
Lambeth,25653,0.5514111
Lambeth,25654,0.52155495
Lambeth,25666,0.52559716
Lambeth,25680,0.5246843
Lambeth,25681,0.5247726
Lambeth,25682,0.56160927
Lambeth,25683,0.55655944
Lambeth,25684,0.5254479
Lambeth,25685,0.5162219
Lambeth,25686,0.48446164
Lambeth,25687,0.5476003
Lambeth,25689,0.59732765
Lambeth,25691,0.5810233
Lambeth,25856,0.5000733
Lambeth,25857,0.58353287
Lambeth,25859,0.50221413
Lambeth,25860,0.528118
Lambeth,25861,0.48600852
Lambeth,25893,0.7125592
Lambeth,25895,0.62557155
Lambeth,25896,0.59276354
Lambeth,2593,0.62239647
Lambeth,25945,0.6824623
Lambeth,25955,0.48955047
Lambeth,25963,0.53733027
Lambeth,25988,0.5432596
Lambeth,25990,0.6155001
Lambeth,25991,0.58705825
Lambeth,26057,0.5848333
Lambeth,26190,0.49011606
Lambeth,26203,0.6232333
Lambeth,26299,0.63597834
Lambeth,26300,0.58810306
Lambeth,26301,0.6431912
Lambeth,26321,0.5283396
Lambeth,26322,0.5287343
Lambeth,26323,0.5333274
Lambeth,26325,0.53185153
Lambeth,26340,0.5003426
Lambeth,26341,0.59304243
Lambeth,26342,0.5503435
Lambeth,26402,0.60609365
Lambeth,26403,0.58322376
Lambeth,26407,0.576321
Lambeth,26408,0.6440941
Lambeth,26409,0.515245
Lambeth,26487,0.6773577
Lambeth,2649,0.49389017
Lambeth,2650,0.52138156
Lambeth,26761,0.53104
Lambeth,26763,0.54168165
Lambeth,26764,0.57610124
Lambeth,26765,0.5546242
Lambeth,26766,0.46325332
Lambeth,26768,0.6036929
Lambeth,26826,0.6793767
Lambeth,27495,0.52296954
Lambeth,27509,0.5051146
Lambeth,27540,0.5210646
Lambeth,27845,0.5168016
Lambeth,27963,0.60035926
Lambeth,27966,0.52302796
Lambeth,29249,0.63357884
Lambeth,29450,0.57809603
Lambeth,29685,0.60789466
Lambeth,29791,0.51599693
Lambeth,3019,0.6073127
Lambeth,3038,0.5720141
Lambeth,3246,0.49017018
Lambeth,3247,0.48937833
Lambeth,3297,0.5120997
Lambeth,33432,0.67629814
Lambeth,33882,0.5563468
Lambeth,34321,0.56888145
Lambeth,34686,0.6563843
Lambeth,34748,0.61757505
Lambeth,35036,0.52734584
Lambeth,35037,0.49478006
Lambeth,35200,0.62522
Lambeth,35254,0.6409524
Lambeth,35303,0.5706849
Lambeth,35304,0.5962227
Lambeth,36214,0.63160735
Lambeth,36915,0.580947
Lambeth,36936,0.4163585
Lambeth,36937,0.37793374
Lambeth,36938,0.4198379
Lambeth,36939,0.41249686
Lambeth,36940,0.3828496
Lambeth,36941,0.4144864
Lambeth,36942,0.40514612
Lambeth,36943,0.42384163
Lambeth,36944,0.4197773
Lambeth,36945,0.3994646
Lambeth,37121,0.6189499
Lambeth,3715,0.49853238
Lambeth,37154,0.54013324
Lambeth,37183,0.5113327
Lambeth,37266,0.4241539
Lambeth,37267,0.45291314
Lambeth,37369,0.5558542
Lambeth,37420,0.58493155
Lambeth,37674,0.56683385
Lambeth,384,0.5248944
Lambeth,386,0.509278
Lambeth,387,0.52903736
Lambeth,389,0.5497735
Lambeth,390,0.52917796
Lambeth,421,0.63663137
Lambeth,43,0.57330436
Lambeth,436,0.6404777
Lambeth,437,0.62913513
Lambeth,451,0.55825394
Lambeth,452,0.5860969
Lambeth,460,0.5754066
Lambeth,464,0.50320256
Lambeth,466,0.5602229
Lambeth,468,0.59363884
Lambeth,4725,0.5657151
Lambeth,4726,0.5728288
Lambeth,4727,0.5734376
Lambeth,4729,0.4730252
Lambeth,4730,0.5455079
Lambeth,4734,0.5059503
Lambeth,4736,0.54667366
Lambeth,4738,0.577344
Lambeth,474,0.52718943
Lambeth,4741,0.65077466
Lambeth,4742,0.6652846
Lambeth,4744,0.6832157
Lambeth,4745,0.6491231
Lambeth,476,0.60319984
Lambeth,478,0.54132444
Lambeth,480,0.5346505
Lambeth,484,0.57600737
Lambeth,4857,0.56429356
Lambeth,4865,0.5679193
Lambeth,4868,0.5441777
Lambeth,509,0.50365096
Lambeth,517,0.56853604
Lambeth,520,0.5057146
Lambeth,523,0.6053508
Lambeth,531,0.51777655
Lambeth,532,0.5476889
Lambeth,534,0.5211436
Lambeth,539,0.5296277
Lambeth,540,0.55181676
Lambeth,548,0.5837527
Lambeth,549,0.47664657
Lambeth,602,0.57242876
Lambeth,604,0.5183172
Lambeth,608,0.51454186
Lambeth,609,0.5198134
Lambeth,619,0.3498143
Lambeth,705,0.57644135
Lambeth,706,0.5745472
Lambeth,707,0.5851475
Lambeth,708,0.5855819
Lambeth,709,0.5740746
Lambeth,710,0.5421516
Lambeth,716,0.5035718
Lambeth,717,0.55409676
Lambeth,7563,0.52138776
Lambeth,7730,0.6268677
Lambeth,8295,0.39965644
Lambeth,8296,0.5313286
Lambeth,8297,0.5722763
Lambeth,8302,0.52780455
Lambeth,8303,0.5202605
Lambeth,9270,0.48148915
Lambeth,9271,0.4925852
Lambeth,9353,0.5170106
Lambeth,9361,0.58206624
Lambeth,9362,0.5176045
Lambeth,9364,0.43717864
Lambeth,9365,0.572502
Lambeth,9366,0.5753638
Lambeth,9367,0.601806
Lambeth,9368,0.59852237
Lambeth,9449,0.64712656
Lambeth,BP1045,0.50385886
Lambeth,BP1050,0.5431271
Lambeth,BP1051,0.4950577
Lambeth,BP1053,0.45101634
Lambeth,BP1054,0.5392111
Lambeth,BP1055,0.52811366
Lambeth,BP1056,0.46161968
Lambeth,BP144,0.5013717
Lambeth,BP145,0.5264082
Lambeth,BP161,0.42794412
Lambeth,BP1619,0.6400642
Lambeth,BP168,0.42161685
Lambeth,BP1695,0.5662425
Lambeth,BP1705,0.55849177
Lambeth,BP1706,0.55706924
Lambeth,BP1707,0.51139355
Lambeth,BP1708,0.5513174
Lambeth,BP1709,0.54467666
Lambeth,BP1710,0.53568286
Lambeth,BP1711,0.53148633
Lambeth,BP1712,0.5393333
Lambeth,BP1713,0.54747754
Lambeth,BP1715,0.55618715
Lambeth,BP1785,0.6320397
Lambeth,BP1967,0.49618238
Lambeth,BP1968,0.55519795
Lambeth,BP1969,0.45822626
Lambeth,BP1970,0.46385214
Lambeth,BP1971,0.5524995
Lambeth,BP1972,0.50417376
Lambeth,BP1973,0.46891677
Lambeth,BP2023,0.43150917
Lambeth,BP2025,0.53334695
Lambeth,BP2083,0.5273603
Lambeth,BP2086,0.50277835
Lambeth,BP2251,0.45198888
Lambeth,BP2254,0.45843345
Lambeth,BP2372,0.5354598
Lambeth,BP2394,0.5622805
Lambeth,BP2418,0.6921937
Lambeth,BP2419,0.66677314
Lambeth,BP2502,0.4708161
Lambeth,BP2673,0.5412218
Lambeth,BP2963,0.46079272
Lambeth,BP2964,0.4451167
Lambeth,BP2968,0.4634343
Lambeth,BP2969,0.46817583
Lambeth,BP2970,0.47243315
Lambeth,BP2971,0.46249497
Lambeth,BP2972,0.5347118
Lambeth,BP2973,0.55258965
Lambeth,BP2974,0.45916513
Lambeth,BP2975,0.46901232
Lambeth,BP2976,0.47184747
Lambeth,BP2977,0.4471092
Lambeth,BP2978,0.48126507
Lambeth,BP2979,0.50713915
Lambeth,BP2980,0.5528745
Lambeth,BP2981,0.4831189
Lambeth,BP2982,0.47358793
Lambeth,BP2983,0.4695789
Lambeth,BP2984,0.46612608
Lambeth,BP2985,0.44541
Lambeth,BP2986,0.47596377
Lambeth,BP2987,0.4697053
Lambeth,BP2990,0.4487074
Lambeth,BP2991,0.4204607
Lambeth,BP3075,0.61645985
Lambeth,BP3078,0.37343362
Lambeth,BP3079,0.41196236
Lambeth,BP3080,0.38390622
Lambeth,BP3081,0.36475128
Lambeth,BP3082,0.42255402
Lambeth,BP3083,0.37460902
Lambeth,BP3084,0.37541452
Lambeth,BP3085,0.39877823
Lambeth,BP3086,0.38278642
Lambeth,BP3388,0.57563424
Lambeth,BP3490,0.5602867
Lambeth,BP3773,0.43173963
Lambeth,BP3774,0.47159398
Lambeth,BP3775,0.4696149
Lambeth,BP3776,0.48995644
Lambeth,BP3777,0.47463748
Lambeth,BP4120,0.53947777
Lambeth,BP4154,0.59258956
Lambeth,BP4246,0.63560075
Lambeth,BP4258,0.60227805
Lambeth,BP4259,0.6052071
Lambeth,BP4317,0.5576708
Lambeth,BP4318,0.5574143
Lambeth,BP4319,0.53046894
Lambeth,BP4320,0.5485047
Lambeth,BP4321,0.47448123
Lambeth,BP4322,0.5733706
Lambeth,BP4323,0.5254061
Lambeth,BP4324,0.55772287
Lambeth,BP4457,0.55370563
Lambeth,BP4497,0.48170808
Lambeth,BP4541,0.46053624
Lambeth,BP4542,0.45026684
Lambeth,BP4543,0.45027447
Lambeth,BP4544,0.451606
Lambeth,BP4545,0.4515771
Lambeth,BP4618,0.5455748
Lambeth,BP5219,0.43320578
Lambeth,BP5346,0.45813742
Lambeth,BP5534,0.6450359
Lambeth,BP5539,0.5104917
Lambeth,BP5558,0.62037766
Lambeth,BP563,0.42628857
Lambeth,BP564,0.45600364
Lambeth,BP565,0.46249375
Lambeth,BP5656,0.52661914
Lambeth,BP566,0.4709083
Lambeth,BP567,0.4119192
Lambeth,BP568,0.4161081
Lambeth,BP569,0.46533918
Lambeth,BP5725,0.50428885
Lambeth,BP5726,0.4852874
Lambeth,BP5774,0.588561
Lambeth,BP5790,0.5509521
Lambeth,BP5819,0.55040896
Lambeth,BP5827,0.4124036
Lambeth,BP5828,0.43798164
Lambeth,BP5829,0.45395324
Lambeth,BP5830,0.44556898
Lambeth,BP5831,0.44600412
Lambeth,BP5832,0.46546292
Lambeth,BP5833,0.46300635
Lambeth,BP5861,0.501632
Lambeth,BP5867,0.5527178
Lambeth,BP5868,0.55931693
Lambeth,BP595,0.4768032
Lambeth,BP5978,0.527842
Lambeth,BP5997,0.54065245
Lambeth,BP6011,0.5586525
Lambeth,BP6198,0.44772378
Lambeth,BP6199,0.4432079
Lambeth,BP6200,0.45322552
Lambeth,BP6201,0.4531866
Lambeth,BP6202,0.45513472
Lambeth,BP6230,0.61696696
Lambeth,BP724,0.55231667
Lambeth,BP783,0.37594008
Lambeth,HC129,0.56406385
Lambeth,HC130,0.52143496
Lambeth,HC265,0.52231646
Lambeth,HC266,0.42285058
Lambeth,HC267,0.3841194
Lambeth,HC268,0.51669776
Lambeth,HC440,0.51731175
Lambeth,HC739,0.365605
Lambeth,HC740,0.38430485
Lambeth,HC741,0.38113272
Lambeth,HC742,0.4028993
Lambeth,HC743,0.34351382
Lambeth,HC784,0.4298735
Lambeth,HC785,0.45150524
Lambeth,HC786,0.43086132
Lambeth,HC787,0.34354
Lambeth,HC788,0.3420417
Lambeth,HC789,0.37542
Lambeth,HC790,0.38501003
Lambeth,HC791,0.50199336
Lambeth,HC792,0.51232666
Lambeth,HC793,0.3541924
Lambeth,HC794,0.42796022
Lambeth,OC520,0.5169138
Lambeth,OC521,0.50465536
Lambeth,R0417,0.5761507
Lambeth,R0420,0.51585644
Lambeth,R0421,0.49208012
Lambeth,R0511,0.5897178
Lambeth,R0519,0.5691777
Lambeth,R0540,0.46157882
Lambeth,R0729,0.49446887
Lambeth,SL37,0.6052957
Lambeth,W1,0.49371308
Lewisham,110,0.6728075
Lewisham,13156,0.6536342
Lewisham,13158,0.6710725
Lewisham,13161,0.66167384
Lewisham,13428,0.61086893
Lewisham,13429,0.64295584
Lewisham,13430,0.6263708
Lewisham,13698,0.47658923
Lewisham,13699,0.46446836
Lewisham,13700,0.44635516
Lewisham,13701,0.44698068
Lewisham,13702,0.44984847
Lewisham,13703,0.4599335
Lewisham,13714,0.69817317
Lewisham,13715,0.6861676
Lewisham,13718,0.62482315
Lewisham,13720,0.5764129
Lewisham,13721,0.6098153
Lewisham,13744,0.6229532
Lewisham,13810,0.55890554
Lewisham,13852,0.68776464
Lewisham,13856,0.6880377
Lewisham,13859,0.66802603
Lewisham,13862,0.6606653
Lewisham,13863,0.64182484
Lewisham,13864,0.6685275
Lewisham,13865,0.6476335
Lewisham,13869,0.68775916
Lewisham,13872,0.577063
Lewisham,13873,0.56006426
Lewisham,13874,0.57441837
Lewisham,13875,0.5653047
Lewisham,13881,0.63575405
Lewisham,13883,0.59509766
Lewisham,13884,0.638566
Lewisham,13885,0.6202148
Lewisham,13886,0.6137234
Lewisham,13891,0.602675
Lewisham,13892,0.6096225
Lewisham,14432,0.5150559
Lewisham,14625,0.6601418
Lewisham,1596,0.6714469
Lewisham,16748,0.5732649
Lewisham,16749,0.5728286
Lewisham,16750,0.5878885
Lewisham,16751,0.57302785
Lewisham,17307,0.6579745
Lewisham,17308,0.67941004
Lewisham,17309,0.65143853
Lewisham,17310,0.66115177
Lewisham,17311,0.66187376
Lewisham,17312,0.6622907
Lewisham,17313,0.6662565
Lewisham,17314,0.7155713
Lewisham,17315,0.69505847
Lewisham,17316,0.6941871
Lewisham,17317,0.66224915
Lewisham,17319,0.6576707
Lewisham,17320,0.6583417
Lewisham,17384,0.67625064
Lewisham,17385,0.68356717
Lewisham,17386,0.6817634
Lewisham,17387,0.6674018
Lewisham,17388,0.6260819
Lewisham,17389,0.6139947
Lewisham,17390,0.6123992
Lewisham,17391,0.6157774
Lewisham,17392,0.5789682
Lewisham,17393,0.6137959
Lewisham,17394,0.58143663
Lewisham,17395,0.62517405
Lewisham,17396,0.6213104
Lewisham,17398,0.6793093
Lewisham,17399,0.7039108
Lewisham,17400,0.70744634
Lewisham,17401,0.7067234
Lewisham,17477,0.6468158
Lewisham,17478,0.68514645
Lewisham,17479,0.5898227
Lewisham,17480,0.59899306
Lewisham,17481,0.59516925
Lewisham,17482,0.5864856
Lewisham,17483,0.5009111
Lewisham,17484,0.511984
Lewisham,17485,0.5737981
Lewisham,17486,0.55531466
Lewisham,17487,0.47359017
Lewisham,17488,0.48757064
Lewisham,17730,0.56267
Lewisham,17733,0.42036292
Lewisham,17734,0.48941076
Lewisham,17735,0.4842105
Lewisham,17736,0.5518497
Lewisham,17738,0.59258014
Lewisham,17739,0.5941
Lewisham,17740,0.5714478
Lewisham,17741,0.5617644
Lewisham,17742,0.5505128
Lewisham,17743,0.5316232
Lewisham,17744,0.5333499
Lewisham,17745,0.5057163
Lewisham,17746,0.562649
Lewisham,17748,0.56024516
Lewisham,17749,0.53531176
Lewisham,17750,0.5754469
Lewisham,17751,0.5894461
Lewisham,17752,0.61492306
Lewisham,17754,0.6015246
Lewisham,17755,0.5924362
Lewisham,17826,0.6303527
Lewisham,17830,0.65051603
Lewisham,17831,0.6185923
Lewisham,17832,0.6079857
Lewisham,17833,0.6051782
Lewisham,17834,0.6134946
Lewisham,17835,0.62520176
Lewisham,17837,0.6487341
Lewisham,17838,0.6372758
Lewisham,17840,0.6271667
Lewisham,17841,0.64037627
Lewisham,17842,0.66176456
Lewisham,17843,0.606191
Lewisham,17844,0.6309463
Lewisham,17845,0.5362461
Lewisham,17846,0.55208343
Lewisham,17847,0.55177027
Lewisham,17848,0.5660553
Lewisham,18189,0.52391374
Lewisham,18190,0.5272067
Lewisham,1821,0.7395616
Lewisham,1822,0.7392939
Lewisham,18535,0.48725522
Lewisham,18536,0.4895889
Lewisham,18772,0.62471795
Lewisham,18773,0.6249
Lewisham,18774,0.6276014
Lewisham,18775,0.6440051
Lewisham,18776,0.5411028
Lewisham,18777,0.5285654
Lewisham,18778,0.62774926
Lewisham,18779,0.6282324
Lewisham,18780,0.4826055
Lewisham,18781,0.49569693
Lewisham,18782,0.5149579
Lewisham,18783,0.5249486
Lewisham,18784,0.57706326
Lewisham,18844,0.57435864
Lewisham,18917,0.58150786
Lewisham,19021,0.706195
Lewisham,19022,0.57746035
Lewisham,19023,0.5698345
Lewisham,1930,0.64851594
Lewisham,19565,0.62885934
Lewisham,19637,0.6157936
Lewisham,19638,0.6439089
Lewisham,19639,0.6108973
Lewisham,19640,0.5738031
Lewisham,19643,0.6008539
Lewisham,19644,0.57585865
Lewisham,19645,0.6307703
Lewisham,19646,0.6035875
Lewisham,19708,0.5093657
Lewisham,19709,0.5062831
Lewisham,1971,0.61836296
Lewisham,19710,0.49654803
Lewisham,19711,0.48201814
Lewisham,19712,0.54496413
Lewisham,19713,0.56022716
Lewisham,19714,0.56484145
Lewisham,19715,0.5595586
Lewisham,1972,0.5993626
Lewisham,1977,0.63677424
Lewisham,1978,0.62519836
Lewisham,1980,0.61193824
Lewisham,1981,0.5448883
Lewisham,1982,0.5646508
Lewisham,1983,0.54426754
Lewisham,1992,0.6657248
Lewisham,1995,0.56764364
Lewisham,1998,0.5085038
Lewisham,1999,0.5244278
Lewisham,2000,0.49205184
Lewisham,2004,0.45650172
Lewisham,2005,0.5532295
Lewisham,20101,0.6077242
Lewisham,20102,0.6289509
Lewisham,20399,0.58024895
Lewisham,20400,0.5860809
Lewisham,20518,0.68207115
Lewisham,20542,0.6057504
Lewisham,20543,0.64974946
Lewisham,20775,0.5814964
Lewisham,2127,0.4975776
Lewisham,2224,0.42056313
Lewisham,23410,0.657124
Lewisham,24648,0.5911798
Lewisham,24705,0.5946234
Lewisham,25280,0.4681351
Lewisham,25281,0.45160404
Lewisham,25283,0.46515566
Lewisham,2567,0.5712068
Lewisham,25915,0.63711995
Lewisham,25916,0.5530568
Lewisham,25917,0.5529215
Lewisham,25918,0.50589186
Lewisham,25920,0.4499962
Lewisham,26014,0.56535
Lewisham,26016,0.5886734
Lewisham,26018,0.60666025
Lewisham,26020,0.66454077
Lewisham,26021,0.6757078
Lewisham,26022,0.67716765
Lewisham,26025,0.603412
Lewisham,26026,0.6195369
Lewisham,26027,0.6853613
Lewisham,26028,0.68521756
Lewisham,26030,0.6584071
Lewisham,26032,0.6535334
Lewisham,26066,0.6676543
Lewisham,26071,0.60278684
Lewisham,26072,0.6029975
Lewisham,26073,0.5908475
Lewisham,26074,0.5718367
Lewisham,26075,0.61997235
Lewisham,26076,0.6225339
Lewisham,26077,0.5990281
Lewisham,26078,0.61171806
Lewisham,26079,0.5939106
Lewisham,26080,0.6177604
Lewisham,26096,0.541408
Lewisham,26097,0.53802866
Lewisham,26098,0.5615882
Lewisham,26099,0.5640106
Lewisham,26113,0.46516234
Lewisham,26114,0.4752242
Lewisham,26115,0.4788379
Lewisham,26116,0.41233835
Lewisham,26117,0.43237546
Lewisham,26118,0.40613806
Lewisham,26119,0.45731512
Lewisham,26120,0.5279642
Lewisham,26121,0.47700483
Lewisham,26219,0.6572753
Lewisham,26250,0.48560157
Lewisham,26251,0.48559967
Lewisham,26252,0.5461869
Lewisham,26253,0.5417446
Lewisham,26254,0.55788445
Lewisham,26255,0.55713624
Lewisham,26256,0.5205828
Lewisham,26257,0.5358336
Lewisham,26258,0.5303319
Lewisham,26259,0.5576017
Lewisham,26260,0.55180603
Lewisham,26261,0.5486099
Lewisham,26262,0.54529005
Lewisham,26263,0.5401943
Lewisham,26264,0.5477371
Lewisham,26265,0.54675865
Lewisham,26266,0.55163825
Lewisham,26267,0.54600537
Lewisham,26268,0.53110373
Lewisham,26269,0.5506756
Lewisham,26273,0.49336272
Lewisham,26274,0.5219313
Lewisham,26276,0.64518625
Lewisham,26278,0.69571537
Lewisham,26279,0.6947202
Lewisham,26280,0.66029394
Lewisham,26281,0.669306
Lewisham,26283,0.6781924
Lewisham,26284,0.6594553
Lewisham,26285,0.6547375
Lewisham,26286,0.6549307
Lewisham,26292,0.5543478
Lewisham,26294,0.69595265
Lewisham,26296,0.67691654
Lewisham,26343,0.65017086
Lewisham,26354,0.6076081
Lewisham,26355,0.6246565
Lewisham,26414,0.65462875
Lewisham,26415,0.63995
Lewisham,26416,0.669981
Lewisham,26719,0.556959
Lewisham,26721,0.6857731
Lewisham,26722,0.69074523
Lewisham,27058,0.68320996
Lewisham,27310,0.60398453
Lewisham,27712,0.6299858
Lewisham,27713,0.59423745
Lewisham,27714,0.5930508
Lewisham,27716,0.64647466
Lewisham,27720,0.675875
Lewisham,27722,0.62105924
Lewisham,27724,0.62384164
Lewisham,27726,0.61978614
Lewisham,27728,0.5956281
Lewisham,27730,0.58393115
Lewisham,27766,0.6451781
Lewisham,27767,0.6433832
Lewisham,283,0.64975846
Lewisham,288,0.6557808
Lewisham,29292,0.64193267
Lewisham,29309,0.6404086
Lewisham,29441,0.47570992
Lewisham,29442,0.44526124
Lewisham,29745,0.6888893
Lewisham,29810,0.49372664
Lewisham,33056,0.51293033
Lewisham,33100,0.5952976
Lewisham,33101,0.58692044
Lewisham,33426,0.65033567
Lewisham,33490,0.48229843
Lewisham,33777,0.6237789
Lewisham,33782,0.7032735
Lewisham,33783,0.7058831
Lewisham,33784,0.73230284
Lewisham,33785,0.7241776
Lewisham,33786,0.613331
Lewisham,33787,0.61408246
Lewisham,3383,0.60394114
Lewisham,3384,0.5855148
Lewisham,34080,0.6969706
Lewisham,34081,0.6638153
Lewisham,34231,0.58000636
Lewisham,34265,0.64460415
Lewisham,34481,0.6385023
Lewisham,35161,0.5788149
Lewisham,35184,0.6486698
Lewisham,35185,0.6454191
Lewisham,35186,0.6549749
Lewisham,35187,0.66838104
Lewisham,35189,0.66892076
Lewisham,35192,0.45223644
Lewisham,35193,0.5044114
Lewisham,35194,0.5152027
Lewisham,35195,0.53973794
Lewisham,35196,0.5691365
Lewisham,35197,0.6350374
Lewisham,35198,0.6466559
Lewisham,35277,0.652944
Lewisham,35320,0.63957673
Lewisham,35611,0.5401252
Lewisham,35677,0.45555964
Lewisham,35750,0.67636824
Lewisham,36536,0.68227345
Lewisham,36537,0.6624703
Lewisham,36585,0.6308233
Lewisham,36954,0.6602019
Lewisham,37056,0.6907589
Lewisham,37057,0.6643938
Lewisham,37059,0.65417093
Lewisham,37060,0.61427546
Lewisham,37061,0.5986161
Lewisham,37062,0.6590214
Lewisham,37063,0.67172384
Lewisham,37113,0.6174596
Lewisham,37114,0.6396815
Lewisham,37116,0.5929702
Lewisham,37118,0.61790395
Lewisham,37119,0.60150325
Lewisham,37142,0.6046532
Lewisham,37428,0.5957692
Lewisham,40007,0.6999034
Lewisham,40008,0.5799308
Lewisham,40011,0.53761166
Lewisham,40053,0.6713934
Lewisham,40054,0.67188305
Lewisham,40089,0.6766788
Lewisham,40090,0.6907317
Lewisham,40091,0.68248355
Lewisham,43001,0.52397686
Lewisham,43002,0.56193215
Lewisham,43003,0.49460992
Lewisham,43004,0.5861714
Lewisham,43005,0.6056979
Lewisham,43006,0.5482617
Lewisham,43007,0.54831123
Lewisham,43008,0.5656913
Lewisham,46008,0.72743094
Lewisham,46009,0.7135709
Lewisham,46010,0.70505774
Lewisham,46011,0.67106783
Lewisham,46012,0.6319519
Lewisham,46013,0.634441
Lewisham,46014,0.63400716
Lewisham,46015,0.6344634
Lewisham,46016,0.67745924
Lewisham,46017,0.6563712
Lewisham,46018,0.61709094
Lewisham,46019,0.63305265
Lewisham,46020,0.60913616
Lewisham,46021,0.6113334
Lewisham,46022,0.60802686
Lewisham,46023,0.62347484
Lewisham,4629,0.5967943
Lewisham,4631,0.66396624
Lewisham,4747,0.57907623
Lewisham,4748,0.5670168
Lewisham,4749,0.5045692
Lewisham,4752,0.67577493
Lewisham,485,0.6614789
Lewisham,486,0.6591755
Lewisham,490,0.62849605
Lewisham,7566,0.50165874
Lewisham,8409,0.6658633
Lewisham,915,0.49853593
Lewisham,925,0.6508251
Lewisham,BP006,0.46841833
Lewisham,BP007,0.4753928
Lewisham,BP009,0.48336422
Lewisham,BP010,0.43055174
Lewisham,BP011,0.41463792
Lewisham,BP012,0.43973738
Lewisham,BP1040,0.57939017
Lewisham,BP1042,0.5640868
Lewisham,BP1097,0.54213
Lewisham,BP1099,0.5747632
Lewisham,BP1100,0.5723038
Lewisham,BP1112,0.6588101
Lewisham,BP1113,0.65995246
Lewisham,BP1114,0.662228
Lewisham,BP1115,0.6622049
Lewisham,BP1116,0.65948087
Lewisham,BP1199,0.5796692
Lewisham,BP1206,0.5990495
Lewisham,BP1207,0.582977
Lewisham,BP1208,0.5879835
Lewisham,BP1209,0.62472206
Lewisham,BP1210,0.55708486
Lewisham,BP1211,0.52835727
Lewisham,BP1212,0.5497277
Lewisham,BP1213,0.54926443
Lewisham,BP1214,0.696359
Lewisham,BP1215,0.68349105
Lewisham,BP1216,0.6978915
Lewisham,BP1217,0.7007167
Lewisham,BP1218,0.58010423
Lewisham,BP1219,0.5264247
Lewisham,BP1220,0.6117778
Lewisham,BP1221,0.6118602
Lewisham,BP1222,0.5619577
Lewisham,BP1223,0.6847625
Lewisham,BP1224,0.69008607
Lewisham,BP1236,0.6485305
Lewisham,BP1237,0.63351595
Lewisham,BP1306,0.66293687
Lewisham,BP1329,0.46640545
Lewisham,BP1396,0.6103312
Lewisham,BP1397,0.5968977
Lewisham,BP1403,0.6512479
Lewisham,BP157,0.66461664
Lewisham,BP1787,0.616378
Lewisham,BP1788,0.62374574
Lewisham,BP2029,0.52804756
Lewisham,BP2037,0.49625117
Lewisham,BP2038,0.5409779
Lewisham,BP2043,0.51991
Lewisham,BP2044,0.54468936
Lewisham,BP2045,0.562903
Lewisham,BP2046,0.4761798
Lewisham,BP2047,0.50366515
Lewisham,BP2048,0.47174248
Lewisham,BP2052,0.5359377
Lewisham,BP2053,0.5866998
Lewisham,BP2054,0.56305677
Lewisham,BP2055,0.50198245
Lewisham,BP2056,0.507797
Lewisham,BP2057,0.48788837
Lewisham,BP2252,0.6637135
Lewisham,BP2253,0.6284013
Lewisham,BP232,0.47642028
Lewisham,BP2325,0.64321256
Lewisham,BP233,0.4217194
Lewisham,BP2388,0.57609653
Lewisham,BP2389,0.5593766
Lewisham,BP2538,0.44855317
Lewisham,BP2552,0.6430352
Lewisham,BP2742,0.5959641
Lewisham,BP2787,0.5907278
Lewisham,BP2995,0.56276387
Lewisham,BP3072,0.5999247
Lewisham,BP3202,0.42727908
Lewisham,BP3348,0.5259956
Lewisham,BP3538,0.60891056
Lewisham,BP3881,0.4831927
Lewisham,BP3882,0.50400734
Lewisham,BP393,0.6329603
Lewisham,BP4044,0.6536854
Lewisham,BP4045,0.71068347
Lewisham,BP4046,0.6535991
Lewisham,BP4047,0.7104376
Lewisham,BP4048,0.6638959
Lewisham,BP4049,0.6647403
Lewisham,BP4050,0.6380665
Lewisham,BP4063,0.67980593
Lewisham,BP412,0.5056609
Lewisham,BP413,0.530114
Lewisham,BP414,0.5209915
Lewisham,BP415,0.5209462
Lewisham,BP416,0.5496444
Lewisham,BP417,0.5496412
Lewisham,BP418,0.5214669
Lewisham,BP419,0.521492
Lewisham,BP420,0.5386936
Lewisham,BP421,0.5491282
Lewisham,BP422,0.58459514
Lewisham,BP423,0.5846878
Lewisham,BP4517,0.61079204
Lewisham,BP4518,0.58409727
Lewisham,BP4533,0.6561769
Lewisham,BP4534,0.49707606
Lewisham,BP460,0.6084665
Lewisham,BP461,0.5654546
Lewisham,BP462,0.57206947
Lewisham,BP463,0.60264367
Lewisham,BP464,0.60189646
Lewisham,BP465,0.627723
Lewisham,BP466,0.6163389
Lewisham,BP4667,0.56544834
Lewisham,BP467,0.63893664
Lewisham,BP468,0.6061062
Lewisham,BP469,0.6299138
Lewisham,BP470,0.65260994
Lewisham,BP471,0.6429142
Lewisham,BP472,0.6360398
Lewisham,BP473,0.5939412
Lewisham,BP474,0.5581136
Lewisham,BP475,0.6130722
Lewisham,BP483,0.6579088
Lewisham,BP484,0.67725855
Lewisham,BP4996,0.5677146
Lewisham,BP5120,0.61889845
Lewisham,BP5143,0.48593238
Lewisham,BP5144,0.48535573
Lewisham,BP5190,0.4785278
Lewisham,BP5309,0.5462431
Lewisham,BP5310,0.547016
Lewisham,BP5311,0.5869988
Lewisham,BP5312,0.56043166
Lewisham,BP5313,0.5765401
Lewisham,BP5314,0.576306
Lewisham,BP5315,0.6114142
Lewisham,BP5316,0.6094453
Lewisham,BP5317,0.6052546
Lewisham,BP5318,0.6054677
Lewisham,BP5319,0.61391604
Lewisham,BP5455,0.62254274
Lewisham,BP5550,0.58718365
Lewisham,BP5930,0.66146916
Lewisham,BP5989,0.61434406
Lewisham,BP6028,0.54957676
Lewisham,BP6030,0.52000964
Lewisham,BP6031,0.52009684
Lewisham,BP6032,0.504381
Lewisham,BP6033,0.48657468
Lewisham,BP6034,0.4904382
Lewisham,BP6035,0.4680438
Lewisham,BP6036,0.587667
Lewisham,BP6037,0.51864797
Lewisham,BP6144,0.65844464
Lewisham,BP6145,0.6908842
Lewisham,BP6220,0.5992168
Lewisham,BP660,0.5054616
Lewisham,BP661,0.47140244
Lewisham,BP662,0.6823373
Lewisham,BP672,0.6978374
Lewisham,BP729,0.6899261
Lewisham,BP737,0.63346934
Lewisham,BP738,0.6089685
Lewisham,BP744,0.6216786
Lewisham,BP745,0.6149032
Lewisham,BP900,0.62718433
Lewisham,OC605,0.5414036
Lewisham,OC612,0.56036204
Lewisham,OC614,0.47445795
Lewisham,OC659,0.55951667
Lewisham,OC660,0.48374954
Lewisham,R0083,0.69299495
Lewisham,R0401,0.66765994
Lewisham,R0403,0.4772448
Lewisham,R0404,0.53328747
Lewisham,R0406,0.59783477
Lewisham,R0410,0.64410347
Lewisham,R0411,0.5432818
Lewisham,R0412,0.5429625
Lewisham,R0413,0.42730686
Lewisham,R0414,0.45520976
Lewisham,R0441,0.4674589
Lewisham,R0443,0.53288466
Lewisham,R0444,0.5399395
Lewisham,R0464,0.5668409
Lewisham,R0465,0.64750844
Lewisham,R0533,0.5532993
Lewisham,R0556,0.64846617
Lewisham,R0567,0.71321744
Lewisham,13811,0.589664
Lewisham,2225,0.43720698
Lewisham,26015,0.6058839
Lewisham,BP5837,0.6130273
Lewisham,BP5977,0.5869244
Lewisham,BP6024,0.64276576
Lewisham,BP6025,0.651496
Lewisham,BP6026,0.5876615
Lewisham,BP6029,0.5620119
Lewisham,R0086,0.5971094
Lewisham,R0445,0.4513896
Lewisham,R0446,0.45306936
Lewisham,R0640,0.6121913
Merton,1005,0.6119178
Merton,10281,0.55875945
Merton,10282,0.56023556
Merton,10283,0.5023392
Merton,10284,0.6299888
Merton,10287,0.5864993
Merton,10288,0.5361673
Merton,12659,0.5383124
Merton,12661,0.5424146
Merton,12662,0.47650287
Merton,12663,0.5430078
Merton,12664,0.42676482
Merton,12665,0.39552405
Merton,12670,0.53541785
Merton,12671,0.47841457
Merton,12672,0.4580057
Merton,12678,0.58669573
Merton,12679,0.5847249
Merton,12680,0.6102643
Merton,12683,0.62818944
Merton,1481,0.728794
Merton,14845,0.678066
Merton,14846,0.6627983
Merton,14910,0.5347705
Merton,14911,0.5030472
Merton,14916,0.50091404
Merton,14917,0.4313875
Merton,16,0.59790677
Merton,1681,0.48673177
Merton,1682,0.49222633
Merton,17366,0.41743714
Merton,17367,0.42092282
Merton,17369,0.42626268
Merton,17371,0.4564655
Merton,17374,0.48990873
Merton,17538,0.6128927
Merton,17539,0.41242504
Merton,17540,0.4443678
Merton,17541,0.4742766
Merton,17542,0.4747878
Merton,17543,0.54910874
Merton,17544,0.5409139
Merton,17545,0.50240993
Merton,17546,0.50071174
Merton,17547,0.5376566
Merton,17548,0.5473842
Merton,17549,0.49753764
Merton,17550,0.46584055
Merton,17551,0.4799907
Merton,17552,0.486035
Merton,17553,0.47946793
Merton,17554,0.46789622
Merton,17555,0.52481437
Merton,17556,0.49049872
Merton,17557,0.5199033
Merton,17558,0.54095405
Merton,17559,0.5882633
Merton,17560,0.5903368
Merton,17561,0.5145521
Merton,17564,0.5454564
Merton,17565,0.54586244
Merton,17566,0.52672356
Merton,17567,0.5631745
Merton,17568,0.47831368
Merton,17569,0.4911234
Merton,17570,0.4829241
Merton,17571,0.49890193
Merton,17572,0.5468149
Merton,17574,0.65957165
Merton,17575,0.6719359
Merton,17576,0.5436032
Merton,17577,0.38483045
Merton,17578,0.38569537
Merton,17579,0.3607343
Merton,17604,0.4929819
Merton,17606,0.4404695
Merton,17608,0.43466607
Merton,17609,0.442124
Merton,17610,0.4072312
Merton,17611,0.40109164
Merton,17612,0.41581765
Merton,17613,0.41387182
Merton,17616,0.6475325
Merton,17617,0.6587295
Merton,17618,0.66644734
Merton,17620,0.59658694
Merton,17720,0.6007138
Merton,1785,0.6390719
Merton,1805,0.6229332
Merton,1806,0.62043643
Merton,18553,0.48792803
Merton,18554,0.53388786
Merton,18556,0.56327194
Merton,18558,0.5863883
Merton,18646,0.72317296
Merton,18647,0.7261627
Merton,18648,0.69047403
Merton,18649,0.6785793
Merton,18650,0.62440515
Merton,18651,0.6365823
Merton,18660,0.6777895
Merton,18661,0.71248555
Merton,18662,0.659025
Merton,18663,0.6550913
Merton,18664,0.6252737
Merton,18665,0.6087828
Merton,18666,0.6104248
Merton,18667,0.59620243
Merton,18669,0.58686966
Merton,18674,0.6461795
Merton,18675,0.63783807
Merton,18676,0.748432
Merton,18677,0.71784884
Merton,18678,0.72790444
Merton,18679,0.73142385
Merton,18680,0.64305615
Merton,18681,0.64231354
Merton,18682,0.5950695
Merton,18683,0.59546304
Merton,18686,0.5708755
Merton,18687,0.5707587
Merton,18688,0.55278003
Merton,18690,0.571666
Merton,18719,0.5953109
Merton,18725,0.6586243
Merton,18726,0.6897987
Merton,18727,0.6967503
Merton,18735,0.43819264
Merton,19043,0.6987529
Merton,19048,0.6195049
Merton,19049,0.6203832
Merton,19050,0.64499813
Merton,19051,0.64395994
Merton,19052,0.64680564
Merton,19053,0.6391219
Merton,19054,0.5793541
Merton,19055,0.564003
Merton,19062,0.67083037
Merton,19063,0.64204353
Merton,19064,0.63395447
Merton,19078,0.61791897
Merton,19079,0.6198213
Merton,19080,0.6477287
Merton,19081,0.59689575
Merton,19082,0.60825
Merton,19083,0.5846505
Merton,19085,0.47735515
Merton,19086,0.47148457
Merton,19090,0.522755
Merton,19091,0.6250763
Merton,19095,0.5878534
Merton,19096,0.56913877
Merton,19097,0.5418612
Merton,19098,0.56524444
Merton,19099,0.5694177
Merton,19100,0.5812468
Merton,19101,0.56521016
Merton,19102,0.57511747
Merton,19103,0.5251985
Merton,19104,0.53596425
Merton,19105,0.5143715
Merton,19106,0.53061616
Merton,19107,0.52774274
Merton,19108,0.5361125
Merton,19109,0.5881622
Merton,19110,0.5860603
Merton,19869,0.5937618
Merton,19965,0.4446074
Merton,19966,0.45552978
Merton,20103,0.40115753
Merton,20200,0.5545941
Merton,20480,0.61379975
Merton,20599,0.65205914
Merton,20600,0.59317684
Merton,20601,0.58588624
Merton,20626,0.67462754
Merton,25165,0.48871857
Merton,2518,0.51370955
Merton,2519,0.4832981
Merton,25450,0.74592966
Merton,25629,0.61735076
Merton,25631,0.6656031
Merton,25632,0.67568547
Merton,25820,0.63045764
Merton,25821,0.6305304
Merton,25831,0.43213362
Merton,25832,0.45627242
Merton,25833,0.4334277
Merton,25834,0.43200123
Merton,25835,0.49351
Merton,25836,0.49170804
Merton,25838,0.3933811
Merton,25839,0.47691497
Merton,26192,0.66514593
Merton,26817,0.58526933
Merton,26819,0.62374675
Merton,26822,0.6021326
Merton,27389,0.50696653
Merton,27390,0.6476802
Merton,27391,0.5741176
Merton,27392,0.57971865
Merton,27393,0.5811751
Merton,27398,0.5993542
Merton,27399,0.6325245
Merton,27916,0.57977164
Merton,27934,0.52417374
Merton,2850,0.47517648
Merton,29813,0.5250837
Merton,29814,0.5338129
Merton,29815,0.45562437
Merton,29820,0.52295685
Merton,29821,0.53489316
Merton,29879,0.69351023
Merton,29880,0.6955017
Merton,29881,0.68354315
Merton,29882,0.6656691
Merton,29883,0.62727267
Merton,29884,0.63312054
Merton,29885,0.6470759
Merton,29886,0.6496665
Merton,3001,0.49190146
Merton,3002,0.5077484
Merton,3003,0.47374284
Merton,3004,0.4458852
Merton,3005,0.5141585
Merton,3006,0.43617767
Merton,3007,0.50640446
Merton,3008,0.4979801
Merton,3009,0.57011795
Merton,3010,0.5725313
Merton,30901,0.57065254
Merton,3290,0.61227745
Merton,33160,0.60105395
Merton,33377,0.58685875
Merton,33486,0.62028146
Merton,33559,0.5784819
Merton,33561,0.5459567
Merton,33562,0.57559484
Merton,33563,0.63361865
Merton,33564,0.59514016
Merton,33565,0.54025805
Merton,33566,0.5505014
Merton,33567,0.6185781
Merton,33568,0.629538
Merton,33572,0.62888443
Merton,33629,0.54384965
Merton,33709,0.518301
Merton,33725,0.5402413
Merton,33818,0.61755675
Merton,33892,0.62406176
Merton,341,0.67369676
Merton,342,0.7229099
Merton,3463,0.4937097
Merton,34695,0.49061844
Merton,3470,0.4684557
Merton,35360,0.7511626
Merton,35459,0.60587496
Merton,35560,0.69818276
Merton,35561,0.69580793
Merton,35801,0.55411005
Merton,35908,0.52723515
Merton,35973,0.46338558
Merton,36762,0.53738874
Merton,36776,0.5445203
Merton,36777,0.45576608
Merton,36889,0.59873724
Merton,36900,0.56170964
Merton,36908,0.5240853
Merton,36974,0.5604592
Merton,3819,0.52964216
Merton,3820,0.51693803
Merton,3851,0.61262727
Merton,435,0.5790185
Merton,4380,0.5886089
Merton,4490,0.5236521
Merton,4493,0.58815974
Merton,4495,0.69531465
Merton,4859,0.41821676
Merton,6920,0.6306033
Merton,7603,0.59546274
Merton,7604,0.5964596
Merton,7605,0.5801061
Merton,7606,0.57904595
Merton,7609,0.50975204
Merton,7610,0.5501018
Merton,7611,0.50439173
Merton,7612,0.48470774
Merton,8786,0.39953864
Merton,8792,0.423764
Merton,8793,0.41486275
Merton,8794,0.59991777
Merton,8795,0.5490097
Merton,8797,0.6171212
Merton,8798,0.63576955
Merton,8803,0.6514461
Merton,8806,0.616585
Merton,8807,0.5887474
Merton,8810,0.551616
Merton,8811,0.54294264
Merton,8812,0.5212816
Merton,8813,0.5174367
Merton,9127,0.5698152
Merton,9131,0.6003112
Merton,9132,0.55106145
Merton,9137,0.5217532
Merton,9138,0.5013599
Merton,9145,0.5991425
Merton,9149,0.611247
Merton,9150,0.6176126
Merton,9151,0.581796
Merton,9152,0.6031938
Merton,9153,0.58023554
Merton,9154,0.571057
Merton,9155,0.5946654
Merton,9156,0.58159804
Merton,9157,0.61614734
Merton,BP079,0.55516285
Merton,BP080,0.4445821
Merton,BP106,0.61310923
Merton,BP1419,0.53318274
Merton,BP1420,0.537211
Merton,BP1421,0.41471368
Merton,BP1422,0.38648292
Merton,BP1423,0.4401584
Merton,BP1424,0.50664824
Merton,BP1526,0.6667478
Merton,BP1547,0.5592195
Merton,BP2131,0.5246573
Merton,BP2132,0.5120033
Merton,BP2134,0.54424673
Merton,BP2135,0.52502626
Merton,BP2136,0.42574015
Merton,BP2137,0.41824245
Merton,BP2138,0.40740213
Merton,BP2256,0.5687519
Merton,BP2257,0.590067
Merton,BP2737,0.5661282
Merton,BP2738,0.56567705
Merton,BP2897,0.5212026
Merton,BP3255,0.6072253
Merton,BP3256,0.61208236
Merton,BP3257,0.5510524
Merton,BP3258,0.6071737
Merton,BP3259,0.59490764
Merton,BP3494,0.49333528
Merton,BP3581,0.6077759
Merton,BP3582,0.5126169
Merton,BP3583,0.5106673
Merton,BP3584,0.40116093
Merton,BP3585,0.39638317
Merton,BP3586,0.6068664
Merton,BP3797,0.37354317
Merton,BP3876,0.6875238
Merton,BP3958,0.53262705
Merton,BP3959,0.44643015
Merton,BP3960,0.5222311
Merton,BP3961,0.4729508
Merton,BP3962,0.5374888
Merton,BP4202,0.6293238
Merton,BP4480,0.608388
Merton,BP4502,0.69903773
Merton,BP4503,0.6687443
Merton,BP4508,0.693207
Merton,BP4513,0.6724844
Merton,BP4519,0.65289503
Merton,BP4520,0.35949102
Merton,BP4596,0.58315426
Merton,BP4597,0.58944017
Merton,BP4598,0.5764043
Merton,BP4599,0.58409244
Merton,BP4600,0.5622314
Merton,BP4601,0.52666533
Merton,BP4602,0.48240423
Merton,BP4603,0.49483
Merton,BP4604,0.54316276
Merton,BP4605,0.5821318
Merton,BP4606,0.51607895
Merton,BP4607,0.54219383
Merton,BP4665,0.52230394
Merton,BP4672,0.40727633
Merton,BP4690,0.5375855
Merton,BP5330,0.4571528
Merton,BP5365,0.5430826
Merton,BP5461,0.605048
Merton,BP5462,0.6026049
Merton,BP5463,0.51574314
Merton,BP5465,0.37479606
Merton,BP5466,0.41196066
Merton,BP5467,0.468474
Merton,BP5468,0.41845965
Merton,BP5469,0.453813
Merton,BP5470,0.54773426
Merton,BP5518,0.57766885
Merton,BP5720,0.4671719
Merton,BP5853,0.6233653
Merton,BP5854,0.6260184
Merton,BP5855,0.6070351
Merton,BP5865,0.53917414
Merton,BP5869,0.48413688
Merton,BP5906,0.6982472
Merton,BP6093,0.61718506
Merton,BP6094,0.7065888
Merton,BP6096,0.6707196
Merton,BP6097,0.6717412
Merton,BP6098,0.6482842
Merton,BP683,0.6858623
Merton,BP834,0.63145244
Merton,BP835,0.6406013
Merton,BP836,0.6651527
Merton,BP837,0.6365378
Merton,BP854,0.46234652
Merton,BP855,0.57357144
Merton,BP962,0.5324392
Merton,HC73,0.6107412
Merton,HC74,0.6598404
Merton,HC75,0.7186481
Merton,HC76,0.5552937
Merton,LG02,0.63161874
Merton,LG03,0.6999152
Merton,LG06,0.61424583
Merton,LG50,0.6390476
Merton,LG60,0.42304084
Merton,LG65,0.618322
Merton,LG66,0.7024335
Merton,LG67,0.6758626
Merton,LG68,0.6647127
Merton,LG69,0.6826678
Merton,OC740,0.58748
Merton,R0097,0.4160546
Merton,R0134,0.49898088
Merton,R0136,0.45844027
Merton,R0138,0.45674795
Merton,R0251,0.45724332
Merton,R0299,0.4713814
Merton,R0565,0.54436713
Merton,R0725,0.54640925
Merton,R0726,0.5626151
Merton,W27,0.56479615
Merton,W28,0.5921119
Merton,W29,0.57057774
Merton,W30,0.617
Merton,W31,0.6093282
Merton,W32,0.54463494
Merton,W33,0.57188344
Merton,W34,0.57080793
Merton,W4,0.5514785
Merton,W46,0.6087818
Merton,W48,0.55191106
Merton,18671,0.6983915
Merton,18673,0.7172169
Merton,23927,0.6980218
Merton,BP5011,0.6641165
Merton,BP5012,0.67976266
Merton,BP5013,0.58864474
Merton,BP5014,0.58923817
Merton,BP5122,0.7505872
Merton,BP5491,0.6454377
Newham,11126,0.66126156
Newham,1180,0.65056676
Newham,1202,0.66709876
Newham,1409,0.65645045
Newham,1410,0.6887703
Newham,14510,0.59618276
Newham,14511,0.5876023
Newham,14515,0.63449836
Newham,14520,0.6361593
Newham,14522,0.6383356
Newham,14523,0.6692713
Newham,14527,0.69089
Newham,14528,0.6871706
Newham,14529,0.64976686
Newham,14530,0.6446708
Newham,14531,0.64376926
Newham,14535,0.65464944
Newham,14540,0.64592624
Newham,14581,0.6858406
Newham,1577,0.5896421
Newham,1578,0.6120483
Newham,16395,0.68699867
Newham,16396,0.6088829
Newham,1739,0.6530874
Newham,1740,0.6310438
Newham,18329,0.53168637
Newham,1878,0.66563183
Newham,1879,0.6787236
Newham,1881,0.6591538
Newham,1882,0.67012197
Newham,1883,0.676974
Newham,1891,0.69350404
Newham,1892,0.6669261
Newham,1893,0.65630114
Newham,1894,0.6798666
Newham,1895,0.68444806
Newham,1896,0.67424995
Newham,1897,0.68039966
Newham,1900,0.6133382
Newham,1902,0.6241689
Newham,1903,0.606736
Newham,1937,0.6325466
Newham,20769,0.65971535
Newham,20770,0.6891446
Newham,20773,0.69188255
Newham,20810,0.67743814
Newham,20830,0.4560464
Newham,20831,0.45978308
Newham,2238,0.6901439
Newham,25051,0.65327936
Newham,25483,0.60605776
Newham,26187,0.6378932
Newham,26188,0.6608145
Newham,26958,0.56491816
Newham,27629,0.556426
Newham,27631,0.4695585
Newham,27633,0.51118624
Newham,27635,0.51377624
Newham,27636,0.5076838
Newham,27637,0.55764186
Newham,27638,0.593272
Newham,27639,0.60717356
Newham,27640,0.6097145
Newham,27641,0.62027895
Newham,27642,0.7283874
Newham,27709,0.6126633
Newham,27913,0.5837796
Newham,2876,0.49243322
Newham,2882,0.586153
Newham,2883,0.61512476
Newham,2884,0.6600133
Newham,2885,0.6674987
Newham,2886,0.6635396
Newham,2887,0.65414184
Newham,2888,0.68653154
Newham,2889,0.6845185
Newham,2891,0.6833842
Newham,2892,0.709008
Newham,2896,0.7059058
Newham,2899,0.7175434
Newham,2901,0.66402227
Newham,2905,0.63870615
Newham,2906,0.6764318
Newham,2907,0.6419663
Newham,2908,0.6284437
Newham,2909,0.62993395
Newham,2910,0.6134839
Newham,2913,0.65178955
Newham,2914,0.6615543
Newham,29505,0.61172616
Newham,29507,0.64482474
Newham,29508,0.67519546
Newham,29563,0.6372537
Newham,29578,0.5780064
Newham,29759,0.44842896
Newham,29760,0.43436697
Newham,29761,0.43147907
Newham,29763,0.46792987
Newham,29765,0.6085873
Newham,29809,0.57379717
Newham,29824,0.5963
Newham,29825,0.5502766
Newham,29826,0.5204534
Newham,29828,0.47186604
Newham,29829,0.56395054
Newham,29830,0.53715837
Newham,29831,0.57916015
Newham,29832,0.63892126
Newham,29845,0.56617457
Newham,3013,0.64648426
Newham,3300,0.42397195
Newham,33705,0.64439416
Newham,33944,0.632179
Newham,33958,0.44539762
Newham,33995,0.47034264
Newham,33996,0.6225959
Newham,34096,0.59984803
Newham,35038,0.5952586
Newham,35039,0.60478973
Newham,35271,0.6491972
Newham,35272,0.6475774
Newham,35274,0.6543488
Newham,35328,0.61975926
Newham,35550,0.6077089
Newham,35551,0.6156161
Newham,35691,0.54726756
Newham,35692,0.5866503
Newham,35693,0.5988072
Newham,35701,0.5557345
Newham,35702,0.5638148
Newham,35703,0.6108219
Newham,35704,0.5851311
Newham,35716,0.652116
Newham,35749,0.55323553
Newham,35914,0.62810147
Newham,36816,0.5529059
Newham,36817,0.48770863
Newham,36818,0.504682
Newham,36819,0.5521254
Newham,36829,0.4535972
Newham,36830,0.46231705
Newham,36831,0.46853313
Newham,36832,0.47060683
Newham,36833,0.5482495
Newham,36834,0.5576075
Newham,36927,0.65945417
Newham,37125,0.57686913
Newham,37127,0.6125461
Newham,37128,0.5571334
Newham,4643,0.689047
Newham,4644,0.68332356
Newham,4645,0.6599629
Newham,4875,0.7030637
Newham,4876,0.6885358
Newham,4891,0.6905315
Newham,4892,0.68076545
Newham,4894,0.6859927
Newham,4896,0.6846848
Newham,640,0.67969006
Newham,641,0.6834028
Newham,696,0.6738362
Newham,697,0.69433874
Newham,698,0.6370499
Newham,7059,0.6511194
Newham,736,0.6115133
Newham,747,0.6677059
Newham,8009,0.6369513
Newham,8010,0.6499993
Newham,8013,0.64894617
Newham,8019,0.7133005
Newham,8023,0.7113492
Newham,8026,0.70800585
Newham,8027,0.71187085
Newham,8029,0.6747555
Newham,8034,0.66726726
Newham,8035,0.66463643
Newham,8036,0.66985655
Newham,8037,0.6494349
Newham,8041,0.67524886
Newham,8042,0.65652144
Newham,8060,0.6027888
Newham,8069,0.64826477
Newham,8071,0.60251147
Newham,8074,0.64630973
Newham,8075,0.59414196
Newham,8076,0.5943532
Newham,8077,0.5797113
Newham,8078,0.635689
Newham,8079,0.5620927
Newham,8080,0.54561365
Newham,8081,0.54633826
Newham,8082,0.51279813
Newham,8083,0.54059273
Newham,8086,0.53455245
Newham,8087,0.53372395
Newham,8088,0.54559064
Newham,8089,0.54844314
Newham,8090,0.5808765
Newham,8091,0.5477881
Newham,8092,0.5738546
Newham,8096,0.6579448
Newham,8097,0.6637691
Newham,8098,0.62224495
Newham,8100,0.6281182
Newham,8101,0.63689655
Newham,8102,0.641878
Newham,8104,0.6454216
Newham,8105,0.6400702
Newham,8107,0.6485075
Newham,8108,0.6160833
Newham,8109,0.62496525
Newham,8110,0.5628922
Newham,8113,0.55836123
Newham,8116,0.5622046
Newham,8118,0.5825284
Newham,8122,0.6197517
Newham,8123,0.61743873
Newham,8129,0.6150034
Newham,8131,0.6289731
Newham,8132,0.6287753
Newham,8135,0.5856944
Newham,8136,0.5902033
Newham,8139,0.5229464
Newham,8140,0.52023286
Newham,8143,0.54166645
Newham,8144,0.5388539
Newham,8145,0.5878719
Newham,8146,0.5853013
Newham,8148,0.60520715
Newham,8149,0.6071991
Newham,8152,0.68419707
Newham,8153,0.68953294
Newham,8154,0.6161968
Newham,8156,0.6549019
Newham,8157,0.66534984
Newham,8158,0.6496045
Newham,8159,0.67669934
Newham,8162,0.64179546
Newham,8163,0.64481586
Newham,8168,0.66419894
Newham,8169,0.66968334
Newham,8170,0.62856716
Newham,8171,0.63031673
Newham,8173,0.62757254
Newham,8177,0.62240934
Newham,8178,0.62180334
Newham,8180,0.6613183
Newham,8181,0.644691
Newham,9045,0.67238927
Newham,9046,0.63643765
Newham,9047,0.6276196
Newham,9048,0.6266919
Newham,9049,0.6150651
Newham,9050,0.6104202
Newham,9051,0.6102712
Newham,9055,0.6423236
Newham,9056,0.65528977
Newham,9058,0.65094566
Newham,9060,0.6655409
Newham,9061,0.6670418
Newham,9064,0.6921975
Newham,9065,0.6947257
Newham,9066,0.6806551
Newham,9069,0.6778717
Newham,9070,0.5905273
Newham,9071,0.5801365
Newham,9074,0.63609487
Newham,9075,0.6280225
Newham,9076,0.6054816
Newham,9077,0.63608944
Newham,9078,0.6290234
Newham,9079,0.6293748
Newham,9080,0.58224005
Newham,9081,0.627924
Newham,9082,0.5769568
Newham,9083,0.59270406
Newham,9084,0.5822179
Newham,9085,0.58641547
Newham,9086,0.5720307
Newham,9087,0.592111
Newham,9091,0.6255718
Newham,91521,0.51500905
Newham,91522,0.56112736
Newham,9291,0.5704955
Newham,9292,0.5841905
Newham,9293,0.5815774
Newham,9299,0.5742394
Newham,9300,0.57852685
Newham,9302,0.57733536
Newham,9304,0.64156395
Newham,9531,0.612486
Newham,9533,0.6012547
Newham,9534,0.60775423
Newham,9535,0.5735984
Newham,BP086,0.6516705
Newham,BP092,0.49627396
Newham,BP093,0.52566946
Newham,BP094,0.51246923
Newham,BP098,0.67639065
Newham,BP132,0.69851255
Newham,BP174,0.53593075
Newham,BP175,0.5125776
Newham,BP179,0.53667
Newham,BP234,0.51252955
Newham,BP235,0.53883046
Newham,BP2361,0.5796813
Newham,BP2362,0.46551964
Newham,BP2363,0.41776493
Newham,BP2364,0.47077468
Newham,BP2365,0.560396
Newham,BP2366,0.582343
Newham,BP2368,0.46910864
Newham,BP2369,0.42610776
Newham,BP242,0.607304
Newham,BP2636,0.6093362
Newham,BP2734,0.5610846
Newham,BP2735,0.46562663
Newham,BP3511,0.5666709
Newham,BP3737,0.5967624
Newham,BP3738,0.58979976
Newham,BP3739,0.58105403
Newham,BP3740,0.59716636
Newham,BP3741,0.62121594
Newham,BP3743,0.5930452
Newham,BP3755,0.6512052
Newham,BP3756,0.6900945
Newham,BP4247,0.543573
Newham,BP4281,0.6551326
Newham,BP4283,0.547653
Newham,BP4485,0.58418643
Newham,BP4486,0.62477535
Newham,BP4636,0.59108806
Newham,BP4643,0.5427697
Newham,BP4644,0.5456431
Newham,BP4645,0.5528611
Newham,BP4646,0.55924684
Newham,BP4647,0.56191826
Newham,BP4648,0.5724579
Newham,BP4649,0.55959976
Newham,BP4650,0.5520405
Newham,BP4651,0.5330987
Newham,BP4652,0.53876764
Newham,BP4654,0.5671693
Newham,BP4655,0.5617183
Newham,BP4656,0.5704026
Newham,BP4657,0.603674
Newham,BP4658,0.6043662
Newham,BP4659,0.5861359
Newham,BP4854,0.4374789
Newham,BP4855,0.39864442
Newham,BP508,0.58084285
Newham,BP509,0.5873144
Newham,BP5093,0.55798954
Newham,BP510,0.58517814
Newham,BP511,0.5391211
Newham,BP513,0.5343512
Newham,BP5145,0.5673111
Newham,BP5194,0.5917604
Newham,BP5195,0.5119432
Newham,BP5196,0.5929251
Newham,BP5197,0.58330274
Newham,BP520,0.6079928
Newham,BP521,0.6362899
Newham,BP522,0.6270672
Newham,BP523,0.6281997
Newham,BP5263,0.5649233
Newham,BP5404,0.5883531
Newham,BP5449,0.5913539
Newham,BP5456,0.41879255
Newham,BP551,0.5587031
Newham,BP552,0.58592975
Newham,BP553,0.5880616
Newham,BP554,0.5860206
Newham,BP555,0.58290243
Newham,BP5872,0.51647806
Newham,BP6268,0.7128351
Newham,BP6349,0.6697608
Newham,BP6530,0.60812116
Newham,BP665,0.6916801
Newham,BP726,0.56485885
Newham,BP728,0.6831981
Newham,BP758,0.6677769
Newham,BP759,0.69109493
Newham,BP770,0.5480833
Newham,BP771,0.5575463
Newham,BP773,0.5893774
Newham,BP781,0.67761815
Newham,BP858,0.5239391
Newham,BP859,0.571408
Newham,BP860,0.52614135
Newham,BP861,0.5731145
Newham,BP944,0.6276607
Newham,FC12,0.6359892
Newham,FC18,0.3933787
Newham,FC19,0.44762027
Newham,FC20,0.48430336
Newham,FC21,0.60052234
Newham,FC22,0.60455203
Newham,FC23,0.44938073
Newham,FC24,0.4159317
Newham,FC25,0.43008322
Newham,FC26,0.40309662
Newham,FC27,0.5944259
Newham,FC28,0.66562355
Newham,FC29,0.64889073
Newham,FC36,0.53081363
Newham,FC72,0.60622567
Newham,LE123,0.5201667
Newham,LE124,0.50663275
Newham,LE139,0.65427357
Newham,LE162,0.5864444
Newham,LE164,0.59806156
Newham,LE165,0.583486
Newham,LE166,0.57816225
Newham,LE167,0.56460756
Newham,LE213,0.71678704
Newham,LE214,0.52232194
Newham,LE215,0.5818656
Newham,LE216,0.5618821
Newham,R0171,0.4981286
Newham,R0297,0.6814412
Newham,R0325,0.6341104
Newham,R0351,0.6621529
Newham,R0353,0.577131
Newham,R0363,0.4907042
Newham,R0708,0.6306358
Newham,R0755,0.61384386
Newham,1885,0.6676781
Newham,1890,0.67461014
Newham,2068,0.6805173
Newham,2070,0.6769641
Newham,20760,0.6900517
Newham,2878,0.6240798
Newham,2880,0.6391559
Newham,34732,0.68152606
Newham,35911,0.6276296
Newham,36835,0.6205758
Newham,4893,0.6584361
Newham,4897,0.6900004
Newham,9501,0.612868
Newham,9509,0.57160974
Newham,9511,0.5852128
Newham,9514,0.5770097
Newham,9517,0.6525441
Newham,BP1640,0.5798061
Newham,BP1641,0.58041036
Newham,BP186,0.6342778
Newham,BP1994,0.5503913
Newham,BP1995,0.5385924
Newham,BP2026,0.60853565
Newham,BP2027,0.6048019
Newham,BP2723,0.6346848
Newham,BP4248,0.5332952
Newham,BP4249,0.52197486
Newham,BP4282,0.5458544
Newham,BP557,0.5992509
Newham,BP5842,0.60052633
Newham,BP5843,0.6055911
Newham,BP5883,0.6854974
Newham,BP5892,0.5239337
Newham,BP5894,0.6045555
Newham,BP5937,0.60723984
Newham,BP727,0.58575976
Newham,R0331,0.58782816
Newham,R0754,0.5810835
Redbridge,11329,0.561232
Redbridge,11330,0.5543812
Redbridge,13150,0.5229841
Redbridge,13151,0.53929585
Redbridge,1323,0.45410976
Redbridge,1325,0.45773494
Redbridge,13426,0.49115828
Redbridge,13427,0.4889438
Redbridge,13447,0.45646733
Redbridge,13448,0.46545222
Redbridge,13449,0.4934733
Redbridge,13450,0.4899248
Redbridge,13548,0.405764
Redbridge,1355,0.50743407
Redbridge,13557,0.47922492
Redbridge,13558,0.48482147
Redbridge,1356,0.4859071
Redbridge,14079,0.41606003
Redbridge,14099,0.4739358
Redbridge,14203,0.44732672
Redbridge,14204,0.45204586
Redbridge,14290,0.49552312
Redbridge,14676,0.4845192
Redbridge,14706,0.41430682
Redbridge,14707,0.4524274
Redbridge,14708,0.44164357
Redbridge,14765,0.5012533
Redbridge,14780,0.43062767
Redbridge,14781,0.4332576
Redbridge,1511,0.53943074
Redbridge,1512,0.53950244
Redbridge,15323,0.51400054
Redbridge,15324,0.5141075
Redbridge,15325,0.49563885
Redbridge,15326,0.4854222
Redbridge,15327,0.48780388
Redbridge,15328,0.48773313
Redbridge,15329,0.47516334
Redbridge,15330,0.47112137
Redbridge,15332,0.48373827
Redbridge,15333,0.4915701
Redbridge,15334,0.48403427
Redbridge,15335,0.44208887
Redbridge,15336,0.44504407
Redbridge,15337,0.43510154
Redbridge,15338,0.43185744
Redbridge,15339,0.45766607
Redbridge,15340,0.4778075
Redbridge,15341,0.5602097
Redbridge,15342,0.49452287
Redbridge,15391,0.4911287
Redbridge,15392,0.49717882
Redbridge,15393,0.57311326
Redbridge,15394,0.5765832
Redbridge,15395,0.53114235
Redbridge,15396,0.5063973
Redbridge,15397,0.49520043
Redbridge,15398,0.52398074
Redbridge,15399,0.46134955
Redbridge,15400,0.46113154
Redbridge,15401,0.4795643
Redbridge,15430,0.5294288
Redbridge,15431,0.51544666
Redbridge,15432,0.52886474
Redbridge,15433,0.5457425
Redbridge,15434,0.45395604
Redbridge,15435,0.450394
Redbridge,15436,0.4403798
Redbridge,15437,0.44646725
Redbridge,15438,0.4774379
Redbridge,15439,0.48637336
Redbridge,15440,0.48392218
Redbridge,15441,0.49858105
Redbridge,15442,0.44344404
Redbridge,15444,0.54503936
Redbridge,15446,0.53383785
Redbridge,15471,0.47509974
Redbridge,15473,0.452431
Redbridge,15475,0.45674768
Redbridge,15476,0.47115344
Redbridge,15488,0.47780782
Redbridge,15489,0.49318758
Redbridge,15490,0.5324985
Redbridge,15491,0.50935704
Redbridge,15492,0.5356204
Redbridge,15493,0.50120497
Redbridge,15494,0.4883139
Redbridge,15496,0.51343745
Redbridge,15500,0.4258446
Redbridge,15501,0.4255137
Redbridge,15502,0.3854689
Redbridge,15503,0.3784231
Redbridge,15507,0.4998509
Redbridge,15509,0.46796867
Redbridge,15510,0.46813005
Redbridge,15539,0.49088782
Redbridge,15540,0.5188878
Redbridge,15541,0.48576075
Redbridge,15544,0.47246858
Redbridge,15545,0.4521873
Redbridge,15546,0.40764213
Redbridge,15547,0.40216008
Redbridge,15549,0.3957537
Redbridge,15550,0.3996323
Redbridge,15551,0.40092003
Redbridge,15552,0.41931257
Redbridge,15553,0.4193282
Redbridge,15555,0.42208302
Redbridge,1581,0.4582784
Redbridge,15857,0.38567767
Redbridge,15858,0.3835078
Redbridge,16345,0.48813984
Redbridge,16346,0.514473
Redbridge,1648,0.44896945
Redbridge,16600,0.48054412
Redbridge,16601,0.4717106
Redbridge,1728,0.5380809
Redbridge,1729,0.5376389
Redbridge,17949,0.41514978
Redbridge,17950,0.4009476
Redbridge,18042,0.54496056
Redbridge,18043,0.54191
Redbridge,18044,0.5434002
Redbridge,18045,0.548428
Redbridge,18046,0.5536439
Redbridge,18047,0.5520199
Redbridge,18048,0.57418376
Redbridge,18049,0.5900952
Redbridge,18050,0.5047074
Redbridge,18051,0.5030392
Redbridge,18052,0.5071382
Redbridge,18053,0.5023614
Redbridge,18055,0.5440268
Redbridge,18235,0.4857199
Redbridge,18236,0.50627613
Redbridge,18237,0.48076865
Redbridge,18239,0.46752518
Redbridge,18240,0.47664797
Redbridge,19281,0.50556225
Redbridge,19282,0.5075317
Redbridge,19283,0.5378961
Redbridge,19284,0.54285926
Redbridge,19285,0.4999944
Redbridge,19286,0.50145257
Redbridge,19287,0.5092672
Redbridge,19288,0.48683256
Redbridge,19289,0.49194443
Redbridge,19290,0.51250374
Redbridge,19291,0.50070417
Redbridge,19292,0.49686733
Redbridge,19293,0.5042187
Redbridge,19294,0.496144
Redbridge,19314,0.41528732
Redbridge,19331,0.50886714
Redbridge,19332,0.49995613
Redbridge,19333,0.5101948
Redbridge,19334,0.489098
Redbridge,19335,0.48534334
Redbridge,19336,0.49549258
Redbridge,19337,0.4936275
Redbridge,19338,0.49580112
Redbridge,19339,0.49523434
Redbridge,19724,0.5051201
Redbridge,20198,0.55711126
Redbridge,20240,0.51161754
Redbridge,20344,0.5059782
Redbridge,20346,0.530274
Redbridge,20347,0.5391816
Redbridge,20348,0.40546417
Redbridge,20349,0.4061671
Redbridge,20589,0.5174724
Redbridge,20590,0.517651
Redbridge,20667,0.5436773
Redbridge,20740,0.43549472
Redbridge,20741,0.43590748
Redbridge,20742,0.48989218
Redbridge,20743,0.48466006
Redbridge,20744,0.50829667
Redbridge,20745,0.50205517
Redbridge,20746,0.51343066
Redbridge,20747,0.5012975
Redbridge,20748,0.505751
Redbridge,20749,0.49812427
Redbridge,20884,0.5276608
Redbridge,20885,0.5250041
Redbridge,20886,0.55015993
Redbridge,20887,0.56297934
Redbridge,20888,0.5123275
Redbridge,20889,0.51053
Redbridge,20890,0.5195608
Redbridge,20891,0.5197064
Redbridge,20907,0.4330695
Redbridge,20977,0.4678383
Redbridge,20985,0.38176647
Redbridge,20986,0.39719012
Redbridge,20987,0.39516237
Redbridge,2502,0.5065646
Redbridge,25031,0.47738895
Redbridge,25056,0.55924356
Redbridge,25067,0.5207389
Redbridge,25068,0.5398407
Redbridge,25185,0.47803774
Redbridge,25368,0.53784287
Redbridge,25444,0.5186179
Redbridge,26368,0.46405032
Redbridge,26536,0.54622126
Redbridge,26537,0.544935
Redbridge,26538,0.5494746
Redbridge,26539,0.5572636
Redbridge,26540,0.4027058
Redbridge,26541,0.4053101
Redbridge,26543,0.5402215
Redbridge,26969,0.5174027
Redbridge,27814,0.42208722
Redbridge,27854,0.46419203
Redbridge,27855,0.42155924
Redbridge,27869,0.44302756
Redbridge,27970,0.50411916
Redbridge,29018,0.5352205
Redbridge,2917,0.3891607
Redbridge,2918,0.40522382
Redbridge,2919,0.4273272
Redbridge,29213,0.48043793
Redbridge,29214,0.48081258
Redbridge,29216,0.48335373
Redbridge,29217,0.48220223
Redbridge,29218,0.39456964
Redbridge,29219,0.42162004
Redbridge,29220,0.4189584
Redbridge,29221,0.40711397
Redbridge,29222,0.507296
Redbridge,29223,0.45295355
Redbridge,29224,0.51361513
Redbridge,29225,0.54245615
Redbridge,29226,0.5250842
Redbridge,29227,0.52901757
Redbridge,29228,0.51075655
Redbridge,29254,0.51939636
Redbridge,29255,0.5228134
Redbridge,29287,0.51793617
Redbridge,2932,0.38114652
Redbridge,2933,0.3948001
Redbridge,29445,0.42576653
Redbridge,29463,0.42960605
Redbridge,29556,0.4410863
Redbridge,29557,0.4541137
Redbridge,29558,0.45240718
Redbridge,29559,0.48248446
Redbridge,29560,0.4446134
Redbridge,29914,0.52042514
Redbridge,2998,0.4391147
Redbridge,3299,0.42128497
Redbridge,3301,0.4357196
Redbridge,33036,0.5488329
Redbridge,3305,0.42454395
Redbridge,3307,0.44077715
Redbridge,33348,0.553934
Redbridge,33349,0.4739358
Redbridge,33350,0.5211317
Redbridge,33351,0.5486191
Redbridge,33353,0.5100231
Redbridge,33361,0.60545737
Redbridge,33362,0.60711014
Redbridge,33363,0.5844351
Redbridge,33364,0.55961496
Redbridge,33397,0.580814
Redbridge,33398,0.5763024
Redbridge,33399,0.56183684
Redbridge,33400,0.56228936
Redbridge,33401,0.5756734
Redbridge,33402,0.579631
Redbridge,33404,0.55803126
Redbridge,33415,0.5649907
Redbridge,33416,0.5648224
Redbridge,33456,0.5073921
Redbridge,33767,0.4917656
Redbridge,33768,0.5043995
Redbridge,33918,0.47594357
Redbridge,34050,0.42285407
Redbridge,34310,0.55946684
Redbridge,34478,0.4601909
Redbridge,34767,0.5575812
Redbridge,34769,0.49000996
Redbridge,34995,0.4802762
Redbridge,34997,0.52690965
Redbridge,34999,0.5269231
Redbridge,35000,0.5152293
Redbridge,35166,0.42866907
Redbridge,35167,0.43200186
Redbridge,35170,0.54639137
Redbridge,35171,0.5540889
Redbridge,35172,0.52038944
Redbridge,35173,0.51276684
Redbridge,35174,0.45076612
Redbridge,35220,0.46446055
Redbridge,35348,0.5281401
Redbridge,35349,0.5053459
Redbridge,35350,0.5202701
Redbridge,35351,0.4956221
Redbridge,35352,0.5561686
Redbridge,35353,0.55639833
Redbridge,35403,0.55839664
Redbridge,35437,0.5356736
Redbridge,35438,0.5169472
Redbridge,35457,0.5069296
Redbridge,35474,0.5626788
Redbridge,35965,0.46579665
Redbridge,35966,0.45968512
Redbridge,36660,0.506146
Redbridge,36693,0.49699807
Redbridge,37219,0.39429095
Redbridge,416,0.5189019
Redbridge,4318,0.47826275
Redbridge,4319,0.5006645
Redbridge,432,0.52018636
Redbridge,4321,0.4779492
Redbridge,4322,0.49701247
Redbridge,4323,0.4847633
Redbridge,4325,0.5129085
Redbridge,4326,0.5190129
Redbridge,4328,0.46925494
Redbridge,4329,0.47989276
Redbridge,4331,0.54043156
Redbridge,4358,0.3956837
Redbridge,4359,0.4305079
Redbridge,4363,0.48389846
Redbridge,4557,0.41146025
Redbridge,555,0.4597036
Redbridge,7509,0.4472474
Redbridge,7769,0.47656333
Redbridge,8621,0.45858368
Redbridge,8622,0.4570763
Redbridge,9013,0.5436498
Redbridge,9014,0.4974077
Redbridge,9305,0.41543466
Redbridge,9306,0.41401884
Redbridge,9307,0.49644202
Redbridge,9308,0.48074678
Redbridge,9309,0.4912155
Redbridge,9311,0.48606843
Redbridge,9312,0.48610336
Redbridge,9313,0.40019578
Redbridge,9316,0.39344612
Redbridge,9317,0.37710428
Redbridge,9318,0.3817786
Redbridge,9319,0.42824885
Redbridge,9322,0.43301624
Redbridge,9326,0.42913717
Redbridge,9377,0.50821453
Redbridge,9378,0.5090563
Redbridge,9549,0.44729328
Redbridge,9550,0.4428791
Redbridge,9551,0.44566658
Redbridge,9554,0.44082606
Redbridge,9555,0.43511292
Redbridge,9556,0.46702746
Redbridge,9560,0.4155027
Redbridge,9574,0.45287958
Redbridge,9575,0.44636017
Redbridge,9580,0.48446676
Redbridge,9581,0.48365337
Redbridge,9582,0.4866237
Redbridge,9583,0.48904684
Redbridge,9584,0.5045764
Redbridge,9585,0.49769315
Redbridge,9588,0.49880344
Redbridge,9589,0.48771194
Redbridge,9590,0.4964812
Redbridge,9591,0.5203638
Redbridge,9594,0.4903359
Redbridge,9595,0.49591672
Redbridge,9596,0.5036673
Redbridge,9597,0.49485654
Redbridge,9598,0.49168682
Redbridge,9599,0.46750206
Redbridge,9602,0.5733998
Redbridge,9603,0.51662344
Redbridge,9604,0.56248474
Redbridge,9605,0.56973004
Redbridge,9608,0.5384272
Redbridge,9609,0.54565066
Redbridge,9613,0.5421671
Redbridge,9622,0.5215458
Redbridge,9623,0.49582967
Redbridge,9624,0.5397859
Redbridge,9625,0.5272216
Redbridge,9628,0.48454523
Redbridge,9629,0.4875032
Redbridge,9634,0.54120165
Redbridge,9636,0.51377463
Redbridge,9637,0.51600397
Redbridge,9638,0.4369311
Redbridge,9639,0.48201287
Redbridge,9644,0.39619154
Redbridge,9805,0.41451856
Redbridge,BP1266,0.5522646
Redbridge,BP1267,0.46600404
Redbridge,BP1304,0.50500154
Redbridge,BP1349,0.4534667
Redbridge,BP1350,0.4583166
Redbridge,BP1504,0.45412314
Redbridge,BP1649,0.51100844
Redbridge,BP1742,0.5002232
Redbridge,BP1743,0.46426082
Redbridge,BP2067,0.43727735
Redbridge,BP2156,0.5444689
Redbridge,BP2470,0.4018801
Redbridge,BP2471,0.40299934
Redbridge,BP2503,0.49975413
Redbridge,BP2504,0.47866958
Redbridge,BP2505,0.52238387
Redbridge,BP2506,0.49934718
Redbridge,BP281,0.4814746
Redbridge,BP2887,0.43981364
Redbridge,BP2888,0.45076013
Redbridge,BP2889,0.5488492
Redbridge,BP2890,0.54864675
Redbridge,BP2891,0.5413449
Redbridge,BP2892,0.5625651
Redbridge,BP2893,0.4420758
Redbridge,BP2894,0.4280253
Redbridge,BP3460,0.40114325
Redbridge,BP4296,0.44597957
Redbridge,BP4307,0.5558992
Redbridge,BP439,0.5049809
Redbridge,BP4977,0.53063697
Redbridge,BP4978,0.50547594
Redbridge,BP4979,0.5164509
Redbridge,BP4980,0.543377
Redbridge,BP4981,0.5450068
Redbridge,BP4982,0.52903134
Redbridge,BP4983,0.51602113
Redbridge,BP4984,0.48286968
Redbridge,BP4985,0.53691167
Redbridge,BP5303,0.565606
Redbridge,BP5416,0.4612716
Redbridge,BP5417,0.4456546
Redbridge,BP5655,0.5061743
Redbridge,BP5674,0.41265136
Redbridge,BP5696,0.46593675
Redbridge,BP5912,0.47937214
Redbridge,BP6039,0.56287265
Redbridge,BP6040,0.54132617
Redbridge,BP6041,0.54207677
Redbridge,BP6042,0.46995282
Redbridge,BP6043,0.4701355
Redbridge,BP6044,0.50166935
Redbridge,BP6045,0.4672537
Redbridge,BP6046,0.59659374
Redbridge,BP6047,0.5936456
Redbridge,BP6102,0.4844726
Redbridge,BP6208,0.5302726
Redbridge,BP6244,0.41038212
Redbridge,BP6245,0.42716604
Redbridge,BP678,0.5230516
Redbridge,BP739,0.5076646
Redbridge,BP740,0.50657845
Redbridge,BP921,0.5045765
Redbridge,FC03,0.4300109
Redbridge,FC04,0.4055871
Redbridge,FC15,0.47254747
Redbridge,FC16,0.53152037
Redbridge,FC40,0.4017137
Redbridge,FC41,0.3979561
Redbridge,FC42,0.4641487
Redbridge,FC44,0.40329203
Redbridge,FC45,0.4095276
Redbridge,FC46,0.434832
Redbridge,FC52,0.43029076
Redbridge,FC53,0.42051035
Redbridge,FC60,0.40410885
Redbridge,FC63,0.47554812
Redbridge,FC64,0.546936
Redbridge,FC66,0.5259971
Redbridge,FC67,0.550669
Redbridge,FC68,0.55921024
Redbridge,FC69,0.47553173
Redbridge,FC70,0.53344697
Redbridge,FC86,0.4390848
Redbridge,FC87,0.39935926
Redbridge,FC90,0.43251514
Redbridge,HC160,0.47619548
Redbridge,HC161,0.47908098
Redbridge,HC162,0.46274996
Redbridge,HC163,0.4529945
Redbridge,HC164,0.53789383
Redbridge,HC165,0.47685304
Redbridge,HC166,0.50441426
Redbridge,HC167,0.45253524
Redbridge,HC168,0.45788735
Redbridge,HC169,0.46105468
Redbridge,HC170,0.5008933
Redbridge,HC171,0.50184876
Redbridge,HC214,0.4848748
Redbridge,HC215,0.49311373
Redbridge,HC216,0.4803716
Redbridge,HC217,0.51001793
Redbridge,HC218,0.53040016
Redbridge,HC219,0.53374785
Redbridge,HC226,0.53082204
Redbridge,HC227,0.49978736
Redbridge,HC228,0.49910906
Redbridge,HC273,0.49755323
Redbridge,HC274,0.56116766
Redbridge,LE126,0.47528774
Redbridge,LE136,0.4787562
Redbridge,LE146,0.5279341
Redbridge,LE147,0.5027466
Redbridge,LE148,0.518865
Redbridge,LE150,0.5089199
Redbridge,LE151,0.5413126
Redbridge,LE152,0.506857
Redbridge,LE153,0.54375386
Redbridge,LE154,0.5023389
Redbridge,LE161,0.5175352
Redbridge,LE226,0.58064526
Redbridge,OC433,0.56422025
Redbridge,OC434,0.46599215
Redbridge,OC450,0.4470739
Redbridge,OC623,0.5133253
Redbridge,OC624,0.49490267
Redbridge,OC646,0.5598862
Redbridge,OC647,0.46300694
Redbridge,OC651,0.42404944
Redbridge,OC668,0.57078606
Redbridge,OC669,0.57202727
Redbridge,OC811,0.5128401
Redbridge,R0026,0.41771784
Redbridge,R0312,0.47879085
Redbridge,R0326,0.49085942
Redbridge,R0328,0.5247644
Redbridge,R0334,0.43483314
Redbridge,R0477,0.44610032
Redbridge,R0498,0.4891653
Redbridge,R0499,0.48468617
Redbridge,R0868,0.38673034
Redbridge,35410,0.42614478
Redbridge,9559,0.40882978
Redbridge,FC39,0.42438802
Richmond upon Thames,1007,0.62143475
Richmond upon Thames,1008,0.629499
Richmond upon Thames,1030,0.5962331
Richmond upon Thames,1031,0.5911761
Richmond upon Thames,1357,0.48094875
Richmond upon Thames,1376,0.61095726
Richmond upon Thames,14115,0.550696
Richmond upon Thames,14116,0.5686095
Richmond upon Thames,14117,0.46683455
Richmond upon Thames,14217,0.58733135
Richmond upon Thames,14218,0.6196389
Richmond upon Thames,1468,0.58930355
Richmond upon Thames,14713,0.51751435
Richmond upon Thames,14715,0.60311514
Richmond upon Thames,14728,0.44256032
Richmond upon Thames,14729,0.4776847
Richmond upon Thames,14886,0.502728
Richmond upon Thames,14895,0.62890685
Richmond upon Thames,15040,0.48888832
Richmond upon Thames,15041,0.4809269
Richmond upon Thames,15042,0.40796483
Richmond upon Thames,15044,0.40577313
Richmond upon Thames,15045,0.39969963
Richmond upon Thames,15046,0.34285516
Richmond upon Thames,15047,0.3670728
Richmond upon Thames,15048,0.30557013
Richmond upon Thames,15049,0.39119804
Richmond upon Thames,15050,0.33499599
Richmond upon Thames,15051,0.41420606
Richmond upon Thames,15197,0.55831367
Richmond upon Thames,15198,0.574445
Richmond upon Thames,15199,0.57845384
Richmond upon Thames,15200,0.55071986
Richmond upon Thames,15201,0.55780333
Richmond upon Thames,15202,0.54084915
Richmond upon Thames,15203,0.52909136
Richmond upon Thames,15204,0.58497435
Richmond upon Thames,15208,0.4479947
Richmond upon Thames,15210,0.5423972
Richmond upon Thames,15211,0.52818537
Richmond upon Thames,15212,0.44842407
Richmond upon Thames,15213,0.45022207
Richmond upon Thames,15214,0.46706995
Richmond upon Thames,15215,0.47665274
Richmond upon Thames,15217,0.44131893
Richmond upon Thames,15219,0.45079666
Richmond upon Thames,15220,0.48471367
Richmond upon Thames,15221,0.36663702
Richmond upon Thames,15222,0.37607107
Richmond upon Thames,15233,0.382154
Richmond upon Thames,15236,0.68319017
Richmond upon Thames,15237,0.6728149
Richmond upon Thames,15238,0.6195469
Richmond upon Thames,15239,0.5879155
Richmond upon Thames,15240,0.58649117
Richmond upon Thames,15241,0.5865914
Richmond upon Thames,15247,0.58952796
Richmond upon Thames,15248,0.59858626
Richmond upon Thames,15249,0.62551373
Richmond upon Thames,15250,0.5751696
Richmond upon Thames,15251,0.5828572
Richmond upon Thames,15252,0.55221915
Richmond upon Thames,15253,0.59073055
Richmond upon Thames,15254,0.5967623
Richmond upon Thames,15255,0.6009642
Richmond upon Thames,15256,0.53458637
Richmond upon Thames,1529,0.58276516
Richmond upon Thames,15556,0.4913987
Richmond upon Thames,15557,0.49814475
Richmond upon Thames,15558,0.4855313
Richmond upon Thames,15559,0.49653915
Richmond upon Thames,15560,0.4687406
Richmond upon Thames,15561,0.4721451
Richmond upon Thames,15562,0.4476815
Richmond upon Thames,15563,0.44805261
Richmond upon Thames,15565,0.49891588
Richmond upon Thames,15566,0.50002533
Richmond upon Thames,15567,0.4957133
Richmond upon Thames,15568,0.52951676
Richmond upon Thames,15569,0.54119223
Richmond upon Thames,15570,0.57069117
Richmond upon Thames,15572,0.575075
Richmond upon Thames,15574,0.49002892
Richmond upon Thames,15584,0.42837408
Richmond upon Thames,15673,0.36148277
Richmond upon Thames,15675,0.40503177
Richmond upon Thames,15708,0.38050163
Richmond upon Thames,15709,0.48016164
Richmond upon Thames,15710,0.47979426
Richmond upon Thames,15711,0.5096215
Richmond upon Thames,15712,0.5125805
Richmond upon Thames,15713,0.4796414
Richmond upon Thames,15714,0.5191284
Richmond upon Thames,15715,0.5332605
Richmond upon Thames,15875,0.49094555
Richmond upon Thames,15893,0.5281131
Richmond upon Thames,15895,0.5023119
Richmond upon Thames,15896,0.4458347
Richmond upon Thames,15897,0.44813737
Richmond upon Thames,15898,0.44750008
Richmond upon Thames,15899,0.5186283
Richmond upon Thames,159,0.55393684
Richmond upon Thames,15900,0.49740323
Richmond upon Thames,15901,0.48617786
Richmond upon Thames,15902,0.4806398
Richmond upon Thames,15903,0.47110465
Richmond upon Thames,15904,0.4387623
Richmond upon Thames,15905,0.4333136
Richmond upon Thames,15907,0.34933385
Richmond upon Thames,16173,0.48344266
Richmond upon Thames,16174,0.4957666
Richmond upon Thames,16175,0.49942452
Richmond upon Thames,16176,0.49227396
Richmond upon Thames,16177,0.4909121
Richmond upon Thames,16178,0.5185946
Richmond upon Thames,16179,0.5541664
Richmond upon Thames,16180,0.5345548
Richmond upon Thames,16181,0.52086073
Richmond upon Thames,16182,0.49780962
Richmond upon Thames,16183,0.49500862
Richmond upon Thames,16184,0.43620628
Richmond upon Thames,16185,0.44842723
Richmond upon Thames,16186,0.4523574
Richmond upon Thames,16187,0.48010346
Richmond upon Thames,16188,0.5008338
Richmond upon Thames,16189,0.5117649
Richmond upon Thames,16190,0.564054
Richmond upon Thames,16192,0.62043685
Richmond upon Thames,16220,0.44279763
Richmond upon Thames,16221,0.447974
Richmond upon Thames,16235,0.5153842
Richmond upon Thames,16236,0.5197849
Richmond upon Thames,16237,0.48246858
Richmond upon Thames,16238,0.5316642
Richmond upon Thames,16239,0.506882
Richmond upon Thames,16240,0.49260026
Richmond upon Thames,16241,0.5574793
Richmond upon Thames,16242,0.560598
Richmond upon Thames,16243,0.5984184
Richmond upon Thames,16245,0.6079943
Richmond upon Thames,16246,0.580763
Richmond upon Thames,16247,0.54729897
Richmond upon Thames,16248,0.5509065
Richmond upon Thames,16350,0.52231646
Richmond upon Thames,16351,0.5246519
Richmond upon Thames,16871,0.52816457
Richmond upon Thames,16872,0.5405048
Richmond upon Thames,16873,0.5607168
Richmond upon Thames,16874,0.55871105
Richmond upon Thames,16875,0.4848644
Richmond upon Thames,16877,0.47839147
Richmond upon Thames,16879,0.52502674
Richmond upon Thames,1750,0.53491133
Richmond upon Thames,1751,0.47909433
Richmond upon Thames,17758,0.46427125
Richmond upon Thames,19484,0.57380104
Richmond upon Thames,19485,0.49810258
Richmond upon Thames,19487,0.49902534
Richmond upon Thames,19488,0.5339279
Richmond upon Thames,19490,0.53469145
Richmond upon Thames,19499,0.5379212
Richmond upon Thames,19500,0.53425246
Richmond upon Thames,19501,0.5518314
Richmond upon Thames,19568,0.48686275
Richmond upon Thames,19569,0.5042557
Richmond upon Thames,19571,0.60608226
Richmond upon Thames,19574,0.5159817
Richmond upon Thames,19575,0.59276074
Richmond upon Thames,19577,0.50389075
Richmond upon Thames,19578,0.5091638
Richmond upon Thames,19579,0.5363261
Richmond upon Thames,1958,0.56774956
Richmond upon Thames,19580,0.5561921
Richmond upon Thames,19581,0.57277375
Richmond upon Thames,19583,0.57148045
Richmond upon Thames,19584,0.5711562
Richmond upon Thames,19585,0.5067583
Richmond upon Thames,19586,0.494286
Richmond upon Thames,19587,0.5019036
Richmond upon Thames,19846,0.4973741
Richmond upon Thames,19967,0.54851204
Richmond upon Thames,20523,0.5717638
Richmond upon Thames,20524,0.5705905
Richmond upon Thames,20623,0.5050152
Richmond upon Thames,20624,0.5219572
Richmond upon Thames,20682,0.56762564
Richmond upon Thames,20683,0.56741464
Richmond upon Thames,20703,0.40156025
Richmond upon Thames,20708,0.5177479
Richmond upon Thames,20785,0.56862074
Richmond upon Thames,20786,0.53667414
Richmond upon Thames,2532,0.49734184
Richmond upon Thames,25606,0.537517
Richmond upon Thames,25613,0.4956661
Richmond upon Thames,25614,0.49489847
Richmond upon Thames,25808,0.43798256
Richmond upon Thames,25809,0.4979025
Richmond upon Thames,25810,0.49457067
Richmond upon Thames,25812,0.5372802
Richmond upon Thames,25813,0.5440564
Richmond upon Thames,25814,0.5113512
Richmond upon Thames,25815,0.5054178
Richmond upon Thames,25816,0.47788382
Richmond upon Thames,25823,0.5474018
Richmond upon Thames,25824,0.49146456
Richmond upon Thames,25825,0.4793709
Richmond upon Thames,25898,0.5864386
Richmond upon Thames,25953,0.49045885
Richmond upon Thames,25954,0.49529585
Richmond upon Thames,25974,0.57739246
Richmond upon Thames,26226,0.43607417
Richmond upon Thames,26244,0.37944907
Richmond upon Thames,27345,0.55360764
Richmond upon Thames,27349,0.5440675
Richmond upon Thames,27350,0.51777583
Richmond upon Thames,27351,0.5121827
Richmond upon Thames,27353,0.513778
Richmond upon Thames,27355,0.5011398
Richmond upon Thames,27356,0.5033497
Richmond upon Thames,27363,0.55274427
Richmond upon Thames,27364,0.55193317
Richmond upon Thames,27365,0.51745427
Richmond upon Thames,27367,0.5610197
Richmond upon Thames,27368,0.5457135
Richmond upon Thames,27369,0.55135196
Richmond upon Thames,27370,0.5055944
Richmond upon Thames,27526,0.6185283
Richmond upon Thames,27534,0.53556955
Richmond upon Thames,27537,0.47523487
Richmond upon Thames,27567,0.4992659
Richmond upon Thames,27571,0.4709062
Richmond upon Thames,27572,0.4658311
Richmond upon Thames,27812,0.5180654
Richmond upon Thames,27813,0.49384713
Richmond upon Thames,2841,0.5562252
Richmond upon Thames,28511,0.5433697
Richmond upon Thames,29402,0.51779455
Richmond upon Thames,29403,0.5138295
Richmond upon Thames,29982,0.5299373
Richmond upon Thames,29987,0.57252204
Richmond upon Thames,33190,0.5693061
Richmond upon Thames,33191,0.5435803
Richmond upon Thames,33192,0.53471273
Richmond upon Thames,33193,0.5500803
Richmond upon Thames,33195,0.52763623
Richmond upon Thames,33198,0.49238423
Richmond upon Thames,33199,0.58044356
Richmond upon Thames,33201,0.55551445
Richmond upon Thames,33202,0.5882268
Richmond upon Thames,33203,0.60801077
Richmond upon Thames,33727,0.4374282
Richmond upon Thames,33728,0.4495837
Richmond upon Thames,33729,0.46773654
Richmond upon Thames,33730,0.47065732
Richmond upon Thames,33731,0.469839
Richmond upon Thames,33733,0.44848073
Richmond upon Thames,33734,0.4418246
Richmond upon Thames,33735,0.44680032
Richmond upon Thames,33736,0.4857308
Richmond upon Thames,33737,0.4807723
Richmond upon Thames,33738,0.4800544
Richmond upon Thames,33917,0.47865686
Richmond upon Thames,34063,0.5540506
Richmond upon Thames,34064,0.5450823
Richmond upon Thames,34065,0.50833356
Richmond upon Thames,34066,0.5064267
Richmond upon Thames,34832,0.5633701
Richmond upon Thames,34930,0.3844691
Richmond upon Thames,34958,0.5434102
Richmond upon Thames,3565,0.5145767
Richmond upon Thames,35719,0.5614867
Richmond upon Thames,35829,0.49096945
Richmond upon Thames,35830,0.48537433
Richmond upon Thames,35831,0.5298121
Richmond upon Thames,35832,0.50041294
Richmond upon Thames,35833,0.49882817
Richmond upon Thames,35834,0.6199083
Richmond upon Thames,35835,0.50655514
Richmond upon Thames,35877,0.39733207
Richmond upon Thames,35878,0.3978171
Richmond upon Thames,35879,0.46272212
Richmond upon Thames,35880,0.48508927
Richmond upon Thames,35881,0.5079052
Richmond upon Thames,35882,0.50381684
Richmond upon Thames,35885,0.4798189
Richmond upon Thames,35886,0.5317837
Richmond upon Thames,35887,0.54792887
Richmond upon Thames,35906,0.5302534
Richmond upon Thames,3597,0.4643294
Richmond upon Thames,35978,0.4818467
Richmond upon Thames,3599,0.5185041
Richmond upon Thames,36561,0.49976742
Richmond upon Thames,36562,0.5310555
Richmond upon Thames,36563,0.5780165
Richmond upon Thames,36577,0.456206
Richmond upon Thames,36618,0.53507596
Richmond upon Thames,36619,0.4814193
Richmond upon Thames,36620,0.44162032
Richmond upon Thames,36621,0.50147414
Richmond upon Thames,36622,0.49533564
Richmond upon Thames,36623,0.51944995
Richmond upon Thames,36782,0.5415423
Richmond upon Thames,36790,0.3678897
Richmond upon Thames,37222,0.54183924
Richmond upon Thames,40001,0.36568993
Richmond upon Thames,4500,0.4665621
Richmond upon Thames,4501,0.48513338
Richmond upon Thames,4503,0.49810186
Richmond upon Thames,4505,0.6232148
Richmond upon Thames,4506,0.4811577
Richmond upon Thames,4601,0.5332237
Richmond upon Thames,4602,0.52658
Richmond upon Thames,4603,0.6332998
Richmond upon Thames,4606,0.603773
Richmond upon Thames,4607,0.5919468
Richmond upon Thames,4608,0.5672747
Richmond upon Thames,4609,0.58683425
Richmond upon Thames,573,0.5122331
Richmond upon Thames,578,0.5230175
Richmond upon Thames,6382,0.519384
Richmond upon Thames,6387,0.546785
Richmond upon Thames,6388,0.5455711
Richmond upon Thames,6390,0.5938094
Richmond upon Thames,6393,0.46894655
Richmond upon Thames,6398,0.5712266
Richmond upon Thames,6422,0.5619946
Richmond upon Thames,6424,0.5452337
Richmond upon Thames,6428,0.59441954
Richmond upon Thames,6433,0.5660528
Richmond upon Thames,6435,0.56766796
Richmond upon Thames,6437,0.5078435
Richmond upon Thames,6439,0.5334782
Richmond upon Thames,6440,0.5585576
Richmond upon Thames,6441,0.45109782
Richmond upon Thames,6449,0.53418446
Richmond upon Thames,6451,0.4508046
Richmond upon Thames,648,0.6370455
Richmond upon Thames,6917,0.49159706
Richmond upon Thames,6919,0.52492505
Richmond upon Thames,91212,0.529287
Richmond upon Thames,91213,0.5254892
Richmond upon Thames,9283,0.45678097
Richmond upon Thames,9347,0.6295057
Richmond upon Thames,9351,0.40638807
Richmond upon Thames,9352,0.35565695
Richmond upon Thames,9383,0.49746436
Richmond upon Thames,9390,0.53178835
Richmond upon Thames,9391,0.54237515
Richmond upon Thames,9798,0.48706222
Richmond upon Thames,986,0.6604789
Richmond upon Thames,987,0.6467273
Richmond upon Thames,BP115,0.43511978
Richmond upon Thames,BP116,0.46618545
Richmond upon Thames,BP117,0.46748933
Richmond upon Thames,BP118,0.48213494
Richmond upon Thames,BP124,0.46494395
Richmond upon Thames,BP125,0.48253196
Richmond upon Thames,BP141,0.45329005
Richmond upon Thames,BP1593,0.5068159
Richmond upon Thames,BP1594,0.50003046
Richmond upon Thames,BP1595,0.47660357
Richmond upon Thames,BP1608,0.48728555
Richmond upon Thames,BP1642,0.3560948
Richmond upon Thames,BP1643,0.33700868
Richmond upon Thames,BP1644,0.34906358
Richmond upon Thames,BP202,0.44041744
Richmond upon Thames,BP2297,0.42206374
Richmond upon Thames,BP2298,0.45086604
Richmond upon Thames,BP2383,0.5304745
Richmond upon Thames,BP2384,0.554949
Richmond upon Thames,BP2385,0.5282222
Richmond upon Thames,BP2386,0.48169872
Richmond upon Thames,BP2387,0.46687892
Richmond upon Thames,BP2611,0.38743114
Richmond upon Thames,BP2612,0.44356963
Richmond upon Thames,BP2634,0.48364726
Richmond upon Thames,BP282,0.43627274
Richmond upon Thames,BP3087,0.48388225
Richmond upon Thames,BP3807,0.5490027
Richmond upon Thames,BP3808,0.5304579
Richmond upon Thames,BP3809,0.44321018
Richmond upon Thames,BP3810,0.44495177
Richmond upon Thames,BP3811,0.5315202
Richmond upon Thames,BP3821,0.51781404
Richmond upon Thames,BP3822,0.5616956
Richmond upon Thames,BP3823,0.5659948
Richmond upon Thames,BP3824,0.52452755
Richmond upon Thames,BP3825,0.52257484
Richmond upon Thames,BP3826,0.46186233
Richmond upon Thames,BP3827,0.48787463
Richmond upon Thames,BP3895,0.50885063
Richmond upon Thames,BP396,0.5853345
Richmond upon Thames,BP4311,0.5102973
Richmond upon Thames,BP4675,0.48199007
Richmond upon Thames,BP480,0.4823146
Richmond upon Thames,BP481,0.52993953
Richmond upon Thames,BP4923,0.48813546
Richmond upon Thames,BP4924,0.49566156
Richmond upon Thames,BP5023,0.35727715
Richmond upon Thames,BP5096,0.5024416
Richmond upon Thames,BP5097,0.48446962
Richmond upon Thames,BP5269,0.40689936
Richmond upon Thames,BP5280,0.49697325
Richmond upon Thames,BP5281,0.49114734
Richmond upon Thames,BP5356,0.47809657
Richmond upon Thames,BP5357,0.44864863
Richmond upon Thames,BP5358,0.4624261
Richmond upon Thames,BP5359,0.44230518
Richmond upon Thames,BP5360,0.43091232
Richmond upon Thames,BP5361,0.42609295
Richmond upon Thames,BP5362,0.5781916
Richmond upon Thames,BP5450,0.30864224
Richmond upon Thames,BP5451,0.35362384
Richmond upon Thames,BP5452,0.33830157
Richmond upon Thames,BP5453,0.38106373
Richmond upon Thames,BP5454,0.2853813
Richmond upon Thames,BP5811,0.569804
Richmond upon Thames,BP5812,0.50360876
Richmond upon Thames,BP5813,0.4946238
Richmond upon Thames,BP5814,0.55417925
Richmond upon Thames,BP5962,0.38558653
Richmond upon Thames,BP5963,0.45162794
Richmond upon Thames,BP6106,0.52288747
Richmond upon Thames,BP6498,0.4050736
Richmond upon Thames,BP6499,0.449161
Richmond upon Thames,BP6500,0.41796136
Richmond upon Thames,BP6502,0.46307975
Richmond upon Thames,BP6503,0.41765943
Richmond upon Thames,BP6505,0.5052208
Richmond upon Thames,BP849,0.44240004
Richmond upon Thames,FW10,0.45841584
Richmond upon Thames,FW15,0.3380238
Richmond upon Thames,FW16,0.33120465
Richmond upon Thames,FW17,0.2952195
Richmond upon Thames,FW18,0.3094221
Richmond upon Thames,FW19,0.33810362
Richmond upon Thames,FW21,0.5758881
Richmond upon Thames,FW25,0.40025806
Richmond upon Thames,FW26,0.41040236
Richmond upon Thames,FW28,0.49600902
Richmond upon Thames,FW29,0.33284393
Richmond upon Thames,FW31,0.6169348
Richmond upon Thames,FW35,0.54600036
Richmond upon Thames,FW36,0.5429926
Richmond upon Thames,FW37,0.49123016
Richmond upon Thames,FW38,0.4768061
Richmond upon Thames,FW44,0.5481861
Richmond upon Thames,FW45,0.5718269
Richmond upon Thames,FW46,0.61162704
Richmond upon Thames,FW49,0.53973466
Richmond upon Thames,FW5,0.47240633
Richmond upon Thames,FW54,0.5216039
Richmond upon Thames,HC96,0.50260913
Richmond upon Thames,HC97,0.4822487
Richmond upon Thames,OC515,0.53114873
Richmond upon Thames,OC516,0.47581154
Richmond upon Thames,OC517,0.53326386
Richmond upon Thames,OC518,0.5223789
Richmond upon Thames,R0113,0.5114169
Richmond upon Thames,R0124,0.5609118
Richmond upon Thames,R0125,0.5605078
Richmond upon Thames,R0142,0.57734865
Richmond upon Thames,R0152,0.44897243
Richmond upon Thames,R0153,0.45157364
Richmond upon Thames,R0168,0.44836807
Richmond upon Thames,R0242,0.4869132
Richmond upon Thames,R0244,0.5025139
Richmond upon Thames,R0245,0.5097604
Richmond upon Thames,R0247,0.6523809
Richmond upon Thames,R0248,0.62843126
Richmond upon Thames,R0272,0.5941102
Richmond upon Thames,R0273,0.58783454
Richmond upon Thames,R0274,0.36533564
Richmond upon Thames,R0276,0.41881892
Richmond upon Thames,R0284,0.5239502
Richmond upon Thames,R0285,0.5188864
Richmond upon Thames,R0290,0.5367775
Richmond upon Thames,R0293,0.61614513
Richmond upon Thames,R0347,0.4940877
Richmond upon Thames,R0651,0.5799524
Richmond upon Thames,R0653,0.5731615
Richmond upon Thames,R0886,0.4571388
Richmond upon Thames,R0894,0.50552607
Richmond upon Thames,R0897,0.4723211
Southwark,106,0.54926634
Southwark,1109,0.504864
Southwark,1129,0.64563763
Southwark,1171,0.6272342
Southwark,1204,0.78263956
Southwark,1206,0.65560263
Southwark,1208,0.65661466
Southwark,1209,0.6440077
Southwark,1211,0.58383864
Southwark,1212,0.5862573
Southwark,1213,0.6130208
Southwark,13275,0.56951445
Southwark,13278,0.56938815
Southwark,13280,0.36695638
Southwark,13283,0.33246428
Southwark,13284,0.3307524
Southwark,13297,0.5963752
Southwark,13364,0.440167
Southwark,13365,0.45188186
Southwark,13368,0.45263118
Southwark,13370,0.45501676
Southwark,13372,0.41935968
Southwark,13373,0.40202305
Southwark,13377,0.41184565
Southwark,13378,0.40559122
Southwark,13380,0.53186494
Southwark,13384,0.5022526
Southwark,13387,0.49980304
Southwark,13388,0.46571678
Southwark,13389,0.40327412
Southwark,13390,0.4171251
Southwark,13393,0.5034743
Southwark,13397,0.5298357
Southwark,13398,0.5339129
Southwark,13399,0.5269278
Southwark,13400,0.56072426
Southwark,13401,0.5555176
Southwark,13402,0.53330564
Southwark,13403,0.531954
Southwark,13405,0.49683276
Southwark,13406,0.51689285
Southwark,13410,0.52269715
Southwark,13411,0.48730424
Southwark,13622,0.49245775
Southwark,13623,0.5339288
Southwark,13626,0.6340371
Southwark,13627,0.6221872
Southwark,13638,0.68619585
Southwark,13649,0.66020703
Southwark,13650,0.55664915
Southwark,13660,0.5906214
Southwark,13661,0.5783695
Southwark,13663,0.5876069
Southwark,13665,0.5893506
Southwark,13666,0.56684697
Southwark,13668,0.68220705
Southwark,13723,0.45815554
Southwark,13726,0.4680367
Southwark,13730,0.42191684
Southwark,13731,0.3991218
Southwark,13732,0.41527385
Southwark,13734,0.39165473
Southwark,13736,0.4166212
Southwark,13739,0.38428226
Southwark,13740,0.39051917
Southwark,13741,0.36060706
Southwark,13742,0.37328592
Southwark,13743,0.3481401
Southwark,13749,0.4571281
Southwark,13750,0.41665316
Southwark,13752,0.42009893
Southwark,13753,0.35576797
Southwark,13759,0.4380046
Southwark,13760,0.4410889
Southwark,13761,0.395449
Southwark,13762,0.39632976
Southwark,13766,0.57241404
Southwark,13767,0.5772502
Southwark,13768,0.58148754
Southwark,13769,0.5746661
Southwark,13770,0.6064626
Southwark,13771,0.60085267
Southwark,13772,0.6347237
Southwark,13773,0.63013655
Southwark,13774,0.589322
Southwark,13777,0.6032192
Southwark,13778,0.60750544
Southwark,13780,0.5599098
Southwark,13781,0.57773817
Southwark,13782,0.54552776
Southwark,13784,0.42935142
Southwark,13785,0.41852963
Southwark,13786,0.4308458
Southwark,13787,0.42291898
Southwark,13788,0.46913874
Southwark,13789,0.41948736
Southwark,13794,0.3853604
Southwark,13795,0.42942166
Southwark,13796,0.39610705
Southwark,13798,0.40051442
Southwark,13799,0.41052252
Southwark,13802,0.36835924
Southwark,13803,0.35725456
Southwark,13804,0.36040547
Southwark,13805,0.37310708
Southwark,1430,0.4893387
Southwark,1431,0.48616096
Southwark,1434,0.37403044
Southwark,1492,0.47116688
Southwark,1493,0.45157194
Southwark,1494,0.43907994
Southwark,1518,0.66144025
Southwark,1520,0.68074656
Southwark,1600,0.6883731
Southwark,17141,0.45180216
Southwark,1726,0.53049076
Southwark,1727,0.5360439
Southwark,17839,0.4681004
Southwark,1957,0.6883765
Southwark,1960,0.5925312
Southwark,19601,0.625966
Southwark,1961,0.60684156
Southwark,1962,0.6098992
Southwark,1963,0.6514285
Southwark,1965,0.6286504
Southwark,1967,0.67013204
Southwark,1970,0.701838
Southwark,2016,0.36641833
Southwark,2017,0.43168098
Southwark,20469,0.43691403
Southwark,20471,0.48786283
Southwark,2135,0.7815107
Southwark,2140,0.7566494
Southwark,2141,0.7705065
Southwark,2216,0.76401776
Southwark,2247,0.7086286
Southwark,226,0.67789996
Southwark,227,0.6730665
Southwark,23105,0.6624296
Southwark,25103,0.77471924
Southwark,25105,0.69858456
Southwark,25106,0.7033142
Southwark,253,0.6622159
Southwark,2550,0.7155379
Southwark,2551,0.7633039
Southwark,2552,0.67549205
Southwark,2553,0.673863
Southwark,2554,0.703144
Southwark,25557,0.718832
Southwark,2558,0.60780853
Southwark,256,0.67678714
Southwark,2569,0.781015
Southwark,2581,0.663905
Southwark,2584,0.70501196
Southwark,2585,0.6833009
Southwark,2586,0.7023729
Southwark,2587,0.7119829
Southwark,2588,0.7049121
Southwark,2589,0.72940594
Southwark,2590,0.7342967
Southwark,25923,0.7711904
Southwark,25924,0.7630794
Southwark,25926,0.7448139
Southwark,25927,0.7389176
Southwark,25928,0.784905
Southwark,25929,0.78706974
Southwark,25932,0.7249126
Southwark,25938,0.68333125
Southwark,25940,0.66749847
Southwark,25941,0.66632944
Southwark,2596,0.75566643
Southwark,2597,0.766332
Southwark,25994,0.6783151
Southwark,26034,0.4999463
Southwark,26035,0.48704082
Southwark,26036,0.48236972
Southwark,26037,0.47285444
Southwark,26038,0.47110918
Southwark,26039,0.4650256
Southwark,26040,0.46599692
Southwark,26041,0.5166017
Southwark,26042,0.43847045
Southwark,26043,0.52500737
Southwark,26045,0.52601975
Southwark,26046,0.534141
Southwark,26047,0.53494203
Southwark,26049,0.5418885
Southwark,26050,0.5334258
Southwark,26051,0.52985334
Southwark,26052,0.53143543
Southwark,26053,0.5804451
Southwark,26054,0.5299978
Southwark,26055,0.5898616
Southwark,26056,0.58525723
Southwark,26058,0.6149488
Southwark,26059,0.6824254
Southwark,26060,0.6688961
Southwark,26062,0.7571966
Southwark,26065,0.7599266
Southwark,26068,0.6750017
Southwark,26070,0.39495656
Southwark,2608,0.75569123
Southwark,26089,0.4960984
Southwark,2609,0.6833657
Southwark,26090,0.49873477
Southwark,26091,0.45060283
Southwark,26092,0.4034685
Southwark,26093,0.44893947
Southwark,26094,0.38568076
Southwark,26095,0.42996144
Southwark,2612,0.71458286
Southwark,2613,0.6883515
Southwark,2614,0.6931639
Southwark,2615,0.72331357
Southwark,2616,0.6743982
Southwark,2618,0.40584475
Southwark,2619,0.43427947
Southwark,26204,0.5977273
Southwark,26205,0.5852699
Southwark,26206,0.64015216
Southwark,26207,0.5915815
Southwark,26208,0.5868899
Southwark,26212,0.7734415
Southwark,26304,0.5661304
Southwark,26324,0.60906637
Southwark,26348,0.58461857
Southwark,26351,0.73000556
Southwark,26352,0.7569129
Southwark,26353,0.7795369
Southwark,26404,0.5883086
Southwark,26418,0.68394595
Southwark,26476,0.7270882
Southwark,26477,0.72206455
Southwark,26718,0.6096947
Southwark,26726,0.6226909
Southwark,26727,0.6216655
Southwark,26728,0.6201323
Southwark,26733,0.6392593
Southwark,26734,0.6519734
Southwark,26736,0.68042797
Southwark,26739,0.66587555
Southwark,26741,0.6920766
Southwark,26743,0.7364417
Southwark,26746,0.70408297
Southwark,26755,0.6858752
Southwark,26756,0.69370705
Southwark,27516,0.6542218
Southwark,27710,0.48641634
Southwark,27711,0.35390967
Southwark,27715,0.35836193
Southwark,27717,0.40137026
Southwark,27718,0.38251328
Southwark,27719,0.31566367
Southwark,27721,0.31803274
Southwark,27723,0.3543204
Southwark,27725,0.3391817
Southwark,27727,0.34351662
Southwark,27729,0.3694411
Southwark,27731,0.44785663
Southwark,280,0.6369004
Southwark,2840,0.67029685
Southwark,29386,0.43702722
Southwark,29429,0.5880645
Southwark,29808,0.76287854
Southwark,33109,0.7541129
Southwark,33137,0.7750488
Southwark,33138,0.76546955
Southwark,33439,0.6063171
Southwark,33440,0.6222469
Southwark,33441,0.61227596
Southwark,33442,0.60231984
Southwark,33452,0.7500318
Southwark,33453,0.7146621
Southwark,33469,0.6338637
Southwark,33606,0.60509175
Southwark,33607,0.55546385
Southwark,33610,0.56504697
Southwark,33611,0.5424054
Southwark,33617,0.75460505
Southwark,33618,0.7467002
Southwark,33619,0.75318646
Southwark,33623,0.76348066
Southwark,33624,0.7798664
Southwark,33625,0.76483804
Southwark,33626,0.7455872
Southwark,33841,0.7073653
Southwark,33905,0.7135447
Southwark,34010,0.62911606
Southwark,34022,0.44015446
Southwark,34158,0.70724744
Southwark,34232,0.6451422
Southwark,34288,0.7318235
Southwark,34289,0.6947459
Southwark,34290,0.6575045
Southwark,34291,0.6743133
Southwark,34347,0.71270114
Southwark,34372,0.7539206
Southwark,34459,0.64800817
Southwark,34460,0.6506295
Southwark,34623,0.46504158
Southwark,34784,0.409582
Southwark,35298,0.76600254
Southwark,35552,0.50920373
Southwark,35553,0.5173529
Southwark,35900,0.7371059
Southwark,36686,0.6427829
Southwark,36732,0.737304
Southwark,36751,0.65244967
Southwark,36752,0.6364461
Southwark,36753,0.6651827
Southwark,36767,0.6225059
Southwark,36768,0.5714529
Southwark,36769,0.5589633
Southwark,36770,0.52799314
Southwark,36771,0.528081
Southwark,36772,0.57594675
Southwark,36773,0.57284445
Southwark,36774,0.6416564
Southwark,36775,0.6415836
Southwark,36887,0.6200064
Southwark,36961,0.51180446
Southwark,36962,0.54345065
Southwark,36963,0.5073768
Southwark,36964,0.49384922
Southwark,36967,0.6450515
Southwark,36968,0.6720725
Southwark,36969,0.5400814
Southwark,36970,0.64240843
Southwark,36971,0.6774946
Southwark,36973,0.51741153
Southwark,36977,0.47938448
Southwark,36978,0.6659609
Southwark,37168,0.6095986
Southwark,37306,0.527924
Southwark,37419,0.6098134
Southwark,37637,0.6742766
Southwark,37666,0.66899586
Southwark,394,0.6014495
Southwark,395,0.5873879
Southwark,40046,0.62402636
Southwark,40057,0.5964705
Southwark,40069,0.7578494
Southwark,40070,0.74104375
Southwark,40071,0.7528332
Southwark,40072,0.62668043
Southwark,40073,0.6282636
Southwark,40078,0.53256434
Southwark,445,0.63228995
Southwark,446,0.6275862
Southwark,448,0.60723025
Southwark,4610,0.67634326
Southwark,47001,0.69266
Southwark,541,0.5775664
Southwark,542,0.5910215
Southwark,603,0.8038992
Southwark,605,0.7970116
Southwark,622,0.7680791
Southwark,644,0.7157685
Southwark,646,0.5402696
Southwark,651,0.64028966
Southwark,656,0.66791445
Southwark,657,0.68561894
Southwark,658,0.6862065
Southwark,718,0.5625039
Southwark,719,0.5457087
Southwark,720,0.5434515
Southwark,8301,0.75168705
Southwark,8315,0.7514298
Southwark,8316,0.74123716
Southwark,8317,0.7288566
Southwark,86,0.59728706
Southwark,88,0.6374759
Southwark,89,0.63909703
Southwark,91531,0.76711595
Southwark,918,0.67053854
Southwark,940,0.4621152
Southwark,9472,0.41033316
Southwark,9473,0.4586172
Southwark,9474,0.6128067
Southwark,9475,0.6280074
Southwark,978,0.74873096
Southwark,BP074,0.52460885
Southwark,BP1038,0.5619263
Southwark,BP1039,0.5329274
Southwark,BP1041,0.5480871
Southwark,BP1043,0.49353555
Southwark,BP1044,0.58089125
Southwark,BP1046,0.40524253
Southwark,BP1047,0.39590046
Southwark,BP1048,0.39578378
Southwark,BP1049,0.4355899
Southwark,BP1052,0.3654315
Southwark,BP1057,0.3456448
Southwark,BP1058,0.31975698
Southwark,BP1061,0.44369963
Southwark,BP1064,0.43143624
Southwark,BP1072,0.5729821
Southwark,BP127,0.60510594
Southwark,BP1270,0.5881758
Southwark,BP1271,0.58323395
Southwark,BP1272,0.5424249
Southwark,BP1273,0.5334117
Southwark,BP1274,0.53893256
Southwark,BP1275,0.5486859
Southwark,BP1276,0.5541953
Southwark,BP1277,0.5759444
Southwark,BP1278,0.5246023
Southwark,BP128,0.63143647
Southwark,BP1344,0.6155434
Southwark,BP1371,0.73114014
Southwark,BP1571,0.61094445
Southwark,BP1572,0.61620885
Southwark,BP1573,0.6172589
Southwark,BP1580,0.64307755
Southwark,BP1714,0.39404953
Southwark,BP1826,0.5515261
Southwark,BP1827,0.46567667
Southwark,BP1964,0.51762605
Southwark,BP1965,0.5009799
Southwark,BP1966,0.5155313
Southwark,BP1974,0.5118062
Southwark,BP1975,0.5079244
Southwark,BP1976,0.4898305
Southwark,BP2085,0.5603188
Southwark,BP2390,0.778041
Southwark,BP2391,0.76371044
Southwark,BP2393,0.77550834
Southwark,BP2413,0.6808517
Southwark,BP2415,0.6734663
Southwark,BP2416,0.76763904
Southwark,BP2417,0.4603509
Southwark,BP2446,0.2904435
Southwark,BP2763,0.6594344
Southwark,BP2765,0.6741848
Southwark,BP2766,0.6761808
Southwark,BP2767,0.72231185
Southwark,BP2768,0.6984146
Southwark,BP2769,0.71994853
Southwark,BP2770,0.71935374
Southwark,BP2771,0.71995574
Southwark,BP2772,0.71917474
Southwark,BP2773,0.69683534
Southwark,BP2774,0.73308104
Southwark,BP2775,0.6844739
Southwark,BP2780,0.65598303
Southwark,BP2786,0.35296983
Southwark,BP2790,0.6431027
Southwark,BP2949,0.60109603
Southwark,BP2950,0.69915605
Southwark,BP2951,0.6843068
Southwark,BP2952,0.6698348
Southwark,BP2953,0.6719701
Southwark,BP2954,0.57327175
Southwark,BP2955,0.56575584
Southwark,BP2956,0.5773714
Southwark,BP2957,0.5691601
Southwark,BP3055,0.46943057
Southwark,BP3056,0.39747062
Southwark,BP3057,0.43075526
Southwark,BP3058,0.46014637
Southwark,BP3059,0.4528814
Southwark,BP3062,0.360537
Southwark,BP3063,0.34147257
Southwark,BP3064,0.4011306
Southwark,BP3065,0.39406914
Southwark,BP3066,0.45798215
Southwark,BP3067,0.34477907
Southwark,BP3068,0.370975
Southwark,BP3069,0.3730675
Southwark,BP3070,0.43887088
Southwark,BP3071,0.44848007
Southwark,BP3163,0.35368273
Southwark,BP3164,0.34000292
Southwark,BP3165,0.3751208
Southwark,BP3196,0.62005657
Southwark,BP3199,0.46164536
Southwark,BP3200,0.45675838
Southwark,BP3206,0.5958767
Southwark,BP3219,0.4541058
Southwark,BP3220,0.48828402
Southwark,BP3226,0.50564337
Southwark,BP3227,0.55645883
Southwark,BP3307,0.7631613
Southwark,BP3308,0.698241
Southwark,BP3345,0.3312066
Southwark,BP3346,0.382433
Southwark,BP3347,0.45755976
Southwark,BP3349,0.3767331
Southwark,BP3350,0.34208578
Southwark,BP3387,0.6854664
Southwark,BP3589,0.7167801
Southwark,BP3590,0.6846151
Southwark,BP3681,0.45529172
Southwark,BP3682,0.48849022
Southwark,BP3718,0.7769261
Southwark,BP3719,0.748481
Southwark,BP3772,0.60847557
Southwark,BP3860,0.3175618
Southwark,BP3861,0.3310809
Southwark,BP3862,0.4628702
Southwark,BP3863,0.48933494
Southwark,BP3864,0.3241281
Southwark,BP3865,0.3365143
Southwark,BP3866,0.32461601
Southwark,BP3867,0.3164799
Southwark,BP3872,0.4566629
Southwark,BP3873,0.45711362
Southwark,BP3874,0.4555465
Southwark,BP3875,0.432942
Southwark,BP4228,0.65988123
Southwark,BP4336,0.7744615
Southwark,BP4398,0.5334848
Southwark,BP4481,0.77813095
Southwark,BP4630,0.6725466
Southwark,BP4677,0.67977774
Southwark,BP4678,0.6292372
Southwark,BP4679,0.6102359
Southwark,BP4680,0.7162005
Southwark,BP4681,0.7470289
Southwark,BP4682,0.74852574
Southwark,BP4683,0.73036706
Southwark,BP4684,0.67785406
Southwark,BP4685,0.6297847
Southwark,BP4686,0.6739794
Southwark,BP4688,0.4850945
Southwark,BP4689,0.48067063
Southwark,BP4840,0.4976811
Southwark,BP4841,0.49906
Southwark,BP4842,0.3832126
Southwark,BP4851,0.3903723
Southwark,BP4932,0.6140033
Southwark,BP4933,0.6113681
Southwark,BP4962,0.74399936
Southwark,BP5426,0.48781982
Southwark,BP5448,0.5612826
Southwark,BP5516,0.6941764
Southwark,BP5680,0.7137568
Southwark,BP5681,0.7340277
Southwark,BP574,0.53139716
Southwark,BP599,0.6688362
Southwark,BP601,0.49785703
Southwark,BP6272,0.7111082
Southwark,BP6273,0.7160708
Southwark,BP851,0.7702422
Southwark,BP963,0.56948483
Southwark,R0079,0.3864554
Southwark,R0080,0.3884397
Southwark,R0081,0.3954601
Southwark,R0430,0.75354934
Southwark,R0442,0.3637657
Southwark,R0515,0.40523812
Southwark,R0542,0.48589247
Southwark,R0741,0.7705639
Southwark,R0883,0.52023077
Southwark,R0884,0.523351
Southwark,1130,0.6192921
Southwark,13647,0.61869544
Southwark,13648,0.61819315
Southwark,25554,0.7079689
Southwark,25555,0.71365225
Southwark,25556,0.70762813
Southwark,2573,0.76347023
Southwark,2574,0.7631953
Southwark,25936,0.674516
Southwark,25939,0.696348
Southwark,26747,0.7127178
Southwark,27400,0.7434088
Southwark,33510,0.6578508
Southwark,33616,0.74385387
Southwark,33627,0.74336004
Southwark,33850,0.7650444
Southwark,33906,0.6964522
Southwark,36966,0.6301179
Southwark,36975,0.5908607
Southwark,654,0.6883876
Southwark,655,0.68091357
Southwark,8441,0.5981536
Southwark,8442,0.60270965
Southwark,8443,0.5959874
Southwark,BP3963,0.680371
Southwark,BP3964,0.67208517
Southwark,BP4910,0.64367235
Southwark,BP6317,0.73341227
Sutton,10839,0.40609828
Sutton,10840,0.45912346
Sutton,11356,0.5795105
Sutton,11357,0.4776435
Sutton,14160,0.39565718
Sutton,14162,0.4817254
Sutton,14163,0.47857007
Sutton,14164,0.48945826
Sutton,14165,0.607172
Sutton,14166,0.5161534
Sutton,14167,0.5264799
Sutton,14172,0.46839523
Sutton,14173,0.4694581
Sutton,14174,0.4003761
Sutton,14175,0.44430715
Sutton,14176,0.5187339
Sutton,14177,0.47552937
Sutton,14178,0.54494077
Sutton,14179,0.5488106
Sutton,14181,0.533441
Sutton,14185,0.56513226
Sutton,14186,0.65457165
Sutton,14187,0.6368087
Sutton,14188,0.5401206
Sutton,14189,0.46558264
Sutton,14193,0.4845351
Sutton,14194,0.4877379
Sutton,14291,0.506483
Sutton,14875,0.5255771
Sutton,14912,0.5162591
Sutton,14913,0.6095496
Sutton,14914,0.5538702
Sutton,14915,0.57181215
Sutton,14918,0.55838376
Sutton,14964,0.43863553
Sutton,1572,0.52697414
Sutton,16613,0.49923548
Sutton,16614,0.5007742
Sutton,16615,0.53418225
Sutton,16616,0.5327615
Sutton,16617,0.53178334
Sutton,16618,0.5381915
Sutton,16619,0.52157974
Sutton,16620,0.4841384
Sutton,16621,0.48245183
Sutton,16622,0.48486125
Sutton,16623,0.5373396
Sutton,16624,0.51311123
Sutton,16698,0.4756822
Sutton,16700,0.50425416
Sutton,16701,0.50198114
Sutton,16702,0.56144315
Sutton,16703,0.5716084
Sutton,16704,0.5622394
Sutton,16705,0.56265074
Sutton,16706,0.47760862
Sutton,16707,0.51293856
Sutton,16708,0.5540596
Sutton,16709,0.41598305
Sutton,16710,0.4397988
Sutton,16711,0.4182566
Sutton,16712,0.43129745
Sutton,16713,0.4889036
Sutton,16714,0.48692197
Sutton,16715,0.51967454
Sutton,16716,0.5228541
Sutton,16717,0.57760453
Sutton,16718,0.5842709
Sutton,16719,0.6112213
Sutton,16720,0.5808229
Sutton,16721,0.56487185
Sutton,16722,0.5185819
Sutton,16724,0.48021638
Sutton,16867,0.48866472
Sutton,17352,0.52234703
Sutton,17353,0.52235705
Sutton,17354,0.4501068
Sutton,17355,0.44702756
Sutton,17356,0.4856325
Sutton,17357,0.47205153
Sutton,17358,0.47233245
Sutton,17359,0.46547878
Sutton,17360,0.4813235
Sutton,17361,0.4905731
Sutton,17363,0.54888445
Sutton,17365,0.5418186
Sutton,17625,0.4063815
Sutton,17626,0.41217148
Sutton,17725,0.5020575
Sutton,17726,0.4640371
Sutton,18537,0.3972301
Sutton,18540,0.4818075
Sutton,18541,0.42850274
Sutton,18542,0.42488524
Sutton,18543,0.40184665
Sutton,18544,0.41894385
Sutton,18545,0.38696426
Sutton,18546,0.3879908
Sutton,18547,0.42636082
Sutton,18548,0.3827473
Sutton,18555,0.49392077
Sutton,18557,0.48724622
Sutton,18559,0.45765144
Sutton,18560,0.43230602
Sutton,18561,0.4717487
Sutton,18562,0.4571579
Sutton,18563,0.46682343
Sutton,18565,0.51853216
Sutton,18569,0.49912387
Sutton,18570,0.5144947
Sutton,18571,0.52679724
Sutton,18572,0.5213729
Sutton,18573,0.49643907
Sutton,18574,0.5186177
Sutton,18575,0.43005276
Sutton,18593,0.48104766
Sutton,18595,0.5028744
Sutton,18596,0.5061362
Sutton,18597,0.46360838
Sutton,19111,0.48032263
Sutton,19112,0.4911715
Sutton,19113,0.5162562
Sutton,19114,0.49839276
Sutton,19115,0.47405222
Sutton,19116,0.52253765
Sutton,19117,0.50828576
Sutton,19118,0.5086033
Sutton,19119,0.4820336
Sutton,19120,0.48664683
Sutton,19123,0.48841074
Sutton,19124,0.48368016
Sutton,19125,0.5075594
Sutton,19126,0.4964924
Sutton,19127,0.5263624
Sutton,19128,0.5378539
Sutton,19129,0.53050196
Sutton,19132,0.5175148
Sutton,19133,0.5206586
Sutton,20186,0.46409285
Sutton,20187,0.52153295
Sutton,20188,0.5235677
Sutton,20189,0.52858114
Sutton,20190,0.5298028
Sutton,20191,0.5077412
Sutton,20192,0.4782466
Sutton,20193,0.45059654
Sutton,20194,0.41136396
Sutton,20195,0.47345108
Sutton,20196,0.4762382
Sutton,20199,0.3937904
Sutton,20607,0.42140535
Sutton,20608,0.43838727
Sutton,20649,0.5681762
Sutton,20650,0.5726664
Sutton,2232,0.45581254
Sutton,2239,0.4290696
Sutton,2240,0.43032825
Sutton,2242,0.4578824
Sutton,2243,0.46218613
Sutton,24743,0.5677793
Sutton,25076,0.5560978
Sutton,25077,0.56718385
Sutton,25578,0.42584965
Sutton,26855,0.46016413
Sutton,26959,0.49817008
Sutton,27555,0.48013964
Sutton,27575,0.4418307
Sutton,27610,0.48933652
Sutton,29355,0.4752942
Sutton,29356,0.48066545
Sutton,29357,0.49977472
Sutton,29358,0.4945713
Sutton,29464,0.48341915
Sutton,29767,0.48223096
Sutton,29768,0.44964203
Sutton,29769,0.41943666
Sutton,29979,0.5522085
Sutton,31982,0.47271866
Sutton,33550,0.47740677
Sutton,33809,0.56737226
Sutton,33895,0.53215045
Sutton,33928,0.5667971
Sutton,33929,0.57165045
Sutton,33930,0.5553755
Sutton,33931,0.5589225
Sutton,34023,0.44913772
Sutton,34195,0.581253
Sutton,34678,0.5087623
Sutton,34983,0.5828113
Sutton,35221,0.53614396
Sutton,35222,0.5377044
Sutton,35223,0.557911
Sutton,35224,0.5507648
Sutton,35225,0.5634983
Sutton,35381,0.5000125
Sutton,35382,0.44438964
Sutton,35383,0.4743387
Sutton,35384,0.54368687
Sutton,35556,0.47596732
Sutton,35557,0.4187157
Sutton,35573,0.55628276
Sutton,35714,0.47755885
Sutton,35897,0.4940458
Sutton,35924,0.58034515
Sutton,35955,0.5284713
Sutton,35996,0.48130882
Sutton,36004,0.5818945
Sutton,3613,0.4436204
Sutton,36653,0.5554733
Sutton,36654,0.53637654
Sutton,36783,0.42615694
Sutton,36895,0.47929782
Sutton,36896,0.46890482
Sutton,36897,0.42501235
Sutton,36898,0.44115964
Sutton,36899,0.42280036
Sutton,36902,0.43773356
Sutton,36916,0.42155725
Sutton,36917,0.42170918
Sutton,37329,0.4827992
Sutton,3733,0.5408472
Sutton,410,0.46808943
Sutton,4491,0.4468245
Sutton,4529,0.48416054
Sutton,4530,0.47213918
Sutton,4533,0.52955425
Sutton,585,0.5644033
Sutton,588,0.47305202
Sutton,589,0.45918584
Sutton,6463,0.43460634
Sutton,6465,0.50650406
Sutton,6467,0.5020801
Sutton,6468,0.48748824
Sutton,6471,0.50585777
Sutton,6479,0.57235515
Sutton,6480,0.47782207
Sutton,6481,0.44878986
Sutton,6482,0.48016486
Sutton,6483,0.51915634
Sutton,6484,0.48482025
Sutton,6485,0.48321596
Sutton,6486,0.4406474
Sutton,6489,0.5519892
Sutton,6497,0.47808656
Sutton,6500,0.47434026
Sutton,6501,0.46895066
Sutton,6503,0.5744461
Sutton,6504,0.51374036
Sutton,6505,0.50514084
Sutton,6506,0.5347601
Sutton,6522,0.4733624
Sutton,6523,0.47602975
Sutton,6524,0.47139457
Sutton,6526,0.50446427
Sutton,6528,0.5469069
Sutton,6529,0.5079673
Sutton,6531,0.5522652
Sutton,7591,0.5936281
Sutton,7592,0.6060006
Sutton,7594,0.5326393
Sutton,7602,0.5239013
Sutton,8353,0.47894213
Sutton,8354,0.45628607
Sutton,8784,0.5218542
Sutton,8787,0.5173489
Sutton,9268,0.631752
Sutton,BP067,0.62047654
Sutton,BP1036,0.4320539
Sutton,BP1368,0.49253687
Sutton,BP1370,0.4569399
Sutton,BP1372,0.4159013
Sutton,BP1373,0.48144227
Sutton,BP143,0.58568215
Sutton,BP1451,0.5042888
Sutton,BP1452,0.50768626
Sutton,BP1453,0.46630445
Sutton,BP1716,0.48629847
Sutton,BP1717,0.47987586
Sutton,BP204,0.5812704
Sutton,BP2073,0.5624107
Sutton,BP2117,0.50210977
Sutton,BP2118,0.49175346
Sutton,BP2119,0.50899214
Sutton,BP2120,0.50210255
Sutton,BP2500,0.58242834
Sutton,BP3452,0.45770147
Sutton,BP3541,0.50623864
Sutton,BP3547,0.4795122
Sutton,BP3548,0.5249647
Sutton,BP3549,0.4847256
Sutton,BP3677,0.48747703
Sutton,BP3794,0.52664995
Sutton,BP3795,0.5242809
Sutton,BP3910,0.51999295
Sutton,BP3929,0.425284
Sutton,BP4243,0.50490767
Sutton,BP4244,0.50255203
Sutton,BP4918,0.4461254
Sutton,BP4919,0.44153988
Sutton,BP4920,0.46572387
Sutton,BP5273,0.49339586
Sutton,BP5274,0.57923687
Sutton,BP5471,0.5531076
Sutton,BP5472,0.5503136
Sutton,BP5473,0.58045906
Sutton,BP5474,0.58087695
Sutton,BP5475,0.5716165
Sutton,BP5476,0.5805771
Sutton,BP5565,0.44484833
Sutton,BP5573,0.38004166
Sutton,BP5574,0.39013007
Sutton,BP5602,0.4351242
Sutton,BP5698,0.42235342
Sutton,BP5699,0.44677186
Sutton,BP5700,0.38819814
Sutton,BP5701,0.39063057
Sutton,BP5756,0.5460668
Sutton,BP5896,0.44036284
Sutton,BP5897,0.43943644
Sutton,BP5949,0.54461044
Sutton,BP6001,0.45357126
Sutton,BP6249,0.5875928
Sutton,BP625,0.3932835
Sutton,BP626,0.3886774
Sutton,BP6277,0.40766189
Sutton,BP6278,0.4152716
Sutton,BP731,0.4547209
Sutton,BP813,0.580491
Sutton,HC46,0.58991146
Sutton,HC48,0.5913548
Sutton,HC57,0.3970244
Sutton,HC59,0.47528085
Sutton,HC60,0.4608952
Sutton,HC61,0.46164414
Sutton,HC62,0.55658036
Sutton,HC63,0.4297772
Sutton,HC64,0.37736106
Sutton,HC65,0.49739638
Sutton,HC66,0.48227713
Sutton,HC67,0.42628804
Sutton,HC68,0.4885201
Sutton,HC710,0.61224264
Sutton,HC711,0.58309555
Sutton,HC712,0.4858919
Sutton,HC719,0.61818486
Sutton,HC720,0.5913027
Sutton,HC721,0.58606744
Sutton,HC722,0.5929938
Sutton,HC723,0.61004853
Sutton,LG01,0.53665125
Sutton,LG55,0.39606664
Sutton,LG59,0.48588106
Sutton,OC485,0.40963733
Sutton,OC486,0.40490347
Sutton,OC487,0.44571066
Sutton,OC488,0.44767597
Sutton,OC489,0.37695274
Sutton,OC490,0.38140285
Sutton,OC491,0.34066913
Sutton,OC492,0.4050558
Sutton,OC493,0.4761227
Sutton,OC494,0.4733346
Sutton,OC495,0.5479356
Sutton,OC496,0.5601265
Sutton,OC497,0.39799902
Sutton,OC498,0.52690995
Sutton,OC499,0.42649704
Sutton,OC630,0.3908216
Sutton,OC641,0.43196708
Sutton,OC642,0.48028612
Sutton,OC643,0.42227542
Sutton,OC645,0.4881624
Sutton,OC807,0.49839336
Sutton,OC907,0.37062562
Sutton,OC908,0.44478774
Sutton,OC909,0.44726208
Sutton,OC910,0.48236772
Sutton,OC911,0.4859852
Sutton,OC912,0.4782904
Sutton,OC913,0.47903138
Sutton,OC914,0.4942595
Sutton,OC915,0.4975262
Sutton,OC916,0.49432626
Sutton,OC917,0.49051058
Sutton,OC918,0.5187836
Sutton,OC919,0.4895314
Sutton,OC920,0.40928996
Sutton,OC921,0.3996566
Sutton,OC922,0.3660523
Sutton,OC923,0.35878453
Sutton,OC925,0.38046306
Sutton,OC926,0.39555016
Sutton,OC928,0.4010003
Sutton,OC929,0.43234062
Sutton,OC930,0.42587265
Sutton,OC931,0.3858775
Sutton,OC932,0.4244515
Sutton,OC933,0.42829728
Sutton,OC934,0.44626808
Sutton,OC935,0.4499637
Sutton,OC936,0.40771455
Sutton,OC937,0.44847494
Sutton,OC938,0.4526005
Sutton,OC939,0.46857303
Sutton,OC940,0.4579818
Sutton,OC941,0.46361524
Sutton,OC942,0.46324202
Sutton,OC943,0.43502343
Sutton,OC944,0.3873403
Sutton,R0090,0.48351973
Sutton,R0217,0.4736306
Sutton,R0219,0.4748021
Sutton,R0286,0.49887198
Sutton,R0673,0.4016978
Sutton,W20,0.50629956
Sutton,W26,0.41682956
Sutton,W3,0.43110135
Sutton,W43,0.5036081
Sutton,18539,0.40420192
Sutton,590,0.45094952
Sutton,7771,0.4629399
Tower Hamlets,1098,0.59305984
Tower Hamlets,1099,0.59483624
Tower Hamlets,13418,0.48841298
Tower Hamlets,13485,0.58527476
Tower Hamlets,13488,0.590058
Tower Hamlets,13489,0.5874342
Tower Hamlets,13490,0.5767786
Tower Hamlets,13492,0.57220495
Tower Hamlets,13493,0.5709986
Tower Hamlets,13494,0.56960315
Tower Hamlets,13495,0.55161667
Tower Hamlets,13517,0.5690772
Tower Hamlets,13614,0.49004614
Tower Hamlets,1422,0.44340336
Tower Hamlets,14227,0.48950374
Tower Hamlets,14234,0.49975926
Tower Hamlets,14477,0.57169914
Tower Hamlets,14478,0.5626176
Tower Hamlets,14479,0.5249226
Tower Hamlets,14481,0.516979
Tower Hamlets,14482,0.51425296
Tower Hamlets,14483,0.45787805
Tower Hamlets,14484,0.46404493
Tower Hamlets,14487,0.5186596
Tower Hamlets,14488,0.5197532
Tower Hamlets,14495,0.4934004
Tower Hamlets,14590,0.5098909
Tower Hamlets,15128,0.50547343
Tower Hamlets,15129,0.52993125
Tower Hamlets,15130,0.5619607
Tower Hamlets,15131,0.49976677
Tower Hamlets,15132,0.5012837
Tower Hamlets,15133,0.5158543
Tower Hamlets,15134,0.5133017
Tower Hamlets,15135,0.49727827
Tower Hamlets,15136,0.508238
Tower Hamlets,15137,0.50866497
Tower Hamlets,15138,0.5280297
Tower Hamlets,15139,0.5431758
Tower Hamlets,15140,0.5105563
Tower Hamlets,15141,0.54260087
Tower Hamlets,15142,0.49842995
Tower Hamlets,15143,0.51222026
Tower Hamlets,15150,0.523809
Tower Hamlets,15154,0.559477
Tower Hamlets,15156,0.52409315
Tower Hamlets,15157,0.5232028
Tower Hamlets,15158,0.51866764
Tower Hamlets,15159,0.52492493
Tower Hamlets,15161,0.5255227
Tower Hamlets,15162,0.5220655
Tower Hamlets,1615,0.49744847
Tower Hamlets,1616,0.5005891
Tower Hamlets,1617,0.4973783
Tower Hamlets,16347,0.5007768
Tower Hamlets,16348,0.49668816
Tower Hamlets,16349,0.51038146
Tower Hamlets,16353,0.49967405
Tower Hamlets,1687,0.49466756
Tower Hamlets,1688,0.4841455
Tower Hamlets,1689,0.45533735
Tower Hamlets,17283,0.5566394
Tower Hamlets,1735,0.4766397
Tower Hamlets,1736,0.4817832
Tower Hamlets,18018,0.5840747
Tower Hamlets,18020,0.55539906
Tower Hamlets,18022,0.5559657
Tower Hamlets,18023,0.5622127
Tower Hamlets,18024,0.5519079
Tower Hamlets,18060,0.4658884
Tower Hamlets,18061,0.5148015
Tower Hamlets,18062,0.5419439
Tower Hamlets,18063,0.5345913
Tower Hamlets,18067,0.596681
Tower Hamlets,18213,0.5272607
Tower Hamlets,1863,0.45767257
Tower Hamlets,1864,0.45122594
Tower Hamlets,1865,0.49022675
Tower Hamlets,1866,0.4998946
Tower Hamlets,1872,0.5216852
Tower Hamlets,1873,0.50921285
Tower Hamlets,19588,0.5831913
Tower Hamlets,20401,0.47533116
Tower Hamlets,2046,0.47927147
Tower Hamlets,2050,0.49032766
Tower Hamlets,2051,0.48826048
Tower Hamlets,20537,0.50706315
Tower Hamlets,2058,0.49586338
Tower Hamlets,2062,0.46892256
Tower Hamlets,2066,0.49488735
Tower Hamlets,20674,0.48346272
Tower Hamlets,20803,0.47899103
Tower Hamlets,2280,0.46410993
Tower Hamlets,2282,0.49176812
Tower Hamlets,2292,0.52699506
Tower Hamlets,2293,0.53451717
Tower Hamlets,25096,0.48639378
Tower Hamlets,27683,0.5678908
Tower Hamlets,27785,0.49854767
Tower Hamlets,2955,0.57038355
Tower Hamlets,29614,0.55792457
Tower Hamlets,29637,0.51032686
Tower Hamlets,29648,0.5212545
Tower Hamlets,29733,0.48375466
Tower Hamlets,3200,0.5301612
Tower Hamlets,3201,0.49332547
Tower Hamlets,33431,0.50212747
Tower Hamlets,33583,0.56588936
Tower Hamlets,33584,0.58868545
Tower Hamlets,33585,0.5887275
Tower Hamlets,33586,0.5172739
Tower Hamlets,34060,0.5501903
Tower Hamlets,34214,0.5195308
Tower Hamlets,34215,0.49593672
Tower Hamlets,34253,0.6417948
Tower Hamlets,34269,0.5775745
Tower Hamlets,34405,0.5870671
Tower Hamlets,34406,0.5848002
Tower Hamlets,34408,0.59372234
Tower Hamlets,34413,0.5978042
Tower Hamlets,34447,0.54229784
Tower Hamlets,34448,0.5711146
Tower Hamlets,34793,0.59389883
Tower Hamlets,348,0.5144045
Tower Hamlets,35217,0.5923985
Tower Hamlets,35218,0.5667345
Tower Hamlets,35219,0.5548016
Tower Hamlets,35297,0.5681252
Tower Hamlets,35407,0.5763748
Tower Hamlets,35435,0.5545838
Tower Hamlets,36868,0.5081534
Tower Hamlets,36869,0.5814118
Tower Hamlets,36870,0.58514893
Tower Hamlets,37124,0.59408385
Tower Hamlets,37138,0.62281317
Tower Hamlets,37143,0.5461573
Tower Hamlets,37144,0.54969114
Tower Hamlets,37145,0.5380763
Tower Hamlets,4611,0.46432024
Tower Hamlets,4612,0.4929263
Tower Hamlets,4613,0.44740143
Tower Hamlets,4614,0.52225304
Tower Hamlets,4615,0.486654
Tower Hamlets,4616,0.5242769
Tower Hamlets,4824,0.46944675
Tower Hamlets,4828,0.4685241
Tower Hamlets,4829,0.5771633
Tower Hamlets,559,0.4954204
Tower Hamlets,6366,0.52761024
Tower Hamlets,866,0.5095325
Tower Hamlets,868,0.48874408
Tower Hamlets,869,0.51036125
Tower Hamlets,876,0.5740083
Tower Hamlets,877,0.45282918
Tower Hamlets,879,0.44950056
Tower Hamlets,881,0.49535352
Tower Hamlets,882,0.50475144
Tower Hamlets,884,0.5047743
Tower Hamlets,885,0.45900208
Tower Hamlets,886,0.4521663
Tower Hamlets,900,0.48060524
Tower Hamlets,901,0.48534805
Tower Hamlets,902,0.46691427
Tower Hamlets,943,0.4629029
Tower Hamlets,944,0.458643
Tower Hamlets,945,0.49610713
Tower Hamlets,946,0.503624
Tower Hamlets,947,0.4612332
Tower Hamlets,956,0.55226064
Tower Hamlets,BP081,0.44221237
Tower Hamlets,BP082,0.59058356
Tower Hamlets,BP1014,0.5076684
Tower Hamlets,BP1015,0.5035344
Tower Hamlets,BP1187,0.5342673
Tower Hamlets,BP1193,0.4975531
Tower Hamlets,BP1231,0.48715785
Tower Hamlets,BP1234,0.52936727
Tower Hamlets,BP1307,0.5743976
Tower Hamlets,BP1351,0.5447735
Tower Hamlets,BP1650,0.49869555
Tower Hamlets,BP167,0.5585454
Tower Hamlets,BP1802,0.49923548
Tower Hamlets,BP1863,0.5868558
Tower Hamlets,BP1864,0.57913053
Tower Hamlets,BP1865,0.57307476
Tower Hamlets,BP1866,0.5414557
Tower Hamlets,BP1867,0.5545316
Tower Hamlets,BP1868,0.50961643
Tower Hamlets,BP1869,0.50686604
Tower Hamlets,BP187,0.47855893
Tower Hamlets,BP1870,0.55362886
Tower Hamlets,BP1871,0.5609902
Tower Hamlets,BP1872,0.53934544
Tower Hamlets,BP1873,0.52161086
Tower Hamlets,BP1874,0.54328996
Tower Hamlets,BP1875,0.5320007
Tower Hamlets,BP1876,0.57542586
Tower Hamlets,BP1877,0.5887131
Tower Hamlets,BP1905,0.58007807
Tower Hamlets,BP1906,0.5828298
Tower Hamlets,BP1907,0.5657077
Tower Hamlets,BP1909,0.5923634
Tower Hamlets,BP1910,0.5654545
Tower Hamlets,BP1912,0.5845739
Tower Hamlets,BP1913,0.57318485
Tower Hamlets,BP1914,0.5640756
Tower Hamlets,BP1977,0.48815295
Tower Hamlets,BP2004,0.59316915
Tower Hamlets,BP2301,0.57923806
Tower Hamlets,BP2335,0.5014375
Tower Hamlets,BP2336,0.54785824
Tower Hamlets,BP2337,0.4962223
Tower Hamlets,BP2338,0.56789863
Tower Hamlets,BP2339,0.55902714
Tower Hamlets,BP2340,0.48179954
Tower Hamlets,BP2341,0.54200685
Tower Hamlets,BP2342,0.5276896
Tower Hamlets,BP2343,0.5264915
Tower Hamlets,BP2345,0.5176508
Tower Hamlets,BP2346,0.54436153
Tower Hamlets,BP2350,0.56710505
Tower Hamlets,BP2351,0.56333
Tower Hamlets,BP2352,0.5600536
Tower Hamlets,BP2353,0.5699791
Tower Hamlets,BP2354,0.49759325
Tower Hamlets,BP2355,0.5313769
Tower Hamlets,BP2356,0.6053241
Tower Hamlets,BP2357,0.54824936
Tower Hamlets,BP2449,0.5594071
Tower Hamlets,BP2591,0.49899814
Tower Hamlets,BP2593,0.54065704
Tower Hamlets,BP2594,0.506847
Tower Hamlets,BP2687,0.6107818
Tower Hamlets,BP2688,0.6072351
Tower Hamlets,BP2689,0.5986323
Tower Hamlets,BP2690,0.54101706
Tower Hamlets,BP2691,0.54415923
Tower Hamlets,BP2695,0.5385138
Tower Hamlets,BP2696,0.56454355
Tower Hamlets,BP2697,0.554098
Tower Hamlets,BP2698,0.5777175
Tower Hamlets,BP2699,0.53980255
Tower Hamlets,BP2700,0.5473759
Tower Hamlets,BP2701,0.49700302
Tower Hamlets,BP2702,0.53238326
Tower Hamlets,BP3115,0.5416933
Tower Hamlets,BP3461,0.55459464
Tower Hamlets,BP3499,0.57694316
Tower Hamlets,BP3500,0.58452845
Tower Hamlets,BP3501,0.5670434
Tower Hamlets,BP3502,0.5606266
Tower Hamlets,BP3571,0.502617
Tower Hamlets,BP3588,0.56396216
Tower Hamlets,BP3724,0.563931
Tower Hamlets,BP3725,0.56501466
Tower Hamlets,BP3726,0.5841231
Tower Hamlets,BP3730,0.55741125
Tower Hamlets,BP3731,0.56769997
Tower Hamlets,BP3732,0.5863104
Tower Hamlets,BP3833,0.5707203
Tower Hamlets,BP3841,0.57237786
Tower Hamlets,BP4194,0.5410656
Tower Hamlets,BP4195,0.540545
Tower Hamlets,BP424,0.5672993
Tower Hamlets,BP425,0.5695037
Tower Hamlets,BP4819,0.55406225
Tower Hamlets,BP5153,0.546194
Tower Hamlets,BP517,0.5981502
Tower Hamlets,BP5191,0.59700656
Tower Hamlets,BP5244,0.4711638
Tower Hamlets,BP525,0.52908206
Tower Hamlets,BP526,0.52107257
Tower Hamlets,BP527,0.5391306
Tower Hamlets,BP528,0.5224736
Tower Hamlets,BP530,0.4992324
Tower Hamlets,BP531,0.4952713
Tower Hamlets,BP532,0.52060187
Tower Hamlets,BP540,0.56989574
Tower Hamlets,BP5408,0.4968107
Tower Hamlets,BP5409,0.52161676
Tower Hamlets,BP541,0.5517788
Tower Hamlets,BP544,0.56961936
Tower Hamlets,BP545,0.54662234
Tower Hamlets,BP546,0.50471735
Tower Hamlets,BP547,0.5415465
Tower Hamlets,BP548,0.5005032
Tower Hamlets,BP550,0.5692028
Tower Hamlets,BP5879,0.6024405
Tower Hamlets,BP5950,0.5727031
Tower Hamlets,BP6157,0.54899746
Tower Hamlets,BP6158,0.56602275
Tower Hamlets,BP6159,0.5448954
Tower Hamlets,BP6160,0.5443588
Tower Hamlets,BP617,0.59060067
Tower Hamlets,BP6318,0.6096489
Tower Hamlets,BP6320,0.6135242
Tower Hamlets,BP638,0.47389197
Tower Hamlets,BP6568,0.60617614
Tower Hamlets,BP6569,0.6127734
Tower Hamlets,BP6571,0.61122143
Tower Hamlets,BP782,0.5678186
Tower Hamlets,BP940,0.57462156
Tower Hamlets,FC17,0.4625367
Tower Hamlets,FC30,0.61998785
Tower Hamlets,FC76,0.6072358
Tower Hamlets,FC98,0.5661415
Tower Hamlets,FC99,0.5720948
Tower Hamlets,LE108,0.5084996
Tower Hamlets,LE122,0.5053109
Tower Hamlets,LE131,0.54137933
Tower Hamlets,LE132,0.5380171
Tower Hamlets,LE133,0.5369344
Tower Hamlets,LE140,0.5651185
Tower Hamlets,LE168,0.5769864
Tower Hamlets,LE186,0.5296625
Tower Hamlets,LE190,0.53756666
Tower Hamlets,LE193,0.51579297
Tower Hamlets,LE225,0.5704143
Tower Hamlets,LE235,0.5437189
Tower Hamlets,LE236,0.55530775
Tower Hamlets,LE243,0.55666447
Tower Hamlets,LE244,0.53818244
Tower Hamlets,LE246,0.56059474
Tower Hamlets,LE250,0.57440686
Tower Hamlets,R0311,0.5521345
Tower Hamlets,R0313,0.54794675
Tower Hamlets,R0314,0.53592694
Tower Hamlets,R0315,0.52405435
Tower Hamlets,R0381,0.50730115
Tower Hamlets,R0758,0.54515845
Tower Hamlets,1423,0.5097524
Tower Hamlets,14231,0.50049865
Tower Hamlets,14485,0.5862056
Tower Hamlets,15160,0.5063074
Tower Hamlets,1684,0.5093535
Tower Hamlets,1705,0.49673438
Tower Hamlets,1706,0.5236784
Tower Hamlets,1707,0.5231383
Tower Hamlets,17281,0.5669883
Tower Hamlets,1867,0.4700089
Tower Hamlets,1868,0.47038794
Tower Hamlets,1869,0.47009045
Tower Hamlets,2045,0.47920817
Tower Hamlets,2059,0.48898026
Tower Hamlets,25270,0.49649882
Tower Hamlets,2952,0.479966
Tower Hamlets,36875,0.5093183
Tower Hamlets,37139,0.60585004
Tower Hamlets,4825,0.5019358
Tower Hamlets,7724,0.49649766
Tower Hamlets,7725,0.49889857
Tower Hamlets,875,0.5621717
Tower Hamlets,888,0.5342977
Tower Hamlets,9248,0.5611384
Tower Hamlets,9249,0.5513377
Tower Hamlets,BP107,0.5379224
Tower Hamlets,BP1911,0.5694821
Tower Hamlets,BP2344,0.5542477
Tower Hamlets,BP2347,0.535287
Tower Hamlets,BP2693,0.55689526
Tower Hamlets,BP2895,0.5029257
Tower Hamlets,BP3723,0.56130844
Tower Hamlets,BP3727,0.5294122
Tower Hamlets,BP3729,0.5608643
Tower Hamlets,BP5152,0.5347119
Tower Hamlets,BP529,0.53017384
Tower Hamlets,BP537,0.5657996
Tower Hamlets,BP6161,0.58248365
Tower Hamlets,BP6162,0.5875908
Tower Hamlets,BP6163,0.57242656
Tower Hamlets,BP754,0.49191535
Tower Hamlets,BP755,0.4933216
Tower Hamlets,LE129,0.56284946
Tower Hamlets,LE247,0.5511285
Tower Hamlets,LE248,0.5731462
Tower Hamlets,LE249,0.5429514
Tower Hamlets,OC673,0.50051033
Tower Hamlets,R0382,0.49941143
Tower Hamlets,R0674,0.48298272
Tower Hamlets,R0752,0.49862313
Tower Hamlets,R0780,0.4976159
Waltham Forest,10289,0.54011494
Waltham Forest,10290,0.5728643
Waltham Forest,10297,0.54264176
Waltham Forest,10300,0.593127
Waltham Forest,10302,0.6248128
Waltham Forest,10303,0.6213612
Waltham Forest,10308,0.649115
Waltham Forest,10309,0.6477119
Waltham Forest,10313,0.6539218
Waltham Forest,10316,0.683651
Waltham Forest,10317,0.6725458
Waltham Forest,10318,0.57292145
Waltham Forest,10324,0.5646374
Waltham Forest,10325,0.5754071
Waltham Forest,10328,0.5520749
Waltham Forest,10330,0.45350474
Waltham Forest,10331,0.5014761
Waltham Forest,10333,0.47663146
Waltham Forest,10334,0.45234862
Waltham Forest,10337,0.45373926
Waltham Forest,10338,0.42070547
Waltham Forest,10340,0.42941296
Waltham Forest,10341,0.42467037
Waltham Forest,10342,0.4388826
Waltham Forest,10343,0.42217496
Waltham Forest,10345,0.43914235
Waltham Forest,10347,0.43967438
Waltham Forest,10468,0.5557506
Waltham Forest,10469,0.57603
Waltham Forest,1135,0.43862593
Waltham Forest,11481,0.5686675
Waltham Forest,11482,0.55619514
Waltham Forest,11487,0.5657718
Waltham Forest,1339,0.6488694
Waltham Forest,14245,0.49384713
Waltham Forest,14252,0.53633785
Waltham Forest,14257,0.54086816
Waltham Forest,14258,0.51907384
Waltham Forest,14261,0.53960973
Waltham Forest,14262,0.5370924
Waltham Forest,14264,0.5927489
Waltham Forest,14265,0.56508774
Waltham Forest,14266,0.5347487
Waltham Forest,14267,0.50873774
Waltham Forest,14269,0.48824614
Waltham Forest,14270,0.52651256
Waltham Forest,14271,0.47322223
Waltham Forest,14275,0.5181404
Waltham Forest,14276,0.47862643
Waltham Forest,14277,0.44766805
Waltham Forest,14278,0.47566795
Waltham Forest,14281,0.4507466
Waltham Forest,14282,0.45136118
Waltham Forest,14287,0.34038138
Waltham Forest,14439,0.59503555
Waltham Forest,14544,0.5872741
Waltham Forest,14545,0.5845122
Waltham Forest,14548,0.5803442
Waltham Forest,14550,0.581581
Waltham Forest,14551,0.55409896
Waltham Forest,14556,0.7198521
Waltham Forest,14557,0.71679735
Waltham Forest,14560,0.720898
Waltham Forest,14561,0.7216748
Waltham Forest,14565,0.5540104
Waltham Forest,14566,0.54315764
Waltham Forest,14569,0.48018327
Waltham Forest,14572,0.45494476
Waltham Forest,14573,0.4519767
Waltham Forest,14576,0.45671687
Waltham Forest,14579,0.46754748
Waltham Forest,14699,0.32547075
Waltham Forest,14700,0.33097687
Waltham Forest,15316,0.39980623
Waltham Forest,15317,0.33969134
Waltham Forest,15318,0.30270833
Waltham Forest,15319,0.32324407
Waltham Forest,15320,0.2920171
Waltham Forest,15321,0.2938383
Waltham Forest,15322,0.23142734
Waltham Forest,15842,0.36725923
Waltham Forest,15843,0.33724186
Waltham Forest,15846,0.45089343
Waltham Forest,15984,0.49412012
Waltham Forest,15985,0.4954131
Waltham Forest,15986,0.4471128
Waltham Forest,15989,0.3146665
Waltham Forest,15990,0.36509648
Waltham Forest,15991,0.3713989
Waltham Forest,15992,0.41105345
Waltham Forest,15993,0.37309664
Waltham Forest,15994,0.3690955
Waltham Forest,15995,0.45071077
Waltham Forest,15996,0.45746434
Waltham Forest,15997,0.4699334
Waltham Forest,15998,0.45268726
Waltham Forest,15999,0.3307048
Waltham Forest,16000,0.28629512
Waltham Forest,16001,0.36826566
Waltham Forest,16002,0.3717074
Waltham Forest,16003,0.37658173
Waltham Forest,16004,0.39004633
Waltham Forest,16005,0.3371371
Waltham Forest,16006,0.35614705
Waltham Forest,17849,0.35031685
Waltham Forest,17901,0.5155624
Waltham Forest,17902,0.55700684
Waltham Forest,17903,0.5764799
Waltham Forest,17904,0.572049
Waltham Forest,17905,0.60491425
Waltham Forest,17910,0.6091091
Waltham Forest,17911,0.6077123
Waltham Forest,17912,0.6072839
Waltham Forest,17913,0.57508534
Waltham Forest,17914,0.56996965
Waltham Forest,17915,0.53432083
Waltham Forest,17916,0.51273996
Waltham Forest,17917,0.4742396
Waltham Forest,17918,0.43868306
Waltham Forest,17919,0.40758556
Waltham Forest,17920,0.4309597
Waltham Forest,17921,0.42279595
Waltham Forest,17922,0.42607224
Waltham Forest,17923,0.38425666
Waltham Forest,17924,0.37283975
Waltham Forest,17925,0.43416306
Waltham Forest,17926,0.41684148
Waltham Forest,17927,0.5113663
Waltham Forest,17928,0.48963827
Waltham Forest,17929,0.524911
Waltham Forest,17930,0.51496154
Waltham Forest,17931,0.45365617
Waltham Forest,17932,0.5077599
Waltham Forest,17933,0.3914267
Waltham Forest,17934,0.36795256
Waltham Forest,17935,0.33407903
Waltham Forest,17936,0.31422582
Waltham Forest,17937,0.36496943
Waltham Forest,17938,0.41576213
Waltham Forest,17940,0.3748332
Waltham Forest,17951,0.3282203
Waltham Forest,17986,0.5201558
Waltham Forest,17987,0.40848687
Waltham Forest,17988,0.6272827
Waltham Forest,17989,0.6314266
Waltham Forest,17991,0.6652588
Waltham Forest,17992,0.6427977
Waltham Forest,17993,0.55122316
Waltham Forest,17994,0.52157676
Waltham Forest,17995,0.5517879
Waltham Forest,17996,0.5890767
Waltham Forest,17998,0.55469954
Waltham Forest,17999,0.51792103
Waltham Forest,18000,0.58742696
Waltham Forest,18001,0.575621
Waltham Forest,18002,0.52640367
Waltham Forest,18003,0.5032477
Waltham Forest,18004,0.5542165
Waltham Forest,18005,0.5982674
Waltham Forest,18006,0.55068386
Waltham Forest,18007,0.5656452
Waltham Forest,18008,0.58265734
Waltham Forest,18075,0.41496503
Waltham Forest,18076,0.39817202
Waltham Forest,18077,0.26676112
Waltham Forest,18078,0.2652286
Waltham Forest,19970,0.42649323
Waltham Forest,19971,0.44453546
Waltham Forest,19972,0.2987787
Waltham Forest,19973,0.22731866
Waltham Forest,19974,0.22503224
Waltham Forest,19975,0.24550462
Waltham Forest,19976,0.22475201
Waltham Forest,19977,0.22490767
Waltham Forest,20045,0.25441137
Waltham Forest,20046,0.17952918
Waltham Forest,20253,0.23378535
Waltham Forest,20668,0.40059546
Waltham Forest,20669,0.39503923
Waltham Forest,20778,0.62316924
Waltham Forest,20932,0.5467381
Waltham Forest,2310,0.44664654
Waltham Forest,2311,0.45252013
Waltham Forest,2424,0.31447583
Waltham Forest,2425,0.3086686
Waltham Forest,24339,0.37034482
Waltham Forest,25133,0.44391295
Waltham Forest,25179,0.42284483
Waltham Forest,25449,0.52652866
Waltham Forest,25484,0.70044535
Waltham Forest,25851,0.2349115
Waltham Forest,25852,0.26524827
Waltham Forest,25976,0.42484522
Waltham Forest,26242,0.50511587
Waltham Forest,26995,0.49714378
Waltham Forest,2726,0.47887632
Waltham Forest,27461,0.4665922
Waltham Forest,27514,0.43298548
Waltham Forest,27515,0.467897
Waltham Forest,29164,0.40910262
Waltham Forest,2934,0.345842
Waltham Forest,29548,0.48138416
Waltham Forest,29653,0.59453994
Waltham Forest,29734,0.4361134
Waltham Forest,29849,0.43257666
Waltham Forest,29958,0.2247496
Waltham Forest,29959,0.22638421
Waltham Forest,29960,0.26715612
Waltham Forest,29961,0.2142579
Waltham Forest,29962,0.26281723
Waltham Forest,29963,0.25682542
Waltham Forest,29964,0.26619777
Waltham Forest,3211,0.6193357
Waltham Forest,3219,0.4442747
Waltham Forest,33335,0.38612908
Waltham Forest,33336,0.41191372
Waltham Forest,33338,0.37578234
Waltham Forest,33673,0.4494128
Waltham Forest,33823,0.6007843
Waltham Forest,33824,0.6077086
Waltham Forest,33825,0.6048851
Waltham Forest,33826,0.5772681
Waltham Forest,33827,0.5358239
Waltham Forest,33828,0.67122304
Waltham Forest,33829,0.7292921
Waltham Forest,33832,0.63831395
Waltham Forest,33833,0.58740515
Waltham Forest,34016,0.44885442
Waltham Forest,34017,0.44538996
Waltham Forest,34018,0.43705282
Waltham Forest,34070,0.3531517
Waltham Forest,34071,0.3601221
Waltham Forest,34072,0.35284936
Waltham Forest,34073,0.3565901
Waltham Forest,34074,0.45691615
Waltham Forest,34075,0.45536157
Waltham Forest,34295,0.36056685
Waltham Forest,34296,0.36089584
Waltham Forest,34297,0.36742157
Waltham Forest,34298,0.36693683
Waltham Forest,34299,0.35811448
Waltham Forest,34300,0.25380832
Waltham Forest,34301,0.5021882
Waltham Forest,34302,0.4818532
Waltham Forest,34303,0.50037855
Waltham Forest,34304,0.5025305
Waltham Forest,34305,0.46770057
Waltham Forest,34306,0.53016496
Waltham Forest,34322,0.3808807
Waltham Forest,34357,0.5726886
Waltham Forest,35931,0.5658386
Waltham Forest,36556,0.2876343
Waltham Forest,36564,0.5049024
Waltham Forest,36565,0.41271088
Waltham Forest,36566,0.50230664
Waltham Forest,36567,0.49775475
Waltham Forest,36569,0.5220947
Waltham Forest,37074,0.69065994
Waltham Forest,4208,0.49257666
Waltham Forest,4289,0.48571405
Waltham Forest,4292,0.47075683
Waltham Forest,4750,0.39535704
Waltham Forest,4759,0.54384464
Waltham Forest,4760,0.534116
Waltham Forest,4761,0.58650935
Waltham Forest,4844,0.5560064
Waltham Forest,6622,0.56330144
Waltham Forest,6627,0.5786562
Waltham Forest,6630,0.57916087
Waltham Forest,6631,0.551587
Waltham Forest,6633,0.55375934
Waltham Forest,6635,0.50607955
Waltham Forest,6636,0.55952704
Waltham Forest,6637,0.53226304
Waltham Forest,6640,0.4513725
Waltham Forest,6642,0.26139462
Waltham Forest,6644,0.28710926
Waltham Forest,6662,0.48641375
Waltham Forest,6665,0.55926996
Waltham Forest,6666,0.6199483
Waltham Forest,6671,0.5477763
Waltham Forest,6673,0.54879344
Waltham Forest,6676,0.5533942
Waltham Forest,6680,0.54724044
Waltham Forest,6681,0.5417547
Waltham Forest,6682,0.52521133
Waltham Forest,6683,0.43062916
Waltham Forest,6685,0.31409073
Waltham Forest,6687,0.28243995
Waltham Forest,7514,0.2701497
Waltham Forest,7515,0.26842803
Waltham Forest,7541,0.26682016
Waltham Forest,7542,0.26229763
Waltham Forest,7911,0.43167272
Waltham Forest,7912,0.44728613
Waltham Forest,7915,0.4487996
Waltham Forest,7916,0.456299
Waltham Forest,7919,0.4397537
Waltham Forest,7920,0.44506547
Waltham Forest,7922,0.4403295
Waltham Forest,7923,0.44134235
Waltham Forest,7926,0.40613434
Waltham Forest,7927,0.3799024
Waltham Forest,7931,0.37486503
Waltham Forest,7933,0.44919226
Waltham Forest,7935,0.4503451
Waltham Forest,7937,0.42958784
Waltham Forest,7938,0.45730025
Waltham Forest,7941,0.4985442
Waltham Forest,7945,0.46361023
Waltham Forest,7949,0.617194
Waltham Forest,7950,0.5747642
Waltham Forest,7952,0.6359866
Waltham Forest,7960,0.6256171
Waltham Forest,7962,0.5683162
Waltham Forest,7963,0.5715671
Waltham Forest,7964,0.5290109
Waltham Forest,7966,0.51954347
Waltham Forest,7967,0.56865656
Waltham Forest,7968,0.5421346
Waltham Forest,7971,0.5497018
Waltham Forest,7973,0.5401805
Waltham Forest,7975,0.5568363
Waltham Forest,7976,0.6080198
Waltham Forest,7979,0.58134824
Waltham Forest,7980,0.58676267
Waltham Forest,7983,0.5639603
Waltham Forest,7985,0.6540961
Waltham Forest,7986,0.58541685
Waltham Forest,7988,0.5644665
Waltham Forest,7989,0.6372536
Waltham Forest,7991,0.66231453
Waltham Forest,7992,0.61612713
Waltham Forest,7995,0.64464164
Waltham Forest,7996,0.6572177
Waltham Forest,7997,0.55259454
Waltham Forest,7998,0.6644497
Waltham Forest,8001,0.5900271
Waltham Forest,8002,0.5915211
Waltham Forest,8005,0.5929092
Waltham Forest,8044,0.59944755
Waltham Forest,8045,0.60007364
Waltham Forest,8048,0.5983287
Waltham Forest,8049,0.5809337
Waltham Forest,8052,0.52533114
Waltham Forest,8053,0.5266174
Waltham Forest,8055,0.49870735
Waltham Forest,8056,0.4944241
Waltham Forest,8057,0.4801548
Waltham Forest,8061,0.49238688
Waltham Forest,9029,0.56353575
Waltham Forest,9032,0.53193414
Waltham Forest,9033,0.5773725
Waltham Forest,9034,0.44421124
Waltham Forest,9035,0.44396088
Waltham Forest,9036,0.45592928
Waltham Forest,9037,0.46783024
Waltham Forest,9038,0.51013994
Waltham Forest,9039,0.534706
Waltham Forest,9041,0.55632275
Waltham Forest,9436,0.44393358
Waltham Forest,9437,0.4439746
Waltham Forest,9478,0.42204946
Waltham Forest,9479,0.4087599
Waltham Forest,BP1141,0.5076605
Waltham Forest,BP1308,0.56760424
Waltham Forest,BP1309,0.5269486
Waltham Forest,BP1310,0.59090525
Waltham Forest,BP1311,0.509397
Waltham Forest,BP1312,0.5665108
Waltham Forest,BP1313,0.5674628
Waltham Forest,BP1314,0.52305037
Waltham Forest,BP1542,0.6493544
Waltham Forest,BP1543,0.6507644
Waltham Forest,BP1545,0.6465584
Waltham Forest,BP1666,0.46338353
Waltham Forest,BP1667,0.47104856
Waltham Forest,BP1668,0.5210074
Waltham Forest,BP1669,0.5749553
Waltham Forest,BP1670,0.58416426
Waltham Forest,BP1671,0.6094026
Waltham Forest,BP1672,0.44590175
Waltham Forest,BP1673,0.5754756
Waltham Forest,BP1674,0.55942464
Waltham Forest,BP1675,0.52152526
Waltham Forest,BP1676,0.6158178
Waltham Forest,BP1677,0.6190765
Waltham Forest,BP1678,0.6115233
Waltham Forest,BP1679,0.59652966
Waltham Forest,BP1723,0.46486974
Waltham Forest,BP1790,0.7013781
Waltham Forest,BP1791,0.70890135
Waltham Forest,BP1792,0.7092624
Waltham Forest,BP1814,0.6159786
Waltham Forest,BP1815,0.6214955
Waltham Forest,BP1816,0.6743621
Waltham Forest,BP1817,0.6271697
Waltham Forest,BP184,0.23875673
Waltham Forest,BP2003,0.59545755
Waltham Forest,BP2539,0.3919999
Waltham Forest,BP2540,0.40450865
Waltham Forest,BP2565,0.5777982
Waltham Forest,BP2566,0.56451255
Waltham Forest,BP2592,0.4473441
Waltham Forest,BP2753,0.6223169
Waltham Forest,BP2754,0.631586
Waltham Forest,BP279,0.5443318
Waltham Forest,BP280,0.5503548
Waltham Forest,BP2958,0.435676
Waltham Forest,BP3076,0.5379085
Waltham Forest,BP3209,0.622949
Waltham Forest,BP3210,0.59788257
Waltham Forest,BP3598,0.56263965
Waltham Forest,BP3746,0.7087501
Waltham Forest,BP3759,0.5894471
Waltham Forest,BP3760,0.50445527
Waltham Forest,BP3899,0.61386
Waltham Forest,BP3987,0.49469158
Waltham Forest,BP3988,0.43728304
Waltham Forest,BP3989,0.40417933
Waltham Forest,BP3990,0.70900184
Waltham Forest,BP4267,0.61816317
Waltham Forest,BP4270,0.6231159
Waltham Forest,BP4271,0.61960876
Waltham Forest,BP4272,0.6289031
Waltham Forest,BP4273,0.6325577
Waltham Forest,BP4274,0.6331455
Waltham Forest,BP4373,0.632745
Waltham Forest,BP4526,0.629042
Waltham Forest,BP4871,0.617092
Waltham Forest,BP5521,0.5631333
Waltham Forest,BP5678,0.60891795
Waltham Forest,BP5763,0.58113253
Waltham Forest,BP5802,0.71948034
Waltham Forest,BP5863,0.4651107
Waltham Forest,BP5864,0.46654266
Waltham Forest,BP6281,0.696082
Waltham Forest,BP6282,0.67993665
Waltham Forest,BP6287,0.49763954
Waltham Forest,BP6288,0.48506156
Waltham Forest,BP6289,0.45709524
Waltham Forest,BP6290,0.4962284
Waltham Forest,BP6291,0.47711146
Waltham Forest,BP777,0.47871888
Waltham Forest,BP778,0.4805206
Waltham Forest,BP779,0.4134281
Waltham Forest,BP926,0.40396005
Waltham Forest,BP998,0.43615755
Waltham Forest,FC80,0.61493427
Waltham Forest,FC85,0.46577123
Waltham Forest,FC88,0.43673143
Waltham Forest,FC89,0.44202587
Waltham Forest,FL009,0.5718874
Waltham Forest,FL010,0.38687184
Waltham Forest,LE237,0.4946776
Waltham Forest,LE238,0.52193534
Waltham Forest,LE239,0.49398556
Waltham Forest,LE240,0.48949826
Waltham Forest,OC470,0.40451053
Waltham Forest,OC685,0.47869888
Waltham Forest,OC686,0.48226056
Waltham Forest,OC688,0.29665083
Waltham Forest,OC689,0.28207165
Waltham Forest,OC690,0.314067
Waltham Forest,OC691,0.31102437
Waltham Forest,R0016,0.56941396
Waltham Forest,R0021,0.48507905
Waltham Forest,R0022,0.7060577
Waltham Forest,R0024,0.5944813
Waltham Forest,R0027,0.5976493
Waltham Forest,R0028,0.58913237
Waltham Forest,R0030,0.6012572
Waltham Forest,R0031,0.6036028
Waltham Forest,R0033,0.5926526
Waltham Forest,R0034,0.6185307
Waltham Forest,R0035,0.6123649
Waltham Forest,R0040,0.38714805
Waltham Forest,R0042,0.22160617
Waltham Forest,R0043,0.20968589
Waltham Forest,R0044,0.50092185
Waltham Forest,R0045,0.53455466
Waltham Forest,R0472,0.5928288
Waltham Forest,R0473,0.5403797
Waltham Forest,R0474,0.5540858
Waltham Forest,R0478,0.42052162
Waltham Forest,R0479,0.43906978
Waltham Forest,R0683,0.34221455
Waltham Forest,R0737,0.4450192
Waltham Forest,R0761,0.23397546
Waltham Forest,10319,0.6661059
Waltham Forest,10321,0.66333055
Waltham Forest,6625,0.6667814
Wandsworth,1088,0.5606749
Wandsworth,11137,0.5196111
Wandsworth,11138,0.5221015
Wandsworth,11139,0.509483
Wandsworth,11140,0.5124487
Wandsworth,11141,0.50146586
Wandsworth,11142,0.4921395
Wandsworth,11143,0.52882344
Wandsworth,11144,0.5170691
Wandsworth,11288,0.32386094
Wandsworth,11290,0.3105928
Wandsworth,12686,0.42478877
Wandsworth,12687,0.41037354
Wandsworth,12688,0.44068167
Wandsworth,12689,0.46904317
Wandsworth,12691,0.4996513
Wandsworth,12692,0.50003994
Wandsworth,12695,0.55672777
Wandsworth,12696,0.52853924
Wandsworth,12698,0.4623951
Wandsworth,12699,0.4125122
Wandsworth,12700,0.48248157
Wandsworth,12703,0.4974675
Wandsworth,12705,0.50358534
Wandsworth,12706,0.5606044
Wandsworth,12707,0.56351954
Wandsworth,12710,0.51615024
Wandsworth,12711,0.52206475
Wandsworth,12712,0.5244813
Wandsworth,12713,0.47450435
Wandsworth,12715,0.4975628
Wandsworth,12717,0.4742721
Wandsworth,12718,0.55685896
Wandsworth,12720,0.46378443
Wandsworth,12722,0.5150291
Wandsworth,12725,0.46305713
Wandsworth,12726,0.48323545
Wandsworth,12727,0.5888399
Wandsworth,12728,0.5994705
Wandsworth,12729,0.5571281
Wandsworth,12730,0.5964516
Wandsworth,12731,0.5415654
Wandsworth,12732,0.57679504
Wandsworth,12739,0.4852538
Wandsworth,12740,0.46776763
Wandsworth,12741,0.52067703
Wandsworth,12742,0.4650845
Wandsworth,12743,0.4933849
Wandsworth,12744,0.5032002
Wandsworth,12745,0.46103746
Wandsworth,12746,0.45723993
Wandsworth,12747,0.46944413
Wandsworth,12748,0.5116841
Wandsworth,12749,0.5879912
Wandsworth,12808,0.60976857
Wandsworth,12809,0.609785
Wandsworth,12810,0.6006939
Wandsworth,12813,0.6197964
Wandsworth,12834,0.4333667
Wandsworth,12835,0.38890198
Wandsworth,12836,0.47286573
Wandsworth,12838,0.38778347
Wandsworth,12839,0.40773073
Wandsworth,12840,0.4550161
Wandsworth,12842,0.5081772
Wandsworth,12843,0.49489424
Wandsworth,12844,0.49485046
Wandsworth,12846,0.5270739
Wandsworth,12848,0.59006613
Wandsworth,12850,0.5391554
Wandsworth,12851,0.5390836
Wandsworth,12852,0.59415853
Wandsworth,12853,0.5695578
Wandsworth,12854,0.58432657
Wandsworth,12855,0.54567504
Wandsworth,12856,0.46608806
Wandsworth,12857,0.39329505
Wandsworth,12862,0.45496064
Wandsworth,12863,0.44599095
Wandsworth,12865,0.4592705
Wandsworth,12866,0.5149659
Wandsworth,12869,0.5266213
Wandsworth,12870,0.541816
Wandsworth,12871,0.5093995
Wandsworth,12872,0.40929103
Wandsworth,12873,0.4584466
Wandsworth,12874,0.4816386
Wandsworth,12877,0.43349865
Wandsworth,12878,0.40932244
Wandsworth,13362,0.41650918
Wandsworth,140,0.6356907
Wandsworth,1411,0.5151696
Wandsworth,1412,0.489609
Wandsworth,1414,0.57124346
Wandsworth,14343,0.5174092
Wandsworth,14390,0.50339526
Wandsworth,14933,0.42234343
Wandsworth,15193,0.44735226
Wandsworth,15194,0.55105484
Wandsworth,15195,0.49992847
Wandsworth,15196,0.5594886
Wandsworth,15242,0.45813707
Wandsworth,15243,0.4662639
Wandsworth,15244,0.3615262
Wandsworth,15245,0.35879025
Wandsworth,15257,0.4336244
Wandsworth,15258,0.45944643
Wandsworth,15259,0.4480473
Wandsworth,15260,0.43500638
Wandsworth,15261,0.43448874
Wandsworth,15262,0.4488596
Wandsworth,1530,0.5074923
Wandsworth,15314,0.49644136
Wandsworth,1532,0.49732414
Wandsworth,1533,0.4725449
Wandsworth,1534,0.4636961
Wandsworth,15844,0.4624317
Wandsworth,1700,0.47128683
Wandsworth,1702,0.46834323
Wandsworth,1703,0.49759784
Wandsworth,1749,0.538578
Wandsworth,17602,0.5118529
Wandsworth,17603,0.6230985
Wandsworth,17605,0.52295953
Wandsworth,17607,0.5889388
Wandsworth,18736,0.5703689
Wandsworth,19065,0.54301596
Wandsworth,19066,0.5484585
Wandsworth,19067,0.51628673
Wandsworth,19068,0.5019491
Wandsworth,19069,0.50959384
Wandsworth,19070,0.5351146
Wandsworth,19071,0.5392903
Wandsworth,19553,0.5182986
Wandsworth,19555,0.5430414
Wandsworth,19556,0.4656208
Wandsworth,19559,0.4697092
Wandsworth,19560,0.44475284
Wandsworth,19562,0.51512873
Wandsworth,2165,0.6042171
Wandsworth,2167,0.57987994
Wandsworth,2168,0.5819123
Wandsworth,2171,0.5176035
Wandsworth,2172,0.51529187
Wandsworth,2175,0.5187372
Wandsworth,2176,0.5408167
Wandsworth,2179,0.49907023
Wandsworth,2180,0.55954385
Wandsworth,2181,0.4649824
Wandsworth,2182,0.47978473
Wandsworth,2183,0.44703576
Wandsworth,2184,0.4480781
Wandsworth,219,0.52977055
Wandsworth,2314,0.5907354
Wandsworth,2315,0.5875479
Wandsworth,2344,0.49422002
Wandsworth,2345,0.492222
Wandsworth,2348,0.5452391
Wandsworth,2349,0.49997067
Wandsworth,2350,0.545523
Wandsworth,2351,0.5574997
Wandsworth,2366,0.41967717
Wandsworth,2367,0.43217373
Wandsworth,2368,0.43216622
Wandsworth,2369,0.5548548
Wandsworth,2370,0.45192996
Wandsworth,2371,0.4194586
Wandsworth,2372,0.4292256
Wandsworth,248,0.4139215
Wandsworth,25286,0.4894777
Wandsworth,25287,0.36543545
Wandsworth,25512,0.5053417
Wandsworth,25514,0.5786006
Wandsworth,25518,0.5720193
Wandsworth,25522,0.4497267
Wandsworth,25523,0.37354526
Wandsworth,25524,0.48695448
Wandsworth,25525,0.4796474
Wandsworth,25528,0.38653696
Wandsworth,25529,0.3783887
Wandsworth,25530,0.39061183
Wandsworth,25531,0.43688247
Wandsworth,25532,0.43087882
Wandsworth,25533,0.47267842
Wandsworth,25534,0.47634685
Wandsworth,25535,0.5367754
Wandsworth,25536,0.52951086
Wandsworth,25537,0.55878675
Wandsworth,25538,0.48044905
Wandsworth,25539,0.51108015
Wandsworth,25542,0.5384674
Wandsworth,25543,0.5435832
Wandsworth,25566,0.5897739
Wandsworth,25569,0.6200679
Wandsworth,25570,0.44662106
Wandsworth,25633,0.5523303
Wandsworth,25634,0.53863966
Wandsworth,25635,0.50571537
Wandsworth,25636,0.4805411
Wandsworth,25655,0.47874588
Wandsworth,25657,0.45396122
Wandsworth,25658,0.458973
Wandsworth,25660,0.4680845
Wandsworth,25661,0.4810365
Wandsworth,25662,0.5544523
Wandsworth,25663,0.5608232
Wandsworth,25664,0.631613
Wandsworth,25665,0.5803801
Wandsworth,25679,0.42751473
Wandsworth,25956,0.5511938
Wandsworth,260,0.46363288
Wandsworth,26144,0.39405778
Wandsworth,26145,0.41477472
Wandsworth,26146,0.45531544
Wandsworth,26147,0.46161833
Wandsworth,26148,0.49760258
Wandsworth,26150,0.4690331
Wandsworth,26151,0.5260791
Wandsworth,27937,0.5449802
Wandsworth,27942,0.4008702
Wandsworth,28020,0.6343936
Wandsworth,29,0.42362526
Wandsworth,29310,0.43883267
Wandsworth,29312,0.4120935
Wandsworth,29314,0.4761052
Wandsworth,29543,0.45334005
Wandsworth,29635,0.4026424
Wandsworth,29658,0.46072364
Wandsworth,29686,0.45698223
Wandsworth,29787,0.4067451
Wandsworth,29788,0.418345
Wandsworth,29789,0.40299508
Wandsworth,29790,0.40094373
Wandsworth,3197,0.5252441
Wandsworth,3198,0.4905189
Wandsworth,33015,0.44685733
Wandsworth,33091,0.4930779
Wandsworth,33272,0.4871014
Wandsworth,33273,0.42382658
Wandsworth,33438,0.43499964
Wandsworth,33739,0.45963308
Wandsworth,33740,0.5432513
Wandsworth,34020,0.46653804
Wandsworth,34083,0.45686072
Wandsworth,34084,0.56250346
Wandsworth,34332,0.5253682
Wandsworth,34451,0.46452326
Wandsworth,34452,0.47441506
Wandsworth,34673,0.54951936
Wandsworth,34674,0.5514067
Wandsworth,34675,0.5165894
Wandsworth,34679,0.5027637
Wandsworth,34750,0.41915184
Wandsworth,34751,0.3848848
Wandsworth,34752,0.4507327
Wandsworth,3479,0.4278285
Wandsworth,34835,0.44862446
Wandsworth,34904,0.32187855
Wandsworth,34966,0.53623307
Wandsworth,34967,0.5098503
Wandsworth,34968,0.49650836
Wandsworth,34969,0.5124556
Wandsworth,34970,0.55876905
Wandsworth,34971,0.54987663
Wandsworth,35335,0.5889698
Wandsworth,35707,0.56855154
Wandsworth,35995,0.35996276
Wandsworth,36658,0.62388057
Wandsworth,36784,0.49333853
Wandsworth,36785,0.5326902
Wandsworth,36847,0.623414
Wandsworth,36930,0.5165629
Wandsworth,36931,0.5216822
Wandsworth,36932,0.54686356
Wandsworth,36933,0.41289583
Wandsworth,36934,0.42712253
Wandsworth,36935,0.5449368
Wandsworth,36946,0.58379394
Wandsworth,36959,0.5177545
Wandsworth,3714,0.4841499
Wandsworth,37169,0.3669162
Wandsworth,372,0.4011989
Wandsworth,37283,0.41511512
Wandsworth,37446,0.395412
Wandsworth,397,0.49416575
Wandsworth,418,0.4534915
Wandsworth,419,0.44991526
Wandsworth,429,0.5670104
Wandsworth,431,0.56738776
Wandsworth,434,0.5762356
Wandsworth,443,0.46694937
Wandsworth,459,0.50018454
Wandsworth,469,0.47544625
Wandsworth,470,0.5215923
Wandsworth,4837,0.4486472
Wandsworth,4858,0.4156613
Wandsworth,4860,0.6191649
Wandsworth,4861,0.45302486
Wandsworth,4864,0.51134723
Wandsworth,4866,0.3999224
Wandsworth,4867,0.40897137
Wandsworth,4869,0.5690086
Wandsworth,4870,0.5059288
Wandsworth,4871,0.5805656
Wandsworth,4872,0.56357837
Wandsworth,596,0.5137705
Wandsworth,597,0.5032735
Wandsworth,649,0.42177343
Wandsworth,8816,0.4856505
Wandsworth,8817,0.5113664
Wandsworth,8822,0.54078716
Wandsworth,8823,0.5008178
Wandsworth,8824,0.55093235
Wandsworth,8825,0.55165243
Wandsworth,8826,0.50276625
Wandsworth,8827,0.51683635
Wandsworth,8828,0.51085484
Wandsworth,8832,0.5012583
Wandsworth,8833,0.49614105
Wandsworth,8834,0.4815526
Wandsworth,8835,0.49083328
Wandsworth,8836,0.5320185
Wandsworth,8837,0.48860028
Wandsworth,8838,0.52659047
Wandsworth,8839,0.52818686
Wandsworth,8840,0.5053182
Wandsworth,8841,0.50060385
Wandsworth,8844,0.5149371
Wandsworth,8845,0.4552486
Wandsworth,8846,0.49505168
Wandsworth,8847,0.5047848
Wandsworth,8850,0.44408163
Wandsworth,8851,0.43831572
Wandsworth,8852,0.44697002
Wandsworth,8853,0.38718355
Wandsworth,8861,0.41178504
Wandsworth,8862,0.5023741
Wandsworth,8863,0.48065162
Wandsworth,8864,0.5055478
Wandsworth,8865,0.5287909
Wandsworth,8866,0.5039292
Wandsworth,8867,0.5181901
Wandsworth,8870,0.49402606
Wandsworth,8871,0.501959
Wandsworth,8919,0.47905964
Wandsworth,8950,0.523197
Wandsworth,8953,0.48990282
Wandsworth,8955,0.49450344
Wandsworth,8957,0.565831
Wandsworth,8961,0.49197555
Wandsworth,8966,0.55295914
Wandsworth,8967,0.6181464
Wandsworth,8969,0.60005784
Wandsworth,8970,0.5676696
Wandsworth,8973,0.61027634
Wandsworth,9236,0.37801167
Wandsworth,9237,0.37672406
Wandsworth,9330,0.5484675
Wandsworth,9331,0.51897144
Wandsworth,9334,0.5662307
Wandsworth,9335,0.5601545
Wandsworth,9338,0.54348356
Wandsworth,9339,0.5335538
Wandsworth,9340,0.55213225
Wandsworth,9341,0.543671
Wandsworth,9342,0.56069905
Wandsworth,9343,0.54225636
Wandsworth,9346,0.5060449
Wandsworth,97,0.63303196
Wandsworth,98,0.645665
Wandsworth,BP1010,0.39606363
Wandsworth,BP1510,0.54045767
Wandsworth,BP1989,0.50109494
Wandsworth,BP1990,0.48401722
Wandsworth,BP2157,0.5049817
Wandsworth,BP2756,0.49368653
Wandsworth,BP2926,0.5082039
Wandsworth,BP3480,0.5145735
Wandsworth,BP3481,0.51559114
Wandsworth,BP3587,0.47379336
Wandsworth,BP3791,0.40640402
Wandsworth,BP3792,0.40223157
Wandsworth,BP3908,0.48055235
Wandsworth,BP4287,0.47307977
Wandsworth,BP4288,0.4310155
Wandsworth,BP4289,0.48771623
Wandsworth,BP4412,0.49007958
Wandsworth,BP442,0.4257262
Wandsworth,BP4468,0.42202103
Wandsworth,BP4691,0.5842391
Wandsworth,BP4991,0.46635443
Wandsworth,BP5015,0.45428398
Wandsworth,BP5016,0.53824234
Wandsworth,BP5017,0.4797957
Wandsworth,BP5018,0.455499
Wandsworth,BP5176,0.5891937
Wandsworth,BP5177,0.59094083
Wandsworth,BP5220,0.46421432
Wandsworth,BP5242,0.46473756
Wandsworth,BP5292,0.44216713
Wandsworth,BP5293,0.45462012
Wandsworth,BP5353,0.48323447
Wandsworth,BP5405,0.40348125
Wandsworth,BP5424,0.44056913
Wandsworth,BP5442,0.48670477
Wandsworth,BP5561,0.3979962
Wandsworth,BP5584,0.6379318
Wandsworth,BP5585,0.65365154
Wandsworth,BP5599,0.5113386
Wandsworth,BP5645,0.5759251
Wandsworth,BP5913,0.58606595
Wandsworth,BP6348,0.583475
Wandsworth,BP6395,0.40496963
Wandsworth,BP6487,0.42348415
Wandsworth,BP818,0.589529
Wandsworth,BP856,0.52560717
Wandsworth,LG08,0.47797498
Wandsworth,LG09,0.47680295
Wandsworth,LG10,0.50146425
Wandsworth,LG21,0.51267767
Wandsworth,LG22,0.5069882
Wandsworth,LG23,0.4602228
Wandsworth,LG24,0.46184987
Wandsworth,LG25,0.46875495
Wandsworth,LG26,0.4805629
Wandsworth,LG27,0.48402935
Wandsworth,LG28,0.55367464
Wandsworth,LG30,0.5266288
Wandsworth,LG31,0.53617674
Wandsworth,LG32,0.47320536
Wandsworth,LG33,0.46997404
Wandsworth,LG34,0.481714
Wandsworth,LG35,0.47733092
Wandsworth,LG36,0.40295276
Wandsworth,LG37,0.4000303
Wandsworth,LG38,0.3865534
Wandsworth,LG39,0.38976872
Wandsworth,LG40,0.39721218
Wandsworth,LG41,0.37176773
Wandsworth,LG42,0.35839874
Wandsworth,LG43,0.36564633
Wandsworth,LG44,0.3734492
Wandsworth,LG48,0.46801367
Wandsworth,LG53,0.51455164
Wandsworth,LG54,0.53326565
Wandsworth,LG57,0.56871575
Wandsworth,LG58,0.61512506
Wandsworth,LG61,0.39500904
Wandsworth,R0166,0.46132362
Wandsworth,R0240,0.5242764
Wandsworth,R0275,0.45696706
Wandsworth,R0280,0.45415184
Wandsworth,R0418,0.40780964
Wandsworth,R0429,0.43154436
Wandsworth,R0435,0.524625
Wandsworth,R0564,0.46726555
Wandsworth,R0575,0.5515779
Wandsworth,R0592,0.46588832
Wandsworth,R0728,0.47638088
Wandsworth,R0908,0.5440777
Wandsworth,W19,0.45635977
Wandsworth,W23,0.4660743
Wandsworth,W24,0.46889886
Wandsworth,W25,0.5224144
Wandsworth,17944,0.38115546
Wandsworth,17947,0.43599057
Wandsworth,18732,0.44743037
Wandsworth,25511,0.43449086
Wandsworth,25515,0.56108457
Wandsworth,25519,0.54997647
Wandsworth,29620,0.5433123
Wandsworth,34069,0.41076016
Wandsworth,36729,0.38957003
Wandsworth,8854,0.39753506
Wandsworth,BP4164,0.35529438
Wandsworth,BP4286,0.42932576
Wandsworth,BP4290,0.42354912
Wandsworth,BP4291,0.43235615
Wandsworth,BP4292,0.44358155
Wandsworth,BP4293,0.41655087
Wandsworth,LG04,0.42308664
Westminster,1000,0.33563143
Westminster,1026,0.45407534
Westminster,1027,0.45997423
Westminster,10364,0.47084224
Westminster,1051,0.42942378
Westminster,1052,0.4308692
Westminster,1054,0.47539848
Westminster,107,0.4354865
Westminster,109,0.46465385
Westminster,1095,0.4722576
Westminster,1096,0.47094193
Westminster,11220,0.50838727
Westminster,11221,0.5249606
Westminster,11222,0.40441948
Westminster,11223,0.46641335
Westminster,11321,0.42857385
Westminster,115,0.34851393
Westminster,11517,0.48063558
Westminster,11518,0.5062055
Westminster,11519,0.4754954
Westminster,11561,0.4647781
Westminster,11598,0.48470426
Westminster,11607,0.48557696
Westminster,11663,0.5076262
Westminster,11666,0.4853449
Westminster,11670,0.50699776
Westminster,11671,0.4817389
Westminster,11682,0.46178576
Westminster,11688,0.5218051
Westminster,11689,0.48488155
Westminster,11690,0.4547117
Westminster,11691,0.47187284
Westminster,11696,0.5085844
Westminster,11697,0.46310583
Westminster,11698,0.48404598
Westminster,11700,0.48361737
Westminster,11701,0.48620853
Westminster,11705,0.504261
Westminster,11708,0.49255306
Westminster,11709,0.5035727
Westminster,11710,0.4748193
Westminster,11957,0.44935954
Westminster,11960,0.45690966
Westminster,11962,0.45905784
Westminster,11963,0.45764235
Westminster,11965,0.4451929
Westminster,11968,0.4646711
Westminster,11969,0.47974774
Westminster,11971,0.439669
Westminster,11981,0.4748521
Westminster,11982,0.46571296
Westminster,12037,0.48968238
Westminster,1261,0.499599
Westminster,1263,0.5157532
Westminster,128,0.3977722
Westminster,13,0.47052577
Westminster,14,0.48422694
Westminster,14020,0.5073851
Westminster,143,0.4608483
Westminster,1436,0.49246845
Westminster,146,0.43441227
Westminster,14627,0.5004992
Westminster,14628,0.41892248
Westminster,14635,0.40507987
Westminster,14695,0.38525
Westminster,14703,0.42423993
Westminster,14756,0.4254541
Westminster,148,0.466124
Westminster,14973,0.46222633
Westminster,15192,0.49530527
Westminster,152,0.4374306
Westminster,154,0.44648173
Westminster,157,0.447678
Westminster,15783,0.44596705
Westminster,1582,0.43083885
Westminster,1583,0.42922541
Westminster,1584,0.43530175
Westminster,1585,0.4389011
Westminster,1588,0.43878466
Westminster,1590,0.4754894
Westminster,1591,0.44607368
Westminster,1593,0.47963023
Westminster,1629,0.35588887
Westminster,1630,0.3581311
Westminster,1643,0.47823432
Westminster,1645,0.2430877
Westminster,165,0.5091513
Westminster,1655,0.48580056
Westminster,1658,0.5171314
Westminster,16972,0.50201136
Westminster,1741,0.4646427
Westminster,1742,0.4571674
Westminster,1743,0.4948331
Westminster,175,0.46654284
Westminster,17681,0.37721452
Westminster,17683,0.44812405
Westminster,177,0.47631812
Westminster,179,0.44190916
Westminster,180,0.47097853
Westminster,1803,0.46542072
Westminster,1804,0.4690151
Westminster,1853,0.3349482
Westminster,1945,0.49630684
Westminster,1948,0.48175764
Westminster,20179,0.39640662
Westminster,20434,0.45689926
Westminster,20438,0.34458202
Westminster,20462,0.36428687
Westminster,20472,0.47298414
Westminster,20619,0.47152144
Westminster,20976,0.47158405
Westminster,20983,0.42752236
Westminster,2193,0.48167202
Westminster,23782,0.48631597
Westminster,2418,0.337167
Westminster,2419,0.3490476
Westminster,25145,0.42630377
Westminster,26112,0.4803212
Westminster,26338,0.50663584
Westminster,26597,0.4876614
Westminster,2727,0.47580642
Westminster,2736,0.4658513
Westminster,2737,0.480486
Westminster,2738,0.47962585
Westminster,27512,0.46687102
Westminster,27706,0.49227834
Westminster,27945,0.44584104
Westminster,2829,0.43740395
Westminster,2870,0.42447558
Westminster,28747,0.4561145
Westminster,28972,0.4344178
Westminster,29296,0.40850753
Westminster,29318,0.41703796
Westminster,29319,0.41868773
Westminster,29320,0.44770345
Westminster,29321,0.4738399
Westminster,29396,0.49588788
Westminster,29397,0.50629
Westminster,29626,0.45515457
Westminster,29632,0.45848882
Westminster,29652,0.41671008
Westminster,29684,0.52090013
Westminster,29796,0.44013247
Westminster,29797,0.43397468
Westminster,29807,0.4684089
Westminster,29867,0.4303392
Westminster,29907,0.50288236
Westminster,29976,0.44245604
Westminster,29977,0.4525379
Westminster,29990,0.41095838
Westminster,29991,0.39740065
Westminster,29997,0.42844588
Westminster,31,0.4321126
Westminster,31498,0.41474974
Westminster,3182,0.45656934
Westminster,3183,0.45613316
Westminster,3184,0.4306085
Westminster,3185,0.44031414
Westminster,3186,0.49640352
Westminster,32,0.42250845
Westminster,3234,0.47806987
Westminster,3238,0.42012012
Westminster,3249,0.47346368
Westminster,3251,0.44662067
Westminster,3253,0.48112535
Westminster,3254,0.51718235
Westminster,3256,0.5129225
Westminster,3257,0.49968192
Westminster,3259,0.48468012
Westminster,3260,0.5041625
Westminster,33,0.42730165
Westminster,33062,0.44876465
Westminster,33066,0.38810188
Westminster,332,0.5088301
Westminster,33283,0.49542633
Westminster,33284,0.50272506
Westminster,334,0.5233721
Westminster,33447,0.46771955
Westminster,33477,0.45069668
Westminster,33761,0.42408174
Westminster,34,0.43064725
Westminster,34006,0.40952238
Westminster,34142,0.4677252
Westminster,34143,0.42522827
Westminster,34145,0.48687077
Westminster,34160,0.49794993
Westminster,34383,0.4723025
Westminster,34384,0.44747955
Westminster,34553,0.33922675
Westminster,34554,0.4588187
Westminster,34716,0.46008942
Westminster,34717,0.4869274
Westminster,34798,0.5149571
Westminster,34799,0.5030213
Westminster,34800,0.48503295
Westminster,34801,0.4764743
Westminster,34802,0.48691294
Westminster,34828,0.40933716
Westminster,34846,0.41971934
Westminster,34917,0.48182103
Westminster,34991,0.5508539
Westminster,34992,0.5313747
Westminster,34994,0.5362111
Westminster,351,0.47514614
Westminster,352,0.45781633
Westminster,35232,0.50399196
Westminster,35312,0.48053923
Westminster,35314,0.4233742
Westminster,35420,0.45740774
Westminster,35464,0.44555083
Westminster,35519,0.5413827
Westminster,35730,0.46269968
Westminster,35904,0.47313276
Westminster,36599,0.41386977
Westminster,36760,0.42120975
Westminster,36792,0.47737032
Westminster,36806,0.4796558
Westminster,36857,0.45595315
Westminster,36886,0.49235925
Westminster,369,0.45267376
Westminster,37221,0.413965
Westminster,37229,0.43547115
Westminster,37247,0.50463665
Westminster,37303,0.43342015
Westminster,37317,0.49865377
Westminster,37402,0.3921766
Westminster,37408,0.40351814
Westminster,37630,0.4024614
Westminster,37639,0.38242385
Westminster,37643,0.49446422
Westminster,37655,0.49469018
Westminster,37656,0.43353996
Westminster,37657,0.42678666
Westminster,37658,0.4165141
Westminster,37659,0.43406418
Westminster,449,0.47552007
Westminster,450,0.45677376
Westminster,4773,0.46443868
Westminster,4774,0.47123358
Westminster,4775,0.53794765
Westminster,4789,0.43008295
Westminster,4797,0.4729431
Westminster,4798,0.48755777
Westminster,48,0.50265574
Westminster,4803,0.47362697
Westminster,4804,0.49673238
Westminster,4900,0.48665735
Westminster,4906,0.45524356
Westminster,50,0.48796833
Westminster,51,0.48988068
Westminster,536,0.47378865
Westminster,55,0.507089
Westminster,56,0.46665722
Westminster,58,0.45339248
Westminster,610,0.5102155
Westminster,611,0.50197345
Westminster,621,0.48217762
Westminster,691,0.46046728
Westminster,70,0.48860717
Westminster,721,0.45293587
Westminster,723,0.45525467
Westminster,724,0.44105932
Westminster,725,0.44966778
Westminster,728,0.48466527
Westminster,730,0.49132743
Westminster,7814,0.45307294
Westminster,7815,0.41875687
Westminster,7816,0.4188807
Westminster,7817,0.44369012
Westminster,7819,0.48772928
Westminster,7823,0.4929285
Westminster,7824,0.49659076
Westminster,7825,0.4511297
Westminster,7827,0.46540022
Westminster,7832,0.37018737
Westminster,7833,0.37264362
Westminster,7835,0.39064896
Westminster,7838,0.50195694
Westminster,7840,0.4284848
Westminster,7842,0.40024313
Westminster,7851,0.48156744
Westminster,7852,0.52643484
Westminster,7853,0.46067977
Westminster,7861,0.46349075
Westminster,7863,0.43000254
Westminster,7864,0.43260422
Westminster,7867,0.43551058
Westminster,7869,0.47277603
Westminster,7871,0.4656728
Westminster,7982,0.45734578
Westminster,8276,0.44830453
Westminster,8279,0.42489251
Westminster,8287,0.44643366
Westminster,8395,0.48476645
Westminster,8396,0.44834992
Westminster,8407,0.52311933
Westminster,864,0.45962784
Westminster,91524,0.47670606
Westminster,9392,0.3799669
Westminster,9393,0.37896836
Westminster,9425,0.5064896
Westminster,96,0.43798465
Westminster,976,0.48088595
Westminster,9790,0.4844341
Westminster,9813,0.4498487
Westminster,988,0.4591115
Westminster,989,0.42362446
Westminster,99,0.47905153
Westminster,996,0.3570168
Westminster,BP112,0.5036679
Westminster,BP1402,0.3941749
Westminster,BP1638,0.41449767
Westminster,BP197,0.3940975
Westminster,BP211,0.41242987
Westminster,BP2164,0.43557298
Westminster,BP246,0.29571462
Westminster,BP2845,0.31769797
Westminster,BP3185,0.4707385
Westminster,BP3192,0.49700573
Westminster,BP3404,0.32973847
Westminster,BP3503,0.4429757
Westminster,BP3504,0.43577808
Westminster,BP3505,0.46816623
Westminster,BP3506,0.47217956
Westminster,BP3507,0.4200717
Westminster,BP3508,0.43713117
Westminster,BP3509,0.42746115
Westminster,BP3536,0.48417038
Westminster,BP3695,0.41092074
Westminster,BP3786,0.48308328
Westminster,BP3787,0.45539844
Westminster,BP3799,0.47117698
Westminster,BP4162,0.43609408
Westminster,BP4390,0.43420047
Westminster,BP4391,0.44949004
Westminster,BP4392,0.49865708
Westminster,BP4393,0.4987857
Westminster,BP4407,0.37981984
Westminster,BP4490,0.3296412
Westminster,BP4857,0.43213022
Westminster,BP4940,0.41723838
Westminster,BP5323,0.42680243
Westminster,BP5380,0.41883343
Westminster,BP5458,0.4155634
Westminster,BP5568,0.35772535
Westminster,BP5626,0.46018705
Westminster,BP5663,0.42538512
Westminster,BP5664,0.45228642
Westminster,BP5939,0.38209602
Westminster,BP6251,0.39548573
Westminster,BP6280,0.48692638
Westminster,BP6316,0.47258133
Westminster,BP6325,0.4807519
Westminster,BP6326,0.44391525
Westminster,BP6328,0.43548435
Westminster,BP6508,0.4458148
Westminster,BP6514,0.3838376
Westminster,BP6515,0.38822505
Westminster,BP6516,0.41405448
Westminster,BP6517,0.43449926
Westminster,R0158,0.5490213
Westminster,R0470,0.4595711
Westminster,R0471,0.4449621
Westminster,R0743,0.543806
Westminster,W18,0.5033306
Westminster,11224,0.3978567
Westminster,11692,0.48622563
Westminster,11693,0.49328828
Westminster,11711,0.46067572
Westminster,118,0.41852063
Westminster,150,0.47009283
Westminster,1644,0.48434323
Westminster,16573,0.4517405
Westminster,16574,0.4578622
Westminster,16575,0.45172858
Westminster,189,0.4653983
Westminster,2421,0.37633547
Westminster,29622,0.4684134
Westminster,29623,0.47286126
Westminster,29629,0.5166214
Westminster,3235,0.48706514
Westminster,3352,0.38330042
Westminster,3359,0.38107824
Westminster,3360,0.400607
Westminster,33630,0.44724512
Westminster,33924,0.44448802
Westminster,34101,0.33064708
Westminster,34102,0.5312177
Westminster,34839,0.3440816
Westminster,34847,0.3555021
Westminster,35311,0.4688461
Westminster,36598,0.5236821
Westminster,36947,0.45508024
Westminster,370,0.4364553
Westminster,37122,0.44036788
Westminster,37405,0.34676126
Westminster,37642,0.39344352
Westminster,7820,0.48326725
Westminster,7831,0.44104847
Westminster,7839,0.41605622
Westminster,7849,0.41881406
Westminster,91,0.48345727
Westminster,9395,0.4698386
Westminster,9423,0.47201663
Westminster,BP1698,0.45484442
Westminster,BP213,0.3435049
Westminster,BP214,0.36801812
Westminster,BP2168,0.3967352
Westminster,BP3406,0.52945334
Westminster,BP4875,0.45264822
Westminster,BP4876,0.4418849
Westminster,BP5158,0.33978033
Westminster,BP5379,0.40646783
Westminster,BP5840,0.4784797
Westminster,BP5929,0.41306987
Westminster,BP6270,0.37550038
Westminster,BP6437,0.47146443
Westminster,BP843,0.35819373
Westminster,R0072,0.42252207
