borough,STOPCODE,alpha
Barking and Dagenham,1029,0.5629449
Barking and Dagenham,1216,0.49248388
Barking and Dagenham,1217,0.4931834
Barking and Dagenham,14100,0.5913042
Barking and Dagenham,14119,0.5516737
Barking and Dagenham,14677,0.45986715
Barking and Dagenham,14693,0.5068845
Barking and Dagenham,14694,0.527388
Barking and Dagenham,14718,0.5574541
Barking and Dagenham,14951,0.5181065
Barking and Dagenham,14952,0.5241288
Barking and Dagenham,14953,0.47135198
Barking and Dagenham,14954,0.4804823
Barking and Dagenham,15003,0.46791574
Barking and Dagenham,15004,0.4794242
Barking and Dagenham,15445,0.46662214
Barking and Dagenham,15447,0.4715018
Barking and Dagenham,15448,0.5021725
Barking and Dagenham,15449,0.4587341
Barking and Dagenham,15450,0.5080384
Barking and Dagenham,15451,0.47378436
Barking and Dagenham,15452,0.5439015
Barking and Dagenham,15453,0.4559778
Barking and Dagenham,15454,0.4888987
Barking and Dagenham,15455,0.492427
Barking and Dagenham,15456,0.5190962
Barking and Dagenham,15457,0.5242407
Barking and Dagenham,15458,0.51289105
Barking and Dagenham,15459,0.54711103
Barking and Dagenham,15460,0.5224243
Barking and Dagenham,15461,0.5227916
Barking and Dagenham,15462,0.5385019
Barking and Dagenham,15463,0.53856057
Barking and Dagenham,15464,0.583441
Barking and Dagenham,15465,0.57145077
Barking and Dagenham,15466,0.57592905
Barking and Dagenham,15467,0.5755694
Barking and Dagenham,15468,0.53429437
Barking and Dagenham,15469,0.6012387
Barking and Dagenham,15470,0.5953709
Barking and Dagenham,15477,0.516315
Barking and Dagenham,15478,0.52727616
Barking and Dagenham,15479,0.533336
Barking and Dagenham,15480,0.5324691
Barking and Dagenham,15481,0.51838005
Barking and Dagenham,15482,0.51729816
Barking and Dagenham,15504,0.4572526
Barking and Dagenham,15505,0.42799452
Barking and Dagenham,15506,0.4546118
Barking and Dagenham,15508,0.51136
Barking and Dagenham,15513,0.49147987
Barking and Dagenham,15514,0.48329738
Barking and Dagenham,15515,0.48704585
Barking and Dagenham,15517,0.50846946
Barking and Dagenham,15518,0.53379565
Barking and Dagenham,15519,0.52363867
Barking and Dagenham,15520,0.52260643
Barking and Dagenham,15522,0.4736872
Barking and Dagenham,15586,0.5318671
Barking and Dagenham,16480,0.54888415
Barking and Dagenham,16481,0.58510727
Barking and Dagenham,16484,0.57862204
Barking and Dagenham,16485,0.50638205
Barking and Dagenham,1676,0.61935896
Barking and Dagenham,1677,0.60998696
Barking and Dagenham,16970,0.5003896
Barking and Dagenham,1709,0.591617
Barking and Dagenham,1710,0.5891474
Barking and Dagenham,1711,0.57186353
Barking and Dagenham,18025,0.52671134
Barking and Dagenham,18026,0.5569517
Barking and Dagenham,18296,0.58447015
Barking and Dagenham,18297,0.52400166
Barking and Dagenham,18298,0.59036046
Barking and Dagenham,18299,0.5719809
Barking and Dagenham,1830,0.4614418
Barking and Dagenham,18301,0.528385
Barking and Dagenham,18304,0.5348152
Barking and Dagenham,18305,0.53488976
Barking and Dagenham,18306,0.5196697
Barking and Dagenham,18307,0.5187597
Barking and Dagenham,18308,0.49389702
Barking and Dagenham,18309,0.4601306
Barking and Dagenham,1831,0.47228995
Barking and Dagenham,18310,0.48312658
Barking and Dagenham,18311,0.45851293
Barking and Dagenham,18312,0.49163404
Barking and Dagenham,18313,0.49353278
Barking and Dagenham,18314,0.46131006
Barking and Dagenham,18340,0.50676113
Barking and Dagenham,18341,0.5665799
Barking and Dagenham,18342,0.538049
Barking and Dagenham,18343,0.5604306
Barking and Dagenham,18344,0.5676767
Barking and Dagenham,18345,0.5188147
Barking and Dagenham,18346,0.52426773
Barking and Dagenham,18391,0.53377986
Barking and Dagenham,18392,0.51423246
Barking and Dagenham,18393,0.43756136
Barking and Dagenham,18394,0.43655178
Barking and Dagenham,18800,0.534239
Barking and Dagenham,1904,0.46934384
Barking and Dagenham,19041,0.6193202
Barking and Dagenham,19042,0.58740276
Barking and Dagenham,19296,0.52505016
Barking and Dagenham,19297,0.5314373
Barking and Dagenham,19298,0.5558402
Barking and Dagenham,19299,0.5693449
Barking and Dagenham,19300,0.5842893
Barking and Dagenham,19301,0.58368534
Barking and Dagenham,19302,0.538047
Barking and Dagenham,19303,0.49200428
Barking and Dagenham,19304,0.49104995
Barking and Dagenham,19305,0.48870876
Barking and Dagenham,19306,0.48097605
Barking and Dagenham,19307,0.48888993
Barking and Dagenham,19308,0.49163058
Barking and Dagenham,19309,0.46723172
Barking and Dagenham,19310,0.46664566
Barking and Dagenham,19311,0.48166364
Barking and Dagenham,19312,0.4816579
Barking and Dagenham,19313,0.5179025
Barking and Dagenham,19315,0.49256867
Barking and Dagenham,19316,0.49926388
Barking and Dagenham,20339,0.5827044
Barking and Dagenham,20392,0.54008394
Barking and Dagenham,20499,0.5245466
Barking and Dagenham,20500,0.5299523
Barking and Dagenham,20521,0.52603275
Barking and Dagenham,20540,0.55276775
Barking and Dagenham,20541,0.56030685
Barking and Dagenham,20693,0.5472828
Barking and Dagenham,20694,0.5310156
Barking and Dagenham,20697,0.4491675
Barking and Dagenham,20811,0.5699848
Barking and Dagenham,20822,0.5023511
Barking and Dagenham,20880,0.556619
Barking and Dagenham,20881,0.50570494
Barking and Dagenham,20971,0.5811161
Barking and Dagenham,20988,0.47698337
Barking and Dagenham,2288,0.52363366
Barking and Dagenham,2290,0.5022075
Barking and Dagenham,23397,0.5753062
Barking and Dagenham,25125,0.5243841
Barking and Dagenham,25377,0.51539135
Barking and Dagenham,25378,0.5161734
Barking and Dagenham,25379,0.50927633
Barking and Dagenham,25380,0.506907
Barking and Dagenham,25381,0.5448246
Barking and Dagenham,25382,0.561351
Barking and Dagenham,25383,0.5808752
Barking and Dagenham,25384,0.6180959
Barking and Dagenham,25385,0.5999496
Barking and Dagenham,25386,0.6363206
Barking and Dagenham,25387,0.596787
Barking and Dagenham,25388,0.6334072
Barking and Dagenham,25389,0.5795129
Barking and Dagenham,25390,0.5889822
Barking and Dagenham,25391,0.5702001
Barking and Dagenham,25392,0.5268778
Barking and Dagenham,25393,0.58771706
Barking and Dagenham,25394,0.535099
Barking and Dagenham,25395,0.5817114
Barking and Dagenham,25396,0.57262754
Barking and Dagenham,25399,0.5563252
Barking and Dagenham,26367,0.4938662
Barking and Dagenham,26887,0.520264
Barking and Dagenham,26888,0.4739436
Barking and Dagenham,27451,0.5454658
Barking and Dagenham,27870,0.52310276
Barking and Dagenham,27950,0.53149426
Barking and Dagenham,2838,0.52454245
Barking and Dagenham,29141,0.5400377
Barking and Dagenham,29142,0.5394651
Barking and Dagenham,29143,0.56196654
Barking and Dagenham,29144,0.56092876
Barking and Dagenham,29234,0.49413046
Barking and Dagenham,29235,0.57499564
Barking and Dagenham,29236,0.57181257
Barking and Dagenham,29237,0.59110177
Barking and Dagenham,29238,0.5633451
Barking and Dagenham,29239,0.5858079
Barking and Dagenham,29240,0.57940596
Barking and Dagenham,29241,0.5520215
Barking and Dagenham,29256,0.5321617
Barking and Dagenham,29257,0.5245003
Barking and Dagenham,29258,0.5252061
Barking and Dagenham,29259,0.5345331
Barking and Dagenham,29260,0.545827
Barking and Dagenham,29261,0.5144947
Barking and Dagenham,29262,0.51108706
Barking and Dagenham,29413,0.5618828
Barking and Dagenham,29414,0.5145764
Barking and Dagenham,29415,0.5440135
Barking and Dagenham,29416,0.54204774
Barking and Dagenham,29417,0.5106092
Barking and Dagenham,29418,0.5111613
Barking and Dagenham,29419,0.51659733
Barking and Dagenham,29420,0.5639415
Barking and Dagenham,29422,0.5450092
Barking and Dagenham,29423,0.54680663
Barking and Dagenham,29424,0.5630766
Barking and Dagenham,29425,0.57975155
Barking and Dagenham,29510,0.50569654
Barking and Dagenham,29511,0.51540947
Barking and Dagenham,29512,0.5299676
Barking and Dagenham,29513,0.5029817
Barking and Dagenham,29514,0.5144728
Barking and Dagenham,29516,0.52395344
Barking and Dagenham,29517,0.5411822
Barking and Dagenham,29518,0.52071625
Barking and Dagenham,29542,0.5045902
Barking and Dagenham,29747,0.552043
Barking and Dagenham,29749,0.5502159
Barking and Dagenham,29750,0.5505553
Barking and Dagenham,29751,0.5603806
Barking and Dagenham,29752,0.54541785
Barking and Dagenham,29754,0.50722563
Barking and Dagenham,29776,0.45722926
Barking and Dagenham,29836,0.55228454
Barking and Dagenham,29973,0.45720065
Barking and Dagenham,3319,0.5710312
Barking and Dagenham,3320,0.56061447
Barking and Dagenham,3321,0.49468786
Barking and Dagenham,3322,0.53154147
Barking and Dagenham,33514,0.5362947
Barking and Dagenham,33515,0.6192892
Barking and Dagenham,33722,0.4850908
Barking and Dagenham,33954,0.5061528
Barking and Dagenham,33956,0.48071778
Barking and Dagenham,34726,0.52055407
Barking and Dagenham,34865,0.47682405
Barking and Dagenham,34866,0.4797201
Barking and Dagenham,34884,0.5181103
Barking and Dagenham,34996,0.6068114
Barking and Dagenham,34998,0.5625001
Barking and Dagenham,36559,0.506589
Barking and Dagenham,36651,0.4935078
Barking and Dagenham,37184,0.55178803
Barking and Dagenham,37185,0.5064945
Barking and Dagenham,37186,0.5427917
Barking and Dagenham,37187,0.5298394
Barking and Dagenham,37188,0.56438935
Barking and Dagenham,37189,0.5662076
Barking and Dagenham,37196,0.56113726
Barking and Dagenham,3816,0.4531943
Barking and Dagenham,4282,0.53448087
Barking and Dagenham,4283,0.52951556
Barking and Dagenham,4284,0.5106176
Barking and Dagenham,4285,0.5166483
Barking and Dagenham,4294,0.6297334
Barking and Dagenham,4295,0.5967086
Barking and Dagenham,4296,0.52011776
Barking and Dagenham,4298,0.51538557
Barking and Dagenham,4303,0.5663617
Barking and Dagenham,587,0.531588
Barking and Dagenham,9544,0.46492293
Barking and Dagenham,9548,0.44719023
Barking and Dagenham,9645,0.5136521
Barking and Dagenham,9646,0.45674425
Barking and Dagenham,9820,0.48592508
Barking and Dagenham,9821,0.47088987
Barking and Dagenham,9822,0.4469838
Barking and Dagenham,9823,0.45608446
Barking and Dagenham,BP071,0.4713129
Barking and Dagenham,BP096,0.450233
Barking and Dagenham,BP1105,0.51980585
Barking and Dagenham,BP1296,0.511794
Barking and Dagenham,BP133,0.5873298
Barking and Dagenham,BP147,0.49715844
Barking and Dagenham,BP155,0.49859017
Barking and Dagenham,BP164,0.4686035
Barking and Dagenham,BP1750,0.5688974
Barking and Dagenham,BP181,0.5021649
Barking and Dagenham,BP1920,0.45546255
Barking and Dagenham,BP1991,0.4287363
Barking and Dagenham,BP2154,0.48404366
Barking and Dagenham,BP2155,0.50291353
Barking and Dagenham,BP222,0.5321167
Barking and Dagenham,BP227,0.55707735
Barking and Dagenham,BP230,0.5201447
Barking and Dagenham,BP2661,0.5444829
Barking and Dagenham,BP270,0.4776858
Barking and Dagenham,BP2818,0.5010589
Barking and Dagenham,BP3038,0.5509644
Barking and Dagenham,BP3039,0.5571775
Barking and Dagenham,BP3042,0.54836094
Barking and Dagenham,BP3472,0.47708336
Barking and Dagenham,BP4055,0.5131195
Barking and Dagenham,BP4056,0.49260223
Barking and Dagenham,BP433,0.52053463
Barking and Dagenham,BP4381,0.52868366
Barking and Dagenham,BP4382,0.5319579
Barking and Dagenham,BP4426,0.51867557
Barking and Dagenham,BP4431,0.5352924
Barking and Dagenham,BP4609,0.47927937
Barking and Dagenham,BP5390,0.43850768
Barking and Dagenham,BP5397,0.52592254
Barking and Dagenham,BP5398,0.51825625
Barking and Dagenham,BP5400,0.54196835
Barking and Dagenham,BP5410,0.48280346
Barking and Dagenham,BP5411,0.4843504
Barking and Dagenham,BP5414,0.49468726
Barking and Dagenham,BP5415,0.48166996
Barking and Dagenham,BP5434,0.5145414
Barking and Dagenham,BP5546,0.49149993
Barking and Dagenham,BP5652,0.45431173
Barking and Dagenham,BP5653,0.46057722
Barking and Dagenham,BP5755,0.45721102
Barking and Dagenham,BP5799,0.5530794
Barking and Dagenham,BP6069,0.5873392
Barking and Dagenham,BP6070,0.5427965
Barking and Dagenham,BP6071,0.5258019
Barking and Dagenham,BP6072,0.53373027
Barking and Dagenham,BP6138,0.57211906
Barking and Dagenham,BP6283,0.501751
Barking and Dagenham,BP6284,0.5074581
Barking and Dagenham,BP6285,0.5087984
Barking and Dagenham,HC220,0.5327993
Barking and Dagenham,HC221,0.4906313
Barking and Dagenham,HC222,0.51957333
Barking and Dagenham,HC223,0.48661804
Barking and Dagenham,HC224,0.5708495
Barking and Dagenham,HC225,0.5336784
Barking and Dagenham,HC294,0.54812497
Barking and Dagenham,HC295,0.567551
Barking and Dagenham,HC296,0.5084534
Barking and Dagenham,LE134,0.52647954
Barking and Dagenham,LE171,0.45433053
Barking and Dagenham,LE195,0.5189293
Barking and Dagenham,LE217,0.55020463
Barking and Dagenham,LE218,0.5576336
Barking and Dagenham,LE222,0.49310037
Barking and Dagenham,LE223,0.49428573
Barking and Dagenham,LE224,0.5064094
Barking and Dagenham,OC628,0.52796257
Barking and Dagenham,R0067,0.49067545
Barking and Dagenham,R0068,0.51939446
Barking and Dagenham,R0175,0.54822105
Barking and Dagenham,R0320,0.52198756
Barking and Dagenham,R0338,0.4342113
Barking and Dagenham,R0590,0.5779086
Barking and Dagenham,15585,0.52912974
Barking and Dagenham,29139,0.51061445
Barking and Dagenham,29140,0.51136637
Barking and Dagenham,29756,0.46016887
Barking and Dagenham,33951,0.5338522
Barking and Dagenham,33952,0.5040311
Barking and Dagenham,33955,0.510913
Barking and Dagenham,34361,0.46161988
Barking and Dagenham,34843,0.4702494
Barking and Dagenham,35770,0.5052478
Barking and Dagenham,35771,0.47802824
Barking and Dagenham,4279,0.5329731
Barking and Dagenham,695,0.47942898
Barking and Dagenham,BP236,0.52358395
Barking and Dagenham,BP4052,0.5239878
Barking and Dagenham,BP4053,0.49859017
Barking and Dagenham,BP4054,0.4951733
Barking and Dagenham,BP4057,0.52386713
Barking and Dagenham,BP4191,0.5472444
Barking and Dagenham,BP4825,0.48107535
Barking and Dagenham,LE138,0.47506556
Barking and Dagenham,LE174,0.48188877
Barnet,1023,0.49664888
Barnet,10242,0.51260036
Barnet,11136,0.53960127
Barnet,11205,0.63230526
Barnet,11772,0.50051516
Barnet,11773,0.5006343
Barnet,1184,0.6328466
Barnet,11992,0.5123575
Barnet,12085,0.72515464
Barnet,12086,0.65138125
Barnet,12087,0.6385019
Barnet,12088,0.5921842
Barnet,12089,0.5956639
Barnet,12199,0.7125451
Barnet,12200,0.7256594
Barnet,12201,0.6968122
Barnet,12218,0.57861704
Barnet,12912,0.5241471
Barnet,12913,0.5895906
Barnet,12914,0.59235084
Barnet,1306,0.5087563
Barnet,1307,0.4890108
Barnet,1308,0.50071466
Barnet,1309,0.50214905
Barnet,1310,0.5124491
Barnet,1311,0.491147
Barnet,1329,0.5287739
Barnet,1330,0.5508422
Barnet,1333,0.6168646
Barnet,1334,0.6124557
Barnet,13422,0.58414197
Barnet,13423,0.5781629
Barnet,13424,0.64695704
Barnet,13425,0.63363415
Barnet,13507,0.5705682
Barnet,14130,0.49968418
Barnet,14131,0.3854276
Barnet,14461,0.48249784
Barnet,14462,0.48467904
Barnet,14632,0.57211334
Barnet,14636,0.575076
Barnet,1466,0.52523905
Barnet,14701,0.6869035
Barnet,14702,0.71200407
Barnet,14721,0.52325463
Barnet,14722,0.5174806
Barnet,14768,0.50501114
Barnet,14769,0.49704885
Barnet,14770,0.495092
Barnet,14772,0.6273999
Barnet,14773,0.58840555
Barnet,14774,0.6051378
Barnet,14775,0.5636536
Barnet,14776,0.6001502
Barnet,14777,0.56712663
Barnet,14778,0.56494355
Barnet,14779,0.5607629
Barnet,1478,0.5687991
Barnet,14869,0.49690083
Barnet,14870,0.53999
Barnet,14888,0.5337179
Barnet,14927,0.57945514
Barnet,15039,0.53689426
Barnet,15092,0.4790425
Barnet,15093,0.47403538
Barnet,15094,0.5051132
Barnet,15095,0.4883386
Barnet,15096,0.56311554
Barnet,15097,0.55255324
Barnet,15098,0.5747949
Barnet,15099,0.57639354
Barnet,1516,0.54447794
Barnet,15417,0.51886666
Barnet,15418,0.532253
Barnet,15419,0.5640535
Barnet,1542,0.5530709
Barnet,15420,0.54731613
Barnet,15421,0.5080005
Barnet,15422,0.52987367
Barnet,15424,0.48185572
Barnet,1543,0.54935765
Barnet,1555,0.5218405
Barnet,1556,0.52856565
Barnet,15606,0.6623
Barnet,15607,0.60651857
Barnet,15608,0.6094867
Barnet,15609,0.60949486
Barnet,15610,0.6640056
Barnet,15611,0.6547994
Barnet,15612,0.66432434
Barnet,15613,0.6770565
Barnet,15615,0.51476383
Barnet,15620,0.5425901
Barnet,15621,0.5472202
Barnet,15626,0.635528
Barnet,15627,0.6105677
Barnet,15628,0.64685
Barnet,15629,0.6523074
Barnet,15630,0.63841885
Barnet,15631,0.65078056
Barnet,15632,0.5481977
Barnet,15633,0.5534785
Barnet,15634,0.56360644
Barnet,15636,0.5747227
Barnet,15638,0.56736404
Barnet,15639,0.55349815
Barnet,15640,0.5717956
Barnet,15641,0.58122736
Barnet,15642,0.58120525
Barnet,15643,0.6095891
Barnet,15644,0.6436312
Barnet,15677,0.4784871
Barnet,15737,0.54826814
Barnet,15738,0.53730947
Barnet,15739,0.57841414
Barnet,15741,0.51968646
Barnet,15742,0.5183883
Barnet,15743,0.42382833
Barnet,15744,0.45321068
Barnet,15745,0.47703668
Barnet,15746,0.4421145
Barnet,15749,0.5748482
Barnet,15750,0.5942541
Barnet,15751,0.6433692
Barnet,15752,0.6447853
Barnet,15753,0.64506733
Barnet,15754,0.68681204
Barnet,15755,0.548688
Barnet,15756,0.56374973
Barnet,15757,0.5419831
Barnet,15758,0.5406825
Barnet,15759,0.5243513
Barnet,15760,0.49592483
Barnet,15912,0.46896973
Barnet,15913,0.46982244
Barnet,15914,0.4761554
Barnet,15915,0.48325884
Barnet,15916,0.5298166
Barnet,15917,0.53754216
Barnet,15918,0.49061427
Barnet,15919,0.5208945
Barnet,15920,0.5068222
Barnet,15921,0.49167082
Barnet,15922,0.5101002
Barnet,15923,0.5162396
Barnet,15924,0.5067615
Barnet,15925,0.5191006
Barnet,15926,0.5199806
Barnet,15927,0.5036007
Barnet,15928,0.5167672
Barnet,15929,0.48192686
Barnet,15930,0.5007356
Barnet,15932,0.5213953
Barnet,15933,0.55457026
Barnet,15934,0.57754177
Barnet,15951,0.4994652
Barnet,16028,0.58288664
Barnet,16029,0.5874896
Barnet,16067,0.50739056
Barnet,16068,0.5332867
Barnet,16069,0.5528461
Barnet,16070,0.54713994
Barnet,16071,0.5531006
Barnet,16072,0.5517456
Barnet,16073,0.534197
Barnet,16074,0.4848338
Barnet,16104,0.60892254
Barnet,16105,0.65348417
Barnet,16108,0.5567955
Barnet,16109,0.5689008
Barnet,16110,0.5511011
Barnet,16111,0.5395241
Barnet,16453,0.669216
Barnet,16454,0.66845655
Barnet,16455,0.67972034
Barnet,16457,0.70797765
Barnet,16458,0.7080894
Barnet,16459,0.58885807
Barnet,16460,0.598764
Barnet,16469,0.5554933
Barnet,16470,0.55205667
Barnet,16471,0.57058996
Barnet,16472,0.592357
Barnet,16473,0.5489122
Barnet,16474,0.5214455
Barnet,16475,0.5478963
Barnet,16487,0.52563506
Barnet,16488,0.5204521
Barnet,16489,0.5384978
Barnet,16490,0.5341709
Barnet,16491,0.58354574
Barnet,16492,0.58939976
Barnet,16493,0.48878452
Barnet,16494,0.49075267
Barnet,16495,0.47366986
Barnet,16496,0.46857008
Barnet,16497,0.4905566
Barnet,16498,0.48532197
Barnet,16500,0.48095515
Barnet,16501,0.47429708
Barnet,16503,0.5030721
Barnet,16504,0.4736335
Barnet,16505,0.44570962
Barnet,16506,0.41757244
Barnet,16507,0.48566788
Barnet,16508,0.4970135
Barnet,16509,0.51931703
Barnet,16510,0.5117092
Barnet,16511,0.49272144
Barnet,16512,0.50130737
Barnet,16519,0.5220802
Barnet,16520,0.5733087
Barnet,16521,0.46133214
Barnet,16523,0.51467997
Barnet,16524,0.51153064
Barnet,16525,0.62554693
Barnet,16526,0.6065931
Barnet,16527,0.51542675
Barnet,16528,0.48886234
Barnet,16529,0.45214766
Barnet,16530,0.44913453
Barnet,16531,0.48065662
Barnet,16532,0.49346212
Barnet,16533,0.5749147
Barnet,16536,0.5535318
Barnet,16537,0.56773454
Barnet,16538,0.47758985
Barnet,16539,0.50851053
Barnet,16540,0.51718265
Barnet,16571,0.6073311
Barnet,16572,0.60721266
Barnet,16973,0.63818264
Barnet,16975,0.6789668
Barnet,16990,0.552704
Barnet,16991,0.6400215
Barnet,16992,0.5899575
Barnet,16993,0.67419004
Barnet,16994,0.6509122
Barnet,16995,0.65041065
Barnet,16996,0.66851765
Barnet,17035,0.6598527
Barnet,17099,0.58403146
Barnet,17100,0.4997102
Barnet,17101,0.65214956
Barnet,17102,0.5274081
Barnet,17166,0.4965933
Barnet,17167,0.57752043
Barnet,17168,0.5796906
Barnet,17169,0.57208467
Barnet,17256,0.50620705
Barnet,17257,0.40065843
Barnet,17259,0.6466654
Barnet,17260,0.6473988
Barnet,17267,0.57072747
Barnet,17268,0.5835039
Barnet,17269,0.5892439
Barnet,17270,0.5561024
Barnet,17271,0.5819628
Barnet,17272,0.5544002
Barnet,17273,0.5152713
Barnet,1731,0.55567837
Barnet,17469,0.5722107
Barnet,17470,0.559268
Barnet,17473,0.51306623
Barnet,17580,0.56072617
Barnet,17718,0.51788086
Barnet,17719,0.4832936
Barnet,17768,0.5286299
Barnet,17770,0.5541381
Barnet,17771,0.5691633
Barnet,18099,0.67695606
Barnet,18100,0.67556524
Barnet,18102,0.6264443
Barnet,18104,0.6952183
Barnet,18105,0.69099194
Barnet,18106,0.6946096
Barnet,18107,0.70182484
Barnet,18108,0.68084055
Barnet,18109,0.7293228
Barnet,18110,0.7282195
Barnet,18111,0.7411011
Barnet,18112,0.5871164
Barnet,18113,0.59960157
Barnet,18114,0.5923013
Barnet,18115,0.58976626
Barnet,18116,0.6075314
Barnet,18117,0.5929839
Barnet,18118,0.57453066
Barnet,18119,0.5506142
Barnet,18120,0.5715248
Barnet,18121,0.5829618
Barnet,18122,0.59629047
Barnet,18729,0.5768999
Barnet,18730,0.6285488
Barnet,18912,0.5288146
Barnet,19142,0.65011704
Barnet,19143,0.71139854
Barnet,19144,0.63274854
Barnet,19145,0.6955359
Barnet,19146,0.6931113
Barnet,19147,0.7487077
Barnet,19148,0.7473628
Barnet,19149,0.6744207
Barnet,19150,0.73441386
Barnet,19151,0.66548896
Barnet,19152,0.6655761
Barnet,19153,0.6416044
Barnet,19154,0.6434041
Barnet,19155,0.62653255
Barnet,19156,0.64600366
Barnet,19159,0.674655
Barnet,19160,0.6574924
Barnet,19163,0.65593064
Barnet,19164,0.65598476
Barnet,19165,0.666841
Barnet,19166,0.66837496
Barnet,19167,0.6203189
Barnet,19168,0.6177975
Barnet,19169,0.6481515
Barnet,19170,0.6512499
Barnet,19171,0.60854965
Barnet,19172,0.6084721
Barnet,19173,0.6244173
Barnet,19174,0.62047774
Barnet,19175,0.49800292
Barnet,19176,0.4938138
Barnet,19215,0.7140935
Barnet,19216,0.71743304
Barnet,19264,0.5335646
Barnet,19541,0.5108776
Barnet,19606,0.46788135
Barnet,19607,0.512194
Barnet,19608,0.5165078
Barnet,19609,0.4833524
Barnet,19610,0.48906174
Barnet,19611,0.47373095
Barnet,19612,0.44476944
Barnet,19613,0.54881907
Barnet,19614,0.5163145
Barnet,19615,0.4927234
Barnet,19616,0.49078676
Barnet,20145,0.4900477
Barnet,20146,0.48822626
Barnet,20282,0.5331924
Barnet,20313,0.5587756
Barnet,20363,0.6485743
Barnet,20364,0.6487977
Barnet,20424,0.61003447
Barnet,20498,0.51150125
Barnet,2071,0.6397254
Barnet,2072,0.6567992
Barnet,20800,0.579745
Barnet,20857,0.5666106
Barnet,20858,0.55676913
Barnet,20859,0.5570999
Barnet,20860,0.5634197
Barnet,20861,0.6917415
Barnet,20862,0.691679
Barnet,20863,0.6152012
Barnet,20864,0.6388193
Barnet,20865,0.6595943
Barnet,20866,0.6400669
Barnet,20909,0.4698661
Barnet,20910,0.4805115
Barnet,20928,0.49824467
Barnet,20929,0.49695623
Barnet,2294,0.52444595
Barnet,2295,0.5141677
Barnet,2297,0.4799634
Barnet,2298,0.50659645
Barnet,2299,0.51008177
Barnet,23435,0.63060385
Barnet,25027,0.4867799
Barnet,25042,0.42571896
Barnet,25043,0.3959192
Barnet,25044,0.61312926
Barnet,25045,0.6046746
Barnet,25046,0.62809676
Barnet,25048,0.6196763
Barnet,25072,0.5083633
Barnet,25080,0.5779513
Barnet,25102,0.5824669
Barnet,25118,0.5382013
Barnet,25841,0.528439
Barnet,25842,0.52590317
Barnet,25964,0.60842574
Barnet,25965,0.5889879
Barnet,25966,0.59582925
Barnet,25967,0.5823273
Barnet,25968,0.5893501
Barnet,25975,0.559399
Barnet,26154,0.59382135
Barnet,26155,0.58570063
Barnet,26156,0.6482647
Barnet,26157,0.65794265
Barnet,26158,0.6146209
Barnet,26159,0.64100057
Barnet,26160,0.59835285
Barnet,26161,0.5698836
Barnet,26163,0.5683146
Barnet,26165,0.5781649
Barnet,26166,0.5704616
Barnet,26167,0.6004467
Barnet,26168,0.602334
Barnet,26169,0.609949
Barnet,26170,0.61587346
Barnet,26171,0.62101084
Barnet,26172,0.62096125
Barnet,26173,0.6402716
Barnet,26174,0.6402313
Barnet,26196,0.62502265
Barnet,26200,0.53894925
Barnet,26202,0.49302945
Barnet,26484,0.61076355
Barnet,2664,0.5501083
Barnet,26884,0.57704616
Barnet,26886,0.6307274
Barnet,26985,0.5448594
Barnet,26986,0.5558076
Barnet,27454,0.4567916
Barnet,27455,0.5718233
Barnet,27459,0.5831859
Barnet,27476,0.5748035
Barnet,27477,0.57229394
Barnet,27559,0.5835172
Barnet,27562,0.5396554
Barnet,27563,0.5357792
Barnet,2758,0.5450764
Barnet,2759,0.47658512
Barnet,27596,0.71426207
Barnet,27597,0.7172862
Barnet,27598,0.58819205
Barnet,27599,0.5957755
Barnet,2760,0.51014346
Barnet,2761,0.55123866
Barnet,27625,0.57858574
Barnet,2763,0.46438286
Barnet,2764,0.47857708
Barnet,2765,0.46528137
Barnet,2766,0.5124831
Barnet,2767,0.52505654
Barnet,2768,0.54474723
Barnet,2770,0.49265245
Barnet,2771,0.4971371
Barnet,2773,0.51621604
Barnet,2774,0.5269681
Barnet,2775,0.49157286
Barnet,2776,0.5061448
Barnet,27781,0.4681379
Barnet,27787,0.4934881
Barnet,27880,0.5187826
Barnet,27912,0.5510632
Barnet,2795,0.5314604
Barnet,2796,0.5693735
Barnet,27971,0.4989109
Barnet,2799,0.5193387
Barnet,2800,0.5456284
Barnet,2801,0.4814787
Barnet,28900,0.493525
Barnet,29171,0.5090594
Barnet,29295,0.5672368
Barnet,29581,0.5190513
Barnet,29600,0.53334475
Barnet,29699,0.5013759
Barnet,2970,0.49287412
Barnet,29701,0.5494396
Barnet,29704,0.6123468
Barnet,29705,0.52029073
Barnet,29706,0.5803257
Barnet,29707,0.5767537
Barnet,29708,0.5458218
Barnet,29709,0.6344771
Barnet,2971,0.4638564
Barnet,29710,0.5007873
Barnet,29711,0.50515974
Barnet,29712,0.5406654
Barnet,29713,0.5007321
Barnet,29714,0.5303479
Barnet,29715,0.52386945
Barnet,29716,0.546131
Barnet,2972,0.4279213
Barnet,2976,0.6030141
Barnet,2978,0.5287857
Barnet,2982,0.5601586
Barnet,29833,0.5232942
Barnet,29834,0.5242657
Barnet,2990,0.5211193
Barnet,29919,0.54420185
Barnet,3193,0.5508209
Barnet,3195,0.6605115
Barnet,3196,0.66042995
Barnet,3295,0.56252956
Barnet,33152,0.60368013
Barnet,33333,0.47725555
Barnet,33334,0.47547632
Barnet,33355,0.5496011
Barnet,33356,0.5514514
Barnet,33499,0.5179037
Barnet,33500,0.5606705
Barnet,33501,0.55678856
Barnet,33502,0.5919923
Barnet,33503,0.5657271
Barnet,33504,0.60260546
Barnet,33648,0.6021459
Barnet,33744,0.5156148
Barnet,33771,0.56924343
Barnet,33772,0.5769746
Barnet,33773,0.57546276
Barnet,33774,0.57749724
Barnet,34042,0.5021768
Barnet,34043,0.47816864
Barnet,34159,0.5937178
Barnet,34183,0.5204685
Barnet,34201,0.43670952
Barnet,34202,0.4136418
Barnet,34203,0.41570514
Barnet,3435,0.55657196
Barnet,3437,0.5516173
Barnet,3438,0.55750823
Barnet,3439,0.6498111
Barnet,3440,0.6627793
Barnet,3441,0.5578408
Barnet,34430,0.5510283
Barnet,34431,0.5932764
Barnet,34432,0.64792657
Barnet,34433,0.6702097
Barnet,34434,0.6175166
Barnet,34435,0.59740645
Barnet,34436,0.57930714
Barnet,34437,0.5495593
Barnet,34454,0.5145884
Barnet,34606,0.4990852
Barnet,34608,0.47561592
Barnet,34609,0.48180208
Barnet,34610,0.51267815
Barnet,34718,0.4869084
Barnet,34719,0.47423697
Barnet,34720,0.5397076
Barnet,34721,0.5173509
Barnet,34722,0.5968453
Barnet,34723,0.58139145
Barnet,34758,0.54019344
Barnet,34872,0.49522597
Barnet,34914,0.4969594
Barnet,3518,0.49295574
Barnet,35204,0.48033342
Barnet,35205,0.51504385
Barnet,35211,0.52343553
Barnet,35215,0.47170866
Barnet,35216,0.488298
Barnet,35276,0.5801318
Barnet,35326,0.4379675
Barnet,35327,0.4423703
Barnet,35333,0.5051757
Barnet,35337,0.5940956
Barnet,35528,0.47997218
Barnet,35632,0.58207166
Barnet,35838,0.52187073
Barnet,35839,0.5496373
Barnet,35840,0.5228353
Barnet,35841,0.5185402
Barnet,35842,0.5411816
Barnet,35843,0.5473489
Barnet,35844,0.53634924
Barnet,35845,0.4998296
Barnet,35846,0.5009881
Barnet,35847,0.5023597
Barnet,36793,0.4854842
Barnet,37232,0.48319587
Barnet,37233,0.47900468
Barnet,37239,0.46316504
Barnet,37240,0.46152276
Barnet,3776,0.6258331
Barnet,3777,0.61733085
Barnet,3778,0.6536757
Barnet,3807,0.64504653
Barnet,3808,0.62996703
Barnet,3809,0.58224064
Barnet,3810,0.5876197
Barnet,4127,0.5804592
Barnet,4647,0.47821203
Barnet,4651,0.51226336
Barnet,4653,0.54955065
Barnet,4690,0.4729948
Barnet,4692,0.5058103
Barnet,4694,0.52878964
Barnet,4695,0.53459364
Barnet,4705,0.51921153
Barnet,565,0.4608632
Barnet,6045,0.56147444
Barnet,6047,0.537372
Barnet,6048,0.5711043
Barnet,6051,0.5135714
Barnet,6052,0.53485096
Barnet,6056,0.53849465
Barnet,6061,0.6176528
Barnet,6063,0.56230915
Barnet,6071,0.5376304
Barnet,6073,0.46978474
Barnet,6074,0.4505671
Barnet,6077,0.5439149
Barnet,6078,0.55486
Barnet,6079,0.5437784
Barnet,6080,0.5519768
Barnet,6081,0.50823367
Barnet,6082,0.51678187
Barnet,6083,0.49527457
Barnet,6084,0.5266853
Barnet,6085,0.5005143
Barnet,6090,0.5485305
Barnet,6091,0.52891237
Barnet,6092,0.5209588
Barnet,6095,0.52201766
Barnet,6096,0.5091346
Barnet,6097,0.5248526
Barnet,6098,0.50826544
Barnet,6099,0.5445229
Barnet,6100,0.49616805
Barnet,6108,0.4399671
Barnet,6109,0.43679956
Barnet,6112,0.4785788
Barnet,6113,0.4259596
Barnet,6114,0.476456
Barnet,6117,0.44079328
Barnet,6691,0.44060454
Barnet,70119,0.51465106
Barnet,70120,0.5163686
Barnet,70228,0.46733162
Barnet,7520,0.45185435
Barnet,7521,0.48710367
Barnet,764,0.5439191
Barnet,765,0.52385974
Barnet,766,0.5261569
Barnet,80002,0.6115834
Barnet,80003,0.58180875
Barnet,80005,0.6336777
Barnet,80006,0.5914754
Barnet,80007,0.6293501
Barnet,80008,0.53209054
Barnet,80009,0.50710833
Barnet,80013,0.63940036
Barnet,8285,0.50046575
Barnet,8428,0.49660254
Barnet,8506,0.4845594
Barnet,8745,0.50229204
Barnet,9011,0.49556416
Barnet,9421,0.49503314
Barnet,9878,0.58849907
Barnet,9882,0.47847345
Barnet,9883,0.46550998
Barnet,9884,0.46856046
Barnet,9887,0.5285626
Barnet,9888,0.57164425
Barnet,9889,0.6224317
Barnet,9890,0.62799025
Barnet,9892,0.5797327
Barnet,9893,0.581864
Barnet,9894,0.5777987
Barnet,9897,0.50388914
Barnet,9899,0.49618977
Barnet,9901,0.50062215
Barnet,9903,0.5333764
Barnet,9906,0.4662552
Barnet,9907,0.49374947
Barnet,9908,0.49898842
Barnet,9909,0.5091983
Barnet,9910,0.5090808
Barnet,9912,0.6106321
Barnet,9913,0.6200682
Barnet,9914,0.59097934
Barnet,9915,0.6361791
Barnet,9916,0.5785873
Barnet,9917,0.6380994
Barnet,9918,0.58027005
Barnet,9919,0.6108254
Barnet,9920,0.61004347
Barnet,9921,0.6149359
Barnet,9922,0.6131832
Barnet,9923,0.57623726
Barnet,9926,0.5760486
Barnet,9927,0.5753867
Barnet,9933,0.5084685
Barnet,9934,0.5045467
Barnet,9935,0.499867
Barnet,9936,0.5168507
Barnet,9937,0.49972716
Barnet,9938,0.53502685
Barnet,9939,0.5351225
Barnet,9940,0.5519565
Barnet,9941,0.5331236
Barnet,9944,0.47817954
Barnet,9945,0.48419246
Barnet,9947,0.48067394
Barnet,9949,0.4861162
Barnet,9950,0.47370762
Barnet,9951,0.46969542
Barnet,9952,0.48511475
Barnet,9953,0.5014863
Barnet,BP090,0.5062371
Barnet,BP1110,0.61495155
Barnet,BP1203,0.55558234
Barnet,BP1265,0.58401674
Barnet,BP1318,0.6663502
Barnet,BP1540,0.5777051
Barnet,BP1612,0.61099964
Barnet,BP1616,0.549484
Barnet,BP172,0.50758165
Barnet,BP173,0.5250464
Barnet,BP1749,0.5940504
Barnet,BP1800,0.5050527
Barnet,BP1961,0.5372328
Barnet,BP1962,0.69024724
Barnet,BP2072,0.4149139
Barnet,BP2076,0.613073
Barnet,BP2077,0.5767754
Barnet,BP2078,0.59163034
Barnet,BP2079,0.5526856
Barnet,BP2080,0.5525121
Barnet,BP228,0.4821442
Barnet,BP247,0.47110412
Barnet,BP269,0.56762487
Barnet,BP2776,0.5876293
Barnet,BP283,0.59558487
Barnet,BP2832,0.49825647
Barnet,BP2833,0.4982347
Barnet,BP2834,0.4981074
Barnet,BP2835,0.53098756
Barnet,BP3077,0.4902871
Barnet,BP3120,0.4913113
Barnet,BP3223,0.49724674
Barnet,BP3880,0.5582911
Barnet,BP3968,0.5327933
Barnet,BP3969,0.52911144
Barnet,BP3970,0.5428992
Barnet,BP3971,0.5433262
Barnet,BP3972,0.5603501
Barnet,BP3973,0.5696666
Barnet,BP3974,0.49915
Barnet,BP3975,0.55034083
Barnet,BP3976,0.5426164
Barnet,BP3977,0.55550927
Barnet,BP3978,0.5420082
Barnet,BP3979,0.50118047
Barnet,BP3980,0.4853767
Barnet,BP3981,0.5243027
Barnet,BP3982,0.5171903
Barnet,BP3983,0.52125084
Barnet,BP3984,0.5808609
Barnet,BP3985,0.55617225
Barnet,BP3986,0.55237716
Barnet,BP4087,0.49707365
Barnet,BP4088,0.49773496
Barnet,BP4090,0.5095277
Barnet,BP4124,0.520848
Barnet,BP4125,0.47909284
Barnet,BP4294,0.50167686
Barnet,BP4376,0.48373097
Barnet,BP5114,0.48123977
Barnet,BP5308,0.5447661
Barnet,BP5505,0.5048677
Barnet,BP5506,0.5038081
Barnet,BP5507,0.5187635
Barnet,BP5508,0.48486996
Barnet,BP5509,0.4920041
Barnet,BP5510,0.49155152
Barnet,BP5511,0.5154202
Barnet,BP5557,0.4501159
Barnet,BP5689,0.5998157
Barnet,BP5695,0.6351446
Barnet,BP5760,0.5149144
Barnet,BP5952,0.5205293
Barnet,BP5959,0.5487029
Barnet,BP5960,0.55469954
Barnet,BP5961,0.55008566
Barnet,BP600,0.4818756
Barnet,BP6058,0.49987224
Barnet,BP6059,0.48445165
Barnet,BP6060,0.5145066
Barnet,BP6062,0.46398205
Barnet,BP615,0.5697694
Barnet,BP6335,0.50015765
Barnet,BP6336,0.4992838
Barnet,BP6337,0.49169007
Barnet,BP6433,0.5682406
Barnet,BP6578,0.60301787
Barnet,HC100,0.6376136
Barnet,HC101,0.6590565
Barnet,HC102,0.6761202
Barnet,HC103,0.50331795
Barnet,HC104,0.48435366
Barnet,HC105,0.6562759
Barnet,HC203,0.529837
Barnet,HC204,0.5335838
Barnet,HC229,0.4971523
Barnet,HC231,0.6556153
Barnet,HC232,0.63353145
Barnet,HC233,0.49205685
Barnet,HC304,0.6432951
Barnet,HC305,0.64330006
Barnet,HC306,0.6368266
Barnet,HC307,0.63932014
Barnet,HC308,0.61794525
Barnet,HC309,0.6179601
Barnet,HC310,0.59585214
Barnet,HC311,0.67679876
Barnet,HC312,0.66342884
Barnet,HC313,0.5929638
Barnet,HC314,0.6141696
Barnet,HC315,0.5997153
Barnet,HC316,0.59056383
Barnet,HC317,0.66218275
Barnet,HC318,0.6669751
Barnet,HC319,0.6654668
Barnet,HC326,0.6319699
Barnet,HC328,0.6077894
Barnet,HC330,0.6192408
Barnet,HC332,0.62170315
Barnet,HC333,0.6080075
Barnet,HC335,0.58536774
Barnet,HC340,0.64404196
Barnet,HC342,0.5913251
Barnet,HC343,0.64564955
Barnet,HC344,0.64035803
Barnet,HC345,0.6195954
Barnet,HC347,0.67194915
Barnet,HC348,0.6208029
Barnet,HC349,0.61916417
Barnet,HC35,0.50075895
Barnet,HC350,0.60465485
Barnet,HC351,0.60745496
Barnet,HC352,0.6422474
Barnet,HC353,0.65252084
Barnet,HC354,0.6386008
Barnet,HC355,0.6556633
Barnet,HC356,0.64270383
Barnet,HC357,0.64013106
Barnet,HC359,0.6244499
Barnet,HC360,0.61854345
Barnet,HC361,0.589334
Barnet,HC362,0.5891638
Barnet,HC363,0.5894649
Barnet,HC37,0.511663
Barnet,HC39,0.61920655
Barnet,HC41,0.6205556
Barnet,HC437,0.51269066
Barnet,HC605,0.51446366
Barnet,HC606,0.50848335
Barnet,HC639,0.53925896
Barnet,HC640,0.52587926
Barnet,HC641,0.5258458
Barnet,HC642,0.5188761
Barnet,HC643,0.52319574
Barnet,HC644,0.52429587
Barnet,HC645,0.505536
Barnet,HC646,0.5545617
Barnet,HC647,0.5582198
Barnet,HC648,0.56931794
Barnet,HC649,0.58726686
Barnet,HC650,0.5120274
Barnet,HC651,0.48106283
Barnet,HC652,0.449855
Barnet,HC653,0.45026383
Barnet,HC654,0.5216659
Barnet,HC655,0.5197088
Barnet,HC656,0.51602274
Barnet,HC657,0.51765174
Barnet,HC658,0.56827545
Barnet,HC659,0.5526609
Barnet,HC660,0.53475523
Barnet,HC661,0.5255321
Barnet,HC662,0.5540624
Barnet,HC663,0.63906544
Barnet,HC664,0.6683011
Barnet,HC665,0.668351
Barnet,HC666,0.65711004
Barnet,HC667,0.6599287
Barnet,HC668,0.65896916
Barnet,HC669,0.6461988
Barnet,HC670,0.64373654
Barnet,HC671,0.6707245
Barnet,HC672,0.67085356
Barnet,HC673,0.49023402
Barnet,HC674,0.6712617
Barnet,HC675,0.5591612
Barnet,HC676,0.6743913
Barnet,HC677,0.5480657
Barnet,HC678,0.55834824
Barnet,HC679,0.5369192
Barnet,HC680,0.5610374
Barnet,HC681,0.5423701
Barnet,HC682,0.5161172
Barnet,HC683,0.5281539
Barnet,HC684,0.558983
Barnet,HC685,0.5961229
Barnet,HC686,0.5910013
Barnet,HC687,0.5926728
Barnet,HC688,0.58869374
Barnet,HC689,0.6517664
Barnet,HC690,0.62460136
Barnet,HC691,0.61412406
Barnet,HC692,0.61981636
Barnet,HC693,0.6053792
Barnet,HC694,0.58174986
Barnet,HC695,0.5216844
Barnet,HC696,0.5496987
Barnet,HC697,0.54881674
Barnet,HC698,0.5875179
Barnet,HC699,0.5612615
Barnet,HC700,0.5358486
Barnet,HC701,0.5385756
Barnet,HC702,0.5191287
Barnet,HC796,0.61471426
Barnet,HC797,0.6049914
Barnet,HC798,0.60396826
Barnet,HC799,0.5664751
Barnet,HC800,0.4402819
Barnet,HC801,0.5392236
Barnet,HC802,0.54961175
Barnet,HC803,0.58169144
Barnet,HC804,0.45860395
Barnet,HC805,0.47238046
Barnet,HC806,0.5621096
Barnet,HC807,0.568371
Barnet,HC829,0.6088846
Barnet,HC833,0.42814633
Barnet,HC834,0.4248304
Barnet,HC835,0.43217432
Barnet,HC836,0.4833195
Barnet,HC837,0.5629147
Barnet,HC838,0.49259412
Barnet,HC839,0.58320004
Barnet,HC840,0.56155366
Barnet,HC841,0.43826017
Barnet,HC842,0.42411765
Barnet,HC843,0.4279833
Barnet,HC844,0.40287846
Barnet,HC845,0.5625797
Barnet,HC846,0.47240984
Barnet,HC847,0.4665871
Barnet,HC848,0.5816844
Barnet,HC849,0.54965883
Barnet,HC850,0.4342849
Barnet,HC851,0.4585432
Barnet,HC852,0.61925125
Barnet,HC853,0.6199121
Barnet,HC88,0.6768646
Barnet,HC99,0.53465706
Barnet,M27,0.50926447
Barnet,M28,0.48647842
Barnet,M29,0.48161554
Barnet,M31,0.5899983
Barnet,M32,0.546444
Barnet,M33,0.5320072
Barnet,M34,0.5228617
Barnet,M41,0.51766664
Barnet,M42,0.52764755
Barnet,M43,0.57251245
Barnet,M44,0.6063938
Barnet,M5,0.51890385
Barnet,M7,0.504941
Barnet,OC481,0.63502383
Barnet,OC568,0.48645923
Barnet,OC672,0.6621427
Barnet,R0310,0.60040265
Barnet,R0485,0.52290255
Barnet,R0744,0.47338173
Barnet,R0751,0.5261517
Barnet,R0789,0.51554054
Barnet,R0790,0.5138244
Barnet,R0791,0.5150987
Barnet,R0792,0.5149085
Barnet,R0796,0.5671845
Barnet,R0797,0.5705208
Barnet,R0798,0.5696418
Barnet,R0800,0.57127374
Barnet,R0803,0.58467185
Barnet,17036,0.61531854
Barnet,17037,0.56854707
Barnet,17039,0.6469762
Barnet,26199,0.5933832
Barnet,BP5459,0.49946806
Barnet,BP5460,0.5137285
Barnet,BP5951,0.50183856
Barnet,BP5953,0.49943963
Barnet,BP5954,0.507507
Barnet,BP5958,0.63081944
Barnet,HC201,0.628437
Barnet,HC202,0.55188894
Barnet,HC205,0.6314237
Barnet,HC603,0.59845704
Barnet,HC604,0.59860545
Barnet,HC609,0.5670833
Barnet,M36,0.48032042
Bexley,10016,0.5901654
Bexley,10017,0.610785
Bexley,10359,0.6562676
Bexley,10360,0.65494996
Bexley,10715,0.6991302
Bexley,10716,0.714294
Bexley,10717,0.67048824
Bexley,10719,0.6609407
Bexley,10720,0.6852204
Bexley,10721,0.6561734
Bexley,10722,0.6565681
Bexley,10723,0.6420738
Bexley,10724,0.64199424
Bexley,10725,0.6419021
Bexley,10726,0.5879209
Bexley,10729,0.71890825
Bexley,11121,0.7413139
Bexley,12069,0.7350606
Bexley,12070,0.7287462
Bexley,12071,0.68430114
Bexley,12072,0.707249
Bexley,12073,0.6028811
Bexley,12074,0.5853622
Bexley,12075,0.6240058
Bexley,12076,0.61429447
Bexley,12077,0.613399
Bexley,12078,0.6757309
Bexley,12079,0.6400697
Bexley,12080,0.72397393
Bexley,13510,0.7002619
Bexley,13904,0.53417724
Bexley,14376,0.57325107
Bexley,14377,0.57346106
Bexley,14378,0.72524476
Bexley,14379,0.72495943
Bexley,14380,0.7634317
Bexley,14381,0.68373644
Bexley,14382,0.6278515
Bexley,14383,0.66119486
Bexley,1444,0.53316987
Bexley,14960,0.7053505
Bexley,15008,0.7143374
Bexley,15182,0.6749858
Bexley,15183,0.73259854
Bexley,16648,0.68924284
Bexley,16649,0.66763514
Bexley,16650,0.7371438
Bexley,16651,0.7249189
Bexley,16652,0.72616
Bexley,16653,0.7207159
Bexley,16656,0.6357631
Bexley,16657,0.6353624
Bexley,16658,0.6170399
Bexley,16659,0.65468854
Bexley,16660,0.60553324
Bexley,16661,0.6065641
Bexley,16662,0.61325014
Bexley,16663,0.5970179
Bexley,16664,0.67484736
Bexley,16675,0.69022804
Bexley,16676,0.7061814
Bexley,16677,0.671049
Bexley,16678,0.67183816
Bexley,16679,0.6450712
Bexley,16681,0.732807
Bexley,16682,0.6880284
Bexley,16683,0.7303643
Bexley,16684,0.7234584
Bexley,16685,0.68022895
Bexley,16686,0.6654027
Bexley,16687,0.6434588
Bexley,16688,0.6772518
Bexley,16689,0.66860825
Bexley,16690,0.66484845
Bexley,16691,0.70306057
Bexley,16692,0.6870383
Bexley,16693,0.7033039
Bexley,16694,0.70404875
Bexley,16695,0.70795226
Bexley,16696,0.6978254
Bexley,16697,0.6916182
Bexley,17585,0.5388441
Bexley,17586,0.60918385
Bexley,17587,0.5826722
Bexley,17588,0.6712926
Bexley,17589,0.66881734
Bexley,17591,0.703894
Bexley,17592,0.7043259
Bexley,17593,0.65031636
Bexley,17594,0.640863
Bexley,17596,0.69385785
Bexley,17597,0.67805225
Bexley,17721,0.73130614
Bexley,17722,0.715366
Bexley,18084,0.6875809
Bexley,18085,0.6955607
Bexley,18918,0.6669554
Bexley,18919,0.66501176
Bexley,18922,0.6832907
Bexley,18923,0.70832545
Bexley,18926,0.61909497
Bexley,18927,0.6449153
Bexley,18928,0.69324887
Bexley,18929,0.6799084
Bexley,18930,0.70146495
Bexley,18931,0.66039854
Bexley,18932,0.62894356
Bexley,18933,0.70665175
Bexley,18934,0.74644965
Bexley,18938,0.6430345
Bexley,18939,0.578579
Bexley,18940,0.58018523
Bexley,18986,0.6004053
Bexley,18987,0.59961295
Bexley,19623,0.64396787
Bexley,19624,0.62030494
Bexley,19625,0.64017576
Bexley,19626,0.65620303
Bexley,19627,0.67785794
Bexley,19628,0.6290531
Bexley,19629,0.5305868
Bexley,19630,0.5300913
Bexley,19631,0.5813309
Bexley,19632,0.5806517
Bexley,19633,0.6823324
Bexley,19663,0.5783469
Bexley,19664,0.6622745
Bexley,19665,0.6729114
Bexley,19666,0.64193314
Bexley,19667,0.65607244
Bexley,19668,0.64762676
Bexley,19669,0.6563048
Bexley,19670,0.6936943
Bexley,20169,0.703232
Bexley,20171,0.67578775
Bexley,20320,0.6942697
Bexley,20404,0.7155452
Bexley,20437,0.7258813
Bexley,20515,0.62184674
Bexley,20516,0.59043384
Bexley,20598,0.6795097
Bexley,20796,0.6785515
Bexley,21597,0.7192535
Bexley,21598,0.6196762
Bexley,21599,0.61471
Bexley,21600,0.66287994
Bexley,21601,0.6475746
Bexley,21603,0.71376544
Bexley,21625,0.6303669
Bexley,21626,0.6296866
Bexley,21697,0.6638858
Bexley,21790,0.7070051
Bexley,21819,0.6837815
Bexley,21820,0.65390754
Bexley,21822,0.64083135
Bexley,21823,0.6432782
Bexley,21826,0.63940173
Bexley,21881,0.5884789
Bexley,21882,0.58881116
Bexley,22342,0.6781192
Bexley,22343,0.6904612
Bexley,22450,0.69535834
Bexley,23114,0.5818869
Bexley,23116,0.6825596
Bexley,23117,0.68737906
Bexley,23251,0.70006263
Bexley,23253,0.71255994
Bexley,23254,0.6846618
Bexley,23255,0.70487505
Bexley,23256,0.63073057
Bexley,23257,0.64679015
Bexley,23258,0.66903096
Bexley,23259,0.66617644
Bexley,23260,0.66402745
Bexley,23261,0.6725837
Bexley,23262,0.68878156
Bexley,23263,0.68149966
Bexley,23264,0.65504384
Bexley,23265,0.6763586
Bexley,23266,0.66490316
Bexley,23267,0.65842164
Bexley,23268,0.6821855
Bexley,23269,0.6830993
Bexley,23271,0.7027529
Bexley,23273,0.69850713
Bexley,23354,0.63287085
Bexley,23355,0.65009093
Bexley,23602,0.7077
Bexley,23603,0.6135336
Bexley,23604,0.61282855
Bexley,23605,0.6478471
Bexley,23606,0.6440458
Bexley,23607,0.5992223
Bexley,23608,0.65893453
Bexley,23609,0.63530266
Bexley,23610,0.62625605
Bexley,23611,0.64463437
Bexley,23663,0.62993693
Bexley,23698,0.68015873
Bexley,23874,0.65380704
Bexley,24008,0.6141416
Bexley,24132,0.6171962
Bexley,24133,0.7005631
Bexley,24134,0.66149443
Bexley,24637,0.68197155
Bexley,25290,0.63652754
Bexley,25480,0.7227012
Bexley,25605,0.65505224
Bexley,25696,0.67316854
Bexley,25697,0.7463887
Bexley,25698,0.7657425
Bexley,25699,0.6928418
Bexley,25700,0.68679357
Bexley,25701,0.6504473
Bexley,25702,0.6301957
Bexley,25710,0.6434137
Bexley,25711,0.6306535
Bexley,25712,0.57729834
Bexley,25713,0.6102144
Bexley,25714,0.6228243
Bexley,25715,0.6223007
Bexley,25716,0.6342383
Bexley,25717,0.6057335
Bexley,25718,0.6672773
Bexley,25719,0.6464164
Bexley,25773,0.64640087
Bexley,25775,0.625709
Bexley,25776,0.5776692
Bexley,25777,0.60421664
Bexley,25778,0.60252684
Bexley,25779,0.5948944
Bexley,25780,0.55571896
Bexley,25781,0.5464983
Bexley,25782,0.5577566
Bexley,25783,0.54731184
Bexley,25784,0.564777
Bexley,25785,0.57661366
Bexley,25786,0.535115
Bexley,25819,0.6489591
Bexley,25848,0.685676
Bexley,25998,0.67195547
Bexley,26152,0.6196767
Bexley,26153,0.64991355
Bexley,26218,0.6124571
Bexley,26383,0.6306701
Bexley,26561,0.63427854
Bexley,26562,0.6173725
Bexley,26563,0.6844074
Bexley,26564,0.7019358
Bexley,26566,0.6611113
Bexley,26567,0.7150196
Bexley,26579,0.68128043
Bexley,26580,0.6772294
Bexley,26581,0.67769265
Bexley,26582,0.67502904
Bexley,26583,0.683818
Bexley,26584,0.6981577
Bexley,27306,0.7447089
Bexley,27308,0.7394645
Bexley,27589,0.67502964
Bexley,27833,0.6440384
Bexley,27834,0.64489067
Bexley,28017,0.6765427
Bexley,28018,0.6888849
Bexley,28177,0.65324
Bexley,2867,0.72913724
Bexley,29286,0.66326183
Bexley,29307,0.64103913
Bexley,29308,0.6360456
Bexley,29461,0.736617
Bexley,29462,0.6689455
Bexley,29468,0.57640845
Bexley,29469,0.63833773
Bexley,29545,0.707756
Bexley,30598,0.6888192
Bexley,31051,0.71176636
Bexley,31473,0.64088166
Bexley,31531,0.631476
Bexley,33040,0.6111027
Bexley,33041,0.6258736
Bexley,33234,0.73044556
Bexley,33235,0.74669313
Bexley,33236,0.7388204
Bexley,33237,0.72789586
Bexley,33238,0.68478096
Bexley,33239,0.656343
Bexley,33240,0.64950234
Bexley,33241,0.7164039
Bexley,33242,0.7123151
Bexley,33244,0.69431657
Bexley,33247,0.72052604
Bexley,33248,0.7118469
Bexley,33556,0.69976944
Bexley,33748,0.68248135
Bexley,33749,0.6798408
Bexley,3375,0.6961912
Bexley,33750,0.6432037
Bexley,33751,0.6630275
Bexley,33752,0.6798579
Bexley,33753,0.65979296
Bexley,33754,0.65849775
Bexley,33755,0.66411626
Bexley,33756,0.6635406
Bexley,33757,0.6214072
Bexley,33758,0.6208493
Bexley,3377,0.6970056
Bexley,33974,0.6634076
Bexley,34277,0.6730495
Bexley,34278,0.67549026
Bexley,34318,0.6025749
Bexley,34392,0.6763624
Bexley,34611,0.67915887
Bexley,34612,0.6651541
Bexley,34613,0.6918828
Bexley,34812,0.7022671
Bexley,34815,0.6593364
Bexley,34816,0.6630446
Bexley,34817,0.6797401
Bexley,34818,0.69112295
Bexley,34819,0.6263741
Bexley,34825,0.5726456
Bexley,34926,0.6416475
Bexley,34955,0.6509177
Bexley,35147,0.67093277
Bexley,35309,0.6348995
Bexley,35387,0.70679647
Bexley,35388,0.7396392
Bexley,35389,0.7204355
Bexley,35390,0.70124346
Bexley,35391,0.6650791
Bexley,35392,0.70305926
Bexley,35393,0.71484464
Bexley,35395,0.6968093
Bexley,35396,0.69723207
Bexley,35424,0.6642547
Bexley,35518,0.6612821
Bexley,35529,0.7241651
Bexley,35541,0.67787755
Bexley,35579,0.7080666
Bexley,35580,0.7387115
Bexley,35581,0.7333206
Bexley,35582,0.7366558
Bexley,35584,0.64709246
Bexley,35585,0.59669054
Bexley,35586,0.71676296
Bexley,35713,0.67450434
Bexley,35773,0.7209627
Bexley,35928,0.6852305
Bexley,35929,0.6669669
Bexley,36002,0.67076826
Bexley,36530,0.6834765
Bexley,36531,0.66856736
Bexley,36642,0.65987945
Bexley,36675,0.68138415
Bexley,36676,0.68151504
Bexley,36677,0.6811462
Bexley,36678,0.6715393
Bexley,36780,0.6316754
Bexley,37070,0.5852144
Bexley,37071,0.59077066
Bexley,37076,0.58114016
Bexley,37078,0.56893396
Bexley,37123,0.5571943
Bexley,37181,0.6815792
Bexley,3725,0.7012264
Bexley,37322,0.66015077
Bexley,37379,0.562889
Bexley,3901,0.69703066
Bexley,3902,0.6872125
Bexley,3905,0.6306065
Bexley,3906,0.6226344
Bexley,3929,0.69743973
Bexley,3930,0.7012595
Bexley,3936,0.6573589
Bexley,3937,0.65690786
Bexley,3952,0.70431376
Bexley,3953,0.70393467
Bexley,3954,0.63418674
Bexley,3955,0.64369535
Bexley,3961,0.67099226
Bexley,3962,0.6613942
Bexley,3963,0.588533
Bexley,3964,0.55418277
Bexley,3965,0.5536656
Bexley,40020,0.7124468
Bexley,40022,0.6358794
Bexley,40023,0.6023463
Bexley,40024,0.5971229
Bexley,40027,0.61442596
Bexley,40028,0.5928305
Bexley,40029,0.5799232
Bexley,40030,0.5837632
Bexley,40031,0.64792264
Bexley,40032,0.64775366
Bexley,40047,0.67508096
Bexley,40050,0.7100282
Bexley,40062,0.7066815
Bexley,40064,0.69031805
Bexley,40065,0.6899983
Bexley,41001,0.6809818
Bexley,44002,0.5530515
Bexley,44003,0.44658747
Bexley,44004,0.5668271
Bexley,44005,0.56695855
Bexley,44016,0.67577666
Bexley,44017,0.67432386
Bexley,4928,0.60007
Bexley,5176,0.68974215
Bexley,5885,0.6693144
Bexley,5886,0.6845808
Bexley,6001,0.6705259
Bexley,6002,0.62887585
Bexley,6229,0.5903476
Bexley,6230,0.62322754
Bexley,6231,0.6047882
Bexley,6232,0.62817097
Bexley,6233,0.6101048
Bexley,6234,0.6060487
Bexley,6235,0.58968496
Bexley,6236,0.5892618
Bexley,6238,0.6026865
Bexley,6239,0.677788
Bexley,6240,0.6780087
Bexley,6241,0.67322457
Bexley,6242,0.67323136
Bexley,6243,0.66173553
Bexley,6244,0.65896636
Bexley,6247,0.65242827
Bexley,6248,0.64751303
Bexley,6249,0.6498662
Bexley,6251,0.6631604
Bexley,6252,0.6670775
Bexley,6254,0.6678984
Bexley,6255,0.66930634
Bexley,6257,0.68012094
Bexley,6260,0.63789994
Bexley,6261,0.6337455
Bexley,6264,0.6522844
Bexley,6265,0.7123977
Bexley,6266,0.73147494
Bexley,6268,0.7335516
Bexley,6271,0.7115819
Bexley,6272,0.66824913
Bexley,6273,0.69062537
Bexley,6274,0.6465963
Bexley,6275,0.6475344
Bexley,6276,0.6087886
Bexley,6277,0.61848086
Bexley,6279,0.6829773
Bexley,6286,0.70771086
Bexley,6287,0.70812184
Bexley,6290,0.6879082
Bexley,6294,0.69997686
Bexley,6295,0.69595796
Bexley,6301,0.66729325
Bexley,6302,0.6752356
Bexley,6303,0.65853083
Bexley,6307,0.70142794
Bexley,6308,0.70112485
Bexley,6309,0.68792474
Bexley,6310,0.6515292
Bexley,6313,0.7022523
Bexley,6314,0.581918
Bexley,6315,0.61262435
Bexley,6316,0.5759434
Bexley,6317,0.5879369
Bexley,6318,0.62594664
Bexley,6319,0.5826752
Bexley,6320,0.60842216
Bexley,6323,0.7234087
Bexley,6324,0.7136216
Bexley,6326,0.6593286
Bexley,6327,0.64802974
Bexley,6328,0.6452557
Bexley,6329,0.6526014
Bexley,6330,0.63456154
Bexley,6348,0.6104055
Bexley,6349,0.6396098
Bexley,6600,0.5879994
Bexley,6603,0.5377369
Bexley,7540,0.6379025
Bexley,9182,0.72154236
Bexley,BP060,0.5949966
Bexley,BP1297,0.6540977
Bexley,BP1298,0.6732485
Bexley,BP1325,0.6292083
Bexley,BP1334,0.6207972
Bexley,BP1335,0.7175927
Bexley,BP1583,0.71298426
Bexley,BP1776,0.7211568
Bexley,BP1845,0.63762116
Bexley,BP1846,0.66694313
Bexley,BP1927,0.7090146
Bexley,BP2114,0.65848935
Bexley,BP2115,0.6475651
Bexley,BP2158,0.68026054
Bexley,BP2159,0.67393315
Bexley,BP2160,0.6892536
Bexley,BP2250,0.6428049
Bexley,BP2259,0.6715387
Bexley,BP2296,0.6696817
Bexley,BP2437,0.70399576
Bexley,BP2438,0.6985446
Bexley,BP2992,0.65982
Bexley,BP3207,0.6848237
Bexley,BP3300,0.64846617
Bexley,BP3311,0.6743398
Bexley,BP3603,0.5603612
Bexley,BP371,0.56610656
Bexley,BP372,0.5774212
Bexley,BP374,0.5842302
Bexley,BP375,0.61835915
Bexley,BP376,0.61835676
Bexley,BP377,0.5535006
Bexley,BP3814,0.53346443
Bexley,BP3815,0.56863135
Bexley,BP3816,0.5562865
Bexley,BP3817,0.58311665
Bexley,BP4058,0.6631257
Bexley,BP4175,0.494337
Bexley,BP4176,0.62196195
Bexley,BP4177,0.6533604
Bexley,BP4178,0.6519763
Bexley,BP4179,0.6020765
Bexley,BP4180,0.49818102
Bexley,BP4279,0.68370795
Bexley,BP4476,0.64553696
Bexley,BP4516,0.5656299
Bexley,BP4992,0.72942096
Bexley,BP5033,0.7119264
Bexley,BP5046,0.6913217
Bexley,BP5099,0.6766064
Bexley,BP5395,0.64317393
Bexley,BP5396,0.6321222
Bexley,BP5401,0.6675934
Bexley,BP5402,0.6668968
Bexley,BP5866,0.6126676
Bexley,BP5900,0.69664043
Bexley,BP5901,0.6693028
Bexley,BP6081,0.62163925
Bexley,BP6082,0.61996657
Bexley,BP6083,0.58395875
Bexley,BP6084,0.64060926
Bexley,BP6085,0.6649631
Bexley,BP6086,0.66690695
Bexley,BP6087,0.665422
Bexley,BP6088,0.65986806
Bexley,BP6089,0.69133526
Bexley,BP6090,0.73067635
Bexley,BP6091,0.7009027
Bexley,BP6092,0.6810069
Bexley,BP6257,0.7040318
Bexley,BP6295,0.6225489
Bexley,BP6296,0.6756838
Bexley,BP6297,0.624782
Bexley,BP6298,0.6523072
Bexley,BP6299,0.60390353
Bexley,BP6300,0.6426487
Bexley,BP6302,0.65879095
Bexley,BP6303,0.6727071
Bexley,BP6304,0.63682973
Bexley,BP6305,0.59510946
Bexley,BP6306,0.64792967
Bexley,BP6307,0.63683903
Bexley,BP6308,0.66232646
Bexley,BP6309,0.6600721
Bexley,BP6310,0.71119803
Bexley,BP6311,0.62380624
Bexley,BP6312,0.65473884
Bexley,BP6313,0.6558942
Bexley,BP6323,0.65883917
Bexley,BP645,0.71169853
Bexley,BP647,0.7027565
Bexley,BP648,0.7024653
Bexley,BP6496,0.67331815
Bexley,BP6497,0.7073111
Bexley,BP6540,0.60493237
Bexley,BP6547,0.6192007
Bexley,BP6548,0.5925732
Bexley,BP6549,0.6186277
Bexley,BP6550,0.5892487
Bexley,BP6551,0.57798266
Bexley,BP6552,0.5772795
Bexley,BP6553,0.6746512
Bexley,BP658,0.70344067
Bexley,BP663,0.7227675
Bexley,BP942,0.7136849
Bexley,HC1,0.67345047
Bexley,HC154,0.6544886
Bexley,HC155,0.6055969
Bexley,HC156,0.6693474
Bexley,HC157,0.63984615
Bexley,HC158,0.6429641
Bexley,HC159,0.65486836
Bexley,HC269,0.69681597
Bexley,HC3,0.68600845
Bexley,HC4,0.6725156
Bexley,HC5,0.653779
Bexley,HC551,0.65484715
Bexley,HC552,0.6554869
Bexley,HC553,0.683332
Bexley,HC554,0.6345655
Bexley,HC6,0.6748045
Bexley,HC729,0.63628364
Bexley,HC730,0.6596669
Bexley,HC731,0.6469787
Bexley,HC732,0.61390173
Bexley,HC733,0.6231768
Bexley,HC734,0.6210366
Bexley,HC735,0.6207134
Bexley,HC737,0.5668614
Bexley,HC738,0.6478209
Bexley,HC744,0.68115735
Bexley,HC745,0.6425169
Bexley,HC746,0.5786421
Bexley,HC747,0.6433621
Bexley,HC748,0.6480901
Bexley,HC749,0.6244762
Bexley,HC750,0.6106726
Bexley,HC751,0.65847653
Bexley,HC752,0.6622808
Bexley,HC808,0.64372694
Bexley,HC809,0.6273859
Bexley,HC810,0.6928668
Bexley,HC811,0.6802262
Bexley,HC812,0.7039252
Bexley,HC813,0.6640474
Bexley,HC816,0.59057677
Bexley,HC817,0.6344643
Bexley,HC818,0.6209787
Bexley,HC819,0.6269605
Bexley,HC820,0.64230543
Bexley,HC821,0.60995376
Bexley,HC822,0.6121857
Bexley,HC823,0.6026363
Bexley,HC824,0.69064254
Bexley,HC825,0.7139524
Bexley,HC826,0.7240849
Bexley,HC827,0.69755346
Bexley,HC828,0.6874175
Bexley,HC830,0.6378683
Bexley,HC831,0.654239
Bexley,OC418,0.5558418
Bexley,OC581,0.73747194
Bexley,OC658,0.628237
Bexley,R0063,0.66223544
Bexley,R0439,0.7417904
Bexley,R0468,0.6270901
Bexley,R0481,0.63465536
Bexley,R0482,0.65604436
Bexley,R0521,0.6818496
Bexley,R0535,0.66739225
Bexley,R0536,0.72184473
Bexley,R0537,0.7058785
Bexley,R0548,0.70600367
Bexley,R0555,0.6662521
Bexley,R0561,0.60397094
Bexley,21602,0.68991095
Bexley,23118,0.71333736
Bexley,28236,0.7234193
Bexley,33243,0.6517638
Bexley,33245,0.65536547
Bexley,33246,0.6539976
Bexley,33249,0.61891127
Bexley,37371,0.71267164
Bexley,40051,0.70668846
Bexley,40052,0.7015976
Bexley,40086,0.647241
Bexley,40087,0.6553984
Bexley,6347,0.7135382
Bexley,6367,0.71182805
Bexley,BP4066,0.58686256
Brent,1013,0.44880894
Brent,1014,0.39159024
Brent,10240,0.381029
Brent,10241,0.37710524
Brent,11134,0.5079137
Brent,11135,0.5429846
Brent,11601,0.36754227
Brent,11609,0.4119443
Brent,11615,0.47138897
Brent,11616,0.4996205
Brent,11617,0.5357228
Brent,11618,0.5368078
Brent,11621,0.5435748
Brent,11622,0.5448076
Brent,11623,0.5079226
Brent,11630,0.50856227
Brent,11633,0.5308104
Brent,11634,0.5546832
Brent,11635,0.4771779
Brent,11636,0.4789532
Brent,11637,0.46460003
Brent,11638,0.44058222
Brent,11639,0.3521061
Brent,11640,0.36981946
Brent,11641,0.33934718
Brent,11642,0.35397735
Brent,11643,0.43178365
Brent,11644,0.43441007
Brent,11645,0.437961
Brent,11647,0.47082585
Brent,11650,0.45364022
Brent,11651,0.50339496
Brent,11653,0.50919306
Brent,11656,0.50450164
Brent,11657,0.5060446
Brent,11658,0.48007655
Brent,11659,0.5358967
Brent,11660,0.48426518
Brent,11661,0.48185766
Brent,1220,0.577783
Brent,1256,0.49491784
Brent,13149,0.56237626
Brent,1378,0.52144915
Brent,1380,0.52710694
Brent,1381,0.5897706
Brent,1382,0.47864366
Brent,1385,0.5195574
Brent,1386,0.5252008
Brent,1387,0.525321
Brent,1388,0.44336754
Brent,1389,0.45114747
Brent,14205,0.5956066
Brent,14341,0.5009444
Brent,14364,0.4744179
Brent,1467,0.59579384
Brent,14766,0.48201814
Brent,14827,0.5222361
Brent,14828,0.5118063
Brent,14833,0.4779157
Brent,14838,0.57149434
Brent,1484,0.49998665
Brent,14840,0.5209045
Brent,14851,0.51137507
Brent,14852,0.55577224
Brent,14853,0.5380882
Brent,14946,0.52590066
Brent,14948,0.4459955
Brent,14968,0.5477668
Brent,15011,0.4611428
Brent,15012,0.45988613
Brent,15013,0.5210998
Brent,15068,0.38523883
Brent,15069,0.45467788
Brent,15070,0.39824653
Brent,15071,0.4383054
Brent,15074,0.4785673
Brent,15075,0.45701748
Brent,15076,0.49229625
Brent,15077,0.5308572
Brent,15078,0.5626772
Brent,15079,0.43743643
Brent,15080,0.43678206
Brent,15081,0.4096306
Brent,15082,0.46241307
Brent,15083,0.48274702
Brent,15084,0.49234635
Brent,15085,0.5158334
Brent,15088,0.566231
Brent,15089,0.57858515
Brent,15090,0.5813182
Brent,15091,0.58672005
Brent,15935,0.46516144
Brent,15936,0.46179995
Brent,15937,0.4378698
Brent,1594,0.4397243
Brent,15946,0.46679622
Brent,15947,0.452664
Brent,15950,0.48221815
Brent,16102,0.52408946
Brent,16112,0.57388675
Brent,16116,0.48092973
Brent,16118,0.5184303
Brent,16125,0.48321548
Brent,1620,0.50450295
Brent,1621,0.38830408
Brent,16210,0.55559963
Brent,1622,0.38566753
Brent,1623,0.43395993
Brent,1624,0.43333334
Brent,16543,0.5606987
Brent,16545,0.52334213
Brent,16546,0.51021224
Brent,16547,0.49113953
Brent,16548,0.5096823
Brent,16550,0.4843496
Brent,16552,0.48335904
Brent,16555,0.44010454
Brent,16556,0.50841266
Brent,16557,0.50747365
Brent,16558,0.48700655
Brent,16559,0.50409335
Brent,16560,0.52278435
Brent,16561,0.55017823
Brent,16562,0.5598528
Brent,1659,0.45907483
Brent,16997,0.59800535
Brent,16998,0.6317175
Brent,16999,0.6320947
Brent,17000,0.60381615
Brent,17001,0.5867206
Brent,17003,0.5480886
Brent,17004,0.5233284
Brent,17005,0.5230752
Brent,17006,0.4829499
Brent,17007,0.48505747
Brent,17010,0.42723605
Brent,17011,0.4392231
Brent,17012,0.38790226
Brent,17013,0.3879131
Brent,17014,0.37681776
Brent,17015,0.42464986
Brent,17016,0.4424586
Brent,17017,0.42541885
Brent,17018,0.4535528
Brent,17019,0.45592204
Brent,17020,0.46012565
Brent,17021,0.46979412
Brent,17022,0.47474784
Brent,17023,0.47254705
Brent,17043,0.5509792
Brent,17044,0.5175851
Brent,17045,0.48898846
Brent,17046,0.49315524
Brent,17047,0.43547937
Brent,17048,0.41205022
Brent,17049,0.44943282
Brent,17050,0.44968128
Brent,17051,0.50971895
Brent,17052,0.50625074
Brent,17053,0.5041196
Brent,17054,0.49756998
Brent,17055,0.5121106
Brent,17056,0.5123931
Brent,17057,0.5145085
Brent,17058,0.50897014
Brent,17059,0.47885704
Brent,17060,0.46687627
Brent,17062,0.44639176
Brent,17063,0.4299002
Brent,17120,0.5650763
Brent,17121,0.55151904
Brent,17122,0.5279392
Brent,17123,0.51628023
Brent,17124,0.45941594
Brent,17125,0.4960121
Brent,17170,0.39884415
Brent,17171,0.4232569
Brent,17172,0.5218012
Brent,17173,0.55896926
Brent,17174,0.493209
Brent,17176,0.50933486
Brent,17178,0.4165783
Brent,17180,0.4479923
Brent,17252,0.49843398
Brent,17253,0.47752178
Brent,17254,0.51804024
Brent,17255,0.4865722
Brent,1757,0.4739063
Brent,1763,0.5784144
Brent,18222,0.5546824
Brent,18454,0.42922637
Brent,18456,0.43378198
Brent,18644,0.45044634
Brent,18645,0.44624394
Brent,18904,0.45412177
Brent,18905,0.4525493
Brent,18906,0.44372168
Brent,18907,0.43602815
Brent,18908,0.41244298
Brent,18909,0.4480443
Brent,1933,0.5209023
Brent,20040,0.4499981
Brent,2060,0.5895364
Brent,20654,0.49356017
Brent,20794,0.5738395
Brent,20840,0.56486344
Brent,20994,0.5007664
Brent,20995,0.46757188
Brent,24280,0.48235935
Brent,2488,0.4866821
Brent,2489,0.4890304
Brent,2490,0.48801574
Brent,25066,0.484939
Brent,25180,0.56565076
Brent,25181,0.61007833
Brent,25182,0.6001126
Brent,25331,0.48971424
Brent,25447,0.43407208
Brent,26241,0.40668315
Brent,26495,0.41868132
Brent,26525,0.48566157
Brent,26526,0.48309687
Brent,26859,0.5329923
Brent,26932,0.4720314
Brent,26933,0.47304195
Brent,26934,0.53244716
Brent,26935,0.4655545
Brent,26936,0.4596608
Brent,26937,0.4644015
Brent,26938,0.45752952
Brent,26939,0.4577162
Brent,26940,0.58315
Brent,26941,0.39687496
Brent,26942,0.3950663
Brent,26943,0.39539787
Brent,26944,0.39246592
Brent,26945,0.3863163
Brent,26946,0.39333448
Brent,26947,0.4545249
Brent,26948,0.46152002
Brent,26949,0.40489998
Brent,26950,0.48274624
Brent,26951,0.47744668
Brent,26952,0.49607867
Brent,26953,0.51331973
Brent,26954,0.57642365
Brent,26955,0.5657206
Brent,27302,0.4669985
Brent,27565,0.49425137
Brent,27617,0.38417292
Brent,27618,0.38503888
Brent,2802,0.5146042
Brent,2805,0.5061855
Brent,2806,0.47495377
Brent,2807,0.56892246
Brent,2809,0.5234634
Brent,2810,0.48631167
Brent,2811,0.47776395
Brent,2814,0.56501824
Brent,2815,0.5697768
Brent,2817,0.534589
Brent,2819,0.54866743
Brent,2821,0.548773
Brent,2822,0.5509547
Brent,2823,0.53707325
Brent,2824,0.54645514
Brent,2825,0.40457883
Brent,2853,0.47569424
Brent,2854,0.4910435
Brent,28647,0.4881999
Brent,29010,0.43711877
Brent,29269,0.38686863
Brent,29382,0.5641088
Brent,29428,0.42580146
Brent,29492,0.5640421
Brent,2950,0.53377813
Brent,2953,0.4854537
Brent,2956,0.4639155
Brent,2957,0.4562754
Brent,2958,0.4587374
Brent,2959,0.3949722
Brent,2960,0.45004663
Brent,2961,0.38621086
Brent,2962,0.38401982
Brent,2966,0.48277223
Brent,2967,0.48234296
Brent,2969,0.5705324
Brent,2973,0.588642
Brent,2977,0.6009835
Brent,2983,0.5751669
Brent,2995,0.3781842
Brent,2996,0.4533249
Brent,2997,0.45789465
Brent,30,0.37643316
Brent,3188,0.4826979
Brent,3212,0.43662283
Brent,3213,0.45685434
Brent,3215,0.5473275
Brent,3223,0.5133468
Brent,3224,0.46203065
Brent,3262,0.42934752
Brent,3263,0.46168455
Brent,3265,0.4453213
Brent,3266,0.4404942
Brent,3267,0.4279794
Brent,3275,0.49212447
Brent,3277,0.5374088
Brent,3278,0.53384626
Brent,3282,0.56291145
Brent,3283,0.5768898
Brent,3285,0.5479336
Brent,3286,0.54357576
Brent,33215,0.58671975
Brent,33256,0.46091187
Brent,3390,0.515866
Brent,3392,0.41684347
Brent,33935,0.4263826
Brent,33948,0.47732714
Brent,34105,0.5683979
Brent,34114,0.47262502
Brent,34186,0.48989064
Brent,34385,0.35135642
Brent,34756,0.4468163
Brent,34786,0.51974857
Brent,34787,0.47586104
Brent,34788,0.5186013
Brent,34795,0.33582205
Brent,34796,0.47612056
Brent,34797,0.48252043
Brent,34870,0.50280607
Brent,34913,0.6041315
Brent,35210,0.54774857
Brent,35359,0.46495375
Brent,35789,0.51762456
Brent,35790,0.59344065
Brent,35792,0.5948023
Brent,35793,0.5941321
Brent,35794,0.59176
Brent,35795,0.52041036
Brent,36582,0.56720644
Brent,36754,0.4490798
Brent,36755,0.4638117
Brent,36756,0.45574844
Brent,36757,0.44745052
Brent,36758,0.5014494
Brent,36759,0.5152676
Brent,36879,0.5054244
Brent,36880,0.50299966
Brent,3690,0.48725978
Brent,37012,0.5284764
Brent,37013,0.53760886
Brent,37014,0.51516366
Brent,37015,0.5110349
Brent,37016,0.51084745
Brent,37017,0.5169648
Brent,37018,0.5385185
Brent,37019,0.5276054
Brent,37020,0.4836575
Brent,37021,0.52038246
Brent,37022,0.5245309
Brent,37023,0.5199714
Brent,37024,0.5777313
Brent,37025,0.52283686
Brent,37026,0.5250709
Brent,37172,0.5670756
Brent,37253,0.5307586
Brent,37277,0.51509446
Brent,37278,0.51230913
Brent,37279,0.51134014
Brent,37280,0.5219595
Brent,37338,0.5025872
Brent,3821,0.47114402
Brent,38453,0.4639215
Brent,415,0.47286287
Brent,441,0.47188005
Brent,442,0.4684965
Brent,4590,0.52074796
Brent,4592,0.47471935
Brent,4684,0.45712402
Brent,4909,0.43998778
Brent,4910,0.45541087
Brent,4911,0.455425
Brent,4912,0.5080873
Brent,4913,0.48000512
Brent,4920,0.48154658
Brent,595,0.56724244
Brent,6024,0.6011911
Brent,6025,0.5237947
Brent,6026,0.49765217
Brent,6029,0.45950714
Brent,6030,0.39377826
Brent,6031,0.45518205
Brent,6038,0.4933101
Brent,6044,0.5781874
Brent,6046,0.620571
Brent,6064,0.6058784
Brent,6129,0.51128364
Brent,6130,0.5484306
Brent,7564,0.5648624
Brent,7565,0.5558159
Brent,7732,0.5005535
Brent,7733,0.47482312
Brent,7805,0.47445557
Brent,8408,0.46082857
Brent,91523,0.4918597
Brent,9369,0.47199216
Brent,9370,0.47634712
Brent,9371,0.48831904
Brent,9373,0.46495715
Brent,9388,0.36958006
Brent,9389,0.37043613
Brent,9401,0.4737832
Brent,9480,0.43473294
Brent,BP043,0.49985567
Brent,BP1019,0.5804554
Brent,BP1138,0.44599643
Brent,BP1280,0.4411066
Brent,BP1625,0.49747202
Brent,BP1651,0.4763977
Brent,BP1884,0.49097848
Brent,BP2310,0.58586794
Brent,BP2312,0.46029663
Brent,BP2313,0.45832026
Brent,BP2314,0.5018487
Brent,BP2315,0.542077
Brent,BP2316,0.556837
Brent,BP2317,0.54833806
Brent,BP2318,0.5015776
Brent,BP2319,0.45341513
Brent,BP2320,0.4597796
Brent,BP2396,0.46938708
Brent,BP2397,0.50662774
Brent,BP2398,0.44816953
Brent,BP3110,0.49552113
Brent,BP3391,0.5045176
Brent,BP3392,0.5047886
Brent,BP3485,0.43355474
Brent,BP3486,0.43395466
Brent,BP3487,0.4733424
Brent,BP3488,0.4787067
Brent,BP3564,0.50726914
Brent,BP3565,0.4950907
Brent,BP4064,0.5671242
Brent,BP4266,0.5919122
Brent,BP4310,0.5016949
Brent,BP4385,0.43896955
Brent,BP4386,0.41800305
Brent,BP4387,0.39668414
Brent,BP4388,0.39668325
Brent,BP440,0.46632227
Brent,BP4421,0.40423822
Brent,BP4458,0.38163218
Brent,BP446,0.4916156
Brent,BP4510,0.5013686
Brent,BP4511,0.5261972
Brent,BP4512,0.48721677
Brent,BP4666,0.40971032
Brent,BP4882,0.52213013
Brent,BP4911,0.5018043
Brent,BP5165,0.36674926
Brent,BP5168,0.45430085
Brent,BP5376,0.48245317
Brent,BP5399,0.53384817
Brent,BP5757,0.48701966
Brent,BP5948,0.5571707
Brent,BP5968,0.3844186
Brent,BP5984,0.5082883
Brent,BP5985,0.5082886
Brent,BP6111,0.4141678
Brent,BP6112,0.49339935
Brent,BP6124,0.4271776
Brent,BP6150,0.4390097
Brent,BP6151,0.41196942
Brent,BP6152,0.4903408
Brent,BP6219,0.45576662
Brent,BP6263,0.45388705
Brent,BP6264,0.49820828
Brent,BP628,0.5264044
Brent,BP629,0.42943227
Brent,BP6293,0.4633385
Brent,BP630,0.52926975
Brent,BP631,0.52426547
Brent,BP6356,0.5190358
Brent,BP6357,0.49318492
Brent,BP6389,0.5830279
Brent,BP6506,0.48380736
Brent,BP6507,0.48263127
Brent,BP820,0.54420716
Brent,BP831,0.56012964
Brent,BP924,0.5066032
Brent,BP971,0.45329705
Brent,BP972,0.45437118
Brent,BP982,0.4867727
Brent,C10,0.439431
Brent,C12,0.51143736
Brent,C122,0.4162126
Brent,C13,0.541677
Brent,C2,0.4182138
Brent,C3,0.3818037
Brent,C35,0.37052882
Brent,C4,0.38266897
Brent,C40,0.4018698
Brent,C5,0.4284199
Brent,C6,0.42897168
Brent,C7,0.4130409
Brent,C74,0.46775246
Brent,C8,0.4158544
Brent,C83,0.46976677
Brent,C85,0.44064656
Brent,C86,0.46222
Brent,C9,0.43163764
Brent,CW15,0.4725084
Brent,CW16,0.4718404
Brent,CW43,0.57549614
Brent,CW44,0.5263583
Brent,CW45,0.5165147
Brent,CW59,0.4999833
Brent,CW60,0.50316685
Brent,CW61,0.5206601
Brent,M10,0.51022655
Brent,M11,0.5362312
Brent,M12,0.4960832
Brent,M13,0.49703336
Brent,M14,0.53478336
Brent,M15,0.503907
Brent,M20,0.43746737
Brent,M22,0.47343227
Brent,M23,0.5219657
Brent,M24,0.52332085
Brent,M25,0.4478141
Brent,M26,0.38365686
Brent,R0255,0.48913395
Brent,R0268,0.5242974
Brent,R0316,0.43913656
Brent,R0359,0.468186
Brent,R0361,0.43757638
Brent,R0402,0.41968155
Brent,R0488,0.43259987
Brent,R0492,0.48634732
Brent,R0657,0.49825007
Brent,15086,0.5157377
Brent,15087,0.5465681
Brent,15945,0.49514657
Brent,16103,0.48502174
Brent,16563,0.4420949
Brent,16564,0.43980986
Brent,16868,0.51552993
Brent,17002,0.58397895
Brent,17008,0.46530822
Brent,17009,0.46717155
Brent,1934,0.4957311
Brent,20991,0.48771077
Brent,20992,0.4946184
Brent,20993,0.50573283
Brent,34184,0.40971074
Brent,34185,0.41066626
Brent,37230,0.46926692
Brent,6138,0.46015695
Brent,BP1386,0.42461124
Brent,BP208,0.42138702
Brent,BP209,0.40788788
Brent,BP2609,0.41690546
Brent,BP2610,0.4150857
Brent,BP4498,0.41763645
Brent,BP4969,0.4508196
Brent,BP4970,0.44622922
Brent,BP4971,0.45396894
Brent,BP5975,0.41405866
Brent,BP608,0.42030543
Brent,BP609,0.41978365
Brent,BP610,0.39685822
Brent,BP611,0.41070834
Brent,BP614,0.46948165
Brent,BP6338,0.5533393
Brent,R0266,0.47133887
Bromley,10690,0.48563576
Bromley,10694,0.3059503
Bromley,10705,0.49821717
Bromley,11331,0.46149707
Bromley,11332,0.49099147
Bromley,11752,0.41058174
Bromley,12207,0.41963854
Bromley,12208,0.43481314
Bromley,12239,0.54077023
Bromley,12240,0.541578
Bromley,1242,0.44243962
Bromley,12442,0.5499022
Bromley,12444,0.5515306
Bromley,12445,0.5828141
Bromley,13222,0.6182215
Bromley,13379,0.5971008
Bromley,13953,0.54935604
Bromley,14120,0.4918411
Bromley,14121,0.4800127
Bromley,14122,0.48929748
Bromley,14123,0.4836198
Bromley,14124,0.5934728
Bromley,14125,0.59670424
Bromley,1426,0.60111827
Bromley,1427,0.60085666
Bromley,1428,0.60218644
Bromley,1429,0.53463817
Bromley,14342,0.5636472
Bromley,14430,0.47593135
Bromley,14459,0.61126876
Bromley,14732,0.46977344
Bromley,14733,0.41996792
Bromley,14739,0.5973471
Bromley,14976,0.5130501
Bromley,14978,0.5142777
Bromley,1521,0.5305162
Bromley,1522,0.54080784
Bromley,1523,0.4826017
Bromley,1524,0.4572363
Bromley,1603,0.5061415
Bromley,1604,0.474945
Bromley,16642,0.5313913
Bromley,16646,0.42027983
Bromley,16647,0.42363805
Bromley,17321,0.5566286
Bromley,17323,0.57047266
Bromley,17326,0.65355337
Bromley,17327,0.6540644
Bromley,17402,0.6216487
Bromley,17403,0.6034038
Bromley,17405,0.61552
Bromley,17406,0.65773404
Bromley,17407,0.6730638
Bromley,17408,0.68140614
Bromley,17409,0.6410786
Bromley,17410,0.6172786
Bromley,17411,0.57444286
Bromley,17412,0.5737289
Bromley,17413,0.5558716
Bromley,17414,0.54329896
Bromley,17415,0.5341686
Bromley,17419,0.5068303
Bromley,17420,0.5079099
Bromley,17421,0.5220924
Bromley,17422,0.528314
Bromley,17423,0.539724
Bromley,17424,0.5354385
Bromley,17425,0.450342
Bromley,17426,0.45220056
Bromley,17427,0.4620853
Bromley,17428,0.4532748
Bromley,17429,0.48469386
Bromley,17431,0.54768044
Bromley,17432,0.5531304
Bromley,17433,0.5859022
Bromley,17434,0.5904816
Bromley,17435,0.5871106
Bromley,17436,0.5878203
Bromley,17437,0.5827786
Bromley,17438,0.6051525
Bromley,17522,0.573778
Bromley,17523,0.5949424
Bromley,17524,0.5711902
Bromley,17525,0.515258
Bromley,17526,0.5288726
Bromley,17527,0.50702685
Bromley,17528,0.44690773
Bromley,17529,0.51973355
Bromley,17530,0.45527878
Bromley,17531,0.4638821
Bromley,17532,0.4410707
Bromley,17534,0.44411483
Bromley,17535,0.4426432
Bromley,17536,0.5039205
Bromley,17702,0.47707802
Bromley,17703,0.47657055
Bromley,17705,0.33244616
Bromley,17706,0.34551552
Bromley,17707,0.32228655
Bromley,17708,0.47008392
Bromley,17709,0.45478615
Bromley,17710,0.5078869
Bromley,17711,0.5035655
Bromley,17712,0.5371522
Bromley,17713,0.4734079
Bromley,17714,0.48778868
Bromley,17715,0.4481264
Bromley,17716,0.46851933
Bromley,17717,0.4692811
Bromley,17789,0.4770669
Bromley,17790,0.56564826
Bromley,17791,0.46744412
Bromley,17792,0.4852399
Bromley,17793,0.45561004
Bromley,17794,0.455899
Bromley,17797,0.44534943
Bromley,17798,0.29883486
Bromley,17799,0.3727538
Bromley,17802,0.44539827
Bromley,17803,0.4374657
Bromley,17804,0.3476422
Bromley,17805,0.34530228
Bromley,17806,0.29199797
Bromley,17807,0.32934847
Bromley,17808,0.2976641
Bromley,17809,0.28612095
Bromley,17810,0.23549725
Bromley,17811,0.20570426
Bromley,17812,0.5133659
Bromley,17813,0.4870907
Bromley,17814,0.50177336
Bromley,17815,0.50084877
Bromley,17816,0.44031295
Bromley,17817,0.4391291
Bromley,17818,0.48675212
Bromley,17819,0.52953297
Bromley,18191,0.4630802
Bromley,18192,0.4995353
Bromley,18193,0.51370513
Bromley,18194,0.49247816
Bromley,18195,0.59207404
Bromley,18196,0.42335722
Bromley,18197,0.4787305
Bromley,18198,0.407977
Bromley,18199,0.38680273
Bromley,18200,0.506948
Bromley,18201,0.507261
Bromley,18202,0.5148265
Bromley,18203,0.4996987
Bromley,18204,0.45396733
Bromley,18205,0.45963717
Bromley,18206,0.45349053
Bromley,18226,0.4837019
Bromley,18369,0.49449423
Bromley,18370,0.52925795
Bromley,18371,0.5191772
Bromley,18733,0.48889738
Bromley,18738,0.4231382
Bromley,18739,0.42628238
Bromley,18785,0.5128639
Bromley,18786,0.5090749
Bromley,18787,0.49849442
Bromley,18788,0.5286378
Bromley,18789,0.5425997
Bromley,18791,0.5270927
Bromley,18792,0.57296765
Bromley,18794,0.51218563
Bromley,18795,0.5196641
Bromley,18796,0.5100268
Bromley,18894,0.5528454
Bromley,18942,0.559908
Bromley,18943,0.5620586
Bromley,18944,0.53585374
Bromley,18945,0.5413042
Bromley,18946,0.3747882
Bromley,18947,0.35454702
Bromley,18948,0.3388573
Bromley,18949,0.3537784
Bromley,18950,0.49226758
Bromley,18951,0.4687459
Bromley,18952,0.55242074
Bromley,18958,0.3350946
Bromley,18959,0.367304
Bromley,18960,0.4154474
Bromley,18961,0.2895863
Bromley,18962,0.41250825
Bromley,18963,0.42663172
Bromley,18964,0.42808124
Bromley,18965,0.4276482
Bromley,18966,0.5112604
Bromley,18967,0.48335347
Bromley,18973,0.4938173
Bromley,18988,0.36258167
Bromley,18989,0.3733485
Bromley,18990,0.37743008
Bromley,18991,0.3804434
Bromley,18992,0.442781
Bromley,18993,0.4428232
Bromley,18995,0.42984256
Bromley,18996,0.52802795
Bromley,18997,0.47936141
Bromley,18998,0.5311741
Bromley,18999,0.5347378
Bromley,19000,0.50886136
Bromley,19001,0.54537237
Bromley,19002,0.5112999
Bromley,19004,0.32440996
Bromley,19005,0.32480925
Bromley,19006,0.4815597
Bromley,19007,0.3456398
Bromley,19008,0.4630654
Bromley,19009,0.45801556
Bromley,19010,0.44126275
Bromley,19011,0.4445688
Bromley,19020,0.47039965
Bromley,19024,0.5758091
Bromley,19025,0.5792637
Bromley,19028,0.55555403
Bromley,19029,0.56385285
Bromley,19037,0.38659012
Bromley,19038,0.4574786
Bromley,19276,0.52525043
Bromley,19277,0.5298496
Bromley,19342,0.36882102
Bromley,19566,0.31074113
Bromley,19675,0.28139558
Bromley,19695,0.3745303
Bromley,19696,0.37344775
Bromley,19697,0.42593113
Bromley,19700,0.52296066
Bromley,19701,0.4998751
Bromley,19702,0.5066112
Bromley,19703,0.5101257
Bromley,19704,0.5373116
Bromley,19705,0.53190887
Bromley,19706,0.39357084
Bromley,19707,0.39997795
Bromley,19729,0.494619
Bromley,19732,0.4574037
Bromley,19733,0.45818457
Bromley,19734,0.46859124
Bromley,19735,0.5226393
Bromley,19736,0.5265273
Bromley,19737,0.5060793
Bromley,19738,0.46462184
Bromley,19739,0.48674306
Bromley,19740,0.49235588
Bromley,19741,0.49253467
Bromley,19742,0.47783482
Bromley,19744,0.4145811
Bromley,19745,0.41995102
Bromley,19747,0.46912017
Bromley,19748,0.4827259
Bromley,19749,0.44886163
Bromley,19750,0.45456776
Bromley,19751,0.5195086
Bromley,19755,0.55681604
Bromley,19756,0.5240686
Bromley,19757,0.49171445
Bromley,19758,0.49166682
Bromley,19759,0.43834543
Bromley,19760,0.43372586
Bromley,19761,0.41933617
Bromley,19762,0.47066307
Bromley,19763,0.48457715
Bromley,19764,0.5040366
Bromley,19765,0.5613932
Bromley,19766,0.57523453
Bromley,19767,0.5252908
Bromley,19768,0.5563559
Bromley,19769,0.56015855
Bromley,19770,0.65488774
Bromley,19771,0.6306803
Bromley,19772,0.67035717
Bromley,19773,0.4388401
Bromley,19774,0.43641892
Bromley,19775,0.41378337
Bromley,19776,0.42498547
Bromley,19777,0.42728996
Bromley,19778,0.5062668
Bromley,19779,0.49086845
Bromley,19780,0.47281426
Bromley,19781,0.45046422
Bromley,19782,0.4943455
Bromley,19783,0.4556537
Bromley,19918,0.5162193
Bromley,20099,0.49810013
Bromley,20131,0.3532765
Bromley,20132,0.4706024
Bromley,20133,0.32833257
Bromley,20159,0.52063537
Bromley,20160,0.5387797
Bromley,20170,0.3605478
Bromley,20172,0.31114268
Bromley,20402,0.565406
Bromley,20403,0.56685567
Bromley,20466,0.44242746
Bromley,20467,0.44278094
Bromley,20588,0.21330473
Bromley,20691,0.47141173
Bromley,20692,0.520175
Bromley,20716,0.57110685
Bromley,20750,0.6057426
Bromley,20836,0.45903537
Bromley,20837,0.48742405
Bromley,20914,0.48589027
Bromley,20915,0.45497692
Bromley,20979,0.60027885
Bromley,20980,0.53408563
Bromley,20981,0.5259919
Bromley,2128,0.6474774
Bromley,2131,0.68036294
Bromley,21529,0.4521439
Bromley,21558,0.603356
Bromley,22398,0.5122079
Bromley,24135,0.45398796
Bromley,24843,0.49555716
Bromley,24961,0.48570865
Bromley,25115,0.39557427
Bromley,25271,0.5109481
Bromley,25272,0.503161
Bromley,25282,0.40557232
Bromley,25288,0.46846795
Bromley,25289,0.48277003
Bromley,25371,0.4747748
Bromley,25372,0.47330147
Bromley,25373,0.48445922
Bromley,25374,0.48418736
Bromley,25375,0.4827478
Bromley,25376,0.47608343
Bromley,25472,0.43777528
Bromley,25959,0.53506243
Bromley,25960,0.52419776
Bromley,26124,0.3790511
Bromley,26125,0.43444264
Bromley,26126,0.46624836
Bromley,26127,0.44694114
Bromley,26128,0.4752186
Bromley,26129,0.45802695
Bromley,26130,0.41610432
Bromley,26131,0.3901967
Bromley,26132,0.41622588
Bromley,26133,0.46881315
Bromley,26134,0.509168
Bromley,26136,0.53073704
Bromley,26137,0.52063155
Bromley,26138,0.5365555
Bromley,26139,0.56054586
Bromley,26140,0.49859276
Bromley,26141,0.5604017
Bromley,26142,0.5624458
Bromley,26143,0.57718295
Bromley,26906,0.41263905
Bromley,26907,0.41351992
Bromley,26908,0.41422376
Bromley,26909,0.5296541
Bromley,26910,0.5585026
Bromley,26911,0.5640851
Bromley,26912,0.564474
Bromley,26914,0.46134752
Bromley,26915,0.47146574
Bromley,26920,0.4826624
Bromley,26922,0.45424303
Bromley,26923,0.46782905
Bromley,26924,0.51913625
Bromley,26925,0.5215371
Bromley,26926,0.52568686
Bromley,26927,0.5214451
Bromley,26965,0.51389307
Bromley,26966,0.5170532
Bromley,26994,0.5045746
Bromley,27556,0.581114
Bromley,27557,0.60601455
Bromley,27601,0.38101986
Bromley,27602,0.28526565
Bromley,27603,0.33736148
Bromley,27604,0.3696647
Bromley,27605,0.2990776
Bromley,27606,0.5715752
Bromley,27612,0.26489168
Bromley,27732,0.3677975
Bromley,27733,0.31598842
Bromley,27780,0.5126603
Bromley,27850,0.51993537
Bromley,27955,0.43054095
Bromley,27956,0.44274566
Bromley,27957,0.48914152
Bromley,27961,0.52025133
Bromley,27962,0.39607048
Bromley,28146,0.44655922
Bromley,28147,0.48155826
Bromley,28770,0.35978812
Bromley,28771,0.35951623
Bromley,28772,0.4288958
Bromley,29841,0.4870696
Bromley,30011,0.45112583
Bromley,30012,0.45202893
Bromley,31173,0.49162522
Bromley,31250,0.40654323
Bromley,31326,0.50331444
Bromley,31327,0.50068855
Bromley,3231,0.34626335
Bromley,33144,0.5748423
Bromley,33221,0.5687166
Bromley,33222,0.56933755
Bromley,33223,0.48922443
Bromley,33224,0.5078093
Bromley,33225,0.48184544
Bromley,33226,0.4657034
Bromley,33227,0.45398068
Bromley,33228,0.4360487
Bromley,33229,0.4138756
Bromley,33230,0.3580626
Bromley,33231,0.35610604
Bromley,33313,0.5007947
Bromley,33726,0.49304208
Bromley,33842,0.5387743
Bromley,34256,0.47809735
Bromley,34271,0.46262914
Bromley,34272,0.572027
Bromley,34273,0.5650453
Bromley,34274,0.6010039
Bromley,34275,0.5588382
Bromley,34276,0.47824225
Bromley,34698,0.5109373
Bromley,35033,0.32713363
Bromley,35572,0.57481784
Bromley,35670,0.5342686
Bromley,35743,0.55678654
Bromley,3619,0.46552733
Bromley,36645,0.42883447
Bromley,36646,0.4538484
Bromley,36951,0.60033053
Bromley,36953,0.6029484
Bromley,37087,0.59796435
Bromley,37346,0.54920083
Bromley,37348,0.4995154
Bromley,37350,0.41697648
Bromley,37351,0.454038
Bromley,37359,0.42654052
Bromley,3911,0.51438403
Bromley,3912,0.53015846
Bromley,3922,0.4311032
Bromley,3923,0.40837252
Bromley,3924,0.459602
Bromley,40060,0.4473047
Bromley,40105,0.62759167
Bromley,40106,0.62393254
Bromley,40107,0.6128417
Bromley,40118,0.43701634
Bromley,40119,0.48742163
Bromley,40120,0.38388777
Bromley,40121,0.41256297
Bromley,40122,0.43704423
Bromley,40123,0.5397261
Bromley,40124,0.43065393
Bromley,40125,0.41075855
Bromley,40126,0.40595418
Bromley,40130,0.32062802
Bromley,40131,0.28758717
Bromley,40132,0.28170222
Bromley,40133,0.28783607
Bromley,40134,0.28832594
Bromley,40135,0.29647067
Bromley,40136,0.29596353
Bromley,40137,0.29731902
Bromley,40139,0.2772124
Bromley,40140,0.2963823
Bromley,40141,0.31919414
Bromley,40142,0.29950848
Bromley,40143,0.30394223
Bromley,40144,0.30365312
Bromley,40145,0.30526575
Bromley,40146,0.30582654
Bromley,40147,0.35342017
Bromley,40148,0.37379682
Bromley,40149,0.3944775
Bromley,40150,0.38084626
Bromley,40151,0.39453307
Bromley,40152,0.3783812
Bromley,40153,0.36258477
Bromley,40154,0.33691788
Bromley,40155,0.3205431
Bromley,40156,0.30402625
Bromley,40157,0.30300936
Bromley,40158,0.3025232
Bromley,40159,0.28682107
Bromley,40162,0.3020396
Bromley,40163,0.3695408
Bromley,40164,0.39600748
Bromley,40165,0.3818689
Bromley,40166,0.33411762
Bromley,40167,0.3165629
Bromley,40168,0.32217002
Bromley,40169,0.3426412
Bromley,40170,0.39166424
Bromley,40171,0.3756256
Bromley,40172,0.3146225
Bromley,40173,0.31993216
Bromley,40174,0.36206248
Bromley,40175,0.39491785
Bromley,40176,0.3883559
Bromley,40178,0.36259145
Bromley,40188,0.43613783
Bromley,40189,0.4161296
Bromley,40190,0.40478924
Bromley,40191,0.34959194
Bromley,40192,0.316311
Bromley,40193,0.43956834
Bromley,40196,0.38410458
Bromley,40197,0.42015108
Bromley,40198,0.3242944
Bromley,40199,0.31411377
Bromley,40201,0.35776404
Bromley,40202,0.3435642
Bromley,40207,0.53452843
Bromley,40208,0.5188423
Bromley,40209,0.4801968
Bromley,40210,0.48259026
Bromley,40211,0.5251048
Bromley,40212,0.51771516
Bromley,40213,0.43088067
Bromley,40214,0.4344819
Bromley,40223,0.2555836
Bromley,40224,0.35601044
Bromley,40225,0.2876791
Bromley,40232,0.53903085
Bromley,40233,0.4572746
Bromley,40236,0.5801697
Bromley,40237,0.50200415
Bromley,40238,0.45419204
Bromley,40239,0.34614724
Bromley,40240,0.4181948
Bromley,40241,0.4207876
Bromley,40242,0.41286942
Bromley,40243,0.42148843
Bromley,40244,0.43171164
Bromley,40245,0.42429584
Bromley,40250,0.42295796
Bromley,40251,0.44091523
Bromley,4074,0.5212936
Bromley,4075,0.45399898
Bromley,4083,0.44670305
Bromley,43011,0.5150499
Bromley,43015,0.61910695
Bromley,4783,0.66879314
Bromley,6560,0.50669783
Bromley,6561,0.5833285
Bromley,6580,0.5197867
Bromley,6581,0.5745539
Bromley,6582,0.58553654
Bromley,6587,0.6040106
Bromley,6593,0.60673183
Bromley,6594,0.583526
Bromley,6595,0.6060311
Bromley,6599,0.6195884
Bromley,6601,0.58707774
Bromley,6602,0.58665466
Bromley,7722,0.4611867
Bromley,7723,0.46716857
Bromley,8204,0.41296697
Bromley,8239,0.3992649
Bromley,9350,0.5339802
Bromley,9470,0.50047195
Bromley,9471,0.50054353
Bromley,975,0.6342921
Bromley,BP013,0.43627322
Bromley,BP014,0.40786248
Bromley,BP056,0.5928624
Bromley,BP087,0.53555787
Bromley,BP1026,0.51399964
Bromley,BP1028,0.51043165
Bromley,BP1096,0.24681775
Bromley,BP1160,0.6360981
Bromley,BP1161,0.63740593
Bromley,BP1162,0.48736137
Bromley,BP1163,0.48689833
Bromley,BP1164,0.46264127
Bromley,BP1228,0.47487435
Bromley,BP1238,0.47608024
Bromley,BP1239,0.5737138
Bromley,BP1240,0.58525884
Bromley,BP1241,0.5594478
Bromley,BP1242,0.574493
Bromley,BP1243,0.50752306
Bromley,BP1244,0.47592953
Bromley,BP1246,0.46116388
Bromley,BP1247,0.42622417
Bromley,BP1248,0.33096096
Bromley,BP1249,0.36342856
Bromley,BP1250,0.39831161
Bromley,BP1253,0.36897087
Bromley,BP1254,0.4429398
Bromley,BP1255,0.5323959
Bromley,BP1294,0.49655175
Bromley,BP1321,0.3272765
Bromley,BP1341,0.3544186
Bromley,BP1342,0.45537838
Bromley,BP1343,0.4437691
Bromley,BP1348,0.3802897
Bromley,BP136,0.57049614
Bromley,BP139,0.487003
Bromley,BP142,0.48921096
Bromley,BP1457,0.3511785
Bromley,BP1458,0.36653656
Bromley,BP1459,0.41308168
Bromley,BP1460,0.36316767
Bromley,BP166,0.4560083
Bromley,BP1681,0.56920433
Bromley,BP2030,0.41304094
Bromley,BP2031,0.47699392
Bromley,BP2032,0.50904924
Bromley,BP2033,0.47644213
Bromley,BP2034,0.4766117
Bromley,BP2035,0.5282267
Bromley,BP2036,0.4871741
Bromley,BP2039,0.47586396
Bromley,BP2040,0.47770974
Bromley,BP2041,0.5036504
Bromley,BP2042,0.41259286
Bromley,BP2049,0.4792511
Bromley,BP2050,0.47789404
Bromley,BP2051,0.39756873
Bromley,BP210,0.6630132
Bromley,BP2185,0.50241566
Bromley,BP2186,0.49904624
Bromley,BP2187,0.45870575
Bromley,BP2188,0.43955186
Bromley,BP2189,0.43947458
Bromley,BP2190,0.49323475
Bromley,BP2191,0.48796204
Bromley,BP2192,0.50568336
Bromley,BP2193,0.5372083
Bromley,BP2194,0.5514226
Bromley,BP2195,0.57764053
Bromley,BP2196,0.57347554
Bromley,BP2197,0.5754642
Bromley,BP2199,0.6039315
Bromley,BP2201,0.56825256
Bromley,BP2202,0.5791286
Bromley,BP2203,0.5640333
Bromley,BP2204,0.33431852
Bromley,BP2205,0.33474764
Bromley,BP2212,0.49537864
Bromley,BP2213,0.49124023
Bromley,BP2214,0.32270136
Bromley,BP2215,0.2978683
Bromley,BP2216,0.3082864
Bromley,BP2217,0.31575856
Bromley,BP2218,0.3382966
Bromley,BP2220,0.4868884
Bromley,BP2221,0.49230042
Bromley,BP2222,0.47982985
Bromley,BP2223,0.4751792
Bromley,BP2224,0.48689416
Bromley,BP2225,0.48088202
Bromley,BP2226,0.47372785
Bromley,BP2227,0.49818408
Bromley,BP2229,0.48231113
Bromley,BP2230,0.45221543
Bromley,BP2231,0.44377115
Bromley,BP2232,0.44801703
Bromley,BP2233,0.48557055
Bromley,BP2234,0.4858766
Bromley,BP2235,0.48621055
Bromley,BP2236,0.5049208
Bromley,BP2237,0.4515655
Bromley,BP2238,0.47244135
Bromley,BP2239,0.46273795
Bromley,BP2240,0.43387353
Bromley,BP2258,0.45167688
Bromley,BP2286,0.30122393
Bromley,BP2287,0.48823935
Bromley,BP2288,0.49197394
Bromley,BP2289,0.39437217
Bromley,BP2290,0.38163653
Bromley,BP2291,0.36287138
Bromley,BP2292,0.39072758
Bromley,BP2293,0.50200534
Bromley,BP2294,0.48786685
Bromley,BP2381,0.4422382
Bromley,BP2403,0.47806802
Bromley,BP2404,0.47782806
Bromley,BP2541,0.5851766
Bromley,BP2542,0.58419013
Bromley,BP2543,0.590707
Bromley,BP2544,0.5851149
Bromley,BP2553,0.66596085
Bromley,BP2554,0.62316626
Bromley,BP2707,0.46847495
Bromley,BP2708,0.45617315
Bromley,BP2709,0.4614424
Bromley,BP2710,0.44852006
Bromley,BP2711,0.43909392
Bromley,BP2712,0.4674417
Bromley,BP2713,0.46317536
Bromley,BP2714,0.45329615
Bromley,BP2760,0.5915029
Bromley,BP2837,0.43939143
Bromley,BP2838,0.39322576
Bromley,BP2839,0.3935582
Bromley,BP2840,0.44616023
Bromley,BP2841,0.44289863
Bromley,BP2842,0.3930062
Bromley,BP2843,0.3514971
Bromley,BP2844,0.3515131
Bromley,BP2869,0.4976478
Bromley,BP2870,0.500303
Bromley,BP2871,0.46914715
Bromley,BP2872,0.43564892
Bromley,BP2873,0.42564192
Bromley,BP2874,0.4148397
Bromley,BP2875,0.44711334
Bromley,BP2876,0.45644242
Bromley,BP2877,0.46644798
Bromley,BP2878,0.4664733
Bromley,BP2879,0.5017262
Bromley,BP2880,0.37671286
Bromley,BP2881,0.4056618
Bromley,BP2882,0.45267332
Bromley,BP2883,0.4465696
Bromley,BP2884,0.39471743
Bromley,BP2885,0.43334135
Bromley,BP2886,0.42221877
Bromley,BP2896,0.45470515
Bromley,BP2998,0.4192654
Bromley,BP2999,0.40804797
Bromley,BP3000,0.42546314
Bromley,BP3001,0.41633528
Bromley,BP3002,0.42190576
Bromley,BP3003,0.42046753
Bromley,BP3004,0.5284728
Bromley,BP3005,0.50733256
Bromley,BP3006,0.54487735
Bromley,BP3007,0.52833277
Bromley,BP3008,0.39144742
Bromley,BP3009,0.4203972
Bromley,BP3010,0.4165
Bromley,BP3011,0.41696033
Bromley,BP3012,0.42560223
Bromley,BP3233,0.5038146
Bromley,BP3234,0.5032482
Bromley,BP3235,0.4179833
Bromley,BP3237,0.4431147
Bromley,BP3238,0.5293416
Bromley,BP3239,0.44850984
Bromley,BP3240,0.45594373
Bromley,BP3241,0.34791636
Bromley,BP3242,0.34813842
Bromley,BP3243,0.34534368
Bromley,BP3244,0.36118218
Bromley,BP3288,0.3778525
Bromley,BP3303,0.34745744
Bromley,BP3336,0.44795954
Bromley,BP3337,0.4263659
Bromley,BP3338,0.36290032
Bromley,BP3339,0.36819702
Bromley,BP3340,0.44660935
Bromley,BP3341,0.44677958
Bromley,BP3343,0.48130274
Bromley,BP3470,0.43322283
Bromley,BP3471,0.46547088
Bromley,BP3495,0.4298356
Bromley,BP3496,0.4278716
Bromley,BP3562,0.40284026
Bromley,BP3680,0.39581817
Bromley,BP3690,0.5706969
Bromley,BP3694,0.5706727
Bromley,BP3992,0.5326557
Bromley,BP3993,0.5119927
Bromley,BP3994,0.51097906
Bromley,BP3995,0.51198643
Bromley,BP3996,0.545372
Bromley,BP3997,0.5479679
Bromley,BP3998,0.26563376
Bromley,BP3999,0.27775458
Bromley,BP4000,0.35871482
Bromley,BP4001,0.3437305
Bromley,BP4003,0.4893322
Bromley,BP4004,0.4909606
Bromley,BP4005,0.34687835
Bromley,BP4006,0.3815945
Bromley,BP4007,0.4086294
Bromley,BP4008,0.41315752
Bromley,BP4009,0.41079915
Bromley,BP4010,0.41054448
Bromley,BP4011,0.40204164
Bromley,BP4012,0.37566072
Bromley,BP4014,0.41158676
Bromley,BP4015,0.364199
Bromley,BP4016,0.37228087
Bromley,BP4017,0.3907154
Bromley,BP4018,0.39145344
Bromley,BP4019,0.3900232
Bromley,BP4020,0.49571505
Bromley,BP4021,0.49890175
Bromley,BP4022,0.5089764
Bromley,BP4023,0.54288274
Bromley,BP4024,0.5409372
Bromley,BP4025,0.4587393
Bromley,BP4026,0.44504562
Bromley,BP4027,0.44630697
Bromley,BP4028,0.44149286
Bromley,BP4029,0.44042325
Bromley,BP4030,0.45085922
Bromley,BP4031,0.38538918
Bromley,BP4032,0.4654313
Bromley,BP4033,0.37586507
Bromley,BP4034,0.37967268
Bromley,BP4035,0.3373537
Bromley,BP4036,0.31852776
Bromley,BP4037,0.32906294
Bromley,BP4038,0.3777719
Bromley,BP4039,0.34635913
Bromley,BP4040,0.44550046
Bromley,BP4041,0.46613935
Bromley,BP4094,0.5815014
Bromley,BP4126,0.42730233
Bromley,BP4129,0.37187502
Bromley,BP4131,0.3546687
Bromley,BP4132,0.39620456
Bromley,BP4133,0.3531488
Bromley,BP4134,0.39692047
Bromley,BP4136,0.42809063
Bromley,BP4137,0.48427367
Bromley,BP4138,0.47180554
Bromley,BP4139,0.42643777
Bromley,BP4140,0.41636413
Bromley,BP4141,0.4324452
Bromley,BP4142,0.43243048
Bromley,BP4143,0.42889434
Bromley,BP4144,0.41935906
Bromley,BP4145,0.42053244
Bromley,BP4146,0.42803383
Bromley,BP4147,0.40057623
Bromley,BP4148,0.387484
Bromley,BP4149,0.36653054
Bromley,BP4150,0.3058553
Bromley,BP4151,0.4019022
Bromley,BP4152,0.38349545
Bromley,BP4153,0.3842504
Bromley,BP4155,0.38234952
Bromley,BP4183,0.40677607
Bromley,BP4192,0.43955147
Bromley,BP4209,0.3520423
Bromley,BP4210,0.5275708
Bromley,BP4315,0.30591926
Bromley,BP4332,0.523512
Bromley,BP4333,0.53307146
Bromley,BP4341,0.4255198
Bromley,BP4357,0.44310626
Bromley,BP4394,0.40845442
Bromley,BP4395,0.38955495
Bromley,BP4422,0.550485
Bromley,BP4423,0.55004334
Bromley,BP4424,0.3588072
Bromley,BP4433,0.362101
Bromley,BP4434,0.30646783
Bromley,BP4435,0.3351468
Bromley,BP4440,0.36309266
Bromley,BP4441,0.3701868
Bromley,BP4442,0.36997935
Bromley,BP4443,0.34888938
Bromley,BP4444,0.3179675
Bromley,BP4445,0.30578753
Bromley,BP4446,0.37859902
Bromley,BP4447,0.40888372
Bromley,BP4448,0.40041515
Bromley,BP4449,0.3774876
Bromley,BP4450,0.30866998
Bromley,BP4451,0.31888586
Bromley,BP4452,0.3682388
Bromley,BP4453,0.40039885
Bromley,BP4454,0.40885642
Bromley,BP4455,0.3783622
Bromley,BP4456,0.37421942
Bromley,BP4488,0.31525204
Bromley,BP4616,0.48545286
Bromley,BP4868,0.47664234
Bromley,BP4964,0.43346012
Bromley,BP5182,0.4078922
Bromley,BP5306,0.47288793
Bromley,BP5435,0.40922675
Bromley,BP5436,0.47385994
Bromley,BP5437,0.39818713
Bromley,BP5438,0.4522147
Bromley,BP5439,0.45275465
Bromley,BP5440,0.40631735
Bromley,BP5555,0.51919866
Bromley,BP5556,0.51905566
Bromley,BP5873,0.62368006
Bromley,BP5874,0.6246203
Bromley,BP596,0.4120454
Bromley,BP597,0.4577695
Bromley,BP598,0.44826725
Bromley,BP6023,0.25402677
Bromley,BP6146,0.45145747
Bromley,BP6147,0.50610113
Bromley,BP6148,0.3963619
Bromley,BP6156,0.4955024
Bromley,BP6183,0.33575502
Bromley,BP6184,0.3170306
Bromley,BP6185,0.31744632
Bromley,BP6187,0.29802048
Bromley,BP6188,0.2864048
Bromley,BP6189,0.31331688
Bromley,BP6190,0.31430367
Bromley,BP6191,0.30276287
Bromley,BP6192,0.32202888
Bromley,BP6193,0.33327043
Bromley,BP6203,0.39000964
Bromley,BP6204,0.37506577
Bromley,BP6214,0.3474755
Bromley,BP6215,0.35876092
Bromley,BP6292,0.2996999
Bromley,BP646,0.35831589
Bromley,BP649,0.40553468
Bromley,BP650,0.51333135
Bromley,BP671,0.5909439
Bromley,BP691,0.40598613
Bromley,BP692,0.4230671
Bromley,BP693,0.40156502
Bromley,BP694,0.40820262
Bromley,BP695,0.37319076
Bromley,BP696,0.37215543
Bromley,BP697,0.40138313
Bromley,BP699,0.35262033
Bromley,BP700,0.3609948
Bromley,BP701,0.42001995
Bromley,BP702,0.41093504
Bromley,BP703,0.40122336
Bromley,BP704,0.41370204
Bromley,BP705,0.4105356
Bromley,BP706,0.39063948
Bromley,BP707,0.4000284
Bromley,BP708,0.41572627
Bromley,BP710,0.41356227
Bromley,BP711,0.38801062
Bromley,BP712,0.4670624
Bromley,BP713,0.46414214
Bromley,BP714,0.33209288
Bromley,BP715,0.35298604
Bromley,BP732,0.36777204
Bromley,BP733,0.4340194
Bromley,BP734,0.39090303
Bromley,BP792,0.51115584
Bromley,BP793,0.49556774
Bromley,BP794,0.50878465
Bromley,BP795,0.46170768
Bromley,BP796,0.48148623
Bromley,BP797,0.4654577
Bromley,BP798,0.4806081
Bromley,BP799,0.46635863
Bromley,BP800,0.5105263
Bromley,BP801,0.4014165
Bromley,BP802,0.41963795
Bromley,BP803,0.46412972
Bromley,BP806,0.46511635
Bromley,BP807,0.48089856
Bromley,BP810,0.49455371
Bromley,BP811,0.5318463
Bromley,BP847,0.6777075
Bromley,HC13,0.38757735
Bromley,HC190,0.45345062
Bromley,HC191,0.31521183
Bromley,HC192,0.3921007
Bromley,HC270,0.31007266
Bromley,HC271,0.35327715
Bromley,HC272,0.29134724
Bromley,HC275,0.3024679
Bromley,HC276,0.4292966
Bromley,HC277,0.37127987
Bromley,HC278,0.2880275
Bromley,HC419,0.3996783
Bromley,HC420,0.4284804
Bromley,HC421,0.42019436
Bromley,HC422,0.23213668
Bromley,HC423,0.23219721
Bromley,HC424,0.35073683
Bromley,HC425,0.43732658
Bromley,HC426,0.39452577
Bromley,HC427,0.4335447
Bromley,HC428,0.44900838
Bromley,HC429,0.44273844
Bromley,HC430,0.44305578
Bromley,HC431,0.43707258
Bromley,HC432,0.44331852
Bromley,HC433,0.438078
Bromley,HC434,0.43545765
Bromley,HC435,0.3437348
Bromley,HC436,0.42980874
Bromley,HC438,0.4114123
Bromley,HC439,0.38654268
Bromley,HC441,0.3827961
Bromley,HC442,0.38411024
Bromley,HC443,0.37837464
Bromley,HC444,0.37969443
Bromley,HC445,0.42783436
Bromley,HC446,0.41709626
Bromley,HC447,0.41382104
Bromley,HC448,0.44998157
Bromley,HC449,0.3993832
Bromley,HC450,0.38273534
Bromley,HC451,0.47159302
Bromley,HC452,0.4119604
Bromley,HC453,0.49768877
Bromley,HC454,0.46481147
Bromley,HC455,0.5071678
Bromley,HC456,0.51105595
Bromley,HC457,0.46795896
Bromley,HC458,0.4973278
Bromley,HC459,0.46717754
Bromley,HC494,0.29879388
Bromley,HC495,0.3134321
Bromley,HC496,0.31238738
Bromley,HC497,0.3075895
Bromley,HC498,0.314643
Bromley,HC499,0.21980712
Bromley,HC500,0.22255577
Bromley,HC524,0.24935442
Bromley,HC526,0.26749948
Bromley,HC528,0.3194382
Bromley,HC53,0.41034502
Bromley,HC530,0.32808363
Bromley,HC531,0.24861817
Bromley,HC532,0.32034838
Bromley,HC533,0.25939006
Bromley,HC534,0.24752177
Bromley,HC535,0.30605206
Bromley,HC536,0.25380132
Bromley,HC537,0.31640172
Bromley,HC538,0.23110452
Bromley,HC539,0.32433102
Bromley,HC540,0.21298681
Bromley,HC541,0.3160983
Bromley,HC542,0.22270872
Bromley,HC543,0.2426121
Bromley,HC544,0.23173137
Bromley,HC545,0.22540171
Bromley,HC546,0.2530162
Bromley,HC547,0.20755236
Bromley,HC548,0.21514417
Bromley,HC549,0.2225308
Bromley,HC550,0.2425646
Bromley,HC611,0.37509528
Bromley,HC612,0.2313708
Bromley,HC613,0.23141125
Bromley,HC614,0.23200668
Bromley,HC615,0.19386038
Bromley,HC616,0.19894175
Bromley,HC618,0.21161672
Bromley,HC620,0.26224864
Bromley,HC621,0.24534269
Bromley,HC622,0.33563307
Bromley,HC623,0.2819122
Bromley,HC624,0.28685883
Bromley,HC626,0.2646721
Bromley,HC627,0.25772664
Bromley,HC628,0.29981494
Bromley,HC629,0.25843957
Bromley,HC630,0.32638127
Bromley,HC8,0.26539108
Bromley,HC9,0.39670593
Bromley,OC534,0.43567282
Bromley,OC535,0.25694537
Bromley,OC536,0.4076961
Bromley,OC537,0.20939897
Bromley,OC539,0.244071
Bromley,OC542,0.30768776
Bromley,OC543,0.29662266
Bromley,OC544,0.24438588
Bromley,OC547,0.25118664
Bromley,OC548,0.24660078
Bromley,OC549,0.2731279
Bromley,OC551,0.3244839
Bromley,OC552,0.36527634
Bromley,OC553,0.33228818
Bromley,OC557,0.4714485
Bromley,OC558,0.46910155
Bromley,OC559,0.42449385
Bromley,OC560,0.46434954
Bromley,OC561,0.38695306
Bromley,OC562,0.3912854
Bromley,OC563,0.44581383
Bromley,OC564,0.4564513
Bromley,OC565,0.4008517
Bromley,OC579,0.41688415
Bromley,OC756,0.26980904
Bromley,OC757,0.37506562
Bromley,OC758,0.3998211
Bromley,OC759,0.39927733
Bromley,OC760,0.40366185
Bromley,OC761,0.40006855
Bromley,OC762,0.42884204
Bromley,OC768,0.34530655
Bromley,OC770,0.23139428
Bromley,OC771,0.31822518
Bromley,OC772,0.31800228
Bromley,OC774,0.25710592
Bromley,OC776,0.25186136
Bromley,OC777,0.31911245
Bromley,OC779,0.25504276
Bromley,OC780,0.4424436
Bromley,OC783,0.36486486
Bromley,OC784,0.35398155
Bromley,OC787,0.3544831
Bromley,OC789,0.34642965
Bromley,OC816,0.4340336
Bromley,OC818,0.44210833
Bromley,OC819,0.47225425
Bromley,OC820,0.49169064
Bromley,OC822,0.44108373
Bromley,OC947,0.5211462
Bromley,OC948,0.500419
Bromley,OC949,0.46022326
Bromley,OC969,0.27682638
Bromley,OC970,0.3446428
Bromley,OC971,0.4672095
Bromley,OC974,0.36133558
Bromley,R0388,0.5150524
Bromley,R0389,0.3831425
Bromley,R0392,0.21164812
Bromley,R0393,0.32285008
Bromley,R0394,0.45672706
Bromley,R0395,0.37144414
Bromley,R0396,0.49032366
Bromley,R0397,0.46896833
Bromley,R0398,0.5299356
Bromley,R0405,0.5989579
Bromley,R0416,0.3833126
Bromley,R0501,0.49010193
Bromley,R0504,0.45324638
Bromley,R0507,0.31702793
Bromley,R0509,0.6114001
Bromley,R0512,0.2587498
Bromley,R0514,0.5384391
Bromley,R0516,0.38851315
Bromley,R0517,0.3725302
Bromley,R0520,0.548011
Bromley,R0528,0.4809912
Bromley,R0551,0.5498611
Bromley,R0553,0.5213995
Bromley,R0557,0.4959888
Bromley,R0599,0.5448337
Bromley,R0600,0.5527355
Bromley,R0602,0.42198828
Bromley,R0603,0.41454166
Bromley,R0604,0.31023479
Bromley,R0605,0.30710953
Bromley,R0606,0.43932855
Bromley,R0608,0.5506092
Bromley,R0611,0.49208346
Bromley,R0612,0.4905224
Bromley,R0613,0.31877843
Bromley,R0614,0.34729347
Bromley,R0615,0.5822862
Bromley,R0664,0.30910885
Bromley,R0775,0.6464663
Bromley,R0776,0.61991036
Bromley,R0777,0.5438498
Bromley,R0778,0.4944849
Bromley,R0783,0.4501832
Bromley,R0859,0.475276
Bromley,R0860,0.58448356
Bromley,R0882,0.48766837
Bromley,R0891,0.47101867
Bromley,R0903,0.5667502
Bromley,R0904,0.33953145
Bromley,R0905,0.4289239
Bromley,19752,0.5921148
Bromley,20813,0.6049661
Bromley,27519,0.6242278
Bromley,6589,0.6261461
Bromley,6915,0.62446254
Bromley,BP041,0.6107765
Bromley,BP042,0.608775
Bromley,BP053,0.6059872
Bromley,BP054,0.61957043
Bromley,BP055,0.62420607
Camden,10365,0.6987538
Camden,10464,0.6677675
Camden,10465,0.6622771
Camden,1057,0.7634641
Camden,1075,0.6931394
Camden,1076,0.68830425
Camden,1078,0.775274
Camden,1103,0.80530417
Camden,113,0.6687846
Camden,11373,0.7562428
Camden,11379,0.7153266
Camden,11383,0.7642087
Camden,11385,0.7164333
Camden,11389,0.7303138
Camden,11391,0.78257304
Camden,11392,0.7772517
Camden,11393,0.74396133
Camden,11394,0.73155195
Camden,11395,0.75453925
Camden,11396,0.73819506
Camden,11399,0.743029
Camden,114,0.64089376
Camden,11400,0.7282811
Camden,11401,0.7012347
Camden,11404,0.7334297
Camden,11405,0.7104988
Camden,11406,0.7192623
Camden,11407,0.670048
Camden,11408,0.70747846
Camden,11409,0.70046216
Camden,11412,0.7120866
Camden,11413,0.70676106
Camden,11427,0.732809
Camden,11428,0.73044395
Camden,11431,0.7249705
Camden,11432,0.73782176
Camden,11435,0.722065
Camden,11436,0.6105327
Camden,11437,0.61693805
Camden,11439,0.6032962
Camden,11440,0.61852294
Camden,11442,0.6372505
Camden,11443,0.68751353
Camden,11444,0.62918866
Camden,11446,0.7350376
Camden,11449,0.7554357
Camden,116,0.663643
Camden,117,0.6471378
Camden,11734,0.7364617
Camden,11767,0.62697107
Camden,11964,0.64309615
Camden,11984,0.7431965
Camden,11986,0.66805625
Camden,11994,0.80513084
Camden,11995,0.7655217
Camden,12009,0.5794109
Camden,12010,0.56871265
Camden,12016,0.60035044
Camden,12017,0.5963197
Camden,12018,0.58538556
Camden,12019,0.5809306
Camden,12020,0.6558559
Camden,12021,0.65219486
Camden,12022,0.7341017
Camden,12024,0.751651
Camden,12025,0.7499009
Camden,12026,0.67565125
Camden,12027,0.6765019
Camden,12028,0.66880494
Camden,12030,0.70310277
Camden,12034,0.69195986
Camden,12041,0.66548544
Camden,12043,0.69967467
Camden,12044,0.69788575
Camden,12045,0.70181835
Camden,12046,0.6999865
Camden,12047,0.6421522
Camden,12051,0.60350853
Camden,12053,0.75673795
Camden,12054,0.76912975
Camden,12057,0.72590196
Camden,12058,0.76366407
Camden,12059,0.73000014
Camden,12060,0.71949834
Camden,12063,0.61747926
Camden,12064,0.6162814
Camden,12067,0.6014897
Camden,12068,0.6054506
Camden,1218,0.68321663
Camden,1219,0.6787992
Camden,12332,0.800645
Camden,1276,0.7506378
Camden,1280,0.8277745
Camden,1284,0.68515563
Camden,1285,0.7101022
Camden,1331,0.7018562
Camden,13457,0.7314947
Camden,13458,0.7322144
Camden,13460,0.74169177
Camden,136,0.6711913
Camden,137,0.6743254
Camden,1393,0.76429045
Camden,14456,0.81053025
Camden,14615,0.77877164
Camden,14618,0.7674193
Camden,14619,0.76293683
Camden,1463,0.6812266
Camden,14639,0.7975261
Camden,1464,0.66994524
Camden,14682,0.78907
Camden,1473,0.7771513
Camden,14736,0.8518511
Camden,16153,0.72454625
Camden,1633,0.61188537
Camden,1634,0.63413
Camden,1635,0.6470284
Camden,1636,0.66902536
Camden,1637,0.68765
Camden,1638,0.6670547
Camden,1639,0.60805804
Camden,1640,0.6048935
Camden,166,0.87193483
Camden,17258,0.59082013
Camden,17262,0.55041134
Camden,17263,0.6484217
Camden,1733,0.58642095
Camden,183,0.7693323
Camden,18852,0.6601714
Camden,18853,0.6417836
Camden,18855,0.63997775
Camden,18856,0.68007344
Camden,18859,0.6672169
Camden,197,0.7217073
Camden,200,0.77581567
Camden,20407,0.8104356
Camden,20592,0.71119
Camden,20628,0.80830073
Camden,20723,0.6924742
Camden,20908,0.7586139
Camden,2189,0.6479504
Camden,2190,0.65187114
Camden,2191,0.6262823
Camden,24180,0.8084985
Camden,25367,0.65553975
Camden,25599,0.76451993
Camden,25853,0.7708767
Camden,2622,0.7235569
Camden,26425,0.7948882
Camden,2674,0.8002608
Camden,2675,0.81345886
Camden,2698,0.6126521
Camden,27564,0.7489889
Camden,27622,0.8378783
Camden,29055,0.8078515
Camden,29181,0.5928171
Camden,29182,0.5947128
Camden,29399,0.7957143
Camden,29443,0.6915038
Camden,29444,0.7051244
Camden,29666,0.759831
Camden,29698,0.6443337
Camden,29844,0.82193625
Camden,29902,0.63649315
Camden,29903,0.6687091
Camden,29927,0.7351874
Camden,3023,0.6923299
Camden,3162,0.6768389
Camden,324,0.82962096
Camden,325,0.8220743
Camden,330,0.79939973
Camden,33093,0.7876026
Camden,33096,0.83687866
Camden,33097,0.7280277
Camden,33099,0.7069315
Camden,331,0.77336025
Camden,33107,0.7642583
Camden,33180,0.66973495
Camden,33259,0.81153685
Camden,33260,0.80287933
Camden,33261,0.7832233
Camden,33266,0.4764615
Camden,33288,0.81720114
Camden,33290,0.74409044
Camden,33291,0.775779
Camden,33332,0.66320354
Camden,33378,0.77742183
Camden,33531,0.79144067
Camden,33533,0.8060976
Camden,33548,0.7328038
Camden,33775,0.6007928
Camden,33776,0.58619535
Camden,33797,0.60997295
Camden,33798,0.69260037
Camden,33799,0.6108828
Camden,33800,0.5946181
Camden,33801,0.6968031
Camden,33802,0.6920254
Camden,33803,0.6733508
Camden,33804,0.6739951
Camden,33805,0.76862407
Camden,33806,0.7691607
Camden,33807,0.6223992
Camden,33808,0.5810968
Camden,33819,0.62070435
Camden,33925,0.74480665
Camden,33934,0.5691192
Camden,33966,0.6919006
Camden,34182,0.825187
Camden,34307,0.74653345
Camden,34479,0.61168706
Camden,34494,0.6213886
Camden,34496,0.60528046
Camden,34497,0.6427995
Camden,34498,0.6219394
Camden,34499,0.6054269
Camden,34500,0.59616774
Camden,34501,0.602288
Camden,34502,0.6383423
Camden,34503,0.62206024
Camden,34504,0.6257215
Camden,34505,0.63283485
Camden,34506,0.6323747
Camden,34507,0.65853876
Camden,34508,0.6626708
Camden,34509,0.61794287
Camden,34510,0.6412039
Camden,34511,0.65101147
Camden,34512,0.66645026
Camden,34515,0.67324007
Camden,34615,0.65920514
Camden,34940,0.75940776
Camden,34953,0.6476988
Camden,34960,0.66765827
Camden,34962,0.67862695
Camden,34989,0.66569096
Camden,35030,0.86553234
Camden,3517,0.8240948
Camden,35739,0.6078576
Camden,35968,0.61779714
Camden,36647,0.7260696
Camden,36799,0.7520258
Camden,36859,0.7939374
Camden,36918,0.6054917
Camden,36919,0.6016488
Camden,36920,0.6150627
Camden,36921,0.5928806
Camden,36923,0.590448
Camden,36958,0.62316394
Camden,37162,0.7739296
Camden,37163,0.7188586
Camden,37171,0.79256755
Camden,37173,0.7198555
Camden,37174,0.62679535
Camden,37175,0.6371341
Camden,37176,0.59769195
Camden,37177,0.60230035
Camden,37178,0.6197579
Camden,37179,0.64384407
Camden,37180,0.7248883
Camden,37234,0.6109037
Camden,37236,0.6144844
Camden,37237,0.6007039
Camden,37238,0.5825961
Camden,37391,0.57218856
Camden,37425,0.59681433
Camden,37435,0.70811754
Camden,37601,0.59029937
Camden,37602,0.5963966
Camden,37606,0.783004
Camden,37634,0.6522733
Camden,37671,0.7999084
Camden,37672,0.7246759
Camden,455,0.76658434
Camden,461,0.7792344
Camden,462,0.70784074
Camden,4720,0.67888004
Camden,477,0.76648724
Camden,4790,0.701998
Camden,4796,0.7017118
Camden,4805,0.72253203
Camden,4813,0.75675064
Camden,4916,0.68776184
Camden,4917,0.6828621
Camden,4918,0.692114
Camden,4919,0.68188226
Camden,634,0.6035013
Camden,638,0.58327
Camden,660,0.85393465
Camden,667,0.71622294
Camden,668,0.77665085
Camden,669,0.7738094
Camden,673,0.76337296
Camden,750,0.8040492
Camden,79,0.7034492
Camden,80011,0.7687879
Camden,8319,0.7428153
Camden,8320,0.7236094
Camden,8321,0.6258877
Camden,8322,0.6114022
Camden,8323,0.57968074
Camden,8324,0.5746045
Camden,8325,0.7288579
Camden,8326,0.7559426
Camden,8329,0.7707533
Camden,8330,0.84585464
Camden,8340,0.7899743
Camden,8344,0.6947767
Camden,8383,0.7474908
Camden,8398,0.67453736
Camden,8399,0.6721359
Camden,8416,0.7647236
Camden,8417,0.7191338
Camden,8419,0.77299905
Camden,8437,0.76832986
Camden,8438,0.7415786
Camden,8561,0.8091069
Camden,9109,0.74913347
Camden,9357,0.69833815
Camden,9358,0.64421463
Camden,9445,0.7425987
Camden,9819,0.63094014
Camden,982,0.7937473
Camden,9930,0.7652754
Camden,9931,0.7701138
Camden,BP1137,0.56749356
Camden,BP1264,0.74764365
Camden,BP1340,0.7713394
Camden,BP138,0.649428
Camden,BP1388,0.61871713
Camden,BP1496,0.7032204
Camden,BP1515,0.6708245
Camden,BP1516,0.6950883
Camden,BP1517,0.7141627
Camden,BP1518,0.6930089
Camden,BP1648,0.6901031
Camden,BP1680,0.65889096
Camden,BP1779,0.7198263
Camden,BP1780,0.7147804
Camden,BP1831,0.67637736
Camden,BP1832,0.67867976
Camden,BP185,0.6035338
Camden,BP1898,0.6291665
Camden,BP1899,0.62416893
Camden,BP1901,0.6154225
Camden,BP2006,0.71568274
Camden,BP2127,0.6642523
Camden,BP2128,0.6785434
Camden,BP2490,0.69355744
Camden,BP2613,0.6630912
Camden,BP2996,0.7814149
Camden,BP3186,0.67992294
Camden,BP3204,0.6797922
Camden,BP3386,0.67028093
Camden,BP3512,0.6914752
Camden,BP3580,0.67147475
Camden,BP3819,0.7200396
Camden,BP3884,0.717928
Camden,BP4172,0.7366436
Camden,BP4325,0.6854064
Camden,BP4515,0.710858
Camden,BP4548,0.7132528
Camden,BP4922,0.81153685
Camden,BP4925,0.82677686
Camden,BP4934,0.6195484
Camden,BP4986,0.6850372
Camden,BP4987,0.67617095
Camden,BP5029,0.66462034
Camden,BP5030,0.675817
Camden,BP5031,0.7048044
Camden,BP5283,0.8454601
Camden,BP5294,0.7526216
Camden,BP5295,0.70822054
Camden,BP5296,0.7122223
Camden,BP5485,0.77646273
Camden,BP5486,0.7873333
Camden,BP5995,0.74979115
Camden,BP6332,0.8116155
Camden,BP6333,0.8497619
Camden,BP643,0.7100706
Camden,BP644,0.7090644
Camden,BP685,0.69727963
Camden,BP765,0.7869114
Camden,BP882,0.80296135
Camden,BP883,0.8283814
Camden,HC878,0.66122836
Camden,R0005,0.6415802
Camden,R0078,0.783067
Camden,R0085,0.8869788
Camden,R0469,0.6124144
Camden,11363,0.74581224
Camden,11366,0.7586735
Camden,1179,0.6774422
Camden,1275,0.82618773
Camden,1277,0.76859266
Camden,1282,0.7638711
Camden,1283,0.7657213
Camden,1691,0.7209059
Camden,1692,0.7348968
Camden,18860,0.64994746
Camden,20917,0.8279716
Camden,25069,0.78850174
Camden,36512,0.7866873
Camden,36513,0.7937023
Camden,36514,0.76997244
Camden,4807,0.6864698
Camden,544,0.82653314
Camden,672,0.83315766
Camden,675,0.79570675
Camden,7801,0.67004573
Camden,8332,0.67102593
Camden,8342,0.7550977
Camden,8348,0.84530836
Camden,BP1514,0.6328265
Camden,BP1519,0.66236657
Camden,BP1520,0.627611
Camden,BP1703,0.7346029
Camden,BP2016,0.82640195
Camden,BP3403,0.6609759
Camden,BP4522,0.73667216
Camden,BP5646,0.81704926
Camden,BP5841,0.83060205
Camden,BP6331,0.8437786
Camden,R0059,0.65755266
Camden,R0739,0.8086898
City of London,10352,0.5365753
City of London,1152,0.5014036
City of London,1156,0.5178241
City of London,1157,0.5059843
City of London,1160,0.5419189
City of London,13456,0.48224315
City of London,14501,0.51900256
City of London,14691,0.50951785
City of London,1472,0.5311849
City of London,2018,0.5113323
City of London,2019,0.5447724
City of London,205,0.5412255
City of London,2114,0.43245393
City of London,2116,0.4648344
City of London,2123,0.4612073
City of London,2466,0.5292566
City of London,2467,0.5282009
City of London,2468,0.5211404
City of London,27786,0.5671488
City of London,27954,0.5179756
City of London,29911,0.5557427
City of London,29912,0.5410494
City of London,3177,0.5761517
City of London,3178,0.5989916
City of London,33385,0.53341204
City of London,33683,0.48438364
City of London,33780,0.5404151
City of London,33891,0.55335754
City of London,34190,0.49585763
City of London,34251,0.5568369
City of London,34252,0.556838
City of London,35484,0.54275125
City of London,35576,0.55735165
City of London,35667,0.5663423
City of London,36688,0.5209756
City of London,37075,0.5159067
City of London,37600,0.5474595
City of London,37641,0.4910815
City of London,37644,0.529132
City of London,37676,0.5129277
City of London,538,0.5517027
City of London,768,0.45946074
City of London,8394,0.5332731
City of London,8420,0.5323281
City of London,8547,0.5737305
City of London,8548,0.5583123
City of London,8551,0.5437193
City of London,8552,0.5281631
City of London,8553,0.5519237
City of London,8556,0.5188273
City of London,8558,0.5324161
City of London,8559,0.5341645
City of London,8564,0.5429844
City of London,8570,0.54764175
City of London,8571,0.5133462
City of London,8577,0.54460514
City of London,8578,0.5438575
City of London,8579,0.53759867
City of London,8581,0.5410399
City of London,8585,0.51415485
City of London,8586,0.51107967
City of London,8591,0.5166951
City of London,8600,0.514174
City of London,8601,0.5064263
City of London,871,0.5132026
City of London,969,0.5300442
City of London,BP140,0.46426463
City of London,BP1575,0.46467555
City of London,BP1576,0.46738586
City of London,BP244,0.43420124
City of London,BP2826,0.57419133
City of London,BP2846,0.57405335
City of London,BP2847,0.57357633
City of London,BP3287,0.61984843
City of London,BP3442,0.50958294
City of London,BP3453,0.51833785
City of London,BP4111,0.5091778
City of London,BP4112,0.51789564
City of London,BP4338,0.539509
City of London,BP4339,0.54332405
City of London,BP4528,0.5575287
City of London,BP4529,0.56086046
City of London,BP5535,0.5743442
City of London,BP5575,0.5268332
City of London,BP5593,0.54152447
City of London,BP5594,0.5047272
City of London,BP5687,0.56618804
City of London,BP5731,0.5456007
City of London,BP5775,0.5721691
City of London,BP5998,0.54511535
City of London,BP6261,0.5750084
City of London,BP6262,0.56713486
City of London,BP6330,0.5665469
City of London,BP6391,0.4813993
City of London,BP933,0.5378541
City of London,BP969,0.57175547
City of London,OC509,0.5260566
City of London,R0089,0.52729243
City of London,R0814,0.53532445
City of London,R0815,0.54404384
City of London,R0816,0.59227026
Croydon,10362,0.5550643
Croydon,10363,0.5415614
Croydon,10794,0.59092385
Croydon,10795,0.5917125
Croydon,10797,0.6163832
Croydon,10798,0.636525
Croydon,10799,0.635033
Croydon,10804,0.6118138
Croydon,10806,0.6498896
Croydon,10807,0.6152897
Croydon,10808,0.65322757
Croydon,10816,0.65934396
Croydon,10817,0.6708186
Croydon,10820,0.7163734
Croydon,10821,0.68607646
Croydon,10824,0.655508
Croydon,10825,0.65068805
Croydon,1164,0.56324196
Croydon,11753,0.5534107
Croydon,1182,0.62969613
Croydon,12082,0.6939247
Croydon,12083,0.7161148
Croydon,12417,0.58137304
Croydon,12418,0.59588087
Croydon,12419,0.60300285
Croydon,12420,0.6049578
Croydon,12421,0.66816515
Croydon,12422,0.63471377
Croydon,12423,0.6498088
Croydon,12424,0.64591384
Croydon,12425,0.6505931
Croydon,12426,0.67287123
Croydon,12427,0.66913295
Croydon,12428,0.6605486
Croydon,12429,0.6838109
Croydon,12430,0.7123855
Croydon,12432,0.655412
Croydon,12433,0.57315594
Croydon,12434,0.49915725
Croydon,12435,0.54748684
Croydon,12436,0.5453052
Croydon,12438,0.6070536
Croydon,12450,0.65423656
Croydon,12868,0.71225345
Croydon,12886,0.589009
Croydon,12915,0.5712184
Croydon,12916,0.5732241
Croydon,12917,0.60717314
Croydon,12918,0.59284604
Croydon,12920,0.5834707
Croydon,12921,0.63065374
Croydon,13179,0.50603336
Croydon,13184,0.52202183
Croydon,13186,0.49765286
Croydon,13188,0.4965213
Croydon,13189,0.5287703
Croydon,13190,0.5487463
Croydon,13193,0.5768865
Croydon,13194,0.62311536
Croydon,13196,0.56121063
Croydon,13197,0.5623027
Croydon,13201,0.5927787
Croydon,13202,0.5930607
Croydon,13203,0.6003565
Croydon,13204,0.5686408
Croydon,13206,0.5862401
Croydon,13207,0.5580167
Croydon,13208,0.6392921
Croydon,13209,0.60938805
Croydon,13210,0.67173827
Croydon,13211,0.62642866
Croydon,13214,0.56835604
Croydon,13215,0.5604356
Croydon,13216,0.5849085
Croydon,13217,0.56287754
Croydon,13220,0.5531013
Croydon,13221,0.5757707
Croydon,13223,0.48368806
Croydon,13224,0.487575
Croydon,13227,0.51956856
Croydon,13228,0.4926315
Croydon,13229,0.5215583
Croydon,13231,0.53053397
Croydon,13233,0.66935945
Croydon,13234,0.65075225
Croydon,13235,0.6806158
Croydon,13236,0.6346424
Croydon,13237,0.6534155
Croydon,13238,0.61203885
Croydon,13239,0.59414995
Croydon,13606,0.6223091
Croydon,1374,0.5352578
Croydon,1375,0.50858647
Croydon,1383,0.6844251
Croydon,1384,0.67762476
Croydon,1390,0.6910796
Croydon,1391,0.679544
Croydon,1441,0.6537907
Croydon,1443,0.52418125
Croydon,14631,0.6519866
Croydon,15002,0.7495501
Croydon,15102,0.57112527
Croydon,15104,0.57782686
Croydon,15105,0.576559
Croydon,15106,0.61508834
Croydon,15107,0.6090158
Croydon,15108,0.63320017
Croydon,15110,0.6330713
Croydon,15112,0.61735934
Croydon,15113,0.6127064
Croydon,15116,0.7006796
Croydon,15231,0.6503832
Croydon,15232,0.6530471
Croydon,1553,0.67817354
Croydon,1554,0.6727309
Croydon,15600,0.6378094
Croydon,15601,0.63394314
Croydon,15805,0.6773175
Croydon,15806,0.65936524
Croydon,15807,0.5257253
Croydon,15808,0.58086264
Croydon,15809,0.5540342
Croydon,15810,0.53173465
Croydon,15812,0.5626627
Croydon,15813,0.55325836
Croydon,15814,0.6134601
Croydon,15815,0.6127839
Croydon,15816,0.59556246
Croydon,15817,0.51833844
Croydon,15818,0.6060541
Croydon,15819,0.6053445
Croydon,15820,0.55139744
Croydon,15821,0.602131
Croydon,15822,0.57462156
Croydon,15823,0.57233256
Croydon,15824,0.558029
Croydon,15825,0.5391709
Croydon,16603,0.5879686
Croydon,16604,0.59348077
Croydon,16605,0.6437372
Croydon,16606,0.643667
Croydon,16607,0.5872468
Croydon,16609,0.593843
Croydon,16610,0.6037074
Croydon,16611,0.5939281
Croydon,16612,0.5946038
Croydon,16627,0.55257964
Croydon,16629,0.53948426
Croydon,16631,0.5686023
Croydon,16632,0.55765027
Croydon,16633,0.59832966
Croydon,16634,0.57440335
Croydon,16635,0.57288307
Croydon,16636,0.6533377
Croydon,16637,0.6485474
Croydon,16638,0.6269488
Croydon,16639,0.6239489
Croydon,16640,0.6436025
Croydon,16641,0.59091634
Croydon,16864,0.5889443
Croydon,17328,0.5912
Croydon,17330,0.65801096
Croydon,17331,0.628082
Croydon,17332,0.6391296
Croydon,17333,0.6362862
Croydon,17334,0.6197525
Croydon,17335,0.601663
Croydon,17336,0.60663086
Croydon,17338,0.6042913
Croydon,17339,0.58722395
Croydon,17340,0.5914387
Croydon,17341,0.5914397
Croydon,17342,0.5978498
Croydon,17343,0.60574836
Croydon,17344,0.6366686
Croydon,17345,0.6425041
Croydon,17346,0.6131983
Croydon,17347,0.61900514
Croydon,17348,0.599268
Croydon,17376,0.60870063
Croydon,17377,0.60008883
Croydon,17378,0.63822514
Croydon,17379,0.647676
Croydon,17380,0.65503544
Croydon,17381,0.5875626
Croydon,17383,0.6968159
Croydon,17439,0.5607187
Croydon,17440,0.53990275
Croydon,17441,0.5962206
Croydon,17442,0.6792712
Croydon,17443,0.6943224
Croydon,17444,0.6860455
Croydon,17445,0.54349226
Croydon,17446,0.58302736
Croydon,17447,0.5832516
Croydon,17448,0.66362685
Croydon,17449,0.6603867
Croydon,17450,0.6362287
Croydon,17451,0.63087016
Croydon,17452,0.6792136
Croydon,17453,0.6879787
Croydon,17458,0.6994471
Croydon,17460,0.74508876
Croydon,17461,0.67760295
Croydon,17462,0.62011355
Croydon,17463,0.5995624
Croydon,17464,0.622634
Croydon,17465,0.6813346
Croydon,17466,0.6530715
Croydon,17664,0.66825545
Croydon,17665,0.5679002
Croydon,17684,0.55523175
Croydon,17685,0.5607447
Croydon,17686,0.5751956
Croydon,17687,0.53205365
Croydon,17688,0.5392083
Croydon,17689,0.56402445
Croydon,17690,0.5858564
Croydon,17691,0.5538108
Croydon,17692,0.5762221
Croydon,17693,0.5466686
Croydon,17694,0.5491308
Croydon,17695,0.5803497
Croydon,17696,0.5884149
Croydon,17697,0.5509345
Croydon,17698,0.6040785
Croydon,17699,0.60696125
Croydon,17700,0.5628504
Croydon,17851,0.69425535
Croydon,17852,0.57448125
Croydon,17853,0.56333226
Croydon,17854,0.56263286
Croydon,17855,0.5446136
Croydon,17856,0.5426731
Croydon,17857,0.60201997
Croydon,17858,0.5858957
Croydon,17859,0.5667757
Croydon,17862,0.63272923
Croydon,17863,0.5577592
Croydon,17864,0.554938
Croydon,17866,0.56813
Croydon,17876,0.57795006
Croydon,17877,0.5762697
Croydon,17878,0.58741933
Croydon,17879,0.57674277
Croydon,17880,0.5728547
Croydon,17881,0.5734314
Croydon,17882,0.55888355
Croydon,17883,0.5656672
Croydon,17884,0.559161
Croydon,17885,0.5621984
Croydon,17886,0.5352434
Croydon,17887,0.53420293
Croydon,17890,0.60093606
Croydon,17892,0.60107726
Croydon,17893,0.59908724
Croydon,18275,0.61901575
Croydon,1845,0.6377666
Croydon,1846,0.6387059
Croydon,1847,0.63386315
Croydon,1848,0.6180892
Croydon,1849,0.5445706
Croydon,1850,0.5749078
Croydon,18728,0.57347655
Croydon,18797,0.6522668
Croydon,18798,0.5972035
Croydon,18799,0.59438145
Croydon,18801,0.6096373
Croydon,18802,0.5955589
Croydon,18804,0.5859036
Croydon,18805,0.5944463
Croydon,18806,0.59905875
Croydon,18808,0.60199815
Croydon,18809,0.6306348
Croydon,18810,0.6305365
Croydon,18811,0.6484281
Croydon,18812,0.64974964
Croydon,18813,0.6611601
Croydon,18814,0.6610635
Croydon,18815,0.683297
Croydon,18816,0.72564363
Croydon,18817,0.65406406
Croydon,18818,0.6850276
Croydon,18819,0.6469292
Croydon,18900,0.6302571
Croydon,19220,0.6836689
Croydon,19269,0.6344372
Croydon,19271,0.6126483
Croydon,19718,0.6738634
Croydon,19719,0.67975676
Croydon,19784,0.54139227
Croydon,19785,0.5458815
Croydon,19786,0.52758116
Croydon,19787,0.5198672
Croydon,19788,0.5474928
Croydon,19789,0.51940405
Croydon,19790,0.5701751
Croydon,19791,0.5700958
Croydon,19792,0.5916781
Croydon,19793,0.5771647
Croydon,19795,0.6004755
Croydon,19796,0.58024323
Croydon,19797,0.57985276
Croydon,19800,0.57617223
Croydon,19801,0.60356134
Croydon,19802,0.5916904
Croydon,19804,0.64809483
Croydon,19805,0.6463996
Croydon,19806,0.6397711
Croydon,19807,0.6578369
Croydon,19808,0.7421026
Croydon,19809,0.74242944
Croydon,19810,0.7515546
Croydon,19811,0.7518913
Croydon,19813,0.7537197
Croydon,19815,0.674229
Croydon,19816,0.6389854
Croydon,19817,0.6518941
Croydon,19818,0.6602676
Croydon,19819,0.62365746
Croydon,19820,0.5965159
Croydon,19821,0.5971528
Croydon,19822,0.579184
Croydon,19823,0.5848287
Croydon,20140,0.6719607
Croydon,20141,0.67568225
Croydon,20151,0.5168044
Croydon,20185,0.672649
Croydon,20396,0.7166631
Croydon,20418,0.5436373
Croydon,20443,0.5828028
Croydon,20493,0.6077719
Croydon,20501,0.59643716
Croydon,20502,0.59244084
Croydon,20616,0.5187887
Croydon,20617,0.5150642
Croydon,20644,0.6814812
Croydon,20677,0.5928294
Croydon,20678,0.61989343
Croydon,20688,0.5308525
Croydon,20696,0.58269155
Croydon,20808,0.60627365
Croydon,20809,0.62498343
Croydon,20868,0.594329
Croydon,20869,0.6192144
Croydon,20916,0.691915
Croydon,22195,0.57340395
Croydon,22196,0.5736399
Croydon,22916,0.52833575
Croydon,23492,0.67647636
Croydon,23493,0.7105688
Croydon,24404,0.63357395
Croydon,25073,0.62069595
Croydon,2522,0.64876443
Croydon,2523,0.7228579
Croydon,2524,0.680491
Croydon,25243,0.6514363
Croydon,25244,0.6084798
Croydon,25245,0.6213664
Croydon,25246,0.65138686
Croydon,25247,0.6428273
Croydon,25248,0.62851393
Croydon,25249,0.6013446
Croydon,25250,0.6153615
Croydon,25251,0.6399799
Croydon,25252,0.6587705
Croydon,25253,0.6968156
Croydon,25254,0.7004062
Croydon,25266,0.56932217
Croydon,25267,0.5720889
Croydon,25456,0.5970768
Croydon,25457,0.5940163
Croydon,25582,0.65680635
Croydon,25583,0.65062106
Croydon,25585,0.71966517
Croydon,25586,0.65717596
Croydon,25587,0.69004786
Croydon,25588,0.5675695
Croydon,25595,0.58362216
Croydon,25596,0.60906214
Croydon,25672,0.55992544
Croydon,25673,0.5706689
Croydon,25674,0.55938596
Croydon,25729,0.61460847
Croydon,25730,0.612402
Croydon,25731,0.6213274
Croydon,25733,0.5917096
Croydon,25734,0.59231097
Croydon,25735,0.59299266
Croydon,25736,0.61002153
Croydon,25737,0.60107714
Croydon,25738,0.6100858
Croydon,25739,0.625386
Croydon,25740,0.61827874
Croydon,25741,0.5985618
Croydon,25742,0.56248146
Croydon,25754,0.5540044
Croydon,25755,0.5341321
Croydon,25756,0.5769606
Croydon,25757,0.57003844
Croydon,25758,0.6131383
Croydon,25759,0.61273676
Croydon,25760,0.60917217
Croydon,25761,0.5877426
Croydon,25827,0.5790841
Croydon,25828,0.59167147
Croydon,25829,0.57311326
Croydon,25830,0.54757816
Croydon,25865,0.62977606
Croydon,25866,0.63122666
Croydon,25875,0.72199917
Croydon,25876,0.5866566
Croydon,25946,0.56099224
Croydon,26185,0.6951567
Croydon,26277,0.6145303
Croydon,26828,0.55454075
Croydon,26829,0.5470488
Croydon,26830,0.48879114
Croydon,26831,0.58746207
Croydon,26832,0.55569035
Croydon,26833,0.5511493
Croydon,26834,0.5324617
Croydon,26835,0.52739835
Croydon,26836,0.5256419
Croydon,26837,0.50223535
Croydon,26838,0.5461374
Croydon,26839,0.5636406
Croydon,26840,0.5543251
Croydon,26842,0.60873824
Croydon,26861,0.58345664
Croydon,26878,0.63127106
Croydon,26879,0.6170159
Croydon,26981,0.64136857
Croydon,27591,0.63308173
Croydon,27608,0.5417647
Croydon,27609,0.57785356
Croydon,27754,0.61479026
Croydon,27755,0.58796704
Croydon,27756,0.59184164
Croydon,27757,0.58906883
Croydon,27758,0.5781815
Croydon,27759,0.5958241
Croydon,27763,0.5716066
Croydon,27837,0.6072026
Croydon,27838,0.6093547
Croydon,27857,0.59734935
Croydon,27967,0.5171849
Croydon,2869,0.6709611
Croydon,29020,0.5491429
Croydon,30099,0.5672285
Croydon,31802,0.69156414
Croydon,33008,0.5550616
Croydon,33009,0.56154686
Croydon,33011,0.56142694
Croydon,33012,0.55741864
Croydon,33130,0.5812525
Croydon,33164,0.5395389
Croydon,33165,0.5936377
Croydon,33167,0.58793414
Croydon,3317,0.64834213
Croydon,33170,0.56494534
Croydon,33171,0.56580096
Croydon,33177,0.5779237
Croydon,33178,0.61463577
Croydon,33179,0.607414
Croydon,33437,0.5728959
Croydon,33491,0.500015
Croydon,33516,0.54597414
Croydon,33659,0.5066412
Croydon,33660,0.5090088
Croydon,33661,0.4666048
Croydon,33663,0.4680375
Croydon,33664,0.4716035
Croydon,33665,0.48985294
Croydon,33666,0.49563426
Croydon,33667,0.5023699
Croydon,33668,0.50734305
Croydon,33669,0.50283456
Croydon,33670,0.51252127
Croydon,33671,0.5562821
Croydon,33672,0.53666484
Croydon,33682,0.7065353
Croydon,33766,0.60573137
Croydon,33973,0.630432
Croydon,3404,0.5502474
Croydon,3405,0.56269056
Croydon,3406,0.6511943
Croydon,3427,0.73507893
Croydon,3428,0.7461819
Croydon,34358,0.65514153
Croydon,34386,0.6153219
Croydon,34387,0.6007849
Croydon,34826,0.5528474
Croydon,34827,0.5528457
Croydon,34973,0.59864485
Croydon,35230,0.60813886
Croydon,35485,0.56345576
Croydon,35486,0.57133853
Croydon,35491,0.6070226
Croydon,3562,0.66409904
Croydon,36012,0.67357016
Croydon,3608,0.624406
Croydon,37002,0.65342474
Croydon,37065,0.6472456
Croydon,37150,0.5933444
Croydon,37258,0.66323465
Croydon,4385,0.75547004
Croydon,4388,0.66965854
Croydon,4390,0.691062
Croydon,4391,0.6598644
Croydon,4392,0.5517679
Croydon,4395,0.54198277
Croydon,4396,0.6452353
Croydon,4397,0.65231377
Croydon,4399,0.5689109
Croydon,4400,0.5682211
Croydon,4401,0.68318003
Croydon,4402,0.5781114
Croydon,4403,0.5772001
Croydon,4404,0.6239377
Croydon,4407,0.60964024
Croydon,4408,0.56051093
Croydon,4409,0.61637306
Croydon,4410,0.56735575
Croydon,4411,0.5685881
Croydon,4412,0.6666568
Croydon,4413,0.6229472
Croydon,4417,0.63457817
Croydon,4418,0.6185974
Croydon,4419,0.6110524
Croydon,4420,0.5998923
Croydon,4423,0.70935893
Croydon,4425,0.60853845
Croydon,5178,0.5471588
Croydon,5179,0.5409481
Croydon,5333,0.602766
Croydon,575,0.60782593
Croydon,6509,0.648116
Croydon,6510,0.655063
Croydon,6511,0.6289981
Croydon,6512,0.6058429
Croydon,6533,0.6548569
Croydon,6534,0.64932317
Croydon,6535,0.6317787
Croydon,6537,0.603974
Croydon,6543,0.63522536
Croydon,6544,0.6545788
Croydon,6545,0.6289352
Croydon,6546,0.6043846
Croydon,6547,0.5960117
Croydon,6548,0.5975032
Croydon,6549,0.5904279
Croydon,6551,0.631442
Croydon,6553,0.6185387
Croydon,6554,0.5855048
Croydon,6556,0.61243916
Croydon,6559,0.70512843
Croydon,6568,0.60004556
Croydon,6569,0.5884506
Croydon,6570,0.6013805
Croydon,6571,0.61108166
Croydon,6572,0.5952481
Croydon,6575,0.61885273
Croydon,6576,0.6280767
Croydon,6578,0.6252673
Croydon,6914,0.63861305
Croydon,7330,0.58178735
Croydon,7708,0.60391504
Croydon,7709,0.5768705
Croydon,7710,0.632398
Croydon,7711,0.5923236
Croydon,7712,0.71708477
Croydon,7715,0.6369467
Croydon,7717,0.6016166
Croydon,7738,0.69100326
Croydon,7739,0.69550455
Croydon,7740,0.7400853
Croydon,7741,0.7054442
Croydon,7742,0.7116794
Croydon,7743,0.7666813
Croydon,806,0.63806474
Croydon,807,0.6114596
Croydon,809,0.57665133
Croydon,815,0.7133148
Croydon,816,0.7097379
Croydon,8405,0.5709023
Croydon,8406,0.6095295
Croydon,8557,0.5681934
Croydon,8763,0.5993816
Croydon,8764,0.60343915
Croydon,8769,0.6386466
Croydon,8770,0.6613637
Croydon,8771,0.65390056
Croydon,8772,0.6226799
Croydon,8777,0.64500296
Croydon,8778,0.65560246
Croydon,8781,0.6675657
Croydon,8782,0.647243
Croydon,8785,0.6723527
Croydon,9399,0.686965
Croydon,9400,0.659917
Croydon,9659,0.71279377
Croydon,9660,0.6803495
Croydon,9661,0.6904384
Croydon,9791,0.6703124
Croydon,9807,0.60278773
Croydon,9808,0.59294367
Croydon,9811,0.5976715
Croydon,9812,0.5979383
Croydon,BP1031,0.710985
Croydon,BP1135,0.6173306
Croydon,BP1143,0.56556004
Croydon,BP1144,0.5724638
Croydon,BP1145,0.5773814
Croydon,BP1146,0.5862698
Croydon,BP1147,0.58453244
Croydon,BP1148,0.60634995
Croydon,BP1149,0.6462334
Croydon,BP1150,0.6363047
Croydon,BP1151,0.6514579
Croydon,BP1152,0.63395303
Croydon,BP1153,0.6649467
Croydon,BP1154,0.6655373
Croydon,BP1155,0.6192287
Croydon,BP1156,0.63043725
Croydon,BP1157,0.5525265
Croydon,BP1158,0.54340655
Croydon,BP1159,0.5541061
Croydon,BP1251,0.65048045
Croydon,BP1252,0.65277946
Croydon,BP1269,0.5710733
Croydon,BP1281,0.73326576
Croydon,BP1366,0.63549924
Croydon,BP1367,0.67293876
Croydon,BP1369,0.6686415
Croydon,BP1374,0.661966
Croydon,BP1375,0.6545207
Croydon,BP1405,0.65109086
Croydon,BP1406,0.6444454
Croydon,BP1407,0.64413774
Croydon,BP1408,0.6535176
Croydon,BP1409,0.6536227
Croydon,BP1410,0.65381527
Croydon,BP1411,0.6210294
Croydon,BP1412,0.62073076
Croydon,BP1413,0.62006253
Croydon,BP1414,0.6203646
Croydon,BP1415,0.6704093
Croydon,BP1416,0.6530053
Croydon,BP1417,0.65288883
Croydon,BP1418,0.6430903
Croydon,BP1425,0.56869835
Croydon,BP1426,0.5627426
Croydon,BP1427,0.54407233
Croydon,BP1428,0.46699256
Croydon,BP1429,0.48169595
Croydon,BP1430,0.54302776
Croydon,BP1431,0.5720871
Croydon,BP1432,0.56439555
Croydon,BP1433,0.53911597
Croydon,BP1434,0.54585135
Croydon,BP1435,0.48727712
Croydon,BP1436,0.4956968
Croydon,BP1437,0.5101624
Croydon,BP1438,0.5002287
Croydon,BP1439,0.48076618
Croydon,BP1440,0.47976902
Croydon,BP1441,0.5091223
Croydon,BP1442,0.5046862
Croydon,BP1443,0.48869455
Croydon,BP1444,0.54639006
Croydon,BP1445,0.5593075
Croydon,BP1446,0.54044217
Croydon,BP1447,0.5524603
Croydon,BP1448,0.5603652
Croydon,BP1449,0.5723486
Croydon,BP1450,0.559233
Croydon,BP1465,0.5804635
Croydon,BP1466,0.57221234
Croydon,BP1467,0.5820315
Croydon,BP1468,0.57079804
Croydon,BP1469,0.5517185
Croydon,BP1470,0.5565677
Croydon,BP1471,0.56903756
Croydon,BP1472,0.57237077
Croydon,BP1473,0.48462725
Croydon,BP1474,0.49111262
Croydon,BP1475,0.5013607
Croydon,BP1476,0.5240436
Croydon,BP1477,0.48914307
Croydon,BP1478,0.5450181
Croydon,BP1479,0.5498005
Croydon,BP1480,0.5374519
Croydon,BP1481,0.5583187
Croydon,BP1482,0.54382104
Croydon,BP1484,0.5405571
Croydon,BP1485,0.4797585
Croydon,BP1486,0.47157574
Croydon,BP1487,0.48365438
Croydon,BP1488,0.47434744
Croydon,BP1489,0.5025019
Croydon,BP1490,0.48901543
Croydon,BP1499,0.5571266
Croydon,BP152,0.6215126
Croydon,BP153,0.6108504
Croydon,BP154,0.62696505
Croydon,BP1590,0.6405526
Croydon,BP1591,0.62072235
Croydon,BP1626,0.5666878
Croydon,BP1627,0.5201382
Croydon,BP1628,0.52939576
Croydon,BP1629,0.5045407
Croydon,BP1630,0.5249993
Croydon,BP1631,0.57206917
Croydon,BP1632,0.5125035
Croydon,BP1633,0.5329411
Croydon,BP1634,0.535584
Croydon,BP1726,0.5469592
Croydon,BP1727,0.5778324
Croydon,BP1728,0.5697101
Croydon,BP1729,0.5642162
Croydon,BP1730,0.57671493
Croydon,BP1731,0.5671278
Croydon,BP1793,0.6525435
Croydon,BP1838,0.5775695
Croydon,BP1849,0.56443006
Croydon,BP1850,0.5680739
Croydon,BP1851,0.54202133
Croydon,BP1852,0.6213965
Croydon,BP1853,0.5557255
Croydon,BP1854,0.5528127
Croydon,BP1855,0.61793596
Croydon,BP1856,0.61768585
Croydon,BP1857,0.6217493
Croydon,BP1858,0.52173305
Croydon,BP1859,0.54749924
Croydon,BP1860,0.5659427
Croydon,BP1861,0.6029322
Croydon,BP1862,0.60289735
Croydon,BP1878,0.55622536
Croydon,BP1900,0.65029156
Croydon,BP1923,0.6291609
Croydon,BP1978,0.5866602
Croydon,BP1979,0.5924359
Croydon,BP1980,0.5782733
Croydon,BP1981,0.577117
Croydon,BP1999,0.66808254
Croydon,BP2000,0.58082384
Croydon,BP2008,0.55634487
Croydon,BP2009,0.5420921
Croydon,BP2010,0.53079426
Croydon,BP2013,0.5670425
Croydon,BP2014,0.5543702
Croydon,BP2015,0.5563249
Croydon,BP2017,0.52877206
Croydon,BP2018,0.5273142
Croydon,BP2019,0.49521166
Croydon,BP2020,0.4751276
Croydon,BP2021,0.5175813
Croydon,BP2022,0.52421
Croydon,BP2024,0.6256809
Croydon,BP2123,0.5817721
Croydon,BP2124,0.5556458
Croydon,BP2125,0.5551261
Croydon,BP2126,0.5710236
Croydon,BP2133,0.59971625
Croydon,BP2139,0.5432051
Croydon,BP2140,0.5341783
Croydon,BP2327,0.61347646
Croydon,BP2328,0.58438194
Croydon,BP2329,0.5706536
Croydon,BP2330,0.6000879
Croydon,BP2331,0.59412646
Croydon,BP2359,0.6792215
Croydon,BP2360,0.6636397
Croydon,BP2370,0.6452127
Croydon,BP2399,0.57237613
Croydon,BP2400,0.61191607
Croydon,BP2430,0.59071815
Croydon,BP2431,0.5631016
Croydon,BP2442,0.61187863
Croydon,BP2444,0.5384962
Croydon,BP2468,0.68993104
Croydon,BP2469,0.6909188
Croydon,BP2516,0.5237368
Croydon,BP2518,0.62889946
Croydon,BP2519,0.62664205
Croydon,BP2520,0.56675345
Croydon,BP2522,0.57487875
Croydon,BP2523,0.5630762
Croydon,BP2524,0.5620756
Croydon,BP2525,0.5361428
Croydon,BP2526,0.5092701
Croydon,BP2527,0.51062804
Croydon,BP2528,0.50977427
Croydon,BP2529,0.5191052
Croydon,BP2530,0.51145035
Croydon,BP2531,0.50774676
Croydon,BP2532,0.5376305
Croydon,BP2533,0.52486634
Croydon,BP2534,0.58143985
Croydon,BP2536,0.578052
Croydon,BP2537,0.57403386
Croydon,BP2596,0.5277352
Croydon,BP2600,0.5698209
Croydon,BP2601,0.5502745
Croydon,BP2602,0.5527215
Croydon,BP2603,0.57057995
Croydon,BP2604,0.61186767
Croydon,BP2605,0.53218746
Croydon,BP2606,0.5960355
Croydon,BP2607,0.5590574
Croydon,BP2630,0.58165175
Croydon,BP273,0.6331827
Croydon,BP274,0.63227683
Croydon,BP2945,0.6885546
Croydon,BP2959,0.6452964
Croydon,BP3304,0.5932539
Croydon,BP3305,0.5936125
Croydon,BP3572,0.559635
Croydon,BP3573,0.5544761
Croydon,BP3574,0.5778834
Croydon,BP3575,0.57857853
Croydon,BP3576,0.5429764
Croydon,BP3577,0.530599
Croydon,BP3607,0.5559443
Croydon,BP3761,0.5509054
Croydon,BP3919,0.5104588
Croydon,BP3920,0.63962793
Croydon,BP3921,0.6362565
Croydon,BP4062,0.61405444
Croydon,BP4211,0.6384703
Croydon,BP4212,0.5877632
Croydon,BP4213,0.58168477
Croydon,BP4214,0.5216341
Croydon,BP4215,0.5347836
Croydon,BP4216,0.54595375
Croydon,BP4217,0.5451588
Croydon,BP4218,0.54542506
Croydon,BP4219,0.5445116
Croydon,BP4220,0.5771505
Croydon,BP4221,0.5763426
Croydon,BP4222,0.53629166
Croydon,BP4223,0.5370166
Croydon,BP4224,0.6129147
Croydon,BP4225,0.61105996
Croydon,BP4226,0.6036258
Croydon,BP4280,0.546693
Croydon,BP4425,0.47627106
Croydon,BP445,0.6101278
Croydon,BP4928,0.55236036
Croydon,BP5042,0.560918
Croydon,BP5125,0.5952308
Croydon,BP5253,0.62005085
Croydon,BP5297,0.57510793
Croydon,BP5298,0.5954074
Croydon,BP5477,0.4944935
Croydon,BP5576,0.5795424
Croydon,BP575,0.661537
Croydon,BP576,0.6957883
Croydon,BP577,0.6537852
Croydon,BP578,0.71849084
Croydon,BP579,0.7400014
Croydon,BP580,0.6448857
Croydon,BP581,0.7432144
Croydon,BP582,0.6392174
Croydon,BP583,0.6129136
Croydon,BP584,0.6694525
Croydon,BP585,0.65481734
Croydon,BP586,0.70557153
Croydon,BP589,0.5385479
Croydon,BP590,0.55957633
Croydon,BP5907,0.6594913
Croydon,BP592,0.59963524
Croydon,BP5924,0.56230587
Croydon,BP5925,0.58227843
Croydon,BP5971,0.6993437
Croydon,BP6000,0.6542556
Croydon,BP6004,0.6128105
Croydon,BP6005,0.63031435
Croydon,BP6006,0.634008
Croydon,BP6007,0.6734504
Croydon,BP6008,0.5754603
Croydon,BP6009,0.647232
Croydon,BP6010,0.5959926
Croydon,BP6048,0.5796835
Croydon,BP6054,0.60919636
Croydon,BP6055,0.60850567
Croydon,BP6100,0.52810186
Croydon,BP6101,0.56377995
Croydon,BP6109,0.5526364
Croydon,BP6194,0.68375987
Croydon,BP6247,0.58254683
Croydon,BP6248,0.58551854
Croydon,BP6294,0.651807
Croydon,BP6339,0.5419289
Croydon,BP6340,0.5266226
Croydon,BP6341,0.54604703
Croydon,BP6342,0.59876233
Croydon,BP6343,0.6625523
Croydon,BP6344,0.6021128
Croydon,BP6345,0.5277056
Croydon,BP6346,0.52443445
Croydon,BP6347,0.5234499
Croydon,BP6396,0.53156585
Croydon,BP6397,0.5367625
Croydon,BP6398,0.5433371
Croydon,BP6399,0.5391536
Croydon,BP6400,0.5321152
Croydon,BP6401,0.5121881
Croydon,BP6402,0.5097364
Croydon,BP641,0.555044
Croydon,BP6413,0.58010006
Croydon,BP657,0.5988069
Croydon,BP764,0.70076966
Croydon,BP825,0.55449057
Croydon,BP899,0.5581696
Croydon,BP904,0.55453026
Croydon,BP905,0.5548802
Croydon,BP914,0.52727294
Croydon,BP915,0.5545529
Croydon,BP917,0.54261976
Croydon,BP918,0.534288
Croydon,BP934,0.63760763
Croydon,HC47,0.5736522
Croydon,HC703,0.54151857
Croydon,HC704,0.5057156
Croydon,HC705,0.5409507
Croydon,HC706,0.54078186
Croydon,HC707,0.5920534
Croydon,HC708,0.5917524
Croydon,HC709,0.56481355
Croydon,HC713,0.62643075
Croydon,HC714,0.588142
Croydon,HC718,0.586564
Croydon,HC724,0.567861
Croydon,HC725,0.5890044
Croydon,HC726,0.5894126
Croydon,HC727,0.5445199
Croydon,HC728,0.59319097
Croydon,OC1000,0.3517519
Croydon,OC607,0.49089074
Croydon,OC681,0.59091026
Croydon,OC682,0.5953599
Croydon,OC849,0.501596
Croydon,OC850,0.574241
Croydon,OC851,0.5103392
Croydon,OC853,0.6057642
Croydon,OC854,0.65221226
Croydon,OC856,0.5714658
Croydon,OC857,0.55814326
Croydon,OC858,0.5616282
Croydon,OC859,0.57290095
Croydon,OC860,0.6029016
Croydon,OC861,0.6164827
Croydon,OC863,0.614496
Croydon,OC864,0.6247738
Croydon,OC865,0.5925898
Croydon,OC866,0.5865568
Croydon,OC867,0.5684044
Croydon,OC868,0.55451
Croydon,OC869,0.5417458
Croydon,OC870,0.54476273
Croydon,OC871,0.51449585
Croydon,OC872,0.5515235
Croydon,OC873,0.54440784
Croydon,OC874,0.53766346
Croydon,OC875,0.5271529
Croydon,OC876,0.54566187
Croydon,OC877,0.4909835
Croydon,OC878,0.54733354
Croydon,OC879,0.47410238
Croydon,OC880,0.4721738
Croydon,OC881,0.49837956
Croydon,OC882,0.4857846
Croydon,OC883,0.5158081
Croydon,OC884,0.5112636
Croydon,OC885,0.51668954
Croydon,OC886,0.5302972
Croydon,OC972,0.51538473
Croydon,OC973,0.6436231
Croydon,R0409,0.6113751
Croydon,R0487,0.71308976
Croydon,R0505,0.6194649
Croydon,R0506,0.61158705
Croydon,R0522,0.62138647
Croydon,R0523,0.68794876
Croydon,R0525,0.66719186
Croydon,R0539,0.75314355
Croydon,R0541,0.6104623
Croydon,R0543,0.59159017
Croydon,R0666,0.60981476
Croydon,R0719,0.6495226
Croydon,R0721,0.59470594
Croydon,R0746,0.5925872
Croydon,SL01,0.5558545
Croydon,SL02,0.55725104
Croydon,SL24,0.58504623
Croydon,SL39,0.6696734
Croydon,W13,0.64367193
Croydon,W14,0.6353164
Croydon,W15,0.6474854
Croydon,W44,0.60163337
Croydon,W45,0.6136811
Croydon,W5,0.5383014
Croydon,W6,0.58133745
Croydon,W7,0.63601094
Croydon,10829,0.65898234
Croydon,15111,0.62902135
Croydon,16630,0.53429943
Croydon,17457,0.59310573
Croydon,33308,0.5342817
Croydon,34605,0.57376236
Croydon,BP2129,0.6338719
Croydon,BP2332,0.6495301
Croydon,BP2333,0.61718154
Croydon,BP2631,0.60273105
Croydon,BP2632,0.5816848
Croydon,BP2633,0.5761159
Ealing,10014,0.31295854
Ealing,10015,0.31787187
Ealing,10580,0.5597671
Ealing,10856,0.30312616
Ealing,10901,0.5830989
Ealing,11345,0.6057506
Ealing,11346,0.5739608
Ealing,11349,0.5566572
Ealing,11465,0.6328208
Ealing,11466,0.6251768
Ealing,11491,0.5238915
Ealing,11495,0.5304315
Ealing,11497,0.4281612
Ealing,11501,0.55550224
Ealing,11502,0.4986741
Ealing,11503,0.5585503
Ealing,11506,0.4507757
Ealing,11507,0.4773028
Ealing,11510,0.47088838
Ealing,11511,0.5016211
Ealing,11514,0.5329656
Ealing,11515,0.54019195
Ealing,11785,0.6496954
Ealing,1245,0.7252679
Ealing,13152,0.43830973
Ealing,1407,0.58453965
Ealing,14084,0.65452385
Ealing,14085,0.65192235
Ealing,14086,0.61552405
Ealing,14087,0.6376092
Ealing,14088,0.62007433
Ealing,14089,0.6218673
Ealing,14090,0.6122188
Ealing,14091,0.632327
Ealing,14092,0.6477873
Ealing,14093,0.6567736
Ealing,14094,0.5073834
Ealing,14353,0.45989877
Ealing,14357,0.4336642
Ealing,14692,0.43975344
Ealing,14723,0.5503005
Ealing,14724,0.5464147
Ealing,14829,0.40630472
Ealing,14830,0.42792287
Ealing,14832,0.43492594
Ealing,14834,0.44002756
Ealing,14835,0.43475044
Ealing,14837,0.44675544
Ealing,14889,0.48418054
Ealing,14890,0.5458735
Ealing,14892,0.3226001
Ealing,14893,0.33161208
Ealing,14908,0.6204656
Ealing,15280,0.47058898
Ealing,15281,0.46948323
Ealing,15284,0.32589698
Ealing,15285,0.35426208
Ealing,15287,0.3982106
Ealing,15288,0.4116309
Ealing,15289,0.38722464
Ealing,15291,0.3678954
Ealing,15292,0.44707033
Ealing,15293,0.40905258
Ealing,15294,0.48320952
Ealing,15297,0.5396411
Ealing,15298,0.5295931
Ealing,15299,0.58925253
Ealing,15300,0.5923626
Ealing,15302,0.5014186
Ealing,15303,0.5428174
Ealing,15304,0.4608874
Ealing,15305,0.46431112
Ealing,15306,0.42542085
Ealing,15307,0.44529235
Ealing,15308,0.48757485
Ealing,15309,0.48196706
Ealing,15310,0.5203755
Ealing,15311,0.53432757
Ealing,15344,0.5196514
Ealing,15345,0.612864
Ealing,15346,0.62649935
Ealing,15347,0.61968386
Ealing,15348,0.61727035
Ealing,15349,0.6841053
Ealing,15351,0.6645515
Ealing,15352,0.6055589
Ealing,15354,0.6485985
Ealing,15356,0.67239666
Ealing,15357,0.67243844
Ealing,15358,0.61713386
Ealing,15359,0.59536386
Ealing,15361,0.4556762
Ealing,15364,0.4932355
Ealing,15365,0.55449796
Ealing,15366,0.5522722
Ealing,15367,0.52891415
Ealing,15369,0.49818283
Ealing,15370,0.49437067
Ealing,15371,0.4383072
Ealing,15372,0.48418704
Ealing,15373,0.4723378
Ealing,15374,0.51288956
Ealing,15375,0.48692346
Ealing,15376,0.4826017
Ealing,15678,0.53072804
Ealing,15679,0.5959139
Ealing,15681,0.63972217
Ealing,15683,0.6298557
Ealing,15684,0.59543854
Ealing,15685,0.6129035
Ealing,15686,0.5479316
Ealing,15687,0.5886303
Ealing,15688,0.57766896
Ealing,15689,0.59457546
Ealing,15690,0.6402537
Ealing,15691,0.66108745
Ealing,15692,0.72723293
Ealing,15693,0.7043407
Ealing,15694,0.6067429
Ealing,15696,0.59250253
Ealing,15697,0.6074133
Ealing,15698,0.61055386
Ealing,15699,0.6142139
Ealing,15701,0.617325
Ealing,15785,0.567827
Ealing,15786,0.4791067
Ealing,15787,0.595836
Ealing,15788,0.5939712
Ealing,15789,0.62540424
Ealing,15790,0.6099105
Ealing,15791,0.605593
Ealing,15792,0.6102333
Ealing,15793,0.5908569
Ealing,15794,0.56756437
Ealing,15795,0.6080234
Ealing,15796,0.61040974
Ealing,15797,0.62941056
Ealing,15798,0.5680404
Ealing,15799,0.61101407
Ealing,15800,0.6007753
Ealing,15801,0.56846505
Ealing,15802,0.5644797
Ealing,15952,0.49454704
Ealing,15953,0.5077502
Ealing,15954,0.49673098
Ealing,15956,0.5521627
Ealing,15957,0.52542627
Ealing,15958,0.5494831
Ealing,15959,0.5686525
Ealing,15960,0.63224083
Ealing,15961,0.6000449
Ealing,15965,0.5365943
Ealing,15968,0.49068952
Ealing,15969,0.43091998
Ealing,1597,0.58292603
Ealing,15970,0.4412788
Ealing,1598,0.5853235
Ealing,16140,0.5598152
Ealing,16141,0.5036438
Ealing,16142,0.58010983
Ealing,16143,0.5513678
Ealing,16144,0.5817166
Ealing,16145,0.57991594
Ealing,16146,0.55833787
Ealing,16147,0.5687916
Ealing,16148,0.5452645
Ealing,16149,0.57602966
Ealing,16150,0.47846493
Ealing,16151,0.51949537
Ealing,16264,0.4691146
Ealing,16265,0.5638623
Ealing,16266,0.55078137
Ealing,16269,0.5485161
Ealing,16270,0.4236235
Ealing,16271,0.4266546
Ealing,16272,0.45345518
Ealing,16273,0.46471485
Ealing,16565,0.45564082
Ealing,16566,0.47852707
Ealing,17024,0.64930737
Ealing,17025,0.62221986
Ealing,17026,0.6560435
Ealing,17027,0.64755243
Ealing,17028,0.66743046
Ealing,17029,0.65472883
Ealing,17104,0.46654686
Ealing,17106,0.42370528
Ealing,17107,0.42993975
Ealing,17108,0.5626505
Ealing,17109,0.56369483
Ealing,17110,0.5194487
Ealing,17112,0.48206046
Ealing,17119,0.45286897
Ealing,17160,0.47891602
Ealing,17219,0.48334014
Ealing,17220,0.46128023
Ealing,17221,0.46217033
Ealing,17222,0.40037075
Ealing,17223,0.3983306
Ealing,17234,0.49212527
Ealing,17235,0.5395971
Ealing,17236,0.5441163
Ealing,17237,0.5718344
Ealing,17238,0.5222067
Ealing,17239,0.5584361
Ealing,17240,0.49119267
Ealing,17241,0.5394159
Ealing,17242,0.51773125
Ealing,17243,0.51367474
Ealing,17244,0.46652922
Ealing,17245,0.43907622
Ealing,17246,0.45630643
Ealing,17247,0.4080703
Ealing,17248,0.45356998
Ealing,17249,0.4535632
Ealing,17250,0.47850925
Ealing,17251,0.45471865
Ealing,17288,0.50804096
Ealing,17290,0.4034999
Ealing,17291,0.6669426
Ealing,17292,0.6882068
Ealing,17349,0.46996993
Ealing,17350,0.4852723
Ealing,18221,0.6064361
Ealing,18273,0.63734365
Ealing,18274,0.64409477
Ealing,18463,0.7368742
Ealing,18464,0.6656206
Ealing,19033,0.58194065
Ealing,19280,0.7185048
Ealing,1935,0.46732858
Ealing,1936,0.4652672
Ealing,2028,0.58601815
Ealing,2029,0.58400923
Ealing,2030,0.5730206
Ealing,2031,0.62269443
Ealing,2032,0.59637547
Ealing,2036,0.5468844
Ealing,2037,0.5469026
Ealing,20379,0.5246417
Ealing,2038,0.5918245
Ealing,20380,0.55006
Ealing,20381,0.5444552
Ealing,20382,0.5119759
Ealing,20383,0.5140218
Ealing,20384,0.582203
Ealing,20385,0.5783631
Ealing,20386,0.58904463
Ealing,20387,0.59222287
Ealing,20388,0.64186454
Ealing,20406,0.6250569
Ealing,20494,0.5409264
Ealing,20495,0.48688608
Ealing,20519,0.65155137
Ealing,20638,0.38064328
Ealing,20639,0.37902042
Ealing,20701,0.4058962
Ealing,20702,0.39799488
Ealing,20712,0.62531364
Ealing,20818,0.5848992
Ealing,20819,0.58387506
Ealing,20974,0.51696247
Ealing,2185,0.55606407
Ealing,2186,0.5583004
Ealing,25078,0.5997713
Ealing,25079,0.6228068
Ealing,25093,0.45795605
Ealing,25196,0.51572394
Ealing,25197,0.5166356
Ealing,25198,0.44628018
Ealing,25199,0.44501242
Ealing,25200,0.4690719
Ealing,25201,0.46334943
Ealing,25202,0.4738879
Ealing,25203,0.5057106
Ealing,25204,0.47645026
Ealing,25205,0.46819288
Ealing,25206,0.45893317
Ealing,25265,0.45994204
Ealing,25678,0.5414242
Ealing,26504,0.55356205
Ealing,26518,0.33003405
Ealing,26519,0.33771285
Ealing,26520,0.34869972
Ealing,26521,0.35380024
Ealing,26522,0.3709294
Ealing,26523,0.36979464
Ealing,26825,0.46631083
Ealing,26968,0.55635166
Ealing,2717,0.49717247
Ealing,2718,0.5220958
Ealing,2721,0.5525423
Ealing,27521,0.43657637
Ealing,27522,0.45498058
Ealing,27523,0.51424724
Ealing,27524,0.40403295
Ealing,27525,0.39650533
Ealing,27527,0.5079166
Ealing,27648,0.4147387
Ealing,27650,0.48647255
Ealing,27652,0.41615847
Ealing,27852,0.6097572
Ealing,29289,0.47745743
Ealing,29290,0.46007377
Ealing,3033,0.558242
Ealing,3034,0.5581833
Ealing,3035,0.5032048
Ealing,3036,0.4928268
Ealing,3037,0.6610259
Ealing,3039,0.58789605
Ealing,3040,0.5715068
Ealing,3041,0.59559
Ealing,3042,0.6015934
Ealing,3043,0.6316
Ealing,3044,0.63378716
Ealing,3049,0.49425694
Ealing,3050,0.48122227
Ealing,3051,0.4915428
Ealing,3052,0.4593614
Ealing,3053,0.56871754
Ealing,3058,0.76708704
Ealing,3063,0.63245064
Ealing,3066,0.6760564
Ealing,3067,0.6911482
Ealing,3069,0.6945241
Ealing,3071,0.6573122
Ealing,3072,0.68990266
Ealing,3073,0.6584035
Ealing,3077,0.7165819
Ealing,3080,0.6821983
Ealing,3081,0.61054915
Ealing,3082,0.60174984
Ealing,3083,0.5727431
Ealing,3088,0.41270593
Ealing,3089,0.39447615
Ealing,3092,0.53409284
Ealing,3093,0.5568849
Ealing,3094,0.5973628
Ealing,3096,0.5682469
Ealing,3097,0.5243062
Ealing,3100,0.48536253
Ealing,3101,0.4985053
Ealing,3103,0.42906278
Ealing,3179,0.56610227
Ealing,33016,0.57334983
Ealing,33021,0.51217115
Ealing,33022,0.5349512
Ealing,33023,0.5071299
Ealing,33301,0.4133691
Ealing,33463,0.56009275
Ealing,33464,0.59287745
Ealing,33465,0.5531921
Ealing,33466,0.55435413
Ealing,33634,0.5438128
Ealing,33635,0.55714476
Ealing,33852,0.5216535
Ealing,33855,0.6660801
Ealing,33856,0.6552728
Ealing,33859,0.5929584
Ealing,33860,0.6073815
Ealing,33861,0.61864144
Ealing,33862,0.60211456
Ealing,33864,0.6582704
Ealing,33866,0.7209931
Ealing,33911,0.6472329
Ealing,34106,0.6696927
Ealing,34178,0.5389224
Ealing,34196,0.43198317
Ealing,34280,0.3932189
Ealing,34352,0.4771022
Ealing,34424,0.6081676
Ealing,34558,0.6015521
Ealing,34596,0.4840931
Ealing,34598,0.5161677
Ealing,34599,0.5235042
Ealing,34600,0.39386687
Ealing,34601,0.40827423
Ealing,34861,0.44472164
Ealing,34862,0.46238092
Ealing,34931,0.50624937
Ealing,35150,0.52648956
Ealing,35151,0.5421812
Ealing,35152,0.37270504
Ealing,35153,0.36383313
Ealing,35155,0.36886284
Ealing,35290,0.511564
Ealing,35291,0.47898796
Ealing,35292,0.41782203
Ealing,35293,0.38776964
Ealing,35592,0.3282499
Ealing,35628,0.7178522
Ealing,35630,0.56525546
Ealing,35631,0.5793605
Ealing,35786,0.38666835
Ealing,35791,0.37878838
Ealing,35798,0.44280693
Ealing,35800,0.5829864
Ealing,35811,0.3785888
Ealing,35812,0.37387297
Ealing,35813,0.37226638
Ealing,36586,0.58180994
Ealing,36994,0.45507896
Ealing,36995,0.47560814
Ealing,36996,0.41914052
Ealing,36997,0.44852024
Ealing,36998,0.39676738
Ealing,37000,0.36037517
Ealing,37003,0.41751164
Ealing,37004,0.49063313
Ealing,37005,0.47376713
Ealing,37090,0.49707466
Ealing,37091,0.50335854
Ealing,37104,0.38573095
Ealing,37105,0.46999806
Ealing,37106,0.41405034
Ealing,37107,0.46647453
Ealing,37108,0.4553016
Ealing,37157,0.48906186
Ealing,37158,0.48661622
Ealing,37161,0.41198435
Ealing,37195,0.5503792
Ealing,37248,0.42283976
Ealing,37249,0.4251773
Ealing,37250,0.41259062
Ealing,37251,0.48314205
Ealing,37261,0.44785753
Ealing,37262,0.58159494
Ealing,37263,0.5915947
Ealing,37264,0.3545479
Ealing,37429,0.5808227
Ealing,4575,0.59190464
Ealing,4576,0.5920632
Ealing,4578,0.37751675
Ealing,4637,0.71946836
Ealing,4639,0.48747647
Ealing,6009,0.3472928
Ealing,6010,0.34674445
Ealing,6012,0.3459313
Ealing,6013,0.33337054
Ealing,6014,0.3862748
Ealing,6015,0.38511962
Ealing,6016,0.31258827
Ealing,6017,0.3891285
Ealing,6018,0.39640087
Ealing,6019,0.39763656
Ealing,6119,0.40126202
Ealing,6120,0.40009996
Ealing,6121,0.3548841
Ealing,6125,0.5290556
Ealing,6136,0.3805697
Ealing,6137,0.45656094
Ealing,688,0.46821505
Ealing,6881,0.57644993
Ealing,6883,0.6897905
Ealing,6885,0.6856536
Ealing,6886,0.6744562
Ealing,6887,0.64121526
Ealing,6903,0.6853006
Ealing,6905,0.6892528
Ealing,6906,0.6826527
Ealing,6907,0.653174
Ealing,6909,0.66348994
Ealing,6910,0.69303113
Ealing,733,0.70114774
Ealing,7699,0.6433833
Ealing,7700,0.5813366
Ealing,7810,0.39918455
Ealing,7873,0.40212736
Ealing,8411,0.50745547
Ealing,8412,0.5209983
Ealing,851,0.58452594
Ealing,8748,0.5794994
Ealing,8749,0.5807696
Ealing,8750,0.59972477
Ealing,BP015,0.4814288
Ealing,BP016,0.46867323
Ealing,BP017,0.45386112
Ealing,BP018,0.47667134
Ealing,BP019,0.46100715
Ealing,BP020,0.5097929
Ealing,BP021,0.5063078
Ealing,BP022,0.48532087
Ealing,BP023,0.4970869
Ealing,BP024,0.5469063
Ealing,BP025,0.5479653
Ealing,BP026,0.55444574
Ealing,BP028,0.50484836
Ealing,BP029,0.5162557
Ealing,BP031,0.47045416
Ealing,BP044,0.6006638
Ealing,BP045,0.5976473
Ealing,BP049,0.52006006
Ealing,BP095,0.6192086
Ealing,BP1008,0.7161834
Ealing,BP1082,0.48726636
Ealing,BP1361,0.728621
Ealing,BP1563,0.5006944
Ealing,BP1564,0.50398386
Ealing,BP1565,0.5065439
Ealing,BP1624,0.34102088
Ealing,BP1635,0.57465625
Ealing,BP1808,0.48411816
Ealing,BP1888,0.51894563
Ealing,BP1892,0.51174885
Ealing,BP2059,0.33677632
Ealing,BP2060,0.31481272
Ealing,BP2061,0.32587287
Ealing,BP2062,0.2865589
Ealing,BP2063,0.35342863
Ealing,BP2064,0.35333788
Ealing,BP2065,0.36162418
Ealing,BP2374,0.36486125
Ealing,BP2420,0.4268996
Ealing,BP2422,0.40692177
Ealing,BP2511,0.5444265
Ealing,BP2512,0.50310606
Ealing,BP2545,0.55041647
Ealing,BP2547,0.4427996
Ealing,BP2548,0.41431445
Ealing,BP2638,0.47408807
Ealing,BP2640,0.5123523
Ealing,BP2641,0.5335604
Ealing,BP2642,0.49058357
Ealing,BP2643,0.4806086
Ealing,BP2644,0.4607022
Ealing,BP2645,0.5041856
Ealing,BP2646,0.46949458
Ealing,BP2647,0.49912035
Ealing,BP2648,0.45891598
Ealing,BP2658,0.50184864
Ealing,BP2663,0.34907618
Ealing,BP3111,0.5691798
Ealing,BP3170,0.592002
Ealing,BP3171,0.6144155
Ealing,BP3172,0.5803605
Ealing,BP3173,0.6391375
Ealing,BP3174,0.6400497
Ealing,BP3175,0.5979518
Ealing,BP3176,0.6164165
Ealing,BP3177,0.5835223
Ealing,BP3178,0.61687684
Ealing,BP3179,0.64405805
Ealing,BP3180,0.59876007
Ealing,BP3181,0.6348531
Ealing,BP3182,0.6055078
Ealing,BP3183,0.6049288
Ealing,BP3228,0.5949413
Ealing,BP3360,0.47536218
Ealing,BP3361,0.48496348
Ealing,BP3362,0.439532
Ealing,BP3363,0.4968701
Ealing,BP3364,0.4744896
Ealing,BP3365,0.5265403
Ealing,BP3366,0.5015107
Ealing,BP3367,0.43686876
Ealing,BP3368,0.45878366
Ealing,BP3369,0.49030066
Ealing,BP3370,0.49554867
Ealing,BP3372,0.36845982
Ealing,BP3373,0.3905639
Ealing,BP3374,0.3457294
Ealing,BP3375,0.36912435
Ealing,BP3376,0.40748325
Ealing,BP3377,0.39167914
Ealing,BP3378,0.3962667
Ealing,BP3379,0.39388293
Ealing,BP3380,0.35813445
Ealing,BP3381,0.3501228
Ealing,BP3382,0.39442778
Ealing,BP3466,0.4608791
Ealing,BP3467,0.4608948
Ealing,BP3542,0.6488504
Ealing,BP3543,0.64880544
Ealing,BP3766,0.4835264
Ealing,BP3892,0.4845613
Ealing,BP4201,0.477362
Ealing,BP4277,0.49779946
Ealing,BP4374,0.44271323
Ealing,BP4375,0.43494195
Ealing,BP4527,0.57842207
Ealing,BP4852,0.6268641
Ealing,BP4879,0.36725754
Ealing,BP5047,0.48089075
Ealing,BP506,0.60723424
Ealing,BP5175,0.5639312
Ealing,BP5285,0.3176541
Ealing,BP5287,0.2927102
Ealing,BP5427,0.52793974
Ealing,BP5428,0.48175105
Ealing,BP5429,0.5421496
Ealing,BP5430,0.4911302
Ealing,BP5431,0.5295933
Ealing,BP5443,0.5715922
Ealing,BP5562,0.40244308
Ealing,BP5659,0.54972345
Ealing,BP5660,0.5570516
Ealing,BP5713,0.31261027
Ealing,BP5970,0.49671838
Ealing,BP602,0.40501556
Ealing,BP604,0.37771073
Ealing,BP605,0.30851683
Ealing,BP606,0.30746582
Ealing,BP607,0.30604967
Ealing,BP612,0.30592477
Ealing,BP613,0.34272808
Ealing,BP6168,0.5202235
Ealing,BP6169,0.5365942
Ealing,BP6170,0.5409848
Ealing,BP6171,0.5423834
Ealing,BP6172,0.5409839
Ealing,BP6173,0.5393136
Ealing,BP6174,0.5446617
Ealing,BP6175,0.48344928
Ealing,BP6176,0.48254558
Ealing,BP6279,0.32755953
Ealing,BP6314,0.31747666
Ealing,BP6315,0.41011602
Ealing,BP6386,0.5771572
Ealing,BP6387,0.5276786
Ealing,BP6388,0.59208906
Ealing,BP6561,0.5120595
Ealing,BP6562,0.5169637
Ealing,BP751,0.37234515
Ealing,BP752,0.36091262
Ealing,C25,0.596742
Ealing,C30,0.59552747
Ealing,C93,0.35450888
Ealing,C95,0.48434
Ealing,C96,0.49241796
Ealing,C98,0.57585096
Ealing,CW1,0.36788183
Ealing,CW2,0.42973837
Ealing,CW26,0.7014223
Ealing,CW27,0.42619756
Ealing,CW3,0.3672925
Ealing,CW34,0.50735193
Ealing,CW39,0.43409014
Ealing,CW4,0.4215677
Ealing,CW53,0.49443775
Ealing,CW54,0.5116963
Ealing,CW55,0.48603305
Ealing,CW56,0.4963375
Ealing,CW57,0.5139079
Ealing,CW58,0.61094654
Ealing,CW63,0.5552345
Ealing,CW64,0.5455304
Ealing,HC125,0.35729483
Ealing,HC126,0.4760645
Ealing,HC51,0.46767423
Ealing,HC52,0.5168035
Ealing,R0103,0.3924522
Ealing,R0107,0.59760886
Ealing,R0123,0.44077614
Ealing,R0210,0.5055843
Ealing,R0222,0.45223635
Ealing,R0256,0.4786499
Ealing,R0259,0.45967564
Ealing,R0458,0.65765285
Ealing,R0546,0.5108964
Ealing,R0579,0.41575283
Ealing,R0742,0.6358164
Ealing,11490,0.44242752
Ealing,11500,0.438075
Ealing,15803,0.657115
Ealing,19032,0.6890575
Ealing,25092,0.44455266
Ealing,2943,0.4061715
Ealing,3062,0.7311786
Ealing,3064,0.65234727
Ealing,3227,0.69369864
Ealing,33854,0.6586048
Ealing,33863,0.6515458
Ealing,734,0.7476839
Ealing,737,0.69001424
Ealing,738,0.7468017
Ealing,BP046,0.66098446
Ealing,BP047,0.64170444
Ealing,BP2560,0.7084671
Ealing,BP4276,0.6734433
Ealing,BP5620,0.76023585
Ealing,CW25,0.6948784
Ealing,R0253,0.4737286
Ealing,R0254,0.47022706
Enfield,10833,0.46164787
Enfield,10834,0.42232126
Enfield,10835,0.4885528
Enfield,10836,0.5006026
Enfield,10871,0.5517114
Enfield,10872,0.53933793
Enfield,10875,0.5433999
Enfield,10878,0.5538108
Enfield,10879,0.55631393
Enfield,10880,0.5673957
Enfield,10881,0.53926724
Enfield,10885,0.55949795
Enfield,10888,0.61282283
Enfield,10889,0.5511711
Enfield,10890,0.6162013
Enfield,10893,0.64515865
Enfield,10900,0.60958046
Enfield,10906,0.47724164
Enfield,10910,0.52374953
Enfield,10911,0.5715956
Enfield,10913,0.4718396
Enfield,10914,0.50109935
Enfield,10919,0.45403022
Enfield,10920,0.45789236
Enfield,10921,0.52123076
Enfield,10922,0.5051085
Enfield,10925,0.5525108
Enfield,10926,0.5595721
Enfield,10927,0.55899423
Enfield,10928,0.56673306
Enfield,12243,0.52141756
Enfield,12244,0.5431557
Enfield,12245,0.6144723
Enfield,12250,0.5990285
Enfield,12251,0.608585
Enfield,12254,0.57388455
Enfield,12255,0.54712117
Enfield,12256,0.5583646
Enfield,12257,0.5237583
Enfield,12258,0.5234185
Enfield,12260,0.53292406
Enfield,12261,0.48099387
Enfield,12264,0.4838069
Enfield,12265,0.49047318
Enfield,12272,0.54003096
Enfield,12273,0.544118
Enfield,12276,0.550204
Enfield,12280,0.5562703
Enfield,12281,0.55950296
Enfield,12282,0.55641264
Enfield,12284,0.5525156
Enfield,12289,0.5231076
Enfield,12290,0.51712215
Enfield,12293,0.5288763
Enfield,12294,0.54009503
Enfield,12298,0.5013517
Enfield,12307,0.44858158
Enfield,12308,0.44934013
Enfield,12311,0.43347687
Enfield,12312,0.44471103
Enfield,12313,0.4644675
Enfield,12314,0.45851254
Enfield,12318,0.5070094
Enfield,12319,0.4975064
Enfield,12323,0.5012547
Enfield,12887,0.46627262
Enfield,12934,0.50152206
Enfield,12935,0.48018384
Enfield,12936,0.5325055
Enfield,12937,0.48502982
Enfield,1336,0.5333606
Enfield,13521,0.43673235
Enfield,13522,0.54826033
Enfield,13523,0.53616023
Enfield,13525,0.51777816
Enfield,14109,0.4501044
Enfield,14110,0.42998838
Enfield,14126,0.54796726
Enfield,14127,0.54194844
Enfield,14128,0.4605492
Enfield,14129,0.4490351
Enfield,14816,0.51617324
Enfield,14817,0.48311335
Enfield,14997,0.5512758
Enfield,15423,0.44168746
Enfield,15425,0.44711152
Enfield,15426,0.51228684
Enfield,15427,0.5182485
Enfield,15861,0.5166778
Enfield,15862,0.5080788
Enfield,15863,0.5824608
Enfield,15864,0.5281849
Enfield,15865,0.5619469
Enfield,15866,0.5444146
Enfield,15867,0.5465963
Enfield,15868,0.5058625
Enfield,15869,0.50860804
Enfield,15870,0.38258144
Enfield,15871,0.3962464
Enfield,15872,0.50882995
Enfield,15873,0.53959745
Enfield,15874,0.5991048
Enfield,15876,0.6346698
Enfield,15877,0.6373525
Enfield,15879,0.6453929
Enfield,15880,0.628667
Enfield,15881,0.6224113
Enfield,15882,0.5902091
Enfield,15883,0.58979094
Enfield,15884,0.5934943
Enfield,15885,0.63145965
Enfield,15886,0.6570933
Enfield,15887,0.64925754
Enfield,16011,0.54793394
Enfield,16012,0.54064226
Enfield,16013,0.48351654
Enfield,16014,0.48431426
Enfield,16015,0.570601
Enfield,16016,0.56320375
Enfield,1605,0.542548
Enfield,1606,0.60068226
Enfield,16518,0.5199734
Enfield,16608,0.5220781
Enfield,16770,0.5439094
Enfield,16771,0.53212744
Enfield,16772,0.52070606
Enfield,16773,0.5213224
Enfield,16774,0.50109524
Enfield,16775,0.48480633
Enfield,16776,0.5548459
Enfield,16777,0.57049435
Enfield,16783,0.6041655
Enfield,16784,0.57588315
Enfield,16785,0.56732225
Enfield,16786,0.48084742
Enfield,16787,0.4672159
Enfield,16788,0.47378832
Enfield,16789,0.47059762
Enfield,16790,0.43196383
Enfield,16791,0.5611992
Enfield,16792,0.5420907
Enfield,16793,0.5141311
Enfield,16794,0.48123205
Enfield,16795,0.4822934
Enfield,16796,0.45442647
Enfield,16797,0.4627913
Enfield,16798,0.45931762
Enfield,16799,0.4467463
Enfield,16800,0.49652964
Enfield,16801,0.5086543
Enfield,16915,0.65412444
Enfield,16916,0.575527
Enfield,16917,0.57687503
Enfield,16919,0.5709221
Enfield,16920,0.5552165
Enfield,16921,0.58169943
Enfield,16922,0.5873636
Enfield,16923,0.6170716
Enfield,16924,0.61478
Enfield,1695,0.55115145
Enfield,1696,0.5440683
Enfield,1697,0.48590773
Enfield,1698,0.48439458
Enfield,1754,0.54944617
Enfield,17762,0.5760434
Enfield,17763,0.51328206
Enfield,17764,0.5937925
Enfield,17765,0.60229284
Enfield,17766,0.64513755
Enfield,17767,0.6370608
Enfield,17769,0.6381879
Enfield,17776,0.55368465
Enfield,17778,0.52698326
Enfield,17779,0.5204504
Enfield,17780,0.53190315
Enfield,17781,0.51018506
Enfield,17782,0.5191577
Enfield,17783,0.5024672
Enfield,17784,0.5249754
Enfield,17785,0.5287099
Enfield,17786,0.5610933
Enfield,18057,0.5075269
Enfield,18123,0.57465357
Enfield,18868,0.57200146
Enfield,18869,0.5737256
Enfield,18870,0.54140157
Enfield,18871,0.5569612
Enfield,18872,0.569899
Enfield,18873,0.5532941
Enfield,18875,0.55270165
Enfield,18876,0.59977674
Enfield,18878,0.63329196
Enfield,18879,0.6391973
Enfield,18880,0.61281466
Enfield,18881,0.58562595
Enfield,18882,0.5975607
Enfield,18883,0.5424606
Enfield,18884,0.59500366
Enfield,18911,0.55478626
Enfield,19026,0.6122013
Enfield,19027,0.6123636
Enfield,19263,0.6634619
Enfield,19278,0.59658927
Enfield,19279,0.604651
Enfield,19617,0.5964075
Enfield,19618,0.5917161
Enfield,20108,0.61144453
Enfield,20242,0.60227823
Enfield,20243,0.536185
Enfield,20244,0.56194615
Enfield,20250,0.6181052
Enfield,20254,0.597866
Enfield,20255,0.5888609
Enfield,20256,0.5919689
Enfield,20257,0.6026725
Enfield,20258,0.63029164
Enfield,20268,0.5474352
Enfield,20269,0.503458
Enfield,20272,0.52611023
Enfield,20273,0.5431751
Enfield,20274,0.5239411
Enfield,20275,0.51660657
Enfield,20276,0.54144645
Enfield,20277,0.5981766
Enfield,20278,0.5308469
Enfield,20279,0.5686327
Enfield,20298,0.6306887
Enfield,20299,0.648377
Enfield,20300,0.654497
Enfield,20301,0.6696653
Enfield,20302,0.6603683
Enfield,20303,0.63832915
Enfield,20414,0.5450384
Enfield,20594,0.5531421
Enfield,20595,0.5410781
Enfield,20761,0.609483
Enfield,20882,0.59065527
Enfield,20919,0.47425878
Enfield,22191,0.5997459
Enfield,23415,0.572961
Enfield,24851,0.5564343
Enfield,2508,0.50034064
Enfield,2509,0.5426851
Enfield,25155,0.5673949
Enfield,25160,0.53479844
Enfield,25195,0.5736866
Enfield,25369,0.5189501
Enfield,25370,0.5100663
Enfield,25693,0.52960753
Enfield,26230,0.56635916
Enfield,26238,0.5287441
Enfield,26239,0.60930896
Enfield,26975,0.6211815
Enfield,27566,0.631107
Enfield,27647,0.52457994
Enfield,27740,0.53175324
Enfield,27741,0.5206335
Enfield,27743,0.53099257
Enfield,27744,0.5302036
Enfield,27745,0.5103085
Enfield,27746,0.5397148
Enfield,27893,0.5832723
Enfield,27894,0.547018
Enfield,27895,0.5780174
Enfield,27896,0.5792264
Enfield,27897,0.5952857
Enfield,27898,0.57711685
Enfield,2790,0.5297299
Enfield,27946,0.5229649
Enfield,27960,0.45116886
Enfield,28562,0.51666063
Enfield,28655,0.5622393
Enfield,29700,0.51347107
Enfield,29702,0.47723457
Enfield,29703,0.42011505
Enfield,30877,0.53584373
Enfield,31461,0.60613936
Enfield,3170,0.5050406
Enfield,3171,0.46979392
Enfield,3173,0.46947092
Enfield,3174,0.49010444
Enfield,3176,0.5624099
Enfield,32250,0.5086965
Enfield,3293,0.5343493
Enfield,33357,0.6115805
Enfield,33394,0.60173595
Enfield,33492,0.6477889
Enfield,33493,0.60302657
Enfield,33495,0.61791104
Enfield,33496,0.5849012
Enfield,33497,0.5588625
Enfield,33498,0.53729343
Enfield,33896,0.62731344
Enfield,33940,0.62792575
Enfield,33941,0.60068536
Enfield,33942,0.6141884
Enfield,33968,0.53709054
Enfield,33978,0.54014224
Enfield,33979,0.538524
Enfield,34148,0.4449704
Enfield,34329,0.5423351
Enfield,34330,0.4567461
Enfield,34341,0.6041406
Enfield,34342,0.5986108
Enfield,34363,0.58973104
Enfield,34364,0.5833009
Enfield,34365,0.58726335
Enfield,34652,0.5608314
Enfield,34653,0.54616547
Enfield,34654,0.54658115
Enfield,3484,0.625854
Enfield,3487,0.4646764
Enfield,3488,0.47199267
Enfield,3489,0.6021572
Enfield,3490,0.5338349
Enfield,3491,0.45097333
Enfield,3492,0.42558557
Enfield,34927,0.5466386
Enfield,3493,0.61892915
Enfield,3494,0.6386481
Enfield,3495,0.5794784
Enfield,3496,0.5817387
Enfield,3510,0.5672676
Enfield,3511,0.6132752
Enfield,3512,0.5607651
Enfield,3525,0.542272
Enfield,3534,0.5776645
Enfield,35472,0.5552874
Enfield,35678,0.5529609
Enfield,35731,0.5407087
Enfield,35850,0.58001673
Enfield,35851,0.6165934
Enfield,35852,0.6120443
Enfield,35853,0.5897794
Enfield,35854,0.5905205
Enfield,35856,0.61927503
Enfield,35857,0.591602
Enfield,35858,0.5392708
Enfield,35859,0.5923168
Enfield,35860,0.5919061
Enfield,35861,0.5985435
Enfield,35862,0.60062236
Enfield,35863,0.5854993
Enfield,35864,0.58303344
Enfield,35865,0.5881403
Enfield,35866,0.5912832
Enfield,35867,0.62649333
Enfield,35868,0.58395034
Enfield,36680,0.6169634
Enfield,36805,0.5120577
Enfield,3805,0.5050487
Enfield,4004,0.448548
Enfield,4005,0.4237598
Enfield,4538,0.54094696
Enfield,4539,0.55697
Enfield,4541,0.4205902
Enfield,4945,0.5441055
Enfield,4946,0.58001715
Enfield,5534,0.5625351
Enfield,5535,0.49876377
Enfield,5536,0.5581421
Enfield,5537,0.53743565
Enfield,5538,0.48939523
Enfield,5539,0.55794334
Enfield,5540,0.5697874
Enfield,5541,0.61009693
Enfield,5542,0.590154
Enfield,5543,0.5765925
Enfield,5544,0.5593272
Enfield,5545,0.58386105
Enfield,5546,0.5736844
Enfield,5974,0.5361586
Enfield,5975,0.54054385
Enfield,5976,0.6129198
Enfield,5977,0.5975072
Enfield,5978,0.56278616
Enfield,5979,0.5730478
Enfield,5980,0.6195881
Enfield,5981,0.6238729
Enfield,5982,0.5579666
Enfield,5983,0.55070424
Enfield,5984,0.5832567
Enfield,5985,0.5878479
Enfield,5986,0.6272105
Enfield,5987,0.60337305
Enfield,70116,0.5488967
Enfield,70336,0.55536515
Enfield,70337,0.5967775
Enfield,70343,0.61987525
Enfield,70347,0.59444237
Enfield,70358,0.5965042
Enfield,70359,0.63082564
Enfield,70360,0.63168293
Enfield,70362,0.62551713
Enfield,7562,0.569235
Enfield,761,0.5479672
Enfield,922,0.42432448
Enfield,923,0.4536997
Enfield,9359,0.5494198
Enfield,9360,0.5570398
Enfield,972,0.56287646
Enfield,9954,0.45786026
Enfield,9955,0.47398642
Enfield,9956,0.45372128
Enfield,9957,0.45423877
Enfield,9960,0.4747027
Enfield,9961,0.4868328
Enfield,9962,0.4855349
Enfield,9963,0.4895651
Enfield,9965,0.51300013
Enfield,9969,0.505074
Enfield,BP061,0.5210184
Enfield,BP113,0.44027117
Enfield,BP1189,0.53459907
Enfield,BP1190,0.53721064
Enfield,BP1198,0.49929136
Enfield,BP1317,0.5468231
Enfield,BP1525,0.56113666
Enfield,BP1577,0.4782612
Enfield,BP1578,0.47677064
Enfield,BP1997,0.6044826
Enfield,BP2308,0.62201524
Enfield,BP2382,0.52806693
Enfield,BP250,0.72987163
Enfield,BP2651,0.6163617
Enfield,BP2652,0.6254239
Enfield,BP2653,0.6068834
Enfield,BP2654,0.6004477
Enfield,BP2655,0.6127572
Enfield,BP2656,0.6100992
Enfield,BP2659,0.5078187
Enfield,BP2679,0.46333858
Enfield,BP2680,0.48837167
Enfield,BP2715,0.547548
Enfield,BP2719,0.54028916
Enfield,BP2947,0.55642825
Enfield,BP2948,0.58757603
Enfield,BP3211,0.554717
Enfield,BP3212,0.55473
Enfield,BP3445,0.45280993
Enfield,BP3459,0.52608776
Enfield,BP3489,0.45961803
Enfield,BP3515,0.50914353
Enfield,BP3516,0.52908653
Enfield,BP3517,0.49547988
Enfield,BP3518,0.51610917
Enfield,BP3519,0.51341206
Enfield,BP3521,0.5410636
Enfield,BP3523,0.51491225
Enfield,BP3524,0.4926039
Enfield,BP3525,0.49526966
Enfield,BP3526,0.5693629
Enfield,BP3527,0.5585967
Enfield,BP3563,0.53960013
Enfield,BP3608,0.5994422
Enfield,BP3609,0.58447665
Enfield,BP3610,0.619825
Enfield,BP3611,0.5981195
Enfield,BP3612,0.61190206
Enfield,BP3615,0.5982677
Enfield,BP3616,0.61525625
Enfield,BP3617,0.59081984
Enfield,BP3618,0.6141309
Enfield,BP4234,0.43644214
Enfield,BP4257,0.5415252
Enfield,BP4303,0.5622302
Enfield,BP4304,0.5706595
Enfield,BP4305,0.5545856
Enfield,BP4349,0.53941125
Enfield,BP4350,0.54477245
Enfield,BP4389,0.4768574
Enfield,BP4438,0.4662323
Enfield,BP4465,0.54726833
Enfield,BP4496,0.57638866
Enfield,BP4514,0.5614832
Enfield,BP4521,0.6201632
Enfield,BP4847,0.51154876
Enfield,BP4848,0.43468553
Enfield,BP4890,0.4591296
Enfield,BP4951,0.455681
Enfield,BP4952,0.4631544
Enfield,BP4953,0.51142466
Enfield,BP4955,0.48217806
Enfield,BP4956,0.5518444
Enfield,BP4957,0.43743148
Enfield,BP4975,0.53046465
Enfield,BP4976,0.5800323
Enfield,BP5100,0.51251537
Enfield,BP5101,0.5521234
Enfield,BP5102,0.5016524
Enfield,BP5103,0.50705814
Enfield,BP5104,0.55303586
Enfield,BP5105,0.629007
Enfield,BP5147,0.5002847
Enfield,BP5148,0.49872416
Enfield,BP5223,0.5918594
Enfield,BP5344,0.6318955
Enfield,BP5587,0.59525794
Enfield,BP5649,0.5564171
Enfield,BP5657,0.5231193
Enfield,BP5686,0.61067134
Enfield,BP5692,0.6473921
Enfield,BP5693,0.6491104
Enfield,BP6012,0.44446987
Enfield,BP6235,0.576536
Enfield,BP6236,0.5610156
Enfield,BP6237,0.5495273
Enfield,BP6238,0.5604394
Enfield,BP6239,0.5344503
Enfield,BP6240,0.54292923
Enfield,BP6241,0.53681743
Enfield,BP6358,0.55758756
Enfield,BP6359,0.56130224
Enfield,BP6414,0.5629449
Enfield,BP6445,0.56509584
Enfield,BP6446,0.59359556
Enfield,BP6447,0.6202228
Enfield,BP6448,0.6128711
Enfield,BP6449,0.61966056
Enfield,BP6450,0.6216024
Enfield,BP6453,0.6419443
Enfield,BP6454,0.6372931
Enfield,BP6455,0.62924147
Enfield,BP6456,0.64205927
Enfield,BP6457,0.59838307
Enfield,BP6458,0.6202342
Enfield,BP6459,0.522814
Enfield,BP6460,0.4850854
Enfield,BP6461,0.51092666
Enfield,BP6462,0.52600324
Enfield,BP6463,0.5409045
Enfield,BP6466,0.54907244
Enfield,BP6467,0.5376623
Enfield,BP6468,0.62817836
Enfield,BP6469,0.6176486
Enfield,BP6470,0.6461194
Enfield,BP6471,0.6060526
Enfield,BP6472,0.6292193
Enfield,BP6473,0.6352805
Enfield,BP6474,0.6436832
Enfield,BP6475,0.6474404
Enfield,BP6476,0.6451584
Enfield,BP750,0.54120445
Enfield,BP850,0.61584246
Enfield,BP920,0.5957843
Enfield,BP958,0.5059223
Enfield,HC107,0.5799282
Enfield,HC108,0.53074723
Enfield,HC109,0.60726994
Enfield,HC110,0.5788809
Enfield,HC111,0.5745823
Enfield,HC112,0.5618299
Enfield,HC113,0.5152472
Enfield,HC114,0.6023547
Enfield,HC115,0.56660455
Enfield,HC116,0.6208836
Enfield,HC117,0.5284051
Enfield,HC118,0.6721554
Enfield,HC131,0.5264114
Enfield,HC15,0.6365419
Enfield,HC16,0.54109067
Enfield,HC17,0.5801172
Enfield,HC172,0.5357082
Enfield,HC182,0.51315784
Enfield,HC183,0.5308527
Enfield,HC184,0.51461154
Enfield,HC185,0.5630986
Enfield,HC186,0.5568675
Enfield,HC187,0.52246433
Enfield,HC188,0.57055897
Enfield,HC189,0.55512184
Enfield,HC19,0.5475717
Enfield,HC195,0.57706803
Enfield,HC196,0.5591537
Enfield,HC197,0.5281293
Enfield,HC20,0.53211236
Enfield,HC21,0.6163922
Enfield,HC22,0.63003683
Enfield,HC364,0.74463534
Enfield,HC366,0.7282363
Enfield,HC367,0.72613925
Enfield,HC368,0.7213794
Enfield,HC369,0.7520665
Enfield,HC370,0.6842518
Enfield,HC371,0.68529725
Enfield,HC372,0.69613886
Enfield,HC373,0.64323777
Enfield,HC374,0.63818055
Enfield,HC375,0.7183635
Enfield,HC376,0.73528314
Enfield,HC386,0.52051485
Enfield,HC387,0.5242
Enfield,HC388,0.5533773
Enfield,HC389,0.54515207
Enfield,HC390,0.536204
Enfield,HC391,0.53158057
Enfield,HC392,0.52763563
Enfield,HC393,0.52697057
Enfield,HC394,0.52132076
Enfield,HC395,0.4987924
Enfield,HC396,0.502346
Enfield,HC397,0.57593167
Enfield,HC398,0.49718207
Enfield,HC399,0.6040329
Enfield,HC400,0.58539826
Enfield,HC401,0.5795428
Enfield,HC402,0.578733
Enfield,HC403,0.58665675
Enfield,HC404,0.5789241
Enfield,HC405,0.5346562
Enfield,HC406,0.59412426
Enfield,HC407,0.521848
Enfield,HC408,0.5803325
Enfield,HC409,0.50465184
Enfield,HC410,0.5509587
Enfield,HC411,0.51213354
Enfield,HC412,0.53785694
Enfield,HC413,0.5115826
Enfield,HC414,0.553288
Enfield,HC415,0.51418966
Enfield,HC416,0.501613
Enfield,HC417,0.51007485
Enfield,HC418,0.516032
Enfield,HC555,0.6626912
Enfield,HC557,0.64537734
Enfield,HC558,0.62097
Enfield,HC559,0.6584817
Enfield,HC560,0.58460695
Enfield,HC561,0.6517171
Enfield,HC562,0.53900796
Enfield,HC563,0.5289525
Enfield,HC564,0.5472258
Enfield,HC565,0.5409364
Enfield,HC566,0.5455413
Enfield,HC567,0.5487528
Enfield,HC568,0.55032456
Enfield,HC569,0.55638534
Enfield,HC570,0.5348261
Enfield,HC571,0.53648835
Enfield,HC572,0.5371686
Enfield,HC573,0.52271503
Enfield,HC574,0.52545726
Enfield,HC575,0.5724051
Enfield,HC576,0.60866326
Enfield,HC577,0.6371684
Enfield,HC578,0.5999066
Enfield,HC579,0.58864915
Enfield,HC580,0.5813202
Enfield,HC581,0.5784789
Enfield,HC582,0.5931377
Enfield,HC583,0.57927746
Enfield,HC584,0.5732163
Enfield,HC585,0.6037467
Enfield,HC586,0.59409976
Enfield,HC587,0.5756544
Enfield,HC91,0.5710259
Enfield,OC431,0.6476426
Enfield,OC460,0.6080803
Enfield,OC589,0.6465542
Enfield,OC599,0.5479772
Enfield,OC619,0.6391819
Enfield,OC625,0.6063462
Enfield,OC635,0.63897216
Enfield,OC701,0.64029527
Enfield,OC702,0.63661593
Enfield,OC705,0.5441933
Enfield,OC706,0.5447866
Enfield,OC707,0.6504412
Enfield,OC802,0.741677
Enfield,OC823,0.63051194
Enfield,OC824,0.6284713
Enfield,OC825,0.6318404
Enfield,OC826,0.62393063
Enfield,OC827,0.6531418
Enfield,OC828,0.65110165
Enfield,OC829,0.62272483
Enfield,OC830,0.6216512
Enfield,OC985,0.5750133
Enfield,R0321,0.544752
Enfield,R0323,0.4957751
Enfield,R0336,0.5693931
Enfield,R0419,0.6337336
Enfield,R0433,0.6089888
Enfield,R0436,0.5474481
Enfield,R0723,0.5467979
Enfield,R0732,0.62260175
Enfield,17772,0.5195033
Enfield,17775,0.5124845
Enfield,19261,0.49904993
Enfield,19262,0.49861607
Enfield,20251,0.57882375
Enfield,27769,0.5202172
Enfield,27851,0.57299083
Enfield,33173,0.58873886
Enfield,33174,0.6089319
Enfield,35836,0.51351106
Enfield,70344,0.6521951
Enfield,70345,0.6097977
Enfield,70346,0.6162283
Enfield,70349,0.64791435
Enfield,70355,0.5382229
Enfield,70361,0.5341635
Enfield,994,0.5198959
Enfield,995,0.5541134
Enfield,BP3613,0.60443383
Enfield,BP3614,0.6095378
Enfield,BP5727,0.6656264
Greenwich,10439,0.44997573
Greenwich,12225,0.43609527
Greenwich,12226,0.43983284
Greenwich,12924,0.4275371
Greenwich,12925,0.42791685
Greenwich,12927,0.42638326
Greenwich,13532,0.36951157
Greenwich,13533,0.37214455
Greenwich,13535,0.43711922
Greenwich,13536,0.392104
Greenwich,13821,0.4512963
Greenwich,13823,0.44020942
Greenwich,13826,0.4215505
Greenwich,13827,0.42151156
Greenwich,13828,0.43592992
Greenwich,13848,0.45830438
Greenwich,13851,0.46292615
Greenwich,14387,0.4128383
Greenwich,14709,0.48679492
Greenwich,1539,0.47407183
Greenwich,16665,0.4556271
Greenwich,16666,0.41856706
Greenwich,16667,0.41592678
Greenwich,16668,0.4078977
Greenwich,16669,0.43995357
Greenwich,16670,0.44863942
Greenwich,16671,0.4269607
Greenwich,16672,0.45933372
Greenwich,16674,0.43150014
Greenwich,1680,0.41952577
Greenwich,17489,0.3990565
Greenwich,17490,0.4262884
Greenwich,17491,0.4458326
Greenwich,17492,0.41693062
Greenwich,17493,0.44268116
Greenwich,17495,0.44493723
Greenwich,17496,0.4428615
Greenwich,17497,0.4323956
Greenwich,17498,0.41400823
Greenwich,17499,0.42853743
Greenwich,17500,0.42453265
Greenwich,17501,0.45976064
Greenwich,17502,0.4598944
Greenwich,17504,0.48350352
Greenwich,17506,0.48304585
Greenwich,17507,0.44908655
Greenwich,17508,0.45788836
Greenwich,17509,0.46549815
Greenwich,17511,0.4503984
Greenwich,17512,0.40252477
Greenwich,17513,0.3901049
Greenwich,17533,0.3792548
Greenwich,17537,0.4377085
Greenwich,17582,0.4972655
Greenwich,17583,0.4973255
Greenwich,17584,0.48634398
Greenwich,17671,0.3936179
Greenwich,17672,0.39444953
Greenwich,17727,0.45592502
Greenwich,17728,0.46538943
Greenwich,17729,0.4148415
Greenwich,17820,0.3774046
Greenwich,17821,0.37601924
Greenwich,17822,0.39050743
Greenwich,17823,0.3810835
Greenwich,17824,0.41652364
Greenwich,17825,0.34541592
Greenwich,1817,0.3945687
Greenwich,1819,0.40251666
Greenwich,1826,0.43030468
Greenwich,1827,0.41540146
Greenwich,18643,0.49521714
Greenwich,18740,0.46138275
Greenwich,18741,0.40323186
Greenwich,18742,0.4102725
Greenwich,18743,0.42415985
Greenwich,18744,0.44144887
Greenwich,18745,0.41369167
Greenwich,18746,0.43997154
Greenwich,18752,0.46472552
Greenwich,18753,0.43586206
Greenwich,18756,0.4369195
Greenwich,18757,0.3782778
Greenwich,18758,0.37022904
Greenwich,18759,0.38273355
Greenwich,18760,0.3831568
Greenwich,18761,0.40265074
Greenwich,18762,0.39341488
Greenwich,18763,0.38530236
Greenwich,18764,0.36909
Greenwich,18765,0.3748077
Greenwich,18766,0.36318836
Greenwich,18767,0.37274212
Greenwich,18768,0.38794616
Greenwich,18769,0.38475028
Greenwich,18770,0.38526914
Greenwich,18771,0.4264244
Greenwich,18820,0.39704546
Greenwich,18821,0.3921112
Greenwich,18822,0.43489844
Greenwich,18823,0.45307052
Greenwich,18825,0.44977462
Greenwich,18828,0.44160804
Greenwich,18843,0.4764258
Greenwich,18845,0.44507992
Greenwich,18976,0.44104928
Greenwich,18978,0.40384078
Greenwich,18979,0.41570082
Greenwich,18980,0.43077052
Greenwich,18981,0.4398533
Greenwich,18982,0.4091894
Greenwich,18984,0.45079744
Greenwich,19014,0.4724018
Greenwich,19139,0.4309344
Greenwich,19140,0.43646038
Greenwich,19620,0.39978585
Greenwich,19621,0.39803383
Greenwich,19622,0.4011035
Greenwich,19636,0.3980973
Greenwich,19647,0.3713578
Greenwich,19649,0.36714163
Greenwich,19650,0.3690493
Greenwich,19651,0.39355192
Greenwich,19652,0.3856278
Greenwich,19653,0.4103808
Greenwich,19655,0.4247025
Greenwich,19657,0.42375803
Greenwich,19658,0.4004243
Greenwich,19659,0.4304386
Greenwich,19660,0.4444648
Greenwich,19661,0.45439568
Greenwich,19662,0.4506825
Greenwich,19682,0.3585531
Greenwich,19683,0.3567552
Greenwich,19684,0.34173894
Greenwich,19685,0.34145227
Greenwich,19686,0.34475684
Greenwich,19687,0.36100054
Greenwich,19688,0.3738033
Greenwich,19689,0.37127766
Greenwich,19690,0.36846125
Greenwich,19691,0.37142655
Greenwich,19692,0.35221225
Greenwich,19693,0.38459212
Greenwich,19694,0.41533196
Greenwich,19720,0.4078776
Greenwich,19721,0.5141411
Greenwich,19722,0.5157089
Greenwich,19723,0.4314122
Greenwich,19968,0.41980353
Greenwich,19969,0.41680863
Greenwich,20043,0.4271655
Greenwich,20134,0.42597163
Greenwich,20236,0.36882418
Greenwich,20237,0.3782149
Greenwich,20322,0.42754355
Greenwich,20323,0.42242488
Greenwich,20324,0.41933852
Greenwich,20325,0.41444194
Greenwich,20326,0.41362157
Greenwich,20327,0.41454372
Greenwich,20328,0.37805316
Greenwich,20332,0.363055
Greenwich,20444,0.35912448
Greenwich,20445,0.3603554
Greenwich,20453,0.40886682
Greenwich,20505,0.44999048
Greenwich,20548,0.42291802
Greenwich,20618,0.42669827
Greenwich,20969,0.4402717
Greenwich,2300,0.45144755
Greenwich,25276,0.47350025
Greenwich,25277,0.47357088
Greenwich,25745,0.40583736
Greenwich,25746,0.41950318
Greenwich,25747,0.4071064
Greenwich,25748,0.41478732
Greenwich,25749,0.4142212
Greenwich,25751,0.40648
Greenwich,25762,0.48526967
Greenwich,25763,0.4775163
Greenwich,25764,0.46359813
Greenwich,25765,0.4710863
Greenwich,25766,0.47495428
Greenwich,25787,0.42605215
Greenwich,25788,0.41352582
Greenwich,25789,0.4100344
Greenwich,25906,0.45971212
Greenwich,25909,0.46948144
Greenwich,25910,0.4485934
Greenwich,25912,0.47081685
Greenwich,25913,0.45967138
Greenwich,26007,0.42823422
Greenwich,26009,0.43456897
Greenwich,26010,0.43609384
Greenwich,26011,0.43764418
Greenwich,26012,0.4369399
Greenwich,26013,0.45045185
Greenwich,26601,0.42704868
Greenwich,26602,0.47578117
Greenwich,26603,0.47634786
Greenwich,26604,0.4625949
Greenwich,26605,0.4693084
Greenwich,26606,0.49210015
Greenwich,26607,0.53024477
Greenwich,26608,0.44615906
Greenwich,26609,0.46105146
Greenwich,26610,0.44831684
Greenwich,26613,0.4014745
Greenwich,26614,0.40746018
Greenwich,26615,0.40565324
Greenwich,26616,0.41205728
Greenwich,26617,0.39047357
Greenwich,26618,0.40387955
Greenwich,26619,0.38688084
Greenwich,26621,0.3854718
Greenwich,26625,0.42138234
Greenwich,26639,0.44293222
Greenwich,26642,0.36903366
Greenwich,26644,0.37087372
Greenwich,26645,0.373998
Greenwich,26646,0.40644345
Greenwich,26647,0.40771917
Greenwich,26650,0.4301568
Greenwich,26651,0.4239926
Greenwich,26652,0.40885156
Greenwich,26653,0.37699217
Greenwich,26654,0.40289283
Greenwich,26655,0.37038824
Greenwich,26656,0.3699107
Greenwich,26657,0.385474
Greenwich,26658,0.37760413
Greenwich,26659,0.40167993
Greenwich,26660,0.40867576
Greenwich,26661,0.41373047
Greenwich,26662,0.414061
Greenwich,26665,0.43315974
Greenwich,26666,0.43382326
Greenwich,26667,0.41521826
Greenwich,26668,0.43568587
Greenwich,26669,0.45479727
Greenwich,26670,0.452721
Greenwich,26671,0.44223025
Greenwich,26672,0.44873068
Greenwich,26673,0.4255044
Greenwich,26675,0.44502527
Greenwich,26676,0.44471136
Greenwich,26677,0.44751653
Greenwich,26678,0.44710308
Greenwich,26687,0.4131345
Greenwich,26692,0.4148777
Greenwich,26693,0.41204122
Greenwich,26703,0.46413875
Greenwich,26707,0.4253488
Greenwich,26709,0.4408039
Greenwich,26712,0.48810995
Greenwich,26882,0.43648246
Greenwich,27655,0.43503663
Greenwich,27656,0.39538565
Greenwich,27657,0.4296498
Greenwich,27658,0.43505767
Greenwich,27660,0.44460952
Greenwich,27662,0.44627804
Greenwich,27663,0.4177216
Greenwich,27664,0.4028455
Greenwich,27665,0.3836235
Greenwich,27831,0.39875764
Greenwich,27879,0.37525347
Greenwich,2791,0.3972118
Greenwich,27983,0.45608956
Greenwich,27984,0.45098218
Greenwich,27985,0.47529486
Greenwich,27986,0.44267967
Greenwich,27987,0.44432703
Greenwich,27988,0.45634258
Greenwich,2866,0.45161146
Greenwich,29021,0.38175583
Greenwich,29054,0.3745936
Greenwich,29072,0.5379156
Greenwich,29161,0.44975707
Greenwich,29246,0.503547
Greenwich,29251,0.4101497
Greenwich,29363,0.47906235
Greenwich,29364,0.48308033
Greenwich,29365,0.45742473
Greenwich,29366,0.46524492
Greenwich,29367,0.48238125
Greenwich,29368,0.45088205
Greenwich,29439,0.42765576
Greenwich,29447,0.4550161
Greenwich,29573,0.4825192
Greenwich,29605,0.41840392
Greenwich,29606,0.4198505
Greenwich,29608,0.43165794
Greenwich,29609,0.39866203
Greenwich,29610,0.48878577
Greenwich,29659,0.48263115
Greenwich,3165,0.3395869
Greenwich,3298,0.4411807
Greenwich,33004,0.42868367
Greenwich,33045,0.4157448
Greenwich,33052,0.4142506
Greenwich,33053,0.42698887
Greenwich,33054,0.42299563
Greenwich,33055,0.42118222
Greenwich,33520,0.45189553
Greenwich,3379,0.45587742
Greenwich,3381,0.43281657
Greenwich,33894,0.35370722
Greenwich,33912,0.4314406
Greenwich,34029,0.4414301
Greenwich,34268,0.38364774
Greenwich,34284,0.40931147
Greenwich,34401,0.4088994
Greenwich,34443,0.44783995
Greenwich,34577,0.42377895
Greenwich,34579,0.38931414
Greenwich,34581,0.48595637
Greenwich,34582,0.4463395
Greenwich,34583,0.46135715
Greenwich,34584,0.4610462
Greenwich,34707,0.45479625
Greenwich,34711,0.4394267
Greenwich,34813,0.4159155
Greenwich,34918,0.4029393
Greenwich,35188,0.48060662
Greenwich,35305,0.47918567
Greenwich,35306,0.48283872
Greenwich,35357,0.45912918
Greenwich,35406,0.3842066
Greenwich,35453,0.42641902
Greenwich,35483,0.4284472
Greenwich,35487,0.4442148
Greenwich,35502,0.36048317
Greenwich,35503,0.38336182
Greenwich,35505,0.4119428
Greenwich,35589,0.38545543
Greenwich,35591,0.3891219
Greenwich,35597,0.39695263
Greenwich,35706,0.4521402
Greenwich,35708,0.44559133
Greenwich,35918,0.42958075
Greenwich,35920,0.39713606
Greenwich,35921,0.39443076
Greenwich,35922,0.41067016
Greenwich,35926,0.42980164
Greenwich,36508,0.45206562
Greenwich,36510,0.41831216
Greenwich,36522,0.3793926
Greenwich,36529,0.3751821
Greenwich,36534,0.35396832
Greenwich,36541,0.4446181
Greenwich,36549,0.40625554
Greenwich,36552,0.3489813
Greenwich,36553,0.3832429
Greenwich,36554,0.40008768
Greenwich,36604,0.42675418
Greenwich,36665,0.4229529
Greenwich,36666,0.42535508
Greenwich,36667,0.40764
Greenwich,36668,0.39980203
Greenwich,36669,0.3842999
Greenwich,36670,0.38319102
Greenwich,36673,0.3802157
Greenwich,36674,0.39077714
Greenwich,36808,0.40288472
Greenwich,36810,0.42059508
Greenwich,36813,0.44593915
Greenwich,36855,0.373005
Greenwich,37149,0.4140692
Greenwich,37159,0.49831873
Greenwich,37259,0.40874147
Greenwich,37417,0.40481594
Greenwich,37421,0.41484824
Greenwich,391,0.43412375
Greenwich,40015,0.43998596
Greenwich,40021,0.44708973
Greenwich,40082,0.4372138
Greenwich,40085,0.43818402
Greenwich,44006,0.47580314
Greenwich,44007,0.3660397
Greenwich,44009,0.4502122
Greenwich,44010,0.46265873
Greenwich,44011,0.44369483
Greenwich,44012,0.46007144
Greenwich,44013,0.45999244
Greenwich,44014,0.46074918
Greenwich,44015,0.4542215
Greenwich,44020,0.3629125
Greenwich,44021,0.3903742
Greenwich,44022,0.39835638
Greenwich,44023,0.39684027
Greenwich,44025,0.42933965
Greenwich,44027,0.40903988
Greenwich,44029,0.43315884
Greenwich,44030,0.41364387
Greenwich,44624,0.44383836
Greenwich,4627,0.4478931
Greenwich,4662,0.37512603
Greenwich,4663,0.36409074
Greenwich,4664,0.3490908
Greenwich,4925,0.4366044
Greenwich,6335,0.43738616
Greenwich,6336,0.42849872
Greenwich,6337,0.4284341
Greenwich,6338,0.42216876
Greenwich,6339,0.45489782
Greenwich,6342,0.45674282
Greenwich,6343,0.45658877
Greenwich,7584,0.41285893
Greenwich,8424,0.4015659
Greenwich,8624,0.42429066
Greenwich,8931,0.3766976
Greenwich,9166,0.40331396
Greenwich,9167,0.40983695
Greenwich,9170,0.45702854
Greenwich,9817,0.466897
Greenwich,9818,0.4248273
Greenwich,BP1000,0.45559797
Greenwich,BP1001,0.43293864
Greenwich,BP1002,0.4255809
Greenwich,BP1003,0.43295443
Greenwich,BP1004,0.46645546
Greenwich,BP1005,0.43549097
Greenwich,BP1006,0.43809408
Greenwich,BP1035,0.409412
Greenwich,BP1283,0.39980948
Greenwich,BP1300,0.4189214
Greenwich,BP1327,0.4201561
Greenwich,BP1582,0.42656842
Greenwich,BP1812,0.3990765
Greenwich,BP1813,0.4314289
Greenwich,BP2084,0.38629776
Greenwich,BP2141,0.5083989
Greenwich,BP2143,0.50898844
Greenwich,BP2144,0.4627267
Greenwich,BP2145,0.51805276
Greenwich,BP2146,0.4510994
Greenwich,BP2147,0.49592945
Greenwich,BP2148,0.45795134
Greenwich,BP2149,0.44236624
Greenwich,BP2150,0.43183365
Greenwich,BP2151,0.5186315
Greenwich,BP2152,0.46487293
Greenwich,BP2171,0.48303115
Greenwich,BP2267,0.44853032
Greenwich,BP2321,0.4744353
Greenwich,BP2373,0.38565016
Greenwich,BP2456,0.46690935
Greenwich,BP2459,0.47364718
Greenwich,BP2460,0.46424192
Greenwich,BP2462,0.47732496
Greenwich,BP2567,0.40935987
Greenwich,BP2568,0.41665986
Greenwich,BP2569,0.44690534
Greenwich,BP2570,0.4278421
Greenwich,BP2571,0.4298774
Greenwich,BP2572,0.4138893
Greenwich,BP2573,0.40151268
Greenwich,BP2574,0.41890854
Greenwich,BP2575,0.39054814
Greenwich,BP2576,0.43376428
Greenwich,BP2577,0.41344717
Greenwich,BP2578,0.39670214
Greenwich,BP2579,0.40889108
Greenwich,BP2580,0.41973555
Greenwich,BP2581,0.4304994
Greenwich,BP2582,0.44661975
Greenwich,BP2583,0.42040274
Greenwich,BP2584,0.40808383
Greenwich,BP2585,0.48334807
Greenwich,BP2586,0.46934977
Greenwich,BP2587,0.45114723
Greenwich,BP2588,0.44138956
Greenwich,BP2589,0.45384672
Greenwich,BP2590,0.4776063
Greenwich,BP2660,0.45040193
Greenwich,BP2729,0.3793508
Greenwich,BP2821,0.4024307
Greenwich,BP2822,0.40206715
Greenwich,BP2823,0.3773721
Greenwich,BP2824,0.37534797
Greenwich,BP2825,0.46879172
Greenwich,BP2850,0.4621908
Greenwich,BP2851,0.44713297
Greenwich,BP2852,0.41789386
Greenwich,BP2853,0.43645465
Greenwich,BP2854,0.4323645
Greenwich,BP2855,0.4632082
Greenwich,BP2856,0.46543306
Greenwich,BP2857,0.45286596
Greenwich,BP2858,0.46206835
Greenwich,BP288,0.44496065
Greenwich,BP289,0.44713908
Greenwich,BP290,0.38762593
Greenwich,BP291,0.48386407
Greenwich,BP293,0.43220094
Greenwich,BP294,0.38687134
Greenwich,BP295,0.3626458
Greenwich,BP296,0.43463686
Greenwich,BP297,0.4377096
Greenwich,BP298,0.3639496
Greenwich,BP299,0.4085434
Greenwich,BP300,0.40597197
Greenwich,BP301,0.38502347
Greenwich,BP302,0.35426354
Greenwich,BP303,0.39654875
Greenwich,BP304,0.4119141
Greenwich,BP3049,0.53080624
Greenwich,BP306,0.38616186
Greenwich,BP307,0.41808343
Greenwich,BP308,0.4167497
Greenwich,BP309,0.355148
Greenwich,BP310,0.3981407
Greenwich,BP311,0.447797
Greenwich,BP3113,0.40288326
Greenwich,BP3114,0.44725958
Greenwich,BP312,0.4425164
Greenwich,BP313,0.43956262
Greenwich,BP315,0.42643434
Greenwich,BP316,0.43149105
Greenwich,BP317,0.4380085
Greenwich,BP318,0.50127727
Greenwich,BP322,0.46532595
Greenwich,BP323,0.4900293
Greenwich,BP324,0.48878828
Greenwich,BP325,0.4830144
Greenwich,BP326,0.48883513
Greenwich,BP327,0.4802586
Greenwich,BP328,0.44474944
Greenwich,BP329,0.41338676
Greenwich,BP330,0.4583998
Greenwich,BP331,0.4410353
Greenwich,BP332,0.4486091
Greenwich,BP333,0.41937086
Greenwich,BP334,0.42781863
Greenwich,BP335,0.4533434
Greenwich,BP336,0.41125414
Greenwich,BP337,0.42620614
Greenwich,BP338,0.4230093
Greenwich,BP339,0.36741778
Greenwich,BP340,0.4290056
Greenwich,BP341,0.43607605
Greenwich,BP342,0.3950644
Greenwich,BP343,0.42519885
Greenwich,BP344,0.44994694
Greenwich,BP345,0.3490497
Greenwich,BP346,0.43458626
Greenwich,BP347,0.4058157
Greenwich,BP348,0.3924413
Greenwich,BP349,0.42667526
Greenwich,BP350,0.41560903
Greenwich,BP351,0.44628385
Greenwich,BP353,0.42008978
Greenwich,BP354,0.46867198
Greenwich,BP355,0.41207647
Greenwich,BP356,0.46347928
Greenwich,BP357,0.4436969
Greenwich,BP358,0.44436327
Greenwich,BP359,0.43249053
Greenwich,BP360,0.44136444
Greenwich,BP362,0.37435916
Greenwich,BP363,0.45074695
Greenwich,BP364,0.4444597
Greenwich,BP365,0.39102042
Greenwich,BP366,0.3784098
Greenwich,BP367,0.40091553
Greenwich,BP368,0.37805542
Greenwich,BP369,0.46747887
Greenwich,BP370,0.4503913
Greenwich,BP373,0.467357
Greenwich,BP4173,0.42467058
Greenwich,BP4174,0.42041677
Greenwich,BP4358,0.4454055
Greenwich,BP4359,0.4486977
Greenwich,BP4362,0.3895849
Greenwich,BP4363,0.38810828
Greenwich,BP4554,0.45874605
Greenwich,BP4555,0.4537253
Greenwich,BP4556,0.4428772
Greenwich,BP4557,0.4479019
Greenwich,BP4558,0.41741744
Greenwich,BP4559,0.45635897
Greenwich,BP4896,0.45892733
Greenwich,BP5039,0.44431493
Greenwich,BP5288,0.36475962
Greenwich,BP5289,0.3789255
Greenwich,BP5290,0.41301528
Greenwich,BP5291,0.43385857
Greenwich,BP5479,0.41077211
Greenwich,BP5481,0.42626792
Greenwich,BP5540,0.3888034
Greenwich,BP5710,0.4909482
Greenwich,BP5786,0.4076378
Greenwich,BP5788,0.403602
Greenwich,BP5880,0.3648648
Greenwich,BP5881,0.38766438
Greenwich,BP5882,0.39098287
Greenwich,BP634,0.4877172
Greenwich,BP635,0.48766533
Greenwich,BP636,0.47486338
Greenwich,BP6416,0.41145167
Greenwich,BP655,0.3984391
Greenwich,BP656,0.3934874
Greenwich,BP756,0.41586518
Greenwich,BP786,0.40264392
Greenwich,BP787,0.40149796
Greenwich,BP788,0.4950349
Greenwich,BP789,0.49390355
Greenwich,BP790,0.43410552
Greenwich,BP791,0.40524876
Greenwich,BP848,0.45935425
Greenwich,BP878,0.4202927
Greenwich,BP953,0.39514357
Greenwich,BP956,0.41905576
Greenwich,BP999,0.42332324
Greenwich,HC736,0.517374
Greenwich,HC85,0.49793822
Greenwich,R0386,0.38629654
Greenwich,R0524,0.46281096
Greenwich,R0550,0.41755125
Greenwich,R0554,0.4223367
Greenwich,R0559,0.4621956
Greenwich,R0562,0.42393318
Greenwich,R0563,0.4034904
Greenwich,R0568,0.43188545
Greenwich,R0573,0.44908324
Greenwich,R0724,0.46646246
Greenwich,R0748,0.40810648
Greenwich,13824,0.40941048
Greenwich,13825,0.4188597
Greenwich,13834,0.4607812
Greenwich,14452,0.3974055
Greenwich,18832,0.38226566
Greenwich,18834,0.38457468
Greenwich,25908,0.47736275
Greenwich,26699,0.40975094
Greenwich,26701,0.4327084
Greenwich,29687,0.38276207
Greenwich,29851,0.39247227
Greenwich,34292,0.42141682
Greenwich,35482,0.44533724
Greenwich,35563,0.4451415
Greenwich,36822,0.44231844
Greenwich,37316,0.49312752
Greenwich,37977,0.37618446
Greenwich,BP2408,0.43188885
Greenwich,BP2409,0.42964998
Greenwich,BP2672,0.4718205
Greenwich,BP314,0.4326419
Greenwich,BP319,0.43824992
Greenwich,BP320,0.42802566
Greenwich,BP321,0.4282279
Greenwich,BP352,0.43657625
Greenwich,BP4396,0.4253965
Greenwich,BP4397,0.44848233
Greenwich,BP5480,0.44151655
Greenwich,BP6177,0.38501057
Greenwich,R0385,0.40408948
Hackney,1010,0.44988173
Hackney,1011,0.4855737
Hackney,10260,0.48348913
Hackney,10261,0.46464005
Hackney,10458,0.523383
Hackney,10459,0.5143715
Hackney,1081,0.52865124
Hackney,1082,0.5453124
Hackney,1111,0.6309622
Hackney,1113,0.59384394
Hackney,1114,0.5959223
Hackney,1115,0.59145904
Hackney,1116,0.5476043
Hackney,121,0.5027126
Hackney,122,0.48899764
Hackney,123,0.5030271
Hackney,12415,0.51769286
Hackney,129,0.56140405
Hackney,13453,0.49954945
Hackney,13454,0.6888491
Hackney,13484,0.6847941
Hackney,13506,0.6446129
Hackney,14134,0.5221362
Hackney,14136,0.5274257
Hackney,14138,0.4862743
Hackney,14139,0.4919022
Hackney,14219,0.65789694
Hackney,14225,0.6842977
Hackney,14226,0.630671
Hackney,14241,0.47597727
Hackney,14242,0.41892442
Hackney,14442,0.49879923
Hackney,14466,0.53036386
Hackney,14467,0.53102
Hackney,14470,0.51060474
Hackney,14471,0.5143777
Hackney,14473,0.520382
Hackney,14474,0.4850437
Hackney,14476,0.5210589
Hackney,14687,0.7121517
Hackney,14689,0.7063391
Hackney,1527,0.5437492
Hackney,1528,0.5409668
Hackney,1544,0.49715808
Hackney,1545,0.44963413
Hackney,15890,0.5123036
Hackney,1609,0.6046434
Hackney,1613,0.5884579
Hackney,16517,0.42377266
Hackney,16753,0.63057137
Hackney,16754,0.596826
Hackney,16755,0.5925966
Hackney,16756,0.5523587
Hackney,16757,0.51795995
Hackney,16758,0.5064584
Hackney,16759,0.45797366
Hackney,16760,0.49877977
Hackney,16761,0.51923543
Hackney,16762,0.4447662
Hackney,16763,0.44337177
Hackney,16764,0.5110822
Hackney,16765,0.46596512
Hackney,16766,0.47278515
Hackney,16768,0.4860786
Hackney,16769,0.46718013
Hackney,1704,0.64065725
Hackney,17296,0.5565612
Hackney,17297,0.5521509
Hackney,17298,0.5520853
Hackney,17299,0.5051299
Hackney,17301,0.52089655
Hackney,17896,0.5753001
Hackney,17897,0.5697818
Hackney,17898,0.5140727
Hackney,17899,0.5118642
Hackney,17900,0.4522739
Hackney,17962,0.59664303
Hackney,17963,0.62503695
Hackney,17964,0.59835124
Hackney,17967,0.543078
Hackney,17973,0.62433076
Hackney,17974,0.6279263
Hackney,17982,0.49499553
Hackney,17985,0.47443935
Hackney,18010,0.503327
Hackney,18011,0.501805
Hackney,18012,0.5844554
Hackney,18058,0.69846094
Hackney,18059,0.6941009
Hackney,18069,0.48470786
Hackney,18071,0.49337718
Hackney,18073,0.504775
Hackney,1919,0.52187777
Hackney,192,0.48672602
Hackney,1920,0.48158038
Hackney,1921,0.50324273
Hackney,1922,0.55564755
Hackney,1923,0.55399674
Hackney,19259,0.69221145
Hackney,194,0.49236196
Hackney,195,0.50226575
Hackney,20413,0.5833217
Hackney,20727,0.49314004
Hackney,2073,0.47975445
Hackney,2074,0.48297805
Hackney,2087,0.5560334
Hackney,2088,0.5438207
Hackney,2091,0.59685665
Hackney,2092,0.5425261
Hackney,2094,0.64068246
Hackney,2095,0.6578394
Hackney,2096,0.64296937
Hackney,20972,0.49153915
Hackney,20997,0.60405004
Hackney,2100,0.5965709
Hackney,2103,0.5987865
Hackney,2104,0.6225955
Hackney,2105,0.6292505
Hackney,2106,0.6338025
Hackney,2107,0.6386575
Hackney,2108,0.67891276
Hackney,2249,0.52043813
Hackney,2250,0.59802705
Hackney,2253,0.50151783
Hackney,2255,0.46933466
Hackney,2256,0.46474132
Hackney,2259,0.47393414
Hackney,2260,0.47683564
Hackney,2261,0.4249178
Hackney,2262,0.45144975
Hackney,2263,0.4567665
Hackney,2265,0.45578164
Hackney,2266,0.4468404
Hackney,2268,0.495605
Hackney,2269,0.4703957
Hackney,2270,0.49677756
Hackney,2271,0.5058228
Hackney,2272,0.5967838
Hackney,2275,0.6316314
Hackney,2276,0.56923723
Hackney,2277,0.6454895
Hackney,2428,0.57115597
Hackney,2429,0.5846528
Hackney,2430,0.5336603
Hackney,2431,0.56153023
Hackney,2435,0.5697631
Hackney,2436,0.503841
Hackney,2438,0.53061676
Hackney,2439,0.539691
Hackney,2440,0.5289519
Hackney,2446,0.58068097
Hackney,2452,0.59447724
Hackney,2455,0.66176516
Hackney,2456,0.6661486
Hackney,25132,0.50742686
Hackney,25187,0.4887337
Hackney,25445,0.6220174
Hackney,25446,0.6225849
Hackney,25904,0.48751318
Hackney,26234,0.5439923
Hackney,26360,0.49358776
Hackney,26361,0.5015357
Hackney,2640,0.62724984
Hackney,26436,0.5772758
Hackney,2648,0.5657506
Hackney,2724,0.5823655
Hackney,2725,0.58127934
Hackney,29245,0.48449984
Hackney,29453,0.48336533
Hackney,29454,0.46801567
Hackney,29455,0.46434733
Hackney,29456,0.4747706
Hackney,29522,0.47147962
Hackney,29596,0.68854725
Hackney,29782,0.4850371
Hackney,305,0.60238385
Hackney,306,0.55715424
Hackney,307,0.5621407
Hackney,308,0.55132127
Hackney,318,0.63992226
Hackney,319,0.64567834
Hackney,320,0.6511172
Hackney,3217,0.46344396
Hackney,3218,0.46205908
Hackney,33263,0.6801247
Hackney,33346,0.7086656
Hackney,33347,0.68877864
Hackney,33395,0.5180887
Hackney,33396,0.5314026
Hackney,33413,0.5445799
Hackney,33436,0.6827585
Hackney,33707,0.4950771
Hackney,34090,0.5573863
Hackney,34394,0.4812454
Hackney,34395,0.48974174
Hackney,34465,0.4377868
Hackney,34466,0.43870535
Hackney,34467,0.42763332
Hackney,34468,0.42569232
Hackney,34469,0.41530332
Hackney,34470,0.45409772
Hackney,34472,0.44749862
Hackney,34790,0.50671786
Hackney,34791,0.5255669
Hackney,34838,0.44775578
Hackney,34888,0.5682548
Hackney,34889,0.5951725
Hackney,35255,0.5055448
Hackney,35256,0.47915518
Hackney,35281,0.5113089
Hackney,35574,0.51926535
Hackney,35575,0.504846
Hackney,35675,0.59301955
Hackney,35758,0.5659757
Hackney,35759,0.54792166
Hackney,35760,0.50706035
Hackney,35761,0.5082789
Hackney,35762,0.5026548
Hackney,35763,0.49646333
Hackney,35764,0.53025967
Hackney,35765,0.51961446
Hackney,35766,0.53138787
Hackney,35767,0.5070308
Hackney,35953,0.5067193
Hackney,35956,0.49177712
Hackney,36761,0.5931925
Hackney,36838,0.6790484
Hackney,36948,0.6905851
Hackney,37361,0.5074519
Hackney,37362,0.5270561
Hackney,37363,0.5372658
Hackney,37364,0.5401004
Hackney,37365,0.53224176
Hackney,37366,0.529448
Hackney,37367,0.52399737
Hackney,37632,0.690154
Hackney,377,0.622444
Hackney,379,0.6374684
Hackney,4670,0.62934214
Hackney,4816,0.69352514
Hackney,4836,0.63239366
Hackney,53,0.48953253
Hackney,54,0.48314783
Hackney,606,0.582089
Hackney,607,0.580712
Hackney,626,0.5535425
Hackney,64,0.48508176
Hackney,6606,0.6190987
Hackney,740,0.5895332
Hackney,752,0.6325963
Hackney,755,0.6274987
Hackney,779,0.58691615
Hackney,781,0.59527916
Hackney,782,0.5911317
Hackney,783,0.58431405
Hackney,784,0.6394309
Hackney,785,0.65217614
Hackney,789,0.48680317
Hackney,8318,0.6320348
Hackney,861,0.6803503
Hackney,862,0.60379165
Hackney,863,0.6036957
Hackney,91241,0.55506366
Hackney,91242,0.55278087
Hackney,913,0.613493
Hackney,930,0.4873471
Hackney,931,0.48862487
Hackney,933,0.4918823
Hackney,934,0.49068055
Hackney,935,0.49650118
Hackney,951,0.5768405
Hackney,952,0.5818679
Hackney,953,0.59416384
Hackney,BP1201,0.5421438
Hackney,BP1202,0.5233169
Hackney,BP1323,0.6575328
Hackney,BP1562,0.51007396
Hackney,BP1818,0.465062
Hackney,BP1819,0.4699465
Hackney,BP1820,0.43964654
Hackney,BP1822,0.46370828
Hackney,BP1823,0.47932327
Hackney,BP1824,0.46463913
Hackney,BP1825,0.45696765
Hackney,BP199,0.5959011
Hackney,BP2161,0.7059039
Hackney,BP2162,0.5883628
Hackney,BP2477,0.49454203
Hackney,BP2635,0.50336045
Hackney,BP2716,0.59348214
Hackney,BP2717,0.49144405
Hackney,BP2781,0.5024151
Hackney,BP3194,0.5470923
Hackney,BP3203,0.49269128
Hackney,BP3253,0.63164425
Hackney,BP3454,0.59864783
Hackney,BP3473,0.7060984
Hackney,BP3474,0.6864815
Hackney,BP3475,0.6942031
Hackney,BP3476,0.7080519
Hackney,BP3491,0.69095814
Hackney,BP3684,0.5194915
Hackney,BP3685,0.47084942
Hackney,BP3686,0.47243863
Hackney,BP3687,0.5125485
Hackney,BP3688,0.53789055
Hackney,BP3689,0.6343773
Hackney,BP3699,0.516301
Hackney,BP3700,0.49062148
Hackney,BP3701,0.49069685
Hackney,BP3702,0.4647507
Hackney,BP3703,0.4885429
Hackney,BP3704,0.43600413
Hackney,BP3705,0.44049957
Hackney,BP3706,0.4190142
Hackney,BP3707,0.41531932
Hackney,BP3708,0.47156778
Hackney,BP3709,0.4415416
Hackney,BP3710,0.44240433
Hackney,BP3711,0.53330916
Hackney,BP3712,0.41830316
Hackney,BP3713,0.44961715
Hackney,BP3714,0.46090174
Hackney,BP3715,0.4400151
Hackney,BP3716,0.4381371
Hackney,BP3717,0.5341279
Hackney,BP3801,0.4647862
Hackney,BP3803,0.47568372
Hackney,BP3805,0.5023031
Hackney,BP3806,0.49903983
Hackney,BP3828,0.5636505
Hackney,BP3829,0.5560065
Hackney,BP3830,0.5431381
Hackney,BP3831,0.62780297
Hackney,BP3832,0.62505275
Hackney,BP3834,0.57143444
Hackney,BP3835,0.5918687
Hackney,BP3836,0.6252642
Hackney,BP3838,0.62327063
Hackney,BP3839,0.595285
Hackney,BP384,0.5814212
Hackney,BP3840,0.5662032
Hackney,BP3843,0.6251028
Hackney,BP3844,0.5616269
Hackney,BP3845,0.5487661
Hackney,BP3846,0.62395674
Hackney,BP3848,0.59767914
Hackney,BP3849,0.63522625
Hackney,BP3850,0.6325924
Hackney,BP3855,0.62180215
Hackney,BP3857,0.5875035
Hackney,BP3901,0.66570175
Hackney,BP3902,0.66739327
Hackney,BP3904,0.6465935
Hackney,BP3905,0.63376343
Hackney,BP3906,0.6287564
Hackney,BP4165,0.50337636
Hackney,BP4166,0.46566227
Hackney,BP4167,0.51519924
Hackney,BP4170,0.4946112
Hackney,BP4241,0.52406335
Hackney,BP4460,0.46342346
Hackney,BP4461,0.45961353
Hackney,BP4547,0.6407965
Hackney,BP4608,0.5865553
Hackney,BP4880,0.531311
Hackney,BP4921,0.597312
Hackney,BP4960,0.5639115
Hackney,BP4961,0.54703176
Hackney,BP5094,0.71157634
Hackney,BP5095,0.70621336
Hackney,BP5179,0.5762033
Hackney,BP5180,0.5128153
Hackney,BP5181,0.47683862
Hackney,BP5193,0.65581226
Hackney,BP5221,0.5217613
Hackney,BP5230,0.5016646
Hackney,BP5254,0.5237267
Hackney,BP5484,0.57323605
Hackney,BP5488,0.63064784
Hackney,BP5489,0.631282
Hackney,BP5525,0.46961087
Hackney,BP5529,0.6019318
Hackney,BP5609,0.50160825
Hackney,BP5611,0.5233593
Hackney,BP5612,0.46400622
Hackney,BP5613,0.52009124
Hackney,BP5614,0.49229607
Hackney,BP5615,0.5029136
Hackney,BP5616,0.5022939
Hackney,BP5617,0.66095483
Hackney,BP5619,0.5326198
Hackney,BP5621,0.5337012
Hackney,BP5622,0.6035404
Hackney,BP5623,0.54456884
Hackney,BP5643,0.5937599
Hackney,BP5762,0.6219323
Hackney,BP5772,0.50309753
Hackney,BP5776,0.51482546
Hackney,BP5777,0.51166505
Hackney,BP5823,0.48385412
Hackney,BP5824,0.46077424
Hackney,BP5825,0.44158795
Hackney,BP5826,0.4587353
Hackney,BP5851,0.48698166
Hackney,BP5852,0.49442893
Hackney,BP5878,0.5333208
Hackney,BP6003,0.46427464
Hackney,BP6074,0.45645866
Hackney,BP6104,0.4885742
Hackney,BP6105,0.5261826
Hackney,BP6381,0.5003867
Hackney,BP6382,0.5194228
Hackney,BP6383,0.54223627
Hackney,BP842,0.5936073
Hackney,BP965,0.530626
Hackney,BP966,0.52569634
Hackney,FL001,0.53264004
Hackney,FL003,0.5784188
Hackney,FL005,0.5171106
Hackney,FL012,0.4976008
Hackney,HC176,0.4841886
Hackney,HC177,0.48166704
Hackney,HC178,0.48085126
Hackney,R0324,0.5112406
Hackney,R0341,0.5653231
Hackney,R0365,0.5221845
Hackney,R0427,0.51356816
Hackney,R0672,0.57481647
Hackney,R0731,0.54913664
Hackney,17965,0.6153285
Hackney,17966,0.61629945
Hackney,17968,0.60517967
Hackney,2449,0.587574
Hackney,25130,0.57284504
Hackney,29730,0.6002964
Hackney,6607,0.61324
Hackney,6650,0.5994103
Hackney,71,0.5838869
Hackney,BP3851,0.62426347
Hackney,BP3853,0.61837226
Hackney,BP3854,0.6137716
Hammersmith and Fulham,10243,0.50064933
Hammersmith and Fulham,10244,0.5211154
Hammersmith and Fulham,1104,0.49365312
Hammersmith and Fulham,1106,0.5160075
Hammersmith and Fulham,1107,0.50424325
Hammersmith and Fulham,11226,0.44216692
Hammersmith and Fulham,11227,0.43853912
Hammersmith and Fulham,11230,0.5094531
Hammersmith and Fulham,11231,0.5165073
Hammersmith and Fulham,11232,0.47936952
Hammersmith and Fulham,11233,0.47737938
Hammersmith and Fulham,11234,0.49178067
Hammersmith and Fulham,11235,0.48874563
Hammersmith and Fulham,11239,0.50978833
Hammersmith and Fulham,11240,0.56170326
Hammersmith and Fulham,11242,0.5817231
Hammersmith and Fulham,11243,0.49687833
Hammersmith and Fulham,11244,0.5013744
Hammersmith and Fulham,11245,0.526429
Hammersmith and Fulham,11246,0.5383074
Hammersmith and Fulham,11247,0.54691976
Hammersmith and Fulham,11248,0.54272825
Hammersmith and Fulham,11249,0.54268575
Hammersmith and Fulham,11251,0.43314627
Hammersmith and Fulham,11252,0.45661643
Hammersmith and Fulham,11253,0.35783067
Hammersmith and Fulham,11254,0.41156572
Hammersmith and Fulham,11255,0.37709954
Hammersmith and Fulham,11256,0.39147812
Hammersmith and Fulham,11258,0.403421
Hammersmith and Fulham,11259,0.38654923
Hammersmith and Fulham,11262,0.38796756
Hammersmith and Fulham,11263,0.39060915
Hammersmith and Fulham,11264,0.378823
Hammersmith and Fulham,11265,0.4257911
Hammersmith and Fulham,11266,0.40227544
Hammersmith and Fulham,11267,0.42088
Hammersmith and Fulham,11268,0.39736184
Hammersmith and Fulham,11269,0.43075114
Hammersmith and Fulham,11271,0.46298334
Hammersmith and Fulham,11272,0.4682374
Hammersmith and Fulham,11276,0.46305734
Hammersmith and Fulham,11277,0.45745257
Hammersmith and Fulham,11279,0.46020785
Hammersmith and Fulham,11339,0.3755568
Hammersmith and Fulham,11340,0.3750298
Hammersmith and Fulham,11568,0.6059423
Hammersmith and Fulham,11569,0.57210743
Hammersmith and Fulham,11572,0.5488835
Hammersmith and Fulham,11573,0.4865597
Hammersmith and Fulham,11576,0.47509038
Hammersmith and Fulham,11577,0.4740595
Hammersmith and Fulham,11582,0.46363914
Hammersmith and Fulham,11583,0.44714943
Hammersmith and Fulham,11587,0.46445474
Hammersmith and Fulham,11589,0.4920187
Hammersmith and Fulham,11590,0.47120085
Hammersmith and Fulham,11774,0.4541341
Hammersmith and Fulham,1215,0.4438866
Hammersmith and Fulham,12403,0.42568007
Hammersmith and Fulham,14022,0.46011305
Hammersmith and Fulham,1408,0.44775885
Hammersmith and Fulham,14441,0.34288636
Hammersmith and Fulham,1453,0.48096618
Hammersmith and Fulham,1455,0.46576452
Hammersmith and Fulham,1456,0.39629906
Hammersmith and Fulham,1457,0.45489636
Hammersmith and Fulham,1459,0.47332916
Hammersmith and Fulham,1460,0.44647154
Hammersmith and Fulham,1461,0.47103852
Hammersmith and Fulham,1462,0.48267856
Hammersmith and Fulham,14637,0.4278402
Hammersmith and Fulham,14641,0.40616125
Hammersmith and Fulham,1674,0.4674619
Hammersmith and Fulham,1675,0.46143827
Hammersmith and Fulham,1708,0.44792974
Hammersmith and Fulham,174,0.46705684
Hammersmith and Fulham,1784,0.43659455
Hammersmith and Fulham,1914,0.52402014
Hammersmith and Fulham,20072,0.38866204
Hammersmith and Fulham,20389,0.45135108
Hammersmith and Fulham,20412,0.50845665
Hammersmith and Fulham,20655,0.46313676
Hammersmith and Fulham,20797,0.45450634
Hammersmith and Fulham,20798,0.45848602
Hammersmith and Fulham,20975,0.46517342
Hammersmith and Fulham,220,0.36397654
Hammersmith and Fulham,2380,0.42356196
Hammersmith and Fulham,24294,0.398394
Hammersmith and Fulham,24779,0.4906139
Hammersmith and Fulham,24994,0.39412147
Hammersmith and Fulham,2538,0.4353586
Hammersmith and Fulham,2539,0.4541071
Hammersmith and Fulham,25627,0.48246494
Hammersmith and Fulham,25694,0.49948436
Hammersmith and Fulham,26503,0.41406924
Hammersmith and Fulham,270,0.45784506
Hammersmith and Fulham,2713,0.4737855
Hammersmith and Fulham,2715,0.36162055
Hammersmith and Fulham,2716,0.34749123
Hammersmith and Fulham,27326,0.36086875
Hammersmith and Fulham,27447,0.4157197
Hammersmith and Fulham,27510,0.39285052
Hammersmith and Fulham,27528,0.4294038
Hammersmith and Fulham,27529,0.4277527
Hammersmith and Fulham,27530,0.41500542
Hammersmith and Fulham,27531,0.41676518
Hammersmith and Fulham,27585,0.4262793
Hammersmith and Fulham,27586,0.4282716
Hammersmith and Fulham,27587,0.4275351
Hammersmith and Fulham,27588,0.4348456
Hammersmith and Fulham,27614,0.33719158
Hammersmith and Fulham,27615,0.35123473
Hammersmith and Fulham,29488,0.4457296
Hammersmith and Fulham,29576,0.41348356
Hammersmith and Fulham,29619,0.38696355
Hammersmith and Fulham,29954,0.40496293
Hammersmith and Fulham,29966,0.53123313
Hammersmith and Fulham,29995,0.5348534
Hammersmith and Fulham,3015,0.46474442
Hammersmith and Fulham,3022,0.43273485
Hammersmith and Fulham,3025,0.43248972
Hammersmith and Fulham,3029,0.42424533
Hammersmith and Fulham,3030,0.42260996
Hammersmith and Fulham,3031,0.44855183
Hammersmith and Fulham,3032,0.48340777
Hammersmith and Fulham,3054,0.459822
Hammersmith and Fulham,31090,0.36019492
Hammersmith and Fulham,33000,0.47615936
Hammersmith and Fulham,33001,0.48120046
Hammersmith and Fulham,34309,0.26874495
Hammersmith and Fulham,34350,0.38794565
Hammersmith and Fulham,34566,0.3811188
Hammersmith and Fulham,3480,0.48190406
Hammersmith and Fulham,35052,0.4278608
Hammersmith and Fulham,35157,0.38894516
Hammersmith and Fulham,35803,0.36087435
Hammersmith and Fulham,3614,0.46771497
Hammersmith and Fulham,3649,0.49127898
Hammersmith and Fulham,36551,0.35304603
Hammersmith and Fulham,36736,0.4018434
Hammersmith and Fulham,36737,0.448123
Hammersmith and Fulham,36741,0.47506896
Hammersmith and Fulham,36765,0.37192482
Hammersmith and Fulham,37426,0.42518964
Hammersmith and Fulham,3827,0.45861492
Hammersmith and Fulham,399,0.5440172
Hammersmith and Fulham,400,0.5138513
Hammersmith and Fulham,401,0.54240453
Hammersmith and Fulham,411,0.43217722
Hammersmith and Fulham,4655,0.54768616
Hammersmith and Fulham,4682,0.46470726
Hammersmith and Fulham,4683,0.35841486
Hammersmith and Fulham,51781,0.50521797
Hammersmith and Fulham,6020,0.35173428
Hammersmith and Fulham,6021,0.361916
Hammersmith and Fulham,6144,0.46344662
Hammersmith and Fulham,6148,0.4330537
Hammersmith and Fulham,6149,0.44925207
Hammersmith and Fulham,6212,0.40922284
Hammersmith and Fulham,6213,0.4328857
Hammersmith and Fulham,6214,0.43377283
Hammersmith and Fulham,6217,0.4174497
Hammersmith and Fulham,6218,0.41343
Hammersmith and Fulham,6220,0.32904485
Hammersmith and Fulham,6221,0.34997067
Hammersmith and Fulham,6696,0.3326732
Hammersmith and Fulham,679,0.4867867
Hammersmith and Fulham,682,0.4354925
Hammersmith and Fulham,684,0.4281313
Hammersmith and Fulham,685,0.43482977
Hammersmith and Fulham,687,0.46614057
Hammersmith and Fulham,76,0.4268258
Hammersmith and Fulham,832,0.3015344
Hammersmith and Fulham,840,0.379993
Hammersmith and Fulham,842,0.41551948
Hammersmith and Fulham,843,0.41820282
Hammersmith and Fulham,846,0.38176903
Hammersmith and Fulham,847,0.38253587
Hammersmith and Fulham,848,0.44298193
Hammersmith and Fulham,849,0.4410984
Hammersmith and Fulham,850,0.38588905
Hammersmith and Fulham,8872,0.53164524
Hammersmith and Fulham,8874,0.5384424
Hammersmith and Fulham,8875,0.59474766
Hammersmith and Fulham,8876,0.6149702
Hammersmith and Fulham,8880,0.5683899
Hammersmith and Fulham,8881,0.49622726
Hammersmith and Fulham,8882,0.5187971
Hammersmith and Fulham,8886,0.52403766
Hammersmith and Fulham,8887,0.5173202
Hammersmith and Fulham,8894,0.42416802
Hammersmith and Fulham,8895,0.43395478
Hammersmith and Fulham,8898,0.46461073
Hammersmith and Fulham,8900,0.38281563
Hammersmith and Fulham,8901,0.4632103
Hammersmith and Fulham,8902,0.50072813
Hammersmith and Fulham,8921,0.38039944
Hammersmith and Fulham,8923,0.36000904
Hammersmith and Fulham,8924,0.3573738
Hammersmith and Fulham,8995,0.49466288
Hammersmith and Fulham,9024,0.38521442
Hammersmith and Fulham,9025,0.4427534
Hammersmith and Fulham,9327,0.5302209
Hammersmith and Fulham,9328,0.53054184
Hammersmith and Fulham,BP1227,0.48508883
Hammersmith and Fulham,BP1501,0.4509106
Hammersmith and Fulham,BP170,0.4967601
Hammersmith and Fulham,BP2068,0.40236402
Hammersmith and Fulham,BP2069,0.32265303
Hammersmith and Fulham,BP215,0.45084122
Hammersmith and Fulham,BP216,0.48399645
Hammersmith and Fulham,BP2305,0.42263886
Hammersmith and Fulham,BP2561,0.42062
Hammersmith and Fulham,BP2562,0.40966496
Hammersmith and Fulham,BP2563,0.46257412
Hammersmith and Fulham,BP2564,0.4571456
Hammersmith and Fulham,BP286,0.5343806
Hammersmith and Fulham,BP2898,0.45285338
Hammersmith and Fulham,BP3195,0.4839286
Hammersmith and Fulham,BP4096,0.37722564
Hammersmith and Fulham,BP4097,0.3744812
Hammersmith and Fulham,BP4098,0.35580102
Hammersmith and Fulham,BP4891,0.45996904
Hammersmith and Fulham,BP5003,0.3359809
Hammersmith and Fulham,BP5004,0.38522872
Hammersmith and Fulham,BP5005,0.4586128
Hammersmith and Fulham,BP5007,0.3966962
Hammersmith and Fulham,BP5008,0.38616827
Hammersmith and Fulham,BP503,0.48139527
Hammersmith and Fulham,BP5167,0.50929636
Hammersmith and Fulham,BP5183,0.37309158
Hammersmith and Fulham,BP5231,0.3242082
Hammersmith and Fulham,BP5232,0.481763
Hammersmith and Fulham,BP5233,0.43278039
Hammersmith and Fulham,BP5234,0.44934022
Hammersmith and Fulham,BP5236,0.42673242
Hammersmith and Fulham,BP5237,0.3934924
Hammersmith and Fulham,BP5238,0.38105962
Hammersmith and Fulham,BP5239,0.3928874
Hammersmith and Fulham,BP5255,0.4859044
Hammersmith and Fulham,BP5257,0.36403832
Hammersmith and Fulham,BP5262,0.36536813
Hammersmith and Fulham,BP5265,0.39957747
Hammersmith and Fulham,BP5286,0.42817378
Hammersmith and Fulham,BP5638,0.4228351
Hammersmith and Fulham,BP5759,0.596762
Hammersmith and Fulham,BP6536,0.46491724
Hammersmith and Fulham,C88,0.4493811
Hammersmith and Fulham,C89,0.43150556
Hammersmith and Fulham,C90,0.449603
Hammersmith and Fulham,C91,0.39084476
Hammersmith and Fulham,HC832,0.38809586
Hammersmith and Fulham,HF020,0.46953273
Hammersmith and Fulham,OC781,0.36929286
Hammersmith and Fulham,OC782,0.37422112
Hammersmith and Fulham,R0185,0.42913768
Hammersmith and Fulham,R0197,0.3970049
Hammersmith and Fulham,R0199,0.42821625
Hammersmith and Fulham,R0200,0.4180525
Hammersmith and Fulham,R0201,0.40121844
Hammersmith and Fulham,R0261,0.38855407
Hammersmith and Fulham,R0449,0.40847284
Hammersmith and Fulham,R0874,0.38202822
Hammersmith and Fulham,R0875,0.49478695
Hammersmith and Fulham,R0876,0.53532535
Hammersmith and Fulham,R0877,0.4986616
Hammersmith and Fulham,R0879,0.49482548
Hammersmith and Fulham,R0880,0.47594225
Hammersmith and Fulham,11567,0.5524741
Hammersmith and Fulham,34124,0.51342463
Hammersmith and Fulham,8903,0.493844
Hammersmith and Fulham,BP217,0.4673386
Hammersmith and Fulham,BP4095,0.38823828
Hammersmith and Fulham,BP5588,0.41102606
Hammersmith and Fulham,CW20,0.5081866
Haringey,1041,0.67559576
Haringey,1042,0.6900671
Haringey,1043,0.6788471
Haringey,10852,0.7496606
Haringey,10860,0.6184609
Haringey,10864,0.72144556
Haringey,10866,0.7378549
Haringey,10868,0.65876734
Haringey,10942,0.64165777
Haringey,10944,0.6680901
Haringey,10948,0.6276878
Haringey,10951,0.6466426
Haringey,10952,0.6608459
Haringey,10953,0.64356834
Haringey,10954,0.5987931
Haringey,10955,0.62236077
Haringey,10957,0.6029611
Haringey,10958,0.5760616
Haringey,10960,0.5978644
Haringey,10961,0.5892301
Haringey,10962,0.60006976
Haringey,10963,0.6359285
Haringey,10966,0.5693044
Haringey,10967,0.59533036
Haringey,10968,0.57639635
Haringey,10969,0.5729643
Haringey,10973,0.64042753
Haringey,10974,0.6535722
Haringey,10975,0.657267
Haringey,10978,0.68394905
Haringey,10979,0.6869447
Haringey,1100,0.69237286
Haringey,1101,0.69252044
Haringey,11207,0.5579681
Haringey,11208,0.48740298
Haringey,11210,0.5317354
Haringey,11211,0.5554417
Haringey,11212,0.6369697
Haringey,11213,0.50378275
Haringey,11215,0.5151633
Haringey,11216,0.63649935
Haringey,1142,0.6240832
Haringey,1143,0.6114868
Haringey,1144,0.6164015
Haringey,1145,0.6328674
Haringey,1146,0.6311517
Haringey,1147,0.611995
Haringey,1148,0.63600355
Haringey,11763,0.7680593
Haringey,11776,0.5712136
Haringey,11777,0.5696651
Haringey,11779,0.5535941
Haringey,11780,0.5480903
Haringey,11792,0.73274523
Haringey,12322,0.62460333
Haringey,12324,0.6470321
Haringey,12326,0.63677186
Haringey,12327,0.6436691
Haringey,1234,0.66108304
Haringey,12402,0.7450215
Haringey,1299,0.7621908
Haringey,1300,0.763887
Haringey,1301,0.6596847
Haringey,1302,0.66225624
Haringey,14356,0.65327126
Haringey,14358,0.6309785
Haringey,14502,0.76333255
Haringey,14675,0.68805206
Haringey,14801,0.6818519
Haringey,14802,0.63251907
Haringey,1488,0.71572685
Haringey,15165,0.6055377
Haringey,15166,0.6027026
Haringey,15167,0.6561766
Haringey,15168,0.6496497
Haringey,15599,0.67465943
Haringey,15829,0.55503094
Haringey,15830,0.55155253
Haringey,15831,0.576445
Haringey,15835,0.59845877
Haringey,15836,0.55200934
Haringey,15837,0.5774829
Haringey,15838,0.56542015
Haringey,15839,0.56265247
Haringey,15840,0.55442303
Haringey,15841,0.54433227
Haringey,16017,0.61866164
Haringey,16018,0.62146705
Haringey,16019,0.6023132
Haringey,16020,0.5953273
Haringey,16021,0.67547196
Haringey,16022,0.67790663
Haringey,16023,0.64159715
Haringey,16024,0.66747093
Haringey,16025,0.64683
Haringey,16026,0.63309884
Haringey,16027,0.5681566
Haringey,16079,0.64013374
Haringey,16080,0.6490118
Haringey,16081,0.6360643
Haringey,16083,0.69354194
Haringey,16084,0.6898836
Haringey,16085,0.6609566
Haringey,16088,0.6630302
Haringey,16089,0.67146254
Haringey,16090,0.6725171
Haringey,16091,0.65596986
Haringey,16092,0.67892134
Haringey,16093,0.66838735
Haringey,16094,0.6714238
Haringey,16095,0.7326846
Haringey,16096,0.6655594
Haringey,16097,0.7345171
Haringey,16098,0.725082
Haringey,16262,0.5854694
Haringey,16263,0.5797185
Haringey,1662,0.6623215
Haringey,1663,0.63503367
Haringey,1665,0.67171466
Haringey,16982,0.64388543
Haringey,17261,0.5687122
Haringey,17264,0.58719337
Haringey,18885,0.6992635
Haringey,18886,0.76339304
Haringey,18887,0.66560817
Haringey,18888,0.6632519
Haringey,18891,0.61855656
Haringey,18892,0.5601476
Haringey,18893,0.65886474
Haringey,18895,0.70618033
Haringey,18896,0.6805212
Haringey,18897,0.68648154
Haringey,18898,0.63441443
Haringey,18899,0.61428875
Haringey,18901,0.60508746
Haringey,18902,0.6209567
Haringey,1908,0.62123173
Haringey,1909,0.62184864
Haringey,1910,0.5619977
Haringey,1912,0.60815775
Haringey,1913,0.6620617
Haringey,19603,0.64304876
Haringey,19604,0.5945413
Haringey,19605,0.6479985
Haringey,2009,0.6234877
Haringey,201,0.61366403
Haringey,2012,0.6148183
Haringey,2075,0.6874036
Haringey,2076,0.68938756
Haringey,20776,0.6701237
Haringey,2080,0.6557388
Haringey,2254,0.6769388
Haringey,23341,0.635493
Haringey,25163,0.64137346
Haringey,25164,0.6210038
Haringey,25207,0.6956027
Haringey,25209,0.6675966
Haringey,25210,0.6690287
Haringey,25211,0.6737618
Haringey,25212,0.6692176
Haringey,25213,0.5628833
Haringey,25214,0.5873139
Haringey,25215,0.5429228
Haringey,25216,0.54933894
Haringey,25217,0.5452157
Haringey,25218,0.5542415
Haringey,25219,0.5489255
Haringey,25220,0.52802205
Haringey,25221,0.6314773
Haringey,25222,0.63827515
Haringey,25223,0.69393426
Haringey,25224,0.6700284
Haringey,25225,0.67378867
Haringey,25226,0.6901677
Haringey,25227,0.66089416
Haringey,25228,0.6665723
Haringey,25229,0.6181312
Haringey,25230,0.61179554
Haringey,25362,0.71011025
Haringey,25366,0.64402443
Haringey,25478,0.6656793
Haringey,25597,0.7493029
Haringey,25598,0.745662
Haringey,26437,0.7267699
Haringey,26439,0.68201274
Haringey,26440,0.66021633
Haringey,26441,0.64530474
Haringey,26442,0.64060646
Haringey,26443,0.6518195
Haringey,26444,0.6629354
Haringey,26445,0.63225114
Haringey,26446,0.6415881
Haringey,26447,0.5975742
Haringey,26448,0.62094
Haringey,26449,0.5774535
Haringey,26450,0.5873513
Haringey,26451,0.6450877
Haringey,26452,0.73252934
Haringey,26453,0.65403205
Haringey,26454,0.70487815
Haringey,26544,0.65161455
Haringey,26545,0.66938764
Haringey,26973,0.7186017
Haringey,2734,0.68103373
Haringey,27462,0.6251774
Haringey,27927,0.6379408
Haringey,2923,0.69495976
Haringey,2927,0.72294945
Haringey,2929,0.7197301
Haringey,29426,0.58536494
Haringey,29427,0.56390107
Haringey,29688,0.7013858
Haringey,29691,0.65617687
Haringey,29720,0.6812246
Haringey,29721,0.61813265
Haringey,29722,0.6039963
Haringey,29723,0.56281304
Haringey,29724,0.48427546
Haringey,29725,0.49033856
Haringey,29775,0.6828544
Haringey,29955,0.6576199
Haringey,30743,0.7124208
Haringey,33037,0.61781937
Haringey,33038,0.6557265
Haringey,33141,0.54869074
Haringey,33692,0.72258985
Haringey,33694,0.66723025
Haringey,33696,0.6789735
Haringey,33760,0.720963
Haringey,33971,0.694401
Haringey,34082,0.5839233
Haringey,34287,0.67715114
Haringey,34624,0.68702793
Haringey,34625,0.6154809
Haringey,34626,0.57574433
Haringey,34627,0.56851697
Haringey,34628,0.5692797
Haringey,34890,0.7550444
Haringey,3505,0.49710068
Haringey,35608,0.66061103
Haringey,35609,0.6678192
Haringey,35610,0.7312713
Haringey,35612,0.6927009
Haringey,35613,0.6801741
Haringey,35614,0.72427994
Haringey,35615,0.67359674
Haringey,35616,0.73464316
Haringey,35617,0.65252894
Haringey,35618,0.6606257
Haringey,35893,0.56590426
Haringey,35909,0.6704367
Haringey,35934,0.5543977
Haringey,35979,0.69171834
Haringey,3617,0.6764166
Haringey,36850,0.67288595
Haringey,375,0.59873444
Haringey,376,0.69858134
Haringey,4709,0.5923549
Haringey,4710,0.62002856
Haringey,4711,0.60422856
Haringey,4833,0.6679337
Haringey,4838,0.643186
Haringey,4839,0.66346014
Haringey,4840,0.61516726
Haringey,4842,0.71256685
Haringey,635,0.4333862
Haringey,6618,0.6977097
Haringey,670,0.65687275
Haringey,671,0.67126477
Haringey,70101,0.59373385
Haringey,70227,0.6939908
Haringey,70229,0.58354795
Haringey,70340,0.6913814
Haringey,70351,0.61732966
Haringey,70356,0.7193051
Haringey,759,0.65606505
Haringey,760,0.6510966
Haringey,80010,0.6406814
Haringey,802,0.7211507
Haringey,803,0.6973764
Haringey,804,0.6626359
Haringey,805,0.7039527
Haringey,9110,0.49819368
Haringey,9431,0.60539514
Haringey,9432,0.6084817
Haringey,9443,0.63357174
Haringey,9444,0.6305696
Haringey,9446,0.62796843
Haringey,958,0.69225836
Haringey,959,0.69870585
Haringey,960,0.6405261
Haringey,961,0.63622457
Haringey,962,0.62130326
Haringey,9647,0.67085075
Haringey,9863,0.62226015
Haringey,9864,0.6158788
Haringey,9869,0.6595255
Haringey,9871,0.6124174
Haringey,9872,0.6546457
Haringey,9873,0.5625278
Haringey,9874,0.60546905
Haringey,9877,0.60445625
Haringey,9964,0.6761472
Haringey,9968,0.651394
Haringey,9970,0.6698191
Haringey,9971,0.67066693
Haringey,9972,0.696539
Haringey,9973,0.6840529
Haringey,9976,0.6851489
Haringey,9977,0.68192846
Haringey,9979,0.7515678
Haringey,9980,0.75656646
Haringey,9981,0.7610807
Haringey,9982,0.67022216
Haringey,9984,0.64271796
Haringey,9985,0.60071737
Haringey,9986,0.73782223
Haringey,9988,0.69095635
Haringey,9989,0.69961035
Haringey,9990,0.65549
Haringey,9991,0.64920735
Haringey,9992,0.6792749
Haringey,9993,0.66589755
Haringey,BP083,0.5721783
Haringey,BP1011,0.65715694
Haringey,BP1062,0.68797106
Haringey,BP1794,0.7344477
Haringey,BP1795,0.7213824
Haringey,BP1985,0.6448265
Haringey,BP2074,0.67161
Haringey,BP2299,0.6855205
Haringey,BP238,0.7325669
Haringey,BP2597,0.62826335
Haringey,BP2745,0.5905172
Haringey,BP2746,0.5432385
Haringey,BP2747,0.60236496
Haringey,BP2748,0.5937543
Haringey,BP2749,0.6035885
Haringey,BP276,0.5707021
Haringey,BP277,0.5066402
Haringey,BP2778,0.6128218
Haringey,BP2831,0.69853604
Haringey,BP3088,0.551292
Haringey,BP3116,0.57591957
Haringey,BP3122,0.709337
Haringey,BP3193,0.7076825
Haringey,BP3230,0.56950134
Haringey,BP3245,0.6292471
Haringey,BP3248,0.64262825
Haringey,BP3250,0.65174425
Haringey,BP3383,0.660356
Haringey,BP3762,0.4905816
Haringey,BP3763,0.5193725
Haringey,BP3764,0.50734776
Haringey,BP3886,0.51049304
Haringey,BP3888,0.52294546
Haringey,BP4306,0.5628777
Haringey,BP4327,0.6721761
Haringey,BP4342,0.6540701
Haringey,BP4343,0.4935826
Haringey,BP4345,0.7069818
Haringey,BP4347,0.66477126
Haringey,BP4348,0.49478135
Haringey,BP4351,0.6870569
Haringey,BP4352,0.6650412
Haringey,BP4353,0.6594634
Haringey,BP4638,0.58874464
Haringey,BP4669,0.5486819
Haringey,BP5121,0.5860392
Haringey,BP5159,0.7267004
Haringey,BP5432,0.6704197
Haringey,BP5634,0.7205574
Haringey,BP5745,0.63132405
Haringey,BP5758,0.69704807
Haringey,BP5835,0.72924215
Haringey,BP5836,0.722974
Haringey,BP5936,0.688375
Haringey,BP5979,0.68898904
Haringey,BP6002,0.62284124
Haringey,BP6061,0.552704
Haringey,BP6063,0.5751922
Haringey,BP6064,0.56780714
Haringey,BP6065,0.6614747
Haringey,BP6066,0.682756
Haringey,BP6067,0.6789783
Haringey,BP6223,0.7550869
Haringey,BP6224,0.6935727
Haringey,BP6225,0.63660145
Haringey,BP6226,0.6836608
Haringey,BP6227,0.72996944
Haringey,BP6228,0.75575763
Haringey,BP6229,0.625815
Haringey,BP6231,0.57163715
Haringey,BP6232,0.6571985
Haringey,BP6233,0.6357422
Haringey,BP6234,0.6166792
Haringey,BP6242,0.56498665
Haringey,BP6361,0.64115065
Haringey,BP6362,0.6390245
Haringey,BP6363,0.64444965
Haringey,BP6364,0.6137314
Haringey,BP6365,0.58873403
Haringey,BP6366,0.5975262
Haringey,BP6367,0.59406954
Haringey,BP6368,0.61077595
Haringey,BP6369,0.5955945
Haringey,BP6370,0.6617385
Haringey,BP6371,0.6481262
Haringey,BP6372,0.63988566
Haringey,BP6373,0.6868825
Haringey,BP6374,0.71048796
Haringey,BP6375,0.7099079
Haringey,BP653,0.5775235
Haringey,BP833,0.6692523
Haringey,BP960,0.70662045
Haringey,HC119,0.61381084
Haringey,HC120,0.6602942
Haringey,HC173,0.59389365
Haringey,HC174,0.5985059
Haringey,HC175,0.71315366
Haringey,HC179,0.72261035
Haringey,HC180,0.7226974
Haringey,HC181,0.59830385
Haringey,HC252,0.60275257
Haringey,HC253,0.6316158
Haringey,HC254,0.6540758
Haringey,HC255,0.6841114
Haringey,HC256,0.62171364
Haringey,HC257,0.6982907
Haringey,HC258,0.69683015
Haringey,HC259,0.6568993
Haringey,HC260,0.6146374
Haringey,HC261,0.69016045
Haringey,HC262,0.6465358
Haringey,HC263,0.5972178
Haringey,HC264,0.6356845
Haringey,HC476,0.57489276
Haringey,HC477,0.56429005
Haringey,HC478,0.6501051
Haringey,HC479,0.6203501
Haringey,HC480,0.6057803
Haringey,HC481,0.7067154
Haringey,HC482,0.7113364
Haringey,HC483,0.6983503
Haringey,HC484,0.71339875
Haringey,HC485,0.7090883
Haringey,HC486,0.6794606
Haringey,HC487,0.70552754
Haringey,HC488,0.6644102
Haringey,HC489,0.671994
Haringey,HC490,0.7062427
Haringey,HC491,0.6629866
Haringey,HC492,0.7146798
Haringey,HC493,0.6940025
Haringey,OC639,0.64725876
Haringey,OC661,0.63443506
Haringey,OC687,0.64293474
Haringey,R0307,0.6727735
Haringey,R0722,0.61602414
Haringey,BP3765,0.7049349
Haringey,BP3887,0.6553127
Harrow,11758,0.54544216
Harrow,11759,0.54714733
Harrow,12882,0.5602516
Harrow,12883,0.5503699
Harrow,12884,0.619614
Harrow,12885,0.5737071
Harrow,13420,0.46572253
Harrow,14103,0.52318645
Harrow,14104,0.5116201
Harrow,14361,0.5312412
Harrow,14362,0.53375036
Harrow,14586,0.51638645
Harrow,14803,0.4655728
Harrow,14841,0.6656139
Harrow,14919,0.45781803
Harrow,15017,0.52499413
Harrow,15018,0.48105252
Harrow,15019,0.54293877
Harrow,15020,0.5389475
Harrow,15021,0.5237343
Harrow,15023,0.5928587
Harrow,15024,0.5132779
Harrow,15025,0.50490177
Harrow,15026,0.54094183
Harrow,15027,0.4902966
Harrow,15028,0.46361843
Harrow,15029,0.52008575
Harrow,15030,0.52174044
Harrow,15031,0.49756017
Harrow,15032,0.49883494
Harrow,15033,0.5197253
Harrow,15034,0.49824405
Harrow,15035,0.52216613
Harrow,15036,0.48726404
Harrow,15037,0.47343487
Harrow,15038,0.50192446
Harrow,15263,0.58928496
Harrow,16035,0.4573495
Harrow,16036,0.4485732
Harrow,16037,0.50851804
Harrow,16040,0.5764806
Harrow,16041,0.5313055
Harrow,16043,0.66556203
Harrow,16044,0.57814795
Harrow,16046,0.50511616
Harrow,16047,0.5538129
Harrow,16048,0.5610999
Harrow,16049,0.61499757
Harrow,16050,0.61390483
Harrow,16051,0.60311747
Harrow,16052,0.6054145
Harrow,16053,0.6036626
Harrow,16054,0.5710491
Harrow,16055,0.60447234
Harrow,16056,0.58465075
Harrow,16057,0.51398414
Harrow,16058,0.46909907
Harrow,16059,0.48857227
Harrow,16061,0.45853058
Harrow,16062,0.4339242
Harrow,16063,0.42847937
Harrow,16064,0.39293116
Harrow,16113,0.5830353
Harrow,16114,0.5653113
Harrow,16115,0.58846134
Harrow,16117,0.5209819
Harrow,16119,0.44330645
Harrow,16120,0.44398743
Harrow,16121,0.53961945
Harrow,16122,0.4561654
Harrow,16123,0.45666236
Harrow,16124,0.5057635
Harrow,16126,0.5439211
Harrow,16127,0.5412986
Harrow,16130,0.560916
Harrow,16131,0.5994655
Harrow,16132,0.54985094
Harrow,16133,0.51186883
Harrow,16134,0.51777506
Harrow,16135,0.5312817
Harrow,16136,0.57012016
Harrow,16137,0.54498756
Harrow,16138,0.52952415
Harrow,16139,0.5285931
Harrow,16397,0.46530068
Harrow,16398,0.50652003
Harrow,16399,0.5384445
Harrow,16400,0.4189797
Harrow,16401,0.3987687
Harrow,16402,0.40127656
Harrow,16403,0.42653477
Harrow,16404,0.45353445
Harrow,16405,0.47627497
Harrow,16406,0.4559489
Harrow,16407,0.40366697
Harrow,16408,0.4436238
Harrow,16409,0.46158722
Harrow,16410,0.44475558
Harrow,16411,0.48470315
Harrow,16412,0.47771183
Harrow,16413,0.49238363
Harrow,16415,0.5348372
Harrow,16416,0.47656637
Harrow,16417,0.5272217
Harrow,16418,0.5478366
Harrow,16419,0.54760015
Harrow,16420,0.48330867
Harrow,16421,0.47276798
Harrow,16422,0.5164175
Harrow,16423,0.5196057
Harrow,16425,0.49594083
Harrow,16596,0.56061065
Harrow,16597,0.6194986
Harrow,16974,0.49407414
Harrow,16976,0.46147653
Harrow,17081,0.47642672
Harrow,17082,0.48088965
Harrow,17083,0.4359647
Harrow,17084,0.43563172
Harrow,17085,0.514649
Harrow,17086,0.51429737
Harrow,17087,0.5147928
Harrow,17088,0.5143737
Harrow,17089,0.53873324
Harrow,17090,0.5538359
Harrow,17091,0.5174514
Harrow,17118,0.6199827
Harrow,17175,0.51322395
Harrow,17177,0.51561326
Harrow,17179,0.5537493
Harrow,17181,0.56166244
Harrow,17182,0.58272463
Harrow,17183,0.58498305
Harrow,17184,0.5866966
Harrow,17185,0.5894621
Harrow,17186,0.5879907
Harrow,17187,0.5856333
Harrow,17188,0.5766899
Harrow,17189,0.5756451
Harrow,17190,0.49446344
Harrow,17191,0.4925431
Harrow,17193,0.46176735
Harrow,17194,0.45330778
Harrow,17195,0.52087
Harrow,17196,0.52157164
Harrow,17197,0.50008315
Harrow,17198,0.48620784
Harrow,17474,0.4616235
Harrow,1756,0.54422754
Harrow,17663,0.5391822
Harrow,18453,0.519711
Harrow,18455,0.5184419
Harrow,18459,0.5815677
Harrow,18460,0.6004733
Harrow,18462,0.5588508
Harrow,18910,0.5270337
Harrow,19221,0.51215464
Harrow,19223,0.39371413
Harrow,19224,0.4309703
Harrow,19225,0.33431625
Harrow,19226,0.34503725
Harrow,19227,0.35626814
Harrow,20041,0.505016
Harrow,20436,0.51644963
Harrow,20536,0.5801894
Harrow,20958,0.59518284
Harrow,24330,0.57914084
Harrow,25193,0.50787187
Harrow,25194,0.56158364
Harrow,2534,0.56663954
Harrow,25453,0.5014469
Harrow,26388,0.5189286
Harrow,26389,0.53143895
Harrow,26390,0.52844733
Harrow,26392,0.45471442
Harrow,26393,0.5078106
Harrow,26394,0.50635403
Harrow,26395,0.49940917
Harrow,26396,0.4335751
Harrow,26397,0.4788463
Harrow,26398,0.5122662
Harrow,26399,0.5267306
Harrow,26412,0.5190146
Harrow,26413,0.50255924
Harrow,26455,0.5474253
Harrow,26456,0.54246247
Harrow,26457,0.54829293
Harrow,26458,0.5198282
Harrow,26459,0.5203784
Harrow,26460,0.5172709
Harrow,26461,0.45915738
Harrow,26462,0.53975385
Harrow,26463,0.580521
Harrow,26464,0.5772177
Harrow,26471,0.5277036
Harrow,26472,0.55555815
Harrow,26473,0.52200925
Harrow,26524,0.48807865
Harrow,26527,0.53451496
Harrow,26528,0.53216606
Harrow,26529,0.54630524
Harrow,26530,0.58444786
Harrow,26531,0.5430658
Harrow,26532,0.5851482
Harrow,26533,0.4629091
Harrow,26534,0.47765067
Harrow,26535,0.54459846
Harrow,26983,0.45845246
Harrow,26984,0.4558258
Harrow,26988,0.42851615
Harrow,26989,0.40001723
Harrow,27498,0.5823674
Harrow,27499,0.529237
Harrow,27500,0.53312397
Harrow,27501,0.5207844
Harrow,27502,0.5244764
Harrow,27503,0.5151549
Harrow,27504,0.5151352
Harrow,27505,0.5972178
Harrow,27506,0.624851
Harrow,27507,0.599584
Harrow,27508,0.58779514
Harrow,27560,0.5129492
Harrow,27561,0.42026263
Harrow,27645,0.54637104
Harrow,27646,0.54534256
Harrow,27820,0.5757792
Harrow,29073,0.54745686
Harrow,29074,0.56310004
Harrow,29075,0.51900417
Harrow,29076,0.53583986
Harrow,29077,0.5265826
Harrow,29078,0.55527323
Harrow,29079,0.55603826
Harrow,29080,0.5586409
Harrow,29083,0.5276854
Harrow,29084,0.55419904
Harrow,29293,0.5074838
Harrow,29326,0.49480212
Harrow,29369,0.47813433
Harrow,29497,0.5441762
Harrow,29498,0.54551893
Harrow,29611,0.509406
Harrow,29842,0.47993624
Harrow,2987,0.5099874
Harrow,2989,0.5345516
Harrow,29948,0.5234015
Harrow,29949,0.5326849
Harrow,29950,0.533635
Harrow,29951,0.5088944
Harrow,29952,0.50488985
Harrow,29953,0.4586808
Harrow,30496,0.55284184
Harrow,33024,0.528926
Harrow,33026,0.60865736
Harrow,33028,0.61149967
Harrow,33534,0.5617022
Harrow,33535,0.5187181
Harrow,33536,0.51907295
Harrow,33537,0.5195908
Harrow,33538,0.5233661
Harrow,33539,0.51253545
Harrow,33542,0.56119084
Harrow,33570,0.5093871
Harrow,33571,0.49026415
Harrow,34000,0.6065902
Harrow,34001,0.5820655
Harrow,34002,0.5048532
Harrow,34003,0.51342195
Harrow,34004,0.5274322
Harrow,34005,0.61333895
Harrow,34056,0.5113935
Harrow,34057,0.5168707
Harrow,34058,0.536288
Harrow,34087,0.5322933
Harrow,34328,0.5555348
Harrow,34522,0.44943866
Harrow,34523,0.51655024
Harrow,34975,0.51402575
Harrow,3558,0.4932507
Harrow,3559,0.49306867
Harrow,35683,0.43532512
Harrow,35684,0.42565104
Harrow,35688,0.5773285
Harrow,36663,0.5477591
Harrow,37242,0.50048935
Harrow,37243,0.47731125
Harrow,37291,0.4099725
Harrow,37292,0.5108628
Harrow,37309,0.49006778
Harrow,37312,0.573176
Harrow,37314,0.66090333
Harrow,37920,0.44871324
Harrow,4543,0.45312768
Harrow,4546,0.5831695
Harrow,4547,0.5849151
Harrow,4550,0.46709698
Harrow,4551,0.46896964
Harrow,4691,0.558379
Harrow,4880,0.36931416
Harrow,6070,0.4690119
Harrow,70117,0.49616453
Harrow,70224,0.56043094
Harrow,70225,0.5273078
Harrow,70226,0.52653563
Harrow,7500,0.5594009
Harrow,7501,0.49240613
Harrow,7502,0.49198478
Harrow,7503,0.4954955
Harrow,7504,0.42544562
Harrow,9111,0.5050414
Harrow,9112,0.5604287
Harrow,9441,0.49402002
Harrow,9442,0.4938116
Harrow,BP1007,0.50567406
Harrow,BP101,0.46138883
Harrow,BP137,0.5834327
Harrow,BP1395,0.60307705
Harrow,BP146,0.4738494
Harrow,BP1495,0.5839521
Harrow,BP1769,0.5308599
Harrow,BP1770,0.49065495
Harrow,BP1771,0.5402225
Harrow,BP1772,0.48939592
Harrow,BP1773,0.53619283
Harrow,BP1774,0.49448934
Harrow,BP1775,0.49524838
Harrow,BP1784,0.47232333
Harrow,BP1945,0.58598065
Harrow,BP1983,0.5379562
Harrow,BP1984,0.54370314
Harrow,BP2378,0.4796554
Harrow,BP2751,0.52442867
Harrow,BP2791,0.5085781
Harrow,BP2863,0.42858043
Harrow,BP2864,0.42734945
Harrow,BP2927,0.58592373
Harrow,BP2928,0.5826157
Harrow,BP2929,0.5614507
Harrow,BP2930,0.562127
Harrow,BP2931,0.53195906
Harrow,BP2932,0.53513014
Harrow,BP2933,0.57528466
Harrow,BP2934,0.5669013
Harrow,BP2935,0.60572886
Harrow,BP2936,0.60285586
Harrow,BP2937,0.50596106
Harrow,BP2938,0.49740577
Harrow,BP2939,0.55941343
Harrow,BP2940,0.5573154
Harrow,BP2941,0.54946184
Harrow,BP3036,0.5242867
Harrow,BP3037,0.524107
Harrow,BP3073,0.5566807
Harrow,BP3117,0.509595
Harrow,BP3119,0.5114406
Harrow,BP3443,0.50813776
Harrow,BP3444,0.51176494
Harrow,BP3497,0.6666392
Harrow,BP397,0.5218594
Harrow,BP398,0.5242562
Harrow,BP399,0.55153644
Harrow,BP400,0.5641777
Harrow,BP409,0.513765
Harrow,BP410,0.510129
Harrow,BP411,0.5662647
Harrow,BP4190,0.5868966
Harrow,BP4330,0.5134635
Harrow,BP4379,0.61675817
Harrow,BP4507,0.51406574
Harrow,BP452,0.4774383
Harrow,BP453,0.5476836
Harrow,BP454,0.48209804
Harrow,BP455,0.5419889
Harrow,BP5513,0.37638584
Harrow,BP5590,0.6677129
Harrow,BP5592,0.5176107
Harrow,BP5820,0.5621739
Harrow,BP5899,0.68204004
Harrow,BP591,0.5510193
Harrow,BP6390,0.5278837
Harrow,BP6417,0.5384498
Harrow,BP721,0.60126936
Harrow,BP722,0.5989039
Harrow,BP893,0.59536934
Harrow,CW13,0.6141736
Harrow,CW14,0.61350125
Harrow,HC198,0.57796973
Harrow,HC199,0.44010273
Harrow,HC200,0.49727905
Harrow,HC207,0.47749612
Harrow,HC208,0.58246434
Harrow,HC209,0.57987267
Harrow,HC588,0.56571573
Harrow,HC589,0.554294
Harrow,HC590,0.5294285
Harrow,HC591,0.51374775
Harrow,HC592,0.5096026
Harrow,HC593,0.5067132
Harrow,HC594,0.50533736
Harrow,HC595,0.5110076
Harrow,HC596,0.5320861
Harrow,HC597,0.532937
Harrow,HC598,0.5257076
Harrow,HC599,0.46472058
Harrow,HC600,0.43676713
Harrow,HC601,0.42513236
Harrow,HC602,0.43052796
Harrow,M1,0.5794771
Harrow,M18,0.4937561
Harrow,M19,0.49688727
Harrow,M2,0.57618046
Harrow,M3,0.5574698
Harrow,M4,0.55811256
Harrow,M47,0.4169753
Harrow,M6,0.5637985
Harrow,OC468,0.43349192
Harrow,OC469,0.41329756
Harrow,R0189,0.6178645
Harrow,R0327,0.56262285
Harrow,R0370,0.52672577
Harrow,R0491,0.49559292
Harrow,R0545,0.5719411
Harrow,14931,0.5171581
Harrow,16414,0.54756045
Harrow,BP447,0.47842816
Harrow,BP448,0.53566015
Harrow,BP449,0.55837685
Harrow,BP450,0.46344098
Harrow,BP451,0.5362058
Harrow,BP456,0.537188
Harrow,BP5591,0.5418913
Havering,11118,0.56364566
Havering,11119,0.5582054
Havering,1238,0.56326276
Havering,12904,0.5139964
Havering,12905,0.5169281
Havering,14388,0.5397327
Havering,14662,0.5505182
Havering,14663,0.55725604
Havering,14696,0.5127009
Havering,18028,0.5316191
Havering,18029,0.53242433
Havering,18031,0.52190995
Havering,18032,0.5502499
Havering,18033,0.61985016
Havering,18034,0.60639834
Havering,18036,0.5518066
Havering,18037,0.5504788
Havering,18038,0.5547332
Havering,18039,0.57339615
Havering,18040,0.59504277
Havering,18041,0.6007812
Havering,18244,0.48109776
Havering,18245,0.4655956
Havering,18246,0.43030083
Havering,18247,0.5181779
Havering,18248,0.53400314
Havering,18249,0.61464983
Havering,18250,0.6269627
Havering,18251,0.6407094
Havering,18252,0.6351246
Havering,18253,0.55614185
Havering,18255,0.55622077
Havering,18256,0.6051682
Havering,18257,0.67199576
Havering,18258,0.67280996
Havering,18259,0.6002151
Havering,18260,0.55649865
Havering,18261,0.51107234
Havering,18263,0.5386767
Havering,18264,0.55351585
Havering,18265,0.46007425
Havering,18266,0.48266357
Havering,18267,0.5066559
Havering,18268,0.5212804
Havering,18269,0.57555085
Havering,18280,0.5382203
Havering,18281,0.53841734
Havering,18282,0.5020809
Havering,18283,0.5679513
Havering,18284,0.5803828
Havering,18285,0.5790926
Havering,18286,0.507681
Havering,18287,0.5123911
Havering,18289,0.52694577
Havering,18292,0.6053876
Havering,18293,0.59601974
Havering,18294,0.59546995
Havering,18295,0.5870003
Havering,18316,0.5720137
Havering,18317,0.5715066
Havering,18318,0.5545629
Havering,18347,0.63247937
Havering,18348,0.62066615
Havering,18349,0.605346
Havering,18350,0.59504145
Havering,18353,0.48535118
Havering,18354,0.48256844
Havering,18355,0.52656835
Havering,18356,0.5278711
Havering,18357,0.5557967
Havering,18358,0.59631014
Havering,18359,0.53157485
Havering,18360,0.5291963
Havering,18362,0.52313673
Havering,18363,0.5340757
Havering,18364,0.54384893
Havering,18365,0.60345495
Havering,18372,0.545256
Havering,18374,0.6259117
Havering,18375,0.5289456
Havering,18376,0.57181925
Havering,18377,0.5729538
Havering,18378,0.579984
Havering,18379,0.57757914
Havering,18380,0.5330632
Havering,18381,0.5304673
Havering,18382,0.5121476
Havering,18383,0.5104846
Havering,18384,0.489932
Havering,18385,0.45602196
Havering,18386,0.544804
Havering,18387,0.54126275
Havering,18388,0.52593553
Havering,18389,0.5222732
Havering,18397,0.5518473
Havering,18398,0.50685674
Havering,18399,0.5353871
Havering,18400,0.5152864
Havering,18401,0.56016326
Havering,18402,0.5603188
Havering,18403,0.5802388
Havering,18404,0.5812895
Havering,18405,0.59565425
Havering,18406,0.57126635
Havering,18407,0.53646964
Havering,18408,0.5421402
Havering,18409,0.5331135
Havering,18410,0.53448355
Havering,18411,0.6508417
Havering,18412,0.6035598
Havering,18413,0.6201564
Havering,18414,0.6209931
Havering,18415,0.513872
Havering,18416,0.5007046
Havering,18417,0.5587838
Havering,18418,0.5605018
Havering,18419,0.52079695
Havering,18420,0.5593627
Havering,18421,0.4992879
Havering,18422,0.5272768
Havering,18423,0.5430758
Havering,18424,0.5326012
Havering,18425,0.52332246
Havering,18426,0.5425866
Havering,18427,0.53763914
Havering,18428,0.53426695
Havering,18429,0.5613462
Havering,18430,0.5338597
Havering,18431,0.55801713
Havering,18432,0.5885377
Havering,18441,0.4941523
Havering,18442,0.48479927
Havering,18443,0.48555672
Havering,18444,0.48863977
Havering,18445,0.4825856
Havering,18446,0.48001644
Havering,18447,0.40715852
Havering,18448,0.40209243
Havering,18449,0.47937214
Havering,18450,0.496979
Havering,18451,0.5306278
Havering,18452,0.5309603
Havering,18468,0.4789629
Havering,18469,0.5447094
Havering,18470,0.54460406
Havering,18477,0.5498055
Havering,18478,0.5331192
Havering,18480,0.52527845
Havering,18481,0.5519628
Havering,18482,0.5442598
Havering,18483,0.5143593
Havering,18484,0.53220445
Havering,18485,0.55829495
Havering,18486,0.5691827
Havering,18487,0.60259587
Havering,18488,0.59603906
Havering,18489,0.53015083
Havering,18490,0.56745714
Havering,18491,0.5461047
Havering,18492,0.5827862
Havering,18493,0.5229855
Havering,18494,0.5551285
Havering,18495,0.56161577
Havering,18498,0.5868805
Havering,18499,0.6146784
Havering,18500,0.6133218
Havering,18501,0.5990383
Havering,18502,0.63492084
Havering,18503,0.6355083
Havering,19265,0.6445669
Havering,19266,0.6239022
Havering,19267,0.55057955
Havering,19268,0.54568666
Havering,19870,0.510701
Havering,19871,0.5102721
Havering,19872,0.5157395
Havering,19873,0.5195194
Havering,19874,0.49469998
Havering,19875,0.49840763
Havering,19876,0.51710355
Havering,19877,0.51039326
Havering,19878,0.5287071
Havering,19879,0.52694434
Havering,20056,0.5177025
Havering,20058,0.48152375
Havering,20059,0.46808097
Havering,20060,0.5138601
Havering,20061,0.5481185
Havering,20062,0.54798824
Havering,20063,0.58520204
Havering,20064,0.5850081
Havering,20065,0.53938705
Havering,20066,0.55915725
Havering,20067,0.5545175
Havering,20068,0.5450084
Havering,20069,0.5450707
Havering,20070,0.50736
Havering,20071,0.48979414
Havering,20073,0.51414746
Havering,20074,0.51465833
Havering,20076,0.5641176
Havering,20077,0.55679
Havering,20078,0.61623514
Havering,20079,0.61673284
Havering,20080,0.6187075
Havering,20081,0.61353964
Havering,20082,0.59256494
Havering,20084,0.52164847
Havering,20345,0.58179754
Havering,20361,0.5714477
Havering,20362,0.58954877
Havering,20420,0.52492005
Havering,20421,0.52285606
Havering,20422,0.49696875
Havering,20423,0.4934344
Havering,20479,0.3562503
Havering,20511,0.51413697
Havering,20512,0.54403675
Havering,20517,0.5540905
Havering,20545,0.56657296
Havering,20546,0.56456184
Havering,20575,0.5372773
Havering,20647,0.5657991
Havering,20648,0.56482726
Havering,20718,0.60592717
Havering,20806,0.4523103
Havering,20807,0.45136756
Havering,20989,0.48973224
Havering,20990,0.48868772
Havering,2245,0.50474423
Havering,23186,0.49800712
Havering,2491,0.56796575
Havering,2492,0.517806
Havering,25108,0.66205746
Havering,25109,0.65992475
Havering,25138,0.5330681
Havering,25139,0.5584611
Havering,25140,0.5096616
Havering,25141,0.5291645
Havering,25153,0.5013876
Havering,25154,0.49930632
Havering,25233,0.6012166
Havering,25234,0.5735485
Havering,25235,0.7444678
Havering,25236,0.697369
Havering,25237,0.7303975
Havering,25238,0.7367716
Havering,25239,0.6445517
Havering,25240,0.7109765
Havering,25241,0.6513581
Havering,25242,0.65298545
Havering,25470,0.6273682
Havering,25471,0.63024133
Havering,25615,0.6042254
Havering,25616,0.5824026
Havering,25617,0.51520306
Havering,25618,0.5180712
Havering,25619,0.53629625
Havering,25620,0.5235546
Havering,25625,0.61921245
Havering,25626,0.61975807
Havering,25707,0.50896215
Havering,25708,0.50360787
Havering,26178,0.5913129
Havering,26179,0.6078022
Havering,26180,0.6908318
Havering,26181,0.6327218
Havering,26182,0.70722073
Havering,26183,0.70273817
Havering,26506,0.5514632
Havering,26507,0.5533921
Havering,26508,0.53877455
Havering,26509,0.54312056
Havering,26510,0.51825833
Havering,26511,0.52550817
Havering,26546,0.50842434
Havering,26547,0.5152008
Havering,26548,0.4618363
Havering,26549,0.46231824
Havering,26550,0.49921256
Havering,26551,0.52056664
Havering,26554,0.45929667
Havering,26555,0.45752543
Havering,26556,0.49162644
Havering,26557,0.4584566
Havering,26558,0.503792
Havering,26559,0.5311363
Havering,26560,0.5161338
Havering,2660,0.576854
Havering,26792,0.53371036
Havering,26793,0.50512093
Havering,26794,0.5263956
Havering,26795,0.5037215
Havering,26797,0.56062055
Havering,26798,0.55168056
Havering,26799,0.5360576
Havering,26800,0.57273406
Havering,26801,0.52565885
Havering,26802,0.6221198
Havering,26803,0.50211716
Havering,26804,0.50776184
Havering,26805,0.51120454
Havering,26806,0.51152486
Havering,26807,0.51177573
Havering,26808,0.5136653
Havering,26809,0.5137864
Havering,26810,0.576598
Havering,26811,0.52002954
Havering,26813,0.4941051
Havering,27463,0.54901725
Havering,27464,0.5382022
Havering,27465,0.5575961
Havering,27466,0.55487275
Havering,27467,0.50613934
Havering,27468,0.5052552
Havering,27469,0.50095266
Havering,27470,0.5130232
Havering,27471,0.5312585
Havering,27472,0.51463366
Havering,27480,0.52510107
Havering,27481,0.5562804
Havering,27680,0.61413443
Havering,27707,0.52954906
Havering,27876,0.56683475
Havering,27877,0.5643626
Havering,27917,0.5165133
Havering,27918,0.52231276
Havering,27919,0.49321693
Havering,27920,0.5217121
Havering,27921,0.5615559
Havering,27922,0.5449969
Havering,27923,0.5325205
Havering,27998,0.5452051
Havering,27999,0.5595596
Havering,29000,0.5180996
Havering,29001,0.5332963
Havering,29002,0.5347907
Havering,29003,0.5079197
Havering,29006,0.52561384
Havering,29007,0.5375092
Havering,29105,0.566902
Havering,29106,0.54143685
Havering,29107,0.5352389
Havering,29108,0.60662997
Havering,29109,0.633161
Havering,29110,0.5950071
Havering,29111,0.57776636
Havering,29112,0.6327417
Havering,29113,0.6093747
Havering,29114,0.6014061
Havering,29146,0.63512254
Havering,29163,0.6006954
Havering,29165,0.5365594
Havering,29166,0.5654222
Havering,29167,0.5292332
Havering,29168,0.5298567
Havering,29169,0.55064327
Havering,29170,0.5509137
Havering,29184,0.63224083
Havering,29200,0.5694791
Havering,29201,0.5637428
Havering,29202,0.5608029
Havering,29203,0.5873888
Havering,29204,0.5865773
Havering,29205,0.5867924
Havering,29331,0.5398639
Havering,29332,0.499096
Havering,29333,0.53142124
Havering,29335,0.4646795
Havering,29336,0.4613614
Havering,29337,0.47464597
Havering,29338,0.4754772
Havering,29339,0.4293219
Havering,29340,0.4348327
Havering,29394,0.57780945
Havering,29395,0.5787812
Havering,29408,0.47965235
Havering,29409,0.51176697
Havering,29460,0.59892017
Havering,29523,0.55710846
Havering,29524,0.5534321
Havering,29525,0.5782974
Havering,29526,0.57061017
Havering,29527,0.5937451
Havering,29528,0.57695615
Havering,29529,0.61184895
Havering,29906,0.4955437
Havering,29926,0.51371914
Havering,3296,0.5770741
Havering,33110,0.47631434
Havering,33111,0.53029066
Havering,3312,0.5499228
Havering,3318,0.5765872
Havering,33381,0.5095479
Havering,33791,0.5251186
Havering,33792,0.52556956
Havering,33793,0.45787385
Havering,33794,0.46074823
Havering,33795,0.4775666
Havering,33796,0.5036862
Havering,33997,0.4473282
Havering,34092,0.40890154
Havering,34094,0.41654134
Havering,34112,0.49821326
Havering,34113,0.4526442
Havering,34115,0.42366657
Havering,34116,0.49945766
Havering,34118,0.49346542
Havering,34119,0.4658926
Havering,34120,0.49844074
Havering,34121,0.4686306
Havering,34130,0.58011067
Havering,34131,0.57963616
Havering,34132,0.54446524
Havering,34133,0.509983
Havering,34134,0.49522206
Havering,34135,0.49158505
Havering,34137,0.53205633
Havering,34138,0.5393639
Havering,34141,0.4399448
Havering,34161,0.55092347
Havering,34162,0.51970965
Havering,34163,0.520292
Havering,34164,0.5534167
Havering,34165,0.5264704
Havering,34546,0.5243612
Havering,34616,0.6112753
Havering,34617,0.5899989
Havering,34620,0.5456011
Havering,34621,0.5857837
Havering,34622,0.5702305
Havering,34753,0.5424631
Havering,34778,0.58558387
Havering,34978,0.487929
Havering,34979,0.53941613
Havering,34980,0.554557
Havering,34981,0.5823569
Havering,34982,0.595363
Havering,35321,0.5736535
Havering,35322,0.5793839
Havering,35323,0.62001336
Havering,35325,0.59544873
Havering,3538,0.53287095
Havering,3539,0.49549088
Havering,35397,0.5269183
Havering,35399,0.5856337
Havering,35400,0.57029015
Havering,35401,0.54114914
Havering,3541,0.509479
Havering,35411,0.49636722
Havering,35412,0.5011504
Havering,35413,0.5006185
Havering,35414,0.46933666
Havering,35415,0.4904967
Havering,35418,0.5043559
Havering,35419,0.51046973
Havering,3542,0.5940128
Havering,35935,0.5714932
Havering,36324,0.63616914
Havering,36501,0.60931253
Havering,36502,0.6098395
Havering,36503,0.6355352
Havering,36505,0.61664826
Havering,36506,0.6215196
Havering,36543,0.6447077
Havering,36544,0.63208836
Havering,36545,0.6435295
Havering,36546,0.639418
Havering,36547,0.63137466
Havering,36548,0.64662915
Havering,36615,0.6032319
Havering,36643,0.55580187
Havering,36644,0.50653595
Havering,36733,0.52348065
Havering,36734,0.54341507
Havering,37088,0.59776735
Havering,37089,0.5986812
Havering,37093,0.5450166
Havering,37094,0.51992726
Havering,37095,0.5263696
Havering,37096,0.51163614
Havering,37097,0.50085366
Havering,37098,0.5537697
Havering,37099,0.52590245
Havering,37100,0.5296963
Havering,37101,0.5709898
Havering,37102,0.48221666
Havering,37103,0.5847919
Havering,37151,0.58797795
Havering,37152,0.5277079
Havering,37192,0.5544193
Havering,4346,0.52616763
Havering,4347,0.5240151
Havering,4348,0.49218974
Havering,4350,0.42503822
Havering,5861,0.4335421
Havering,5863,0.48407045
Havering,5868,0.4978822
Havering,7360,0.48216033
Havering,7361,0.48154327
Havering,8509,0.5313059
Havering,8510,0.5098133
Havering,8511,0.53122514
Havering,8517,0.51138484
Havering,8522,0.4973557
Havering,8523,0.5336525
Havering,8524,0.5565685
Havering,8525,0.5624644
Havering,8527,0.43930793
Havering,8528,0.4372588
Havering,8531,0.57041687
Havering,8996,0.5313389
Havering,8997,0.57844114
Havering,8998,0.57467943
Havering,8999,0.5595451
Havering,9000,0.5417416
Havering,9002,0.49132076
Havering,9003,0.53443885
Havering,9007,0.5867447
Havering,9239,0.5512591
Havering,9240,0.5551961
Havering,9755,0.5073449
Havering,9756,0.45220786
Havering,9757,0.48147273
Havering,9766,0.5829575
Havering,9767,0.5986639
Havering,9768,0.45246223
Havering,9771,0.47364637
Havering,9772,0.50461185
Havering,9773,0.4950346
Havering,BP1204,0.5287434
Havering,BP1358,0.5852426
Havering,BP148,0.4806483
Havering,BP1588,0.5854084
Havering,BP1789,0.5622603
Havering,BP1918,0.66403013
Havering,BP2176,0.5272974
Havering,BP2177,0.6312224
Havering,BP2178,0.5248341
Havering,BP2179,0.4976804
Havering,BP2180,0.5236624
Havering,BP2181,0.5856849
Havering,BP2182,0.63702065
Havering,BP2272,0.4084129
Havering,BP2379,0.60184807
Havering,BP240,0.47923094
Havering,BP2758,0.56686777
Havering,BP2906,0.5706721
Havering,BP2907,0.61329085
Havering,BP2908,0.63701296
Havering,BP2909,0.6299696
Havering,BP2910,0.57848704
Havering,BP2911,0.5678578
Havering,BP2912,0.5335014
Havering,BP2913,0.5425519
Havering,BP2914,0.5839535
Havering,BP2915,0.58483166
Havering,BP2916,0.59091944
Havering,BP2917,0.5921045
Havering,BP2918,0.6003092
Havering,BP2920,0.6280884
Havering,BP2921,0.5339181
Havering,BP2922,0.5292216
Havering,BP2967,0.50764537
Havering,BP2993,0.5132139
Havering,BP2994,0.51294446
Havering,BP3184,0.5524947
Havering,BP3205,0.5095564
Havering,BP3482,0.52979934
Havering,BP3528,0.5548888
Havering,BP3529,0.5437296
Havering,BP3544,0.6583825
Havering,BP3545,0.66765475
Havering,BP3551,0.50867236
Havering,BP394,0.3733812
Havering,BP4042,0.72242385
Havering,BP4043,0.7224326
Havering,BP4067,0.6268899
Havering,BP4068,0.5927904
Havering,BP4069,0.59217995
Havering,BP4070,0.6357959
Havering,BP4227,0.47952923
Havering,BP4250,0.6727669
Havering,BP4251,0.6835065
Havering,BP4252,0.54416144
Havering,BP4284,0.5573988
Havering,BP4285,0.5559557
Havering,BP4370,0.5438084
Havering,BP4371,0.6665235
Havering,BP4432,0.5604969
Havering,BP4494,0.7311647
Havering,BP4495,0.7333571
Havering,BP4549,0.49152318
Havering,BP4550,0.47383028
Havering,BP4552,0.51778597
Havering,BP4553,0.55043525
Havering,BP4562,0.5153329
Havering,BP4668,0.53516144
Havering,BP4873,0.46971792
Havering,BP4965,0.48814252
Havering,BP5061,0.534649
Havering,BP5271,0.49062258
Havering,BP5272,0.5726995
Havering,BP5441,0.6033252
Havering,BP5723,0.3885937
Havering,BP5724,0.40357187
Havering,BP5750,0.38678148
Havering,BP5996,0.57010585
Havering,BP6021,0.579491
Havering,BP6051,0.6289627
Havering,BP6075,0.5717712
Havering,BP6076,0.5705558
Havering,BP6107,0.58695424
Havering,BP616,0.6507895
Havering,BP776,0.34177113
Havering,BP935,0.52849084
Havering,FC05,0.45134786
Havering,FC54,0.5111645
Havering,FC73,0.4601244
Havering,HC121,0.5531549
Havering,HC122,0.58742344
Havering,HC123,0.5798283
Havering,HC124,0.5648129
Havering,HC279,0.5379777
Havering,HC280,0.5937998
Havering,HC281,0.62036985
Havering,HC282,0.58283645
Havering,HC283,0.5602218
Havering,HC284,0.5268142
Havering,HC285,0.5260614
Havering,HC286,0.53609854
Havering,HC287,0.5388459
Havering,HC288,0.52281845
Havering,HC289,0.6179673
Havering,HC290,0.63143283
Havering,HC291,0.6124678
Havering,HC292,0.5141349
Havering,HC293,0.50392103
Havering,HC632,0.6061006
Havering,HC633,0.50581735
Havering,HC754,0.52033955
Havering,HC755,0.5792151
Havering,HC756,0.5359797
Havering,HC757,0.5391505
Havering,HC758,0.6495435
Havering,HC759,0.5457892
Havering,HC760,0.5621567
Havering,HC763,0.6433806
Havering,HC768,0.55745965
Havering,HC769,0.5549726
Havering,HC770,0.5660945
Havering,HC771,0.58276
Havering,LE135,0.47233388
Havering,LE175,0.49091297
Havering,LE176,0.4813698
Havering,LE177,0.50545216
Havering,LE178,0.5105485
Havering,LE179,0.47561154
Havering,LE180,0.5293806
Havering,LE181,0.50951564
Havering,LE182,0.42808634
Havering,OC419,0.60794616
Havering,OC600,0.6083034
Havering,OC609,0.59301
Havering,OC610,0.55620325
Havering,OC812,0.5385488
Havering,OC813,0.5565534
Havering,R0074,0.54051673
Havering,R0106,0.5614568
Havering,R0308,0.51084656
Havering,R0337,0.5309152
Havering,R0500,0.5724846
Havering,R0591,0.47853896
Havering,R0656,0.47261807
Havering,R0680,0.48873794
Havering,R0681,0.50189334
Havering,R0760,0.4857334
Havering,R0782,0.63016737
Havering,R0906,0.545875
Havering,18351,0.55525434
Havering,18352,0.5571843
Havering,26796,0.5423354
Havering,9008,0.5925331
Havering,BP2183,0.5869921
Havering,BP2184,0.55122197
Havering,BP3510,0.526177
Havering,HC761,0.56426644
Havering,HC762,0.56980455
Havering,HC765,0.5735252
Havering,HC766,0.5617018
Havering,HC767,0.5731018
Hillingdon,10258,0.43097922
Hillingdon,10460,0.45764145
Hillingdon,10462,0.48961866
Hillingdon,11093,0.3783321
Hillingdon,11094,0.33462003
Hillingdon,11097,0.3606987
Hillingdon,11098,0.36139613
Hillingdon,11352,0.43853748
Hillingdon,12183,0.33136863
Hillingdon,13550,0.44879267
Hillingdon,13551,0.4493527
Hillingdon,14113,0.3815161
Hillingdon,14725,0.4896427
Hillingdon,14854,0.5236958
Hillingdon,14855,0.5240523
Hillingdon,14856,0.40886736
Hillingdon,14857,0.4089648
Hillingdon,14858,0.48838088
Hillingdon,14859,0.34703773
Hillingdon,14860,0.31945857
Hillingdon,14861,0.46349373
Hillingdon,14864,0.45566443
Hillingdon,14865,0.44100994
Hillingdon,15264,0.4544985
Hillingdon,15266,0.49624383
Hillingdon,15267,0.51723254
Hillingdon,15268,0.5709395
Hillingdon,15269,0.5447041
Hillingdon,15270,0.5423509
Hillingdon,15271,0.49447045
Hillingdon,15272,0.548153
Hillingdon,15273,0.53518313
Hillingdon,15274,0.50551265
Hillingdon,15275,0.51586074
Hillingdon,15761,0.49043435
Hillingdon,15762,0.46158686
Hillingdon,15763,0.46910548
Hillingdon,15764,0.4586442
Hillingdon,15765,0.43368483
Hillingdon,15766,0.43917137
Hillingdon,15767,0.5095822
Hillingdon,15768,0.48474416
Hillingdon,15769,0.48176533
Hillingdon,15770,0.4743283
Hillingdon,15771,0.47024992
Hillingdon,15772,0.5161231
Hillingdon,15773,0.5197926
Hillingdon,15774,0.51518077
Hillingdon,15781,0.51963896
Hillingdon,15782,0.51898706
Hillingdon,15910,0.5401388
Hillingdon,15911,0.5298091
Hillingdon,15973,0.49417844
Hillingdon,15975,0.555305
Hillingdon,16152,0.5143404
Hillingdon,16154,0.49258804
Hillingdon,16155,0.42793134
Hillingdon,16156,0.44812167
Hillingdon,16157,0.48424694
Hillingdon,16158,0.48821706
Hillingdon,16165,0.45720226
Hillingdon,16166,0.44209886
Hillingdon,16167,0.44016886
Hillingdon,16168,0.52695185
Hillingdon,16169,0.5140369
Hillingdon,16170,0.45463994
Hillingdon,16172,0.45646277
Hillingdon,16289,0.50204426
Hillingdon,16290,0.47939083
Hillingdon,16291,0.500234
Hillingdon,16292,0.48568425
Hillingdon,16293,0.48766533
Hillingdon,16294,0.48338643
Hillingdon,16295,0.47123352
Hillingdon,16296,0.3893393
Hillingdon,16297,0.4047429
Hillingdon,16300,0.39602023
Hillingdon,16301,0.39662334
Hillingdon,16306,0.36191997
Hillingdon,16307,0.39892343
Hillingdon,16308,0.5021252
Hillingdon,16309,0.5016812
Hillingdon,16316,0.52287316
Hillingdon,16320,0.48983577
Hillingdon,16321,0.5017097
Hillingdon,16322,0.4581241
Hillingdon,16323,0.466155
Hillingdon,16325,0.43062538
Hillingdon,16326,0.43874666
Hillingdon,16327,0.44220874
Hillingdon,16329,0.42893407
Hillingdon,16330,0.39396188
Hillingdon,16355,0.47305736
Hillingdon,16356,0.49828127
Hillingdon,16357,0.424226
Hillingdon,16358,0.42164537
Hillingdon,16359,0.45017067
Hillingdon,16360,0.41863245
Hillingdon,16361,0.40589607
Hillingdon,16362,0.40126133
Hillingdon,16363,0.3345748
Hillingdon,16364,0.3428473
Hillingdon,16365,0.3300267
Hillingdon,16366,0.3256279
Hillingdon,16367,0.41935885
Hillingdon,16368,0.41869873
Hillingdon,16369,0.41235447
Hillingdon,16370,0.41300714
Hillingdon,16371,0.40006664
Hillingdon,16372,0.39884415
Hillingdon,16374,0.31064937
Hillingdon,16375,0.31468222
Hillingdon,16376,0.3170628
Hillingdon,16379,0.38661617
Hillingdon,16380,0.38778582
Hillingdon,16381,0.3854928
Hillingdon,16382,0.35779786
Hillingdon,16383,0.35840765
Hillingdon,16384,0.38648716
Hillingdon,16385,0.38326976
Hillingdon,16386,0.31898168
Hillingdon,16387,0.3205303
Hillingdon,16434,0.53373015
Hillingdon,16443,0.3607414
Hillingdon,16444,0.3613413
Hillingdon,16445,0.37775123
Hillingdon,16446,0.3872991
Hillingdon,17144,0.39757532
Hillingdon,17145,0.4623675
Hillingdon,17146,0.4615167
Hillingdon,17147,0.47499514
Hillingdon,17148,0.48960385
Hillingdon,17149,0.44302815
Hillingdon,17150,0.4031604
Hillingdon,17199,0.47558582
Hillingdon,17200,0.4825851
Hillingdon,17202,0.45785367
Hillingdon,17224,0.53038996
Hillingdon,17225,0.5174703
Hillingdon,17226,0.47044635
Hillingdon,17227,0.45376375
Hillingdon,17228,0.4535329
Hillingdon,17229,0.43898788
Hillingdon,17231,0.49195424
Hillingdon,17232,0.46089152
Hillingdon,17233,0.5124301
Hillingdon,17633,0.41638818
Hillingdon,17634,0.44016397
Hillingdon,17635,0.39069772
Hillingdon,17638,0.38161987
Hillingdon,17639,0.38165107
Hillingdon,17640,0.36442828
Hillingdon,17641,0.37872183
Hillingdon,17642,0.35587043
Hillingdon,17643,0.35733402
Hillingdon,17645,0.45015162
Hillingdon,17646,0.453193
Hillingdon,17647,0.47912484
Hillingdon,17648,0.4735736
Hillingdon,17649,0.46562764
Hillingdon,17650,0.43544403
Hillingdon,17651,0.4100941
Hillingdon,17652,0.4257307
Hillingdon,17653,0.40552682
Hillingdon,17654,0.4204547
Hillingdon,17655,0.5159831
Hillingdon,17656,0.512116
Hillingdon,17657,0.50695676
Hillingdon,17658,0.5054327
Hillingdon,17659,0.5578543
Hillingdon,17660,0.55891794
Hillingdon,17662,0.5612385
Hillingdon,17666,0.3698994
Hillingdon,1795,0.40601212
Hillingdon,18207,0.46389142
Hillingdon,18208,0.470491
Hillingdon,18210,0.4579325
Hillingdon,19179,0.4372647
Hillingdon,19180,0.44903424
Hillingdon,19181,0.49108225
Hillingdon,19182,0.48496208
Hillingdon,19183,0.49408978
Hillingdon,19184,0.49441147
Hillingdon,19214,0.4622533
Hillingdon,19599,0.51097673
Hillingdon,19600,0.5198588
Hillingdon,20107,0.48932853
Hillingdon,20213,0.605141
Hillingdon,20214,0.5597606
Hillingdon,20215,0.6301664
Hillingdon,20216,0.636855
Hillingdon,20217,0.59525186
Hillingdon,20218,0.5220378
Hillingdon,20219,0.5182234
Hillingdon,20220,0.51657265
Hillingdon,20221,0.6000015
Hillingdon,20222,0.5675919
Hillingdon,20223,0.5491095
Hillingdon,20224,0.5475039
Hillingdon,20225,0.516825
Hillingdon,20226,0.52900153
Hillingdon,20228,0.52138335
Hillingdon,20229,0.54372007
Hillingdon,20477,0.32488608
Hillingdon,20478,0.31671876
Hillingdon,20486,0.38529447
Hillingdon,20487,0.39998582
Hillingdon,20525,0.5569515
Hillingdon,20527,0.545089
Hillingdon,20528,0.54768056
Hillingdon,20529,0.47778288
Hillingdon,20530,0.47780335
Hillingdon,20531,0.43729067
Hillingdon,20532,0.41875762
Hillingdon,20533,0.44419885
Hillingdon,20534,0.4802492
Hillingdon,20535,0.510347
Hillingdon,20787,0.5062673
Hillingdon,20788,0.5561468
Hillingdon,20789,0.51135397
Hillingdon,20790,0.51062596
Hillingdon,20791,0.5520953
Hillingdon,20792,0.5488935
Hillingdon,20793,0.5121532
Hillingdon,20900,0.5150543
Hillingdon,22263,0.33824757
Hillingdon,22265,0.38979
Hillingdon,22266,0.39644417
Hillingdon,22267,0.42270958
Hillingdon,22268,0.42227966
Hillingdon,22269,0.4265345
Hillingdon,22270,0.45495462
Hillingdon,22293,0.48472744
Hillingdon,22294,0.4884076
Hillingdon,22295,0.4776653
Hillingdon,22301,0.36073372
Hillingdon,22302,0.36142737
Hillingdon,22303,0.34942302
Hillingdon,22304,0.3501036
Hillingdon,22305,0.3539029
Hillingdon,22306,0.35640672
Hillingdon,22311,0.36594632
Hillingdon,23062,0.3801378
Hillingdon,23742,0.50631714
Hillingdon,25131,0.43563786
Hillingdon,25134,0.44044176
Hillingdon,25161,0.5101553
Hillingdon,25162,0.58238125
Hillingdon,25468,0.49397755
Hillingdon,25469,0.49398074
Hillingdon,25980,0.3594046
Hillingdon,27307,0.4487628
Hillingdon,27329,0.39650482
Hillingdon,27331,0.45712712
Hillingdon,27332,0.4002844
Hillingdon,27333,0.37700588
Hillingdon,27334,0.4679813
Hillingdon,27335,0.5780487
Hillingdon,27336,0.4338834
Hillingdon,27337,0.41700593
Hillingdon,27338,0.42857477
Hillingdon,27339,0.42140028
Hillingdon,27340,0.45400822
Hillingdon,27343,0.4579943
Hillingdon,27577,0.3442241
Hillingdon,27578,0.49005988
Hillingdon,27594,0.41535732
Hillingdon,27595,0.40878713
Hillingdon,27734,0.5758359
Hillingdon,27803,0.4165508
Hillingdon,27804,0.41783735
Hillingdon,27805,0.4279811
Hillingdon,27806,0.48748723
Hillingdon,27807,0.47183076
Hillingdon,27808,0.47313577
Hillingdon,27809,0.43864956
Hillingdon,27810,0.43157429
Hillingdon,27858,0.4762664
Hillingdon,27860,0.4790616
Hillingdon,27862,0.46335548
Hillingdon,27910,0.32928026
Hillingdon,27911,0.3204815
Hillingdon,28985,0.46446076
Hillingdon,29038,0.4847301
Hillingdon,29039,0.49044973
Hillingdon,29063,0.49657255
Hillingdon,29064,0.5125779
Hillingdon,29066,0.47383222
Hillingdon,29067,0.5029303
Hillingdon,29081,0.5326122
Hillingdon,29082,0.53681296
Hillingdon,29102,0.50362355
Hillingdon,29103,0.51476586
Hillingdon,29172,0.38711423
Hillingdon,29270,0.46446267
Hillingdon,29430,0.45572895
Hillingdon,29432,0.4506254
Hillingdon,29433,0.43799362
Hillingdon,29434,0.4472456
Hillingdon,29837,0.62355953
Hillingdon,30312,0.45946696
Hillingdon,30361,0.3308129
Hillingdon,30419,0.3605855
Hillingdon,30420,0.36262405
Hillingdon,3104,0.465657
Hillingdon,3105,0.49809125
Hillingdon,3108,0.505789
Hillingdon,3109,0.48493695
Hillingdon,3110,0.49281442
Hillingdon,3111,0.52766436
Hillingdon,3112,0.50154525
Hillingdon,3114,0.47600222
Hillingdon,3115,0.49931893
Hillingdon,3116,0.45334342
Hillingdon,3118,0.4477262
Hillingdon,3119,0.4349829
Hillingdon,3122,0.42332762
Hillingdon,3123,0.43449134
Hillingdon,3124,0.44679147
Hillingdon,3125,0.435588
Hillingdon,3126,0.3835177
Hillingdon,3127,0.43260413
Hillingdon,3130,0.33345222
Hillingdon,3131,0.41827837
Hillingdon,3133,0.31477782
Hillingdon,3134,0.36242136
Hillingdon,3135,0.31952652
Hillingdon,3136,0.35765037
Hillingdon,3138,0.38354045
Hillingdon,3141,0.35500112
Hillingdon,3147,0.29227862
Hillingdon,3148,0.29031277
Hillingdon,3151,0.3566155
Hillingdon,3152,0.3396409
Hillingdon,3228,0.34397033
Hillingdon,33002,0.57280964
Hillingdon,33025,0.48377696
Hillingdon,33027,0.47189716
Hillingdon,3316,0.5891736
Hillingdon,3327,0.47070253
Hillingdon,3328,0.46982116
Hillingdon,33383,0.5092942
Hillingdon,33384,0.4653614
Hillingdon,33638,0.4575957
Hillingdon,33639,0.45346165
Hillingdon,33640,0.462117
Hillingdon,33641,0.4224528
Hillingdon,33642,0.39198437
Hillingdon,33643,0.46021926
Hillingdon,33845,0.5148749
Hillingdon,3400,0.5277415
Hillingdon,34149,0.5397685
Hillingdon,34151,0.33502734
Hillingdon,34152,0.32764316
Hillingdon,34153,0.3868121
Hillingdon,34154,0.32707864
Hillingdon,3419,0.45757553
Hillingdon,3420,0.41718984
Hillingdon,3421,0.37128612
Hillingdon,34212,0.522678
Hillingdon,3423,0.48444882
Hillingdon,34639,0.4304136
Hillingdon,34773,0.38713273
Hillingdon,34774,0.41649312
Hillingdon,34775,0.44886845
Hillingdon,34836,0.38194272
Hillingdon,34891,0.38352937
Hillingdon,34892,0.37034228
Hillingdon,35287,0.3511687
Hillingdon,35288,0.3675373
Hillingdon,35289,0.40135092
Hillingdon,3548,0.5092195
Hillingdon,3549,0.47977442
Hillingdon,35727,0.37547252
Hillingdon,35728,0.37139058
Hillingdon,35985,0.43977115
Hillingdon,36861,0.49871728
Hillingdon,36991,0.5430514
Hillingdon,36993,0.5380503
Hillingdon,37027,0.43924326
Hillingdon,37200,0.43242282
Hillingdon,37323,0.33147565
Hillingdon,4570,0.5195303
Hillingdon,4571,0.3952409
Hillingdon,4573,0.378442
Hillingdon,557,0.45588526
Hillingdon,6816,0.46376708
Hillingdon,6817,0.45806256
Hillingdon,6819,0.47754234
Hillingdon,6846,0.36104348
Hillingdon,6848,0.3856508
Hillingdon,6852,0.35788327
Hillingdon,6853,0.34592193
Hillingdon,8402,0.4013274
Hillingdon,BP073,0.5174085
Hillingdon,BP104,0.5398915
Hillingdon,BP105,0.4963029
Hillingdon,BP1066,0.42604768
Hillingdon,BP1067,0.41877937
Hillingdon,BP1068,0.4316902
Hillingdon,BP1069,0.43743643
Hillingdon,BP1074,0.48964283
Hillingdon,BP1075,0.493279
Hillingdon,BP108,0.5262095
Hillingdon,BP1081,0.4168356
Hillingdon,BP1109,0.45984387
Hillingdon,BP111,0.5220966
Hillingdon,BP131,0.53204864
Hillingdon,BP1330,0.3914095
Hillingdon,BP1331,0.38201258
Hillingdon,BP1376,0.3920771
Hillingdon,BP1377,0.3610562
Hillingdon,BP1378,0.38930085
Hillingdon,BP1380,0.42135093
Hillingdon,BP1461,0.45175555
Hillingdon,BP1462,0.45665538
Hillingdon,BP1463,0.5080937
Hillingdon,BP1464,0.50774425
Hillingdon,BP1533,0.49086258
Hillingdon,BP1535,0.57504976
Hillingdon,BP158,0.5631538
Hillingdon,BP159,0.5263641
Hillingdon,BP160,0.47031063
Hillingdon,BP1604,0.51342845
Hillingdon,BP1605,0.5212794
Hillingdon,BP1606,0.5252751
Hillingdon,BP1607,0.530242
Hillingdon,BP163,0.5116395
Hillingdon,BP1636,0.44719362
Hillingdon,BP1684,0.5063567
Hillingdon,BP1719,0.37688127
Hillingdon,BP1752,0.5527956
Hillingdon,BP1753,0.5403757
Hillingdon,BP1754,0.5489685
Hillingdon,BP1755,0.5404142
Hillingdon,BP1756,0.5156894
Hillingdon,BP1757,0.49995482
Hillingdon,BP1758,0.5307644
Hillingdon,BP1759,0.6036014
Hillingdon,BP1760,0.592059
Hillingdon,BP1761,0.5284455
Hillingdon,BP1762,0.50773305
Hillingdon,BP1763,0.5202225
Hillingdon,BP1764,0.5393923
Hillingdon,BP1765,0.5701936
Hillingdon,BP1766,0.53073806
Hillingdon,BP1767,0.5535156
Hillingdon,BP1777,0.4928612
Hillingdon,BP1778,0.5553929
Hillingdon,BP1796,0.5363335
Hillingdon,BP1928,0.3745814
Hillingdon,BP1929,0.32085848
Hillingdon,BP1930,0.3008337
Hillingdon,BP1931,0.31849173
Hillingdon,BP1932,0.31652963
Hillingdon,BP1933,0.40437317
Hillingdon,BP1934,0.33354643
Hillingdon,BP1935,0.38166767
Hillingdon,BP1936,0.3810473
Hillingdon,BP1937,0.3398312
Hillingdon,BP1938,0.3397854
Hillingdon,BP1939,0.32913342
Hillingdon,BP1940,0.35156673
Hillingdon,BP1941,0.3861693
Hillingdon,BP1942,0.33084124
Hillingdon,BP1943,0.34768653
Hillingdon,BP1944,0.34098718
Hillingdon,BP1946,0.36218873
Hillingdon,BP1947,0.33382785
Hillingdon,BP1948,0.3255592
Hillingdon,BP1949,0.30260336
Hillingdon,BP1952,0.38918978
Hillingdon,BP1953,0.34893256
Hillingdon,BP1954,0.34734964
Hillingdon,BP1955,0.3822406
Hillingdon,BP2087,0.43409455
Hillingdon,BP2088,0.45197168
Hillingdon,BP2089,0.43664396
Hillingdon,BP2090,0.4039875
Hillingdon,BP2091,0.40836295
Hillingdon,BP2093,0.41886193
Hillingdon,BP2094,0.40885943
Hillingdon,BP2095,0.40754753
Hillingdon,BP2096,0.40222353
Hillingdon,BP2097,0.44265705
Hillingdon,BP2098,0.48065045
Hillingdon,BP2255,0.46734014
Hillingdon,BP2380,0.39784545
Hillingdon,BP2412,0.47768253
Hillingdon,BP2451,0.37832364
Hillingdon,BP2467,0.52332425
Hillingdon,BP2476,0.4220955
Hillingdon,BP2485,0.3660503
Hillingdon,BP2486,0.36790162
Hillingdon,BP2487,0.3541414
Hillingdon,BP249,0.5770944
Hillingdon,BP2595,0.5386183
Hillingdon,BP2623,0.45818427
Hillingdon,BP2664,0.5464425
Hillingdon,BP2665,0.52502763
Hillingdon,BP2666,0.48883632
Hillingdon,BP2668,0.49212965
Hillingdon,BP2669,0.5334869
Hillingdon,BP2670,0.5568087
Hillingdon,BP2671,0.58148086
Hillingdon,BP2675,0.4708789
Hillingdon,BP2683,0.4543702
Hillingdon,BP2684,0.47906935
Hillingdon,BP2686,0.44718874
Hillingdon,BP2703,0.5457389
Hillingdon,BP2704,0.57099944
Hillingdon,BP2705,0.58927447
Hillingdon,BP2706,0.5402502
Hillingdon,BP275,0.4571674
Hillingdon,BP2759,0.48862988
Hillingdon,BP3285,0.5184614
Hillingdon,BP3290,0.34671584
Hillingdon,BP3351,0.4081396
Hillingdon,BP3744,0.35274813
Hillingdon,BP3745,0.35481593
Hillingdon,BP3767,0.50270194
Hillingdon,BP3768,0.5263376
Hillingdon,BP3769,0.56186295
Hillingdon,BP3770,0.51415193
Hillingdon,BP390,0.38846686
Hillingdon,BP401,0.55705523
Hillingdon,BP402,0.55516064
Hillingdon,BP403,0.5946649
Hillingdon,BP404,0.58271873
Hillingdon,BP4071,0.4558278
Hillingdon,BP4072,0.4617694
Hillingdon,BP4073,0.38901263
Hillingdon,BP4074,0.38002285
Hillingdon,BP4075,0.45485717
Hillingdon,BP4076,0.4609186
Hillingdon,BP4079,0.44005573
Hillingdon,BP4080,0.32352695
Hillingdon,BP4081,0.3923852
Hillingdon,BP4082,0.403053
Hillingdon,BP4083,0.5655285
Hillingdon,BP4084,0.5558607
Hillingdon,BP4085,0.5474587
Hillingdon,BP4086,0.540947
Hillingdon,BP4099,0.37865406
Hillingdon,BP4100,0.4189687
Hillingdon,BP4101,0.38687763
Hillingdon,BP4102,0.4453803
Hillingdon,BP4103,0.41702163
Hillingdon,BP4104,0.41849768
Hillingdon,BP4105,0.4761518
Hillingdon,BP4107,0.45958695
Hillingdon,BP4108,0.39119172
Hillingdon,BP4159,0.49145293
Hillingdon,BP4163,0.51818216
Hillingdon,BP4168,0.356731
Hillingdon,BP4169,0.3631609
Hillingdon,BP4254,0.31599185
Hillingdon,BP4255,0.52307475
Hillingdon,BP4256,0.5268757
Hillingdon,BP431,0.34307382
Hillingdon,BP434,0.34403613
Hillingdon,BP435,0.34252083
Hillingdon,BP4474,0.5409467
Hillingdon,BP4475,0.53474426
Hillingdon,BP4822,0.4303221
Hillingdon,BP4860,0.4910676
Hillingdon,BP4861,0.45603526
Hillingdon,BP4862,0.49677286
Hillingdon,BP4863,0.47169155
Hillingdon,BP4864,0.4765942
Hillingdon,BP4865,0.4899664
Hillingdon,BP4866,0.4598947
Hillingdon,BP4927,0.511727
Hillingdon,BP5116,0.31152382
Hillingdon,BP5117,0.26334536
Hillingdon,BP5119,0.3925298
Hillingdon,BP5130,0.33664668
Hillingdon,BP5131,0.33239046
Hillingdon,BP5134,0.27619508
Hillingdon,BP5140,0.30055287
Hillingdon,BP5141,0.30414298
Hillingdon,BP5149,0.37041527
Hillingdon,BP5171,0.4961261
Hillingdon,BP5187,0.41490257
Hillingdon,BP5301,0.36964437
Hillingdon,BP5381,0.38589337
Hillingdon,BP5382,0.40173244
Hillingdon,BP5383,0.4398492
Hillingdon,BP5384,0.4228863
Hillingdon,BP5385,0.49163023
Hillingdon,BP5386,0.35984305
Hillingdon,BP5387,0.35871828
Hillingdon,BP5388,0.47665253
Hillingdon,BP5389,0.40636513
Hillingdon,BP5522,0.5934381
Hillingdon,BP5523,0.56855273
Hillingdon,BP5644,0.45999172
Hillingdon,BP5672,0.50881964
Hillingdon,BP5721,0.45580554
Hillingdon,BP5722,0.41177836
Hillingdon,BP5815,0.5358735
Hillingdon,BP5816,0.5800927
Hillingdon,BP5908,0.4656994
Hillingdon,BP5920,0.4216111
Hillingdon,BP5982,0.5205865
Hillingdon,BP6050,0.34270838
Hillingdon,BP6122,0.4880318
Hillingdon,BP6178,0.47124627
Hillingdon,BP6179,0.46254966
Hillingdon,BP6180,0.4492761
Hillingdon,BP623,0.36402363
Hillingdon,BP642,0.44782043
Hillingdon,BP681,0.35331258
Hillingdon,BP689,0.51145995
Hillingdon,BP741,0.45733303
Hillingdon,BP760,0.31525233
Hillingdon,BP761,0.3444373
Hillingdon,BP862,0.36725077
Hillingdon,BP863,0.368834
Hillingdon,BP864,0.3659704
Hillingdon,BP879,0.4395882
Hillingdon,BP880,0.43912438
Hillingdon,BP881,0.41209528
Hillingdon,BP884,0.42095587
Hillingdon,BP894,0.37179992
Hillingdon,BP978,0.48563468
Hillingdon,BP984,0.4437713
Hillingdon,BP994,0.45017633
Hillingdon,C50,0.3803416
Hillingdon,C57,0.5652761
Hillingdon,C58,0.55345005
Hillingdon,C59,0.4878207
Hillingdon,C60,0.48854575
Hillingdon,C61,0.5411457
Hillingdon,C62,0.5462725
Hillingdon,C63,0.56803644
Hillingdon,C64,0.53348184
Hillingdon,C65,0.5851812
Hillingdon,C66,0.486796
Hillingdon,C67,0.49421194
Hillingdon,C68,0.53843725
Hillingdon,C69,0.44312546
Hillingdon,C77,0.46766114
Hillingdon,CW10,0.38284343
Hillingdon,CW11,0.43973663
Hillingdon,CW12,0.42080888
Hillingdon,CW17,0.4013311
Hillingdon,CW18,0.42362812
Hillingdon,CW19,0.41353136
Hillingdon,CW29,0.49941716
Hillingdon,CW33,0.5338327
Hillingdon,CW46,0.3567753
Hillingdon,CW47,0.42544073
Hillingdon,CW48,0.4322545
Hillingdon,CW49,0.35797262
Hillingdon,CW5,0.42295897
Hillingdon,CW6,0.42946658
Hillingdon,CW7,0.38379914
Hillingdon,CW8,0.37081414
Hillingdon,CW9,0.36933434
Hillingdon,OC634,0.44504273
Hillingdon,OC649,0.41487277
Hillingdon,OC650,0.453142
Hillingdon,OC677,0.4172175
Hillingdon,OC901,0.2547025
Hillingdon,R0150,0.47526965
Hillingdon,R0192,0.55587
Hillingdon,R0205,0.5267275
Hillingdon,R0206,0.5356926
Hillingdon,R0208,0.5039092
Hillingdon,R0213,0.45082748
Hillingdon,R0227,0.3967667
Hillingdon,R0234,0.4610129
Hillingdon,R0238,0.48914388
Hillingdon,R0451,0.45034608
Hillingdon,R0460,0.43524963
Hillingdon,R0490,0.46769628
Hillingdon,R0896,0.33009028
Hillingdon,R0900,0.42732975
Hillingdon,12181,0.35865617
Hillingdon,12182,0.3614145
Hillingdon,12184,0.34970725
Hillingdon,15979,0.4418357
Hillingdon,16163,0.46602002
Hillingdon,16312,0.52017266
Hillingdon,16313,0.5377508
Hillingdon,16314,0.51660055
Hillingdon,16315,0.5097075
Hillingdon,16389,0.38053232
Hillingdon,16447,0.44372636
Hillingdon,16448,0.45932412
Hillingdon,16449,0.43261808
Hillingdon,17636,0.305679
Hillingdon,17637,0.30251703
Hillingdon,17644,0.4412454
Hillingdon,26370,0.5746286
Hillingdon,26375,0.5771453
Hillingdon,27341,0.49299768
Hillingdon,27344,0.5258833
Hillingdon,29994,0.443976
Hillingdon,37092,0.45498165
Hillingdon,BP6123,0.4857514
Hillingdon,BP888,0.35967964
Hillingdon,BP889,0.3626704
Hillingdon,BP957,0.44234997
Hillingdon,R0459,0.39215094
Hounslow,10001,0.55491865
Hounslow,1037,0.53556913
Hounslow,1038,0.5635575
Hounslow,1039,0.5048717
Hounslow,1040,0.4152082
Hounslow,1049,0.58123624
Hounslow,11333,0.5355554
Hounslow,11334,0.51663816
Hounslow,11337,0.48381114
Hounslow,11338,0.4856279
Hounslow,11760,0.45350298
Hounslow,11761,0.47448826
Hounslow,133,0.49439853
Hounslow,134,0.5023784
Hounslow,13553,0.63274336
Hounslow,13554,0.60855365
Hounslow,1361,0.5052543
Hounslow,1363,0.519918
Hounslow,1366,0.47590294
Hounslow,1368,0.44724473
Hounslow,14815,0.42447966
Hounslow,14819,0.5360002
Hounslow,14842,0.4977837
Hounslow,14843,0.4997194
Hounslow,14929,0.49706382
Hounslow,15223,0.41631213
Hounslow,15227,0.48093706
Hounslow,15228,0.5413155
Hounslow,15360,0.5739695
Hounslow,15362,0.5731427
Hounslow,15363,0.47582465
Hounslow,15377,0.41468892
Hounslow,15378,0.46841016
Hounslow,15379,0.46663147
Hounslow,15380,0.5180351
Hounslow,15381,0.47760862
Hounslow,15382,0.6051301
Hounslow,15383,0.6082416
Hounslow,15384,0.6085166
Hounslow,15385,0.6324329
Hounslow,15386,0.6107892
Hounslow,15387,0.61362594
Hounslow,15388,0.58471495
Hounslow,15389,0.563325
Hounslow,15390,0.51062644
Hounslow,15576,0.5113797
Hounslow,15577,0.5157529
Hounslow,15578,0.5308735
Hounslow,15579,0.55516386
Hounslow,15580,0.5329949
Hounslow,15581,0.5092389
Hounslow,15645,0.46090493
Hounslow,15646,0.443559
Hounslow,15647,0.47473466
Hounslow,15648,0.4811417
Hounslow,15649,0.4932144
Hounslow,15650,0.48969886
Hounslow,15656,0.56418526
Hounslow,15657,0.5274086
Hounslow,15660,0.50895774
Hounslow,15661,0.4774503
Hounslow,15662,0.47692677
Hounslow,15663,0.48240378
Hounslow,15664,0.48186707
Hounslow,15665,0.52037925
Hounslow,15666,0.5255174
Hounslow,15667,0.47840714
Hounslow,15668,0.47408038
Hounslow,15669,0.47351056
Hounslow,15670,0.43876162
Hounslow,15671,0.47476885
Hounslow,15672,0.57102233
Hounslow,15700,0.622842
Hounslow,15702,0.6440133
Hounslow,15703,0.6425079
Hounslow,15707,0.4438106
Hounslow,15826,0.46345183
Hounslow,15827,0.46560737
Hounslow,15971,0.5159751
Hounslow,15972,0.4916194
Hounslow,16193,0.52992606
Hounslow,16194,0.5289872
Hounslow,16195,0.5458332
Hounslow,16196,0.53898627
Hounslow,16197,0.53994256
Hounslow,16198,0.53134406
Hounslow,16199,0.5133764
Hounslow,16201,0.49092865
Hounslow,16202,0.48921022
Hounslow,16203,0.5369263
Hounslow,16204,0.56621325
Hounslow,16205,0.53751695
Hounslow,16206,0.5590284
Hounslow,16207,0.4682442
Hounslow,16208,0.46216372
Hounslow,16211,0.49381492
Hounslow,16212,0.47128123
Hounslow,16213,0.43723696
Hounslow,16215,0.5346638
Hounslow,16216,0.54281473
Hounslow,16222,0.50194067
Hounslow,16223,0.5148555
Hounslow,16224,0.51794064
Hounslow,16225,0.5411734
Hounslow,16226,0.503097
Hounslow,16227,0.49762866
Hounslow,16228,0.5025387
Hounslow,16229,0.44864175
Hounslow,16230,0.43772045
Hounslow,16231,0.49173912
Hounslow,16232,0.58945876
Hounslow,16233,0.5432417
Hounslow,16234,0.50667685
Hounslow,16249,0.63462514
Hounslow,16250,0.64656013
Hounslow,16251,0.55619174
Hounslow,16252,0.5770282
Hounslow,16253,0.56301224
Hounslow,16254,0.5227844
Hounslow,16255,0.5570778
Hounslow,16256,0.48711482
Hounslow,16259,0.45940366
Hounslow,16274,0.542971
Hounslow,16275,0.537686
Hounslow,16276,0.49575886
Hounslow,16277,0.49297753
Hounslow,16278,0.435187
Hounslow,16279,0.48444214
Hounslow,16280,0.49770963
Hounslow,16281,0.53561866
Hounslow,16286,0.53177565
Hounslow,16331,0.57074416
Hounslow,16332,0.56572324
Hounslow,16333,0.5711022
Hounslow,16334,0.5987181
Hounslow,16337,0.5243551
Hounslow,16388,0.47774893
Hounslow,1678,0.5859827
Hounslow,1679,0.5094922
Hounslow,16802,0.62299854
Hounslow,16803,0.6378925
Hounslow,16804,0.60342526
Hounslow,16805,0.628127
Hounslow,16806,0.60459316
Hounslow,16807,0.57514673
Hounslow,16808,0.58455104
Hounslow,16809,0.53921235
Hounslow,16810,0.5465353
Hounslow,16811,0.5992092
Hounslow,16812,0.59760547
Hounslow,16813,0.6057221
Hounslow,16814,0.5884005
Hounslow,16827,0.6352795
Hounslow,16828,0.6276259
Hounslow,16830,0.5373611
Hounslow,16831,0.48236737
Hounslow,16832,0.4929307
Hounslow,16833,0.50270104
Hounslow,16834,0.5313011
Hounslow,16835,0.4851787
Hounslow,16836,0.4835577
Hounslow,16837,0.43103683
Hounslow,16838,0.44275612
Hounslow,17030,0.54114306
Hounslow,17031,0.5168508
Hounslow,17126,0.6282633
Hounslow,17127,0.6391288
Hounslow,17128,0.563575
Hounslow,17129,0.56201583
Hounslow,17130,0.5123369
Hounslow,17131,0.4874104
Hounslow,172,0.4668757
Hounslow,17215,0.48159435
Hounslow,17216,0.47893786
Hounslow,17217,0.43884417
Hounslow,17218,0.45163098
Hounslow,17289,0.47885495
Hounslow,17667,0.5545999
Hounslow,17668,0.5422253
Hounslow,1773,0.5204349
Hounslow,1838,0.6423678
Hounslow,1839,0.6559736
Hounslow,18465,0.61821955
Hounslow,18731,0.42211047
Hounslow,19398,0.5688214
Hounslow,19399,0.5573223
Hounslow,19400,0.5762491
Hounslow,19502,0.6056407
Hounslow,19503,0.5164175
Hounslow,19504,0.51333314
Hounslow,19505,0.5401278
Hounslow,19506,0.53445184
Hounslow,19507,0.5167335
Hounslow,19508,0.508197
Hounslow,19509,0.5269997
Hounslow,19510,0.5174438
Hounslow,19511,0.528036
Hounslow,19512,0.52700025
Hounslow,20287,0.5418549
Hounslow,20294,0.41953033
Hounslow,20513,0.46707702
Hounslow,20514,0.44799557
Hounslow,20581,0.40705544
Hounslow,20582,0.41191536
Hounslow,20686,0.6059527
Hounslow,20687,0.60785526
Hounslow,20705,0.5379148
Hounslow,20706,0.5525681
Hounslow,20816,0.5620303
Hounslow,20817,0.58599824
Hounslow,2194,0.4872077
Hounslow,2487,0.5819438
Hounslow,25159,0.47426152
Hounslow,2555,0.47154635
Hounslow,25593,0.54873943
Hounslow,25608,0.5202435
Hounslow,2561,0.4768112
Hounslow,2564,0.45360118
Hounslow,2566,0.48902622
Hounslow,257,0.45213008
Hounslow,25794,0.41675568
Hounslow,25795,0.41798508
Hounslow,25798,0.525919
Hounslow,25799,0.52474767
Hounslow,25800,0.5642956
Hounslow,25801,0.5850818
Hounslow,25802,0.6324933
Hounslow,25803,0.6130218
Hounslow,25804,0.63040596
Hounslow,25805,0.5999039
Hounslow,25806,0.4700026
Hounslow,25807,0.47753286
Hounslow,25978,0.5803544
Hounslow,25979,0.5862843
Hounslow,25981,0.55076796
Hounslow,25982,0.52961016
Hounslow,25983,0.52904516
Hounslow,25984,0.5341747
Hounslow,25985,0.5429942
Hounslow,26220,0.5438211
Hounslow,26221,0.5500836
Hounslow,26231,0.4640614
Hounslow,26232,0.46188217
Hounslow,26846,0.4446108
Hounslow,26847,0.46066037
Hounslow,26850,0.59264433
Hounslow,26851,0.58460766
Hounslow,26854,0.42284384
Hounslow,27303,0.5649646
Hounslow,27402,0.41597226
Hounslow,27558,0.53605694
Hounslow,27569,0.51144433
Hounslow,27613,0.46451467
Hounslow,2778,0.5290531
Hounslow,27839,0.5230584
Hounslow,27840,0.4994726
Hounslow,27889,0.62057394
Hounslow,27890,0.6249831
Hounslow,27891,0.6125521
Hounslow,27892,0.54620326
Hounslow,27899,0.5248274
Hounslow,27900,0.5224567
Hounslow,27901,0.561296
Hounslow,27902,0.5842973
Hounslow,27903,0.6112182
Hounslow,27905,0.5994997
Hounslow,27906,0.58743644
Hounslow,27907,0.5187896
Hounslow,27908,0.53441757
Hounslow,2792,0.49314648
Hounslow,27939,0.5220786
Hounslow,27974,0.6217552
Hounslow,27976,0.5526867
Hounslow,29017,0.43016398
Hounslow,29115,0.51127654
Hounslow,29149,0.5157059
Hounslow,29323,0.5255568
Hounslow,29384,0.5252655
Hounslow,29385,0.5520964
Hounslow,29449,0.51446587
Hounslow,29499,0.5582328
Hounslow,29500,0.5712462
Hounslow,29566,0.5024374
Hounslow,29874,0.52882314
Hounslow,3017,0.53326887
Hounslow,3164,0.5426795
Hounslow,3189,0.577047
Hounslow,3190,0.58809775
Hounslow,3314,0.61414665
Hounslow,33204,0.6133529
Hounslow,33205,0.5930358
Hounslow,33206,0.49674803
Hounslow,33207,0.5262215
Hounslow,33208,0.48105884
Hounslow,33209,0.50347
Hounslow,33210,0.48664197
Hounslow,3333,0.52205396
Hounslow,33851,0.43150792
Hounslow,33867,0.42477828
Hounslow,33869,0.48000875
Hounslow,33871,0.47869536
Hounslow,33932,0.63486564
Hounslow,33933,0.6355022
Hounslow,34089,0.70883155
Hounslow,3413,0.5006812
Hounslow,3414,0.46303603
Hounslow,3416,0.499235
Hounslow,3417,0.4489362
Hounslow,34585,0.56966937
Hounslow,34586,0.5624075
Hounslow,34587,0.5453942
Hounslow,34588,0.542407
Hounslow,34589,0.53008264
Hounslow,34590,0.51897156
Hounslow,34591,0.5319353
Hounslow,34592,0.6238584
Hounslow,34593,0.61770463
Hounslow,34594,0.65339226
Hounslow,34629,0.56958586
Hounslow,34630,0.5612903
Hounslow,34631,0.57557434
Hounslow,34632,0.5764687
Hounslow,34633,0.6385988
Hounslow,34634,0.6211267
Hounslow,34635,0.63647443
Hounslow,34636,0.60503995
Hounslow,34637,0.66349053
Hounslow,34638,0.6137056
Hounslow,34736,0.62098837
Hounslow,34737,0.6055377
Hounslow,34906,0.43997595
Hounslow,34911,0.49256602
Hounslow,34929,0.49316928
Hounslow,34936,0.54689926
Hounslow,34937,0.5986281
Hounslow,3563,0.465349
Hounslow,3564,0.4626141
Hounslow,35737,0.51712024
Hounslow,3578,0.539138
Hounslow,3581,0.52802235
Hounslow,3584,0.6067607
Hounslow,36860,0.40410295
Hounslow,3724,0.4720838
Hounslow,37285,0.5146918
Hounslow,37286,0.5147598
Hounslow,40003,0.41364858
Hounslow,4451,0.49600336
Hounslow,4457,0.62027806
Hounslow,4545,0.6059283
Hounslow,4554,0.6080691
Hounslow,4558,0.59824455
Hounslow,4565,0.63154083
Hounslow,4568,0.51062816
Hounslow,4678,0.46194527
Hounslow,6153,0.53941995
Hounslow,6157,0.5304934
Hounslow,6158,0.5788877
Hounslow,6159,0.56219006
Hounslow,6170,0.43868342
Hounslow,6173,0.46903905
Hounslow,6174,0.458128
Hounslow,6176,0.48682997
Hounslow,6179,0.5400802
Hounslow,6180,0.53551835
Hounslow,6181,0.5519225
Hounslow,6183,0.5477069
Hounslow,6184,0.5505782
Hounslow,6187,0.5607841
Hounslow,6188,0.56824446
Hounslow,6189,0.54348695
Hounslow,6190,0.5425288
Hounslow,6191,0.5411688
Hounslow,6192,0.5439674
Hounslow,6193,0.56527907
Hounslow,6194,0.53856117
Hounslow,6197,0.55273455
Hounslow,6200,0.5225026
Hounslow,6201,0.48615244
Hounslow,6202,0.48994902
Hounslow,6205,0.47741503
Hounslow,6211,0.47855026
Hounslow,6368,0.5116848
Hounslow,6372,0.46884266
Hounslow,6373,0.60993797
Hounslow,6402,0.51887614
Hounslow,6405,0.48191226
Hounslow,6410,0.60390186
Hounslow,6411,0.6716617
Hounslow,6412,0.6495113
Hounslow,6413,0.63992435
Hounslow,6461,0.58210075
Hounslow,6876,0.49896935
Hounslow,6891,0.46225205
Hounslow,6896,0.50213087
Hounslow,6897,0.5130856
Hounslow,9114,0.5420745
Hounslow,9115,0.5814144
Hounslow,BP1009,0.65027505
Hounslow,BP1106,0.47637698
Hounslow,BP1107,0.47938573
Hounslow,BP114,0.6074871
Hounslow,BP1172,0.4633124
Hounslow,BP1173,0.47843537
Hounslow,BP1174,0.42320198
Hounslow,BP1175,0.44823822
Hounslow,BP1176,0.472165
Hounslow,BP1177,0.48376918
Hounslow,BP1178,0.49345553
Hounslow,BP1179,0.47228387
Hounslow,BP1180,0.4884062
Hounslow,BP1181,0.44141424
Hounslow,BP1182,0.43931964
Hounslow,BP1185,0.46754935
Hounslow,BP1186,0.5614016
Hounslow,BP119,0.6276839
Hounslow,BP1196,0.5489321
Hounslow,BP121,0.4865294
Hounslow,BP122,0.6026888
Hounslow,BP1225,0.4808
Hounslow,BP1226,0.5691447
Hounslow,BP123,0.6402724
Hounslow,BP1287,0.43978432
Hounslow,BP1291,0.49014476
Hounslow,BP1292,0.4874207
Hounslow,BP1319,0.44662306
Hounslow,BP1320,0.4481994
Hounslow,BP1364,0.57371193
Hounslow,BP1365,0.546986
Hounslow,BP1400,0.5533926
Hounslow,BP1401,0.552201
Hounslow,BP1557,0.5611977
Hounslow,BP1584,0.5085888
Hounslow,BP1610,0.44355795
Hounslow,BP1611,0.44591
Hounslow,BP1691,0.49113688
Hounslow,BP1701,0.60161006
Hounslow,BP1702,0.5498445
Hounslow,BP1718,0.558743
Hounslow,BP1720,0.49545264
Hounslow,BP1747,0.50480366
Hounslow,BP1748,0.530694
Hounslow,BP1834,0.53821653
Hounslow,BP1835,0.54000765
Hounslow,BP1986,0.41572595
Hounslow,BP1992,0.4698893
Hounslow,BP1993,0.53088313
Hounslow,BP2099,0.64423066
Hounslow,BP2100,0.6389713
Hounslow,BP2173,0.52915
Hounslow,BP2174,0.48824775
Hounslow,BP2260,0.45785242
Hounslow,BP2261,0.45895958
Hounslow,BP2285,0.56505835
Hounslow,BP2405,0.38586885
Hounslow,BP2439,0.57037604
Hounslow,BP2440,0.5705935
Hounslow,BP2682,0.6183135
Hounslow,BP2727,0.47177804
Hounslow,BP2736,0.63198525
Hounslow,BP2777,0.5715534
Hounslow,BP3121,0.4960586
Hounslow,BP3166,0.50589603
Hounslow,BP3167,0.5025698
Hounslow,BP3168,0.5105969
Hounslow,BP3169,0.4924174
Hounslow,BP3448,0.5142366
Hounslow,BP3535,0.57147884
Hounslow,BP361,0.6003601
Hounslow,BP3624,0.5078876
Hounslow,BP3625,0.49357465
Hounslow,BP3626,0.52446324
Hounslow,BP3627,0.4366887
Hounslow,BP3628,0.4803236
Hounslow,BP3629,0.54794323
Hounslow,BP3630,0.54220706
Hounslow,BP3631,0.55826944
Hounslow,BP3632,0.4750089
Hounslow,BP3633,0.51124334
Hounslow,BP3634,0.5264773
Hounslow,BP3635,0.5123327
Hounslow,BP3637,0.42166454
Hounslow,BP3638,0.4627526
Hounslow,BP3639,0.45366406
Hounslow,BP3640,0.5105112
Hounslow,BP3641,0.5053762
Hounslow,BP3642,0.5361976
Hounslow,BP3643,0.54450804
Hounslow,BP3644,0.552525
Hounslow,BP3645,0.5740734
Hounslow,BP3646,0.59393597
Hounslow,BP3647,0.6282033
Hounslow,BP3648,0.570479
Hounslow,BP3649,0.56955725
Hounslow,BP3651,0.5002054
Hounslow,BP3652,0.52307916
Hounslow,BP3653,0.46213984
Hounslow,BP3654,0.47968474
Hounslow,BP3655,0.54734385
Hounslow,BP3656,0.55178815
Hounslow,BP3657,0.46660128
Hounslow,BP3658,0.522084
Hounslow,BP3659,0.52518225
Hounslow,BP3660,0.4856104
Hounslow,BP3661,0.40164065
Hounslow,BP3662,0.45477438
Hounslow,BP3664,0.49502522
Hounslow,BP3665,0.45443684
Hounslow,BP3666,0.5092019
Hounslow,BP3667,0.50543696
Hounslow,BP3668,0.54613537
Hounslow,BP3669,0.52582365
Hounslow,BP3670,0.534421
Hounslow,BP3671,0.5739604
Hounslow,BP3672,0.6490346
Hounslow,BP3673,0.62638474
Hounslow,BP3674,0.566971
Hounslow,BP3675,0.57293993
Hounslow,BP4193,0.47835672
Hounslow,BP4197,0.42872283
Hounslow,BP4198,0.41389015
Hounslow,BP4199,0.557757
Hounslow,BP4200,0.4663496
Hounslow,BP4203,0.4404777
Hounslow,BP443,0.66313314
Hounslow,BP4509,0.49057552
Hounslow,BP4560,0.4730117
Hounslow,BP4561,0.48989698
Hounslow,BP4837,0.5629466
Hounslow,BP486,0.59457606
Hounslow,BP4948,0.46253002
Hounslow,BP4949,0.4747876
Hounslow,BP500,0.523207
Hounslow,BP5009,0.4845186
Hounslow,BP501,0.4777542
Hounslow,BP5022,0.5014334
Hounslow,BP5188,0.52140373
Hounslow,BP5332,0.4569091
Hounslow,BP5333,0.5104434
Hounslow,BP5334,0.5073221
Hounslow,BP5335,0.5574097
Hounslow,BP5336,0.54604036
Hounslow,BP5337,0.5072666
Hounslow,BP5338,0.5032333
Hounslow,BP5339,0.46417338
Hounslow,BP5340,0.5501345
Hounslow,BP5341,0.47640517
Hounslow,BP5347,0.5387118
Hounslow,BP5496,0.42908502
Hounslow,BP5743,0.50379014
Hounslow,BP5976,0.4772055
Hounslow,BP6246,0.52717966
Hounslow,BP6329,0.4017294
Hounslow,BP6334,0.4162485
Hounslow,BP6434,0.52736413
Hounslow,BP6435,0.5080547
Hounslow,BP6531,0.46677926
Hounslow,BP716,0.48708156
Hounslow,BP922,0.54969704
Hounslow,BP923,0.5449715
Hounslow,BP925,0.4435541
Hounslow,BP929,0.50561273
Hounslow,BP937,0.4975604
Hounslow,BP938,0.47341922
Hounslow,BP939,0.5175651
Hounslow,BP941,0.5472109
Hounslow,BP945,0.46329632
Hounslow,BP946,0.49617252
Hounslow,BP947,0.46173644
Hounslow,BP948,0.48053542
Hounslow,BP950,0.44879544
Hounslow,BP989,0.4493633
Hounslow,BP991,0.5389225
Hounslow,C101,0.429891
Hounslow,FW30,0.572121
Hounslow,FW51,0.47340256
Hounslow,FW52,0.5001126
Hounslow,H371,0.5281624
Hounslow,H372,0.49980655
Hounslow,R0147,0.57101905
Hounslow,R0157,0.52424204
Hounslow,R0209,0.5264191
Hounslow,R0214,0.4820976
Hounslow,R0221,0.5524246
Hounslow,R0224,0.54288906
Hounslow,R0226,0.45278752
Hounslow,R0232,0.51451635
Hounslow,R0233,0.53123665
Hounslow,R0368,0.6602317
Hounslow,R0369,0.65268075
Hounslow,R0494,0.47298765
Hounslow,R0642,0.60861665
Hounslow,R0643,0.4379938
Hounslow,R0644,0.5273698
Hounslow,R0645,0.535745
Hounslow,R0646,0.56395763
Hounslow,R0647,0.58959913
Hounslow,R0648,0.54745585
Hounslow,R0649,0.5821459
Hounslow,R0650,0.5982768
Hounslow,R0865,0.41515127
Hounslow,R0871,0.6366699
Hounslow,T242,0.49679318
Hounslow,T243,0.5417039
Hounslow,T244,0.5002476
Hounslow,T245,0.48705265
Hounslow,T246,0.5157806
Hounslow,T247,0.50712126
Hounslow,T248,0.5098823
Hounslow,T249,0.5147266
Hounslow,T255,0.44273302
Hounslow,T2557,0.4743912
Hounslow,T256,0.4634631
Hounslow,T2560,0.48545983
Hounslow,T2562,0.5242727
Hounslow,T2563,0.48329353
Hounslow,T2568,0.5378778
Hounslow,T2569,0.49994373
Hounslow,T2570,0.57258207
Hounslow,T2571,0.5742313
Hounslow,T2572,0.48897246
Hounslow,T2573,0.49648884
Hounslow,T259,0.49652427
Hounslow,15659,0.44289497
Hounslow,15704,0.5500898
Hounslow,15705,0.54242665
Hounslow,16217,0.5119284
Hounslow,16218,0.5128673
Hounslow,17032,0.42728534
Hounslow,17033,0.42804992
Hounslow,1778,0.5171564
Hounslow,20283,0.48566815
Hounslow,33528,0.562939
Hounslow,553,0.50758696
Hounslow,6168,0.49107316
Hounslow,6169,0.47895208
Hounslow,6175,0.49476254
Hounslow,6195,0.5537342
Hounslow,6196,0.55251193
Hounslow,6872,0.4745186
Hounslow,6873,0.46070203
Hounslow,6875,0.48264375
Hounslow,6893,0.45090944
Hounslow,6895,0.4874402
Hounslow,BP1183,0.4259132
Hounslow,BP1184,0.43079564
Hounslow,BP1798,0.5430948
Hounslow,BP3197,0.46005118
Hounslow,BP4824,0.48514515
Hounslow,BP5038,0.47788
Hounslow,BP5045,0.46312493
Hounslow,BP5085,0.45584702
Islington,10002,0.76878905
Islington,10003,0.766377
Islington,10004,0.75481755
Islington,10005,0.7550573
Islington,10010,0.68597925
Islington,10011,0.7335118
Islington,1017,0.78357714
Islington,1045,0.73655874
Islington,1046,0.7381988
Islington,1073,0.7583821
Islington,1074,0.761799
Islington,1080,0.7074691
Islington,1084,0.658819
Islington,11328,0.627291
Islington,11416,0.6156429
Islington,11417,0.61260396
Islington,11419,0.5865762
Islington,11420,0.58954334
Islington,11469,0.7691193
Islington,11470,0.760113
Islington,12230,0.7223053
Islington,12232,0.7192396
Islington,12233,0.7074159
Islington,12235,0.6912529
Islington,12236,0.6958118
Islington,12237,0.67365706
Islington,12238,0.6758614
Islington,1286,0.5393218
Islington,1287,0.5196921
Islington,1289,0.6225014
Islington,1293,0.7549474
Islington,13463,0.7951084
Islington,13464,0.79589015
Islington,13466,0.7932416
Islington,13467,0.77653235
Islington,13469,0.76803774
Islington,13472,0.7669892
Islington,13473,0.7704552
Islington,13474,0.7883818
Islington,13475,0.7953996
Islington,13476,0.8222254
Islington,13619,0.6428743
Islington,14237,0.7439652
Islington,14592,0.5856563
Islington,14593,0.60254115
Islington,14596,0.5988161
Islington,14599,0.6745408
Islington,14600,0.6650901
Islington,14601,0.6645673
Islington,14602,0.65977305
Islington,14605,0.7119656
Islington,14606,0.7112128
Islington,14608,0.7049187
Islington,14609,0.7012962
Islington,14612,0.62254655
Islington,14613,0.62294817
Islington,14616,0.6316909
Islington,14674,0.4803135
Islington,14879,0.5369367
Islington,14920,0.7011261
Islington,15059,0.6593777
Islington,15060,0.73260355
Islington,15061,0.6658132
Islington,15062,0.67112076
Islington,15063,0.67039585
Islington,15064,0.65729254
Islington,15065,0.68261045
Islington,15066,0.6870519
Islington,15067,0.7036447
Islington,15169,0.45771956
Islington,15170,0.4867474
Islington,15171,0.60305727
Islington,1546,0.5386343
Islington,1547,0.56908226
Islington,1549,0.5356571
Islington,1552,0.6529306
Islington,15891,0.70755136
Islington,15892,0.70259315
Islington,16075,0.52985215
Islington,16076,0.5495872
Islington,16077,0.5073703
Islington,16078,0.5161828
Islington,17293,0.67702216
Islington,17294,0.66000146
Islington,17295,0.6598538
Islington,17471,0.559299
Islington,17472,0.5747397
Islington,17952,0.68846714
Islington,17953,0.694105
Islington,17954,0.64359784
Islington,17955,0.63433075
Islington,1801,0.7481596
Islington,1802,0.7451865
Islington,18079,0.5374989
Islington,18080,0.52350783
Islington,18081,0.47669825
Islington,18215,0.49960038
Islington,18216,0.49698347
Islington,185,0.75589484
Islington,187,0.8271304
Islington,188,0.8176582
Islington,18851,0.5444542
Islington,18854,0.48524305
Islington,18857,0.5167631
Islington,18858,0.5451522
Islington,18862,0.6362622
Islington,18864,0.67435867
Islington,18866,0.7826738
Islington,20583,0.7856871
Islington,20684,0.7465277
Islington,20726,0.80483675
Islington,21,0.5260599
Islington,2286,0.7990126
Islington,2287,0.7965896
Islington,2434,0.6689157
Islington,2437,0.66150343
Islington,2441,0.6771913
Islington,2442,0.695718
Islington,2443,0.62265867
Islington,2444,0.64169115
Islington,2448,0.5859194
Islington,2460,0.83144385
Islington,2462,0.83434004
Islington,2463,0.8199363
Islington,25146,0.75773597
Islington,2626,0.7771164
Islington,2627,0.7467972
Islington,2632,0.6816161
Islington,2633,0.70306176
Islington,2636,0.7321748
Islington,2637,0.72410995
Islington,2638,0.6990166
Islington,2639,0.7267892
Islington,26428,0.7061168
Islington,26500,0.7607296
Islington,26591,0.73229396
Islington,26885,0.7496478
Islington,26970,0.50732565
Islington,27458,0.51021093
Islington,27475,0.8010499
Islington,2780,0.76370615
Islington,29689,0.5448579
Islington,29690,0.5413471
Islington,297,0.7805363
Islington,29748,0.7384724
Islington,29772,0.76614016
Islington,29792,0.7404374
Islington,29918,0.5668404
Islington,29930,0.7894324
Islington,312,0.61001223
Islington,314,0.62440366
Islington,33092,0.7605135
Islington,33153,0.68919694
Islington,33320,0.7502013
Islington,33321,0.65955704
Islington,33322,0.68661124
Islington,33325,0.66232216
Islington,33326,0.54723877
Islington,33327,0.5610462
Islington,33328,0.6556718
Islington,33329,0.6662976
Islington,33330,0.6015668
Islington,33331,0.5693646
Islington,33604,0.74913317
Islington,33985,0.6455773
Islington,34055,0.7708786
Islington,34282,0.49539918
Islington,34331,0.5889743
Islington,34333,0.5301367
Islington,34334,0.528859
Islington,34335,0.5098034
Islington,34336,0.4971034
Islington,34337,0.47405413
Islington,34338,0.4660837
Islington,34339,0.5049178
Islington,34340,0.5283165
Islington,34354,0.5426583
Islington,34429,0.6348994
Islington,34516,0.5861246
Islington,34517,0.5870287
Islington,34518,0.58416736
Islington,34519,0.5852761
Islington,34959,0.5757791
Islington,34964,0.5030306
Islington,34965,0.5596221
Islington,3513,0.72100776
Islington,35361,0.49539348
Islington,360,0.73008436
Islington,361,0.7714773
Islington,36578,0.66706145
Islington,36608,0.66694677
Islington,36800,0.66321766
Islington,36804,0.56538093
Islington,37035,0.68401754
Islington,37036,0.5669244
Islington,37037,0.66202646
Islington,37038,0.6538456
Islington,37040,0.73015153
Islington,37045,0.5895695
Islington,37046,0.6335643
Islington,37047,0.621977
Islington,37048,0.63297087
Islington,37049,0.68115634
Islington,37050,0.56084466
Islington,37051,0.5674112
Islington,37052,0.6722044
Islington,37053,0.6896998
Islington,37054,0.60571754
Islington,37055,0.5924822
Islington,37626,0.7244537
Islington,37627,0.7178213
Islington,37646,0.75962704
Islington,4714,0.5402086
Islington,4715,0.71482325
Islington,4716,0.768917
Islington,4717,0.61916584
Islington,526,0.6054183
Islington,529,0.5872682
Islington,530,0.6198408
Islington,616,0.7418545
Islington,617,0.7802395
Islington,618,0.7091634
Islington,72,0.6354748
Islington,751,0.5189226
Islington,7735,0.7504859
Islington,7800,0.62201935
Islington,7868,0.77531445
Islington,790,0.7801521
Islington,791,0.77926815
Islington,792,0.741832
Islington,793,0.7206626
Islington,796,0.65842444
Islington,797,0.6803094
Islington,80001,0.766114
Islington,8363,0.7821639
Islington,8368,0.76169807
Islington,8371,0.7346253
Islington,8372,0.73483765
Islington,8376,0.68822
Islington,8378,0.7044423
Islington,8380,0.70131004
Islington,8381,0.74546367
Islington,8385,0.7277694
Islington,8386,0.70354265
Islington,8387,0.7297365
Islington,8388,0.72146076
Islington,8389,0.7151501
Islington,8390,0.74653214
Islington,8391,0.734162
Islington,8392,0.7518362
Islington,8393,0.78689015
Islington,8562,0.8308764
Islington,905,0.70274556
Islington,907,0.7081523
Islington,908,0.6645342
Islington,909,0.66147083
Islington,911,0.6417744
Islington,9242,0.71765834
Islington,9487,0.7417925
Islington,9488,0.76410747
Islington,949,0.60480237
Islington,954,0.6387396
Islington,970,0.64883184
Islington,9826,0.7254214
Islington,9827,0.72629154
Islington,9829,0.7136435
Islington,9830,0.7233315
Islington,9831,0.72313845
Islington,9833,0.7094434
Islington,9834,0.7027898
Islington,9836,0.7424036
Islington,9839,0.74005455
Islington,9840,0.742267
Islington,9841,0.6775281
Islington,9842,0.68639594
Islington,9843,0.6544331
Islington,9845,0.6437714
Islington,9850,0.59682477
Islington,9852,0.5838336
Islington,9853,0.6148828
Islington,9857,0.63459593
Islington,9858,0.6319818
Islington,9861,0.60806274
Islington,9862,0.61713165
Islington,9995,0.7443691
Islington,9996,0.746192
Islington,BP001,0.6783168
Islington,BP002,0.67946863
Islington,BP003,0.67764634
Islington,BP1012,0.52314615
Islington,BP1079,0.7848295
Islington,BP134,0.78144944
Islington,BP1345,0.6216912
Islington,BP1391,0.6985678
Islington,BP1392,0.74691606
Islington,BP1511,0.63748914
Islington,BP1512,0.66761994
Islington,BP1513,0.5926037
Islington,BP1521,0.51369935
Islington,BP1522,0.63253695
Islington,BP1523,0.64045054
Islington,BP1896,0.63886887
Islington,BP1998,0.7625561
Islington,BP2307,0.6450185
Islington,BP2478,0.6409077
Islington,BP2649,0.65785336
Islington,BP3190,0.67277485
Islington,BP3222,0.66282487
Islington,BP3247,0.5301125
Islington,BP3249,0.5566628
Islington,BP3289,0.60473174
Islington,BP3747,0.63904953
Islington,BP3748,0.63295346
Islington,BP3749,0.661175
Islington,BP3750,0.66013783
Islington,BP3751,0.6125009
Islington,BP3752,0.6118021
Islington,BP3753,0.61998665
Islington,BP3754,0.6169192
Islington,BP3804,0.6222111
Islington,BP3912,0.7735306
Islington,BP4240,0.72292244
Islington,BP4242,0.7945784
Islington,BP4326,0.6702367
Islington,BP4674,0.6586517
Islington,BP5024,0.5021341
Islington,BP5025,0.6221555
Islington,BP5026,0.50122225
Islington,BP5027,0.520674
Islington,BP5536,0.7742318
Islington,BP5537,0.7716418
Islington,BP5972,0.7319787
Islington,BP6016,0.64193064
Islington,BP6017,0.626093
Islington,BP6018,0.5803152
Islington,BP6243,0.80020887
Islington,BP6253,0.80805695
Islington,BP753,0.60113376
Islington,FL002,0.62436503
Islington,FL004,0.67449445
Islington,R0001,0.75477403
Islington,R0002,0.7375017
Islington,R0003,0.72180986
Islington,1291,0.6659012
Islington,18082,0.57606894
Islington,363,0.7987953
Islington,36601,0.77919567
Islington,36602,0.80658543
Islington,8369,0.76093596
Kensington and Chelsea,1059,0.40181938
Kensington and Chelsea,1061,0.3667568
Kensington and Chelsea,1062,0.36545256
Kensington and Chelsea,1063,0.38050404
Kensington and Chelsea,1064,0.38780153
Kensington and Chelsea,1065,0.38327745
Kensington and Chelsea,1069,0.36996654
Kensington and Chelsea,1070,0.36572328
Kensington and Chelsea,1072,0.39071918
Kensington and Chelsea,11145,0.3581921
Kensington and Chelsea,11146,0.35354728
Kensington and Chelsea,11148,0.46578127
Kensington and Chelsea,11149,0.4665612
Kensington and Chelsea,11150,0.4681978
Kensington and Chelsea,11151,0.48246172
Kensington and Chelsea,11152,0.48494816
Kensington and Chelsea,11156,0.37585586
Kensington and Chelsea,11160,0.39959762
Kensington and Chelsea,11162,0.38229135
Kensington and Chelsea,11164,0.38256878
Kensington and Chelsea,11165,0.39143986
Kensington and Chelsea,11166,0.39547512
Kensington and Chelsea,11169,0.42259648
Kensington and Chelsea,11170,0.42690304
Kensington and Chelsea,11171,0.41764787
Kensington and Chelsea,11175,0.4095224
Kensington and Chelsea,11178,0.42265382
Kensington and Chelsea,11179,0.42194775
Kensington and Chelsea,11184,0.42849985
Kensington and Chelsea,11187,0.42262775
Kensington and Chelsea,11195,0.39342448
Kensington and Chelsea,11196,0.41620696
Kensington and Chelsea,11197,0.38857022
Kensington and Chelsea,11283,0.44008833
Kensington and Chelsea,11286,0.4509042
Kensington and Chelsea,11287,0.45337954
Kensington and Chelsea,11289,0.48770034
Kensington and Chelsea,11291,0.35386476
Kensington and Chelsea,11292,0.35028714
Kensington and Chelsea,11293,0.3428058
Kensington and Chelsea,11294,0.3725705
Kensington and Chelsea,11295,0.37886515
Kensington and Chelsea,11296,0.37998974
Kensington and Chelsea,11297,0.38861805
Kensington and Chelsea,11298,0.40566522
Kensington and Chelsea,11300,0.40399832
Kensington and Chelsea,11307,0.3870014
Kensington and Chelsea,11309,0.38611686
Kensington and Chelsea,11311,0.40307716
Kensington and Chelsea,11312,0.38975796
Kensington and Chelsea,11313,0.3889591
Kensington and Chelsea,11325,0.47514802
Kensington and Chelsea,11326,0.48021722
Kensington and Chelsea,11471,0.44678995
Kensington and Chelsea,11472,0.4237896
Kensington and Chelsea,11476,0.37095726
Kensington and Chelsea,1151,0.3862991
Kensington and Chelsea,11522,0.37502322
Kensington and Chelsea,11523,0.3710403
Kensington and Chelsea,11527,0.4208394
Kensington and Chelsea,11528,0.42456174
Kensington and Chelsea,11531,0.41207495
Kensington and Chelsea,11532,0.4054263
Kensington and Chelsea,11533,0.38189143
Kensington and Chelsea,11534,0.3974716
Kensington and Chelsea,11535,0.3864299
Kensington and Chelsea,11537,0.40398788
Kensington and Chelsea,11538,0.4075352
Kensington and Chelsea,11539,0.42133403
Kensington and Chelsea,11540,0.41180542
Kensington and Chelsea,11541,0.37192845
Kensington and Chelsea,11542,0.3796963
Kensington and Chelsea,11543,0.3703797
Kensington and Chelsea,11544,0.3779498
Kensington and Chelsea,11545,0.3642877
Kensington and Chelsea,11546,0.35859612
Kensington and Chelsea,11547,0.36469716
Kensington and Chelsea,11548,0.36112258
Kensington and Chelsea,11550,0.41422296
Kensington and Chelsea,11551,0.41554126
Kensington and Chelsea,11552,0.4170862
Kensington and Chelsea,11553,0.38791236
Kensington and Chelsea,11751,0.4551486
Kensington and Chelsea,120,0.41067448
Kensington and Chelsea,1259,0.37518302
Kensington and Chelsea,126,0.3926923
Kensington and Chelsea,1260,0.4261619
Kensington and Chelsea,1264,0.38396668
Kensington and Chelsea,1265,0.39434984
Kensington and Chelsea,1266,0.36176866
Kensington and Chelsea,1268,0.3807876
Kensington and Chelsea,1269,0.3801865
Kensington and Chelsea,1270,0.37304634
Kensington and Chelsea,1271,0.36376753
Kensington and Chelsea,1272,0.39258894
Kensington and Chelsea,1399,0.4218774
Kensington and Chelsea,1400,0.42950144
Kensington and Chelsea,1446,0.41339582
Kensington and Chelsea,1448,0.40538165
Kensington and Chelsea,1449,0.38900688
Kensington and Chelsea,1450,0.39102793
Kensington and Chelsea,14640,0.42301786
Kensington and Chelsea,15277,0.38821474
Kensington and Chelsea,15278,0.38911444
Kensington and Chelsea,15279,0.3938119
Kensington and Chelsea,1560,0.43345886
Kensington and Chelsea,1561,0.45944744
Kensington and Chelsea,1562,0.4650734
Kensington and Chelsea,1563,0.45468017
Kensington and Chelsea,1564,0.42436492
Kensington and Chelsea,1565,0.40651438
Kensington and Chelsea,1566,0.37263143
Kensington and Chelsea,1573,0.36347786
Kensington and Chelsea,1575,0.40253597
Kensington and Chelsea,1576,0.39882454
Kensington and Chelsea,16031,0.45893416
Kensington and Chelsea,16034,0.4102702
Kensington and Chelsea,16870,0.4012008
Kensington and Chelsea,17368,0.39760837
Kensington and Chelsea,1791,0.37607297
Kensington and Chelsea,1808,0.35760236
Kensington and Chelsea,1809,0.36151898
Kensington and Chelsea,1824,0.34764102
Kensington and Chelsea,20591,0.40638468
Kensington and Chelsea,20821,0.41186956
Kensington and Chelsea,20883,0.37699243
Kensington and Chelsea,20968,0.3576173
Kensington and Chelsea,213,0.42344928
Kensington and Chelsea,216,0.43532512
Kensington and Chelsea,25053,0.36236802
Kensington and Chelsea,25136,0.33977503
Kensington and Chelsea,25448,0.4146758
Kensington and Chelsea,25695,0.42585075
Kensington and Chelsea,26492,0.41088888
Kensington and Chelsea,26493,0.4088771
Kensington and Chelsea,2654,0.3819331
Kensington and Chelsea,2661,0.47372165
Kensington and Chelsea,2662,0.43047157
Kensington and Chelsea,27496,0.39980462
Kensington and Chelsea,27497,0.39213803
Kensington and Chelsea,27791,0.38708264
Kensington and Chelsea,28421,0.36841947
Kensington and Chelsea,29615,0.5071635
Kensington and Chelsea,29935,0.43816218
Kensington and Chelsea,29936,0.39229783
Kensington and Chelsea,29937,0.39470187
Kensington and Chelsea,29938,0.4114805
Kensington and Chelsea,29939,0.42762306
Kensington and Chelsea,29940,0.3868833
Kensington and Chelsea,29941,0.38825634
Kensington and Chelsea,3191,0.45568448
Kensington and Chelsea,3192,0.4463434
Kensington and Chelsea,3237,0.45335692
Kensington and Chelsea,3239,0.3928087
Kensington and Chelsea,3243,0.36856782
Kensington and Chelsea,34171,0.42165425
Kensington and Chelsea,34172,0.38027835
Kensington and Chelsea,34173,0.3852252
Kensington and Chelsea,34564,0.42087248
Kensington and Chelsea,34565,0.4152624
Kensington and Chelsea,34567,0.4069948
Kensington and Chelsea,34570,0.40347466
Kensington and Chelsea,34571,0.4100516
Kensington and Chelsea,34572,0.40225086
Kensington and Chelsea,34573,0.40412638
Kensington and Chelsea,34574,0.41327068
Kensington and Chelsea,34575,0.41760164
Kensington and Chelsea,34755,0.44276533
Kensington and Chelsea,34760,0.4011231
Kensington and Chelsea,35140,0.44650224
Kensington and Chelsea,35141,0.45163795
Kensington and Chelsea,35202,0.38543546
Kensington and Chelsea,35294,0.42895916
Kensington and Chelsea,35674,0.44746163
Kensington and Chelsea,35905,0.36913818
Kensington and Chelsea,35987,0.44800162
Kensington and Chelsea,35988,0.452564
Kensington and Chelsea,36575,0.4089553
Kensington and Chelsea,36788,0.39700162
Kensington and Chelsea,36798,0.3932745
Kensington and Chelsea,36836,0.40390393
Kensington and Chelsea,36881,0.35009
Kensington and Chelsea,36885,0.42989874
Kensington and Chelsea,37304,0.4136052
Kensington and Chelsea,37382,0.44509733
Kensington and Chelsea,37383,0.44025084
Kensington and Chelsea,37384,0.42261502
Kensington and Chelsea,37385,0.47222793
Kensington and Chelsea,37386,0.4384264
Kensington and Chelsea,37404,0.45560816
Kensington and Chelsea,37407,0.37695503
Kensington and Chelsea,37444,0.39607814
Kensington and Chelsea,37445,0.4214248
Kensington and Chelsea,37615,0.38147002
Kensington and Chelsea,37616,0.38307977
Kensington and Chelsea,37624,0.41122448
Kensington and Chelsea,37625,0.40808475
Kensington and Chelsea,37689,0.39924216
Kensington and Chelsea,3900,0.36369145
Kensington and Chelsea,690,0.41308692
Kensington and Chelsea,81,0.40415454
Kensington and Chelsea,82,0.40943912
Kensington and Chelsea,83,0.38334486
Kensington and Chelsea,836,0.39096272
Kensington and Chelsea,837,0.3727645
Kensington and Chelsea,839,0.42137027
Kensington and Chelsea,84,0.37936732
Kensington and Chelsea,8410,0.41834247
Kensington and Chelsea,865,0.45509404
Kensington and Chelsea,87,0.44094726
Kensington and Chelsea,893,0.36150897
Kensington and Chelsea,894,0.38130325
Kensington and Chelsea,91525,0.45243305
Kensington and Chelsea,9417,0.37367404
Kensington and Chelsea,9418,0.39286345
Kensington and Chelsea,9419,0.4135745
Kensington and Chelsea,9420,0.4631044
Kensington and Chelsea,9451,0.40041658
Kensington and Chelsea,9481,0.38423502
Kensington and Chelsea,9482,0.3720327
Kensington and Chelsea,BP1108,0.42464173
Kensington and Chelsea,BP1527,0.44460005
Kensington and Chelsea,BP1589,0.38711023
Kensington and Chelsea,BP1733,0.40073118
Kensington and Chelsea,BP212,0.47459114
Kensington and Chelsea,BP2865,0.38994762
Kensington and Chelsea,BP3778,0.41287178
Kensington and Chelsea,BP3779,0.41597918
Kensington and Chelsea,BP3780,0.45098752
Kensington and Chelsea,BP3781,0.47141436
Kensington and Chelsea,BP3782,0.42112476
Kensington and Chelsea,BP3783,0.4143982
Kensington and Chelsea,BP3784,0.41802534
Kensington and Chelsea,BP3785,0.45148832
Kensington and Chelsea,BP5155,0.49126503
Kensington and Chelsea,BP5266,0.41647923
Kensington and Chelsea,BP5267,0.43994462
Kensington and Chelsea,BP5268,0.43750814
Kensington and Chelsea,BP5348,0.44582894
Kensington and Chelsea,BP5351,0.41750377
Kensington and Chelsea,BP5352,0.4270464
Kensington and Chelsea,BP5570,0.44732314
Kensington and Chelsea,BP5926,0.44080848
Kensington and Chelsea,BP5927,0.42938104
Kensington and Chelsea,BP675,0.42908445
Kensington and Chelsea,BP686,0.37180403
Kensington and Chelsea,R0098,0.36032975
Kensington and Chelsea,1067,0.36760065
Kensington and Chelsea,1071,0.39037016
Kensington and Chelsea,11154,0.3988776
Kensington and Chelsea,11155,0.37140486
Kensington and Chelsea,11306,0.39954036
Kensington and Chelsea,33257,0.40658906
Kensington and Chelsea,35673,0.43737695
Kensington and Chelsea,37401,0.4873349
Kensington and Chelsea,37414,0.4318401
Kensington and Chelsea,37430,0.48033395
Kensington and Chelsea,BP5154,0.506562
Kensington and Chelsea,BP5300,0.48328
Kensington and Chelsea,BP5349,0.46070406
Kingston upon Thames,10019,0.6138593
Kingston upon Thames,10023,0.59418243
Kingston upon Thames,10024,0.61046046
Kingston upon Thames,10028,0.6410379
Kingston upon Thames,10031,0.6628199
Kingston upon Thames,10032,0.6499967
Kingston upon Thames,10037,0.65377706
Kingston upon Thames,10038,0.63635546
Kingston upon Thames,10041,0.60089654
Kingston upon Thames,11127,0.6490412
Kingston upon Thames,11128,0.6434156
Kingston upon Thames,11350,0.5969216
Kingston upon Thames,11351,0.5971765
Kingston upon Thames,11457,0.6065803
Kingston upon Thames,11458,0.627975
Kingston upon Thames,11461,0.5852318
Kingston upon Thames,11462,0.57724357
Kingston upon Thames,11464,0.59526205
Kingston upon Thames,11739,0.66048133
Kingston upon Thames,12900,0.6214568
Kingston upon Thames,14197,0.5871762
Kingston upon Thames,14198,0.596547
Kingston upon Thames,1420,0.6019965
Kingston upon Thames,14200,0.61679214
Kingston upon Thames,14201,0.6181336
Kingston upon Thames,14850,0.6335203
Kingston upon Thames,15716,0.6386364
Kingston upon Thames,15717,0.65000707
Kingston upon Thames,15720,0.5814844
Kingston upon Thames,15721,0.6175671
Kingston upon Thames,15722,0.6105261
Kingston upon Thames,15723,0.5809307
Kingston upon Thames,15724,0.5680628
Kingston upon Thames,15725,0.56458277
Kingston upon Thames,15727,0.6215928
Kingston upon Thames,15728,0.62085104
Kingston upon Thames,15730,0.603328
Kingston upon Thames,15731,0.62727493
Kingston upon Thames,15732,0.643123
Kingston upon Thames,15733,0.6295307
Kingston upon Thames,15734,0.62933606
Kingston upon Thames,15735,0.6584767
Kingston upon Thames,1601,0.7180597
Kingston upon Thames,1602,0.6777136
Kingston upon Thames,16725,0.68935215
Kingston upon Thames,16726,0.6432783
Kingston upon Thames,16727,0.70431924
Kingston upon Thames,16728,0.6485803
Kingston upon Thames,16729,0.64127684
Kingston upon Thames,16730,0.6001257
Kingston upon Thames,16731,0.5897277
Kingston upon Thames,16734,0.6370791
Kingston upon Thames,16735,0.60963297
Kingston upon Thames,16736,0.5879822
Kingston upon Thames,16737,0.59842306
Kingston upon Thames,16738,0.6064387
Kingston upon Thames,16739,0.6037183
Kingston upon Thames,16740,0.6220727
Kingston upon Thames,16741,0.63542914
Kingston upon Thames,16742,0.66160595
Kingston upon Thames,16746,0.60783476
Kingston upon Thames,16747,0.61600006
Kingston upon Thames,17600,0.7086996
Kingston upon Thames,17601,0.6623441
Kingston upon Thames,1787,0.62021476
Kingston upon Thames,1788,0.61486113
Kingston upon Thames,1789,0.6238625
Kingston upon Thames,1790,0.6276303
Kingston upon Thames,1799,0.61473763
Kingston upon Thames,1800,0.61364263
Kingston upon Thames,18693,0.6651617
Kingston upon Thames,18695,0.662306
Kingston upon Thames,18696,0.6319563
Kingston upon Thames,18698,0.6374789
Kingston upon Thames,18722,0.6567853
Kingston upon Thames,18723,0.6483854
Kingston upon Thames,18724,0.64997184
Kingston upon Thames,18916,0.6681075
Kingston upon Thames,1915,0.6367161
Kingston upon Thames,1916,0.6542109
Kingston upon Thames,1917,0.6251597
Kingston upon Thames,19364,0.6317552
Kingston upon Thames,19366,0.6561718
Kingston upon Thames,19367,0.65592325
Kingston upon Thames,19463,0.63962364
Kingston upon Thames,19542,0.6216374
Kingston upon Thames,19544,0.62012696
Kingston upon Thames,19545,0.6189738
Kingston upon Thames,19547,0.6804564
Kingston upon Thames,19548,0.66556776
Kingston upon Thames,19549,0.6649167
Kingston upon Thames,19550,0.63202506
Kingston upon Thames,19551,0.64245313
Kingston upon Thames,19589,0.5814138
Kingston upon Thames,19590,0.58397675
Kingston upon Thames,19592,0.6448617
Kingston upon Thames,20096,0.6425217
Kingston upon Thames,20097,0.6343419
Kingston upon Thames,2022,0.68042296
Kingston upon Thames,2023,0.6811183
Kingston upon Thames,20503,0.59644747
Kingston upon Thames,20662,0.6192048
Kingston upon Thames,20671,0.6014416
Kingston upon Thames,20672,0.60886955
Kingston upon Thames,20715,0.6300535
Kingston upon Thames,20823,0.58909893
Kingston upon Thames,21237,0.63284856
Kingston upon Thames,23295,0.6595866
Kingston upon Thames,23296,0.64080393
Kingston upon Thames,23297,0.62156004
Kingston upon Thames,23298,0.66730714
Kingston upon Thames,23299,0.6241975
Kingston upon Thames,23300,0.6819466
Kingston upon Thames,23405,0.63799655
Kingston upon Thames,23416,0.5859299
Kingston upon Thames,23503,0.6420457
Kingston upon Thames,23504,0.6365488
Kingston upon Thames,23505,0.6743954
Kingston upon Thames,23506,0.6332589
Kingston upon Thames,23509,0.66493344
Kingston upon Thames,23510,0.67276293
Kingston upon Thames,23511,0.7060547
Kingston upon Thames,23512,0.6829034
Kingston upon Thames,23513,0.68218666
Kingston upon Thames,23514,0.682144
Kingston upon Thames,23515,0.6852317
Kingston upon Thames,23516,0.685237
Kingston upon Thames,23517,0.6646749
Kingston upon Thames,23518,0.6401486
Kingston upon Thames,23520,0.63534415
Kingston upon Thames,23521,0.5842529
Kingston upon Thames,23853,0.66755676
Kingston upon Thames,2416,0.7026537
Kingston upon Thames,2417,0.6947147
Kingston upon Thames,24483,0.59844106
Kingston upon Thames,25057,0.6617395
Kingston upon Thames,25070,0.65930825
Kingston upon Thames,25071,0.6597565
Kingston upon Thames,25117,0.64388406
Kingston upon Thames,25119,0.65946746
Kingston upon Thames,25135,0.5688643
Kingston upon Thames,25143,0.6540139
Kingston upon Thames,25144,0.6330735
Kingston upon Thames,25349,0.6533393
Kingston upon Thames,25351,0.63809943
Kingston upon Thames,25352,0.6240698
Kingston upon Thames,25353,0.6306465
Kingston upon Thames,25354,0.62348723
Kingston upon Thames,25355,0.62482136
Kingston upon Thames,25356,0.6145438
Kingston upon Thames,25357,0.62010974
Kingston upon Thames,25358,0.6238329
Kingston upon Thames,25359,0.6155743
Kingston upon Thames,25360,0.6079556
Kingston upon Thames,25571,0.6942691
Kingston upon Thames,25572,0.68194366
Kingston upon Thames,25577,0.67381257
Kingston upon Thames,26592,0.6025985
Kingston upon Thames,26593,0.60436594
Kingston upon Thames,2710,0.67873836
Kingston upon Thames,2711,0.66379684
Kingston upon Thames,27354,0.5991886
Kingston upon Thames,27358,0.62618846
Kingston upon Thames,27360,0.5754066
Kingston upon Thames,27378,0.6213944
Kingston upon Thames,27379,0.56990004
Kingston upon Thames,27383,0.59039354
Kingston upon Thames,27386,0.5953505
Kingston upon Thames,27387,0.61941224
Kingston upon Thames,27388,0.64404535
Kingston upon Thames,27532,0.58763194
Kingston upon Thames,27533,0.5703822
Kingston upon Thames,27573,0.661205
Kingston upon Thames,27708,0.6318354
Kingston upon Thames,28215,0.6587682
Kingston upon Thames,29816,0.62368464
Kingston upon Thames,29817,0.6321337
Kingston upon Thames,29818,0.6476429
Kingston upon Thames,29819,0.6528837
Kingston upon Thames,31468,0.58953685
Kingston upon Thames,31742,0.57531935
Kingston upon Thames,33029,0.640399
Kingston upon Thames,33031,0.643696
Kingston upon Thames,33032,0.64849174
Kingston upon Thames,33034,0.64030415
Kingston upon Thames,33058,0.6445044
Kingston upon Thames,33059,0.64131254
Kingston upon Thames,33077,0.614895
Kingston upon Thames,33078,0.61455053
Kingston upon Thames,33216,0.62525195
Kingston upon Thames,33217,0.5971001
Kingston upon Thames,33218,0.59762555
Kingston upon Thames,33219,0.5969175
Kingston upon Thames,33268,0.6743161
Kingston upon Thames,33269,0.6740943
Kingston upon Thames,33389,0.6289377
Kingston upon Thames,33470,0.6677058
Kingston upon Thames,33471,0.67738116
Kingston upon Thames,33472,0.6459964
Kingston upon Thames,33473,0.6556548
Kingston upon Thames,33474,0.6216134
Kingston upon Thames,33475,0.6340982
Kingston upon Thames,33588,0.6223909
Kingston upon Thames,33590,0.62219626
Kingston upon Thames,33591,0.6230727
Kingston upon Thames,33592,0.63700783
Kingston upon Thames,33613,0.6408295
Kingston upon Thames,33921,0.6141941
Kingston upon Thames,33938,0.63282156
Kingston upon Thames,34031,0.6025698
Kingston upon Thames,34034,0.702301
Kingston upon Thames,34035,0.71787566
Kingston upon Thames,34254,0.6448187
Kingston upon Thames,3472,0.65606683
Kingston upon Thames,3475,0.6639435
Kingston upon Thames,3476,0.65761673
Kingston upon Thames,3477,0.6497304
Kingston upon Thames,35376,0.6239575
Kingston upon Thames,35733,0.62988
Kingston upon Thames,3620,0.6307374
Kingston upon Thames,36894,0.6054649
Kingston upon Thames,36903,0.6605805
Kingston upon Thames,37293,0.6405121
Kingston upon Thames,3794,0.63996
Kingston upon Thames,3795,0.61544853
Kingston upon Thames,4477,0.5996303
Kingston upon Thames,4479,0.63293684
Kingston upon Thames,4480,0.63184536
Kingston upon Thames,4483,0.6268797
Kingston upon Thames,4486,0.610913
Kingston upon Thames,4489,0.6740095
Kingston upon Thames,4507,0.6451152
Kingston upon Thames,4508,0.66792136
Kingston upon Thames,4510,0.6348449
Kingston upon Thames,4513,0.5894308
Kingston upon Thames,4514,0.59960943
Kingston upon Thames,4515,0.6485129
Kingston upon Thames,4516,0.6485875
Kingston upon Thames,4517,0.63691854
Kingston upon Thames,4518,0.6632546
Kingston upon Thames,4520,0.6177629
Kingston upon Thames,4521,0.6686127
Kingston upon Thames,4522,0.6672743
Kingston upon Thames,4523,0.61922234
Kingston upon Thames,4524,0.62066716
Kingston upon Thames,6726,0.5875739
Kingston upon Thames,9796,0.64736307
Kingston upon Thames,9797,0.64847124
Kingston upon Thames,BP034,0.60909307
Kingston upon Thames,BP035,0.58762807
Kingston upon Thames,BP036,0.6020189
Kingston upon Thames,BP069,0.6583033
Kingston upon Thames,BP070,0.65564
Kingston upon Thames,BP1268,0.6388062
Kingston upon Thames,BP1337,0.7045324
Kingston upon Thames,BP1338,0.69839966
Kingston upon Thames,BP1528,0.6023836
Kingston upon Thames,BP1645,0.6254321
Kingston upon Thames,BP1646,0.6192882
Kingston upon Thames,BP1685,0.62063473
Kingston upon Thames,BP1735,0.6475119
Kingston upon Thames,BP1736,0.6295984
Kingston upon Thames,BP1737,0.61104506
Kingston upon Thames,BP189,0.62512815
Kingston upon Thames,BP1957,0.6870645
Kingston upon Thames,BP1958,0.6819174
Kingston upon Thames,BP1959,0.70916927
Kingston upon Thames,BP1960,0.6935128
Kingston upon Thames,BP2466,0.6575839
Kingston upon Thames,BP2599,0.6014864
Kingston upon Thames,BP2614,0.62493366
Kingston upon Thames,BP2674,0.6227154
Kingston upon Thames,BP272,0.6151833
Kingston upon Thames,BP2730,0.6244041
Kingston upon Thames,BP2819,0.6873862
Kingston upon Thames,BP2820,0.68690366
Kingston upon Thames,BP285,0.61725545
Kingston upon Thames,BP3109,0.63642925
Kingston upon Thames,BP3310,0.6469665
Kingston upon Thames,BP3422,0.736215
Kingston upon Thames,BP3619,0.6520154
Kingston upon Thames,BP3620,0.63893276
Kingston upon Thames,BP3621,0.6373639
Kingston upon Thames,BP3622,0.6388035
Kingston upon Thames,BP3623,0.64876175
Kingston upon Thames,BP379,0.61372393
Kingston upon Thames,BP386,0.6051555
Kingston upon Thames,BP387,0.6140406
Kingston upon Thames,BP3896,0.6614162
Kingston upon Thames,BP3897,0.66807586
Kingston upon Thames,BP4119,0.6425649
Kingston upon Thames,BP4479,0.6284794
Kingston upon Thames,BP4621,0.64902216
Kingston upon Thames,BP479,0.6301272
Kingston upon Thames,BP4867,0.6676717
Kingston upon Thames,BP488,0.63446337
Kingston upon Thames,BP490,0.63673145
Kingston upon Thames,BP491,0.5852305
Kingston upon Thames,BP4916,0.6647185
Kingston upon Thames,BP4917,0.652463
Kingston upon Thames,BP492,0.6278558
Kingston upon Thames,BP4929,0.57081544
Kingston upon Thames,BP493,0.6071781
Kingston upon Thames,BP496,0.63901764
Kingston upon Thames,BP497,0.6155477
Kingston upon Thames,BP499,0.5892111
Kingston upon Thames,BP4990,0.6458423
Kingston upon Thames,BP4997,0.593482
Kingston upon Thames,BP4998,0.5979739
Kingston upon Thames,BP4999,0.60684824
Kingston upon Thames,BP5000,0.58964306
Kingston upon Thames,BP5001,0.59399235
Kingston upon Thames,BP5002,0.58565193
Kingston upon Thames,BP504,0.6655136
Kingston upon Thames,BP5157,0.59260833
Kingston upon Thames,BP5198,0.6414225
Kingston upon Thames,BP5304,0.61341864
Kingston upon Thames,BP5305,0.6344003
Kingston upon Thames,BP5327,0.7044948
Kingston upon Thames,BP5328,0.7199512
Kingston upon Thames,BP5377,0.6287028
Kingston upon Thames,BP5378,0.6294862
Kingston upon Thames,BP5494,0.6326403
Kingston upon Thames,BP5596,0.6232471
Kingston upon Thames,BP5597,0.62708503
Kingston upon Thames,BP5598,0.62382936
Kingston upon Thames,BP5669,0.5933495
Kingston upon Thames,BP5671,0.59393793
Kingston upon Thames,BP5683,0.61981094
Kingston upon Thames,BP5719,0.69872904
Kingston upon Thames,BP5741,0.6402525
Kingston upon Thames,BP5778,0.6521903
Kingston upon Thames,BP5779,0.6513128
Kingston upon Thames,BP5780,0.6414973
Kingston upon Thames,BP5781,0.6519566
Kingston upon Thames,BP5796,0.6518527
Kingston upon Thames,BP5838,0.66136354
Kingston upon Thames,BP5839,0.6662821
Kingston upon Thames,BP618,0.61801046
Kingston upon Thames,BP780,0.625731
Kingston upon Thames,BP964,0.65812176
Kingston upon Thames,C17,0.6219475
Kingston upon Thames,FW1,0.59636736
Kingston upon Thames,HC69,0.56775314
Kingston upon Thames,HC70,0.63835686
Kingston upon Thames,HC71,0.6040579
Kingston upon Thames,HC72,0.582487
Kingston upon Thames,HC77,0.6908256
Kingston upon Thames,HC78,0.6432664
Kingston upon Thames,HC79,0.6158673
Kingston upon Thames,HC80,0.6142218
Kingston upon Thames,OC443,0.59467506
Kingston upon Thames,OC446,0.5959893
Kingston upon Thames,OC447,0.628874
Kingston upon Thames,OC448,0.61402047
Kingston upon Thames,OC454,0.6640489
Kingston upon Thames,OC456,0.6644063
Kingston upon Thames,OC586,0.592407
Kingston upon Thames,OC587,0.6205608
Kingston upon Thames,OC588,0.6169063
Kingston upon Thames,OC611,0.6268219
Kingston upon Thames,OC622,0.6027974
Kingston upon Thames,OC890,0.6365632
Kingston upon Thames,OC896,0.628717
Kingston upon Thames,OC897,0.65072614
Kingston upon Thames,OC898,0.6486865
Kingston upon Thames,OC899,0.69050735
Kingston upon Thames,R0111,0.67284787
Kingston upon Thames,R0127,0.67333996
Kingston upon Thames,R0130,0.62577206
Kingston upon Thames,R0132,0.6294672
Kingston upon Thames,R0133,0.66011125
Kingston upon Thames,R0154,0.60095334
Kingston upon Thames,R0160,0.6396302
Kingston upon Thames,R0162,0.6744562
Kingston upon Thames,R0167,0.65315133
Kingston upon Thames,R0279,0.6702876
Kingston upon Thames,R0287,0.6610727
Kingston upon Thames,R0292,0.56608975
Kingston upon Thames,R0348,0.62367624
Kingston upon Thames,R0685,0.64205056
Kingston upon Thames,R0691,0.6260473
Kingston upon Thames,R0698,0.57931787
Kingston upon Thames,R0699,0.6073957
Kingston upon Thames,R0700,0.6058097
Kingston upon Thames,R0701,0.5978318
Kingston upon Thames,R0702,0.6114073
Kingston upon Thames,R0705,0.6059334
Kingston upon Thames,R0861,0.598688
Kingston upon Thames,R0872,0.6349642
Kingston upon Thames,R0901,0.6571391
Lambeth,1047,0.5550958
Lambeth,1048,0.5566713
Lambeth,1087,0.49799818
Lambeth,1089,0.5059091
Lambeth,1108,0.49336395
Lambeth,11755,0.45320877
Lambeth,12751,0.4840213
Lambeth,12752,0.48636842
Lambeth,12753,0.48619285
Lambeth,12754,0.5301266
Lambeth,12755,0.44760555
Lambeth,12757,0.4526468
Lambeth,12758,0.4462255
Lambeth,12759,0.48764455
Lambeth,12763,0.6071439
Lambeth,12766,0.48490307
Lambeth,12767,0.4765322
Lambeth,12768,0.4919835
Lambeth,12769,0.47752634
Lambeth,12770,0.48763216
Lambeth,12773,0.50935197
Lambeth,12774,0.46914315
Lambeth,12777,0.5255968
Lambeth,12778,0.4304942
Lambeth,12781,0.50485
Lambeth,12783,0.40240625
Lambeth,12784,0.47043106
Lambeth,12785,0.40693703
Lambeth,12786,0.40552852
Lambeth,12787,0.38412875
Lambeth,12789,0.4645987
Lambeth,12790,0.4882638
Lambeth,12793,0.4396818
Lambeth,12795,0.46234193
Lambeth,12796,0.4384374
Lambeth,12799,0.47088155
Lambeth,12800,0.47925663
Lambeth,12801,0.4725172
Lambeth,12802,0.47948295
Lambeth,12803,0.4462312
Lambeth,12804,0.47429413
Lambeth,12805,0.48097798
Lambeth,12806,0.48191148
Lambeth,12807,0.48600087
Lambeth,12817,0.52597475
Lambeth,12818,0.50525117
Lambeth,12822,0.5236749
Lambeth,12825,0.507645
Lambeth,12826,0.50453615
Lambeth,12827,0.5107232
Lambeth,12830,0.5094388
Lambeth,12831,0.5000317
Lambeth,12832,0.53551006
Lambeth,12833,0.53798795
Lambeth,12847,0.48506805
Lambeth,12908,0.46305192
Lambeth,12909,0.46435386
Lambeth,12930,0.5502364
Lambeth,13167,0.5062966
Lambeth,13168,0.45191056
Lambeth,13169,0.5232248
Lambeth,13170,0.4706629
Lambeth,13171,0.46052402
Lambeth,13174,0.4770253
Lambeth,13175,0.54771924
Lambeth,13176,0.48494974
Lambeth,13178,0.48824275
Lambeth,13180,0.46909568
Lambeth,13181,0.4828187
Lambeth,13182,0.48558888
Lambeth,13246,0.48900363
Lambeth,13247,0.50864017
Lambeth,13249,0.48777813
Lambeth,13250,0.4856272
Lambeth,13251,0.50382066
Lambeth,13255,0.46373463
Lambeth,13256,0.49701774
Lambeth,13258,0.47502634
Lambeth,13259,0.47220588
Lambeth,13260,0.48909515
Lambeth,13262,0.53562355
Lambeth,13263,0.49605808
Lambeth,13266,0.4772265
Lambeth,13270,0.55994964
Lambeth,13271,0.60460186
Lambeth,13272,0.49548274
Lambeth,13273,0.56385916
Lambeth,13277,0.50086004
Lambeth,13279,0.47823924
Lambeth,13286,0.4967185
Lambeth,13287,0.47983798
Lambeth,13288,0.49087453
Lambeth,13289,0.50170416
Lambeth,13290,0.49679264
Lambeth,13298,0.5637967
Lambeth,13317,0.46328187
Lambeth,13319,0.47143677
Lambeth,13322,0.52602214
Lambeth,13323,0.4800738
Lambeth,13324,0.44583657
Lambeth,13325,0.41968343
Lambeth,13326,0.48067746
Lambeth,13329,0.58082736
Lambeth,13330,0.5845976
Lambeth,13332,0.5388598
Lambeth,13335,0.554882
Lambeth,13336,0.54645914
Lambeth,13339,0.47066376
Lambeth,13340,0.45285276
Lambeth,13343,0.45699367
Lambeth,13346,0.4763561
Lambeth,13347,0.46642134
Lambeth,13352,0.5346658
Lambeth,13353,0.49523002
Lambeth,13354,0.47378087
Lambeth,13355,0.4958669
Lambeth,13356,0.45967257
Lambeth,13357,0.43673265
Lambeth,13360,0.5204222
Lambeth,13363,0.4450911
Lambeth,13366,0.50998425
Lambeth,13367,0.54938805
Lambeth,13369,0.55842924
Lambeth,13371,0.5381037
Lambeth,13374,0.5405559
Lambeth,13392,0.5354097
Lambeth,13396,0.48700756
Lambeth,13605,0.42838427
Lambeth,1403,0.45221806
Lambeth,1404,0.47179195
Lambeth,1405,0.50068
Lambeth,1406,0.4913073
Lambeth,1416,0.5229934
Lambeth,1433,0.4382647
Lambeth,14360,0.4995676
Lambeth,14622,0.51758885
Lambeth,14638,0.55722636
Lambeth,14659,0.48259848
Lambeth,14669,0.60331875
Lambeth,14670,0.60365635
Lambeth,14671,0.62098354
Lambeth,14672,0.626475
Lambeth,15100,0.49702576
Lambeth,15101,0.4741071
Lambeth,1641,0.4994162
Lambeth,16598,0.41187763
Lambeth,1667,0.48415136
Lambeth,1764,0.33918074
Lambeth,17701,0.51481783
Lambeth,1832,0.48170614
Lambeth,1833,0.4828869
Lambeth,1835,0.5001893
Lambeth,1836,0.593841
Lambeth,1837,0.59040296
Lambeth,1851,0.46240982
Lambeth,1952,0.57563525
Lambeth,1955,0.51520306
Lambeth,1956,0.51398754
Lambeth,2013,0.53181785
Lambeth,20547,0.4801901
Lambeth,20970,0.39313215
Lambeth,2143,0.51808774
Lambeth,2156,0.51527333
Lambeth,2157,0.5094333
Lambeth,2163,0.4585412
Lambeth,2164,0.45848703
Lambeth,2246,0.47984907
Lambeth,231,0.5000931
Lambeth,23185,0.53128356
Lambeth,2324,0.49387145
Lambeth,2328,0.51061165
Lambeth,2329,0.4960144
Lambeth,233,0.5226616
Lambeth,2338,0.49292913
Lambeth,2339,0.4936659
Lambeth,2340,0.5328352
Lambeth,2341,0.5325259
Lambeth,2342,0.5102459
Lambeth,235,0.59249073
Lambeth,2355,0.5063697
Lambeth,236,0.5219864
Lambeth,237,0.5173369
Lambeth,238,0.51222205
Lambeth,2382,0.5907618
Lambeth,2391,0.47543633
Lambeth,2392,0.488618
Lambeth,2393,0.4899642
Lambeth,2394,0.48173368
Lambeth,2395,0.49044555
Lambeth,2396,0.48435137
Lambeth,2397,0.47102162
Lambeth,2398,0.4530461
Lambeth,240,0.53093165
Lambeth,2403,0.36939907
Lambeth,2404,0.4047725
Lambeth,24458,0.5052701
Lambeth,24647,0.5020757
Lambeth,25552,0.61801946
Lambeth,25559,0.48147908
Lambeth,25560,0.505427
Lambeth,25561,0.49514657
Lambeth,25562,0.50853676
Lambeth,25563,0.49391663
Lambeth,25564,0.52648205
Lambeth,25637,0.44467005
Lambeth,25638,0.4916232
Lambeth,25640,0.5247662
Lambeth,25641,0.5311126
Lambeth,25642,0.5492066
Lambeth,25643,0.53555506
Lambeth,25644,0.55199724
Lambeth,25645,0.5400044
Lambeth,25646,0.53478074
Lambeth,25647,0.53477263
Lambeth,25648,0.55171335
Lambeth,25649,0.5395455
Lambeth,25650,0.52644753
Lambeth,25652,0.6120308
Lambeth,25653,0.60855246
Lambeth,25654,0.5858249
Lambeth,25666,0.4299785
Lambeth,25680,0.48787463
Lambeth,25681,0.49026942
Lambeth,25682,0.46229047
Lambeth,25683,0.463769
Lambeth,25684,0.46252578
Lambeth,25685,0.4682238
Lambeth,25686,0.43370277
Lambeth,25687,0.45967025
Lambeth,25689,0.4970359
Lambeth,25691,0.4785632
Lambeth,25856,0.36688647
Lambeth,25857,0.4040669
Lambeth,25859,0.4914121
Lambeth,25860,0.4360091
Lambeth,25861,0.45961088
Lambeth,25893,0.49935663
Lambeth,25895,0.5711431
Lambeth,25896,0.54137254
Lambeth,2593,0.5416852
Lambeth,25945,0.4947478
Lambeth,25955,0.56578326
Lambeth,25963,0.3487336
Lambeth,25988,0.5575961
Lambeth,25990,0.50341326
Lambeth,25991,0.5262252
Lambeth,26057,0.51805013
Lambeth,26190,0.52199405
Lambeth,26203,0.5138623
Lambeth,26299,0.4684269
Lambeth,26300,0.5281594
Lambeth,26301,0.5020347
Lambeth,26321,0.54197013
Lambeth,26322,0.54775435
Lambeth,26323,0.549576
Lambeth,26325,0.551024
Lambeth,26340,0.5032752
Lambeth,26341,0.50747275
Lambeth,26342,0.48788473
Lambeth,26402,0.50719297
Lambeth,26403,0.49389505
Lambeth,26407,0.5461009
Lambeth,26408,0.49709174
Lambeth,26409,0.53728396
Lambeth,26487,0.55692023
Lambeth,2649,0.52708656
Lambeth,2650,0.52654076
Lambeth,26761,0.56485087
Lambeth,26763,0.57845956
Lambeth,26764,0.583747
Lambeth,26765,0.56486845
Lambeth,26766,0.6297315
Lambeth,26768,0.57408386
Lambeth,26826,0.5553589
Lambeth,27495,0.40046838
Lambeth,27509,0.48726705
Lambeth,27540,0.4670426
Lambeth,27845,0.4982934
Lambeth,27963,0.5475053
Lambeth,27966,0.46262378
Lambeth,29249,0.5283218
Lambeth,29450,0.39556357
Lambeth,29685,0.53400034
Lambeth,29791,0.50418967
Lambeth,3019,0.40093794
Lambeth,3038,0.4928466
Lambeth,3246,0.45474178
Lambeth,3247,0.4548394
Lambeth,3297,0.6093224
Lambeth,33432,0.56137407
Lambeth,33882,0.5652545
Lambeth,34321,0.5360862
Lambeth,34686,0.49206927
Lambeth,34748,0.53451335
Lambeth,35036,0.40537405
Lambeth,35037,0.41758925
Lambeth,35200,0.5397153
Lambeth,35254,0.53189135
Lambeth,35303,0.47136226
Lambeth,35304,0.4901151
Lambeth,36214,0.5413265
Lambeth,36915,0.36756796
Lambeth,36936,0.4872179
Lambeth,36937,0.3837508
Lambeth,36938,0.4573194
Lambeth,36939,0.5418874
Lambeth,36940,0.51094246
Lambeth,36941,0.5156078
Lambeth,36942,0.5092565
Lambeth,36943,0.47217074
Lambeth,36944,0.5192421
Lambeth,36945,0.50015205
Lambeth,37121,0.46741536
Lambeth,3715,0.5875974
Lambeth,37154,0.5488637
Lambeth,37183,0.44861338
Lambeth,37266,0.3842427
Lambeth,37267,0.5373137
Lambeth,37369,0.63433796
Lambeth,37420,0.6061804
Lambeth,37674,0.611948
Lambeth,384,0.56273276
Lambeth,386,0.5302653
Lambeth,387,0.4933654
Lambeth,389,0.51083064
Lambeth,390,0.46166322
Lambeth,421,0.52123785
Lambeth,43,0.43955076
Lambeth,436,0.46932742
Lambeth,437,0.48245582
Lambeth,451,0.49294668
Lambeth,452,0.49696445
Lambeth,460,0.5071654
Lambeth,464,0.37621713
Lambeth,466,0.41802618
Lambeth,468,0.42810816
Lambeth,4725,0.44809422
Lambeth,4726,0.4880128
Lambeth,4727,0.48577255
Lambeth,4729,0.5342635
Lambeth,4730,0.5154462
Lambeth,4734,0.5160343
Lambeth,4736,0.57847416
Lambeth,4738,0.48729923
Lambeth,474,0.4315273
Lambeth,4741,0.5787795
Lambeth,4742,0.56189823
Lambeth,4744,0.5710306
Lambeth,4745,0.6005295
Lambeth,476,0.61362666
Lambeth,478,0.58293307
Lambeth,480,0.5205574
Lambeth,484,0.49331996
Lambeth,4857,0.49462813
Lambeth,4865,0.41536564
Lambeth,4868,0.4448468
Lambeth,509,0.5246872
Lambeth,517,0.4970901
Lambeth,520,0.5154839
Lambeth,523,0.5750032
Lambeth,531,0.5043462
Lambeth,532,0.51983345
Lambeth,534,0.5088249
Lambeth,539,0.54077625
Lambeth,540,0.51838803
Lambeth,548,0.48577294
Lambeth,549,0.5363014
Lambeth,602,0.5576465
Lambeth,604,0.52771735
Lambeth,608,0.5133269
Lambeth,609,0.50403637
Lambeth,619,0.46811053
Lambeth,705,0.46444887
Lambeth,706,0.45944607
Lambeth,707,0.4599123
Lambeth,708,0.46043575
Lambeth,709,0.44776046
Lambeth,710,0.42821258
Lambeth,716,0.44170827
Lambeth,717,0.48748246
Lambeth,7563,0.6077663
Lambeth,7730,0.47232547
Lambeth,8295,0.67142504
Lambeth,8296,0.5863029
Lambeth,8297,0.6197288
Lambeth,8302,0.6020706
Lambeth,8303,0.59853685
Lambeth,9270,0.43860635
Lambeth,9271,0.46929365
Lambeth,9353,0.4985942
Lambeth,9361,0.509771
Lambeth,9362,0.49989775
Lambeth,9364,0.4823088
Lambeth,9365,0.5295459
Lambeth,9366,0.5100744
Lambeth,9367,0.51039255
Lambeth,9368,0.5442619
Lambeth,9449,0.50173354
Lambeth,BP1045,0.56844074
Lambeth,BP1050,0.5358384
Lambeth,BP1051,0.5087908
Lambeth,BP1053,0.48146296
Lambeth,BP1054,0.5358911
Lambeth,BP1055,0.5343816
Lambeth,BP1056,0.5301249
Lambeth,BP144,0.5409214
Lambeth,BP145,0.55329627
Lambeth,BP161,0.5693824
Lambeth,BP1619,0.56990576
Lambeth,BP168,0.4747805
Lambeth,BP1695,0.6269538
Lambeth,BP1705,0.57885104
Lambeth,BP1706,0.5677896
Lambeth,BP1707,0.5499674
Lambeth,BP1708,0.55820876
Lambeth,BP1709,0.5532296
Lambeth,BP1710,0.56020063
Lambeth,BP1711,0.5770816
Lambeth,BP1712,0.5540521
Lambeth,BP1713,0.55333483
Lambeth,BP1715,0.57728994
Lambeth,BP1785,0.5130864
Lambeth,BP1967,0.5463156
Lambeth,BP1968,0.5983129
Lambeth,BP1969,0.58587694
Lambeth,BP1970,0.5829984
Lambeth,BP1971,0.5953939
Lambeth,BP1972,0.5619882
Lambeth,BP1973,0.54317725
Lambeth,BP2023,0.47242305
Lambeth,BP2025,0.6460841
Lambeth,BP2083,0.47616675
Lambeth,BP2086,0.5484547
Lambeth,BP2251,0.524927
Lambeth,BP2254,0.51892143
Lambeth,BP2372,0.64600575
Lambeth,BP2394,0.48286384
Lambeth,BP2418,0.51986593
Lambeth,BP2419,0.54359424
Lambeth,BP2502,0.52803016
Lambeth,BP2673,0.456382
Lambeth,BP2963,0.5579429
Lambeth,BP2964,0.55432105
Lambeth,BP2968,0.55949724
Lambeth,BP2969,0.56878144
Lambeth,BP2970,0.5423971
Lambeth,BP2971,0.53267545
Lambeth,BP2972,0.56003225
Lambeth,BP2973,0.57562006
Lambeth,BP2974,0.5672057
Lambeth,BP2975,0.56538546
Lambeth,BP2976,0.53971624
Lambeth,BP2977,0.55505246
Lambeth,BP2978,0.5699705
Lambeth,BP2979,0.5124901
Lambeth,BP2980,0.56927776
Lambeth,BP2981,0.53812414
Lambeth,BP2982,0.54460216
Lambeth,BP2983,0.5671935
Lambeth,BP2984,0.5577708
Lambeth,BP2985,0.5461049
Lambeth,BP2986,0.56283504
Lambeth,BP2987,0.5281175
Lambeth,BP2990,0.55037284
Lambeth,BP2991,0.5367207
Lambeth,BP3075,0.57254505
Lambeth,BP3078,0.5138407
Lambeth,BP3079,0.49686855
Lambeth,BP3080,0.52116185
Lambeth,BP3081,0.523337
Lambeth,BP3082,0.5351622
Lambeth,BP3083,0.51304895
Lambeth,BP3084,0.5131383
Lambeth,BP3085,0.53423864
Lambeth,BP3086,0.51455986
Lambeth,BP3388,0.4959362
Lambeth,BP3490,0.63201714
Lambeth,BP3773,0.59403825
Lambeth,BP3774,0.63828605
Lambeth,BP3775,0.6258996
Lambeth,BP3776,0.6214627
Lambeth,BP3777,0.6313545
Lambeth,BP4120,0.5580443
Lambeth,BP4154,0.5061763
Lambeth,BP4246,0.49901858
Lambeth,BP4258,0.5955826
Lambeth,BP4259,0.5988116
Lambeth,BP4317,0.5768679
Lambeth,BP4318,0.57671386
Lambeth,BP4319,0.59411335
Lambeth,BP4320,0.5725949
Lambeth,BP4321,0.6212531
Lambeth,BP4322,0.5545692
Lambeth,BP4323,0.58310896
Lambeth,BP4324,0.56418097
Lambeth,BP4457,0.5987255
Lambeth,BP4497,0.45270118
Lambeth,BP4541,0.5217415
Lambeth,BP4542,0.56187874
Lambeth,BP4543,0.5632569
Lambeth,BP4544,0.56853724
Lambeth,BP4545,0.5175527
Lambeth,BP4618,0.6011623
Lambeth,BP5219,0.49239668
Lambeth,BP5346,0.50754184
Lambeth,BP5534,0.4548576
Lambeth,BP5539,0.5482301
Lambeth,BP5558,0.54351425
Lambeth,BP563,0.5957205
Lambeth,BP564,0.62504286
Lambeth,BP565,0.62055105
Lambeth,BP5656,0.5069402
Lambeth,BP566,0.6516451
Lambeth,BP567,0.5969176
Lambeth,BP568,0.5883752
Lambeth,BP569,0.64211726
Lambeth,BP5725,0.45073047
Lambeth,BP5726,0.46306154
Lambeth,BP5774,0.51307404
Lambeth,BP5790,0.6147668
Lambeth,BP5819,0.5514281
Lambeth,BP5827,0.49041468
Lambeth,BP5828,0.46722052
Lambeth,BP5829,0.523396
Lambeth,BP5830,0.54694843
Lambeth,BP5831,0.53845495
Lambeth,BP5832,0.57642883
Lambeth,BP5833,0.5770773
Lambeth,BP5861,0.58556515
Lambeth,BP5867,0.5420765
Lambeth,BP5868,0.5469821
Lambeth,BP595,0.49901798
Lambeth,BP5978,0.48997608
Lambeth,BP5997,0.5607957
Lambeth,BP6011,0.62491494
Lambeth,BP6198,0.55197334
Lambeth,BP6199,0.55400264
Lambeth,BP6200,0.526761
Lambeth,BP6201,0.5488947
Lambeth,BP6202,0.5228168
Lambeth,BP6230,0.5968881
Lambeth,BP724,0.5917666
Lambeth,BP783,0.39753807
Lambeth,HC129,0.5557538
Lambeth,HC130,0.5705763
Lambeth,HC265,0.5594354
Lambeth,HC266,0.46551013
Lambeth,HC267,0.44821408
Lambeth,HC268,0.5708036
Lambeth,HC440,0.5455983
Lambeth,HC739,0.45546022
Lambeth,HC740,0.5148212
Lambeth,HC741,0.4939153
Lambeth,HC742,0.4745752
Lambeth,HC743,0.39118448
Lambeth,HC784,0.53415525
Lambeth,HC785,0.5354928
Lambeth,HC786,0.5431423
Lambeth,HC787,0.39119795
Lambeth,HC788,0.42578343
Lambeth,HC789,0.51272994
Lambeth,HC790,0.5147894
Lambeth,HC791,0.52719766
Lambeth,HC792,0.54946125
Lambeth,HC793,0.4643038
Lambeth,HC794,0.54086167
Lambeth,OC520,0.55361253
Lambeth,OC521,0.5409123
Lambeth,R0417,0.43616962
Lambeth,R0420,0.4384415
Lambeth,R0421,0.37555435
Lambeth,R0511,0.49850133
Lambeth,R0519,0.48871607
Lambeth,R0540,0.5296103
Lambeth,R0729,0.5236453
Lambeth,SL37,0.43437007
Lambeth,W1,0.4234214
Lewisham,110,0.547901
Lewisham,13156,0.6764644
Lewisham,13158,0.5698027
Lewisham,13161,0.5047988
Lewisham,13428,0.5614294
Lewisham,13429,0.5881872
Lewisham,13430,0.41819164
Lewisham,13698,0.40031296
Lewisham,13699,0.4061587
Lewisham,13700,0.44191006
Lewisham,13701,0.45620614
Lewisham,13702,0.4461044
Lewisham,13703,0.48540038
Lewisham,13714,0.45174265
Lewisham,13715,0.4492545
Lewisham,13718,0.4308107
Lewisham,13720,0.44181097
Lewisham,13721,0.49004444
Lewisham,13744,0.6127214
Lewisham,13810,0.46268797
Lewisham,13852,0.5158953
Lewisham,13856,0.5374898
Lewisham,13859,0.6063637
Lewisham,13862,0.6159664
Lewisham,13863,0.62383246
Lewisham,13864,0.57729363
Lewisham,13865,0.5936989
Lewisham,13869,0.5643585
Lewisham,13872,0.50407016
Lewisham,13873,0.5071215
Lewisham,13874,0.4920779
Lewisham,13875,0.4934247
Lewisham,13881,0.5004781
Lewisham,13883,0.53004855
Lewisham,13884,0.5126476
Lewisham,13885,0.5136141
Lewisham,13886,0.51673263
Lewisham,13891,0.56119657
Lewisham,13892,0.5586059
Lewisham,14432,0.6096102
Lewisham,14625,0.538305
Lewisham,1596,0.48574677
Lewisham,16748,0.5896161
Lewisham,16749,0.60041416
Lewisham,16750,0.58618414
Lewisham,16751,0.5856493
Lewisham,17307,0.458253
Lewisham,17308,0.5287703
Lewisham,17309,0.53909576
Lewisham,17310,0.60214305
Lewisham,17311,0.53529155
Lewisham,17312,0.64350355
Lewisham,17313,0.6407707
Lewisham,17314,0.6172899
Lewisham,17315,0.6051108
Lewisham,17316,0.6028498
Lewisham,17317,0.6140631
Lewisham,17319,0.6081324
Lewisham,17320,0.60687894
Lewisham,17384,0.4440808
Lewisham,17385,0.4412382
Lewisham,17386,0.4494874
Lewisham,17387,0.51094896
Lewisham,17388,0.65816045
Lewisham,17389,0.65910953
Lewisham,17390,0.58238864
Lewisham,17391,0.60212034
Lewisham,17392,0.53264177
Lewisham,17393,0.53679717
Lewisham,17394,0.6542091
Lewisham,17395,0.664121
Lewisham,17396,0.6625828
Lewisham,17398,0.67439353
Lewisham,17399,0.7010039
Lewisham,17400,0.6124619
Lewisham,17401,0.6146819
Lewisham,17477,0.4626035
Lewisham,17478,0.44622904
Lewisham,17479,0.51872236
Lewisham,17480,0.51688844
Lewisham,17481,0.57544184
Lewisham,17482,0.57615864
Lewisham,17483,0.5821073
Lewisham,17484,0.5641073
Lewisham,17485,0.513446
Lewisham,17486,0.5188397
Lewisham,17487,0.5452327
Lewisham,17488,0.5409006
Lewisham,17730,0.6306654
Lewisham,17733,0.6212471
Lewisham,17734,0.62453747
Lewisham,17735,0.61832756
Lewisham,17736,0.6149612
Lewisham,17738,0.68896
Lewisham,17739,0.68129754
Lewisham,17740,0.64286536
Lewisham,17741,0.63665766
Lewisham,17742,0.6286281
Lewisham,17743,0.62891805
Lewisham,17744,0.6184827
Lewisham,17745,0.6100262
Lewisham,17746,0.58013475
Lewisham,17748,0.6300143
Lewisham,17749,0.61206865
Lewisham,17750,0.5694971
Lewisham,17751,0.5723451
Lewisham,17752,0.57713103
Lewisham,17754,0.59841937
Lewisham,17755,0.614034
Lewisham,17826,0.46348134
Lewisham,17830,0.5739326
Lewisham,17831,0.61826646
Lewisham,17832,0.632068
Lewisham,17833,0.63473064
Lewisham,17834,0.6453401
Lewisham,17835,0.7147115
Lewisham,17837,0.46476725
Lewisham,17838,0.45300084
Lewisham,17840,0.47670704
Lewisham,17841,0.55888355
Lewisham,17842,0.5652181
Lewisham,17843,0.60029715
Lewisham,17844,0.6361912
Lewisham,17845,0.57803947
Lewisham,17846,0.6183922
Lewisham,17847,0.57746166
Lewisham,17848,0.593019
Lewisham,18189,0.62531674
Lewisham,18190,0.62266374
Lewisham,1821,0.6466305
Lewisham,1822,0.64718866
Lewisham,18535,0.46985915
Lewisham,18536,0.4660111
Lewisham,18772,0.49888122
Lewisham,18773,0.5000278
Lewisham,18774,0.4863685
Lewisham,18775,0.50132936
Lewisham,18776,0.5448283
Lewisham,18777,0.5986106
Lewisham,18778,0.5124775
Lewisham,18779,0.51028126
Lewisham,18780,0.51229006
Lewisham,18781,0.5333967
Lewisham,18782,0.5569098
Lewisham,18783,0.54732543
Lewisham,18784,0.57318676
Lewisham,18844,0.48558718
Lewisham,18917,0.5870113
Lewisham,19021,0.62876916
Lewisham,19022,0.58161074
Lewisham,19023,0.5847874
Lewisham,1930,0.59511656
Lewisham,19565,0.53143615
Lewisham,19637,0.5518948
Lewisham,19638,0.5420451
Lewisham,19639,0.5564403
Lewisham,19640,0.5616318
Lewisham,19643,0.5569858
Lewisham,19644,0.5738794
Lewisham,19645,0.5785376
Lewisham,19646,0.58375674
Lewisham,19708,0.59793115
Lewisham,19709,0.5955229
Lewisham,1971,0.54303396
Lewisham,19710,0.52231586
Lewisham,19711,0.5191533
Lewisham,19712,0.50576615
Lewisham,19713,0.5001637
Lewisham,19714,0.4808512
Lewisham,19715,0.47403136
Lewisham,1972,0.5410069
Lewisham,1977,0.5651078
Lewisham,1978,0.57319784
Lewisham,1980,0.588442
Lewisham,1981,0.5471161
Lewisham,1982,0.5616024
Lewisham,1983,0.5378305
Lewisham,1992,0.51979405
Lewisham,1995,0.6064471
Lewisham,1998,0.58630025
Lewisham,1999,0.569262
Lewisham,2000,0.5553302
Lewisham,2004,0.63966376
Lewisham,2005,0.5820903
Lewisham,20101,0.5165581
Lewisham,20102,0.52454346
Lewisham,20399,0.61738306
Lewisham,20400,0.61823684
Lewisham,20518,0.46082503
Lewisham,20542,0.57353836
Lewisham,20543,0.54854226
Lewisham,20775,0.59189576
Lewisham,2127,0.6089917
Lewisham,2224,0.49298796
Lewisham,23410,0.5099482
Lewisham,24648,0.51326454
Lewisham,24705,0.4671874
Lewisham,25280,0.68177307
Lewisham,25281,0.65833557
Lewisham,25283,0.68991834
Lewisham,2567,0.5026056
Lewisham,25915,0.5134946
Lewisham,25916,0.52602965
Lewisham,25917,0.5265962
Lewisham,25918,0.5536137
Lewisham,25920,0.4483839
Lewisham,26014,0.49306166
Lewisham,26016,0.4991414
Lewisham,26018,0.49487042
Lewisham,26020,0.5105217
Lewisham,26021,0.4827927
Lewisham,26022,0.5072974
Lewisham,26025,0.61655796
Lewisham,26026,0.56992656
Lewisham,26027,0.63888586
Lewisham,26028,0.6482816
Lewisham,26030,0.61965764
Lewisham,26032,0.5127794
Lewisham,26066,0.6440541
Lewisham,26071,0.5338184
Lewisham,26072,0.51294434
Lewisham,26073,0.5122844
Lewisham,26074,0.49682766
Lewisham,26075,0.5429811
Lewisham,26076,0.5597446
Lewisham,26077,0.5098917
Lewisham,26078,0.52314776
Lewisham,26079,0.54234153
Lewisham,26080,0.51431435
Lewisham,26096,0.62962526
Lewisham,26097,0.6321666
Lewisham,26098,0.6057299
Lewisham,26099,0.61229765
Lewisham,26113,0.5993393
Lewisham,26114,0.5808285
Lewisham,26115,0.57815707
Lewisham,26116,0.5277271
Lewisham,26117,0.530312
Lewisham,26118,0.5217549
Lewisham,26119,0.54931283
Lewisham,26120,0.51543725
Lewisham,26121,0.51759034
Lewisham,26219,0.55646527
Lewisham,26250,0.6709785
Lewisham,26251,0.6702831
Lewisham,26252,0.64950824
Lewisham,26253,0.6426069
Lewisham,26254,0.6651527
Lewisham,26255,0.6300692
Lewisham,26256,0.61438286
Lewisham,26257,0.6251557
Lewisham,26258,0.61746603
Lewisham,26259,0.62736887
Lewisham,26260,0.62865835
Lewisham,26261,0.6427822
Lewisham,26262,0.5471264
Lewisham,26263,0.6388172
Lewisham,26264,0.545186
Lewisham,26265,0.50398314
Lewisham,26266,0.5075983
Lewisham,26267,0.5232687
Lewisham,26268,0.56068426
Lewisham,26269,0.57801753
Lewisham,26273,0.55070573
Lewisham,26274,0.6121009
Lewisham,26276,0.48275962
Lewisham,26278,0.60624087
Lewisham,26279,0.5884663
Lewisham,26280,0.6335534
Lewisham,26281,0.63973844
Lewisham,26283,0.63335633
Lewisham,26284,0.57823694
Lewisham,26285,0.5412835
Lewisham,26286,0.55933803
Lewisham,26292,0.53476435
Lewisham,26294,0.48884594
Lewisham,26296,0.4578119
Lewisham,26343,0.50790644
Lewisham,26354,0.51924443
Lewisham,26355,0.54560304
Lewisham,26414,0.62318736
Lewisham,26415,0.5780896
Lewisham,26416,0.45775917
Lewisham,26719,0.5844975
Lewisham,26721,0.5306155
Lewisham,26722,0.514364
Lewisham,27058,0.43727052
Lewisham,27310,0.5916379
Lewisham,27712,0.6085677
Lewisham,27713,0.61514086
Lewisham,27714,0.6449796
Lewisham,27716,0.61800086
Lewisham,27720,0.6448801
Lewisham,27722,0.64955187
Lewisham,27724,0.6538295
Lewisham,27726,0.68082505
Lewisham,27728,0.6634679
Lewisham,27730,0.66520315
Lewisham,27766,0.56084305
Lewisham,27767,0.56462246
Lewisham,283,0.54277617
Lewisham,288,0.4672357
Lewisham,29292,0.53716695
Lewisham,29309,0.5296397
Lewisham,29441,0.6168293
Lewisham,29442,0.63644874
Lewisham,29745,0.549985
Lewisham,29810,0.5500578
Lewisham,33056,0.5738277
Lewisham,33100,0.44021788
Lewisham,33101,0.5037148
Lewisham,33426,0.5820698
Lewisham,33490,0.3954692
Lewisham,33777,0.48495343
Lewisham,33782,0.45069388
Lewisham,33783,0.45244017
Lewisham,33784,0.543847
Lewisham,33785,0.56101924
Lewisham,33786,0.519402
Lewisham,33787,0.5232415
Lewisham,3383,0.5689024
Lewisham,3384,0.53372246
Lewisham,34080,0.41395178
Lewisham,34081,0.5354444
Lewisham,34231,0.65956926
Lewisham,34265,0.5962467
Lewisham,34481,0.5730571
Lewisham,35161,0.69798505
Lewisham,35184,0.39972916
Lewisham,35185,0.3944231
Lewisham,35186,0.38461053
Lewisham,35187,0.37571386
Lewisham,35189,0.3913048
Lewisham,35192,0.49502054
Lewisham,35193,0.48763105
Lewisham,35194,0.48187152
Lewisham,35195,0.47538787
Lewisham,35196,0.458359
Lewisham,35197,0.35288706
Lewisham,35198,0.42594048
Lewisham,35277,0.42076683
Lewisham,35320,0.40168107
Lewisham,35611,0.46234834
Lewisham,35677,0.61299604
Lewisham,35750,0.5131544
Lewisham,36536,0.6053901
Lewisham,36537,0.5946949
Lewisham,36585,0.61652184
Lewisham,36954,0.54915017
Lewisham,37056,0.66429436
Lewisham,37057,0.574361
Lewisham,37059,0.40867847
Lewisham,37060,0.48631516
Lewisham,37061,0.5985976
Lewisham,37062,0.6222838
Lewisham,37063,0.6106951
Lewisham,37113,0.54185975
Lewisham,37114,0.50742286
Lewisham,37116,0.54617596
Lewisham,37118,0.54045606
Lewisham,37119,0.55398685
Lewisham,37142,0.5619247
Lewisham,37428,0.52870524
Lewisham,40007,0.6320599
Lewisham,40008,0.65031576
Lewisham,40011,0.60776216
Lewisham,40053,0.36444974
Lewisham,40054,0.36296245
Lewisham,40089,0.48137787
Lewisham,40090,0.4905264
Lewisham,40091,0.4060624
Lewisham,43001,0.6162871
Lewisham,43002,0.61527944
Lewisham,43003,0.64736027
Lewisham,43004,0.6254031
Lewisham,43005,0.65178347
Lewisham,43006,0.6512096
Lewisham,43007,0.6507893
Lewisham,43008,0.6624439
Lewisham,46008,0.5560719
Lewisham,46009,0.54814386
Lewisham,46010,0.536304
Lewisham,46011,0.53858286
Lewisham,46012,0.61203843
Lewisham,46013,0.608886
Lewisham,46014,0.62087566
Lewisham,46015,0.62434673
Lewisham,46016,0.5908437
Lewisham,46017,0.59215933
Lewisham,46018,0.59264666
Lewisham,46019,0.5871529
Lewisham,46020,0.6407179
Lewisham,46021,0.6335244
Lewisham,46022,0.6722417
Lewisham,46023,0.6705338
Lewisham,4629,0.5755873
Lewisham,4631,0.4597083
Lewisham,4747,0.53425914
Lewisham,4748,0.52156895
Lewisham,4749,0.5882754
Lewisham,4752,0.6185839
Lewisham,485,0.46987084
Lewisham,486,0.46674573
Lewisham,490,0.4325552
Lewisham,7566,0.56247425
Lewisham,8409,0.5371617
Lewisham,915,0.55363065
Lewisham,925,0.6349234
Lewisham,BP006,0.55011517
Lewisham,BP007,0.545415
Lewisham,BP009,0.5099696
Lewisham,BP010,0.5492561
Lewisham,BP011,0.60213035
Lewisham,BP012,0.6712108
Lewisham,BP1040,0.41427073
Lewisham,BP1042,0.47619843
Lewisham,BP1097,0.5852414
Lewisham,BP1099,0.5901962
Lewisham,BP1100,0.596739
Lewisham,BP1112,0.5408648
Lewisham,BP1113,0.5168973
Lewisham,BP1114,0.5213086
Lewisham,BP1115,0.5231265
Lewisham,BP1116,0.5400089
Lewisham,BP1199,0.63568
Lewisham,BP1206,0.4947859
Lewisham,BP1207,0.4945655
Lewisham,BP1208,0.55403745
Lewisham,BP1209,0.5411191
Lewisham,BP1210,0.4210691
Lewisham,BP1211,0.4214488
Lewisham,BP1212,0.4092272
Lewisham,BP1213,0.40780604
Lewisham,BP1214,0.5126301
Lewisham,BP1215,0.49296743
Lewisham,BP1216,0.5500918
Lewisham,BP1217,0.5544695
Lewisham,BP1218,0.6268004
Lewisham,BP1219,0.6246072
Lewisham,BP1220,0.6921532
Lewisham,BP1221,0.6914246
Lewisham,BP1222,0.6401798
Lewisham,BP1223,0.5745804
Lewisham,BP1224,0.5827402
Lewisham,BP1236,0.4539372
Lewisham,BP1237,0.46480304
Lewisham,BP1306,0.5846634
Lewisham,BP1329,0.5995554
Lewisham,BP1396,0.4754088
Lewisham,BP1397,0.46606362
Lewisham,BP1403,0.5251412
Lewisham,BP157,0.48177907
Lewisham,BP1787,0.40026426
Lewisham,BP1788,0.40049592
Lewisham,BP2029,0.51706654
Lewisham,BP2037,0.52619267
Lewisham,BP2038,0.52655786
Lewisham,BP2043,0.5995662
Lewisham,BP2044,0.61961395
Lewisham,BP2045,0.45802987
Lewisham,BP2046,0.587632
Lewisham,BP2047,0.5443803
Lewisham,BP2048,0.5681808
Lewisham,BP2052,0.6056394
Lewisham,BP2053,0.5980901
Lewisham,BP2054,0.46143848
Lewisham,BP2055,0.5900407
Lewisham,BP2056,0.5486496
Lewisham,BP2057,0.55530614
Lewisham,BP2252,0.5380311
Lewisham,BP2253,0.59194666
Lewisham,BP232,0.5404703
Lewisham,BP2325,0.49987307
Lewisham,BP233,0.65632975
Lewisham,BP2388,0.49742672
Lewisham,BP2389,0.48594534
Lewisham,BP2538,0.6729485
Lewisham,BP2552,0.40606934
Lewisham,BP2742,0.5260654
Lewisham,BP2787,0.59196454
Lewisham,BP2995,0.51849747
Lewisham,BP3072,0.5230141
Lewisham,BP3202,0.6651656
Lewisham,BP3348,0.6066772
Lewisham,BP3538,0.5424687
Lewisham,BP3881,0.5129093
Lewisham,BP3882,0.5255512
Lewisham,BP393,0.4953659
Lewisham,BP4044,0.5608648
Lewisham,BP4045,0.56744844
Lewisham,BP4046,0.56175005
Lewisham,BP4047,0.5678556
Lewisham,BP4048,0.60374254
Lewisham,BP4049,0.5357717
Lewisham,BP4050,0.58938825
Lewisham,BP4063,0.5358504
Lewisham,BP412,0.63237065
Lewisham,BP413,0.62090844
Lewisham,BP414,0.6383287
Lewisham,BP415,0.6383898
Lewisham,BP416,0.617428
Lewisham,BP417,0.61747754
Lewisham,BP418,0.5914484
Lewisham,BP419,0.59148544
Lewisham,BP420,0.60982955
Lewisham,BP421,0.624279
Lewisham,BP422,0.6417708
Lewisham,BP423,0.6410147
Lewisham,BP4517,0.52063286
Lewisham,BP4518,0.52175075
Lewisham,BP4533,0.61281824
Lewisham,BP4534,0.5285288
Lewisham,BP460,0.48804948
Lewisham,BP461,0.49547115
Lewisham,BP462,0.53655136
Lewisham,BP463,0.52155286
Lewisham,BP464,0.5590712
Lewisham,BP465,0.56470305
Lewisham,BP466,0.5540661
Lewisham,BP4667,0.6540126
Lewisham,BP467,0.5124618
Lewisham,BP468,0.47013256
Lewisham,BP469,0.507187
Lewisham,BP470,0.5523357
Lewisham,BP471,0.55184233
Lewisham,BP472,0.5819557
Lewisham,BP473,0.51234746
Lewisham,BP474,0.4978001
Lewisham,BP475,0.4862358
Lewisham,BP483,0.6114596
Lewisham,BP484,0.5595012
Lewisham,BP4996,0.49614024
Lewisham,BP5120,0.6503887
Lewisham,BP5143,0.56452084
Lewisham,BP5144,0.64196324
Lewisham,BP5190,0.5291675
Lewisham,BP5309,0.43945616
Lewisham,BP5310,0.43847558
Lewisham,BP5311,0.45581234
Lewisham,BP5312,0.47199598
Lewisham,BP5313,0.48896372
Lewisham,BP5314,0.49765724
Lewisham,BP5315,0.50429165
Lewisham,BP5316,0.49878114
Lewisham,BP5317,0.54105866
Lewisham,BP5318,0.53907675
Lewisham,BP5319,0.5238238
Lewisham,BP5455,0.513808
Lewisham,BP5550,0.5317326
Lewisham,BP5930,0.5135977
Lewisham,BP5989,0.5212045
Lewisham,BP6028,0.51127815
Lewisham,BP6030,0.50520545
Lewisham,BP6031,0.50430447
Lewisham,BP6032,0.50048196
Lewisham,BP6033,0.49638614
Lewisham,BP6034,0.521501
Lewisham,BP6035,0.5164508
Lewisham,BP6036,0.48951128
Lewisham,BP6037,0.53952265
Lewisham,BP6144,0.5343408
Lewisham,BP6145,0.5345507
Lewisham,BP6220,0.4945783
Lewisham,BP660,0.59657997
Lewisham,BP661,0.61561424
Lewisham,BP662,0.45936725
Lewisham,BP672,0.5469171
Lewisham,BP729,0.64785033
Lewisham,BP737,0.53902847
Lewisham,BP738,0.55102116
Lewisham,BP744,0.61237544
Lewisham,BP745,0.6161372
Lewisham,BP900,0.46604705
Lewisham,OC605,0.5886699
Lewisham,OC612,0.46397159
Lewisham,OC614,0.49015313
Lewisham,OC659,0.4666754
Lewisham,OC660,0.49577263
Lewisham,R0083,0.5416869
Lewisham,R0401,0.62716043
Lewisham,R0403,0.6452179
Lewisham,R0404,0.6534969
Lewisham,R0406,0.5545006
Lewisham,R0410,0.6036468
Lewisham,R0411,0.4716231
Lewisham,R0412,0.4645858
Lewisham,R0413,0.63845426
Lewisham,R0414,0.63331914
Lewisham,R0441,0.4953704
Lewisham,R0443,0.46825513
Lewisham,R0444,0.4638146
Lewisham,R0464,0.47302786
Lewisham,R0465,0.4790141
Lewisham,R0533,0.5470705
Lewisham,R0556,0.61991674
Lewisham,R0567,0.5805109
Lewisham,13811,0.49062085
Lewisham,2225,0.4677768
Lewisham,26015,0.48427373
Lewisham,BP5837,0.50388545
Lewisham,BP5977,0.48165548
Lewisham,BP6024,0.43735462
Lewisham,BP6025,0.43922108
Lewisham,BP6026,0.44468293
Lewisham,BP6029,0.50753367
Lewisham,R0086,0.47716492
Lewisham,R0445,0.4183283
Lewisham,R0446,0.41551954
Lewisham,R0640,0.5095647
Merton,1005,0.53213745
Merton,10281,0.5492296
Merton,10282,0.544857
Merton,10283,0.45801926
Merton,10284,0.5397013
Merton,10287,0.48264647
Merton,10288,0.46545053
Merton,12659,0.44894245
Merton,12661,0.44791985
Merton,12662,0.42073458
Merton,12663,0.44808215
Merton,12664,0.40702572
Merton,12665,0.40193385
Merton,12670,0.49680635
Merton,12671,0.49848574
Merton,12672,0.44908163
Merton,12678,0.5225965
Merton,12679,0.519797
Merton,12680,0.5271352
Merton,12683,0.53151226
Merton,1481,0.6170443
Merton,14845,0.5798309
Merton,14846,0.5731125
Merton,14910,0.5167045
Merton,14911,0.47182092
Merton,14916,0.49084696
Merton,14917,0.43510136
Merton,16,0.59946626
Merton,1681,0.49142253
Merton,1682,0.47897905
Merton,17366,0.43082726
Merton,17367,0.44204852
Merton,17369,0.44846928
Merton,17371,0.44687515
Merton,17374,0.4400392
Merton,17538,0.53625834
Merton,17539,0.3821672
Merton,17540,0.4139582
Merton,17541,0.38355443
Merton,17542,0.42218226
Merton,17543,0.44530332
Merton,17544,0.4384616
Merton,17545,0.50128794
Merton,17546,0.5011319
Merton,17547,0.5311817
Merton,17548,0.53649455
Merton,17549,0.512361
Merton,17550,0.51194215
Merton,17551,0.47209814
Merton,17552,0.5174171
Merton,17553,0.47143072
Merton,17554,0.4585834
Merton,17555,0.53726286
Merton,17556,0.51109725
Merton,17557,0.51764905
Merton,17558,0.5281828
Merton,17559,0.57042634
Merton,17560,0.57247347
Merton,17561,0.56020737
Merton,17564,0.55484056
Merton,17565,0.55665654
Merton,17566,0.5426712
Merton,17567,0.5678574
Merton,17568,0.5198565
Merton,17569,0.52331144
Merton,17570,0.5474975
Merton,17571,0.55171657
Merton,17572,0.5270625
Merton,17574,0.58695245
Merton,17575,0.58562857
Merton,17576,0.48454323
Merton,17577,0.3916719
Merton,17578,0.40309793
Merton,17579,0.38392487
Merton,17604,0.37949252
Merton,17606,0.39128947
Merton,17608,0.36307606
Merton,17609,0.37135416
Merton,17610,0.34777686
Merton,17611,0.339942
Merton,17612,0.35894623
Merton,17613,0.35725054
Merton,17616,0.59258306
Merton,17617,0.59309506
Merton,17618,0.5973401
Merton,17620,0.58128554
Merton,17720,0.53173816
Merton,1785,0.5782102
Merton,1805,0.5048093
Merton,1806,0.50316215
Merton,18553,0.52302647
Merton,18554,0.5004827
Merton,18556,0.4931659
Merton,18558,0.5275501
Merton,18646,0.5846577
Merton,18647,0.58761626
Merton,18648,0.57800394
Merton,18649,0.567469
Merton,18650,0.502889
Merton,18651,0.5457425
Merton,18660,0.5860797
Merton,18661,0.6063408
Merton,18662,0.58310163
Merton,18663,0.5737565
Merton,18664,0.63254815
Merton,18665,0.6197253
Merton,18666,0.6094046
Merton,18667,0.6036892
Merton,18669,0.5724703
Merton,18674,0.575366
Merton,18675,0.5730524
Merton,18676,0.5991567
Merton,18677,0.60834527
Merton,18678,0.60297996
Merton,18679,0.6415999
Merton,18680,0.5488263
Merton,18681,0.5487208
Merton,18682,0.48283467
Merton,18683,0.4822273
Merton,18686,0.45289704
Merton,18687,0.45031363
Merton,18688,0.46396413
Merton,18690,0.4891214
Merton,18719,0.48694453
Merton,18725,0.59200335
Merton,18726,0.6002015
Merton,18727,0.6056118
Merton,18735,0.36139444
Merton,19043,0.6241001
Merton,19048,0.5170695
Merton,19049,0.5177529
Merton,19050,0.53596485
Merton,19051,0.5330233
Merton,19052,0.55402553
Merton,19053,0.54166853
Merton,19054,0.5052513
Merton,19055,0.4792091
Merton,19062,0.53974545
Merton,19063,0.5370614
Merton,19064,0.5317929
Merton,19078,0.53205323
Merton,19079,0.53356403
Merton,19080,0.5146485
Merton,19081,0.41775617
Merton,19082,0.47245842
Merton,19083,0.38349646
Merton,19085,0.36544368
Merton,19086,0.3882316
Merton,19090,0.45032445
Merton,19091,0.54111063
Merton,19095,0.49258152
Merton,19096,0.49100268
Merton,19097,0.49577194
Merton,19098,0.47979495
Merton,19099,0.49467573
Merton,19100,0.48454478
Merton,19101,0.4780348
Merton,19102,0.47834542
Merton,19103,0.47801998
Merton,19104,0.4832861
Merton,19105,0.48097444
Merton,19106,0.4809664
Merton,19107,0.48537612
Merton,19108,0.48941588
Merton,19109,0.57322764
Merton,19110,0.5704967
Merton,19869,0.5301263
Merton,19965,0.377204
Merton,19966,0.38157973
Merton,20103,0.36768982
Merton,20200,0.46217537
Merton,20480,0.5150505
Merton,20599,0.6108232
Merton,20600,0.47983474
Merton,20601,0.47889006
Merton,20626,0.5817073
Merton,25165,0.43252212
Merton,2518,0.4753556
Merton,2519,0.4684783
Merton,25450,0.6120418
Merton,25629,0.5617882
Merton,25631,0.57762915
Merton,25632,0.5877671
Merton,25820,0.593653
Merton,25821,0.59320015
Merton,25831,0.42113948
Merton,25832,0.43321097
Merton,25833,0.4261044
Merton,25834,0.43296802
Merton,25835,0.49449745
Merton,25836,0.49885535
Merton,25838,0.46883678
Merton,25839,0.5098371
Merton,26192,0.5885188
Merton,26817,0.58313894
Merton,26819,0.5842058
Merton,26822,0.57692075
Merton,27389,0.4465637
Merton,27390,0.54546607
Merton,27391,0.4557737
Merton,27392,0.4626517
Merton,27393,0.48186928
Merton,27398,0.517602
Merton,27399,0.54603386
Merton,27916,0.4841822
Merton,27934,0.4490677
Merton,2850,0.5636785
Merton,29813,0.45915943
Merton,29814,0.45625314
Merton,29815,0.39990702
Merton,29820,0.4702318
Merton,29821,0.46897614
Merton,29879,0.5919468
Merton,29880,0.59008104
Merton,29881,0.5797159
Merton,29882,0.5735961
Merton,29883,0.52241564
Merton,29884,0.5294797
Merton,29885,0.5391716
Merton,29886,0.54275477
Merton,3001,0.54700655
Merton,3002,0.57340616
Merton,3003,0.4955167
Merton,3004,0.49359897
Merton,3005,0.47784048
Merton,3006,0.46206316
Merton,3007,0.47562578
Merton,3008,0.4830368
Merton,3009,0.5170614
Merton,3010,0.5131507
Merton,30901,0.48321807
Merton,3290,0.5970766
Merton,33160,0.53190005
Merton,33377,0.48071834
Merton,33486,0.52517474
Merton,33559,0.5713883
Merton,33561,0.5529001
Merton,33562,0.5657128
Merton,33563,0.57262045
Merton,33564,0.5204664
Merton,33565,0.51755744
Merton,33566,0.52829224
Merton,33567,0.5786322
Merton,33568,0.5726871
Merton,33572,0.55018014
Merton,33629,0.51645166
Merton,33709,0.45059228
Merton,33725,0.4812571
Merton,33818,0.5182797
Merton,33892,0.5711525
Merton,341,0.59331316
Merton,342,0.6192773
Merton,3463,0.49267015
Merton,34695,0.5252378
Merton,3470,0.43889228
Merton,35360,0.6144058
Merton,35459,0.588817
Merton,35560,0.6219026
Merton,35561,0.6199324
Merton,35801,0.4670222
Merton,35908,0.5108242
Merton,35973,0.46374217
Merton,36762,0.5311796
Merton,36776,0.403605
Merton,36777,0.3608143
Merton,36889,0.49327227
Merton,36900,0.47722438
Merton,36908,0.52924544
Merton,36974,0.48090562
Merton,3819,0.48653254
Merton,3820,0.48293766
Merton,3851,0.5997603
Merton,435,0.579535
Merton,4380,0.5467111
Merton,4490,0.5007319
Merton,4493,0.46895224
Merton,4495,0.5955528
Merton,4859,0.45027882
Merton,6920,0.544298
Merton,7603,0.54322076
Merton,7604,0.5447
Merton,7605,0.5272102
Merton,7606,0.5278721
Merton,7609,0.39504874
Merton,7610,0.51266015
Merton,7611,0.3932946
Merton,7612,0.3777122
Merton,8786,0.4207353
Merton,8792,0.40515336
Merton,8793,0.42559463
Merton,8794,0.55741316
Merton,8795,0.49317726
Merton,8797,0.56690335
Merton,8798,0.5753796
Merton,8803,0.61058325
Merton,8806,0.53990734
Merton,8807,0.52709484
Merton,8810,0.5491893
Merton,8811,0.5601851
Merton,8812,0.566185
Merton,8813,0.5640567
Merton,9127,0.5538124
Merton,9131,0.54764766
Merton,9132,0.48937157
Merton,9137,0.4368741
Merton,9138,0.438523
Merton,9145,0.5330552
Merton,9149,0.48162678
Merton,9150,0.48588836
Merton,9151,0.45100233
Merton,9152,0.4749579
Merton,9153,0.46311483
Merton,9154,0.46127385
Merton,9155,0.47240984
Merton,9156,0.5037556
Merton,9157,0.53182733
Merton,BP079,0.47043094
Merton,BP080,0.44017765
Merton,BP106,0.57731247
Merton,BP1419,0.509278
Merton,BP1420,0.5096028
Merton,BP1421,0.48527166
Merton,BP1422,0.44759363
Merton,BP1423,0.37240246
Merton,BP1424,0.47822
Merton,BP1526,0.56977683
Merton,BP1547,0.53090733
Merton,BP2131,0.5057816
Merton,BP2132,0.49854204
Merton,BP2134,0.4528282
Merton,BP2135,0.503597
Merton,BP2136,0.4508168
Merton,BP2137,0.4501292
Merton,BP2138,0.43030605
Merton,BP2256,0.5746705
Merton,BP2257,0.5751219
Merton,BP2737,0.44388247
Merton,BP2738,0.4517011
Merton,BP2897,0.47208938
Merton,BP3255,0.5827368
Merton,BP3256,0.5914284
Merton,BP3257,0.5580019
Merton,BP3258,0.58383
Merton,BP3259,0.56794786
Merton,BP3494,0.4944507
Merton,BP3581,0.53920555
Merton,BP3582,0.38491097
Merton,BP3583,0.38708374
Merton,BP3584,0.33516678
Merton,BP3585,0.3333548
Merton,BP3586,0.5378968
Merton,BP3797,0.4119002
Merton,BP3876,0.61130565
Merton,BP3958,0.49242947
Merton,BP3959,0.45938796
Merton,BP3960,0.4588583
Merton,BP3961,0.46464157
Merton,BP3962,0.50102097
Merton,BP4202,0.5630502
Merton,BP4480,0.5504454
Merton,BP4502,0.56656796
Merton,BP4503,0.5430498
Merton,BP4508,0.55905503
Merton,BP4513,0.5542168
Merton,BP4519,0.55724055
Merton,BP4520,0.33267272
Merton,BP4596,0.5327019
Merton,BP4597,0.51347435
Merton,BP4598,0.5107618
Merton,BP4599,0.52017534
Merton,BP4600,0.5227124
Merton,BP4601,0.42493767
Merton,BP4602,0.41807613
Merton,BP4603,0.4279442
Merton,BP4604,0.5113456
Merton,BP4605,0.53391916
Merton,BP4606,0.42112333
Merton,BP4607,0.44473714
Merton,BP4665,0.48764348
Merton,BP4672,0.46959844
Merton,BP4690,0.49918687
Merton,BP5330,0.42369002
Merton,BP5365,0.5138958
Merton,BP5461,0.50207984
Merton,BP5462,0.50003684
Merton,BP5463,0.46731663
Merton,BP5465,0.39112207
Merton,BP5466,0.41391268
Merton,BP5467,0.43947467
Merton,BP5468,0.41366073
Merton,BP5469,0.41851243
Merton,BP5470,0.48771074
Merton,BP5518,0.49861714
Merton,BP5720,0.4032901
Merton,BP5853,0.59395486
Merton,BP5854,0.58788526
Merton,BP5855,0.5916654
Merton,BP5865,0.56490207
Merton,BP5869,0.44344273
Merton,BP5906,0.6221511
Merton,BP6093,0.56267
Merton,BP6094,0.58883613
Merton,BP6096,0.6088722
Merton,BP6097,0.59260976
Merton,BP6098,0.6098292
Merton,BP683,0.5916029
Merton,BP834,0.5545265
Merton,BP835,0.5678339
Merton,BP836,0.5550594
Merton,BP837,0.55565727
Merton,BP854,0.3992739
Merton,BP855,0.47480276
Merton,BP962,0.4404919
Merton,HC73,0.48095745
Merton,HC74,0.593092
Merton,HC75,0.56062615
Merton,HC76,0.46123332
Merton,LG02,0.56688666
Merton,LG03,0.57876104
Merton,LG06,0.5627759
Merton,LG50,0.57066
Merton,LG60,0.48731306
Merton,LG65,0.56763065
Merton,LG66,0.6161379
Merton,LG67,0.61275434
Merton,LG68,0.610589
Merton,LG69,0.61126524
Merton,OC740,0.4817212
Merton,R0097,0.4181535
Merton,R0134,0.47398767
Merton,R0136,0.42264137
Merton,R0138,0.41989717
Merton,R0251,0.45331693
Merton,R0299,0.56043875
Merton,R0565,0.52853686
Merton,R0725,0.4653031
Merton,R0726,0.57254624
Merton,W27,0.5348751
Merton,W28,0.54782975
Merton,W29,0.5354995
Merton,W30,0.55908424
Merton,W31,0.5520606
Merton,W32,0.51603323
Merton,W33,0.482493
Merton,W34,0.47668836
Merton,W4,0.47936645
Merton,W46,0.5778428
Merton,W48,0.5713728
Merton,18671,0.60235673
Merton,18673,0.61136234
Merton,23927,0.61012065
Merton,BP5011,0.50225866
Merton,BP5012,0.5151233
Merton,BP5013,0.46774885
Merton,BP5014,0.4678719
Merton,BP5122,0.6151038
Merton,BP5491,0.49215737
Newham,11126,0.5390868
Newham,1180,0.64285207
Newham,1202,0.5900507
Newham,1409,0.5651193
Newham,1410,0.5639983
Newham,14510,0.5649239
Newham,14511,0.577586
Newham,14515,0.541763
Newham,14520,0.59878606
Newham,14522,0.5751748
Newham,14523,0.54976803
Newham,14527,0.56772286
Newham,14528,0.5724544
Newham,14529,0.5757541
Newham,14530,0.6110479
Newham,14531,0.6103188
Newham,14535,0.6564357
Newham,14540,0.631945
Newham,14581,0.5788194
Newham,1577,0.5667346
Newham,1578,0.5515433
Newham,16395,0.62069094
Newham,16396,0.6035807
Newham,1739,0.59203947
Newham,1740,0.5868089
Newham,18329,0.54268414
Newham,1878,0.53507054
Newham,1879,0.53462803
Newham,1881,0.5557858
Newham,1882,0.5250847
Newham,1883,0.5223994
Newham,1891,0.59111726
Newham,1892,0.58506906
Newham,1893,0.60026646
Newham,1894,0.5804471
Newham,1895,0.583742
Newham,1896,0.60939276
Newham,1897,0.5969737
Newham,1900,0.60605794
Newham,1902,0.60857654
Newham,1903,0.60479045
Newham,1937,0.54009086
Newham,20769,0.5612612
Newham,20770,0.6019022
Newham,20773,0.57774675
Newham,20810,0.44906485
Newham,20830,0.6005293
Newham,20831,0.5872255
Newham,2238,0.515002
Newham,25051,0.54182184
Newham,25483,0.5287194
Newham,26187,0.535089
Newham,26188,0.5401454
Newham,26958,0.44059786
Newham,27629,0.53996336
Newham,27631,0.5965907
Newham,27633,0.5558015
Newham,27635,0.5676408
Newham,27636,0.5642686
Newham,27637,0.5142423
Newham,27638,0.45952713
Newham,27639,0.4592526
Newham,27640,0.45721123
Newham,27641,0.43700954
Newham,27642,0.61200595
Newham,27709,0.44378328
Newham,27913,0.48598766
Newham,2876,0.6046001
Newham,2882,0.63089657
Newham,2883,0.655922
Newham,2884,0.6462209
Newham,2885,0.6492569
Newham,2886,0.647974
Newham,2887,0.6392211
Newham,2888,0.64908224
Newham,2889,0.6194433
Newham,2891,0.62360406
Newham,2892,0.62518793
Newham,2896,0.62203485
Newham,2899,0.62473917
Newham,2901,0.5172046
Newham,2905,0.5379623
Newham,2906,0.5252703
Newham,2907,0.5929229
Newham,2908,0.6143013
Newham,2909,0.5712052
Newham,2910,0.56265956
Newham,2913,0.5623011
Newham,2914,0.48511675
Newham,29505,0.43072447
Newham,29507,0.4949411
Newham,29508,0.59029025
Newham,29563,0.49557096
Newham,29578,0.59222215
Newham,29759,0.6576706
Newham,29760,0.6896479
Newham,29761,0.6143524
Newham,29763,0.5635118
Newham,29765,0.490895
Newham,29809,0.6438805
Newham,29824,0.42196655
Newham,29825,0.46304867
Newham,29826,0.4845888
Newham,29828,0.5328852
Newham,29829,0.46086392
Newham,29830,0.46959972
Newham,29831,0.4545482
Newham,29832,0.4723507
Newham,29845,0.64768595
Newham,3013,0.642087
Newham,3300,0.5320772
Newham,33705,0.50390714
Newham,33944,0.5354175
Newham,33958,0.5990384
Newham,33995,0.5910376
Newham,33996,0.55383986
Newham,34096,0.52814704
Newham,35038,0.5808157
Newham,35039,0.5875692
Newham,35271,0.4597814
Newham,35272,0.46433216
Newham,35274,0.56487966
Newham,35328,0.5219657
Newham,35550,0.49256033
Newham,35551,0.48577583
Newham,35691,0.38077664
Newham,35692,0.47482565
Newham,35693,0.4278073
Newham,35701,0.38752478
Newham,35702,0.3804925
Newham,35703,0.43628886
Newham,35704,0.47303796
Newham,35716,0.52688146
Newham,35749,0.48052904
Newham,35914,0.5238509
Newham,36816,0.6122152
Newham,36817,0.6417498
Newham,36818,0.61053485
Newham,36819,0.6130563
Newham,36829,0.67161906
Newham,36830,0.69990635
Newham,36831,0.6834266
Newham,36832,0.68704456
Newham,36833,0.65356755
Newham,36834,0.61470795
Newham,36927,0.45227715
Newham,37125,0.6692265
Newham,37127,0.4821968
Newham,37128,0.47747046
Newham,4643,0.56562805
Newham,4644,0.5512455
Newham,4645,0.6558483
Newham,4875,0.58003104
Newham,4876,0.5733906
Newham,4891,0.51730776
Newham,4892,0.533554
Newham,4894,0.52745503
Newham,4896,0.4583729
Newham,640,0.5626409
Newham,641,0.5395207
Newham,696,0.6116321
Newham,697,0.6109053
Newham,698,0.52814806
Newham,7059,0.5061512
Newham,736,0.41972098
Newham,747,0.55057126
Newham,8009,0.52714604
Newham,8010,0.52025074
Newham,8013,0.49532288
Newham,8019,0.49423692
Newham,8023,0.49810973
Newham,8026,0.560351
Newham,8027,0.5497456
Newham,8029,0.5802056
Newham,8034,0.5444241
Newham,8035,0.54246634
Newham,8036,0.55609125
Newham,8037,0.55432165
Newham,8041,0.53989756
Newham,8042,0.5077067
Newham,8060,0.53298795
Newham,8069,0.50900024
Newham,8071,0.5123854
Newham,8074,0.4693295
Newham,8075,0.4483509
Newham,8076,0.44715896
Newham,8077,0.44160414
Newham,8078,0.47094864
Newham,8079,0.4351247
Newham,8080,0.4526002
Newham,8081,0.45780608
Newham,8082,0.49306086
Newham,8083,0.48485354
Newham,8086,0.4975179
Newham,8087,0.5178731
Newham,8088,0.51254904
Newham,8089,0.5127247
Newham,8090,0.45961514
Newham,8091,0.48829374
Newham,8092,0.44033945
Newham,8096,0.5090453
Newham,8097,0.5239351
Newham,8098,0.47766253
Newham,8100,0.48786294
Newham,8101,0.48852548
Newham,8102,0.4971602
Newham,8104,0.5787059
Newham,8105,0.49780568
Newham,8107,0.5589881
Newham,8108,0.5810486
Newham,8109,0.5787668
Newham,8110,0.6037512
Newham,8113,0.6008051
Newham,8116,0.63120663
Newham,8118,0.6220762
Newham,8122,0.5238688
Newham,8123,0.52073395
Newham,8129,0.43223462
Newham,8131,0.4427378
Newham,8132,0.44044325
Newham,8135,0.47281057
Newham,8136,0.4777127
Newham,8139,0.5123433
Newham,8140,0.5045604
Newham,8143,0.49309814
Newham,8144,0.5019857
Newham,8145,0.43555957
Newham,8146,0.43619257
Newham,8148,0.41103202
Newham,8149,0.411189
Newham,8152,0.53842807
Newham,8153,0.5417329
Newham,8154,0.49230376
Newham,8156,0.48376995
Newham,8157,0.47160813
Newham,8158,0.46711212
Newham,8159,0.46079546
Newham,8162,0.46286336
Newham,8163,0.4611992
Newham,8168,0.474874
Newham,8169,0.47657922
Newham,8170,0.50578743
Newham,8171,0.501945
Newham,8173,0.50249106
Newham,8177,0.50865597
Newham,8178,0.4897645
Newham,8180,0.46176928
Newham,8181,0.4820926
Newham,9045,0.576514
Newham,9046,0.49826628
Newham,9047,0.496135
Newham,9048,0.49564117
Newham,9049,0.500696
Newham,9050,0.5032198
Newham,9051,0.5111008
Newham,9055,0.44661835
Newham,9056,0.5043679
Newham,9058,0.49818793
Newham,9060,0.47961015
Newham,9061,0.48284638
Newham,9064,0.5104241
Newham,9065,0.548835
Newham,9066,0.53240913
Newham,9069,0.5364624
Newham,9070,0.6138834
Newham,9071,0.51940143
Newham,9074,0.45379153
Newham,9075,0.45827258
Newham,9076,0.52049303
Newham,9077,0.45552492
Newham,9078,0.45894924
Newham,9079,0.46297663
Newham,9080,0.5444381
Newham,9081,0.4636722
Newham,9082,0.56064814
Newham,9083,0.5596344
Newham,9084,0.57847106
Newham,9085,0.57256925
Newham,9086,0.58837974
Newham,9087,0.55042213
Newham,9091,0.52861845
Newham,91521,0.6248517
Newham,91522,0.5929671
Newham,9291,0.48200834
Newham,9292,0.4659147
Newham,9293,0.4533331
Newham,9299,0.4625497
Newham,9300,0.48359907
Newham,9302,0.44684026
Newham,9304,0.57735807
Newham,9531,0.5044232
Newham,9533,0.4905963
Newham,9534,0.496401
Newham,9535,0.44163623
Newham,BP086,0.46164396
Newham,BP092,0.6008105
Newham,BP093,0.6054875
Newham,BP094,0.61492753
Newham,BP098,0.51944757
Newham,BP132,0.64540774
Newham,BP174,0.4970193
Newham,BP175,0.49228498
Newham,BP179,0.5582487
Newham,BP234,0.6137249
Newham,BP235,0.6038606
Newham,BP2361,0.48575792
Newham,BP2362,0.54115736
Newham,BP2363,0.6003181
Newham,BP2364,0.5950655
Newham,BP2365,0.55679244
Newham,BP2366,0.55528694
Newham,BP2368,0.6243846
Newham,BP2369,0.600719
Newham,BP242,0.504842
Newham,BP2636,0.4222812
Newham,BP2734,0.51645786
Newham,BP2735,0.59334743
Newham,BP3511,0.48278219
Newham,BP3737,0.39778966
Newham,BP3738,0.42341384
Newham,BP3739,0.43763044
Newham,BP3740,0.3962623
Newham,BP3741,0.48063564
Newham,BP3743,0.44362846
Newham,BP3755,0.5821644
Newham,BP3756,0.52601373
Newham,BP4247,0.5083493
Newham,BP4281,0.4824712
Newham,BP4283,0.51969653
Newham,BP4485,0.6228375
Newham,BP4486,0.50871277
Newham,BP4636,0.566205
Newham,BP4643,0.5458286
Newham,BP4644,0.54763955
Newham,BP4645,0.5288045
Newham,BP4646,0.5308882
Newham,BP4647,0.55678797
Newham,BP4648,0.60936326
Newham,BP4649,0.5966025
Newham,BP4650,0.5955589
Newham,BP4651,0.5790175
Newham,BP4652,0.57685286
Newham,BP4654,0.57970524
Newham,BP4655,0.5937695
Newham,BP4656,0.5874945
Newham,BP4657,0.5597052
Newham,BP4658,0.5571957
Newham,BP4659,0.55856854
Newham,BP4854,0.48867336
Newham,BP4855,0.51273507
Newham,BP508,0.47076783
Newham,BP509,0.47533622
Newham,BP5093,0.5778376
Newham,BP510,0.47026703
Newham,BP511,0.49545106
Newham,BP513,0.63109624
Newham,BP5145,0.60095644
Newham,BP5194,0.671107
Newham,BP5195,0.5535575
Newham,BP5196,0.6308893
Newham,BP5197,0.6630864
Newham,BP520,0.40893987
Newham,BP521,0.35569426
Newham,BP522,0.35701096
Newham,BP523,0.3540069
Newham,BP5263,0.6112028
Newham,BP5404,0.4733543
Newham,BP5449,0.4246048
Newham,BP5456,0.56227756
Newham,BP551,0.46548998
Newham,BP552,0.4865414
Newham,BP553,0.48503187
Newham,BP554,0.4801912
Newham,BP555,0.46761703
Newham,BP5872,0.489309
Newham,BP6268,0.49872592
Newham,BP6349,0.48899058
Newham,BP6530,0.403748
Newham,BP665,0.5212482
Newham,BP726,0.4370149
Newham,BP728,0.5182892
Newham,BP758,0.54761946
Newham,BP759,0.58699805
Newham,BP770,0.6082662
Newham,BP771,0.6169457
Newham,BP773,0.40931123
Newham,BP781,0.58030653
Newham,BP858,0.41497883
Newham,BP859,0.4995198
Newham,BP860,0.4088623
Newham,BP861,0.49958313
Newham,BP944,0.36159807
Newham,FC12,0.5354639
Newham,FC18,0.50801104
Newham,FC19,0.4863194
Newham,FC20,0.4441146
Newham,FC21,0.5448176
Newham,FC22,0.5392236
Newham,FC23,0.5778389
Newham,FC24,0.59483546
Newham,FC25,0.5945348
Newham,FC26,0.58536255
Newham,FC27,0.48850864
Newham,FC28,0.49396178
Newham,FC29,0.4664705
Newham,FC36,0.52360487
Newham,FC72,0.43556812
Newham,LE123,0.6002501
Newham,LE124,0.6102905
Newham,LE139,0.5116833
Newham,LE162,0.43173742
Newham,LE164,0.4212722
Newham,LE165,0.40424415
Newham,LE166,0.40409
Newham,LE167,0.38297567
Newham,LE213,0.61262095
Newham,LE214,0.5379908
Newham,LE215,0.5958077
Newham,LE216,0.64131385
Newham,R0171,0.60728556
Newham,R0297,0.578961
Newham,R0325,0.59698945
Newham,R0351,0.47026795
Newham,R0353,0.4429962
Newham,R0363,0.585044
Newham,R0708,0.50455534
Newham,R0755,0.46071088
Newham,1885,0.58370686
Newham,1890,0.58887136
Newham,2068,0.5469759
Newham,2070,0.46596006
Newham,20760,0.46609998
Newham,2878,0.6579299
Newham,2880,0.66179514
Newham,34732,0.47148922
Newham,35911,0.45254493
Newham,36835,0.65381926
Newham,4893,0.5866669
Newham,4897,0.4919122
Newham,9501,0.41811025
Newham,9509,0.41049346
Newham,9511,0.4844568
Newham,9514,0.47804722
Newham,9517,0.49460968
Newham,BP1640,0.5777293
Newham,BP1641,0.57867944
Newham,BP186,0.6616323
Newham,BP1994,0.58891165
Newham,BP1995,0.5715969
Newham,BP2026,0.48542702
Newham,BP2027,0.48154154
Newham,BP2723,0.48483375
Newham,BP4248,0.48591876
Newham,BP4249,0.5440348
Newham,BP4282,0.5330225
Newham,BP557,0.63195306
Newham,BP5842,0.43333536
Newham,BP5843,0.44119063
Newham,BP5883,0.46390244
Newham,BP5892,0.3107145
Newham,BP5894,0.36268
Newham,BP5937,0.36493078
Newham,BP727,0.48176357
Newham,R0331,0.47302932
Newham,R0754,0.40285245
Redbridge,11329,0.5209611
Redbridge,11330,0.5059275
Redbridge,13150,0.51344174
Redbridge,13151,0.5028365
Redbridge,1323,0.6268524
Redbridge,1325,0.62706655
Redbridge,13426,0.42000863
Redbridge,13427,0.48344913
Redbridge,13447,0.6155165
Redbridge,13448,0.6361775
Redbridge,13449,0.5955685
Redbridge,13450,0.57458776
Redbridge,13548,0.60951805
Redbridge,1355,0.5231884
Redbridge,13557,0.5713855
Redbridge,13558,0.5691406
Redbridge,1356,0.5347516
Redbridge,14079,0.603149
Redbridge,14099,0.60274565
Redbridge,14203,0.58717185
Redbridge,14204,0.55717826
Redbridge,14290,0.62288254
Redbridge,14676,0.47104487
Redbridge,14706,0.6300154
Redbridge,14707,0.5900972
Redbridge,14708,0.6232108
Redbridge,14765,0.63780373
Redbridge,14780,0.6411301
Redbridge,14781,0.6376874
Redbridge,1511,0.54285544
Redbridge,1512,0.5425923
Redbridge,15323,0.5429844
Redbridge,15324,0.54230523
Redbridge,15325,0.53659564
Redbridge,15326,0.5503942
Redbridge,15327,0.55853254
Redbridge,15328,0.5586944
Redbridge,15329,0.5741833
Redbridge,15330,0.5791459
Redbridge,15332,0.5357764
Redbridge,15333,0.5962335
Redbridge,15334,0.5591081
Redbridge,15335,0.5923283
Redbridge,15336,0.58763516
Redbridge,15337,0.58997864
Redbridge,15338,0.6188908
Redbridge,15339,0.59051067
Redbridge,15340,0.5894342
Redbridge,15341,0.61768806
Redbridge,15342,0.57120055
Redbridge,15391,0.59495
Redbridge,15392,0.5622195
Redbridge,15393,0.53084505
Redbridge,15394,0.5306233
Redbridge,15395,0.62530416
Redbridge,15396,0.6792149
Redbridge,15397,0.59491473
Redbridge,15398,0.55446416
Redbridge,15399,0.6009436
Redbridge,15400,0.6010734
Redbridge,15401,0.5998956
Redbridge,15430,0.6325152
Redbridge,15431,0.60548663
Redbridge,15432,0.5908773
Redbridge,15433,0.5997065
Redbridge,15434,0.6620626
Redbridge,15435,0.6671917
Redbridge,15436,0.5376942
Redbridge,15437,0.5421099
Redbridge,15438,0.55874175
Redbridge,15439,0.560065
Redbridge,15440,0.57643515
Redbridge,15441,0.59882367
Redbridge,15442,0.59992445
Redbridge,15444,0.52110624
Redbridge,15446,0.56047815
Redbridge,15471,0.5669994
Redbridge,15473,0.6315443
Redbridge,15475,0.6475147
Redbridge,15476,0.6212667
Redbridge,15488,0.7335701
Redbridge,15489,0.69479895
Redbridge,15490,0.6286118
Redbridge,15491,0.6622699
Redbridge,15492,0.5857122
Redbridge,15493,0.63812923
Redbridge,15494,0.6617106
Redbridge,15496,0.69673854
Redbridge,15500,0.5976272
Redbridge,15501,0.59745455
Redbridge,15502,0.6245493
Redbridge,15503,0.62951314
Redbridge,15507,0.51368606
Redbridge,15509,0.5402015
Redbridge,15510,0.53993165
Redbridge,15539,0.53935564
Redbridge,15540,0.52882755
Redbridge,15541,0.56106704
Redbridge,15544,0.73521566
Redbridge,15545,0.629526
Redbridge,15546,0.5517055
Redbridge,15547,0.5440239
Redbridge,15549,0.58156514
Redbridge,15550,0.60225004
Redbridge,15551,0.6205776
Redbridge,15552,0.62861866
Redbridge,15553,0.62769157
Redbridge,15555,0.62953794
Redbridge,1581,0.59610045
Redbridge,15857,0.5776276
Redbridge,15858,0.5786142
Redbridge,16345,0.49009535
Redbridge,16346,0.4787527
Redbridge,1648,0.64278936
Redbridge,16600,0.62521774
Redbridge,16601,0.6388651
Redbridge,1728,0.56708527
Redbridge,1729,0.53574604
Redbridge,17949,0.595603
Redbridge,17950,0.62988794
Redbridge,18042,0.66993046
Redbridge,18043,0.66806895
Redbridge,18044,0.6184912
Redbridge,18045,0.6397754
Redbridge,18046,0.56281394
Redbridge,18047,0.56501645
Redbridge,18048,0.56715417
Redbridge,18049,0.5639501
Redbridge,18050,0.5562412
Redbridge,18051,0.5470823
Redbridge,18052,0.5715785
Redbridge,18053,0.56553346
Redbridge,18055,0.5857727
Redbridge,18235,0.62181
Redbridge,18236,0.6354099
Redbridge,18237,0.6249587
Redbridge,18239,0.59658086
Redbridge,18240,0.5660189
Redbridge,19281,0.4855066
Redbridge,19282,0.4831264
Redbridge,19283,0.44550303
Redbridge,19284,0.4394918
Redbridge,19285,0.53703475
Redbridge,19286,0.55393445
Redbridge,19287,0.5559083
Redbridge,19288,0.5685191
Redbridge,19289,0.5196561
Redbridge,19290,0.56326073
Redbridge,19291,0.59298503
Redbridge,19292,0.44568235
Redbridge,19293,0.53816897
Redbridge,19294,0.51318634
Redbridge,19314,0.68607056
Redbridge,19331,0.48369586
Redbridge,19332,0.4820391
Redbridge,19333,0.50894976
Redbridge,19334,0.47534904
Redbridge,19335,0.47714126
Redbridge,19336,0.48873144
Redbridge,19337,0.4761789
Redbridge,19338,0.5060881
Redbridge,19339,0.50707316
Redbridge,19724,0.57890594
Redbridge,20198,0.6262017
Redbridge,20240,0.5482265
Redbridge,20344,0.5810254
Redbridge,20346,0.6070541
Redbridge,20347,0.613736
Redbridge,20348,0.7006685
Redbridge,20349,0.6991027
Redbridge,20589,0.4769976
Redbridge,20590,0.47689083
Redbridge,20667,0.47294208
Redbridge,20740,0.6795737
Redbridge,20741,0.67835534
Redbridge,20742,0.6593141
Redbridge,20743,0.65223086
Redbridge,20744,0.6158944
Redbridge,20745,0.61923146
Redbridge,20746,0.5983142
Redbridge,20747,0.60291725
Redbridge,20748,0.59233713
Redbridge,20749,0.60278
Redbridge,20884,0.60856384
Redbridge,20885,0.5703894
Redbridge,20886,0.6098842
Redbridge,20887,0.57322735
Redbridge,20888,0.6693782
Redbridge,20889,0.6580304
Redbridge,20890,0.6825506
Redbridge,20891,0.6823839
Redbridge,20907,0.5583714
Redbridge,20977,0.619264
Redbridge,20985,0.52601206
Redbridge,20986,0.5775687
Redbridge,20987,0.5870033
Redbridge,2502,0.49710175
Redbridge,25031,0.54635525
Redbridge,25056,0.55026156
Redbridge,25067,0.405024
Redbridge,25068,0.4823604
Redbridge,25185,0.6358865
Redbridge,25368,0.6879369
Redbridge,25444,0.5661074
Redbridge,26368,0.5521278
Redbridge,26536,0.5849289
Redbridge,26537,0.6096594
Redbridge,26538,0.63290465
Redbridge,26539,0.57657754
Redbridge,26540,0.7055546
Redbridge,26541,0.7017364
Redbridge,26543,0.59990954
Redbridge,26969,0.6372219
Redbridge,27814,0.62192124
Redbridge,27854,0.68896145
Redbridge,27855,0.6525336
Redbridge,27869,0.63354975
Redbridge,27970,0.62236017
Redbridge,29018,0.64561206
Redbridge,2917,0.571325
Redbridge,2918,0.5372574
Redbridge,2919,0.52869576
Redbridge,29213,0.5818074
Redbridge,29214,0.58092177
Redbridge,29216,0.58045
Redbridge,29217,0.58308434
Redbridge,29218,0.61805487
Redbridge,29219,0.5963775
Redbridge,29220,0.60205233
Redbridge,29221,0.6286026
Redbridge,29222,0.5739776
Redbridge,29223,0.60639
Redbridge,29224,0.55765545
Redbridge,29225,0.597548
Redbridge,29226,0.58563095
Redbridge,29227,0.6480421
Redbridge,29228,0.5350744
Redbridge,29254,0.64695054
Redbridge,29255,0.6450174
Redbridge,29287,0.48329148
Redbridge,2932,0.55844826
Redbridge,2933,0.5721166
Redbridge,29445,0.66696024
Redbridge,29463,0.60192287
Redbridge,29556,0.5840333
Redbridge,29557,0.57050115
Redbridge,29558,0.53998667
Redbridge,29559,0.71017915
Redbridge,29560,0.53926784
Redbridge,29914,0.561062
Redbridge,2998,0.6047225
Redbridge,3299,0.5171854
Redbridge,3301,0.50976324
Redbridge,33036,0.5670534
Redbridge,3305,0.51515716
Redbridge,3307,0.6374655
Redbridge,33348,0.46695805
Redbridge,33349,0.5751273
Redbridge,33350,0.5184322
Redbridge,33351,0.5083049
Redbridge,33353,0.48585314
Redbridge,33361,0.5110605
Redbridge,33362,0.50491947
Redbridge,33363,0.48139012
Redbridge,33364,0.43004525
Redbridge,33397,0.60557836
Redbridge,33398,0.61194336
Redbridge,33399,0.56882817
Redbridge,33400,0.5589077
Redbridge,33401,0.4769373
Redbridge,33402,0.47226664
Redbridge,33404,0.5316071
Redbridge,33415,0.52243686
Redbridge,33416,0.52307427
Redbridge,33456,0.5080956
Redbridge,33767,0.72345763
Redbridge,33768,0.69182754
Redbridge,33918,0.71929204
Redbridge,34050,0.62062454
Redbridge,34310,0.6625744
Redbridge,34478,0.55658835
Redbridge,34767,0.53250283
Redbridge,34769,0.5771622
Redbridge,34995,0.5562162
Redbridge,34997,0.52615935
Redbridge,34999,0.5259033
Redbridge,35000,0.5485525
Redbridge,35166,0.57716197
Redbridge,35167,0.57201874
Redbridge,35170,0.6639772
Redbridge,35171,0.63876355
Redbridge,35172,0.69967407
Redbridge,35173,0.70917445
Redbridge,35174,0.6005177
Redbridge,35220,0.54553235
Redbridge,35348,0.5181647
Redbridge,35349,0.5743965
Redbridge,35350,0.5183845
Redbridge,35351,0.5172151
Redbridge,35352,0.60049635
Redbridge,35353,0.59908354
Redbridge,35403,0.52376294
Redbridge,35437,0.59200734
Redbridge,35438,0.56409067
Redbridge,35457,0.5924351
Redbridge,35474,0.5647979
Redbridge,35965,0.74995726
Redbridge,35966,0.7519621
Redbridge,36660,0.49376574
Redbridge,36693,0.58625126
Redbridge,37219,0.6713415
Redbridge,416,0.6220953
Redbridge,4318,0.60926056
Redbridge,4319,0.58672297
Redbridge,432,0.63045
Redbridge,4321,0.6073579
Redbridge,4322,0.5844684
Redbridge,4323,0.6289408
Redbridge,4325,0.63869315
Redbridge,4326,0.5184227
Redbridge,4328,0.6084873
Redbridge,4329,0.53334767
Redbridge,4331,0.5455819
Redbridge,4358,0.63145393
Redbridge,4359,0.57184243
Redbridge,4363,0.55942357
Redbridge,4557,0.64460003
Redbridge,555,0.6014343
Redbridge,7509,0.6070451
Redbridge,7769,0.55564386
Redbridge,8621,0.5967272
Redbridge,8622,0.59758073
Redbridge,9013,0.56964254
Redbridge,9014,0.6117513
Redbridge,9305,0.5634092
Redbridge,9306,0.53753793
Redbridge,9307,0.46794355
Redbridge,9308,0.48032066
Redbridge,9309,0.45470595
Redbridge,9311,0.46779722
Redbridge,9312,0.46789777
Redbridge,9313,0.5403786
Redbridge,9316,0.52985305
Redbridge,9317,0.55592483
Redbridge,9318,0.5449449
Redbridge,9319,0.5200691
Redbridge,9322,0.53247863
Redbridge,9326,0.61716545
Redbridge,9377,0.55417305
Redbridge,9378,0.55315566
Redbridge,9549,0.5714555
Redbridge,9550,0.5437336
Redbridge,9551,0.61821276
Redbridge,9554,0.5735038
Redbridge,9555,0.63875353
Redbridge,9556,0.60979366
Redbridge,9560,0.62178504
Redbridge,9574,0.5938992
Redbridge,9575,0.6130794
Redbridge,9580,0.5915657
Redbridge,9581,0.59306115
Redbridge,9582,0.5881497
Redbridge,9583,0.5888181
Redbridge,9584,0.5886586
Redbridge,9585,0.5970466
Redbridge,9588,0.6008283
Redbridge,9589,0.6006055
Redbridge,9590,0.6208256
Redbridge,9591,0.6150339
Redbridge,9594,0.6190193
Redbridge,9595,0.6210114
Redbridge,9596,0.6117524
Redbridge,9597,0.59568965
Redbridge,9598,0.603596
Redbridge,9599,0.6330623
Redbridge,9602,0.572646
Redbridge,9603,0.61082536
Redbridge,9604,0.6473996
Redbridge,9605,0.62899506
Redbridge,9608,0.6364854
Redbridge,9609,0.62241703
Redbridge,9613,0.63499874
Redbridge,9622,0.53647447
Redbridge,9623,0.5214251
Redbridge,9624,0.50423247
Redbridge,9625,0.50299513
Redbridge,9628,0.5840508
Redbridge,9629,0.5748272
Redbridge,9634,0.5000985
Redbridge,9636,0.60109884
Redbridge,9637,0.51340836
Redbridge,9638,0.65017843
Redbridge,9639,0.5917418
Redbridge,9644,0.7088907
Redbridge,9805,0.6929591
Redbridge,BP1266,0.5988912
Redbridge,BP1267,0.7381669
Redbridge,BP1304,0.67817414
Redbridge,BP1349,0.61483806
Redbridge,BP1350,0.6188637
Redbridge,BP1504,0.58882225
Redbridge,BP1649,0.7089632
Redbridge,BP1742,0.67854
Redbridge,BP1743,0.6077151
Redbridge,BP2067,0.57683444
Redbridge,BP2156,0.5705636
Redbridge,BP2470,0.57632196
Redbridge,BP2471,0.58231777
Redbridge,BP2503,0.5605143
Redbridge,BP2504,0.70524806
Redbridge,BP2505,0.54207766
Redbridge,BP2506,0.58916926
Redbridge,BP281,0.53367054
Redbridge,BP2887,0.6079566
Redbridge,BP2888,0.55334044
Redbridge,BP2889,0.5418536
Redbridge,BP2890,0.50982046
Redbridge,BP2891,0.5061253
Redbridge,BP2892,0.5734648
Redbridge,BP2893,0.60311407
Redbridge,BP2894,0.550294
Redbridge,BP3460,0.67100054
Redbridge,BP4296,0.6136386
Redbridge,BP4307,0.5276939
Redbridge,BP439,0.5489048
Redbridge,BP4977,0.6378079
Redbridge,BP4978,0.6561324
Redbridge,BP4979,0.67106825
Redbridge,BP4980,0.5973376
Redbridge,BP4981,0.59386224
Redbridge,BP4982,0.6361847
Redbridge,BP4983,0.63628507
Redbridge,BP4984,0.700361
Redbridge,BP4985,0.58675003
Redbridge,BP5303,0.5166523
Redbridge,BP5416,0.50208205
Redbridge,BP5417,0.54892504
Redbridge,BP5655,0.48930645
Redbridge,BP5674,0.6488431
Redbridge,BP5696,0.5520049
Redbridge,BP5912,0.5959187
Redbridge,BP6039,0.62176514
Redbridge,BP6040,0.5355352
Redbridge,BP6041,0.5380847
Redbridge,BP6042,0.6526929
Redbridge,BP6043,0.62756324
Redbridge,BP6044,0.62625515
Redbridge,BP6045,0.6305563
Redbridge,BP6046,0.4349574
Redbridge,BP6047,0.4388651
Redbridge,BP6102,0.6483322
Redbridge,BP6208,0.55529344
Redbridge,BP6244,0.59386206
Redbridge,BP6245,0.5820938
Redbridge,BP678,0.5386923
Redbridge,BP739,0.65046495
Redbridge,BP740,0.6525611
Redbridge,BP921,0.5593051
Redbridge,FC03,0.6286761
Redbridge,FC04,0.6727604
Redbridge,FC15,0.5986153
Redbridge,FC16,0.5764528
Redbridge,FC40,0.6649762
Redbridge,FC41,0.68326706
Redbridge,FC42,0.5510592
Redbridge,FC44,0.66766983
Redbridge,FC45,0.6134659
Redbridge,FC46,0.575295
Redbridge,FC52,0.58454704
Redbridge,FC53,0.6759535
Redbridge,FC60,0.663436
Redbridge,FC63,0.6577057
Redbridge,FC64,0.5092121
Redbridge,FC66,0.5490276
Redbridge,FC67,0.55344397
Redbridge,FC68,0.5166105
Redbridge,FC69,0.65193826
Redbridge,FC70,0.5173262
Redbridge,FC86,0.4525415
Redbridge,FC87,0.5052293
Redbridge,FC90,0.6046805
Redbridge,HC160,0.59293205
Redbridge,HC161,0.59821624
Redbridge,HC162,0.6090538
Redbridge,HC163,0.6017572
Redbridge,HC164,0.4884106
Redbridge,HC165,0.5660408
Redbridge,HC166,0.5311377
Redbridge,HC167,0.5761099
Redbridge,HC168,0.6079976
Redbridge,HC169,0.61174333
Redbridge,HC170,0.57856864
Redbridge,HC171,0.5763263
Redbridge,HC214,0.5565136
Redbridge,HC215,0.601564
Redbridge,HC216,0.593515
Redbridge,HC217,0.5828158
Redbridge,HC218,0.43250352
Redbridge,HC219,0.4309146
Redbridge,HC226,0.43197834
Redbridge,HC227,0.5459999
Redbridge,HC228,0.53837603
Redbridge,HC273,0.62792844
Redbridge,HC274,0.48490503
Redbridge,LE126,0.5934661
Redbridge,LE136,0.5879874
Redbridge,LE146,0.54108554
Redbridge,LE147,0.58748865
Redbridge,LE148,0.58228326
Redbridge,LE150,0.5911812
Redbridge,LE151,0.6005918
Redbridge,LE152,0.652926
Redbridge,LE153,0.5969181
Redbridge,LE154,0.65408766
Redbridge,LE161,0.65973353
Redbridge,LE226,0.6202148
Redbridge,OC433,0.5726827
Redbridge,OC434,0.552515
Redbridge,OC450,0.6671099
Redbridge,OC623,0.506951
Redbridge,OC624,0.57144314
Redbridge,OC646,0.5574112
Redbridge,OC647,0.5561555
Redbridge,OC651,0.57340175
Redbridge,OC668,0.5800787
Redbridge,OC669,0.5755697
Redbridge,OC811,0.5079504
Redbridge,R0026,0.6378527
Redbridge,R0312,0.6327545
Redbridge,R0326,0.5479715
Redbridge,R0328,0.6029517
Redbridge,R0334,0.6390021
Redbridge,R0477,0.5860481
Redbridge,R0498,0.5217917
Redbridge,R0499,0.5191483
Redbridge,R0868,0.65624285
Redbridge,35410,0.6175478
Redbridge,9559,0.61017823
Redbridge,FC39,0.61115474
Richmond upon Thames,1007,0.56296074
Richmond upon Thames,1008,0.57154894
Richmond upon Thames,1030,0.58257765
Richmond upon Thames,1031,0.5784603
Richmond upon Thames,1357,0.5374735
Richmond upon Thames,1376,0.50772125
Richmond upon Thames,14115,0.4566713
Richmond upon Thames,14116,0.4595798
Richmond upon Thames,14117,0.48574638
Richmond upon Thames,14217,0.5864756
Richmond upon Thames,14218,0.5441599
Richmond upon Thames,1468,0.6227035
Richmond upon Thames,14713,0.611142
Richmond upon Thames,14715,0.560406
Richmond upon Thames,14728,0.46328062
Richmond upon Thames,14729,0.50967884
Richmond upon Thames,14886,0.6118594
Richmond upon Thames,14895,0.52572703
Richmond upon Thames,15040,0.55242866
Richmond upon Thames,15041,0.54042596
Richmond upon Thames,15042,0.5078329
Richmond upon Thames,15044,0.528698
Richmond upon Thames,15045,0.53097516
Richmond upon Thames,15046,0.47571796
Richmond upon Thames,15047,0.51005596
Richmond upon Thames,15048,0.44252348
Richmond upon Thames,15049,0.50268644
Richmond upon Thames,15050,0.41849956
Richmond upon Thames,15051,0.46574926
Richmond upon Thames,15197,0.56206733
Richmond upon Thames,15198,0.643393
Richmond upon Thames,15199,0.6338911
Richmond upon Thames,15200,0.6430784
Richmond upon Thames,15201,0.641413
Richmond upon Thames,15202,0.6210017
Richmond upon Thames,15203,0.62479454
Richmond upon Thames,15204,0.60126054
Richmond upon Thames,15208,0.6905385
Richmond upon Thames,15210,0.67986315
Richmond upon Thames,15211,0.6700397
Richmond upon Thames,15212,0.5783059
Richmond upon Thames,15213,0.5741334
Richmond upon Thames,15214,0.5837092
Richmond upon Thames,15215,0.57746524
Richmond upon Thames,15217,0.48485354
Richmond upon Thames,15219,0.43137288
Richmond upon Thames,15220,0.42963043
Richmond upon Thames,15221,0.41920763
Richmond upon Thames,15222,0.42382213
Richmond upon Thames,15233,0.47470963
Richmond upon Thames,15236,0.60466933
Richmond upon Thames,15237,0.59212947
Richmond upon Thames,15238,0.61746866
Richmond upon Thames,15239,0.63134027
Richmond upon Thames,15240,0.63349605
Richmond upon Thames,15241,0.62647086
Richmond upon Thames,15247,0.63258976
Richmond upon Thames,15248,0.6417916
Richmond upon Thames,15249,0.6632696
Richmond upon Thames,15250,0.6364491
Richmond upon Thames,15251,0.6678546
Richmond upon Thames,15252,0.6689785
Richmond upon Thames,15253,0.6320579
Richmond upon Thames,15254,0.639165
Richmond upon Thames,15255,0.6369369
Richmond upon Thames,15256,0.5995814
Richmond upon Thames,1529,0.55729896
Richmond upon Thames,15556,0.6199065
Richmond upon Thames,15557,0.6179021
Richmond upon Thames,15558,0.5787953
Richmond upon Thames,15559,0.5872561
Richmond upon Thames,15560,0.50268745
Richmond upon Thames,15561,0.5082772
Richmond upon Thames,15562,0.4926976
Richmond upon Thames,15563,0.49175358
Richmond upon Thames,15565,0.52027726
Richmond upon Thames,15566,0.5190509
Richmond upon Thames,15567,0.50377727
Richmond upon Thames,15568,0.3972091
Richmond upon Thames,15569,0.37500152
Richmond upon Thames,15570,0.46667
Richmond upon Thames,15572,0.50500965
Richmond upon Thames,15574,0.41386768
Richmond upon Thames,15584,0.51640344
Richmond upon Thames,15673,0.47535217
Richmond upon Thames,15675,0.46036246
Richmond upon Thames,15708,0.62997645
Richmond upon Thames,15709,0.5572334
Richmond upon Thames,15710,0.5582984
Richmond upon Thames,15711,0.53028286
Richmond upon Thames,15712,0.5297386
Richmond upon Thames,15713,0.4531233
Richmond upon Thames,15714,0.4565371
Richmond upon Thames,15715,0.46039397
Richmond upon Thames,15875,0.41921732
Richmond upon Thames,15893,0.60576373
Richmond upon Thames,15895,0.54244804
Richmond upon Thames,15896,0.45132253
Richmond upon Thames,15897,0.45131442
Richmond upon Thames,15898,0.45566922
Richmond upon Thames,15899,0.46125624
Richmond upon Thames,159,0.4763864
Richmond upon Thames,15900,0.45735592
Richmond upon Thames,15901,0.4637601
Richmond upon Thames,15902,0.52960455
Richmond upon Thames,15903,0.5025073
Richmond upon Thames,15904,0.56706154
Richmond upon Thames,15905,0.5630518
Richmond upon Thames,15907,0.47580907
Richmond upon Thames,16173,0.5894562
Richmond upon Thames,16174,0.58798724
Richmond upon Thames,16175,0.5648469
Richmond upon Thames,16176,0.5569992
Richmond upon Thames,16177,0.54888684
Richmond upon Thames,16178,0.5221093
Richmond upon Thames,16179,0.45932192
Richmond upon Thames,16180,0.47867385
Richmond upon Thames,16181,0.5063256
Richmond upon Thames,16182,0.46200195
Richmond upon Thames,16183,0.46011093
Richmond upon Thames,16184,0.28912577
Richmond upon Thames,16185,0.29373926
Richmond upon Thames,16186,0.31506753
Richmond upon Thames,16187,0.35876563
Richmond upon Thames,16188,0.41149974
Richmond upon Thames,16189,0.39661852
Richmond upon Thames,16190,0.458766
Richmond upon Thames,16192,0.4195436
Richmond upon Thames,16220,0.40137437
Richmond upon Thames,16221,0.39341822
Richmond upon Thames,16235,0.5332642
Richmond upon Thames,16236,0.53540885
Richmond upon Thames,16237,0.47172213
Richmond upon Thames,16238,0.48607606
Richmond upon Thames,16239,0.6188926
Richmond upon Thames,16240,0.63587993
Richmond upon Thames,16241,0.60317683
Richmond upon Thames,16242,0.6147307
Richmond upon Thames,16243,0.5417098
Richmond upon Thames,16245,0.5424908
Richmond upon Thames,16246,0.51712346
Richmond upon Thames,16247,0.53808707
Richmond upon Thames,16248,0.5393445
Richmond upon Thames,16350,0.7349453
Richmond upon Thames,16351,0.73742926
Richmond upon Thames,16871,0.57734627
Richmond upon Thames,16872,0.58112204
Richmond upon Thames,16873,0.5772353
Richmond upon Thames,16874,0.57671887
Richmond upon Thames,16875,0.52972585
Richmond upon Thames,16877,0.40003154
Richmond upon Thames,16879,0.3682373
Richmond upon Thames,1750,0.63292754
Richmond upon Thames,1751,0.7119327
Richmond upon Thames,17758,0.32085964
Richmond upon Thames,19484,0.6335284
Richmond upon Thames,19485,0.5545764
Richmond upon Thames,19487,0.53992707
Richmond upon Thames,19488,0.5260816
Richmond upon Thames,19490,0.5696639
Richmond upon Thames,19499,0.3838673
Richmond upon Thames,19500,0.41558796
Richmond upon Thames,19501,0.5592389
Richmond upon Thames,19568,0.61749655
Richmond upon Thames,19569,0.653096
Richmond upon Thames,19571,0.48064166
Richmond upon Thames,19574,0.4970524
Richmond upon Thames,19575,0.48218372
Richmond upon Thames,19577,0.5135693
Richmond upon Thames,19578,0.5169401
Richmond upon Thames,19579,0.53229433
Richmond upon Thames,1958,0.51917267
Richmond upon Thames,19580,0.53690064
Richmond upon Thames,19581,0.5275529
Richmond upon Thames,19583,0.49979648
Richmond upon Thames,19584,0.4861622
Richmond upon Thames,19585,0.5146032
Richmond upon Thames,19586,0.4953685
Richmond upon Thames,19587,0.52489454
Richmond upon Thames,19846,0.54107064
Richmond upon Thames,19967,0.61731
Richmond upon Thames,20523,0.5741835
Richmond upon Thames,20524,0.56975263
Richmond upon Thames,20623,0.6050819
Richmond upon Thames,20624,0.5816756
Richmond upon Thames,20682,0.5657714
Richmond upon Thames,20683,0.56470007
Richmond upon Thames,20703,0.63294226
Richmond upon Thames,20708,0.5087087
Richmond upon Thames,20785,0.63135064
Richmond upon Thames,20786,0.63252944
Richmond upon Thames,2532,0.41065854
Richmond upon Thames,25606,0.6530902
Richmond upon Thames,25613,0.48711154
Richmond upon Thames,25614,0.4865581
Richmond upon Thames,25808,0.3740233
Richmond upon Thames,25809,0.43683246
Richmond upon Thames,25810,0.44706577
Richmond upon Thames,25812,0.5258082
Richmond upon Thames,25813,0.5221831
Richmond upon Thames,25814,0.48620817
Richmond upon Thames,25815,0.43859866
Richmond upon Thames,25816,0.4109013
Richmond upon Thames,25823,0.55009955
Richmond upon Thames,25824,0.5071863
Richmond upon Thames,25825,0.5015806
Richmond upon Thames,25898,0.6781155
Richmond upon Thames,25953,0.36722377
Richmond upon Thames,25954,0.37102082
Richmond upon Thames,25974,0.540432
Richmond upon Thames,26226,0.36658293
Richmond upon Thames,26244,0.2598541
Richmond upon Thames,27345,0.49825883
Richmond upon Thames,27349,0.55795395
Richmond upon Thames,27350,0.6298355
Richmond upon Thames,27351,0.63141537
Richmond upon Thames,27353,0.6067655
Richmond upon Thames,27355,0.5106563
Richmond upon Thames,27356,0.577059
Richmond upon Thames,27363,0.5619478
Richmond upon Thames,27364,0.56230944
Richmond upon Thames,27365,0.5685388
Richmond upon Thames,27367,0.6224702
Richmond upon Thames,27368,0.4719999
Richmond upon Thames,27369,0.52720785
Richmond upon Thames,27370,0.5751579
Richmond upon Thames,27526,0.55582744
Richmond upon Thames,27534,0.567103
Richmond upon Thames,27537,0.6344516
Richmond upon Thames,27567,0.5403738
Richmond upon Thames,27571,0.5368015
Richmond upon Thames,27572,0.5492176
Richmond upon Thames,27812,0.5115559
Richmond upon Thames,27813,0.49634454
Richmond upon Thames,2841,0.64972895
Richmond upon Thames,28511,0.52284193
Richmond upon Thames,29402,0.4714722
Richmond upon Thames,29403,0.48530498
Richmond upon Thames,29982,0.7405857
Richmond upon Thames,29987,0.6779953
Richmond upon Thames,33190,0.5467997
Richmond upon Thames,33191,0.54393077
Richmond upon Thames,33192,0.47578898
Richmond upon Thames,33193,0.47043982
Richmond upon Thames,33195,0.41386476
Richmond upon Thames,33198,0.4092772
Richmond upon Thames,33199,0.37698078
Richmond upon Thames,33201,0.45404103
Richmond upon Thames,33202,0.3581443
Richmond upon Thames,33203,0.46461397
Richmond upon Thames,33727,0.46426082
Richmond upon Thames,33728,0.46406487
Richmond upon Thames,33729,0.44885495
Richmond upon Thames,33730,0.47210282
Richmond upon Thames,33731,0.4718739
Richmond upon Thames,33733,0.42933324
Richmond upon Thames,33734,0.42246705
Richmond upon Thames,33735,0.51158184
Richmond upon Thames,33736,0.54074174
Richmond upon Thames,33737,0.38146454
Richmond upon Thames,33738,0.37865874
Richmond upon Thames,33917,0.4943159
Richmond upon Thames,34063,0.50434685
Richmond upon Thames,34064,0.50179696
Richmond upon Thames,34065,0.4793903
Richmond upon Thames,34066,0.49085304
Richmond upon Thames,34832,0.5407518
Richmond upon Thames,34930,0.3790077
Richmond upon Thames,34958,0.5758699
Richmond upon Thames,3565,0.5425716
Richmond upon Thames,35719,0.6168978
Richmond upon Thames,35829,0.46539578
Richmond upon Thames,35830,0.45296034
Richmond upon Thames,35831,0.4359572
Richmond upon Thames,35832,0.39500058
Richmond upon Thames,35833,0.4705195
Richmond upon Thames,35834,0.45368016
Richmond upon Thames,35835,0.44395792
Richmond upon Thames,35877,0.59257543
Richmond upon Thames,35878,0.59053606
Richmond upon Thames,35879,0.5530355
Richmond upon Thames,35880,0.53209865
Richmond upon Thames,35881,0.4738364
Richmond upon Thames,35882,0.48387992
Richmond upon Thames,35885,0.45345867
Richmond upon Thames,35886,0.44450647
Richmond upon Thames,35887,0.44612706
Richmond upon Thames,35906,0.50120336
Richmond upon Thames,3597,0.3218347
Richmond upon Thames,35978,0.44702932
Richmond upon Thames,3599,0.45068127
Richmond upon Thames,36561,0.445701
Richmond upon Thames,36562,0.40173328
Richmond upon Thames,36563,0.43914235
Richmond upon Thames,36577,0.41579276
Richmond upon Thames,36618,0.37973386
Richmond upon Thames,36619,0.43723145
Richmond upon Thames,36620,0.46523398
Richmond upon Thames,36621,0.39056423
Richmond upon Thames,36622,0.4781777
Richmond upon Thames,36623,0.39896902
Richmond upon Thames,36782,0.7361289
Richmond upon Thames,36790,0.62614214
Richmond upon Thames,37222,0.6096649
Richmond upon Thames,40001,0.48244885
Richmond upon Thames,4500,0.5243525
Richmond upon Thames,4501,0.5294061
Richmond upon Thames,4503,0.37863463
Richmond upon Thames,4505,0.5252908
Richmond upon Thames,4506,0.6928995
Richmond upon Thames,4601,0.63611436
Richmond upon Thames,4602,0.6322728
Richmond upon Thames,4603,0.61232984
Richmond upon Thames,4606,0.62040675
Richmond upon Thames,4607,0.61353105
Richmond upon Thames,4608,0.59463966
Richmond upon Thames,4609,0.6185304
Richmond upon Thames,573,0.45139718
Richmond upon Thames,578,0.45636418
Richmond upon Thames,6382,0.6403822
Richmond upon Thames,6387,0.63480693
Richmond upon Thames,6388,0.60250837
Richmond upon Thames,6390,0.55333346
Richmond upon Thames,6393,0.47374755
Richmond upon Thames,6398,0.59853935
Richmond upon Thames,6422,0.65060335
Richmond upon Thames,6424,0.63149405
Richmond upon Thames,6428,0.56023145
Richmond upon Thames,6433,0.587259
Richmond upon Thames,6435,0.59904313
Richmond upon Thames,6437,0.48817614
Richmond upon Thames,6439,0.42394254
Richmond upon Thames,6440,0.5546982
Richmond upon Thames,6441,0.48561552
Richmond upon Thames,6449,0.42118332
Richmond upon Thames,6451,0.48136118
Richmond upon Thames,648,0.60063285
Richmond upon Thames,6917,0.6323477
Richmond upon Thames,6919,0.57697904
Richmond upon Thames,91212,0.532301
Richmond upon Thames,91213,0.52382433
Richmond upon Thames,9283,0.47802347
Richmond upon Thames,9347,0.6246182
Richmond upon Thames,9351,0.54859936
Richmond upon Thames,9352,0.5184176
Richmond upon Thames,9383,0.4807848
Richmond upon Thames,9390,0.6379286
Richmond upon Thames,9391,0.641118
Richmond upon Thames,9798,0.5278482
Richmond upon Thames,986,0.53928876
Richmond upon Thames,987,0.5407042
Richmond upon Thames,BP115,0.41996577
Richmond upon Thames,BP116,0.39838105
Richmond upon Thames,BP117,0.5502674
Richmond upon Thames,BP118,0.43160355
Richmond upon Thames,BP124,0.54874533
Richmond upon Thames,BP125,0.4260363
Richmond upon Thames,BP141,0.43544596
Richmond upon Thames,BP1593,0.38946125
Richmond upon Thames,BP1594,0.38712743
Richmond upon Thames,BP1595,0.38824752
Richmond upon Thames,BP1608,0.65523255
Richmond upon Thames,BP1642,0.489966
Richmond upon Thames,BP1643,0.43553108
Richmond upon Thames,BP1644,0.44709292
Richmond upon Thames,BP202,0.55747557
Richmond upon Thames,BP2297,0.3724746
Richmond upon Thames,BP2298,0.3265557
Richmond upon Thames,BP2383,0.4953379
Richmond upon Thames,BP2384,0.44963062
Richmond upon Thames,BP2385,0.44112548
Richmond upon Thames,BP2386,0.44004315
Richmond upon Thames,BP2387,0.44371548
Richmond upon Thames,BP2611,0.48910195
Richmond upon Thames,BP2612,0.5081254
Richmond upon Thames,BP2634,0.7054062
Richmond upon Thames,BP282,0.43762335
Richmond upon Thames,BP3087,0.48506168
Richmond upon Thames,BP3807,0.5459569
Richmond upon Thames,BP3808,0.4470247
Richmond upon Thames,BP3809,0.5317549
Richmond upon Thames,BP3810,0.5334492
Richmond upon Thames,BP3811,0.44785926
Richmond upon Thames,BP3821,0.6121935
Richmond upon Thames,BP3822,0.5300653
Richmond upon Thames,BP3823,0.5304003
Richmond upon Thames,BP3824,0.49721697
Richmond upon Thames,BP3825,0.49491444
Richmond upon Thames,BP3826,0.3766684
Richmond upon Thames,BP3827,0.36515746
Richmond upon Thames,BP3895,0.45550087
Richmond upon Thames,BP396,0.5181742
Richmond upon Thames,BP4311,0.4541117
Richmond upon Thames,BP4675,0.44669944
Richmond upon Thames,BP480,0.48286706
Richmond upon Thames,BP481,0.49764684
Richmond upon Thames,BP4923,0.5362144
Richmond upon Thames,BP4924,0.5422434
Richmond upon Thames,BP5023,0.42489773
Richmond upon Thames,BP5096,0.59382087
Richmond upon Thames,BP5097,0.57670176
Richmond upon Thames,BP5269,0.577427
Richmond upon Thames,BP5280,0.49715996
Richmond upon Thames,BP5281,0.48815876
Richmond upon Thames,BP5356,0.32317844
Richmond upon Thames,BP5357,0.31392732
Richmond upon Thames,BP5358,0.29749632
Richmond upon Thames,BP5359,0.29010773
Richmond upon Thames,BP5360,0.29090062
Richmond upon Thames,BP5361,0.27439806
Richmond upon Thames,BP5362,0.52065957
Richmond upon Thames,BP5450,0.3885548
Richmond upon Thames,BP5451,0.495981
Richmond upon Thames,BP5452,0.51125896
Richmond upon Thames,BP5453,0.49299183
Richmond upon Thames,BP5454,0.3691355
Richmond upon Thames,BP5811,0.65617543
Richmond upon Thames,BP5812,0.61306596
Richmond upon Thames,BP5813,0.6152246
Richmond upon Thames,BP5814,0.66854537
Richmond upon Thames,BP5962,0.6192957
Richmond upon Thames,BP5963,0.6915921
Richmond upon Thames,BP6106,0.34252527
Richmond upon Thames,BP6498,0.47632736
Richmond upon Thames,BP6499,0.46850652
Richmond upon Thames,BP6500,0.47632882
Richmond upon Thames,BP6502,0.474467
Richmond upon Thames,BP6503,0.47846308
Richmond upon Thames,BP6505,0.47321272
Richmond upon Thames,BP849,0.48563161
Richmond upon Thames,FW10,0.5905529
Richmond upon Thames,FW15,0.3873217
Richmond upon Thames,FW16,0.38116783
Richmond upon Thames,FW17,0.30555794
Richmond upon Thames,FW18,0.31646186
Richmond upon Thames,FW19,0.47246322
Richmond upon Thames,FW21,0.54589224
Richmond upon Thames,FW25,0.3795817
Richmond upon Thames,FW26,0.38502422
Richmond upon Thames,FW28,0.5175314
Richmond upon Thames,FW29,0.41908783
Richmond upon Thames,FW31,0.65154725
Richmond upon Thames,FW35,0.60858154
Richmond upon Thames,FW36,0.5613978
Richmond upon Thames,FW37,0.48022452
Richmond upon Thames,FW38,0.42797217
Richmond upon Thames,FW44,0.61629546
Richmond upon Thames,FW45,0.6231785
Richmond upon Thames,FW46,0.5369509
Richmond upon Thames,FW49,0.3508701
Richmond upon Thames,FW5,0.60413986
Richmond upon Thames,FW54,0.48442537
Richmond upon Thames,HC96,0.5579471
Richmond upon Thames,HC97,0.5561003
Richmond upon Thames,OC515,0.61228436
Richmond upon Thames,OC516,0.5533695
Richmond upon Thames,OC517,0.4772638
Richmond upon Thames,OC518,0.42166242
Richmond upon Thames,R0113,0.567813
Richmond upon Thames,R0124,0.5976043
Richmond upon Thames,R0125,0.584237
Richmond upon Thames,R0142,0.4274934
Richmond upon Thames,R0152,0.4946934
Richmond upon Thames,R0153,0.4940377
Richmond upon Thames,R0168,0.56904835
Richmond upon Thames,R0242,0.5221173
Richmond upon Thames,R0244,0.5254331
Richmond upon Thames,R0245,0.54180837
Richmond upon Thames,R0247,0.5872183
Richmond upon Thames,R0248,0.52340657
Richmond upon Thames,R0272,0.56291366
Richmond upon Thames,R0273,0.586393
Richmond upon Thames,R0274,0.51662844
Richmond upon Thames,R0276,0.5098423
Richmond upon Thames,R0284,0.54842687
Richmond upon Thames,R0285,0.5455137
Richmond upon Thames,R0290,0.61452335
Richmond upon Thames,R0293,0.5905892
Richmond upon Thames,R0347,0.40764672
Richmond upon Thames,R0651,0.62507015
Richmond upon Thames,R0653,0.6331593
Richmond upon Thames,R0886,0.57235616
Richmond upon Thames,R0894,0.5146686
Richmond upon Thames,R0897,0.47567496
Southwark,106,0.49895245
Southwark,1109,0.55560076
Southwark,1129,0.37717447
Southwark,1171,0.49114338
Southwark,1204,0.35694903
Southwark,1206,0.38634297
Southwark,1208,0.37754366
Southwark,1209,0.40178522
Southwark,1211,0.45897204
Southwark,1212,0.45745942
Southwark,1213,0.4725938
Southwark,13275,0.44353756
Southwark,13278,0.45472467
Southwark,13280,0.5727615
Southwark,13283,0.6040639
Southwark,13284,0.6078546
Southwark,13297,0.41010907
Southwark,13364,0.5017068
Southwark,13365,0.4983345
Southwark,13368,0.47519556
Southwark,13370,0.47951853
Southwark,13372,0.5086701
Southwark,13373,0.5049949
Southwark,13377,0.5475862
Southwark,13378,0.536225
Southwark,13380,0.49368274
Southwark,13384,0.55278397
Southwark,13387,0.5921316
Southwark,13388,0.6402221
Southwark,13389,0.6431554
Southwark,13390,0.6451297
Southwark,13393,0.5068193
Southwark,13397,0.56345296
Southwark,13398,0.56559664
Southwark,13399,0.5352557
Southwark,13400,0.4596927
Southwark,13401,0.4411156
Southwark,13402,0.41885778
Southwark,13403,0.42420647
Southwark,13405,0.4872412
Southwark,13406,0.485787
Southwark,13410,0.52520317
Southwark,13411,0.5309334
Southwark,13622,0.4933118
Southwark,13623,0.44141072
Southwark,13626,0.42929763
Southwark,13627,0.46314433
Southwark,13638,0.43473935
Southwark,13649,0.3848082
Southwark,13650,0.40389442
Southwark,13660,0.43327644
Southwark,13661,0.37465537
Southwark,13663,0.36896485
Southwark,13665,0.4057777
Southwark,13666,0.40733933
Southwark,13668,0.4727391
Southwark,13723,0.52251494
Southwark,13726,0.51488113
Southwark,13730,0.5009521
Southwark,13731,0.50793946
Southwark,13732,0.5229195
Southwark,13734,0.50743186
Southwark,13736,0.5431471
Southwark,13739,0.5271642
Southwark,13740,0.5248182
Southwark,13741,0.5506233
Southwark,13742,0.5435849
Southwark,13743,0.56886405
Southwark,13749,0.46873128
Southwark,13750,0.49527755
Southwark,13752,0.45253673
Southwark,13753,0.5092764
Southwark,13759,0.5591828
Southwark,13760,0.5581045
Southwark,13761,0.55218506
Southwark,13762,0.55323
Southwark,13766,0.48052424
Southwark,13767,0.4763193
Southwark,13768,0.45388913
Southwark,13769,0.46220407
Southwark,13770,0.39166504
Southwark,13771,0.40892804
Southwark,13772,0.41051194
Southwark,13773,0.4120064
Southwark,13774,0.44891745
Southwark,13777,0.4439172
Southwark,13778,0.4452984
Southwark,13780,0.46108454
Southwark,13781,0.46338058
Southwark,13782,0.4751821
Southwark,13784,0.48514783
Southwark,13785,0.50459504
Southwark,13786,0.49448082
Southwark,13787,0.52604616
Southwark,13788,0.49175993
Southwark,13789,0.5198368
Southwark,13794,0.53770196
Southwark,13795,0.55153304
Southwark,13796,0.5429866
Southwark,13798,0.5274559
Southwark,13799,0.5338836
Southwark,13802,0.52814317
Southwark,13803,0.5281263
Southwark,13804,0.5201102
Southwark,13805,0.5229289
Southwark,1430,0.4567427
Southwark,1431,0.45686263
Southwark,1434,0.5734132
Southwark,1492,0.5198826
Southwark,1493,0.51490754
Southwark,1494,0.4914019
Southwark,1518,0.27239677
Southwark,1520,0.29140472
Southwark,1600,0.2699471
Southwark,17141,0.47453073
Southwark,1726,0.4811828
Southwark,1727,0.47206828
Southwark,17839,0.6362955
Southwark,1957,0.41813093
Southwark,1960,0.43438014
Southwark,19601,0.4390235
Southwark,1961,0.42931056
Southwark,1962,0.45711327
Southwark,1963,0.43952975
Southwark,1965,0.4290181
Southwark,1967,0.45344287
Southwark,1970,0.45637515
Southwark,2016,0.6525195
Southwark,2017,0.6436784
Southwark,20469,0.46872762
Southwark,20471,0.48764893
Southwark,2135,0.2985196
Southwark,2140,0.3568427
Southwark,2141,0.3411053
Southwark,2216,0.34901145
Southwark,2247,0.38118532
Southwark,226,0.3026901
Southwark,227,0.30111083
Southwark,23105,0.45166025
Southwark,25103,0.3816696
Southwark,25105,0.40682223
Southwark,25106,0.41781455
Southwark,253,0.39939845
Southwark,2550,0.31219044
Southwark,2551,0.29809633
Southwark,2552,0.32348707
Southwark,2553,0.32378063
Southwark,2554,0.45022777
Southwark,25557,0.27897498
Southwark,2558,0.49167606
Southwark,256,0.40343118
Southwark,2569,0.35242355
Southwark,2581,0.380956
Southwark,2584,0.33452287
Southwark,2585,0.3226244
Southwark,2586,0.32125306
Southwark,2587,0.31658477
Southwark,2588,0.3195792
Southwark,2589,0.3028287
Southwark,2590,0.3081053
Southwark,25923,0.36162886
Southwark,25924,0.34436193
Southwark,25926,0.39232162
Southwark,25927,0.38410458
Southwark,25928,0.36201584
Southwark,25929,0.35768655
Southwark,25932,0.38835996
Southwark,25938,0.2901625
Southwark,25940,0.31275564
Southwark,25941,0.3113671
Southwark,2596,0.32296413
Southwark,2597,0.33181933
Southwark,25994,0.46841922
Southwark,26034,0.55762166
Southwark,26035,0.58206874
Southwark,26036,0.5344359
Southwark,26037,0.5351
Southwark,26038,0.5200081
Southwark,26039,0.5012562
Southwark,26040,0.48111436
Southwark,26041,0.4743856
Southwark,26042,0.45915544
Southwark,26043,0.47118637
Southwark,26045,0.4459974
Southwark,26046,0.46880347
Southwark,26047,0.49999285
Southwark,26049,0.5168861
Southwark,26050,0.5159269
Southwark,26051,0.5136304
Southwark,26052,0.5151444
Southwark,26053,0.45897916
Southwark,26054,0.4772489
Southwark,26055,0.41859356
Southwark,26056,0.43872875
Southwark,26058,0.42766735
Southwark,26059,0.40878057
Southwark,26060,0.4041841
Southwark,26062,0.37506226
Southwark,26065,0.37777728
Southwark,26068,0.42195284
Southwark,26070,0.57378
Southwark,2608,0.35088342
Southwark,26089,0.43568018
Southwark,2609,0.39964712
Southwark,26090,0.44230062
Southwark,26091,0.4872152
Southwark,26092,0.55631024
Southwark,26093,0.5678606
Southwark,26094,0.5748868
Southwark,26095,0.5940464
Southwark,2612,0.45251283
Southwark,2613,0.4818556
Southwark,2614,0.4817389
Southwark,2615,0.44667968
Southwark,2616,0.41495717
Southwark,2618,0.587531
Southwark,2619,0.6283121
Southwark,26204,0.3848556
Southwark,26205,0.44131058
Southwark,26206,0.4234694
Southwark,26207,0.42332622
Southwark,26208,0.43029505
Southwark,26212,0.35349634
Southwark,26304,0.44172388
Southwark,26324,0.42710125
Southwark,26348,0.44535118
Southwark,26351,0.27793226
Southwark,26352,0.31404984
Southwark,26353,0.32743725
Southwark,26404,0.46711022
Southwark,26418,0.40838602
Southwark,26476,0.35919514
Southwark,26477,0.36157626
Southwark,26718,0.47631043
Southwark,26726,0.50392896
Southwark,26727,0.47121638
Southwark,26728,0.48333624
Southwark,26733,0.48585746
Southwark,26734,0.4866169
Southwark,26736,0.4106164
Southwark,26739,0.41048214
Southwark,26741,0.39564702
Southwark,26743,0.40312278
Southwark,26746,0.3761064
Southwark,26755,0.32717833
Southwark,26756,0.32427427
Southwark,27516,0.40799913
Southwark,27710,0.4714288
Southwark,27711,0.5587755
Southwark,27715,0.5876063
Southwark,27717,0.6077506
Southwark,27718,0.58799624
Southwark,27719,0.58800906
Southwark,27721,0.6371486
Southwark,27723,0.59373283
Southwark,27725,0.63036156
Southwark,27727,0.6318869
Southwark,27729,0.6300098
Southwark,27731,0.65456283
Southwark,280,0.4277798
Southwark,2840,0.4283936
Southwark,29386,0.48978555
Southwark,29429,0.37976784
Southwark,29808,0.33270243
Southwark,33109,0.28289396
Southwark,33137,0.36155498
Southwark,33138,0.33728638
Southwark,33439,0.40803176
Southwark,33440,0.42434362
Southwark,33441,0.41410786
Southwark,33442,0.4026508
Southwark,33452,0.35071763
Southwark,33453,0.43760747
Southwark,33469,0.4361172
Southwark,33606,0.41534755
Southwark,33607,0.4322951
Southwark,33610,0.4206342
Southwark,33611,0.4480042
Southwark,33617,0.35830757
Southwark,33618,0.34400806
Southwark,33619,0.35734555
Southwark,33623,0.35566682
Southwark,33624,0.37698823
Southwark,33625,0.3644293
Southwark,33626,0.33663732
Southwark,33841,0.36702532
Southwark,33905,0.3748198
Southwark,34010,0.3458777
Southwark,34022,0.4990713
Southwark,34158,0.35912794
Southwark,34232,0.3753145
Southwark,34288,0.428978
Southwark,34289,0.3500448
Southwark,34290,0.41077858
Southwark,34291,0.32524002
Southwark,34347,0.2666515
Southwark,34372,0.31514668
Southwark,34459,0.43337017
Southwark,34460,0.43058372
Southwark,34623,0.48858148
Southwark,34784,0.45169073
Southwark,35298,0.36274245
Southwark,35552,0.5050627
Southwark,35553,0.5124265
Southwark,35900,0.33688232
Southwark,36686,0.43488306
Southwark,36732,0.34097093
Southwark,36751,0.4243678
Southwark,36752,0.44012085
Southwark,36753,0.42246667
Southwark,36767,0.4110983
Southwark,36768,0.45791385
Southwark,36769,0.43680915
Southwark,36770,0.4659539
Southwark,36771,0.48743996
Southwark,36772,0.4468162
Southwark,36773,0.45953855
Southwark,36774,0.43431363
Southwark,36775,0.43498358
Southwark,36887,0.46928862
Southwark,36961,0.5084541
Southwark,36962,0.48003975
Southwark,36963,0.50391865
Southwark,36964,0.5167702
Southwark,36967,0.42122585
Southwark,36968,0.38900262
Southwark,36969,0.45876932
Southwark,36970,0.4435589
Southwark,36971,0.40112552
Southwark,36973,0.4881666
Southwark,36977,0.5143907
Southwark,36978,0.40673617
Southwark,37168,0.40575913
Southwark,37306,0.5106984
Southwark,37419,0.40334392
Southwark,37637,0.33157146
Southwark,37666,0.33193955
Southwark,394,0.49128586
Southwark,395,0.4515483
Southwark,40046,0.4646831
Southwark,40057,0.4538693
Southwark,40069,0.3501726
Southwark,40070,0.32632795
Southwark,40071,0.35377502
Southwark,40072,0.42408344
Southwark,40073,0.42251328
Southwark,40078,0.4502589
Southwark,445,0.4102843
Southwark,446,0.4083289
Southwark,448,0.5048939
Southwark,4610,0.3939631
Southwark,47001,0.4089021
Southwark,541,0.50161004
Southwark,542,0.48264113
Southwark,603,0.34153816
Southwark,605,0.3485651
Southwark,622,0.34153473
Southwark,644,0.29402947
Southwark,646,0.51820433
Southwark,651,0.34736547
Southwark,656,0.37318856
Southwark,657,0.39763907
Southwark,658,0.4853067
Southwark,718,0.4459523
Southwark,719,0.41823712
Southwark,720,0.42029765
Southwark,8301,0.30955818
Southwark,8315,0.3051167
Southwark,8316,0.27153054
Southwark,8317,0.25387296
Southwark,86,0.46432742
Southwark,88,0.34779403
Southwark,89,0.35105234
Southwark,91531,0.35812804
Southwark,918,0.37524885
Southwark,940,0.52347773
Southwark,9472,0.5416496
Southwark,9473,0.52024674
Southwark,9474,0.45734385
Southwark,9475,0.40825713
Southwark,978,0.3255065
Southwark,BP074,0.52566624
Southwark,BP1038,0.4330179
Southwark,BP1039,0.44582236
Southwark,BP1041,0.46214783
Southwark,BP1043,0.44762367
Southwark,BP1044,0.43870562
Southwark,BP1046,0.49716964
Southwark,BP1047,0.54279816
Southwark,BP1048,0.6449894
Southwark,BP1049,0.63156193
Southwark,BP1052,0.56542647
Southwark,BP1057,0.5449129
Southwark,BP1058,0.5238773
Southwark,BP1061,0.62964046
Southwark,BP1064,0.5119468
Southwark,BP1072,0.40290165
Southwark,BP127,0.42795283
Southwark,BP1270,0.44783893
Southwark,BP1271,0.45237052
Southwark,BP1272,0.45248222
Southwark,BP1273,0.45738629
Southwark,BP1274,0.43463254
Southwark,BP1275,0.4575545
Southwark,BP1276,0.46180275
Southwark,BP1277,0.43987942
Southwark,BP1278,0.4539525
Southwark,BP128,0.4656051
Southwark,BP1344,0.416074
Southwark,BP1371,0.28650314
Southwark,BP1571,0.4035873
Southwark,BP1572,0.3707466
Southwark,BP1573,0.3660712
Southwark,BP1580,0.36184302
Southwark,BP1714,0.47767156
Southwark,BP1826,0.4282664
Southwark,BP1827,0.3877325
Southwark,BP1964,0.5240036
Southwark,BP1965,0.5435612
Southwark,BP1966,0.55566645
Southwark,BP1974,0.55110025
Southwark,BP1975,0.5384938
Southwark,BP1976,0.53052586
Southwark,BP2085,0.45473522
Southwark,BP2390,0.3556624
Southwark,BP2391,0.3390027
Southwark,BP2393,0.35513896
Southwark,BP2413,0.40669397
Southwark,BP2415,0.436301
Southwark,BP2416,0.36615017
Southwark,BP2417,0.539559
Southwark,BP2446,0.5853964
Southwark,BP2763,0.37009484
Southwark,BP2765,0.3655077
Southwark,BP2766,0.3733617
Southwark,BP2767,0.3552483
Southwark,BP2768,0.32916346
Southwark,BP2769,0.3103831
Southwark,BP2770,0.30739686
Southwark,BP2771,0.30778342
Southwark,BP2772,0.31067187
Southwark,BP2773,0.33081368
Southwark,BP2774,0.337143
Southwark,BP2775,0.35898432
Southwark,BP2780,0.26834753
Southwark,BP2786,0.5396641
Southwark,BP2790,0.4208496
Southwark,BP2949,0.38115656
Southwark,BP2950,0.3363116
Southwark,BP2951,0.34818703
Southwark,BP2952,0.34239173
Southwark,BP2953,0.34486535
Southwark,BP2954,0.40616143
Southwark,BP2955,0.4086307
Southwark,BP2956,0.39876622
Southwark,BP2957,0.41216186
Southwark,BP3055,0.384232
Southwark,BP3056,0.45306015
Southwark,BP3057,0.41916022
Southwark,BP3058,0.43938866
Southwark,BP3059,0.4370812
Southwark,BP3062,0.58370394
Southwark,BP3063,0.48773947
Southwark,BP3064,0.45399892
Southwark,BP3065,0.40715554
Southwark,BP3066,0.43517563
Southwark,BP3067,0.54581076
Southwark,BP3068,0.48303366
Southwark,BP3069,0.58565366
Southwark,BP3070,0.42048573
Southwark,BP3071,0.40478995
Southwark,BP3163,0.50508255
Southwark,BP3164,0.51022136
Southwark,BP3165,0.58674634
Southwark,BP3196,0.42807686
Southwark,BP3199,0.4529631
Southwark,BP3200,0.43588403
Southwark,BP3206,0.38791388
Southwark,BP3219,0.40410644
Southwark,BP3220,0.4736136
Southwark,BP3226,0.5058631
Southwark,BP3227,0.50328237
Southwark,BP3307,0.3711005
Southwark,BP3308,0.44886923
Southwark,BP3345,0.53744245
Southwark,BP3346,0.54221416
Southwark,BP3347,0.5489888
Southwark,BP3349,0.5466145
Southwark,BP3350,0.5321106
Southwark,BP3387,0.42338952
Southwark,BP3589,0.3050794
Southwark,BP3590,0.43389058
Southwark,BP3681,0.40385103
Southwark,BP3682,0.47386315
Southwark,BP3718,0.3559524
Southwark,BP3719,0.31845754
Southwark,BP3772,0.412269
Southwark,BP3860,0.52095044
Southwark,BP3861,0.5021473
Southwark,BP3862,0.5017784
Southwark,BP3863,0.45966783
Southwark,BP3864,0.49492916
Southwark,BP3865,0.49272272
Southwark,BP3866,0.51345116
Southwark,BP3867,0.52279097
Southwark,BP3872,0.5213246
Southwark,BP3873,0.5217884
Southwark,BP3874,0.63520795
Southwark,BP3875,0.6173332
Southwark,BP4228,0.21395585
Southwark,BP4336,0.35288158
Southwark,BP4398,0.49065152
Southwark,BP4481,0.29217
Southwark,BP4630,0.27757528
Southwark,BP4677,0.32965907
Southwark,BP4678,0.34347928
Southwark,BP4679,0.35835218
Southwark,BP4680,0.28097457
Southwark,BP4681,0.26284567
Southwark,BP4682,0.26366222
Southwark,BP4683,0.27391523
Southwark,BP4684,0.3035415
Southwark,BP4685,0.34071368
Southwark,BP4686,0.33297962
Southwark,BP4688,0.44354206
Southwark,BP4689,0.441856
Southwark,BP4840,0.43251324
Southwark,BP4841,0.42464638
Southwark,BP4842,0.5053385
Southwark,BP4851,0.5040266
Southwark,BP4932,0.36040217
Southwark,BP4933,0.35829306
Southwark,BP4962,0.35822308
Southwark,BP5426,0.4737347
Southwark,BP5448,0.21748146
Southwark,BP5516,0.3241672
Southwark,BP5680,0.26810783
Southwark,BP5681,0.2915845
Southwark,BP574,0.47631162
Southwark,BP599,0.45072526
Southwark,BP601,0.5502849
Southwark,BP6272,0.27010056
Southwark,BP6273,0.2730084
Southwark,BP851,0.29154083
Southwark,BP963,0.3822916
Southwark,R0079,0.5465635
Southwark,R0080,0.50061077
Southwark,R0081,0.52624166
Southwark,R0430,0.3164493
Southwark,R0442,0.4540442
Southwark,R0515,0.5441949
Southwark,R0542,0.45597315
Southwark,R0741,0.3429661
Southwark,R0883,0.49205783
Southwark,R0884,0.47661138
Southwark,1130,0.41133645
Southwark,13647,0.43824536
Southwark,13648,0.44107604
Southwark,25554,0.2832138
Southwark,25555,0.28822815
Southwark,25556,0.27317175
Southwark,2573,0.3831143
Southwark,2574,0.3829544
Southwark,25936,0.3348613
Southwark,25939,0.2945665
Southwark,26747,0.33240795
Southwark,27400,0.3671485
Southwark,33510,0.31724933
Southwark,33616,0.3596533
Southwark,33627,0.36595416
Southwark,33850,0.36221138
Southwark,33906,0.37152433
Southwark,36966,0.436545
Southwark,36975,0.45681858
Southwark,654,0.3567786
Southwark,655,0.34090942
Southwark,8441,0.38078687
Southwark,8442,0.50765234
Southwark,8443,0.49696228
Southwark,BP3963,0.35090703
Southwark,BP3964,0.3373371
Southwark,BP4910,0.3024855
Southwark,BP6317,0.32184052
Sutton,10839,0.4256009
Sutton,10840,0.47755918
Sutton,11356,0.5714747
Sutton,11357,0.5940506
Sutton,14160,0.4985994
Sutton,14162,0.56268436
Sutton,14163,0.5590325
Sutton,14164,0.59993637
Sutton,14165,0.55506986
Sutton,14166,0.68908715
Sutton,14167,0.6542365
Sutton,14172,0.59043884
Sutton,14173,0.4537633
Sutton,14174,0.49610966
Sutton,14175,0.5174652
Sutton,14176,0.5342134
Sutton,14177,0.5305995
Sutton,14178,0.58889127
Sutton,14179,0.57858783
Sutton,14181,0.54645485
Sutton,14185,0.59288466
Sutton,14186,0.492301
Sutton,14187,0.5094343
Sutton,14188,0.6080192
Sutton,14189,0.57390773
Sutton,14193,0.53713775
Sutton,14194,0.5358712
Sutton,14291,0.5573689
Sutton,14875,0.57787156
Sutton,14912,0.53196055
Sutton,14913,0.5890191
Sutton,14914,0.58020055
Sutton,14915,0.64325684
Sutton,14918,0.6476786
Sutton,14964,0.4662864
Sutton,1572,0.5606223
Sutton,16613,0.5691596
Sutton,16614,0.5583063
Sutton,16615,0.5562242
Sutton,16616,0.5667986
Sutton,16617,0.53161144
Sutton,16618,0.5211761
Sutton,16619,0.5216862
Sutton,16620,0.4376106
Sutton,16621,0.64900756
Sutton,16622,0.654529
Sutton,16623,0.75568676
Sutton,16624,0.7368633
Sutton,16698,0.39883247
Sutton,16700,0.38602304
Sutton,16701,0.38355047
Sutton,16702,0.39455795
Sutton,16703,0.41382134
Sutton,16704,0.38635755
Sutton,16705,0.38699707
Sutton,16706,0.39841256
Sutton,16707,0.37655103
Sutton,16708,0.34091902
Sutton,16709,0.42041525
Sutton,16710,0.46427286
Sutton,16711,0.42364776
Sutton,16712,0.45934328
Sutton,16713,0.45761225
Sutton,16714,0.6528763
Sutton,16715,0.62965983
Sutton,16716,0.63204885
Sutton,16717,0.5429006
Sutton,16718,0.55179524
Sutton,16719,0.6137514
Sutton,16720,0.5831549
Sutton,16721,0.48859867
Sutton,16722,0.4824994
Sutton,16724,0.6016151
Sutton,16867,0.55430055
Sutton,17352,0.6066004
Sutton,17353,0.59932154
Sutton,17354,0.53188044
Sutton,17355,0.5188252
Sutton,17356,0.5131908
Sutton,17357,0.50640255
Sutton,17358,0.4956729
Sutton,17359,0.55168545
Sutton,17360,0.55423766
Sutton,17361,0.5564476
Sutton,17363,0.4672875
Sutton,17365,0.4435021
Sutton,17625,0.40352046
Sutton,17626,0.3707847
Sutton,17725,0.5661038
Sutton,17726,0.49816716
Sutton,18537,0.46292987
Sutton,18540,0.52854246
Sutton,18541,0.4916786
Sutton,18542,0.50581247
Sutton,18543,0.509359
Sutton,18544,0.49270093
Sutton,18545,0.51810884
Sutton,18546,0.5191301
Sutton,18547,0.541137
Sutton,18548,0.5089427
Sutton,18555,0.57921284
Sutton,18557,0.57680666
Sutton,18559,0.62925035
Sutton,18560,0.64000136
Sutton,18561,0.63043535
Sutton,18562,0.5823272
Sutton,18563,0.5694934
Sutton,18565,0.5649138
Sutton,18569,0.55698794
Sutton,18570,0.614768
Sutton,18571,0.4852664
Sutton,18572,0.5261226
Sutton,18573,0.4584944
Sutton,18574,0.48374507
Sutton,18575,0.43822244
Sutton,18593,0.50083864
Sutton,18595,0.48855844
Sutton,18596,0.47956026
Sutton,18597,0.34075266
Sutton,19111,0.6854073
Sutton,19112,0.6120904
Sutton,19113,0.62566954
Sutton,19114,0.626306
Sutton,19115,0.666953
Sutton,19116,0.63672835
Sutton,19117,0.5918637
Sutton,19118,0.61089313
Sutton,19119,0.5749259
Sutton,19120,0.5793727
Sutton,19123,0.57357347
Sutton,19124,0.59385693
Sutton,19125,0.5692303
Sutton,19126,0.55665916
Sutton,19127,0.6038242
Sutton,19128,0.62153095
Sutton,19129,0.63323987
Sutton,19132,0.56101793
Sutton,19133,0.5642956
Sutton,20186,0.5243603
Sutton,20187,0.59302646
Sutton,20188,0.6252426
Sutton,20189,0.6266777
Sutton,20190,0.642574
Sutton,20191,0.62305313
Sutton,20192,0.59030414
Sutton,20193,0.53308535
Sutton,20194,0.55926937
Sutton,20195,0.5132171
Sutton,20196,0.5306192
Sutton,20199,0.54934794
Sutton,20607,0.47768086
Sutton,20608,0.49923003
Sutton,20649,0.5906502
Sutton,20650,0.60740405
Sutton,2232,0.4606842
Sutton,2239,0.63287216
Sutton,2240,0.6364281
Sutton,2242,0.6228761
Sutton,2243,0.6260076
Sutton,24743,0.643758
Sutton,25076,0.5558023
Sutton,25077,0.5983131
Sutton,25578,0.51850075
Sutton,26855,0.50841534
Sutton,26959,0.5900438
Sutton,27555,0.69001347
Sutton,27575,0.5363204
Sutton,27610,0.5743227
Sutton,29355,0.6020216
Sutton,29356,0.6087871
Sutton,29357,0.55425686
Sutton,29358,0.5593373
Sutton,29464,0.5042293
Sutton,29767,0.51646477
Sutton,29768,0.4985776
Sutton,29769,0.46164075
Sutton,29979,0.5372497
Sutton,31982,0.61102045
Sutton,33550,0.65388054
Sutton,33809,0.6398223
Sutton,33895,0.70459825
Sutton,33928,0.6135099
Sutton,33929,0.55753
Sutton,33930,0.5491094
Sutton,33931,0.54511255
Sutton,34023,0.52227783
Sutton,34195,0.55531865
Sutton,34678,0.59859115
Sutton,34983,0.5964451
Sutton,35221,0.60052127
Sutton,35222,0.59493935
Sutton,35223,0.58330244
Sutton,35224,0.49161318
Sutton,35225,0.5273108
Sutton,35381,0.52475303
Sutton,35382,0.47707093
Sutton,35383,0.504229
Sutton,35384,0.5416564
Sutton,35556,0.5750817
Sutton,35557,0.4733767
Sutton,35573,0.6364874
Sutton,35714,0.6587777
Sutton,35897,0.60325795
Sutton,35924,0.6015768
Sutton,35955,0.6013598
Sutton,35996,0.66243285
Sutton,36004,0.63381934
Sutton,3613,0.45960292
Sutton,36653,0.7091505
Sutton,36654,0.6856714
Sutton,36783,0.5187343
Sutton,36895,0.5629019
Sutton,36896,0.5588213
Sutton,36897,0.5313275
Sutton,36898,0.5628781
Sutton,36899,0.6022733
Sutton,36902,0.6118508
Sutton,36916,0.5458398
Sutton,36917,0.5467413
Sutton,37329,0.5158347
Sutton,3733,0.6588569
Sutton,410,0.430232
Sutton,4491,0.5024419
Sutton,4529,0.40422714
Sutton,4530,0.6308394
Sutton,4533,0.56475574
Sutton,585,0.5425864
Sutton,588,0.53498864
Sutton,589,0.5359123
Sutton,6463,0.6047312
Sutton,6465,0.6561692
Sutton,6467,0.6442984
Sutton,6468,0.5781797
Sutton,6471,0.56895685
Sutton,6479,0.67117625
Sutton,6480,0.64072746
Sutton,6481,0.66420716
Sutton,6482,0.6552659
Sutton,6483,0.64848375
Sutton,6484,0.6072848
Sutton,6485,0.5721407
Sutton,6486,0.5336964
Sutton,6489,0.5713957
Sutton,6497,0.55838466
Sutton,6500,0.6800845
Sutton,6501,0.6292679
Sutton,6503,0.6297397
Sutton,6504,0.5584835
Sutton,6505,0.5266865
Sutton,6506,0.5948697
Sutton,6522,0.6964177
Sutton,6523,0.6832338
Sutton,6524,0.62928724
Sutton,6526,0.54480857
Sutton,6528,0.5832262
Sutton,6529,0.5646174
Sutton,6531,0.6248535
Sutton,7591,0.58442813
Sutton,7592,0.6155816
Sutton,7594,0.58184004
Sutton,7602,0.49186072
Sutton,8353,0.49402538
Sutton,8354,0.46153063
Sutton,8784,0.39643076
Sutton,8787,0.37488183
Sutton,9268,0.51473266
Sutton,BP067,0.49944794
Sutton,BP1036,0.4522159
Sutton,BP1368,0.4069634
Sutton,BP1370,0.3847108
Sutton,BP1372,0.53454363
Sutton,BP1373,0.4821441
Sutton,BP143,0.51039666
Sutton,BP1451,0.46164325
Sutton,BP1452,0.46515825
Sutton,BP1453,0.5915739
Sutton,BP1716,0.4184315
Sutton,BP1717,0.41221005
Sutton,BP204,0.46300653
Sutton,BP2073,0.48557696
Sutton,BP2117,0.3979895
Sutton,BP2118,0.40333813
Sutton,BP2119,0.38718796
Sutton,BP2120,0.40822527
Sutton,BP2500,0.29234773
Sutton,BP3452,0.62565863
Sutton,BP3541,0.3845312
Sutton,BP3547,0.5187203
Sutton,BP3548,0.51900345
Sutton,BP3549,0.49845198
Sutton,BP3677,0.48455614
Sutton,BP3794,0.44459158
Sutton,BP3795,0.4420665
Sutton,BP3910,0.5034332
Sutton,BP3929,0.37172464
Sutton,BP4243,0.5963471
Sutton,BP4244,0.5840997
Sutton,BP4918,0.5952827
Sutton,BP4919,0.59488654
Sutton,BP4920,0.59739757
Sutton,BP5273,0.40558428
Sutton,BP5274,0.4713807
Sutton,BP5471,0.47522452
Sutton,BP5472,0.472624
Sutton,BP5473,0.5382796
Sutton,BP5474,0.53114516
Sutton,BP5475,0.5149744
Sutton,BP5476,0.5342164
Sutton,BP5565,0.407412
Sutton,BP5573,0.4113856
Sutton,BP5574,0.4280937
Sutton,BP5602,0.5914593
Sutton,BP5698,0.52703846
Sutton,BP5699,0.5120245
Sutton,BP5700,0.4607906
Sutton,BP5701,0.47009236
Sutton,BP5756,0.54369
Sutton,BP5896,0.567139
Sutton,BP5897,0.56727153
Sutton,BP5949,0.65855104
Sutton,BP6001,0.4135735
Sutton,BP6249,0.37107265
Sutton,BP625,0.43613848
Sutton,BP626,0.39685434
Sutton,BP6277,0.47949338
Sutton,BP6278,0.48403248
Sutton,BP731,0.4779247
Sutton,BP813,0.2904679
Sutton,HC46,0.25110576
Sutton,HC48,0.26873645
Sutton,HC57,0.525272
Sutton,HC59,0.46181363
Sutton,HC60,0.52950525
Sutton,HC61,0.45403603
Sutton,HC62,0.3470654
Sutton,HC63,0.54528445
Sutton,HC64,0.50583404
Sutton,HC65,0.46032453
Sutton,HC66,0.4816167
Sutton,HC67,0.5620605
Sutton,HC68,0.42930844
Sutton,HC710,0.27788824
Sutton,HC711,0.26754874
Sutton,HC712,0.3741262
Sutton,HC719,0.2736322
Sutton,HC720,0.2687095
Sutton,HC721,0.27014443
Sutton,HC722,0.25352448
Sutton,HC723,0.28102913
Sutton,LG01,0.533881
Sutton,LG55,0.43286806
Sutton,LG59,0.51294786
Sutton,OC485,0.45642507
Sutton,OC486,0.45151642
Sutton,OC487,0.55855304
Sutton,OC488,0.56061286
Sutton,OC489,0.41925862
Sutton,OC490,0.41732708
Sutton,OC491,0.53112364
Sutton,OC492,0.49537858
Sutton,OC493,0.34479418
Sutton,OC494,0.3470607
Sutton,OC495,0.36350036
Sutton,OC496,0.36750084
Sutton,OC497,0.40298206
Sutton,OC498,0.31835032
Sutton,OC499,0.48154023
Sutton,OC630,0.44727945
Sutton,OC641,0.465232
Sutton,OC642,0.48147964
Sutton,OC643,0.47520006
Sutton,OC645,0.26557243
Sutton,OC807,0.27277866
Sutton,OC907,0.46441612
Sutton,OC908,0.4216008
Sutton,OC909,0.4241165
Sutton,OC910,0.3853127
Sutton,OC911,0.3887878
Sutton,OC912,0.5239277
Sutton,OC913,0.53426975
Sutton,OC914,0.5215778
Sutton,OC915,0.52298665
Sutton,OC916,0.4758915
Sutton,OC917,0.47816035
Sutton,OC918,0.47827277
Sutton,OC919,0.5106094
Sutton,OC920,0.44976005
Sutton,OC921,0.46929654
Sutton,OC922,0.48066077
Sutton,OC923,0.45101148
Sutton,OC925,0.43727818
Sutton,OC926,0.42063037
Sutton,OC928,0.46780542
Sutton,OC929,0.5164687
Sutton,OC930,0.5875073
Sutton,OC931,0.41705117
Sutton,OC932,0.5916875
Sutton,OC933,0.59290504
Sutton,OC934,0.59044755
Sutton,OC935,0.59326845
Sutton,OC936,0.5432014
Sutton,OC937,0.5398331
Sutton,OC938,0.52417755
Sutton,OC939,0.54464847
Sutton,OC940,0.525537
Sutton,OC941,0.5270376
Sutton,OC942,0.5128761
Sutton,OC943,0.464257
Sutton,OC944,0.45288992
Sutton,R0090,0.48433945
Sutton,R0217,0.5886198
Sutton,R0219,0.5908771
Sutton,R0286,0.4929765
Sutton,R0673,0.505044
Sutton,W20,0.62777585
Sutton,W26,0.535656
Sutton,W3,0.6122806
Sutton,W43,0.6556707
Sutton,18539,0.49735215
Sutton,590,0.5771411
Sutton,7771,0.56952995
Tower Hamlets,1098,0.41775113
Tower Hamlets,1099,0.41349065
Tower Hamlets,13418,0.592862
Tower Hamlets,13485,0.23100214
Tower Hamlets,13488,0.24051745
Tower Hamlets,13489,0.2423054
Tower Hamlets,13490,0.22297153
Tower Hamlets,13492,0.21539398
Tower Hamlets,13493,0.20797974
Tower Hamlets,13494,0.2274927
Tower Hamlets,13495,0.2152402
Tower Hamlets,13517,0.4322312
Tower Hamlets,13614,0.38350004
Tower Hamlets,1422,0.4412733
Tower Hamlets,14227,0.39958432
Tower Hamlets,14234,0.46305367
Tower Hamlets,14477,0.46034533
Tower Hamlets,14478,0.46279022
Tower Hamlets,14479,0.4951718
Tower Hamlets,14481,0.48724774
Tower Hamlets,14482,0.47371966
Tower Hamlets,14483,0.41142595
Tower Hamlets,14484,0.42439088
Tower Hamlets,14487,0.437106
Tower Hamlets,14488,0.46501338
Tower Hamlets,14495,0.49438813
Tower Hamlets,14590,0.37266195
Tower Hamlets,15128,0.49175283
Tower Hamlets,15129,0.43222725
Tower Hamlets,15130,0.4438588
Tower Hamlets,15131,0.5406801
Tower Hamlets,15132,0.5417781
Tower Hamlets,15133,0.57550603
Tower Hamlets,15134,0.5852544
Tower Hamlets,15135,0.59775734
Tower Hamlets,15136,0.59677714
Tower Hamlets,15137,0.5876016
Tower Hamlets,15138,0.6204448
Tower Hamlets,15139,0.59036726
Tower Hamlets,15140,0.57409275
Tower Hamlets,15141,0.60301584
Tower Hamlets,15142,0.53696823
Tower Hamlets,15143,0.49902594
Tower Hamlets,15150,0.5012435
Tower Hamlets,15154,0.47558862
Tower Hamlets,15156,0.4892431
Tower Hamlets,15157,0.49240115
Tower Hamlets,15158,0.52479804
Tower Hamlets,15159,0.58930033
Tower Hamlets,15161,0.53723663
Tower Hamlets,15162,0.5106013
Tower Hamlets,1615,0.45657572
Tower Hamlets,1616,0.46937394
Tower Hamlets,1617,0.3662982
Tower Hamlets,16347,0.47020617
Tower Hamlets,16348,0.47359824
Tower Hamlets,16349,0.5331293
Tower Hamlets,16353,0.5895702
Tower Hamlets,1687,0.40226537
Tower Hamlets,1688,0.39546216
Tower Hamlets,1689,0.536177
Tower Hamlets,17283,0.39123204
Tower Hamlets,1735,0.40934023
Tower Hamlets,1736,0.41161907
Tower Hamlets,18018,0.5394876
Tower Hamlets,18020,0.5196451
Tower Hamlets,18022,0.49144855
Tower Hamlets,18023,0.48168197
Tower Hamlets,18024,0.44965726
Tower Hamlets,18060,0.44711748
Tower Hamlets,18061,0.42519304
Tower Hamlets,18062,0.42652145
Tower Hamlets,18063,0.42463422
Tower Hamlets,18067,0.3986304
Tower Hamlets,18213,0.5046471
Tower Hamlets,1863,0.45751685
Tower Hamlets,1864,0.44859865
Tower Hamlets,1865,0.5295499
Tower Hamlets,1866,0.54297984
Tower Hamlets,1872,0.46609148
Tower Hamlets,1873,0.46167922
Tower Hamlets,19588,0.38313624
Tower Hamlets,20401,0.3987271
Tower Hamlets,2046,0.3826768
Tower Hamlets,2050,0.42386118
Tower Hamlets,2051,0.40610418
Tower Hamlets,20537,0.45987725
Tower Hamlets,2058,0.4310854
Tower Hamlets,2062,0.62905496
Tower Hamlets,2066,0.5927298
Tower Hamlets,20674,0.38673097
Tower Hamlets,20803,0.42405704
Tower Hamlets,2280,0.4296321
Tower Hamlets,2282,0.3826432
Tower Hamlets,2292,0.408897
Tower Hamlets,2293,0.42735222
Tower Hamlets,25096,0.535588
Tower Hamlets,27683,0.43403965
Tower Hamlets,27785,0.48877975
Tower Hamlets,2955,0.46354347
Tower Hamlets,29614,0.5001813
Tower Hamlets,29637,0.29817435
Tower Hamlets,29648,0.36053586
Tower Hamlets,29733,0.40101323
Tower Hamlets,3200,0.52609503
Tower Hamlets,3201,0.5184513
Tower Hamlets,33431,0.3352186
Tower Hamlets,33583,0.38527206
Tower Hamlets,33584,0.38658214
Tower Hamlets,33585,0.3644406
Tower Hamlets,33586,0.35068005
Tower Hamlets,34060,0.47678405
Tower Hamlets,34214,0.49667087
Tower Hamlets,34215,0.45040366
Tower Hamlets,34253,0.31352323
Tower Hamlets,34269,0.46943077
Tower Hamlets,34405,0.35826296
Tower Hamlets,34406,0.40411535
Tower Hamlets,34408,0.4196788
Tower Hamlets,34413,0.35594678
Tower Hamlets,34447,0.45708606
Tower Hamlets,34448,0.39201683
Tower Hamlets,34793,0.3939137
Tower Hamlets,348,0.6378331
Tower Hamlets,35217,0.39923206
Tower Hamlets,35218,0.46581957
Tower Hamlets,35219,0.47705626
Tower Hamlets,35297,0.32260698
Tower Hamlets,35407,0.42462343
Tower Hamlets,35435,0.4062101
Tower Hamlets,36868,0.50226164
Tower Hamlets,36869,0.32609677
Tower Hamlets,36870,0.32702938
Tower Hamlets,37124,0.23690328
Tower Hamlets,37138,0.35989362
Tower Hamlets,37143,0.47729573
Tower Hamlets,37144,0.48351756
Tower Hamlets,37145,0.50541216
Tower Hamlets,4611,0.43077052
Tower Hamlets,4612,0.35202223
Tower Hamlets,4613,0.4591333
Tower Hamlets,4614,0.41876188
Tower Hamlets,4615,0.40029365
Tower Hamlets,4616,0.39076135
Tower Hamlets,4824,0.43350366
Tower Hamlets,4828,0.38708925
Tower Hamlets,4829,0.43856874
Tower Hamlets,559,0.5855593
Tower Hamlets,6366,0.4655004
Tower Hamlets,866,0.4768164
Tower Hamlets,868,0.46655643
Tower Hamlets,869,0.4590081
Tower Hamlets,876,0.42247644
Tower Hamlets,877,0.4439589
Tower Hamlets,879,0.4637357
Tower Hamlets,881,0.5278058
Tower Hamlets,882,0.50828946
Tower Hamlets,884,0.54930645
Tower Hamlets,885,0.5099663
Tower Hamlets,886,0.5500977
Tower Hamlets,900,0.4613404
Tower Hamlets,901,0.4644606
Tower Hamlets,902,0.5233288
Tower Hamlets,943,0.41590783
Tower Hamlets,944,0.41005123
Tower Hamlets,945,0.37556502
Tower Hamlets,946,0.38870358
Tower Hamlets,947,0.38686407
Tower Hamlets,956,0.43327644
Tower Hamlets,BP081,0.538505
Tower Hamlets,BP082,0.3905307
Tower Hamlets,BP1014,0.36991832
Tower Hamlets,BP1015,0.36233968
Tower Hamlets,BP1187,0.4713667
Tower Hamlets,BP1193,0.38840657
Tower Hamlets,BP1231,0.48714253
Tower Hamlets,BP1234,0.43011144
Tower Hamlets,BP1307,0.37120953
Tower Hamlets,BP1351,0.45240152
Tower Hamlets,BP1650,0.36684778
Tower Hamlets,BP167,0.48348507
Tower Hamlets,BP1802,0.46921265
Tower Hamlets,BP1863,0.3887994
Tower Hamlets,BP1864,0.37789682
Tower Hamlets,BP1865,0.41274658
Tower Hamlets,BP1866,0.343421
Tower Hamlets,BP1867,0.357625
Tower Hamlets,BP1868,0.4352855
Tower Hamlets,BP1869,0.45744705
Tower Hamlets,BP187,0.4016446
Tower Hamlets,BP1870,0.3598932
Tower Hamlets,BP1871,0.32375637
Tower Hamlets,BP1872,0.39963952
Tower Hamlets,BP1873,0.4191247
Tower Hamlets,BP1874,0.34833774
Tower Hamlets,BP1875,0.35788968
Tower Hamlets,BP1876,0.380498
Tower Hamlets,BP1877,0.37996545
Tower Hamlets,BP1905,0.3658019
Tower Hamlets,BP1906,0.3968107
Tower Hamlets,BP1907,0.41636387
Tower Hamlets,BP1909,0.3898929
Tower Hamlets,BP1910,0.41870436
Tower Hamlets,BP1912,0.35399076
Tower Hamlets,BP1913,0.34611773
Tower Hamlets,BP1914,0.34302035
Tower Hamlets,BP1977,0.37242448
Tower Hamlets,BP2004,0.38653517
Tower Hamlets,BP2301,0.47398782
Tower Hamlets,BP2335,0.5166464
Tower Hamlets,BP2336,0.5013608
Tower Hamlets,BP2337,0.42816848
Tower Hamlets,BP2338,0.37713137
Tower Hamlets,BP2339,0.3876017
Tower Hamlets,BP2340,0.42341068
Tower Hamlets,BP2341,0.3638566
Tower Hamlets,BP2342,0.28626764
Tower Hamlets,BP2343,0.3193056
Tower Hamlets,BP2345,0.3210555
Tower Hamlets,BP2346,0.33520347
Tower Hamlets,BP2350,0.35898176
Tower Hamlets,BP2351,0.3405948
Tower Hamlets,BP2352,0.39034814
Tower Hamlets,BP2353,0.36755332
Tower Hamlets,BP2354,0.42217037
Tower Hamlets,BP2355,0.4191717
Tower Hamlets,BP2356,0.29682866
Tower Hamlets,BP2357,0.50736046
Tower Hamlets,BP2449,0.50427085
Tower Hamlets,BP2591,0.3545577
Tower Hamlets,BP2593,0.32556942
Tower Hamlets,BP2594,0.33185813
Tower Hamlets,BP2687,0.44496027
Tower Hamlets,BP2688,0.41137737
Tower Hamlets,BP2689,0.432533
Tower Hamlets,BP2690,0.2867068
Tower Hamlets,BP2691,0.2829045
Tower Hamlets,BP2695,0.37141824
Tower Hamlets,BP2696,0.37796664
Tower Hamlets,BP2697,0.35396704
Tower Hamlets,BP2698,0.3857692
Tower Hamlets,BP2699,0.35361508
Tower Hamlets,BP2700,0.34096807
Tower Hamlets,BP2701,0.41846997
Tower Hamlets,BP2702,0.35252312
Tower Hamlets,BP3115,0.33484608
Tower Hamlets,BP3461,0.5520623
Tower Hamlets,BP3499,0.35111317
Tower Hamlets,BP3500,0.38502148
Tower Hamlets,BP3501,0.3967079
Tower Hamlets,BP3502,0.36261508
Tower Hamlets,BP3571,0.36529866
Tower Hamlets,BP3588,0.35633835
Tower Hamlets,BP3724,0.3820684
Tower Hamlets,BP3725,0.33348063
Tower Hamlets,BP3726,0.34767896
Tower Hamlets,BP3730,0.3701074
Tower Hamlets,BP3731,0.32943213
Tower Hamlets,BP3732,0.34532657
Tower Hamlets,BP3833,0.4073981
Tower Hamlets,BP3841,0.40356523
Tower Hamlets,BP4194,0.38399398
Tower Hamlets,BP4195,0.39892155
Tower Hamlets,BP424,0.40796337
Tower Hamlets,BP425,0.40594336
Tower Hamlets,BP4819,0.35417512
Tower Hamlets,BP5153,0.5207758
Tower Hamlets,BP517,0.38272682
Tower Hamlets,BP5191,0.30327445
Tower Hamlets,BP5244,0.413718
Tower Hamlets,BP525,0.47680643
Tower Hamlets,BP526,0.3734724
Tower Hamlets,BP527,0.3016081
Tower Hamlets,BP528,0.3216113
Tower Hamlets,BP530,0.31988463
Tower Hamlets,BP531,0.30769736
Tower Hamlets,BP532,0.3241764
Tower Hamlets,BP540,0.41110456
Tower Hamlets,BP5408,0.35952246
Tower Hamlets,BP5409,0.4968579
Tower Hamlets,BP541,0.39306033
Tower Hamlets,BP544,0.36362433
Tower Hamlets,BP545,0.36160317
Tower Hamlets,BP546,0.3171991
Tower Hamlets,BP547,0.31263292
Tower Hamlets,BP548,0.35957542
Tower Hamlets,BP550,0.34454438
Tower Hamlets,BP5879,0.4133688
Tower Hamlets,BP5950,0.36989483
Tower Hamlets,BP6157,0.4506097
Tower Hamlets,BP6158,0.47674024
Tower Hamlets,BP6159,0.42427003
Tower Hamlets,BP6160,0.42660165
Tower Hamlets,BP617,0.5463179
Tower Hamlets,BP6318,0.3981176
Tower Hamlets,BP6320,0.3995724
Tower Hamlets,BP638,0.50029427
Tower Hamlets,BP6568,0.37749606
Tower Hamlets,BP6569,0.3894985
Tower Hamlets,BP6571,0.43305978
Tower Hamlets,BP782,0.33560413
Tower Hamlets,BP940,0.46364114
Tower Hamlets,FC17,0.3994619
Tower Hamlets,FC30,0.32354367
Tower Hamlets,FC76,0.3103797
Tower Hamlets,FC98,0.31241804
Tower Hamlets,FC99,0.32059783
Tower Hamlets,LE108,0.4602636
Tower Hamlets,LE122,0.45670652
Tower Hamlets,LE131,0.3961088
Tower Hamlets,LE132,0.3910068
Tower Hamlets,LE133,0.37088546
Tower Hamlets,LE140,0.25891906
Tower Hamlets,LE168,0.3570922
Tower Hamlets,LE186,0.45355576
Tower Hamlets,LE190,0.43173409
Tower Hamlets,LE193,0.46601668
Tower Hamlets,LE225,0.4058372
Tower Hamlets,LE235,0.44594657
Tower Hamlets,LE236,0.46725515
Tower Hamlets,LE243,0.37241945
Tower Hamlets,LE244,0.34843266
Tower Hamlets,LE246,0.34737673
Tower Hamlets,LE250,0.3469467
Tower Hamlets,R0311,0.4398031
Tower Hamlets,R0313,0.5360693
Tower Hamlets,R0314,0.391791
Tower Hamlets,R0315,0.4079762
Tower Hamlets,R0381,0.46253338
Tower Hamlets,R0758,0.40366417
Tower Hamlets,1423,0.44404542
Tower Hamlets,14231,0.42736676
Tower Hamlets,14485,0.31547782
Tower Hamlets,15160,0.55927587
Tower Hamlets,1684,0.57218057
Tower Hamlets,1705,0.48742473
Tower Hamlets,1706,0.44064185
Tower Hamlets,1707,0.4406936
Tower Hamlets,17281,0.39082825
Tower Hamlets,1867,0.5458735
Tower Hamlets,1868,0.55250865
Tower Hamlets,1869,0.5444189
Tower Hamlets,2045,0.38260633
Tower Hamlets,2059,0.42438397
Tower Hamlets,25270,0.5033757
Tower Hamlets,2952,0.38958946
Tower Hamlets,36875,0.56058794
Tower Hamlets,37139,0.31740457
Tower Hamlets,4825,0.40828666
Tower Hamlets,7724,0.3692609
Tower Hamlets,7725,0.4110252
Tower Hamlets,875,0.43256724
Tower Hamlets,888,0.50838405
Tower Hamlets,9248,0.5301007
Tower Hamlets,9249,0.53271544
Tower Hamlets,BP107,0.4951473
Tower Hamlets,BP1911,0.40785745
Tower Hamlets,BP2344,0.34488893
Tower Hamlets,BP2347,0.29254493
Tower Hamlets,BP2693,0.3633435
Tower Hamlets,BP2895,0.40888342
Tower Hamlets,BP3723,0.3891306
Tower Hamlets,BP3727,0.3588228
Tower Hamlets,BP3729,0.3867141
Tower Hamlets,BP5152,0.477513
Tower Hamlets,BP529,0.32940528
Tower Hamlets,BP537,0.38263214
Tower Hamlets,BP6161,0.4348951
Tower Hamlets,BP6162,0.4409574
Tower Hamlets,BP6163,0.46353236
Tower Hamlets,BP754,0.49684843
Tower Hamlets,BP755,0.49469152
Tower Hamlets,LE129,0.35514334
Tower Hamlets,LE247,0.412632
Tower Hamlets,LE248,0.40279883
Tower Hamlets,LE249,0.4200213
Tower Hamlets,OC673,0.60654044
Tower Hamlets,R0382,0.46834934
Tower Hamlets,R0674,0.39480084
Tower Hamlets,R0752,0.60576403
Tower Hamlets,R0780,0.51942784
Waltham Forest,10289,0.5140615
Waltham Forest,10290,0.5177721
Waltham Forest,10297,0.49179083
Waltham Forest,10300,0.5747417
Waltham Forest,10302,0.59022623
Waltham Forest,10303,0.5876205
Waltham Forest,10308,0.6237832
Waltham Forest,10309,0.63589346
Waltham Forest,10313,0.66025436
Waltham Forest,10316,0.72117895
Waltham Forest,10317,0.7429903
Waltham Forest,10318,0.5133081
Waltham Forest,10324,0.4985475
Waltham Forest,10325,0.5041096
Waltham Forest,10328,0.49242932
Waltham Forest,10330,0.49137416
Waltham Forest,10331,0.4570503
Waltham Forest,10333,0.45554668
Waltham Forest,10334,0.5246065
Waltham Forest,10337,0.5247832
Waltham Forest,10338,0.47935757
Waltham Forest,10340,0.48773947
Waltham Forest,10341,0.475545
Waltham Forest,10342,0.4718371
Waltham Forest,10343,0.48035216
Waltham Forest,10345,0.47961903
Waltham Forest,10347,0.47111237
Waltham Forest,10468,0.6248915
Waltham Forest,10469,0.56439954
Waltham Forest,1135,0.4725669
Waltham Forest,11481,0.7288775
Waltham Forest,11482,0.54340875
Waltham Forest,11487,0.53683496
Waltham Forest,1339,0.71502113
Waltham Forest,14245,0.493523
Waltham Forest,14252,0.5143208
Waltham Forest,14257,0.5787629
Waltham Forest,14258,0.54943913
Waltham Forest,14261,0.57793766
Waltham Forest,14262,0.559858
Waltham Forest,14264,0.55367786
Waltham Forest,14265,0.6105934
Waltham Forest,14266,0.60538536
Waltham Forest,14267,0.6039159
Waltham Forest,14269,0.6111387
Waltham Forest,14270,0.5966392
Waltham Forest,14271,0.61417633
Waltham Forest,14275,0.49589843
Waltham Forest,14276,0.44446412
Waltham Forest,14277,0.4427186
Waltham Forest,14278,0.43356487
Waltham Forest,14281,0.43329418
Waltham Forest,14282,0.43182844
Waltham Forest,14287,0.45506865
Waltham Forest,14439,0.582154
Waltham Forest,14544,0.58466494
Waltham Forest,14545,0.5520486
Waltham Forest,14548,0.5182741
Waltham Forest,14550,0.5757141
Waltham Forest,14551,0.56569594
Waltham Forest,14556,0.6825607
Waltham Forest,14557,0.68116
Waltham Forest,14560,0.67391336
Waltham Forest,14561,0.67239493
Waltham Forest,14565,0.57478195
Waltham Forest,14566,0.47843796
Waltham Forest,14569,0.41979814
Waltham Forest,14572,0.37102014
Waltham Forest,14573,0.37369436
Waltham Forest,14576,0.5306019
Waltham Forest,14579,0.5142046
Waltham Forest,14699,0.4458863
Waltham Forest,14700,0.4759502
Waltham Forest,15316,0.39632916
Waltham Forest,15317,0.3879519
Waltham Forest,15318,0.34028363
Waltham Forest,15319,0.39865062
Waltham Forest,15320,0.34913826
Waltham Forest,15321,0.43589067
Waltham Forest,15322,0.40100047
Waltham Forest,15842,0.45032215
Waltham Forest,15843,0.40769166
Waltham Forest,15846,0.42211434
Waltham Forest,15984,0.43057832
Waltham Forest,15985,0.42864105
Waltham Forest,15986,0.3639475
Waltham Forest,15989,0.33847672
Waltham Forest,15990,0.33686385
Waltham Forest,15991,0.3331783
Waltham Forest,15992,0.41814414
Waltham Forest,15993,0.46198788
Waltham Forest,15994,0.4631968
Waltham Forest,15995,0.42471942
Waltham Forest,15996,0.43305558
Waltham Forest,15997,0.4137729
Waltham Forest,15998,0.4322476
Waltham Forest,15999,0.4662154
Waltham Forest,16000,0.49146703
Waltham Forest,16001,0.4984052
Waltham Forest,16002,0.4880839
Waltham Forest,16003,0.43397176
Waltham Forest,16004,0.46759242
Waltham Forest,16005,0.5015558
Waltham Forest,16006,0.48654804
Waltham Forest,17849,0.4359735
Waltham Forest,17901,0.5447138
Waltham Forest,17902,0.53429323
Waltham Forest,17903,0.49921077
Waltham Forest,17904,0.5291159
Waltham Forest,17905,0.49026233
Waltham Forest,17910,0.48354912
Waltham Forest,17911,0.4879165
Waltham Forest,17912,0.48855418
Waltham Forest,17913,0.47702736
Waltham Forest,17914,0.47576475
Waltham Forest,17915,0.5099126
Waltham Forest,17916,0.51302665
Waltham Forest,17917,0.5157051
Waltham Forest,17918,0.5359045
Waltham Forest,17919,0.55350506
Waltham Forest,17920,0.5433919
Waltham Forest,17921,0.52612555
Waltham Forest,17922,0.5208207
Waltham Forest,17923,0.5258327
Waltham Forest,17924,0.5396479
Waltham Forest,17925,0.51420194
Waltham Forest,17926,0.5210578
Waltham Forest,17927,0.4846291
Waltham Forest,17928,0.50001776
Waltham Forest,17929,0.47901475
Waltham Forest,17930,0.46238366
Waltham Forest,17931,0.3708639
Waltham Forest,17932,0.47885978
Waltham Forest,17933,0.50306994
Waltham Forest,17934,0.40066195
Waltham Forest,17935,0.48910075
Waltham Forest,17936,0.4366034
Waltham Forest,17937,0.45630157
Waltham Forest,17938,0.4425805
Waltham Forest,17940,0.3950402
Waltham Forest,17951,0.39670897
Waltham Forest,17986,0.70540506
Waltham Forest,17987,0.57600325
Waltham Forest,17988,0.70920473
Waltham Forest,17989,0.6988008
Waltham Forest,17991,0.7075519
Waltham Forest,17992,0.7175704
Waltham Forest,17993,0.6113284
Waltham Forest,17994,0.62606204
Waltham Forest,17995,0.6131434
Waltham Forest,17996,0.61033815
Waltham Forest,17998,0.6158636
Waltham Forest,17999,0.62625575
Waltham Forest,18000,0.6363444
Waltham Forest,18001,0.6393329
Waltham Forest,18002,0.60648984
Waltham Forest,18003,0.6144295
Waltham Forest,18004,0.49656233
Waltham Forest,18005,0.54399323
Waltham Forest,18006,0.51391053
Waltham Forest,18007,0.523065
Waltham Forest,18008,0.49218053
Waltham Forest,18075,0.4670999
Waltham Forest,18076,0.42600623
Waltham Forest,18077,0.44496253
Waltham Forest,18078,0.44725072
Waltham Forest,19970,0.289891
Waltham Forest,19971,0.29631558
Waltham Forest,19972,0.3402567
Waltham Forest,19973,0.31549487
Waltham Forest,19974,0.46244633
Waltham Forest,19975,0.4423843
Waltham Forest,19976,0.41799012
Waltham Forest,19977,0.4173295
Waltham Forest,20045,0.42507264
Waltham Forest,20046,0.3868146
Waltham Forest,20253,0.3897327
Waltham Forest,20668,0.46554816
Waltham Forest,20669,0.46348655
Waltham Forest,20778,0.57900685
Waltham Forest,20932,0.5660394
Waltham Forest,2310,0.27423993
Waltham Forest,2311,0.27213597
Waltham Forest,2424,0.44216698
Waltham Forest,2425,0.43298352
Waltham Forest,24339,0.5299864
Waltham Forest,25133,0.48092493
Waltham Forest,25179,0.42766064
Waltham Forest,25449,0.62139773
Waltham Forest,25484,0.73706895
Waltham Forest,25851,0.43255848
Waltham Forest,25852,0.38061306
Waltham Forest,25976,0.43517908
Waltham Forest,26242,0.5164056
Waltham Forest,26995,0.39386746
Waltham Forest,2726,0.417652
Waltham Forest,27461,0.47316858
Waltham Forest,27514,0.42205897
Waltham Forest,27515,0.46493837
Waltham Forest,29164,0.46495518
Waltham Forest,2934,0.42611238
Waltham Forest,29548,0.52010703
Waltham Forest,29653,0.6317807
Waltham Forest,29734,0.44869068
Waltham Forest,29849,0.46411473
Waltham Forest,29958,0.41513935
Waltham Forest,29959,0.41504246
Waltham Forest,29960,0.40204924
Waltham Forest,29961,0.39836878
Waltham Forest,29962,0.3606861
Waltham Forest,29963,0.36435977
Waltham Forest,29964,0.36592555
Waltham Forest,3211,0.6122445
Waltham Forest,3219,0.4781683
Waltham Forest,33335,0.40869713
Waltham Forest,33336,0.3849106
Waltham Forest,33338,0.44025657
Waltham Forest,33673,0.57146376
Waltham Forest,33823,0.4960593
Waltham Forest,33824,0.49240848
Waltham Forest,33825,0.49480212
Waltham Forest,33826,0.5563336
Waltham Forest,33827,0.51688635
Waltham Forest,33828,0.5701996
Waltham Forest,33829,0.67704606
Waltham Forest,33832,0.66373277
Waltham Forest,33833,0.48698834
Waltham Forest,34016,0.40230227
Waltham Forest,34017,0.4186921
Waltham Forest,34018,0.43420124
Waltham Forest,34070,0.43872795
Waltham Forest,34071,0.44144872
Waltham Forest,34072,0.51383907
Waltham Forest,34073,0.5139852
Waltham Forest,34074,0.46591017
Waltham Forest,34075,0.46551752
Waltham Forest,34295,0.45046723
Waltham Forest,34296,0.44982162
Waltham Forest,34297,0.44361392
Waltham Forest,34298,0.4450356
Waltham Forest,34299,0.46642438
Waltham Forest,34300,0.51804775
Waltham Forest,34301,0.3770325
Waltham Forest,34302,0.39155585
Waltham Forest,34303,0.4027571
Waltham Forest,34304,0.3991404
Waltham Forest,34305,0.45278475
Waltham Forest,34306,0.4429365
Waltham Forest,34322,0.39416733
Waltham Forest,34357,0.56474984
Waltham Forest,35931,0.54517835
Waltham Forest,36556,0.4856907
Waltham Forest,36564,0.5281134
Waltham Forest,36565,0.48301336
Waltham Forest,36566,0.4758048
Waltham Forest,36567,0.47221097
Waltham Forest,36569,0.46063548
Waltham Forest,37074,0.72979665
Waltham Forest,4208,0.40223822
Waltham Forest,4289,0.4350101
Waltham Forest,4292,0.421852
Waltham Forest,4750,0.4963217
Waltham Forest,4759,0.5707803
Waltham Forest,4760,0.5675536
Waltham Forest,4761,0.5596747
Waltham Forest,4844,0.60359955
Waltham Forest,6622,0.52389944
Waltham Forest,6627,0.6105965
Waltham Forest,6630,0.5813115
Waltham Forest,6631,0.543501
Waltham Forest,6633,0.5439364
Waltham Forest,6635,0.5088778
Waltham Forest,6636,0.50073516
Waltham Forest,6637,0.51693225
Waltham Forest,6640,0.47265697
Waltham Forest,6642,0.46826354
Waltham Forest,6644,0.41941497
Waltham Forest,6662,0.66864705
Waltham Forest,6665,0.6770001
Waltham Forest,6666,0.6463732
Waltham Forest,6671,0.6225204
Waltham Forest,6673,0.539788
Waltham Forest,6676,0.54582757
Waltham Forest,6680,0.54584676
Waltham Forest,6681,0.5411577
Waltham Forest,6682,0.50163037
Waltham Forest,6683,0.48494658
Waltham Forest,6685,0.51087195
Waltham Forest,6687,0.5031151
Waltham Forest,7514,0.38020125
Waltham Forest,7515,0.38085774
Waltham Forest,7541,0.39029646
Waltham Forest,7542,0.43782234
Waltham Forest,7911,0.46316528
Waltham Forest,7912,0.50106514
Waltham Forest,7915,0.437859
Waltham Forest,7916,0.45258915
Waltham Forest,7919,0.48370156
Waltham Forest,7920,0.48591504
Waltham Forest,7922,0.5014986
Waltham Forest,7923,0.5078101
Waltham Forest,7926,0.51516646
Waltham Forest,7927,0.53305984
Waltham Forest,7931,0.53397447
Waltham Forest,7933,0.57214826
Waltham Forest,7935,0.5586762
Waltham Forest,7937,0.5543352
Waltham Forest,7938,0.6090084
Waltham Forest,7941,0.5860817
Waltham Forest,7945,0.5514956
Waltham Forest,7949,0.66439086
Waltham Forest,7950,0.633438
Waltham Forest,7952,0.6559912
Waltham Forest,7960,0.781003
Waltham Forest,7962,0.7206274
Waltham Forest,7963,0.72136873
Waltham Forest,7964,0.65468425
Waltham Forest,7966,0.6364174
Waltham Forest,7967,0.580078
Waltham Forest,7968,0.61372185
Waltham Forest,7971,0.53915465
Waltham Forest,7973,0.5518353
Waltham Forest,7975,0.5597416
Waltham Forest,7976,0.57988274
Waltham Forest,7979,0.5882177
Waltham Forest,7980,0.59832984
Waltham Forest,7983,0.62699056
Waltham Forest,7985,0.7456562
Waltham Forest,7986,0.6898136
Waltham Forest,7988,0.68997186
Waltham Forest,7989,0.7442765
Waltham Forest,7991,0.7808448
Waltham Forest,7992,0.7511721
Waltham Forest,7995,0.7854728
Waltham Forest,7996,0.7811703
Waltham Forest,7997,0.6845013
Waltham Forest,7998,0.79130673
Waltham Forest,8001,0.66873693
Waltham Forest,8002,0.6649706
Waltham Forest,8005,0.6315672
Waltham Forest,8044,0.5173408
Waltham Forest,8045,0.5162103
Waltham Forest,8048,0.50179607
Waltham Forest,8049,0.44144282
Waltham Forest,8052,0.45276406
Waltham Forest,8053,0.45599747
Waltham Forest,8055,0.46124953
Waltham Forest,8056,0.4488879
Waltham Forest,8057,0.5294134
Waltham Forest,8061,0.53077567
Waltham Forest,9029,0.5481057
Waltham Forest,9032,0.5428714
Waltham Forest,9033,0.5457726
Waltham Forest,9034,0.5570868
Waltham Forest,9035,0.5541303
Waltham Forest,9036,0.5824046
Waltham Forest,9037,0.5731372
Waltham Forest,9038,0.55903375
Waltham Forest,9039,0.6105622
Waltham Forest,9041,0.6057964
Waltham Forest,9436,0.37500837
Waltham Forest,9437,0.37500915
Waltham Forest,9478,0.26955807
Waltham Forest,9479,0.27177653
Waltham Forest,BP1141,0.43688577
Waltham Forest,BP1308,0.495659
Waltham Forest,BP1309,0.49387518
Waltham Forest,BP1310,0.49532837
Waltham Forest,BP1311,0.48181537
Waltham Forest,BP1312,0.4587897
Waltham Forest,BP1313,0.4950758
Waltham Forest,BP1314,0.49861032
Waltham Forest,BP1542,0.6545682
Waltham Forest,BP1543,0.64723986
Waltham Forest,BP1545,0.66032225
Waltham Forest,BP1666,0.42685512
Waltham Forest,BP1667,0.42238885
Waltham Forest,BP1668,0.49087983
Waltham Forest,BP1669,0.5646494
Waltham Forest,BP1670,0.5664505
Waltham Forest,BP1671,0.5277053
Waltham Forest,BP1672,0.44281685
Waltham Forest,BP1673,0.5635889
Waltham Forest,BP1674,0.56380427
Waltham Forest,BP1675,0.47483113
Waltham Forest,BP1676,0.51892596
Waltham Forest,BP1677,0.5184538
Waltham Forest,BP1678,0.5246938
Waltham Forest,BP1679,0.56701714
Waltham Forest,BP1723,0.42605904
Waltham Forest,BP1790,0.69435036
Waltham Forest,BP1791,0.6734103
Waltham Forest,BP1792,0.6712538
Waltham Forest,BP1814,0.51202184
Waltham Forest,BP1815,0.5083849
Waltham Forest,BP1816,0.5405454
Waltham Forest,BP1817,0.49564037
Waltham Forest,BP184,0.4176863
Waltham Forest,BP2003,0.58109546
Waltham Forest,BP2539,0.47638825
Waltham Forest,BP2540,0.42696962
Waltham Forest,BP2565,0.56766397
Waltham Forest,BP2566,0.56827474
Waltham Forest,BP2592,0.40811044
Waltham Forest,BP2753,0.605521
Waltham Forest,BP2754,0.68074286
Waltham Forest,BP279,0.43843764
Waltham Forest,BP280,0.43079415
Waltham Forest,BP2958,0.42526865
Waltham Forest,BP3076,0.6468345
Waltham Forest,BP3209,0.57008475
Waltham Forest,BP3210,0.561293
Waltham Forest,BP3598,0.51654685
Waltham Forest,BP3746,0.6204107
Waltham Forest,BP3759,0.5104755
Waltham Forest,BP3760,0.47633436
Waltham Forest,BP3899,0.67090225
Waltham Forest,BP3987,0.41316426
Waltham Forest,BP3988,0.39850286
Waltham Forest,BP3989,0.42415145
Waltham Forest,BP3990,0.6203872
Waltham Forest,BP4267,0.68966633
Waltham Forest,BP4270,0.6534204
Waltham Forest,BP4271,0.6633724
Waltham Forest,BP4272,0.65163696
Waltham Forest,BP4273,0.65145916
Waltham Forest,BP4274,0.6475016
Waltham Forest,BP4373,0.7184828
Waltham Forest,BP4526,0.7056104
Waltham Forest,BP4871,0.68807304
Waltham Forest,BP5521,0.5719358
Waltham Forest,BP5678,0.48465958
Waltham Forest,BP5763,0.66546834
Waltham Forest,BP5802,0.64191496
Waltham Forest,BP5863,0.3032536
Waltham Forest,BP5864,0.31438428
Waltham Forest,BP6281,0.75708926
Waltham Forest,BP6282,0.7156109
Waltham Forest,BP6287,0.518641
Waltham Forest,BP6288,0.52630407
Waltham Forest,BP6289,0.5299903
Waltham Forest,BP6290,0.52242094
Waltham Forest,BP6291,0.54387033
Waltham Forest,BP777,0.40175194
Waltham Forest,BP778,0.39806974
Waltham Forest,BP779,0.41910338
Waltham Forest,BP926,0.49445716
Waltham Forest,BP998,0.4486888
Waltham Forest,FC80,0.6101745
Waltham Forest,FC85,0.45202473
Waltham Forest,FC88,0.40502536
Waltham Forest,FC89,0.43684325
Waltham Forest,FL009,0.5808971
Waltham Forest,FL010,0.48941842
Waltham Forest,LE237,0.48635647
Waltham Forest,LE238,0.47722757
Waltham Forest,LE239,0.52436924
Waltham Forest,LE240,0.5155806
Waltham Forest,OC470,0.42697158
Waltham Forest,OC685,0.42968684
Waltham Forest,OC686,0.42721015
Waltham Forest,OC688,0.28830516
Waltham Forest,OC689,0.29211095
Waltham Forest,OC690,0.36765617
Waltham Forest,OC691,0.3764625
Waltham Forest,R0016,0.493681
Waltham Forest,R0021,0.3898679
Waltham Forest,R0022,0.6970839
Waltham Forest,R0024,0.6856357
Waltham Forest,R0027,0.6351426
Waltham Forest,R0028,0.47451654
Waltham Forest,R0030,0.613137
Waltham Forest,R0031,0.59833366
Waltham Forest,R0033,0.5885607
Waltham Forest,R0034,0.6897565
Waltham Forest,R0035,0.68448794
Waltham Forest,R0040,0.48860288
Waltham Forest,R0042,0.4218756
Waltham Forest,R0043,0.42982256
Waltham Forest,R0044,0.5833991
Waltham Forest,R0045,0.5309356
Waltham Forest,R0472,0.64281887
Waltham Forest,R0473,0.5174216
Waltham Forest,R0474,0.5334578
Waltham Forest,R0478,0.42223012
Waltham Forest,R0479,0.5047476
Waltham Forest,R0683,0.38436234
Waltham Forest,R0737,0.41430604
Waltham Forest,R0761,0.38903266
Waltham Forest,10319,0.66862625
Waltham Forest,10321,0.67125756
Waltham Forest,6625,0.70635355
Wandsworth,1088,0.57793003
Wandsworth,11137,0.63250786
Wandsworth,11138,0.6260627
Wandsworth,11139,0.61667395
Wandsworth,11140,0.62061715
Wandsworth,11141,0.58805245
Wandsworth,11142,0.62840164
Wandsworth,11143,0.67172664
Wandsworth,11144,0.6736036
Wandsworth,11288,0.68960047
Wandsworth,11290,0.7032872
Wandsworth,12686,0.5649717
Wandsworth,12687,0.57853025
Wandsworth,12688,0.50743127
Wandsworth,12689,0.52008134
Wandsworth,12691,0.48050103
Wandsworth,12692,0.48197415
Wandsworth,12695,0.42086613
Wandsworth,12696,0.44232103
Wandsworth,12698,0.62552845
Wandsworth,12699,0.5871479
Wandsworth,12700,0.50747067
Wandsworth,12703,0.4457153
Wandsworth,12705,0.45268887
Wandsworth,12706,0.41377112
Wandsworth,12707,0.41294712
Wandsworth,12710,0.4379112
Wandsworth,12711,0.43866265
Wandsworth,12712,0.51300466
Wandsworth,12713,0.5062858
Wandsworth,12715,0.55218756
Wandsworth,12717,0.6039471
Wandsworth,12718,0.5528919
Wandsworth,12720,0.6023808
Wandsworth,12722,0.5719468
Wandsworth,12725,0.5093229
Wandsworth,12726,0.47501123
Wandsworth,12727,0.3561669
Wandsworth,12728,0.37211877
Wandsworth,12729,0.32653856
Wandsworth,12730,0.31706807
Wandsworth,12731,0.3341314
Wandsworth,12732,0.3113098
Wandsworth,12739,0.5130295
Wandsworth,12740,0.5363128
Wandsworth,12741,0.4779289
Wandsworth,12742,0.45492515
Wandsworth,12743,0.4330797
Wandsworth,12744,0.46011558
Wandsworth,12745,0.52786726
Wandsworth,12746,0.5337243
Wandsworth,12747,0.4989797
Wandsworth,12748,0.5134055
Wandsworth,12749,0.5323346
Wandsworth,12808,0.37907806
Wandsworth,12809,0.3790679
Wandsworth,12810,0.34857243
Wandsworth,12813,0.3587633
Wandsworth,12834,0.63747215
Wandsworth,12835,0.582146
Wandsworth,12836,0.616004
Wandsworth,12838,0.5930962
Wandsworth,12839,0.6146772
Wandsworth,12840,0.6044733
Wandsworth,12842,0.6255661
Wandsworth,12843,0.6468501
Wandsworth,12844,0.5864854
Wandsworth,12846,0.5385065
Wandsworth,12848,0.47206137
Wandsworth,12850,0.52398
Wandsworth,12851,0.51774204
Wandsworth,12852,0.52431655
Wandsworth,12853,0.53116685
Wandsworth,12854,0.5496643
Wandsworth,12855,0.59595644
Wandsworth,12856,0.65725565
Wandsworth,12857,0.6133925
Wandsworth,12862,0.604325
Wandsworth,12863,0.6135475
Wandsworth,12865,0.52978563
Wandsworth,12866,0.5102603
Wandsworth,12869,0.4834
Wandsworth,12870,0.52165025
Wandsworth,12871,0.57329416
Wandsworth,12872,0.59728426
Wandsworth,12873,0.5853634
Wandsworth,12874,0.5640013
Wandsworth,12877,0.61768425
Wandsworth,12878,0.6441661
Wandsworth,13362,0.6255287
Wandsworth,140,0.590752
Wandsworth,1411,0.6295224
Wandsworth,1412,0.63908774
Wandsworth,1414,0.60070425
Wandsworth,14343,0.48303065
Wandsworth,14390,0.59230804
Wandsworth,14933,0.6047604
Wandsworth,15193,0.66016126
Wandsworth,15194,0.55660594
Wandsworth,15195,0.6093756
Wandsworth,15196,0.53804004
Wandsworth,15242,0.581519
Wandsworth,15243,0.57122093
Wandsworth,15244,0.59930444
Wandsworth,15245,0.60300064
Wandsworth,15257,0.5983732
Wandsworth,15258,0.5762056
Wandsworth,15259,0.59799445
Wandsworth,15260,0.60623044
Wandsworth,15261,0.5762318
Wandsworth,15262,0.5676105
Wandsworth,1530,0.5147833
Wandsworth,15314,0.62810874
Wandsworth,1532,0.53848743
Wandsworth,1533,0.4920066
Wandsworth,1534,0.4891133
Wandsworth,15844,0.5895802
Wandsworth,1700,0.54103863
Wandsworth,1702,0.553579
Wandsworth,1703,0.53758043
Wandsworth,1749,0.5100037
Wandsworth,17602,0.628978
Wandsworth,17603,0.52382976
Wandsworth,17605,0.47528085
Wandsworth,17607,0.40570512
Wandsworth,18736,0.4144157
Wandsworth,19065,0.5500102
Wandsworth,19066,0.5418782
Wandsworth,19067,0.5339805
Wandsworth,19068,0.5621859
Wandsworth,19069,0.5568226
Wandsworth,19070,0.52750015
Wandsworth,19071,0.5199603
Wandsworth,19553,0.4367667
Wandsworth,19555,0.40873224
Wandsworth,19556,0.5230009
Wandsworth,19559,0.56171924
Wandsworth,19560,0.5899915
Wandsworth,19562,0.53523856
Wandsworth,2165,0.61012185
Wandsworth,2167,0.6281952
Wandsworth,2168,0.63033366
Wandsworth,2171,0.5690786
Wandsworth,2172,0.5673968
Wandsworth,2175,0.54837334
Wandsworth,2176,0.55313253
Wandsworth,2179,0.5625486
Wandsworth,2180,0.56608486
Wandsworth,2181,0.5649172
Wandsworth,2182,0.5594363
Wandsworth,2183,0.5926968
Wandsworth,2184,0.5882824
Wandsworth,219,0.6173385
Wandsworth,2314,0.4625582
Wandsworth,2315,0.44226947
Wandsworth,2344,0.6348353
Wandsworth,2345,0.63375497
Wandsworth,2348,0.58710265
Wandsworth,2349,0.59957254
Wandsworth,2350,0.59762245
Wandsworth,2351,0.5978677
Wandsworth,2366,0.62470263
Wandsworth,2367,0.6207079
Wandsworth,2368,0.618385
Wandsworth,2369,0.5919898
Wandsworth,2370,0.63860327
Wandsworth,2371,0.6981497
Wandsworth,2372,0.6542201
Wandsworth,248,0.63935953
Wandsworth,25286,0.59437585
Wandsworth,25287,0.62780267
Wandsworth,25512,0.57282394
Wandsworth,25514,0.5081757
Wandsworth,25518,0.5197959
Wandsworth,25522,0.57460433
Wandsworth,25523,0.64997584
Wandsworth,25524,0.6272728
Wandsworth,25525,0.6320265
Wandsworth,25528,0.6702905
Wandsworth,25529,0.6768245
Wandsworth,25530,0.64292556
Wandsworth,25531,0.65376157
Wandsworth,25532,0.64808553
Wandsworth,25533,0.59875375
Wandsworth,25534,0.6033125
Wandsworth,25535,0.5634517
Wandsworth,25536,0.5692374
Wandsworth,25537,0.55491984
Wandsworth,25538,0.55919486
Wandsworth,25539,0.5863378
Wandsworth,25542,0.57483935
Wandsworth,25543,0.56965715
Wandsworth,25566,0.62105715
Wandsworth,25569,0.602803
Wandsworth,25570,0.60950315
Wandsworth,25633,0.5515351
Wandsworth,25634,0.5883351
Wandsworth,25635,0.57031035
Wandsworth,25636,0.59564257
Wandsworth,25655,0.5926827
Wandsworth,25657,0.46963787
Wandsworth,25658,0.4630682
Wandsworth,25660,0.42660028
Wandsworth,25661,0.42177284
Wandsworth,25662,0.3336451
Wandsworth,25663,0.3319339
Wandsworth,25664,0.2893382
Wandsworth,25665,0.3490704
Wandsworth,25679,0.63948065
Wandsworth,25956,0.63572294
Wandsworth,260,0.6004768
Wandsworth,26144,0.6247267
Wandsworth,26145,0.6165551
Wandsworth,26146,0.5578645
Wandsworth,26147,0.54242355
Wandsworth,26148,0.5080584
Wandsworth,26150,0.5334733
Wandsworth,26151,0.51237744
Wandsworth,27937,0.63253146
Wandsworth,27942,0.6738478
Wandsworth,28020,0.5508171
Wandsworth,29,0.6852159
Wandsworth,29310,0.5805247
Wandsworth,29312,0.5856713
Wandsworth,29314,0.51914597
Wandsworth,29543,0.6382372
Wandsworth,29635,0.6578159
Wandsworth,29658,0.57876176
Wandsworth,29686,0.60520023
Wandsworth,29787,0.63195133
Wandsworth,29788,0.62714934
Wandsworth,29789,0.6599029
Wandsworth,29790,0.6623109
Wandsworth,3197,0.4878762
Wandsworth,3198,0.4859541
Wandsworth,33015,0.6539176
Wandsworth,33091,0.5856713
Wandsworth,33272,0.64324313
Wandsworth,33273,0.6595542
Wandsworth,33438,0.64993083
Wandsworth,33739,0.48903266
Wandsworth,33740,0.43179104
Wandsworth,34020,0.5262571
Wandsworth,34083,0.5177938
Wandsworth,34084,0.44509417
Wandsworth,34332,0.46984857
Wandsworth,34451,0.5727455
Wandsworth,34452,0.5856054
Wandsworth,34673,0.4476667
Wandsworth,34674,0.45515645
Wandsworth,34675,0.4948793
Wandsworth,34679,0.55723107
Wandsworth,34750,0.5533665
Wandsworth,34751,0.58124006
Wandsworth,34752,0.680138
Wandsworth,3479,0.58120954
Wandsworth,34835,0.6259784
Wandsworth,34904,0.68897146
Wandsworth,34966,0.6269859
Wandsworth,34967,0.61307114
Wandsworth,34968,0.58713084
Wandsworth,34969,0.58421266
Wandsworth,34970,0.5469507
Wandsworth,34971,0.53377146
Wandsworth,35335,0.54493606
Wandsworth,35707,0.60959154
Wandsworth,35995,0.5814363
Wandsworth,36658,0.5045069
Wandsworth,36784,0.52667934
Wandsworth,36785,0.5604499
Wandsworth,36847,0.45953584
Wandsworth,36930,0.37840152
Wandsworth,36931,0.37293154
Wandsworth,36932,0.35975066
Wandsworth,36933,0.53605103
Wandsworth,36934,0.5461922
Wandsworth,36935,0.36874804
Wandsworth,36946,0.616188
Wandsworth,36959,0.61546916
Wandsworth,3714,0.5398353
Wandsworth,37169,0.5819361
Wandsworth,372,0.6886101
Wandsworth,37283,0.60358703
Wandsworth,37446,0.66149265
Wandsworth,397,0.6129295
Wandsworth,418,0.6521429
Wandsworth,419,0.65075135
Wandsworth,429,0.6261199
Wandsworth,431,0.61101
Wandsworth,434,0.48536062
Wandsworth,443,0.65117264
Wandsworth,459,0.6181429
Wandsworth,469,0.552134
Wandsworth,470,0.5796667
Wandsworth,4837,0.5879563
Wandsworth,4858,0.67774695
Wandsworth,4860,0.31842685
Wandsworth,4861,0.6666046
Wandsworth,4864,0.66340077
Wandsworth,4866,0.55844915
Wandsworth,4867,0.56506616
Wandsworth,4869,0.6064653
Wandsworth,4870,0.5498287
Wandsworth,4871,0.6104118
Wandsworth,4872,0.55851054
Wandsworth,596,0.64795494
Wandsworth,597,0.6568084
Wandsworth,649,0.588693
Wandsworth,8816,0.5464137
Wandsworth,8817,0.5736339
Wandsworth,8822,0.5417783
Wandsworth,8823,0.5936283
Wandsworth,8824,0.52311844
Wandsworth,8825,0.51928544
Wandsworth,8826,0.5494075
Wandsworth,8827,0.5543475
Wandsworth,8828,0.5224684
Wandsworth,8832,0.52133936
Wandsworth,8833,0.52393526
Wandsworth,8834,0.5550184
Wandsworth,8835,0.5282363
Wandsworth,8836,0.6156109
Wandsworth,8837,0.58664924
Wandsworth,8838,0.6321011
Wandsworth,8839,0.6316666
Wandsworth,8840,0.63233584
Wandsworth,8841,0.6339881
Wandsworth,8844,0.5844022
Wandsworth,8845,0.54366237
Wandsworth,8846,0.537845
Wandsworth,8847,0.5442456
Wandsworth,8850,0.58512735
Wandsworth,8851,0.5850363
Wandsworth,8852,0.60860866
Wandsworth,8853,0.6246703
Wandsworth,8861,0.59317243
Wandsworth,8862,0.58236545
Wandsworth,8863,0.54729354
Wandsworth,8864,0.5826769
Wandsworth,8865,0.5952804
Wandsworth,8866,0.6127394
Wandsworth,8867,0.59919816
Wandsworth,8870,0.6668239
Wandsworth,8871,0.6652181
Wandsworth,8919,0.5876741
Wandsworth,8950,0.61027277
Wandsworth,8953,0.6019755
Wandsworth,8955,0.58368564
Wandsworth,8957,0.6004834
Wandsworth,8961,0.647627
Wandsworth,8966,0.62685066
Wandsworth,8967,0.58577085
Wandsworth,8969,0.58198434
Wandsworth,8970,0.59447527
Wandsworth,8973,0.6085044
Wandsworth,9236,0.61156785
Wandsworth,9237,0.60838825
Wandsworth,9330,0.48117435
Wandsworth,9331,0.48119184
Wandsworth,9334,0.555516
Wandsworth,9335,0.55246145
Wandsworth,9338,0.5505123
Wandsworth,9339,0.5578568
Wandsworth,9340,0.5640735
Wandsworth,9341,0.5694999
Wandsworth,9342,0.55753624
Wandsworth,9343,0.5720948
Wandsworth,9346,0.59808314
Wandsworth,97,0.35544148
Wandsworth,98,0.34862223
Wandsworth,BP1010,0.6231653
Wandsworth,BP1510,0.46812713
Wandsworth,BP1989,0.5564911
Wandsworth,BP1990,0.57768446
Wandsworth,BP2157,0.6153494
Wandsworth,BP2756,0.554594
Wandsworth,BP2926,0.39503092
Wandsworth,BP3480,0.54848605
Wandsworth,BP3481,0.57899857
Wandsworth,BP3587,0.58888644
Wandsworth,BP3791,0.580125
Wandsworth,BP3792,0.58210677
Wandsworth,BP3908,0.5772393
Wandsworth,BP4287,0.59956664
Wandsworth,BP4288,0.61137617
Wandsworth,BP4289,0.60908973
Wandsworth,BP4412,0.645701
Wandsworth,BP442,0.6288343
Wandsworth,BP4468,0.6244889
Wandsworth,BP4691,0.537306
Wandsworth,BP4991,0.54162705
Wandsworth,BP5015,0.5603892
Wandsworth,BP5016,0.5474834
Wandsworth,BP5017,0.5106357
Wandsworth,BP5018,0.55347145
Wandsworth,BP5176,0.2985883
Wandsworth,BP5177,0.29814458
Wandsworth,BP5220,0.59684926
Wandsworth,BP5242,0.58354706
Wandsworth,BP5292,0.5433576
Wandsworth,BP5293,0.4499601
Wandsworth,BP5353,0.5822276
Wandsworth,BP5405,0.6139457
Wandsworth,BP5424,0.51505774
Wandsworth,BP5442,0.48943
Wandsworth,BP5561,0.6277175
Wandsworth,BP5584,0.44891784
Wandsworth,BP5585,0.44649687
Wandsworth,BP5599,0.5556335
Wandsworth,BP5645,0.6276533
Wandsworth,BP5913,0.4065827
Wandsworth,BP6348,0.41496328
Wandsworth,BP6395,0.63800174
Wandsworth,BP6487,0.59455484
Wandsworth,BP818,0.5038174
Wandsworth,BP856,0.56111395
Wandsworth,LG08,0.44555172
Wandsworth,LG09,0.44588545
Wandsworth,LG10,0.47080794
Wandsworth,LG21,0.5097589
Wandsworth,LG22,0.51419324
Wandsworth,LG23,0.52684975
Wandsworth,LG24,0.52637804
Wandsworth,LG25,0.5613239
Wandsworth,LG26,0.52255845
Wandsworth,LG27,0.4926292
Wandsworth,LG28,0.41993928
Wandsworth,LG30,0.45338142
Wandsworth,LG31,0.44328836
Wandsworth,LG32,0.5724878
Wandsworth,LG33,0.57173914
Wandsworth,LG34,0.575762
Wandsworth,LG35,0.61326045
Wandsworth,LG36,0.6070004
Wandsworth,LG37,0.6084485
Wandsworth,LG38,0.6025533
Wandsworth,LG39,0.6056949
Wandsworth,LG40,0.59845287
Wandsworth,LG41,0.6182608
Wandsworth,LG42,0.6297336
Wandsworth,LG43,0.6228014
Wandsworth,LG44,0.6012193
Wandsworth,LG48,0.44841352
Wandsworth,LG53,0.51256657
Wandsworth,LG54,0.4765736
Wandsworth,LG57,0.5246962
Wandsworth,LG58,0.4993295
Wandsworth,LG61,0.5976009
Wandsworth,R0166,0.62875
Wandsworth,R0240,0.55362844
Wandsworth,R0275,0.5074826
Wandsworth,R0280,0.6613491
Wandsworth,R0418,0.61774135
Wandsworth,R0429,0.62860614
Wandsworth,R0435,0.4361944
Wandsworth,R0564,0.6248696
Wandsworth,R0575,0.6358951
Wandsworth,R0592,0.5836326
Wandsworth,R0728,0.58592707
Wandsworth,R0908,0.46799505
Wandsworth,W19,0.60768086
Wandsworth,W23,0.6060736
Wandsworth,W24,0.5873615
Wandsworth,W25,0.56220496
Wandsworth,17944,0.6755759
Wandsworth,17947,0.6234763
Wandsworth,18732,0.61087817
Wandsworth,25511,0.61888236
Wandsworth,25515,0.5302661
Wandsworth,25519,0.5308539
Wandsworth,29620,0.6043916
Wandsworth,34069,0.6576155
Wandsworth,36729,0.6567953
Wandsworth,8854,0.65550166
Wandsworth,BP4164,0.6873365
Wandsworth,BP4286,0.563566
Wandsworth,BP4290,0.55555445
Wandsworth,BP4291,0.5524542
Wandsworth,BP4292,0.5704488
Wandsworth,BP4293,0.59309006
Wandsworth,LG04,0.63130665
Westminster,1000,0.37305397
Westminster,1026,0.37572807
Westminster,1027,0.37569758
Westminster,10364,0.3880277
Westminster,1051,0.38059205
Westminster,1052,0.37018433
Westminster,1054,0.3635776
Westminster,107,0.37762967
Westminster,109,0.37087995
Westminster,1095,0.384721
Westminster,1096,0.38698262
Westminster,11220,0.34484532
Westminster,11221,0.34691685
Westminster,11222,0.36556605
Westminster,11223,0.3508848
Westminster,11321,0.37515983
Westminster,115,0.37421426
Westminster,11517,0.36027062
Westminster,11518,0.38414794
Westminster,11519,0.3816318
Westminster,11561,0.3724138
Westminster,11598,0.380299
Westminster,11607,0.37963504
Westminster,11663,0.37480533
Westminster,11666,0.38245386
Westminster,11670,0.39466643
Westminster,11671,0.37555024
Westminster,11682,0.37806216
Westminster,11688,0.365981
Westminster,11689,0.38012266
Westminster,11690,0.37848374
Westminster,11691,0.3752001
Westminster,11696,0.39084277
Westminster,11697,0.3817459
Westminster,11698,0.3844838
Westminster,11700,0.38644123
Westminster,11701,0.38015884
Westminster,11705,0.38170636
Westminster,11708,0.39061418
Westminster,11709,0.39187956
Westminster,11710,0.38278577
Westminster,11957,0.36593816
Westminster,11960,0.359264
Westminster,11962,0.3668977
Westminster,11963,0.36696014
Westminster,11965,0.36696646
Westminster,11968,0.37710586
Westminster,11969,0.37073642
Westminster,11971,0.35810217
Westminster,11981,0.38672185
Westminster,11982,0.3696893
Westminster,12037,0.36870512
Westminster,1261,0.3795872
Westminster,1263,0.3822174
Westminster,128,0.37972546
Westminster,13,0.37129846
Westminster,14,0.34688824
Westminster,14020,0.3803241
Westminster,143,0.3716852
Westminster,1436,0.3716558
Westminster,146,0.3363276
Westminster,14627,0.38588575
Westminster,14628,0.3331941
Westminster,14635,0.35264176
Westminster,14695,0.38503647
Westminster,14703,0.3759068
Westminster,14756,0.36358365
Westminster,148,0.3660869
Westminster,14973,0.35733807
Westminster,15192,0.31934962
Westminster,152,0.34897077
Westminster,154,0.31265685
Westminster,157,0.32110372
Westminster,15783,0.3436304
Westminster,1582,0.3522428
Westminster,1583,0.35465026
Westminster,1584,0.37731585
Westminster,1585,0.37055475
Westminster,1588,0.3417439
Westminster,1590,0.36585996
Westminster,1591,0.3641014
Westminster,1593,0.3756269
Westminster,1629,0.37797922
Westminster,1630,0.37932023
Westminster,1643,0.3635118
Westminster,1645,0.3674199
Westminster,165,0.3962215
Westminster,1655,0.4122397
Westminster,1658,0.4259566
Westminster,16972,0.39332014
Westminster,1741,0.3859033
Westminster,1742,0.3752634
Westminster,1743,0.37867647
Westminster,175,0.3348971
Westminster,17681,0.3401006
Westminster,17683,0.31251794
Westminster,177,0.3578349
Westminster,179,0.34228733
Westminster,180,0.3502428
Westminster,1803,0.38396156
Westminster,1804,0.3868241
Westminster,1853,0.34177968
Westminster,1945,0.4009926
Westminster,1948,0.40660748
Westminster,20179,0.3762014
Westminster,20434,0.3840784
Westminster,20438,0.34535512
Westminster,20462,0.3467542
Westminster,20472,0.38122284
Westminster,20619,0.38199863
Westminster,20976,0.37227115
Westminster,20983,0.33443224
Westminster,2193,0.37022185
Westminster,23782,0.3613258
Westminster,2418,0.37131563
Westminster,2419,0.37537166
Westminster,25145,0.34871754
Westminster,26112,0.39122733
Westminster,26338,0.4042985
Westminster,26597,0.3479844
Westminster,2727,0.3934771
Westminster,2736,0.36632848
Westminster,2737,0.36699438
Westminster,2738,0.37095824
Westminster,27512,0.36196843
Westminster,27706,0.3427656
Westminster,27945,0.3708046
Westminster,2829,0.37319368
Westminster,2870,0.38388497
Westminster,28747,0.37769824
Westminster,28972,0.35861912
Westminster,29296,0.35810468
Westminster,29318,0.36954147
Westminster,29319,0.37105688
Westminster,29320,0.37780014
Westminster,29321,0.37032655
Westminster,29396,0.3833775
Westminster,29397,0.39108843
Westminster,29626,0.3513556
Westminster,29632,0.3389448
Westminster,29652,0.3687148
Westminster,29684,0.38231343
Westminster,29796,0.3378001
Westminster,29797,0.34460202
Westminster,29807,0.35326195
Westminster,29867,0.31653252
Westminster,29907,0.35561386
Westminster,29976,0.3869475
Westminster,29977,0.39190686
Westminster,29990,0.30841908
Westminster,29991,0.30936083
Westminster,29997,0.32885036
Westminster,31,0.36520302
Westminster,31498,0.3803515
Westminster,3182,0.3475475
Westminster,3183,0.3607304
Westminster,3184,0.36635536
Westminster,3185,0.3621482
Westminster,3186,0.3822636
Westminster,32,0.36346242
Westminster,3234,0.3862858
Westminster,3238,0.37659782
Westminster,3249,0.3770267
Westminster,3251,0.36729965
Westminster,3253,0.3908513
Westminster,3254,0.39282733
Westminster,3256,0.3870754
Westminster,3257,0.37490982
Westminster,3259,0.40059605
Westminster,3260,0.40256128
Westminster,33,0.36134404
Westminster,33062,0.32881358
Westminster,33066,0.3637469
Westminster,332,0.3816028
Westminster,33283,0.37984475
Westminster,33284,0.37703508
Westminster,334,0.38694966
Westminster,33447,0.35797352
Westminster,33477,0.35259876
Westminster,33761,0.36846176
Westminster,34,0.36231753
Westminster,34006,0.33774304
Westminster,34142,0.3886238
Westminster,34143,0.38462433
Westminster,34145,0.38668558
Westminster,34160,0.36340806
Westminster,34383,0.3701491
Westminster,34384,0.37326965
Westminster,34553,0.31183878
Westminster,34554,0.3258027
Westminster,34716,0.30823737
Westminster,34717,0.30110046
Westminster,34798,0.39275175
Westminster,34799,0.38617438
Westminster,34800,0.37182993
Westminster,34801,0.3735547
Westminster,34802,0.36994457
Westminster,34828,0.30637574
Westminster,34846,0.321054
Westminster,34917,0.37416306
Westminster,34991,0.4041322
Westminster,34992,0.39718094
Westminster,34994,0.39340812
Westminster,351,0.40773988
Westminster,352,0.37422043
Westminster,35232,0.38988104
Westminster,35312,0.37727138
Westminster,35314,0.3576053
Westminster,35420,0.37495935
Westminster,35464,0.3810347
Westminster,35519,0.400003
Westminster,35730,0.3357635
Westminster,35904,0.37784016
Westminster,36599,0.3355628
Westminster,36760,0.32652918
Westminster,36792,0.43542922
Westminster,36806,0.37088308
Westminster,36857,0.38959473
Westminster,36886,0.37083605
Westminster,369,0.38049212
Westminster,37221,0.37789363
Westminster,37229,0.32783714
Westminster,37247,0.3666733
Westminster,37303,0.35758245
Westminster,37317,0.39105877
Westminster,37402,0.3655164
Westminster,37408,0.36494902
Westminster,37630,0.2938215
Westminster,37639,0.33784884
Westminster,37643,0.37439102
Westminster,37655,0.3792725
Westminster,37656,0.3724208
Westminster,37657,0.36979008
Westminster,37658,0.38256782
Westminster,37659,0.37524602
Westminster,449,0.34077293
Westminster,450,0.34697878
Westminster,4773,0.373125
Westminster,4774,0.3671086
Westminster,4775,0.3887936
Westminster,4789,0.364643
Westminster,4797,0.37507245
Westminster,4798,0.3776207
Westminster,48,0.3897912
Westminster,4803,0.34863833
Westminster,4804,0.37156418
Westminster,4900,0.389491
Westminster,4906,0.37615424
Westminster,50,0.3968275
Westminster,51,0.3883825
Westminster,536,0.3702491
Westminster,55,0.38373286
Westminster,56,0.37031358
Westminster,58,0.37315023
Westminster,610,0.4004649
Westminster,611,0.37807715
Westminster,621,0.3498748
Westminster,691,0.38433135
Westminster,70,0.3766937
Westminster,721,0.3633882
Westminster,723,0.35349166
Westminster,724,0.3510513
Westminster,725,0.35212028
Westminster,728,0.39017406
Westminster,730,0.3755179
Westminster,7814,0.40166727
Westminster,7815,0.3837303
Westminster,7816,0.3852159
Westminster,7817,0.35984164
Westminster,7819,0.37678608
Westminster,7823,0.36691388
Westminster,7824,0.37356198
Westminster,7825,0.38210794
Westminster,7827,0.4035076
Westminster,7832,0.37705424
Westminster,7833,0.37836385
Westminster,7835,0.3901027
Westminster,7838,0.39600474
Westminster,7840,0.38928083
Westminster,7842,0.39154068
Westminster,7851,0.3591505
Westminster,7852,0.3804003
Westminster,7853,0.3343241
Westminster,7861,0.37078103
Westminster,7863,0.38181186
Westminster,7864,0.38311616
Westminster,7867,0.36931166
Westminster,7869,0.3831466
Westminster,7871,0.4036981
Westminster,7982,0.38050333
Westminster,8276,0.43034816
Westminster,8279,0.3786053
Westminster,8287,0.43020648
Westminster,8395,0.39130992
Westminster,8396,0.38900322
Westminster,8407,0.4191938
Westminster,864,0.38116148
Westminster,91524,0.3805067
Westminster,9392,0.37739784
Westminster,9393,0.37803897
Westminster,9425,0.36794215
Westminster,96,0.37809542
Westminster,976,0.38772747
Westminster,9790,0.36873016
Westminster,9813,0.40211254
Westminster,988,0.3547819
Westminster,989,0.34573725
Westminster,99,0.31029034
Westminster,996,0.38343996
Westminster,BP112,0.3772572
Westminster,BP1402,0.37379023
Westminster,BP1638,0.37201145
Westminster,BP197,0.36937603
Westminster,BP211,0.37085152
Westminster,BP2164,0.36999375
Westminster,BP246,0.3639851
Westminster,BP2845,0.33090526
Westminster,BP3185,0.39734203
Westminster,BP3192,0.36326078
Westminster,BP3404,0.3616179
Westminster,BP3503,0.34004334
Westminster,BP3504,0.33664688
Westminster,BP3505,0.37262332
Westminster,BP3506,0.3698248
Westminster,BP3507,0.33969358
Westminster,BP3508,0.34039614
Westminster,BP3509,0.33906594
Westminster,BP3536,0.36574042
Westminster,BP3695,0.33277625
Westminster,BP3786,0.40221572
Westminster,BP3787,0.3781973
Westminster,BP3799,0.3834014
Westminster,BP4162,0.3660763
Westminster,BP4390,0.37563604
Westminster,BP4391,0.386907
Westminster,BP4392,0.40603307
Westminster,BP4393,0.3866281
Westminster,BP4407,0.3435981
Westminster,BP4490,0.39036807
Westminster,BP4857,0.37075135
Westminster,BP4940,0.38132328
Westminster,BP5323,0.36790168
Westminster,BP5380,0.37355703
Westminster,BP5458,0.35457158
Westminster,BP5568,0.37432137
Westminster,BP5626,0.37039787
Westminster,BP5663,0.37586993
Westminster,BP5664,0.37748933
Westminster,BP5939,0.31951427
Westminster,BP6251,0.36735186
Westminster,BP6280,0.38123888
Westminster,BP6316,0.37290514
Westminster,BP6325,0.34659687
Westminster,BP6326,0.36026168
Westminster,BP6328,0.374152
Westminster,BP6508,0.37492147
Westminster,BP6514,0.33773732
Westminster,BP6515,0.33484945
Westminster,BP6516,0.33338422
Westminster,BP6517,0.33452916
Westminster,R0158,0.40077502
Westminster,R0470,0.37459505
Westminster,R0471,0.36414534
Westminster,R0743,0.39871147
Westminster,W18,0.3699264
Westminster,11224,0.372932
Westminster,11692,0.37709755
Westminster,11693,0.37836793
Westminster,11711,0.36893946
Westminster,118,0.37233686
Westminster,150,0.31481174
Westminster,1644,0.3734852
Westminster,16573,0.31321123
Westminster,16574,0.31399122
Westminster,16575,0.32670775
Westminster,189,0.35086906
Westminster,2421,0.38165823
Westminster,29622,0.3557202
Westminster,29623,0.36453792
Westminster,29629,0.36405143
Westminster,3235,0.39211804
Westminster,3352,0.3725208
Westminster,3359,0.38682932
Westminster,3360,0.39689335
Westminster,33630,0.31743178
Westminster,33924,0.33622935
Westminster,34101,0.38627458
Westminster,34102,0.35804304
Westminster,34839,0.3657114
Westminster,34847,0.3173169
Westminster,35311,0.3789128
Westminster,36598,0.35577175
Westminster,36947,0.29225254
Westminster,370,0.30973002
Westminster,37122,0.30255887
Westminster,37405,0.3688035
Westminster,37642,0.30696082
Westminster,7820,0.3772011
Westminster,7831,0.39514738
Westminster,7839,0.3865611
Westminster,7849,0.3082926
Westminster,91,0.39343807
Westminster,9395,0.3772127
Westminster,9423,0.35987
Westminster,BP1698,0.32669836
Westminster,BP213,0.36791673
Westminster,BP214,0.3710367
Westminster,BP2168,0.2989273
Westminster,BP3406,0.35771143
Westminster,BP4875,0.37822655
Westminster,BP4876,0.37920997
Westminster,BP5158,0.36123526
Westminster,BP5379,0.31337294
Westminster,BP5840,0.31158578
Westminster,BP5929,0.3370528
Westminster,BP6270,0.38151944
Westminster,BP6437,0.3624289
Westminster,BP843,0.3682837
Westminster,R0072,0.3733291
