src,dst
7915,630
630,7915
630,633
633,630
633,636
636,633
636,12710
12710,636
12710,9064
9064,12710
9064,9902
9902,9064
9902,601
601,9902
601,8291
8291,601
8291,8208
8208,8291
8208,9122
9122,8208
9122,8304
8304,9122
8304,9615
9615,8304
9615,385
385,9615
385,17399
17399,385
17399,7236
7236,17399
7236,10975
10975,7236
10975,232
232,10975
232,11323
11323,232
11323,11322
11322,11323
11322,6226
6226,11322
6226,6749
6749,6226
6749,15541
15541,6749
15541,4220
4220,15541
4220,6448
6448,4220
6448,101
101,6448
101,6468
6468,101
6468,6641
6641,6468
6641,17547
17547,6641
17547,17537
17537,17547
17537,8765
8765,17537
8765,8766
8766,8765
8766,635
635,8766
635,17396
17396,635
17396,17416
17416,17396
17416,1202
1202,17416
1202,6636
6636,1202
6636,6638
6638,6636
6638,6640
6640,6638
6640,663
663,6640
663,664
664,663
664,1198
1198,664
1198,8372
8372,1198
8372,8373
8373,8372
8373,5697
5697,8373
5697,12999
12999,5697
13000,6442
6442,13000
6442,10023
10023,6442
10023,1210
1210,10023
1210,13013
13013,1210
13013,1199
1199,13013
1199,665
665,1199
665,1205
1205,665
1205,6639
6639,1205
6639,6637
6637,6639
6637,1203
1203,6637
1203,17417
17417,1203
17417,345
345,17417
345,652
652,345
652,10331
10331,652
10331,8764
8764,10331
8764,17536
17536,8764
17536,17589
17589,17536
17589,13878
13878,17589
13878,6460
6460,13878
6460,102
102,6460
102,12433
12433,102
12433,6426
6426,12433
6426,9625
9625,6426
9625,9513
9513,9625
9513,5593
5593,9513
5593,10401
10401,5593
10401,17858
17858,10401
17858,7512
7512,17858
7512,17939
17939,7512
17939,17702
17702,17939
17702,11274
11274,17702
11274,10871
10871,11274
10871,865
865,10871
865,8133
8133,865
8133,8407
8407,8133
8407,9795
9795,8407
9795,9791
9791,9795
9791,9792
9792,9791
9792,634
634,9792
634,632
632,634
632,631
631,632
631,9087
9087,631
9087,9889
9889,9087
12681,15363
15363,12681
15363,7860
7860,15363
7860,6857
6857,7860
6857,7273
7273,6857
7273,7908
7908,7273
7908,7777
7777,7908
7777,7953
7953,7777
7953,9614
9614,7953
9614,7403
7403,9614
7403,17150
17150,7403
17150,6557
6557,17150
6557,6705
6705,6557
6705,4885
4885,6705
4885,7945
7945,4885
7945,14312
14312,7945
14312,878
878,14312
878,10599
10599,878
10599,6706
6706,10599
6706,5934
5934,6706
5934,10488
10488,5934
10488,882
882,10488
882,883
883,882
883,14202
14202,883
14202,12551
12551,14202
12551,5810
5810,12551
5810,8975
8975,5810
8975,1028
1028,8975
1028,10427
10427,1028
10427,6285
6285,10427
6285,6287
6287,6285
6287,6289
6289,6287
6289,6291
6291,6289
6291,6292
6292,6291
6292,6294
6294,6292
6294,11029
11029,6294
11029,1039
1039,11029
1039,1040
1040,1039
1040,11693
11693,1040
11693,8957
8957,11693
8957,9769
9769,8957
9769,1076
1076,9769
1076,6694
6694,1076
6694,6696
6696,6694
6696,6737
6737,6696
6737,9182
9182,6737
9182,9183
9183,9182
9183,17175
17175,9183
17175,6290
6290,17175
6290,6288
6288,6290
6288,6286
6286,6288
6286,6284
6284,6286
6284,1027
1027,6284
1027,14270
14270,1027
14270,7605
7605,14270
7605,5771
5771,7605
5771,10139
10139,5771
10139,6707
6707,10139
6707,881
881,6707
881,10472
10472,881
10472,13056
13056,10472
13056,880
880,13056
880,879
879,880
879,10592
10592,879
10592,9634
9634,10592
9634,7944
7944,9634
7944,9105
9105,7944
9105,4883
4883,9105
4883,15415
15415,4883
15415,8371
8371,15415
8371,11116
11116,8371
11116,10455
10455,11116
10455,17563
17563,10455
17563,17564
17564,17563
17564,17565
17565,17564
17565,10257
10257,17565
10257,7858
7858,10257
7858,7859
7859,7858
7859,12273
12273,7859
8108,1725
1725,8108
1725,5369
5369,1725
5369,11057
11057,5369
11057,1602
1602,11057
1602,17890
17890,1602
17890,11252
11252,17890
11252,10993
10993,11252
10993,5877
5877,10993
5877,6941
6941,5877
6941,9959
9959,6941
9959,6939
6939,9959
6939,10385
10385,6939
10385,6742
6742,10385
6742,10273
10273,6742
10273,5881
5881,10273
5881,10381
10381,5881
10381,5883
5883,10381
5883,5869
5869,5883
5869,5810
5810,5869
5810,14963
14963,5810
14963,1028
1028,14963
10427,17181
17181,10427
17181,1029
1029,17181
1029,1032
1032,1029
1032,10183
10183,1032
10183,6697
6697,10183
6697,1047
1047,6697
1047,1049
1049,1047
1049,1051
1051,1049
1051,1449
1449,1051
1449,1092
1092,1449
1092,1093
1093,1092
1093,1096
1096,1093
1096,1098
1098,1096
1098,1100
1100,1098
1100,1101
1101,1100
1101,1103
1103,1101
1103,6629
6629,1103
6629,1105
1105,6629
1105,13472
13472,1105
13017,13016
13016,13017
13016,1104
1104,13016
1104,6621
6621,1104
6621,17178
17178,6621
17178,1102
1102,17178
1102,1099
1099,1102
1099,1097
1097,1099
1097,1095
1095,1097
1095,1094
1094,1095
1094,1091
1091,1094
1091,1448
1448,1091
1448,1050
1050,1448
1050,1048
1048,1050
1048,1046
1046,1048
1046,1045
1045,1046
1045,14950
14950,1045
14950,10185
10185,14950
10185,1031
1031,10185
1031,7986
7986,1031
7986,6708
6708,7986
6708,1027
1027,6708
14270,5923
5923,14270
5923,1566
1566,5923
1566,5852
5852,1566
5852,5882
5882,5852
5882,10380
10380,5882
10380,5880
5880,10380
5880,13002
13002,5880
13002,10265
10265,13002
10265,10474
10474,10265
10474,6938
6938,10474
6938,9956
9956,6938
9956,6791
6791,9956
6791,6940
6940,6791
6940,6942
6942,6940
6942,8157
8157,6942
8157,11253
11253,8157
11253,17524
17524,11253
17524,11058
11058,17524
11058,11056
11056,11058
11056,5383
5383,11056
5383,11067
11067,5383
11067,8108
8108,11067
15201,8879
8879,15201
8879,8878
8878,8879
8878,9072
9072,8878
9072,9071
9071,9072
9071,9067
9067,9071
9067,9593
9593,9067
9593,8797
8797,9593
8797,8795
8795,8797
8795,8794
8794,8795
8794,8792
8792,8794
8792,17415
17415,8792
17415,950
950,17415
950,8650
8650,950
8650,14267
14267,8650
14267,16952
16952,14267
16952,9942
9942,16952
9942,1769
1769,9942
1769,1771
1771,1769
1771,2141
2141,1771
2141,1773
1773,2141
1773,1775
1775,1773
1775,11597
11597,1775
11597,440
440,11597
440,11128
11128,440
11128,8206
8206,11128
8206,7831
7831,8206
7831,11934
11934,7831
11934,17626
17626,11934
17626,17621
17621,17626
17621,11288
11288,17621
11288,11290
11290,11288
11290,11292
11292,11290
11292,11295
11295,11292
11295,11296
11296,11295
11296,11298
11298,11296
11298,5757
5757,11298
5757,11343
11343,5757
11343,11364
11364,11343
11364,8345
8345,11364
8345,14327
14327,8345
14327,13296
13296,14327
13295,14326
14326,13295
14326,8525
8525,14326
8525,14979
14979,8525
14979,11342
11342,14979
11342,5758
5758,11342
5758,11297
11297,5758
11297,11294
11294,11297
11294,11291
11291,11294
11291,11289
11289,11291
11289,9926
9926,11289
9926,6006
6006,9926
6006,11935
11935,6006
11935,7857
7857,11935
7857,6792
6792,7857
6792,2
2,6792
2,438
438,2
438,1777
1777,438
1777,1776
1776,1777
1776,1774
1774,1776
1774,13553
13553,1774
13553,1772
1772,13553
1772,1770
1770,1772
1770,5439
5439,1770
5439,14024
14024,5439
14024,9109
9109,14024
9109,8309
8309,9109
8309,8310
8310,8309
8310,9592
9592,8310
9592,8066
8066,9592
8066,8791
8791,8066
8791,8793
8793,8791
8793,8796
8796,8793
8796,8798
8798,8796
8798,9070
9070,8798
9070,13647
13647,9070
13647,12591
12591,13647
12591,9069
9069,12591
9069,8877
8877,9069
8877,8880
8880,8877
8880,8831
8831,8880
8674,14574
14574,8674
14574,17246
17246,14574
17246,17252
17252,17246
17252,17087
17087,17252
17087,17488
17488,17087
17488,11497
11497,17488
11497,4219
4219,11497
4219,4217
4217,4219
4217,4815
4815,4217
4815,11814
11814,4815
11814,14957
14957,11814
14957,4190
4190,14957
4190,16610
16610,4190
16610,2140
2140,16610
2140,2138
2138,2140
2138,5625
5625,2138
5625,2137
2137,5625
2137,2136
2136,2137
2136,17606
17606,2136
17606,2134
2134,17606
2134,2132
2132,2134
2132,6719
6719,2132
6719,668
668,6719
668,2129
2129,668
2129,11774
11774,2129
11774,15056
15056,11774
15056,17917
17917,15056
17917,4681
4681,17917
4681,4666
4666,4681
4666,4653
4653,4666
4653,4622
4622,4653
4622,10923
10923,4622
10923,4606
4606,10923
4606,4591
4591,4606
4591,17502
17502,4591
17502,10974
10974,17502
10974,4523
4523,10974
4523,10450
10450,4523
10450,13908
13908,10450
13908,4483
4483,13908
4483,15568
15568,4483
15568,5527
5527,15568
5527,11226
11226,5527
11225,17066
17066,11225
17066,4494
4494,17066
4494,4512
4512,4494
4512,10451
10451,4512
10451,4530
4530,10451
4530,17655
17655,4530
17655,17499
17499,17655
17499,13907
13907,17499
13907,610
610,13907
610,4583
4583,610
4583,4598
4598,4583
4598,4616
4616,4598
4616,5526
5526,4616
5526,15638
15638,5526
15638,4631
4631,15638
4631,2848
2848,4631
2848,4677
4677,2848
4677,17682
17682,4677
17682,7849
7849,17682
7849,2128
2128,7849
2128,2130
2130,2128
2130,667
667,2130
667,6720
6720,667
6720,2131
2131,6720
2131,2133
2133,2131
2133,11039
11039,2133
11039,17568
17568,11039
17568,2135
2135,17568
2135,2085
2085,2135
2085,1720
1720,2085
1720,2139
2139,1720
2139,2142
2142,2139
2142,2143
2143,2142
2143,4198
4198,2143
4198,11975
11975,4198
11975,11813
11813,11975
11813,4816
4816,11813
4816,4218
4218,4816
4218,4221
4221,4218
4221,17712
17712,4221
17712,17489
17489,17712
17489,4180
4180,17489
4180,17285
17285,4180
17285,14260
14260,17285
14260,8685
8685,14260
7032,14515
14515,7032
14515,14429
14429,14515
14429,14578
14578,14429
14578,516
516,14578
516,514
514,516
514,512
512,514
512,11031
11031,512
11031,511
511,11031
511,10134
10134,511
10134,11309
11309,10134
11309,510
510,11309
510,17161
17161,510
17161,9001
9001,17161
9001,505
505,9001
505,10412
10412,505
10412,10473
10473,10412
10473,560
560,10473
560,17405
17405,560
17405,4034
4034,17405
4034,9595
9595,4034
9595,8712
8712,9595
8712,462
462,8712
462,10515
10515,462
10515,10410
10410,10515
10410,2438
2438,10410
2438,10658
10658,2438
10658,7908
7908,10658
7403,8386
8386,7403
17565,1321
1321,17565
1321,2446
2446,1321
2446,7474
7474,2446
7474,957
957,7474
957,9833
9833,957
9833,548
548,9833
548,5874
5874,548
5874,11795
11795,5874
11795,4043
4043,11795
4043,562
562,4043
562,559
559,562
559,10471
10471,559
10471,9003
9003,10471
9003,9002
9002,9003
9002,15755
15755,9002
15755,509
509,15755
509,558
558,509
558,11308
11308,558
11308,10227
10227,11308
10227,8682
8682,10227
8682,11030
11030,8682
11030,513
513,11030
513,515
515,513
515,14430
14430,515
14430,14431
14431,14430
14431,7033
7033,14431
7033,7031
7031,7033
7031,8725
8725,7031
13021,5615
5615,13021
5615,6793
6793,5615
6793,498
498,6793
498,496
496,498
496,493
493,496
493,9590
9590,493
9590,1932
1932,9590
1932,6789
6789,1932
6789,490
490,6789
490,488
488,490
488,6157
6157,488
6157,11707
11707,6157
11707,477
477,11707
477,475
475,477
475,552
552,475
552,17404
17404,552
17404,767
767,17404
767,546
546,767
546,3215
3215,546
3215,9161
9161,3215
9161,7670
7670,9161
7670,1324
1324,7670
1324,543
543,1324
543,10520
10520,543
10520,2438
2438,10520
10658,3780
3780,10658
3780,3619
3619,3780
3619,8885
8885,3619
17590,3941
3941,17590
3941,1321
1321,3941
1321,9243
9243,1321
9243,8302
8302,9243
8302,8303
8303,8302
8303,544
544,8303
544,7669
7669,544
7669,545
545,7669
545,8702
8702,545
8702,3558
3558,8702
3558,768
768,3558
768,17403
17403,768
17403,553
553,17403
553,476
476,553
476,478
478,476
478,11708
11708,478
11708,487
487,11708
487,489
489,487
489,1933
1933,489
1933,12510
12510,1933
12510,6788
6788,12510
6788,1931
1931,6788
1931,13310
13310,1931
13310,3501
3501,13310
3501,17402
17402,3501
17402,494
494,17402
494,497
497,494
497,499
499,497
499,6794
6794,499
6794,5614
5614,6794
5614,13020
13020,5614
9006,17715
17715,9006
17715,4026
4026,17715
4026,227
227,4026
227,4068
4068,227
4068,10744
10744,4068
10744,4029
4029,10744
4029,11728
11728,4029
11728,4067
4067,11728
4067,5762
5762,4067
5762,10337
10337,5762
10337,12612
12612,10337
12612,3200
3200,12612
3200,4065
4065,3200
4065,4062
4062,4065
4062,5546
5546,4062
5546,13027
13027,5546
13027,5640
5640,13027
5640,12406
12406,5640
12406,11350
11350,12406
11350,11347
11347,11350
11347,13660
13660,11347
13660,491
491,13660
491,11355
11355,491
11355,5249
5249,11355
5249,11318
11318,5249
11318,1624
1624,11318
1624,107
107,1624
107,12232
12232,107
12232,14595
14595,12232
1481,7889
7889,1481
7889,8214
8214,7889
8214,11316
11316,8214
11316,1616
1616,11316
1616,5462
5462,1616
5462,5243
5243,5462
5243,495
495,5243
495,11361
11361,495
11361,14979
14979,11361
14979,14971
14971,14979
14971,76
76,14971
76,11349
11349,76
11349,12405
12405,11349
12405,11017
11017,12405
11017,5639
5639,11017
5639,4061
4061,5639
4061,10335
10335,4061
10335,4064
4064,10335
4064,3191
3191,4064
3191,10336
10336,3191
10336,7827
7827,10336
7827,5763
5763,7827
5763,4066
4066,5763
4066,17071
17071,4066
17071,9152
9152,17071
9152,9153
9153,9152
9153,9151
9151,9153
9151,228
228,9151
228,17714
17714,228
17714,5458
5458,17714
15539,1568
1568,15539
1568,11065
11065,1568
11065,9340
9340,11065
9340,13708
13708,9340
13708,3763
3763,13708
3763,8963
8963,3763
8963,8964
8964,8963
8964,1855
1855,8964
1855,11847
11847,1855
11847,119
119,11847
119,17784
17784,119
17784,298
298,17784
298,300
300,298
300,451
451,300
451,17584
17584,451
17584,17407
17407,17584
17407,603
603,17407
603,1579
1579,603
1579,7151
7151,1579
7151,765
765,7151
765,285
285,765
285,7328
7328,285
7328,1580
1580,7328
1580,7969
7969,1580
7969,10359
10359,7969
10359,14662
14662,10359
14662,17316
17316,14662
17317,10900
10900,17317
10900,9464
9464,10900
9464,11002
11002,9464
11002,12415
12415,11002
12415,9144
9144,12415
9144,5443
5443,9144
5443,7150
7150,5443
7150,2545
2545,7150
2545,2546
2546,2545
2546,11377
11377,2546
11377,17395
17395,11377
17395,17600
17600,17395
17600,299
299,17600
299,297
297,299
297,17601
17601,297
17601,11750
11750,17601
11750,6005
6005,11750
6005,11861
11861,6005
11861,17632
17632,11861
17632,17637
17637,17632
17637,7892
7892,17637
7892,13710
13710,7892
13710,13706
13706,13710
13706,11066
11066,13706
11066,5621
5621,11066
1530,1565
1565,1530
1565,328
328,1565
328,4077
4077,328
4077,9903
9903,4077
9903,352
352,9903
352,1496
1496,352
1496,9425
9425,1496
9425,350
350,9425
350,2291
2291,350
2291,4141
4141,2291
4141,347
347,4141
347,5609
5609,347
5609,16984
16984,5609
16984,11676
11676,16984
11676,17612
17612,11676
17612,17697
17697,17612
17697,9187
9187,17697
9187,9188
9188,9187
9188,1725
1725,9188
5369,11068
11068,5369
11068,5242
5242,11068
5242,13654
13654,5242
13654,6968
6968,13654
6968,9896
9896,6968
13693,8363
8363,13693
8363,10390
10390,8363
10390,6786
6786,10390
6786,14419
14419,6786
14419,864
864,14419
864,11069
11069,864
11069,5383
5383,11069
11067,11048
11048,11067
11048,11049
11049,11048
11049,17716
17716,11049
17716,11675
11675,17716
11675,11475
11475,11675
11475,9623
9623,11475
9623,5998
5998,9623
5998,348
348,5998
348,349
349,348
349,351
351,349
351,1483
1483,351
1483,353
353,1483
353,4082
4082,353
4082,329
329,4082
329,1558
1558,329
1558,17021
17021,1558
8200,17456
17456,8200
17456,17427
17427,17456
17427,2266
2266,17427
2266,13709
13709,2266
13709,1629
1629,13709
1629,17149
17149,1629
17149,0
0,17149
0,6968
6968,0
6968,10389
10389,6968
10389,6943
6943,10389
6943,7861
7861,6943
7861,8220
8220,7861
8220,10369
10369,8220
10369,5984
5984,10369
5984,6565
6565,5984
6565,6594
6594,6565
6594,8847
8847,6594
8847,6929
6929,8847
6929,4958
4958,6929
4958,6710
6710,4958
6710,10494
10494,6710
10494,4979
4979,10494
4979,7431
7431,4979
7431,8367
8367,7431
8367,8369
8369,8367
8369,1261
1261,8369
1261,3415
3415,1261
3415,1713
1713,3415
1713,11700
11700,1713
11700,1229
1229,11700
1229,1228
1228,1229
1228,16977
16977,1228
16977,1225
1225,16977
1225,15196
15196,1225
1224,16978
16978,1224
16978,1226
1226,16978
1226,1227
1227,1226
1227,1230
1230,1227
1230,11701
11701,1230
11701,1709
1709,11701
1709,3424
3424,1709
3424,1262
1262,3424
1262,1260
1260,1262
1260,8379
8379,1260
8379,4968
4968,8379
4968,10495
10495,4968
10495,110
110,10495
110,4948
4948,110
4948,6748
6748,4948
6748,13648
13648,6748
13648,13767
13767,13648
13767,6584
6584,13767
6584,6574
6574,6584
6574,10841
10841,6574
10841,5985
5985,10841
5985,5983
5983,5985
5983,6529
6529,5983
6529,6530
6530,6529
6530,8444
8444,6530
8444,8447
8447,8444
8447,6293
6293,8447
6293,10480
10480,6293
10480,10388
10388,10480
10388,6786
6786,10388
6786,11906
11906,6786
11906,11070
11070,11906
11070,13704
13704,11070
13704,2045
2045,13704
2045,17861
17861,2045
17861,17635
17635,17861
17635,17742
17742,17635
17742,9566
9566,17742
16765,10615
10615,16765
10615,10613
10613,10615
10613,10610
10610,10613
10610,7205
7205,10610
7205,7219
7219,7205
7219,2246
2246,7219
2246,5766
5766,2246
5766,10607
10607,5766
10607,10605
10605,10607
10605,7262
7262,10605
7262,7428
7428,7262
7428,10602
10602,7428
10602,5768
5768,10602
5768,10600
10600,5768
10600,7432
7432,10600
7432,7269
7269,7432
7269,10598
10598,7269
10598,10596
10596,10598
10596,10594
10594,10596
10594,11016
11016,10594
11016,11647
11647,11016
11647,1570
1570,11647
1570,616
616,1570
616,1214
1214,616
1214,9920
9920,1214
9920,555
555,9920
555,618
618,555
618,671
671,618
671,619
619,671
619,1062
1062,619
1062,8540
8540,1062
8540,8925
8925,8540
8925,621
621,8925
621,39
39,621
39,5694
5694,39
5694,10415
10415,5694
10415,7109
7109,10415
7109,362
362,7109
362,105
105,362
105,10407
10407,105
10407,7860
7860,10407
17565,10414
10414,17565
10414,10252
10252,10414
10252,15419
15419,10252
15419,10965
10965,15419
10965,15420
15420,10965
15420,15421
15421,15420
15421,104
104,15421
104,7113
7113,104
7113,10967
10967,7113
10967,1457
1457,10967
1457,36
36,1457
36,591
591,36
591,620
620,591
620,8614
8614,620
8614,14456
14456,8614
14456,2653
2653,14456
2653,669
669,2653
669,617
617,669
617,506
506,617
506,1190
1190,506
1190,1578
1578,1190
1578,600
600,1578
600,10370
10370,600
10370,10595
10595,10370
10595,10597
10597,10595
10597,7277
7277,10597
7277,7272
7272,7277
7272,7433
7433,7272
7433,10601
10601,7433
10601,5767
5767,10601
5767,10603
10603,5767
10603,7268
7268,10603
7268,10604
10604,7268
10604,10606
10606,10604
10606,10609
10609,10606
10609,7255
7255,10609
7255,7247
7247,7255
7247,7239
7239,7247
7239,7228
7228,7239
7228,7211
7211,7228
7211,10611
10611,7211
10611,10614
10614,10611
10614,10616
10616,10614
10616,14351
14351,10616
14538,9198
9198,14538
9198,3708
3708,9198
3708,14370
14370,3708
14370,10438
10438,14370
10438,260
260,10438
260,7775
7775,260
7775,666
666,7775
666,11455
11455,666
11455,305
305,11455
305,234
234,305
234,303
303,234
303,233
233,303
233,11626
11626,233
11626,1517
1517,11626
1517,577
577,1517
577,301
301,577
301,270
270,301
270,113
113,270
113,17394
17394,113
17394,17390
17390,17394
17390,116
116,17390
116,17393
17393,116
17393,17391
17391,17393
17391,17581
17581,17391
17581,3192
3192,17581
3192,281
281,3192
281,9859
9859,281
9859,17625
17625,9859
17625,5645
5645,17625
5645,11750
11750,5645
11750,11854
11854,11750
11854,11861
11861,11854
17637,11064
11064,17637
11064,7789
7789,11064
7789,9933
9933,7789
9933,12549
12549,9933
12549,8596
8596,12549
8596,12548
12548,8596
12548,9934
9934,12548
9934,14775
14775,9934
14775,16980
16980,14775
16980,106
106,16980
106,9821
9821,106
9821,8963
8963,9821
11847,10456
10456,11847
10456,5658
5658,10456
5658,280
280,5658
280,282
282,280
282,14829
14829,282
14829,126
126,14829
126,17397
17397,126
17397,120
120,17397
120,15576
15576,120
15576,357
357,15576
357,115
115,357
115,358
358,115
358,302
302,358
302,1525
1525,302
1525,11627
11627,1525
11627,304
304,11627
304,235
235,304
235,306
306,235
306,13307
13307,306
13307,5543
5543,13307
5543,17562
17562,5543
17562,261
261,17562
261,8979
8979,261
8979,3709
3709,8979
3709,14634
14634,3709
14272,14865
14865,14272
14865,11375
11375,14865
11375,4442
4442,11375
4442,11374
11374,4442
11374,17896
17896,11374
17896,17710
17710,17896
17710,3201
3201,17710
3201,17491
17491,3201
17491,11980
11980,17491
11980,11440
11440,11980
11440,4400
4400,11440
4400,11410
11410,4400
11410,11399
11399,11410
11399,4391
4391,11399
4391,11387
11387,4391
11387,5354
5354,11387
5354,14753
14753,5354
14753,8476
8476,14753
8476,11360
11360,8476
11360,8744
8744,11360
8744,14444
14444,8744
14444,14445
14445,14444
14445,11345
11345,14445
11345,465
465,11345
465,11359
11359,465
11359,11354
11354,11359
11354,8087
8087,11354
8087,5378
5378,8087
5378,15538
15538,5378
15538,15540
15540,15538
15540,1568
1568,15540
13707,11066
11066,13707
11066,1569
1569,11066
1569,5372
5372,1569
5372,8086
8086,5372
8086,11779
11779,8086
11779,1506
1506,11779
1506,11365
11365,1506
11365,11344
11344,11365
11344,11346
11346,11344
11346,8742
8742,11346
8742,9315
9315,8742
9315,8743
8743,9315
8743,7781
7781,8743
7781,10419
10419,7781
10419,4392
4392,10419
4392,11417
11417,4392
11417,4403
4403,11417
4403,11433
11433,4403
11433,11445
11445,11433
11445,17494
17494,11445
17494,17495
17495,17494
17495,17897
17897,17495
17897,17932
17932,17897
17932,4433
4433,17932
4433,11376
11376,4433
11376,8738
8738,11376
8738,8737
8737,8738
8737,14264
14264,8737
9839,9851
9851,9839
9851,1673
1673,9851
1673,2958
2958,1673
2958,9869
9869,2958
9869,9033
9033,9869
9033,3239
3239,9033
3239,3237
3237,3239
3237,3235
3235,3237
3235,1407
1407,3235
1407,3233
3233,1407
3233,3229
3229,3233
3229,15667
15667,3229
15667,7819
7819,15667
7819,10883
10883,7819
10883,7800
7800,10883
7800,17279
17279,7800
17279,7128
7128,17279
7128,13959
13959,7128
13959,10462
10462,13959
10462,13713
13713,10462
13713,10463
10463,13713
10463,10464
10464,10463
10464,12455
12455,10464
12455,10465
10465,12455
10465,5506
5506,10465
5506,2828
2828,5506
2828,12261
12261,2828
12261,492
492,12261
492,464
464,492
464,5457
5457,464
5457,15378
15378,5457
15378,463
463,15378
463,10411
10411,463
10411,8712
8712,10411
10515,10403
10403,10515
10403,7165
7165,10403
7165,15016
15016,7165
15016,7670
7670,15016
543,957
957,543
5874,549
549,5874
549,10489
10489,549
10489,550
550,10489
550,551
551,550
551,14712
14712,551
14712,9635
9635,14712
9635,1450
1450,9635
1450,2694
2694,1450
2694,10458
10458,2694
10458,10457
10457,10458
10457,10459
10459,10457
10459,508
508,10459
508,7954
7954,508
7954,10460
10460,7954
10460,10461
10461,10460
10461,8096
8096,10461
8096,7794
7794,8096
7794,7811
7811,7794
7811,10571
10571,7811
10571,5564
5564,10571
5564,3230
3230,5564
3230,3231
3231,3230
3231,3234
3234,3231
3234,17463
17463,3234
17463,3236
3236,17463
3236,3238
3238,3236
3238,8982
8982,3238
8982,6156
6156,8982
6156,15710
15710,6156
15710,9839
9839,15710
13048,11832
11832,13048
11832,11831
11831,11832
11831,11781
11781,11831
11781,11828
11828,11781
11828,11827
11827,11828
11827,11825
11825,11827
11825,11823
11823,11825
11823,11822
11822,11823
11822,11821
11821,11822
11821,11818
11818,11821
11818,6995
6995,11818
6995,11815
11815,6995
11815,7329
7329,11815
7329,7906
7906,7329
7906,17406
17406,7906
17406,138
138,17406
138,11315
11315,138
11315,11314
11314,11315
11314,13426
13426,11314
13426,11552
11552,13426
11552,11352
11352,11552
11352,11353
11353,11352
11353,1506
1506,11353
11346,12270
12270,11346
12270,15024
15024,12270
15024,11794
11794,15024
11794,5641
5641,11794
5641,11345
11345,5641
11359,5395
5395,11359
5395,11351
11351,5395
11351,7326
7326,11351
7326,1318
1318,7326
1318,137
137,1318
137,17653
17653,137
17653,17701
17701,17653
17701,731
731,17701
731,4545
4545,731
4545,12705
12705,4545
12705,11816
11816,12705
11816,11817
11817,11816
11817,11819
11819,11817
11819,11820
11820,11819
11820,11032
11032,11820
11032,11824
11824,11032
11824,11826
11826,11824
11826,8316
8316,11826
8316,8315
8315,8316
8315,8314
8314,8315
8314,931
931,8314
931,8318
8318,931
8318,11829
11829,8318
11829,11830
11830,11829
11830,365
365,11830
365,11833
11833,365
11833,12930
12930,11833
12930,15200
15200,12930
7438,7439
7439,7438
7439,7440
7440,7439
7440,8151
8151,7440
8151,1716
1716,8151
1716,674
674,1716
674,8150
8150,674
8150,8147
8147,8150
8147,7441
7441,8147
7441,8146
8146,7441
8146,7443
7443,8146
7443,7663
7663,7443
7663,7447
7447,7663
7447,7448
7448,7447
7448,7450
7450,7448
7450,7451
7451,7450
7451,7454
7454,7451
7454,10562
10562,7454
10562,8261
8261,10562
8261,8119
8119,8261
8119,10361
10361,8119
10361,1306
1306,10361
1306,8144
8144,1306
8144,7456
7456,8144
7456,8141
8141,7456
8141,2475
2475,8141
2475,8140
8140,2475
8140,10608
10608,8140
10608,8137
8137,10608
8137,8248
8248,8137
8248,8136
8136,8248
8136,7071
7071,8136
7071,213
213,7071
213,7457
7457,213
7457,8701
8701,7457
8701,8132
8132,8701
8132,10402
10402,8132
10402,14810
14810,10402
14810,2391
2391,14810
2391,10962
10962,2391
10962,10963
10963,10962
10963,2383
2383,10963
2383,11248
11248,2383
11248,11271
11271,11248
11271,8415
8415,11271
8415,10888
10888,8415
10888,17743
17743,10888
17624,17516
17516,17624
17516,17674
17674,17516
17674,17862
17862,17674
17862,17657
17657,17862
17657,9588
9588,17657
9588,7473
7473,9588
7473,2373
2373,7473
2373,10964
10964,2373
10964,7492
7492,10964
7492,2398
2398,7492
2398,8513
8513,2398
8513,12839
12839,8513
12839,10403
10403,12839
7165,8134
8134,7165
8134,8700
8700,8134
8700,205
205,8700
205,8135
8135,205
8135,10404
10404,8135
10404,8138
8138,10404
8138,10612
10612,8138
10612,8139
8139,10612
8139,2955
2955,8139
2955,8142
8142,2955
8142,8143
8143,8142
8143,8145
8145,8143
8145,1312
1312,8145
1312,10360
10360,1312
10360,8120
8120,10360
8120,1259
1259,8120
1259,4135
4135,1259
4135,9048
9048,4135
9048,7455
7455,9048
7455,7453
7453,7455
7453,6105
6105,7453
6105,2704
2704,6105
2704,7444
7444,2704
7444,17047
17047,7444
17047,7442
7442,17047
7442,8148
8148,7442
8148,8149
8149,8148
8149,7717
7717,8149
7717,4862
4862,7717
4862,8152
8152,4862
8152,1461
1461,8152
1461,7436
7436,1461
7436,15058
15058,7436
11934,17627
17627,11934
17627,7799
7799,17627
7799,91
91,7799
91,4025
4025,91
4025,10632
10632,4025
10632,6644
6644,10632
6644,16975
16975,6644
16975,1595
1595,16975
1595,14925
14925,1595
14925,14926
14926,14925
14926,9097
9097,14926
9097,16980
16980,9097
11847,186
186,11847
186,5557
5557,186
5557,457
457,5557
457,9963
9963,457
9963,11477
11477,9963
11477,9623
9623,11477
351,1503
1503,351
1503,356
356,1503
356,922
922,356
919,354
354,919
354,1505
1505,354
1505,9425
9425,1505
5609,9892
9892,5609
9892,11116
11116,9892
10455,11854
11854,10455
7789,15693
15693,7789
15693,7889
7889,15693
7889,11810
11810,7889
11810,8207
8207,11810
8207,5178
5178,8207
5178,5033
5033,5178
5033,5484
5484,5033
5484,4020
4020,5484
4020,1416
1416,4020
1416,94
94,1416
94,28
28,94
28,6006
6006,28
5439,16950
16950,5439
14285,445
445,14285
445,11103
11103,445
11103,11105
11105,11103
11105,99
99,11105
99,1427
1427,99
1427,1429
1429,1427
1429,1430
1430,1429
1430,1433
1433,1430
1433,1434
1434,1433
1434,1436
1436,1434
1436,1439
1439,1436
1439,1441
1441,1439
1441,7636
7636,1441
7636,7650
7650,7636
7650,3904
3904,7650
3904,3983
3983,3904
3983,1984
1984,3983
1984,10184
10184,1984
10184,1981
1981,10184
1981,1977
1977,1981
1977,2148
2148,1977
2148,2147
2147,2148
2145,9550
9550,2145
9550,1979
1979,9550
1979,1980
1980,1979
1980,1982
1982,1980
1982,17154
17154,1982
17154,3982
3982,17154
3982,3980
3980,3982
3980,7641
7641,3980
7641,8855
8855,7641
8855,1440
1440,8855
1440,1437
1437,1440
1437,1435
1435,1437
1435,15385
15385,1435
15385,1432
1432,15385
1432,1428
1428,1432
1428,8806
8806,1428
8806,11108
11108,8806
11108,11106
11106,11108
11106,11104
11104,11106
11104,11102
11102,11104
11102,14283
14283,11102
12064,6691
6691,12064
6691,5142
5142,6691
5142,10340
10340,5142
10340,5094
5094,10340
5094,6922
6922,5094
6922,6923
6923,6922
6923,7479
7479,6923
7479,6709
6709,7479
6709,5939
5939,6709
5939,12997
12997,5939
12997,12998
12998,12997
12998,17145
17145,12998
17145,6924
6924,17145
6924,6926
6926,6924
6926,6214
6214,6926
6214,5773
5773,6214
5773,6195
6195,5773
6195,8709
8709,6195
8709,6177
6177,8709
6177,6172
6172,6177
6172,10771
10771,6172
10771,15678
15678,10771
15678,11794
11794,15678
5641,7407
7407,5641
7407,5938
5938,7407
5938,5937
5937,5938
5937,5932
5932,5937
5932,8364
8364,5932
8364,5928
5928,8364
5928,11367
11367,5928
11367,17528
17528,11367
17528,8789
8789,17528
8789,1546
1546,8789
1546,1548
1548,1546
1548,1552
1552,1548
1552,1554
1554,1552
1554,1557
1557,1554
1557,7847
7847,1557
7847,5
5,7847
5,163
163,5
163,7
7,163
7,11101
11101,7
11101,8312
8312,11101
8318,11109
11109,8318
11109,6
6,11109
6,4
4,6
4,3
3,4
3,1556
1556,3
1556,1555
1555,1556
1555,1553
1553,1555
1553,1551
1551,1553
1551,1547
1547,1551
1547,1545
1545,1547
1545,5927
5927,1545
5927,11371
11371,5927
11371,5929
5929,11371
5929,11366
11366,5929
11366,4431
4431,11366
4431,5930
5930,4431
5930,5931
5931,5930
5931,16981
16981,5931
16981,5936
5936,16981
5936,15714
15714,5936
15714,1598
1598,15714
1598,12270
12270,1598
12270,14415
14415,12270
14415,5647
5647,14415
5647,8215
8215,5647
8215,6173
6173,8215
6173,6184
6184,6173
6184,8767
8767,6184
8767,6932
6932,8767
6932,15180
15180,6932
15180,12191
12191,15180
12191,561
561,12191
561,10247
10247,561
10247,9978
9978,10247
9978,6925
6925,9978
6925,6920
6920,6925
6920,6278
6278,6920
6278,8212
8212,6278
8212,12154
12154,8212
12154,17146
17146,12154
17146,6692
6692,17146
6692,14129
14129,6692
14129,5105
5105,14129
5105,5123
5123,5105
5123,6921
6921,5123
6921,5133
5133,6921
5133,5147
5147,5133
5147,14029
14029,5147
14371,258
258,14371
258,255
255,258
255,253
253,255
253,5696
5696,253
5696,7775
7775,5696
666,3286
3286,666
3286,335
335,3286
335,334
334,335
334,332
332,334
332,330
330,332
330,328
328,330
10455,6005
6005,10455
6005,7950
7950,6005
7950,7951
7951,7950
7951,17849
17849,7951
17849,17742
17742,17849
8200,17457
17457,8200
17457,17646
17646,17457
17646,17757
17757,17646
17757,9021
9021,17757
9021,1855
1855,9021
329,331
331,329
331,333
333,331
333,735
735,333
735,336
336,735
336,17015
17015,336
17015,5543
5543,17015
5543,5691
5691,5543
5691,254
254,5691
254,257
257,254
257,259
259,257
259,17131
17131,259
9110,9453
9453,9110
9453,9887
9887,9453
9887,9886
9886,9887
9886,9885
9885,9886
9885,9912
9912,9885
9912,486
486,9912
486,484
484,486
484,482
482,484
482,480
480,482
480,11707
11707,480
11707,11695
11695,11707
11695,12059
12059,11695
12059,468
468,12059
468,767
767,468
543,10410
10410,543
7953,6005
6005,7953
11847,17563
17563,11847
3558,766
766,3558
766,469
469,766
469,472
472,469
472,474
474,472
474,11708
11708,474
11708,479
479,11708
479,481
481,479
481,483
483,481
483,485
485,483
485,9913
9913,485
9913,9888
9888,9913
9888,15571
15571,9888
15571,9884
9884,15571
9884,9452
9452,9884
9452,9111
9111,9452
13533,5616
5616,13533
5616,11053
11053,5616
11053,11300
11300,11053
11300,11046
11046,11300
11046,11806
11806,11046
11806,11054
11054,11806
11054,11072
11072,11054
11072,1725
1725,11072
5242,11906
11906,5242
11070,13705
13705,11070
13705,11051
11051,13705
11051,9924
9924,11051
9924,7789
7789,9924
7789,2975
2975,7789
2975,10850
10850,2975
10850,17703
17703,10850
17703,17675
17675,17703
17675,841
841,17675
841,1577
1577,841
1577,865
865,1577
8407,413
413,8407
413,416
416,413
416,563
563,416
563,418
418,563
418,7048
7048,418
7048,421
421,7048
421,424
424,421
424,425
425,424
9898,574
574,9898
574,423
423,574
423,420
420,423
420,419
419,420
419,14008
14008,419
14008,417
417,14008
417,414
414,417
414,8291
8291,414
8208,8128
8128,8208
8128,8292
8292,8128
8292,8306
8306,8292
8306,17412
17412,8306
17412,17411
17411,17412
17411,17749
17749,17411
17749,17892
17892,17749
17892,15425
15425,17892
15425,15424
15424,15425
15424,16980
16980,15424
16980,11052
11052,16980
11052,13729
13729,11052
13729,1445
1445,13729
1445,1863
1863,1445
1863,17149
17149,1863
17149,14967
14967,17149
14967,864
864,14967
11067,14842
14842,11067
14842,11073
11073,14842
11073,11045
11045,11073
11045,11047
11047,11045
11047,11299
11299,11047
11299,11059
11059,11299
11059,14363
14363,11059
14363,10926
10926,14363
10926,13533
13533,10926
15859,13671
13671,15859
13671,9818
9818,13671
9818,1520
1520,9818
1520,7968
7968,1520
7968,1518
1518,7968
1518,1515
1515,1518
1515,10345
10345,1515
10345,1513
1513,10345
1513,17081
17081,1513
17081,3518
3518,17081
3518,1541
1541,3518
1541,10448
10448,1541
10448,1510
1510,10448
1510,1509
1509,1510
1509,2336
2336,1509
2336,10453
10453,2336
10453,11145
11145,10453
11145,17514
17514,11145
17514,17656
17656,17514
17656,10447
10447,17656
10447,5458
5458,10447
5458,5981
5981,5458
5981,11493
11493,5981
11493,17511
17511,11493
17511,17777
17777,17511
17777,17694
17694,17777
17694,17561
17561,17694
17561,11697
11697,17561
11697,3494
3494,11697
3494,5396
5396,3494
5396,11694
11694,5396
11694,11681
11681,11694
11681,17510
17510,11681
17510,14753
14753,17510
8476,11358
11358,8476
11358,11356
11356,11358
11356,11350
11350,11356
13660,15068
15068,13660
14979,11364
11364,14979
11364,14971
14971,11364
11349,11357
11357,11349
11357,9256
9256,11357
9256,15184
15184,9256
15184,8362
8362,15184
8362,14864
14864,8362
14864,5377
5377,14864
5377,11686
11686,5377
11686,5402
5402,11686
5402,3484
3484,5402
3484,10420
10420,3484
10420,17938
17938,10420
17938,17693
17693,17938
17693,17654
17654,17693
17654,5479
5479,17654
5479,5436
5436,5479
5436,11498
11498,5436
11498,11502
11502,11498
11502,9006
9006,11502
9006,5472
5472,9006
5472,17512
17512,5472
17512,17513
17513,17512
17513,5722
5722,17513
5722,10452
10452,5722
10452,2330
2330,10452
2330,1508
1508,2330
1508,4878
4878,1508
4878,11515
11515,4878
11515,3529
3529,11515
3529,1511
1511,3529
1511,1512
1512,1511
1512,10346
10346,1512
10346,1514
1514,10346
1514,1516
1516,1514
1516,1519
1519,1516
1519,10347
10347,1519
10347,1521
1521,10347
1521,15861
15861,1521
15861,15867
15867,15861
15867,17309
17309,15867
92,1372
1372,92
1372,3444
3444,1372
3444,3443
3443,3444
3443,7851
7851,3443
7851,1487
1487,7851
1487,6155
6155,1487
6155,10991
10991,6155
10991,11060
11060,10991
11060,3265
3265,11060
3265,17473
17473,3265
17473,1415
1415,17473
1415,2649
2649,1415
2649,17423
17423,2649
17423,1414
1414,17423
1414,1544
1544,1414
1544,8326
8326,1544
8326,5546
5546,8326
11350,465
465,11350
11065,1549
1549,11065
1549,1863
1863,1549
11070,13707
13707,11070
1569,4355
4355,1569
4355,8086
8086,4355
11344,76
76,11344
5639,10418
10418,5639
10418,13682
13682,10418
13682,13681
13681,13682
13681,1412
1412,13681
1412,1413
1413,1412
1413,2628
2628,1413
2628,2659
2659,2628
2659,5426
5426,2659
5426,17472
17472,5426
17472,5754
5754,17472
5754,11063
11063,5754
11063,6154
6154,11063
6154,1486
1486,6154
1486,4069
4069,1486
4069,4070
4070,4069
4070,4071
4071,4070
4071,1371
1371,4071
1371,93
93,1371
7941,17317
17317,7941
7150,11196
11196,7150
11196,11254
11254,11196
11254,262
262,11254
262,5963
5963,262
5963,797
797,5963
797,466
466,797
466,5582
5582,466
5582,767
767,5582
546,3539
3539,546
3539,9161
9161,3539
543,9142
9142,543
9142,2391
2391,9142
11271,17526
17526,11271
17526,841
841,17526
8292,8305
8305,8292
8305,17412
17412,8305
17749,17657
17657,17749
2398,15537
15537,2398
15537,8302
8302,15537
8702,3547
3547,8702
3547,764
764,3547
764,467
467,764
467,803
803,467
803,772
772,803
772,263
263,772
263,11303
11303,263
11303,1579
1579,11303
14662,17314
17314,14662
17314,10477
10477,17314
10477,5941
5941,10477
5941,13536
13536,5941
13536,5360
5360,13536
5360,9493
9493,5360
511,10235
10235,511
10235,2970
2970,10235
2970,8140
8140,2970
8248,8353
8353,8248
8353,557
557,8353
557,552
552,557
17404,9927
9927,17404
9927,764
764,9927
11303,11244
11244,11303
11244,7151
7151,11244
7328,327
327,7328
327,325
325,327
325,324
324,325
324,322
322,324
322,320
320,322
320,9899
9899,320
9899,11626
11626,9899
11626,6242
6242,11626
6242,1565
1565,6242
1565,338
338,1565
338,14580
14580,338
14580,3112
3112,14580
3112,339
339,3112
339,5349
5349,339
5349,17483
17483,5349
17483,8300
8300,17483
8300,1090
1090,8300
1090,17126
17126,1090
11443,17709
17709,11443
17709,17805
17805,17709
17805,17482
17482,17805
17482,17922
17922,17482
17922,17530
17530,17922
17530,17496
17496,17530
17496,9955
9955,17496
9955,5471
5471,9955
5471,3104
3104,5471
3104,337
337,3104
337,1558
1558,337
1558,9470
9470,1558
9470,11627
11627,9470
11627,1536
1536,11627
1536,319
319,1536
319,323
323,319
323,326
326,323
326,8803
8803,326
8803,12415
12415,8803
5582,768
768,5582
17403,554
554,17403
554,556
556,554
556,10498
10498,556
10498,8138
8138,10498
2955,2971
2971,2955
2971,9954
9954,2971
9954,8682
8682,9954
12561,13260
13260,12561
13260,9906
9906,13260
9906,11927
11927,9906
11927,11156
11156,11927
11156,11928
11928,11156
11928,88
88,11928
88,11930
11930,88
11930,10425
10425,11930
10425,11932
11932,10425
11932,15673
15673,11932
15673,14484
14484,15673
14484,12699
12699,14484
12699,2595
2595,12699
2595,9938
9938,2595
9938,14024
14024,9938
14024,15171
15171,14024
15171,8309
8309,15171
8310,8311
8311,8310
8311,8312
8312,8311
8312,8313
8313,8312
8313,910
910,8313
910,10374
10374,910
10374,893
893,10374
893,17461
17461,893
17461,17413
17413,17461
17413,8211
8211,17413
8211,8128
8128,8211
865,8723
8723,865
8723,5899
5899,8723
5899,8161
8161,5899
8161,11138
11138,8161
11138,17414
17414,11138
17414,17462
17462,17414
17462,901
901,17462
901,10982
10982,901
10982,917
917,10982
917,5631
5631,917
5631,931
931,5631
931,8049
8049,931
8049,17415
17415,8049
14267,9907
9907,14267
9907,10373
10373,9907
10373,10580
10580,10373
10580,15668
15668,10580
15668,11933
11933,15668
11933,10426
10426,11933
10426,11931
11931,10426
11931,87
87,11931
87,11929
11929,87
11929,11163
11163,11929
11163,7848
7848,11163
7848,5812
5812,7848
5812,8014
8014,5812
7859,10962
10962,7859
10888,17623
17623,10888
17623,11272
11272,17623
11272,4348
4348,11272
4348,11278
11278,4348
11278,135
135,11278
135,11709
11709,135
11709,11710
11710,11709
11710,6006
6006,11710
438,3437
3437,438
3437,3439
3439,3437
3439,11541
11541,3439
11541,6722
6722,11541
6722,6726
6726,6722
6726,1168
1168,6726
1168,1410
1410,1168
1410,7068
7068,1410
7068,3938
3938,7068
3938,14591
14591,3938
14591,8673
8673,14591
8673,3441
3441,8673
3441,9441
9441,3441
9441,15464
15464,9441
15464,15465
15465,15464
15465,15466
15466,15465
15466,15736
15736,15466
15737,1372
1372,15737
3443,13148
13148,3443
13148,3442
3442,13148
3442,3440
3440,3442
3440,8005
8005,3440
8005,932
932,8005
932,3937
3937,932
3937,7069
7069,3937
7069,11040
11040,7069
11040,8109
8109,11040
8109,6736
6736,8109
6736,11564
11564,6736
11564,11520
11520,11564
11520,11550
11550,11520
11550,3438
3438,11550
3438,11597
11597,3438
17627,9462
9462,17627
9462,136
136,9462
136,12231
12231,136
12231,9062
9062,12231
9062,4189
4189,9062
4189,1627
1627,4189
1627,7236
7236,1627
7236,17516
17516,7236
10964,7860
7860,10964
6857,8633
8633,6857
8633,4009
4009,8633
12175,8133
8133,12175
9795,615
615,9795
615,611
611,615
611,609
609,611
609,607
607,609
607,3464
3464,607
3464,620
620,3464
620,8554
8554,620
8554,605
605,8554
605,2795
2795,605
2795,14602
14602,2795
14602,2852
2852,14602
2852,2710
2710,2852
2710,31
31,2710
31,8815
8815,31
8815,505
505,8815
10412,9089
9089,10412
9089,9266
9266,9089
9266,9090
9090,9266
9090,8353
8353,9090
467,790
790,467
790,6823
6823,790
6823,112
112,6823
112,8129
8129,112
8129,11280
11280,8129
11280,14745
14745,11280
14745,14757
14757,14745
14750,14747
14747,14750
14747,11277
11277,14747
11277,111
111,11277
111,7462
7462,111
7462,783
783,7462
783,797
797,783
10498,17278
17278,10498
17278,17007
17007,17278
17007,9088
9088,17007
9088,9003
9003,9088
9002,8816
8816,9002
8816,30
30,8816
30,2703
2703,30
2703,2846
2846,2703
2846,2802
2802,2846
2802,604
604,2802
604,8523
8523,604
8523,8522
8522,8523
8522,606
606,8522
606,608
608,606
608,612
612,608
612,613
613,612
613,614
614,613
614,601
601,614
8208,7787
7787,8208
17294,10586
10586,17294
10586,7904
7904,10586
7904,1582
1582,7904
1582,7363
7363,1582
7363,10582
10582,7363
10582,10581
10581,10582
10581,7871
7871,10581
7871,1056
1056,7871
1056,5982
5982,1056
5982,10577
10577,5982
10577,7850
7850,10577
7850,10574
10574,7850
10574,5904
5904,10574
5904,7838
7838,5904
7838,10572
10572,7838
10572,7819
7819,10572
5506,6120
6120,5506
6120,2710
2710,6120
2703,9635
9635,2703
10571,7826
7826,10571
7826,10573
10573,7826
10573,7846
7846,10573
7846,3726
3726,7846
3726,10575
10575,3726
10575,10366
10366,10575
10366,10578
10578,10366
10578,10579
10579,10578
10579,1061
1061,10579
1061,7879
7879,1061
7879,14282
14282,7879
14282,5449
5449,14282
5449,10583
10583,5449
10583,1586
1586,10583
1586,7893
7893,1586
7893,7903
7903,7893
7903,1542
1542,7903
1542,10585
10585,1542
10585,1649
1649,10585
1649,7884
7884,1649
7884,11985
11985,7884
5482,7093
7093,5482
7093,7105
7105,7093
7105,10921
10921,7105
10921,17245
17245,10921
17245,2444
2444,17245
2444,2442
2442,2444
2442,2440
2440,2442
2440,2436
2436,2440
2436,14522
14522,2436
14522,2434
2434,14522
2434,2432
2432,2434
2432,2431
2431,2432
2431,7949
7949,2431
7949,11667
11667,7949
11667,2163
2163,11667
2163,14679
14679,2163
14679,2160
2160,14679
2160,1873
1873,2160
1873,1870
1870,1873
1870,10262
10262,1870
10262,3620
3620,10262
3620,23
23,3620
23,1244
1244,23
1244,1697
1697,1244
1697,1408
1408,1697
1408,1869
1869,1408
1869,1868
1868,1869
1868,10309
10309,1868
10309,1866
1866,10309
1866,1862
1862,1866
1862,10784
10784,1862
10784,17044
17044,10784
17044,17052
17052,17044
17052,56
56,17052
56,1897
1897,56
1897,10326
10326,1897
10326,1893
1893,10326
1893,11840
11840,1893
11840,1892
1892,11840
1892,10328
10328,1892
10329,1891
1891,10329
1891,11834
11834,1891
11834,1894
1894,11834
1894,10327
10327,1894
10327,1896
1896,10327
1896,50
50,1896
50,3232
3232,50
3232,10793
10793,3232
10793,10325
10325,10793
10325,1861
1861,10325
1861,1865
1865,1861
1865,10320
10320,1865
10320,1867
1867,10320
1867,1409
1409,1867
1409,17045
17045,1409
17045,10261
10261,17045
10261,22
22,10261
22,12427
12427,22
12427,3629
3629,12427
3629,9582
9582,3629
9582,1872
1872,9582
1872,1691
1691,1872
1691,2161
2161,1691
2161,2162
2162,2161
2162,14678
14678,2162
14678,11668
11668,14678
11668,15088
15088,11668
15088,15087
15087,15088
15087,17012
17012,15087
17012,2433
2433,17012
2433,2435
2435,2433
2435,14012
14012,2435
14012,2439
2439,14012
2439,2441
2441,2439
2441,2443
2443,2441
2443,4886
4886,2443
4886,7182
7182,4886
7182,7104
7104,7182
7104,7103
7103,7104
7103,5483
5483,7103
10133,1643
1643,10133
1643,11880
11880,1643
11880,11878
11878,11880
11878,1071
1071,11878
1071,11876
11876,1071
11876,9941
9941,11876
9941,11874
11874,9941
11874,11872
11872,11874
11872,11870
11870,11872
11870,10350
10350,11870
10350,1617
1617,10350
1617,10931
10931,1617
10931,2049
2049,10931
2049,5764
5764,2049
5764,2052
2052,5764
2052,1130
1130,2052
1130,940
940,1130
940,2054
2054,940
2054,2056
2056,2054
2056,12069
12069,2056
12069,2057
2057,12069
2057,2059
2059,2057
2059,2570
2570,2059
2570,9054
9054,2570
9054,14975
14975,9054
14975,6648
6648,14975
6648,10992
10992,6648
10992,954
954,10992
954,2526
2526,954
2526,952
952,2526
952,1367
1367,952
1367,1350
1350,1367
1350,11591
11591,1350
11591,13182
13182,11591
13182,3213
3213,13182
3213,3211
3211,3213
3211,9252
9252,3211
9252,2524
2524,9252
2524,5600
5600,2524
5600,2521
2521,5600
2521,2395
2395,2521
2395,11684
11684,2395
11684,2397
2397,11684
2397,8474
8474,2397
8474,11093
11093,8474
11093,11094
11094,11093
11094,11096
11096,11094
11096,11097
11097,11096
11097,11098
11098,11097
11098,8563
8563,11098
8563,14283
14283,8563
14286,11100
11100,14286
11100,11099
11099,11100
11099,6158
6158,11099
6158,16969
16969,6158
16969,11095
11095,16969
11095,11092
11092,11095
11092,6471
6471,11092
6471,11685
11685,6471
11685,2394
2394,11685
2394,2522
2522,2394
2522,2983
2983,2522
2983,2525
2525,2983
2525,6011
6011,2525
6011,3212
3212,6011
3212,3220
3220,3212
3220,11592
11592,3220
11592,1352
1352,11592
1352,13691
13691,1352
13691,1368
1368,13691
1368,953
953,1368
953,2527
2527,953
2527,955
955,2527
955,2528
2528,955
2528,11782
11782,2528
11782,15005
15005,11782
15005,8787
8787,15005
8787,2058
2058,8787
2058,14556
14556,2058
14556,14579
14579,14556
14579,14557
14557,14579
14557,2055
2055,14557
2055,11135
11135,2055
11135,2053
2053,11135
2053,939
939,2053
939,1131
1131,939
1131,2050
2050,1131
2050,5765
5765,2050
5765,2048
2048,5765
2048,10930
10930,2048
10930,1618
1618,10930
1618,8155
8155,1618
8155,11869
11869,8155
11869,11871
11871,11869
11871,11873
11873,11871
11873,11875
11875,11873
11875,586
586,11875
586,11877
11877,586
11877,1077
1077,11877
1077,11879
11879,1077
11879,9312
9312,11879
9312,11881
11881,9312
11481,1322
1322,11481
1322,9332
9332,1322
9332,895
895,9332
895,897
897,895
897,898
898,897
898,900
900,898
900,11654
11654,900
11654,11657
11657,11654
11657,6482
6482,11657
6482,10432
10432,6482
10432,3039
3039,10432
3039,884
884,3039
884,886
886,884
886,9163
9163,886
9163,5771
5771,9163
5771,5875
5875,5771
5875,1052
1052,5875
1052,1053
1053,1052
1053,1055
1055,1053
1055,10493
10493,1055
10493,6699
6699,10493
6699,6700
6700,6699
6700,6702
6702,6700
6702,1058
1058,6702
1058,13537
13537,1058
13537,6528
6528,13537
6528,6605
6605,6528
6605,6584
6584,6605
10841,10829
10829,10841
10829,6543
6543,10829
6543,14615
14615,6543
14615,8446
8446,14615
8446,8448
8448,8446
8448,6712
6712,8448
6712,15678
15678,6712
5641,11378
11378,5641
11378,12405
12405,11378
5639,4812
4812,5639
4812,9919
9919,4812
9919,8327
8327,9919
8327,9666
9666,8327
13027,1145
1145,13027
1145,12406
12406,1145
12406,9936
9936,12406
9936,12270
12270,9936
5647,6713
6713,5647
6713,11581
11581,6713
11581,8449
8449,11581
8449,10369
10369,8449
8847,6527
6527,8847
6527,1059
1059,6527
1059,6703
6703,1059
6703,6701
6701,6703
6701,10491
10491,6701
10491,1057
1057,10491
1057,1054
1054,1057
1054,1458
1458,1054
1458,6635
6635,1458
6635,9143
9143,6635
9143,5888
5888,9143
5888,887
887,5888
887,885
885,887
885,843
843,885
843,183
183,843
183,6481
6481,183
6481,11656
11656,6481
11656,11655
11655,11656
11655,2863
2863,11655
2863,899
899,2863
899,8205
8205,899
8205,896
896,8205
896,1358
1358,896
1358,1375
1375,1358
1375,6208
6208,1375
7616,510
510,7616
510,9010
9010,510
9010,9005
9005,9010
9005,9004
9004,9005
9004,9089
9089,9004
9090,8136
8136,9090
213,14206
14206,213
14206,3215
3215,14206
7945,14311
14311,7945
14311,15183
15183,14311
15183,17272
17272,15183
17272,10384
10384,17272
10384,10485
10485,10384
10485,5731
5731,10485
5731,4928
4928,5731
4928,7460
7460,4928
7460,6930
6930,7460
6930,7168
7168,6930
7168,6929
6929,7168
7431,4995
4995,7431
4995,6927
6927,4995
6927,5034
5034,6927
5034,14959
14959,5034
14959,8213
8213,14959
5935,5054
5054,5935
5054,5045
5045,5054
5045,6928
6928,5045
6928,5014
5014,6928
5014,13922
13922,5014
13922,8379
8379,13922
6748,6103
6103,6748
6103,6532
6532,6103
6532,4921
4921,6532
4921,9960
9960,4921
9960,5730
5730,9960
5730,4914
4914,5730
4914,10486
10486,4914
10486,10479
10479,10486
10479,6787
6787,10479
6787,4906
4906,6787
4906,9634
9634,4906
8702,547
547,8702
547,8700
8700,547
10404,17278
17278,10404
9088,9008
9008,9088
9008,9009
9009,9008
9009,558
558,9009
14370,7495
7495,14370
7495,5871
5871,7495
5871,17010
17010,5871
17010,5865
5865,17010
5865,8299
8299,5865
8299,10532
10532,8299
10532,11483
11483,10532
11483,11486
11486,11483
11486,15004
15004,11486
15004,1322
1322,15004
9163,14963
14963,9163
10183,10961
10961,10183
10961,1122
1122,10961
1122,1124
1124,1122
1124,9860
9860,1124
9860,1126
1126,9860
1126,1446
1446,1126
1446,14553
14553,1446
14553,6515
6515,14553
6515,6547
6547,6515
6547,6548
6548,6547
6548,1715
1715,6548
1715,3424
3424,1715
1260,8368
8368,1260
8368,12236
12236,8368
9793,8369
8369,9793
3415,8993
8993,3415
8993,1240
1240,8993
1240,1238
1238,1240
1238,6545
6545,1238
6545,14554
14554,6545
14554,1447
1447,14554
1447,1127
1127,1447
1127,17319
17319,1127
17319,10776
10776,17319
10776,1125
1125,10776
1125,1123
1123,1125
1123,10959
10959,1123
10959,10185
10185,10959
14270,5888
5888,14270
1375,6207
6207,1375
6207,11487
11487,6207
11487,11485
11485,11487
11485,11484
11484,11485
11484,10531
10531,11484
10531,11482
11482,10531
11482,5863
5863,11482
5863,5866
5866,5863
5866,5870
5870,5866
5870,5872
5872,5870
5872,10433
10433,5872
10433,3709
3709,10433
25,7603
7603,25
7603,5747
5747,7603
5747,13541
13541,5747
13541,5750
5750,13541
5750,14948
14948,5750
14948,14591
14591,14948
14591,8016
8016,14591
8016,14924
14924,8016
14924,266
266,14924
266,11050
11050,266
11050,8109
8109,11050
11520,6716
6716,11520
6716,1710
1710,6716
1710,11090
11090,1710
11090,6667
6667,11090
6667,11078
11078,6667
11078,17627
17627,11078
11847,9614
9614,11847
8386,8625
8625,8386
8625,8371
8371,8625
28,10376
10376,28
10376,11077
11077,10376
11077,6678
6678,11077
6678,11084
11084,6678
11084,6854
6854,11084
6854,6704
6704,6854
6704,6721
6721,6704
6721,6722
6722,6721
1410,11055
11055,1410
11055,256
256,11055
256,6784
6784,256
6784,5630
5630,6784
5630,7997
7997,5630
7997,932
932,7997
932,5751
5751,932
5751,5749
5749,5751
5749,11607
11607,5749
11607,5746
5746,11607
5746,10755
10755,5746
10755,4797
4797,10755
10132,5543
5543,10132
261,7402
7402,261
7402,3709
3709,7402
3709,3609
3609,3709
3609,8952
8952,3609
8952,8953
8953,8952
8953,8954
8954,8953
8954,16632
16632,8954
16632,16634
16634,16632
16634,16636
16636,16634
16636,16638
16638,16636
16638,15440
15440,16638
15440,16639
16639,15440
16639,16641
16641,16639
16641,14022
14022,16641
14022,8843
8843,14022
8843,8844
8844,8843
8844,8956
8956,8844
8956,4701
4701,8956
4701,8299
8299,4701
11486,10145
10145,11486
10145,6208
6208,10145
11481,6207
6207,11481
11482,17599
17599,11482
17599,14964
14964,17599
14964,1714
1714,14964
1714,4702
4702,1714
4702,12698
12698,4702
12698,12700
12700,12698
12700,16643
16643,12700
16643,16642
16642,16643
16642,16640
16640,16642
16640,15146
15146,16640
15146,16637
16637,15146
16637,16635
16635,16637
16635,16633
16633,16635
16633,16631
16631,16633
16631,16656
16656,16631
16656,16657
16657,16656
16657,12370
12370,16657
12370,6596
6596,12370
6596,8670
8670,6596
8670,1452
1452,8670
1452,9198
9198,1452
260,9118
9118,260
9118,5542
5542,9118
7666,6506
6506,7666
6506,6507
6507,6506
6507,6509
6509,6507
6509,6511
6511,6509
6511,6513
6513,6511
6513,6515
6515,6513
6515,1106
1106,6515
1106,6516
6516,1106
6516,6518
6518,6516
6518,6519
6519,6518
6519,6522
6522,6519
6522,6525
6525,6522
6525,5224
5224,6525
5224,13537
13537,5224
14615,8445
8445,14615
8445,13878
13878,8445
13878,6425
6425,13878
6425,6424
6424,6425
6424,6409
6409,6424
6409,6936
6936,6409
6936,9921
9921,6936
9921,10490
10490,9921
10490,5395
5395,10490
11353,15049
15049,11353
15049,9932
9932,15049
9932,6937
6937,9932
6937,6416
6416,6937
6416,6421
6421,6416
6421,6430
6430,6421
6430,8220
8220,6430
8220,6546
6546,8220
6546,10834
10834,6546
10834,6565
6565,10834
6594,8846
8846,6594
8846,6227
6227,8846
6227,6526
6526,6227
6526,6524
6524,6526
6524,6521
6521,6524
6521,13555
13555,6521
13555,6520
6520,13555
6520,6517
6517,6520
6517,13556
13556,6517
13556,14367
14367,13556
14367,15050
15050,14367
15050,6514
6514,15050
6514,17320
17320,6514
17320,6512
6512,17320
6512,6510
6510,6512
6510,6508
6508,6510
6508,15196
15196,6508
15202,10482
10482,15202
10482,3593
3593,10482
3593,2584
2584,3593
2584,2586
2586,2584
2586,2092
2092,2586
2092,2588
2588,2092
2588,1454
1454,2588
1454,1456
1456,1454
1456,6168
6168,1456
6168,2591
2591,6168
2591,1648
1648,2591
1648,2995
2995,1648
2995,9465
9465,2995
9465,7046
7046,9465
7046,2593
2593,7046
2593,2596
2596,2593
2596,6759
6759,2596
6759,2600
2600,6759
2600,2602
2602,2600
2602,2604
2604,2602
2604,14999
14999,2604
14999,15106
15106,14999
15106,15107
15107,15106
7622,7617
7617,7622
7617,7594
7594,7617
7594,2603
2603,7594
2603,2601
2601,2603
2601,13502
13502,2601
13502,2599
2599,13502
2599,6760
6760,2599
6760,2597
2597,6760
2597,2594
2594,2597
2594,3221
3221,2594
3221,8616
8616,3221
8616,7848
7848,8616
7848,3003
3003,7848
3003,1647
1647,3003
1647,2592
2592,1647
2592,2590
2590,2592
2590,2589
2589,2590
2589,6827
6827,2589
6827,6828
6828,6827
6828,2587
2587,6828
2587,2103
2103,2587
2103,2585
2585,2103
2585,2583
2583,2585
2583,3592
3592,2583
3592,10484
10484,3592
10484,8621
8621,10484
11977,13556
13556,11977
15050,14554
14554,15050
10776,12675
12675,10776
12675,12676
12676,12675
12676,12677
12677,12676
12677,236
236,12677
236,1087
1087,236
1087,1115
1115,1087
1115,1113
1113,1115
1113,6525
6525,1113
10841,11406
11406,10841
11406,17706
17706,11406
17706,17633
17633,17706
17633,12410
12410,17633
12410,12404
12404,12410
12404,6195
6195,12404
8709,8766
8766,8709
8766,661
661,8766
661,6405
6405,661
6405,17669
17669,6405
17669,13667
13667,17669
13667,7781
7781,13667
7781,15472
15472,7781
15472,9923
9923,15472
9923,5639
5639,9923
5639,13694
13694,5639
5640,8727
8727,5640
8727,8476
8476,8727
11360,10421
10421,11360
10421,10802
10802,10421
10802,8741
8741,10802
8741,6380
6380,8741
6380,8634
8634,6380
8634,10331
10331,8634
10331,11589
11589,10331
11589,12403
12403,11589
12403,12402
12402,12403
12402,9679
9679,12402
9679,17707
17707,9679
17707,17705
17705,17707
17705,11467
11467,17705
11467,6565
6565,11467
8846,6527
6527,8846
6527,6526
6526,6527
6526,6523
6523,6526
6523,1114
1114,6523
1114,1116
1116,1114
1116,1117
1117,1116
1117,12686
12686,1117
12686,12687
12687,12686
12687,12688
12688,12687
12688,9860
9860,12688
6516,11977
11977,6516
13500,11896
11896,13500
11896,13474
13474,11896
13474,4959
4959,13474
4959,5232
5232,4959
5232,4907
4907,5232
4907,10986
10986,4907
10986,4955
4955,10986
4955,962
962,4955
962,11982
11982,962
11982,429
429,11982
429,444
444,429
444,4953
4953,444
4953,11689
11689,4953
11689,13131
13131,11689
13131,4952
4952,13131
4952,13496
13496,4952
13496,415
415,13496
415,11682
11682,415
11682,167
167,11682
167,4712
4712,167
4712,11837
11837,4712
11837,11835
11835,11837
11835,13048
13048,11835
11831,11109
11109,11831
3,11128
11128,3
17621,17704
17704,17621
17704,11281
11281,17704
11281,8294
8294,11281
8294,4431
4431,8294
12270,15025
15025,12270
15025,11794
11794,15025
5937,507
507,5937
507,5507
5507,507
5507,4503
4503,5507
4503,7916
7916,4503
7916,11282
11282,7916
11282,11279
11279,11282
11279,12048
12048,11279
12048,6006
6006,12048
2,7847
7847,2
11101,8066
8066,11101
8066,11829
11829,8066
15200,11836
11836,15200
11836,11838
11838,11836
11838,4705
4705,11838
4705,11683
11683,4705
11683,411
411,11683
411,13559
13559,411
13559,4951
4951,13559
4951,11690
11690,4951
11690,2185
2185,11690
2185,439
439,2185
439,432
432,439
432,11137
11137,432
11137,4720
4720,11137
4720,961
961,4720
961,4954
4954,961
4954,10987
10987,4954
10987,4956
4956,10987
4956,7913
7913,4956
7913,5231
5231,7913
5231,14299
14299,5231
14299,11249
11249,14299
11249,13500
13500,11249
9858,11049
11049,9858
11049,17828
17828,11049
17828,11680
11680,17828
11680,11630
11630,11680
11630,17363
17363,11630
17363,11632
11632,17363
11632,6188
6188,11632
6188,6186
6186,6188
6186,6183
6183,6186
6183,8172
8172,6183
8172,17058
17058,8172
17058,6180
6180,17058
6180,14409
14409,6180
14409,6176
6176,14409
6176,6175
6175,6176
6175,6174
6174,6175
6174,17483
17483,6174
1090,11444
11444,1090
11444,11442
11442,11444
11442,11439
11439,11442
11439,11437
11437,11439
11437,11435
11435,11437
11435,11432
11432,11435
11432,11430
11430,11432
11430,11427
11427,11430
11427,13684
13684,11427
13684,11426
11426,13684
11426,11422
11422,11426
11422,11421
11421,11422
11421,11419
11419,11421
11419,11471
11471,11419
11471,6267
6267,11471
6267,11415
11415,6267
11415,8106
8106,11415
8106,10179
10179,8106
10175,8105
8105,10175
8105,17055
17055,8105
17055,11416
11416,17055
11416,6098
6098,11416
6098,13685
13685,6098
13685,11418
11418,13685
11418,11420
11420,11418
11420,11423
11423,11420
11423,11424
11424,11423
11424,11425
11425,11424
11425,11428
11428,11425
11428,11429
11429,11428
11429,11431
11431,11429
11431,11434
11434,11431
11434,11436
11436,11434
11436,11438
11438,11436
11438,11441
11441,11438
11441,11443
11443,11441
17530,17531
17531,17530
17531,17532
17532,17531
17532,6178
6178,17532
6178,12003
12003,6178
12003,6179
6179,12003
6179,6181
6181,6179
6181,6182
6182,6181
6182,6185
6185,6182
6185,6187
6187,6185
6187,6189
6189,6187
6189,6191
6191,6189
6191,11631
11631,6191
11631,17364
17364,11631
17364,11629
11629,17364
11629,11678
11678,11629
11678,17829
17829,11678
17829,17697
17697,17829
9187,14902
14902,9187
6635,6453
6453,6635
6453,5885
5885,6453
5885,10379
10379,5885
10379,10954
10954,10379
10954,10953
10953,10954
10953,10949
10949,10953
10949,5887
5887,10949
5887,12775
12775,5887
12775,839
839,12775
837,838
838,837
838,840
840,838
840,5886
5886,840
5886,10951
10951,5886
10951,10952
10952,10951
10952,10955
10955,10952
10955,5884
5884,10955
5884,7790
7790,5884
7790,5771
5771,7790
10841,6543
6543,10841
8445,8448
8448,8445
7669,14562
14562,7669
14562,14603
14603,14562
14603,4034
4034,14603
9595,11578
11578,9595
11578,593
593,11578
593,588
588,593
588,590
590,588
590,1457
1457,590
591,8603
8603,591
8603,12628
12628,8603
12628,9801
9801,12628
9801,9802
9802,9801
9802,9803
9803,9802
9803,9804
9804,9803
9804,8548
8548,9804
8548,8546
8546,8548
8546,9087
9087,8546
9087,426
426,9087
426,574
574,426
417,428
428,417
428,427
427,428
427,10882
10882,427
10882,6935
6935,10882
6935,8208
8208,6935
8208,8209
8209,8208
8209,8210
8210,8209
8210,385
385,8210
17399,7906
7906,17399
13426,5243
5243,13426
495,15367
15367,495
9925,491
491,9925
11355,7326
7326,11355
731,17398
17398,731
17398,7699
7699,17398
7699,386
386,7699
386,387
387,386
387,388
388,387
388,389
389,388
389,10875
10875,389
10875,7194
7194,10875
7194,9591
9591,7194
9591,563
563,9591
424,7915
7915,424
630,8545
8545,630
8545,8547
8547,8545
8547,9797
9797,8547
9797,12630
12630,9797
12630,9798
9798,12630
9798,9799
9799,9798
9799,9800
9800,9799
9800,12627
12627,9800
12627,8925
8925,12627
5694,589
589,5694
589,595
595,589
595,594
594,595
594,463
463,594
463,11795
11795,463
4043,8132
8132,4043
8132,15015
15015,8132
8197,5643
5643,8197
5643,5162
5162,5643
5162,1567
1567,5162
1567,17214
17214,1567
17214,6683
6683,17214
6683,6685
6685,6683
6685,17112
17112,6685
17112,10396
10396,17112
10396,6688
6688,10396
6688,12064
12064,6688
12064,17875
17875,12064
17875,1280
1280,17875
1280,1222
1222,1280
1222,1221
1221,1222
1221,9134
9134,1221
9134,9132
9132,9134
9132,9130
9130,9132
9130,6437
6437,9130
6437,6439
6439,6437
6439,6440
6440,6439
6440,5701
5701,6440
5701,6441
6441,5701
6441,1201
1201,6441
1201,8373
8373,1201
8373,10023
10023,8373
10023,13015
13015,10023
13015,13599
13599,13015
13599,13001
13001,13599
13001,10665
10665,13001
10665,6445
6445,10665
6445,6447
6447,6445
6447,17591
17591,6447
17591,8589
8589,17591
8589,17594
17594,8589
17594,17797
17797,17594
17797,17798
17798,17797
17798,11794
11794,17798
12270,17539
17539,12270
17539,17668
17668,17539
17668,8566
8566,17668
8566,6449
6449,8566
6449,622
622,6449
622,6446
6446,622
6446,6444
6444,6446
6444,17276
17276,6444
17276,6443
6443,17276
6443,14325
14325,6443
14325,13598
13598,14325
13598,13014
13014,13598
13014,1210
1210,13014
1210,6483
6483,1210
6483,17521
17521,6483
17521,11571
11571,17521
11571,6438
6438,11571
6438,14900
14900,6438
14900,6436
6436,14900
6436,9129
9129,6436
9129,9131
9131,9129
9131,9133
9133,9131
9133,10454
10454,9133
10454,1223
1223,10454
1223,17418
17418,1223
17418,17927
17927,17418
17927,12067
12067,17927
12067,6689
6689,12067
6689,8747
8747,6689
8747,6687
6687,8747
6687,6686
6686,6687
6686,11598
11598,6686
11598,6684
6684,11598
6684,5161
5161,6684
5161,6681
6681,5161
6681,6680
6680,6681
6680,5176
5176,6680
5176,14448
14448,5176
1351,1375
1375,1351
6208,11480
11480,6208
11480,11478
11478,11480
11478,9989
9989,11478
9989,6181
6181,9989
6181,5942
5942,6181
5942,923
923,5942
923,9023
9023,923
9023,921
921,9023
921,919
919,921
350,2308
2308,350
2308,360
360,2308
360,17391
17391,360
17581,17644
17644,17581
17644,269
269,17644
269,2199
2199,269
2199,565
565,2199
565,8101
8101,565
8101,265
265,8101
265,603
603,265
603,11244
11244,603
285,109
109,285
109,286
286,109
286,3949
3949,286
3949,287
287,3949
287,11293
11293,287
11293,14745
14745,11293
14751,14747
14747,14751
14747,8719
8719,14747
8719,8720
8720,8719
8720,8721
8721,8720
8721,7917
7917,8721
7917,9144
9144,7917
11196,2546
2546,11196
2546,267
267,2546
267,8100
8100,267
8100,2206
2206,8100
2206,264
264,2206
264,268
268,264
268,14827
14827,268
14827,126
126,14827
126,361
361,126
361,2319
2319,361
2319,351
351,2319
922,924
924,922
924,8172
8172,924
6180,11479
11479,6180
11479,11481
11481,11479
9332,894
894,9332
17475,8617
8617,17475
8617,10919
10919,8617
10919,3935
3935,10919
3935,945
945,3935
945,943
943,945
943,3934
3934,943
3934,6328
6328,3934
6328,3931
3931,6328
3931,3929
3929,3931
3929,3927
3927,3929
3927,3925
3925,3927
3925,11306
11306,3925
11306,3922
3922,11306
3922,3920
3920,3922
3920,10238
10238,3920
10238,4209
4209,10238
4209,1806
1806,4209
1806,10442
10442,1806
10442,6417
6417,10442
6417,17336
17336,6417
17336,10439
10439,17336
10439,5890
5890,10439
5890,9640
9640,5890
9640,9846
9846,9640
9846,855
855,9846
855,853
853,855
853,852
852,853
852,850
850,852
850,1327
1327,850
1327,1581
1581,1327
1581,836
836,1581
836,834
834,836
834,1328
1328,834
1328,5664
5664,1328
5664,8130
8130,5664
8130,8784
8784,8130
8784,5653
5653,8784
5653,10496
10496,5653
10496,13179
13179,10496
13179,9962
9962,13179
9962,6630
6630,9962
12428,9961
9961,12428
9961,6251
6251,9961
6251,5654
5654,6251
5654,15067
15067,5654
15067,6480
6480,15067
6480,8131
8131,6480
8131,5665
5665,8131
5665,1329
1329,5665
1329,833
833,1329
833,835
835,833
835,1326
1326,835
1326,14737
14737,1326
14737,12898
12898,14737
12898,854
854,12898
854,856
856,854
856,857
857,856
857,10344
10344,857
10344,7971
7971,10344
7971,5891
5891,7971
5891,10352
10352,5891
10352,10358
10358,10352
10358,10956
10956,10358
10956,9099
9099,10956
9099,10387
10387,9099
10387,4207
4207,10387
4207,1807
1807,4207
1807,5918
5918,1807
5918,3921
3921,5918
3921,3923
3923,3921
3923,11307
11307,3923
11307,3926
3926,11307
3926,3928
3928,3926
3928,3930
3930,3928
3930,3932
3932,3930
3932,6327
6327,3932
6327,6329
6329,6327
6329,7346
7346,6329
7346,946
946,7346
946,944
944,946
944,3936
3936,944
3936,10819
10819,3936
10819,10818
10818,10819
10818,10817
10817,10818
10817,17607
17607,10817
9596,15729
15729,9596
15729,15730
15730,15729
15730,9597
9597,15730
9597,14921
14921,9597
14921,17615
17615,14921
17615,4458
4458,17615
4458,7766
7766,4458
7766,7767
7767,7766
7767,4158
4158,7767
4158,4456
4456,4158
4456,4453
4453,4456
4453,5401
5401,4453
5401,4450
4450,5401
4450,8193
8193,4450
8193,8194
8194,8193
8194,6364
6364,8194
6364,6363
6363,6364
6363,6361
6361,6363
6361,6358
6358,6361
6358,6357
6357,6358
6357,4607
4607,6357
4607,7628
7628,4607
7628,6642
6642,7628
6642,6355
6355,6642
6355,6353
6353,6355
6353,4602
4602,6353
4602,4601
4601,4602
4601,7210
7210,4601
7210,4599
4599,7210
4599,4596
4596,4599
4596,10211
10211,4596
10211,4595
4595,10211
4595,3028
3028,4595
3028,3026
3026,3028
3026,6484
6484,3026
6484,1854
1854,6484
1854,3024
3024,1854
3024,6169
6169,3024
6169,9975
9975,6169
9975,5316
5316,9975
5316,9112
9112,5316
9112,6723
6723,9112
6723,4640
4640,6723
4640,14240
14240,4640
14240,4643
4643,14240
4643,4645
4645,4643
4645,4647
4647,4645
4647,4648
4648,4647
4648,4650
4650,4648
4650,4652
4652,4650
4652,4655
4655,4652
4655,9345
9345,4655
9345,759
759,9345
759,758
758,759
758,690
690,758
690,1319
1319,690
1319,17111
17111,1319
7041,4619
4619,7041
4619,689
689,4619
689,17182
17182,689
17182,17177
17177,17182
17177,8754
8754,17177
8754,760
760,8754
760,4654
4654,760
4654,4651
4651,4654
4651,4568
4568,4651
4568,4649
4649,4568
4649,4646
4646,4649
4646,4644
4644,4646
4644,4642
4642,4644
4642,4641
4641,4642
4641,17190
17190,4641
17190,4592
4592,17190
4592,8417
8417,4592
8417,9974
9974,8417
9974,1732
1732,9974
1732,1722
1722,1732
1722,1853
1853,1722
1853,6408
6408,1853
6408,17183
17183,6408
17183,3025
3025,17183
3025,3027
3027,3025
3027,4594
4594,3027
4594,10212
10212,4594
10212,5447
5447,10212
5447,4597
4597,5447
4597,4600
4600,4597
4600,4603
4603,4600
4603,12221
12221,4603
12221,6351
6351,12221
6351,6354
6354,6351
6354,4604
4604,6354
4604,7629
7629,4604
7629,4605
4605,7629
4605,6356
6356,4605
6356,6359
6359,6356
6359,6360
6360,6359
6360,6362
6362,6360
6362,6365
6365,6362
6365,8195
8195,6365
8195,8196
8196,8195
8196,5058
5058,8196
5058,4451
4451,5058
4451,4452
4452,4451
4452,4455
4455,4452
4455,4168
4168,4455
4168,7768
7768,4168
7768,7769
7769,7768
7769,4457
4457,7769
4457,17629
17629,4457
8030,8371
8371,8030
10455,119
119,10455
603,11254
11254,603
5963,811
811,5963
811,470
470,811
470,472
472,470
9913,2971
2971,9913
515,517
517,515
517,519
519,517
519,7465
7465,519
7465,1717
1717,7465
1717,7764
7764,1717
8725,8114
8114,8725
8114,7466
7466,8114
7466,520
520,7466
520,518
518,520
518,516
516,518
2970,9912
9912,2970
11695,473
473,11695
473,471
471,473
471,803
803,471
11303,2546
2546,11303
17601,7782
7782,17601
7782,9614
9614,7782
8386,8030
8030,8386
8961,7423
7423,8961
7423,7425
7425,7423
7425,7427
7427,7425
7427,12943
12943,7427
12943,4451
4451,12943
17629,17816
17816,17629
17816,17614
17614,17816
17614,949
949,17614
949,4460
4460,949
4460,4461
4461,4460
4461,4463
4463,4461
4463,4465
4465,4463
4465,4467
4467,4465
4467,1177
1177,4467
1177,4469
4469,1177
4469,4471
4471,4469
4471,10202
10202,4471
10202,1178
1178,10202
1178,4970
4970,1178
4970,4473
4473,4970
4473,9207
9207,4473
9207,17189
17189,9207
17189,4532
4532,17189
4532,1291
1291,4532
1291,10339
10339,1291
10339,10431
10431,10339
10431,1219
1219,10431
1219,7479
7479,1219
6195,6933
6933,6195
6933,8764
8764,6933
17536,8447
8447,17536
7861,6641
6641,7861
6641,17551
17551,6641
17551,17537
17537,17551
17537,15180
15180,17537
6925,11363
11363,6925
11363,6278
6278,11363
6278,8213
8213,6278
8213,12155
12155,8213
12155,10341
10341,12155
10341,1220
1220,10341
1220,10435
10435,1220
10435,14581
14581,10435
14581,1289
1289,14581
1289,4533
4533,1289
4533,9968
9968,4533
9968,4531
4531,9968
4531,7470
7470,4531
7470,4971
4971,7470
4971,7362
7362,4971
7362,4472
4472,7362
4472,4470
4470,4472
4470,1176
1176,4470
1176,4468
4468,1176
4468,4466
4466,4468
4466,4464
4464,4466
4464,4462
4462,4464
4462,4459
4459,4462
4459,14921
14921,4459
4456,4454
4454,4456
4454,7426
7426,4454
7426,7424
7424,7426
7424,7422
7422,7424
7422,7702
7702,7422
14960,8059
8059,14960
8059,4497
4497,8059
4497,1887
1887,4497
1887,4496
4496,1887
4496,17306
17306,4496
17306,1431
1431,17306
1431,17116
17116,1431
17116,1628
1628,17116
1628,4493
4493,1628
4493,2550
2550,4493
2550,4491
4491,2550
4491,4488
4488,4491
4488,4486
4486,4488
4486,4484
4484,4486
4484,15565
15565,4484
15565,10996
10996,15565
10996,5177
5177,10996
5177,8197
8197,5177
6688,12065
12065,6688
12065,4482
4482,12065
4482,5219
5219,4482
5219,4479
4479,5219
4479,4478
4478,4479
4478,8524
8524,4478
8524,4924
4924,8524
4924,4475
4475,4924
4475,4474
4474,4475
4474,4971
4971,4474
17615,17629
17629,17615
17629,17640
17640,17629
10202,5376
5376,10202
5376,4970
4970,5376
4473,4476
4476,4473
4476,8748
8748,4476
8748,4477
4477,8748
4477,4480
4480,4477
4480,5218
5218,4480
5218,4481
4481,5218
4481,12067
12067,4481
5161,5821
5821,5161
5821,6680
6680,5821
5176,7863
7863,5176
7863,6679
6679,7863
6679,5179
5179,6679
5179,15564
15564,5179
15564,5180
5180,15564
5180,4485
4485,5180
4485,4487
4487,4485
4487,4489
4489,4487
4489,4490
4490,4489
4490,2544
2544,4490
2544,4492
4492,2544
4492,15569
15569,4492
15569,1423
1423,15569
1423,5618
5618,1423
5618,1438
1438,5618
1438,1442
1442,1438
1442,4495
4495,1442
4495,1895
1895,4495
1895,4632
4632,1895
4632,14961
14961,4632
14284,445
445,14284
11105,10397
10397,11105
10397,1425
1425,10397
1425,1422
1422,1425
1422,10399
10399,1422
10399,1420
1420,10399
1420,1419
1419,1420
1419,8118
8118,1419
8118,5475
5475,8118
5475,1418
1418,5475
1418,8116
8116,1418
8116,1417
1417,8116
1417,5508
5508,1417
5508,25
25,5508
7603,14947
14947,7603
14947,11642
11642,14947
11642,5750
5750,11642
14948,8010
8010,14948
8010,5753
5753,8010
5753,10991
10991,5753
1544,13680
13680,1544
13680,13679
13679,13680
13679,1158
1158,13679
1158,1156
1156,1158
1156,1154
1154,1156
1154,11071
11071,1154
11071,1151
1151,11071
1151,1150
1150,1151
1150,1148
1148,1150
1148,1147
1147,1148
1147,16975
16975,1147
9097,2916
2916,9097
2916,11787
11787,2916
11787,17595
17595,11787
9027,2339
2339,9027
2339,9864
9864,2339
9864,15693
15693,9864
5178,1146
1146,5178
1146,15364
15364,1146
15364,1149
1149,15364
1149,1152
1152,1149
1152,1153
1153,1152
1153,1155
1155,1153
1155,1157
1157,1155
1157,12837
12837,1157
12837,8327
8327,12837
8327,1412
1412,8327
11063,10985
10985,11063
10985,5752
5752,10985
5752,8005
8005,5752
8005,7997
7997,8005
4797,4892
4892,4797
4892,8117
8117,4892
8117,10395
10395,8117
10395,5476
5476,10395
5476,5995
5995,5476
5995,17153
17153,5995
17153,17152
17152,17153
17152,1421
1421,17152
1421,1424
1424,1421
1424,5604
5604,1424
5604,11106
11106,5604
15388,1432
1432,15388
1428,1426
1426,1428
1426,100
100,1426
100,10397
10397,100
25,3943
3943,25
3943,3940
3940,3943
3940,3937
3937,3940
6716,6698
6698,6716
6698,1710
1710,6698
11078,17626
17626,11078
11343,13660
13660,11343
13660,15368
15368,13660
9925,11361
11361,9925
9926,10376
10376,9926
3938,3939
3939,3938
3939,24
24,3939
24,4797
4797,24
5604,99
99,5604
1433,15388
15388,1433
17262,17258
17258,17262
17258,13219
13219,17258
13219,4908
4908,13219
4908,14793
14793,4908
14793,4782
4782,14793
4782,4910
4910,4782
4910,7868
7868,4910
7868,17327
17327,7868
17327,3106
3106,17327
3106,3103
3103,3106
3103,3101
3101,3103
3101,7870
7870,3101
7870,7864
7864,7870
7864,7872
7872,7864
7872,5164
5164,7872
5164,15733
15733,5164
15733,4714
4714,15733
4714,11569
11569,4714
11569,7123
7123,11569
7123,7122
7122,7123
7122,5450
5450,7122
5450,11568
11568,5450
11568,7399
7399,11568
7399,11565
11565,7399
11565,11563
11563,11565
11563,12037
12037,11563
12037,3721
3721,12037
3721,4437
4437,3721
4437,4438
4438,4437
4438,6631
6631,4438
6631,4414
4414,6631
4414,3905
3905,4414
3905,10256
10256,3905
10256,6244
6244,10256
6244,6246
6246,6244
6246,6248
6248,6246
6248,15524
15524,6248
15524,7791
7791,15524
7791,11415
11415,7791
8106,6269
6269,8106
6269,6271
6271,6269
6271,6273
6273,6271
6273,6275
6275,6273
6275,876
876,6275
876,11780
11780,876
11780,874
874,11780
874,872
872,874
872,870
870,872
870,868
868,870
868,6414
6414,868
6414,5890
5890,6414
9640,6413
6413,9640
6413,3732
3732,6413
3732,17128
17128,3732
17128,10151
10151,17128
10151,12775
12775,10151
840,17125
17125,840
17125,7149
7149,17125
7149,7704
7704,7149
7704,6462
6462,7704
6462,7971
7971,6462
5891,5611
5611,5891
5611,869
869,5611
869,871
871,869
871,873
873,871
873,875
875,873
875,11800
11800,875
11800,877
877,11800
877,10436
10436,877
10436,6276
6276,10436
6276,6274
6274,6276
6274,6272
6272,6274
6272,6268
6268,6272
6268,17055
17055,6268
11416,6485
6485,11416
6485,6249
6249,6485
6249,6247
6247,6249
6247,6245
6245,6247
6245,17523
17523,6245
17523,16625
16625,17523
16625,4413
4413,16625
4413,8677
8677,4413
8677,4439
4439,8677
4439,3722
3722,4439
3722,3720
3720,3722
3720,16666
16666,3720
16666,16664
16664,16666
16664,6243
6243,16664
6243,11566
11566,6243
11566,7118
7118,11566
7118,11567
11567,7118
11567,5451
5451,11567
5451,7119
7119,5451
7119,7124
7124,7119
7124,5149
5149,7124
5149,10922
10922,5149
10922,4713
4713,10922
4713,5163
5163,4713
5163,7873
7873,5163
7873,7865
7865,7873
7865,7869
7869,7865
7869,3100
3100,7869
3100,3102
3102,3100
3102,3105
3105,3102
3105,3107
3107,3105
3107,7867
7867,3107
7867,4909
4909,7867
4909,10246
10246,4909
10246,14794
14794,10246
14794,13999
13999,14794
13999,13990
13990,13999
7486,2847
2847,7486
2847,10925
10925,2847
10925,4606
4606,10925
17502,11528
11528,17502
11528,11527
11527,11528
11527,11525
11525,11527
11525,11524
11524,11525
11524,13019
13019,11524
13019,11521
11521,13019
11521,11518
11518,11521
11518,11516
11516,11518
11516,1541
1541,11516
10448,11179
11179,10448
11179,11174
11174,11179
11174,11172
11172,11174
11172,9270
9270,11172
9270,11171
11171,9270
11171,11168
11168,11171
11168,11166
11166,11168
11166,11165
11165,11166
11165,11162
11162,11165
11162,11160
11160,11162
11160,7783
7783,11160
7783,11140
11140,7783
11140,11127
11127,11140
11127,11125
11125,11127
11125,11123
11123,11125
11123,11121
11121,11123
11121,11118
11118,11121
11118,11117
11117,11118
11117,11514
11514,11117
11514,11513
11513,11514
11513,11511
11511,11513
11511,11509
11509,11511
11509,11507
11507,11509
11507,9438
9438,11507
9438,48
48,9438
48,446
446,48
446,51
51,446
51,52
52,51
52,13238
13238,52
13238,16965
16965,13238
16965,14573
14573,16965
14573,14283
14283,14573
14287,16964
16964,14287
16964,15878
15878,16964
15878,53
53,15878
53,6655
6655,53
6655,49
49,6655
49,46
46,49
46,11505
11505,46
11505,11506
11506,11505
11506,11508
11508,11506
11508,11510
11510,11508
11510,11512
11512,11510
11512,17151
17151,11512
17151,11119
11119,17151
11119,11120
11120,11119
11120,11122
11122,11120
11122,11124
11124,11122
11124,11126
11126,11124
11126,11136
11136,11126
11136,11141
11141,11136
11141,11159
11159,11141
11159,11161
11161,11159
11161,11164
11164,11161
11164,11167
11167,11164
11167,8676
8676,11167
8676,11170
11170,8676
11170,6627
6627,11170
6627,9271
9271,6627
9271,16573
16573,9271
16573,7882
7882,16573
7882,11175
11175,7882
11175,11517
11517,11175
11517,11519
11519,11517
11519,11522
11522,11519
11522,11523
11523,11522
11523,10950
10950,11523
10950,11526
11526,10950
11526,4583
4583,11526
4616,10924
10924,4616
10924,7489
7489,10924
7489,7487
7487,7489
7487,11610
11610,7487
6277,10151
10151,6277
10151,5886
5886,10151
5884,5923
5923,5884
6940,6266
6266,6940
6266,6264
6264,6266
6264,12726
12726,6264
12726,9935
9935,12726
9935,14280
14280,9935
14280,6426
6426,14280
9625,5621
5621,9625
5621,10289
10289,5621
10289,8214
8214,10289
495,9925
9925,495
107,6749
6749,107
4220,6428
6428,4220
6428,12983
12983,6428
12983,6265
6265,12983
6265,5877
5877,6265
10385,10383
10383,10385
10383,10273
10273,10383
5883,6741
6741,5883
6741,6453
6453,6741
5887,17125
17125,5887
17125,12724
12724,17125
16702,12363
12363,16702
12363,8645
8645,12363
8645,5761
5761,8645
5761,5373
5373,5761
5373,2379
2379,5373
2379,6088
6088,2379
6088,2377
2377,6088
2377,2375
2375,2377
2375,2372
2372,2375
2372,2370
2370,2372
2370,5480
5480,2370
5480,10223
10223,5480
10223,7212
7212,10223
7212,2359
2359,7212
2359,1729
1729,2359
1729,7472
7472,1729
7472,751
751,7472
751,10190
10190,751
10190,10193
10193,10190
10193,157
157,10193
157,655
655,157
655,8750
8750,655
8750,12193
12193,8750
12193,155
155,12193
155,11224
11224,155
11224,11796
11796,11224
11796,1315
1315,11796
1315,1818
1818,1315
1818,4574
4574,1818
4574,12707
12707,4574
12707,1816
1816,12707
1816,10232
10232,1816
10232,1815
1815,10232
1815,6420
6420,1815
6420,1813
1813,6420
1813,11169
11169,1813
11169,1811
1811,11169
1811,2187
2187,1811
2187,8365
8365,2187
8365,6394
6394,8365
6394,6395
6395,6394
6395,6398
6398,6395
6398,6399
6399,6398
6399,6401
6401,6399
6401,779
779,6401
779,6403
6403,779
6403,776
776,6403
776,775
775,776
775,771
771,775
771,863
863,771
863,862
862,863
862,860
860,862
860,858
858,860
858,6417
6417,858
15047,9100
9100,15047
9100,859
859,9100
859,568
568,859
568,861
861,568
861,866
866,861
866,867
867,866
867,773
773,867
773,774
774,773
774,777
777,774
777,6404
6404,777
6404,6402
6402,6404
6402,13695
13695,6402
13695,6400
6400,13695
6400,6397
6397,6400
6397,6396
6396,6397
6396,6393
6393,6396
6393,10234
10234,6393
10234,2188
2188,10234
2188,1812
1812,2188
1812,11173
11173,1812
11173,9693
9693,11173
9693,17187
17187,9693
17187,1473
1473,17187
1473,17430
17430,1473
17430,10233
10233,17430
10233,1817
1817,10233
1817,10236
10236,1817
10236,17392
17392,10236
17392,3906
3906,17392
3906,5599
5599,3906
5599,1317
1317,5599
1317,11232
11232,1317
11232,10237
10237,11232
10237,154
154,10237
154,8759
8759,154
8759,6422
6422,8759
6422,654
654,6422
654,156
156,654
156,1571
1571,156
1571,750
750,1571
750,915
915,750
915,8475
8475,915
8475,10187
10187,8475
10187,2358
2358,10187
2358,752
752,2358
752,10518
10518,752
10518,5481
5481,10518
5481,2369
2369,5481
2369,3755
3755,2369
3755,2371
2371,3755
2371,2374
2374,2371
2374,2376
2376,2374
2376,6089
6089,2376
6089,2378
2378,6089
2378,5363
5363,2378
5363,7506
7506,5363
7506,5373
5373,7506
5060,3634
3634,5060
3634,5598
5598,3634
5598,4630
4630,5598
4630,4628
4628,4630
4628,5379
5379,4628
5379,4626
4626,5379
4626,4624
4624,4626
4624,7302
7302,4624
7302,4620
4620,7302
4620,8751
8751,4620
8751,8752
8752,8751
8752,9345
9345,8752
1319,4618
4618,1319
4618,4615
4615,4618
4615,5227
5227,4615
5227,4613
4613,5227
4613,5226
5226,4613
5226,4611
4611,5226
4611,4609
4609,4611
4609,4675
4675,4609
4675,4122
4122,4675
4122,4119
4119,4122
4119,9972
9972,4119
9972,4118
4118,9972
4118,5098
5098,4118
5098,4116
4116,5098
4116,9969
9969,4116
9969,4822
4822,9969
4822,11984
11984,4822
11984,17727
17727,11984
17727,17731
17731,17727
17731,10034
10034,17731
10034,10035
10035,10034
10035,9743
9743,10035
9667,17732
17732,9667
17732,4821
4821,17732
4821,9970
9970,4821
9970,4115
4115,9970
4115,740
740,4115
740,4117
4117,740
4117,9973
9973,4117
9973,4120
4120,9973
4120,4121
4121,4120
4121,4676
4676,4121
4676,4608
4608,4676
4608,4610
4610,4608
4610,5216
5216,4610
5216,4612
4612,5216
4612,8277
8277,4612
8277,4614
4614,8277
4614,4617
4617,4614
4617,4619
4619,4617
8754,8755
8755,8754
8755,8756
8756,8755
8756,4621
4621,8756
4621,7301
7301,4621
7301,4623
4623,7301
4623,4625
4625,4623
4625,5380
5380,4625
5380,4627
4627,5380
4627,4629
4629,4627
4629,5597
5597,4629
5597,3633
3633,5597
3633,3635
3635,3633
3635,3637
3637,3635
3637,7350
7350,3637
7350,5160
5160,7350
5160,5060
5060,5160
9529,7681
7681,9529
7681,7677
7677,7681
7677,7679
7679,7677
7679,7683
7683,7679
7683,5552
5552,7683
5552,5325
5325,5552
5325,12224
12224,5325
12224,13170
13170,12224
13170,4030
4030,13170
4030,10150
10150,4030
10150,11773
11773,10150
11773,4858
4858,11773
4858,4856
4856,4858
4856,4854
4854,4856
4854,4852
4852,4854
4852,4850
4850,4852
4850,4848
4848,4850
4848,9030
9030,4848
9030,2087
2087,9030
2087,2089
2089,2087
2089,2091
2091,2089
2091,2094
2094,2091
2094,5350
5350,2094
5350,4845
4845,5350
4845,4842
4842,4845
4842,4840
4840,4842
4840,7459
7459,4840
7459,4259
4259,7459
4259,7732
7732,4259
7732,7743
7743,7732
7743,7729
7729,7743
7729,7727
7727,7729
7727,8972
8972,7727
8972,668
668,8972
11774,11990
11990,11774
11990,17827
17827,11990
17827,17596
17596,17827
17596,17597
17597,17596
17597,17610
17610,17597
17610,14126
14126,17610
14126,8611
8611,14126
8611,17598
17598,8611
17598,8612
8612,17598
8612,14852
14852,8612
14852,17617
17617,14852
17617,17918
17918,17617
17918,17618
17618,17918
17618,7849
7849,17618
667,7726
7726,667
7726,7728
7728,7726
7728,7730
7730,7728
7730,7731
7731,7730
7731,7733
7733,7731
7733,4258
4258,7733
4258,5412
5412,4258
5412,4841
4841,5412
4841,4843
4843,4841
4843,4846
4846,4843
4846,4847
4847,4846
4847,2093
2093,4847
2093,2090
2090,2093
2090,2088
2088,2090
2088,2086
2086,2088
2086,9031
9031,2086
9031,4849
4849,9031
4849,4851
4851,4849
4851,4853
4853,4851
4853,4855
4855,4853
4855,4857
4857,4855
4857,12449
12449,4857
12449,4859
4859,12449
4859,11772
11772,4859
11772,4031
4031,11772
4031,8249
8249,4031
8249,2901
2901,8249
2901,5612
5612,2901
5612,2900
2900,5612
2900,7676
7676,2900
7676,7678
7678,7676
7678,7682
7682,7678
7682,7680
7680,7682
7680,9529
9529,7680
7279,1235
1235,7279
1235,1233
1233,1235
1233,1230
1230,1233
8368,10240
10240,8368
10240,1254
1254,10240
1254,1252
1252,1254
1252,1250
1250,1252
1250,1248
1248,1250
1248,5773
5773,1248
11351,11883
11883,11351
11883,15355
15355,11883
15355,10633
10633,15355
10633,11285
11285,10633
11285,17783
17783,11285
17783,7905
7905,17783
7905,731
731,7905
14892,11283
11283,14892
11283,11284
11284,11283
11284,10639
10639,11284
10639,11286
11286,10639
11286,11287
11287,11286
11287,11884
11884,11287
11884,11352
11352,11884
6430,6641
6641,6430
17537,6934
6934,17537
6934,11589
11589,6934
11589,15180
15180,11589
15180,12181
12181,15180
12181,1249
1249,12181
1249,1251
1251,1249
1251,1253
1253,1251
1253,1255
1255,1253
1255,10243
10243,1255
10243,7691
7691,10243
7691,8369
8369,7691
11700,1231
1231,11700
1231,1234
1234,1231
1234,1236
1236,1234
1817,6454
6454,1817
6454,17754
17754,6454
17754,17772
17772,17754
17772,17334
17334,17772
17334,17381
17381,17334
17381,12386
12386,17381
12386,8817
8817,12386
8817,5128
5128,8817
5128,143
143,5128
143,5130
5130,143
5130,5230
5230,5130
5230,5132
5132,5230
5132,5135
5135,5132
5135,11037
11037,5135
11037,5136
5136,11037
5136,11035
11035,5136
11035,11033
11033,11035
11033,5465
5465,11033
5465,5139
5139,5465
5139,5141
5141,5139
5141,5144
5144,5141
5144,5575
5575,5144
5575,5146
5146,5575
5146,6223
6223,5146
6223,12949
12949,6223
12949,8461
8461,12949
8461,8463
8463,8461
8463,8465
8465,8463
8465,8466
8466,8465
8466,8471
8471,8466
8471,8470
8470,8471
8470,8472
8472,8470
8472,7312
7312,8472
7312,7314
7314,7312
7314,7316
7316,7314
7316,17386
17386,7316
17386,5125
5125,17386
5125,5126
5126,5125
5126,6220
6220,5126
6220,15274
15274,6220
15274,13063
13063,15274
13063,12714
12714,13063
12714,12715
12715,12714
12715,14695
14695,12715
14695,6344
6344,14695
6344,15229
15229,6344
15229,13065
13065,15229
13065,13066
13066,13065
15225,13064
13064,15225
13064,15230
15230,13064
15230,6343
6343,15230
6343,7319
7319,6343
7319,12712
12712,7319
12712,12713
12713,12712
12713,15267
15267,12713
15267,6337
6337,15267
6337,13022
13022,6337
13022,5549
5549,13022
5549,17184
17184,5549
17184,17385
17385,17184
17385,7317
7317,17385
7317,7315
7315,7317
7315,7313
7313,7315
7313,8473
8473,7313
8473,8468
8468,8473
8468,8469
8469,8468
8469,8467
8467,8469
8467,8464
8464,8467
8464,14376
14376,8464
14376,8462
8462,14376
8462,12945
12945,8462
12945,8818
8818,12945
8818,15698
15698,8818
15698,5145
5145,15698
5145,5576
5576,5145
5576,5143
5143,5576
5143,5140
5140,5143
5140,5138
5138,5140
5138,5137
5137,5138
5137,11034
11034,5137
11034,11036
11036,11034
11036,17193
17193,11036
17193,11038
11038,17193
11038,5134
5134,11038
5134,5131
5131,5134
5131,5229
5229,5131
5229,5129
5129,5229
5129,144
144,5129
144,5127
5127,144
5127,142
142,5127
142,12389
12389,142
12389,12378
12378,12389
12378,17382
17382,12378
17382,17333
17333,17382
17333,17761
17761,17333
17761,12707
12707,17761
1813,7049
7049,1813
14582,17259
17259,14582
17259,8069
8069,17259
8069,15895
15895,8069
15895,4000
4000,15895
4000,2280
2280,4000
2280,9944
9944,2280
9944,10249
10249,9944
10249,11798
11798,10249
11798,11799
11799,11798
11799,10258
10258,11799
10258,1622
1622,10258
1622,10260
10260,1622
10260,2278
2278,10260
2278,10517
10517,2278
10517,11664
11664,10517
11664,2276
2276,11664
2276,2273
2273,2276
2273,2272
2272,2273
2272,7948
7948,2272
7948,2809
2809,7948
2809,11645
11645,2809
11645,1890
1890,11645
1890,1767
1767,1890
1767,1765
1765,1767
1765,1763
1763,1765
1763,1761
1761,1763
1761,1760
1760,1761
1760,1758
1758,1760
1758,17661
17661,1758
17661,2271
2271,17661
2271,17435
17435,2271
17435,4321
4321,17435
4321,2269
2269,4321
2269,2268
2268,2269
2268,2264
2264,2268
2264,2263
2263,2264
2263,14559
14559,2263
14559,3435
3435,14559
3435,2259
2259,3435
2259,17503
17503,2259
17503,17691
17691,17503
17691,15806
15806,17691
15806,17573
17573,15806
17573,2260
2260,17573
2260,3436
3436,2260
3436,2261
2261,3436
2261,2262
2262,2261
2262,2265
2265,2262
2265,2267
2267,2265
2267,2270
2270,2267
2270,17434
17434,2270
17434,17780
17780,17434
17780,17662
17662,17780
17662,5695
5695,17662
5695,1759
1759,5695
1759,17056
17056,1759
17056,1762
1762,17056
1762,1764
1764,1762
1764,1766
1766,1764
1766,1768
1768,1766
1768,2183
2183,1768
2183,11644
11644,2183
11644,5496
5496,11644
5496,2810
2810,5496
2810,9582
9582,2810
9582,2274
2274,9582
2274,2275
2275,2274
2275,2277
2277,2275
2277,10519
10519,2277
10519,2279
2279,10519
2279,6104
6104,2279
6104,1623
1623,6104
1623,10259
10259,1623
10259,11797
11797,10259
11797,1672
1672,11797
1672,9945
9945,1672
9945,2281
2281,9945
2281,14734
14734,2281
14734,4010
4010,14734
4010,14583
14583,4010
14583,17261
17261,14583
17261,14589
14589,17261
17285,8688
8688,17285
8688,8684
8684,8688
8684,8699
8699,8684
8699,4144
4144,8699
4144,10180
10180,4144
10180,10176
10176,10180
10176,10147
10147,10176
10147,4682
4682,10147
4682,1345
1345,4682
1345,5953
5953,1345
5953,4140
4140,5953
4140,6153
6153,4140
6153,10164
10164,6153
10164,4139
4139,10164
4139,17072
17072,4139
17072,4137
4137,17072
4137,10172
10172,4137
10172,1140
1140,10172
1140,1030
1030,1140
1030,2107
2107,1030
2107,2899
2899,2107
2899,1018
1018,2899
1018,16575
16575,1018
16575,2105
2105,16575
2105,5592
5592,2105
5592,2157
2157,5592
2157,15357
15357,2157
15357,14871
14871,15357
14871,16957
16957,14871
16957,12391
12391,16957
12393,13239
13239,12393
13239,1533
1533,13239
1533,14872
14872,1533
14872,15356
15356,14872
15356,2156
2156,15356
2156,2158
2158,2156
2158,2159
2159,2158
2159,17082
17082,2159
17082,2106
2106,17082
2106,10169
10169,2106
10169,2108
2108,10169
2108,10167
10167,2108
10167,1139
1139,10167
1139,10173
10173,1139
10173,4138
4138,10173
4138,10170
10170,4138
10170,17084
17084,10170
17084,6022
6022,17084
6022,10165
10165,6022
10165,10168
10168,10165
10168,5280
5280,10168
5280,4142
4142,5280
4142,10171
10171,4142
10171,1347
1347,10171
1347,4683
4683,1347
4683,10148
10148,4683
10148,10177
10177,10148
10177,4143
4143,10177
4143,8624
8624,4143
8624,4145
4145,8624
4145,8674
8674,4145
8674,8686
8686,8674
8686,12354
12354,8686
13260,10943
10943,13260
10943,9465
9465,10943
2596,2598
2598,2596
2598,6758
6758,2598
6758,6756
6756,6758
6756,9296
9296,6756
9296,9297
9297,9296
9297,9298
9298,9297
9298,9300
9300,9298
9300,9301
9301,9300
9301,9302
9302,9301
9302,6431
6431,9302
6431,736
736,6431
736,6718
6718,736
6718,2081
2081,6718
2081,271
271,2081
271,13535
13535,271
13535,8349
8349,13535
8349,8358
8358,8349
8358,5578
5578,8358
5578,5601
5601,5578
5601,249
249,5601
249,13578
13578,249
13578,8098
8098,13578
8098,5606
5606,8098
14992,8089
8089,14992
8089,5605
5605,8089
5605,10423
10423,5605
10423,5595
5595,10423
5595,9037
9037,5595
9037,5577
5577,9037
5577,10691
10691,5577
10691,17097
17097,10691
17097,6651
6651,17097
6651,2071
2071,6651
2071,6717
6717,2071
6717,1143
1143,6717
1143,11075
11075,1143
11075,5544
5544,11075
5544,9303
9303,5544
9303,12988
12988,9303
12988,9304
9304,12988
9304,9305
9305,9304
9305,9306
9306,9305
9306,6755
6755,9306
6755,6757
6757,6755
6757,2597
2597,6757
7848,11925
11925,7848
11925,8014
8014,11925
6694,6695
6695,6694
6695,1038
1038,6695
1038,13649
13649,1038
13649,1037
1037,13649
1037,1035
1035,1037
1035,6738
6738,1035
6738,1033
1033,6738
1033,14950
14950,1033
14950,10957
10957,14950
10957,7415
7415,10957
7415,1089
1089,7415
1089,236
236,1089
5224,4950
4950,5224
4950,13648
13648,4950
8444,13878
13878,8444
17939,17824
17824,17939
17624,10975
10975,17624
6428,101
101,6428
6468,8220
8220,6468
1117,237
237,1117
237,1118
1118,237
1118,1120
1120,1118
1120,1121
1121,1120
1121,10958
10958,1121
10958,6739
6739,10958
6739,1034
1034,6739
1034,10386
10386,1034
10386,1036
1036,10386
1036,11029
11029,1036
8957,14954
14954,8957
11105,11107
11107,11105
11107,11110
11110,11107
11110,11111
11111,11110
11111,11112
11112,11111
11112,11114
11114,11112
11114,17151
17151,11114
11141,15840
15840,11141
15840,11142
11142,15840
11142,11144
11144,11142
11144,5551
5551,11144
5551,9648
9648,5551
9648,11145
11145,9648
11145,11148
11148,11145
11148,7725
7725,11148
7725,11152
11152,7725
11152,11154
11154,11152
11154,6628
6628,11154
6628,11211
11211,6628
11211,11212
11212,11211
11212,11214
11214,11212
11214,11216
11216,11214
11216,11218
11218,11216
11218,11220
11220,11218
11220,11223
11223,11220
11223,5527
5527,11223
17066,11222
11222,17066
11222,11221
11221,11222
11221,11219
11219,11221
11219,11217
11217,11219
11217,11215
11215,11217
11215,11213
11213,11215
11213,11157
11157,11213
11157,11155
11155,11157
11155,11153
11153,11155
11153,11150
11150,11153
11150,11149
11149,11150
11149,11147
11147,11149
11147,17092
17092,11147
17092,11143
11143,17092
11143,7783
7783,11143
11117,11115
11115,11117
11115,11113
11113,11115
11113,11108
11108,11113
15172,13622
13622,15172
13622,13623
13623,13622
13623,8570
8570,13623
8570,2011
2011,8570
2011,5337
5337,2011
5337,17277
17277,5337
17277,7993
7993,17277
7993,7989
7989,7993
7989,7987
7987,7989
7987,460
460,7987
460,12565
12565,460
12565,458
458,12565
458,455
455,458
455,7067
7067,455
7067,498
498,7067
1932,9914
9914,1932
9914,485
485,9914
485,9912
9912,485
767,9928
9928,767
9928,9929
9929,9928
9929,10911
10911,9929
10911,8127
8127,10911
8127,772
772,8127
11377,17898
17898,11377
17898,17756
17756,17898
17756,17755
17755,17756
17755,17642
17642,17755
17642,17645
17645,17642
17645,17846
17846,17645
14828,17644
17644,14828
17644,9891
9891,17644
9891,12799
12799,9891
12799,17643
17643,12799
17643,17407
17407,17643
262,9624
9624,262
9624,769
769,9624
769,8126
8126,769
8126,9930
9930,8126
9930,9931
9931,9930
9931,3558
3558,9931
9913,486
486,9913
486,9915
9915,486
9915,1931
1931,9915
17402,14713
14713,17402
14713,497
497,14713
499,12929
12929,499
12929,7062
7062,12929
7062,456
456,7062
456,6967
6967,456
6967,459
459,6967
459,461
461,459
461,7988
7988,461
7988,7991
7991,7988
7991,7994
7994,7991
7994,5339
5339,7994
5339,2010
2010,5339
2010,15169
15169,2010
15169,13630
13630,15169
13630,13631
13631,13630
13631,13633
13633,13631
13633,15052
15052,13633
5819,5215
5215,5819
5215,3109
3109,5215
3109,8595
8595,3109
8595,8434
8434,8595
8434,8435
8435,8434
8435,8605
8605,8435
8605,16988
16988,8605
16988,13273
13273,16988
13273,5809
5809,13273
5809,5807
5807,5809
5807,5805
5805,5807
5805,6210
6210,5805
6210,2297
2297,6210
2297,2295
2295,2297
2295,10271
10271,2295
10271,2293
2293,10271
2293,10269
10269,2293
10269,248
248,10269
248,16994
16994,248
16994,380
380,16994
380,5477
5477,380
5477,2289
2289,5477
2289,12624
12624,2289
12624,8265
8265,12624
8265,5823
5823,8265
5823,4944
4944,5823
4944,5400
5400,4944
5400,10248
10248,5400
10248,7100
7100,10248
7100,13297
13297,7100
13297,14582
14582,13297
14589,933
933,14589
933,10250
10250,933
10250,7097
7097,10250
7097,4945
4945,7097
4945,7180
7180,4945
7180,1402
1402,7180
1402,13938
13938,1402
13938,2290
2290,13938
2290,5478
5478,2290
5478,14710
14710,5478
14710,381
381,14710
381,2292
2292,381
2292,14633
14633,2292
14633,247
247,14633
247,10270
10270,247
10270,2294
2294,10270
2294,10272
10272,2294
10272,2296
2296,10272
2296,16993
16993,2296
16993,6211
6211,16993
6211,5806
5806,6211
5806,5808
5808,5806
5808,5811
5811,5808
5811,13271
13271,5811
13271,6212
6212,13271
6212,8437
8437,6212
8437,8436
8436,8437
8436,13223
13223,8436
13223,8346
8346,13223
8346,9211
9211,8346
9211,5214
5214,9211
5214,5819
5819,5214
493,17602
17602,493
17602,17711
17711,17602
17711,11469
11469,17711
11469,7058
7058,11469
7058,5906
5906,7058
5906,5952
5952,5906
5952,11321
11321,5952
11321,11465
11465,11321
11465,11488
11488,11465
11488,1575
1575,11488
1575,14646
14646,1575
14646,7931
7931,14646
7931,16531
16531,7931
16531,7758
7758,16531
7758,17313
17313,7758
17313,10889
10889,17313
10889,9007
9007,10889
9007,11464
11464,9007
11464,11317
11317,11464
11317,16561
16561,11317
16561,11466
11466,16561
11466,11470
11470,11466
11470,17902
17902,11470
17902,17402
17402,17902
9864,2975
2975,9864
17703,10888
10888,17703
11710,10376
10376,11710
6721,10375
10375,6721
10375,2430
2430,10375
2430,145
145,2430
145,4811
4811,145
4811,12397
12397,4811
12397,4799
4799,12397
4799,17273
17273,4799
17273,14577
14577,17273
14577,14756
14756,14577
14756,13535
13535,14756
13535,3127
3127,13535
9171,14266
14266,9171
14266,4796
4796,14266
4796,2428
2428,4796
2428,4798
4798,2428
4798,5994
5994,4798
5994,4803
4803,5994
4803,153
153,4803
153,5920
5920,153
5920,2429
2429,5920
2429,11532
11532,2429
11532,6716
6716,11532
17862,17892
17892,17862
15424,2916
2916,15424
2916,17595
17595,2916
11455,11457
11457,11455
11457,7952
7952,11457
7952,11460
11460,7952
11460,4754
4754,11460
4754,10351
10351,4754
10351,310
310,10351
310,34
34,310
34,307
307,34
307,12149
12149,307
12149,6133
6133,12149
6133,7922
7922,6133
7922,7923
7923,7922
7923,8981
8981,7923
8981,2226
2226,8981
2226,283
283,2226
283,2186
2186,283
2186,12384
12384,2186
12384,3192
3192,12384
5645,1608
1608,5645
1608,17563
17563,1608
7777,17868
17868,7777
17868,10456
10456,17868
282,14828
14828,282
9891,2193
2193,9891
2193,9179
9179,2193
9179,284
284,9179
284,2215
2215,284
2215,443
443,2215
443,274
274,443
274,273
273,274
273,9609
9609,273
9609,11311
11311,9609
11311,6144
6144,11311
6144,308
308,6144
308,33
33,308
33,309
309,33
309,311
311,309
311,9990
9990,311
9990,11461
11461,9990
11461,11459
11459,11461
11459,15060
15060,11459
15060,11458
11458,15060
11458,11456
11456,11458
11456,13307
13307,11456
12067,6690
6690,12067
6690,8747
8747,6690
6684,5410
5410,6684
5410,229
229,5410
229,2487
2487,229
2487,3825
3825,2487
3825,3827
3827,3825
3827,3828
3828,3827
3828,3517
3517,3828
3517,10315
10315,3517
10315,10313
10313,10315
10313,10311
10311,10313
10311,10308
10308,10311
10308,4128
4128,10308
4128,3532
3532,4128
3532,3534
3534,3532
3534,11783
11783,3534
11783,3537
3537,11783
3537,10406
10406,3537
10406,3538
3538,10406
3538,3541
3541,3538
3541,7186
7186,3541
7186,10831
10831,7186
10831,10830
10830,10831
10830,10828
10828,10830
10828,17172
17172,10828
17172,10826
10826,17172
10826,10825
10825,10826
10825,10824
10824,10825
10824,10827
10827,10824
10827,10823
10823,10827
10823,10822
10822,10823
10822,10821
10821,10822
10821,10820
10820,10821
10820,6682
6682,10820
6682,10818
10818,6682
10817,17582
17582,10817
10919,10832
10832,10919
10832,10833
10833,10832
10833,10835
10835,10833
10835,10836
10836,10835
10836,10837
10837,10836
10837,14755
14755,10837
14755,10838
10838,14755
10838,10839
10839,10838
10839,10840
10840,10839
10840,10842
10842,10840
10842,10843
10843,10842
10843,10844
10844,10843
10844,7187
7187,10844
7187,3542
3542,7187
3542,3540
3540,3542
3540,5644
5644,3540
5644,15674
15674,5644
15674,3536
3536,15674
3536,3535
3535,3536
3535,10161
10161,3535
10161,3533
3533,10161
3533,4133
4133,3533
4133,10307
10307,4133
10307,10310
10310,10307
10310,10312
10312,10310
10312,10314
10314,10312
10314,3516
3516,10314
3516,3829
3829,3516
3829,9996
9996,3829
9996,3899
3899,9996
3899,3826
3826,3899
3826,6496
6496,3826
6496,15566
15566,6496
15566,17214
17214,15566
10396,8361
8361,10396
8361,12063
12063,8361
15059,203
203,15059
203,10885
10885,203
10885,11741
11741,10885
11741,5521
5521,11741
5521,11775
11775,5521
11775,6431
6431,11775
5606,14927
14927,5606
14927,11713
11713,14927
11713,11714
11714,11713
11714,17525
17525,11714
17525,17689
17689,17525
17689,5927
5927,17689
16981,7909
7909,16981
7909,7910
7910,7909
7910,11364
11364,7910
8345,465
465,8345
15538,15541
15541,15538
4220,8363
8363,4220
10390,10389
10389,10390
9935,6427
6427,9935
6427,6426
6426,6427
9625,1569
1569,9625
11365,8525
8525,11365
14979,9908
9908,14979
9908,15028
15028,9908
15028,507
507,15028
507,5932
5932,507
17528,10960
10960,17528
10960,5925
5925,10960
5925,11719
11719,5925
11719,11712
11712,11719
11712,14928
14928,11712
14928,5608
5608,14928
5608,8089
8089,5608
6717,1480
1480,6717
1480,11075
11075,1480
5544,13646
13646,5544
13646,5523
5523,13646
5523,11732
11732,5523
11732,12769
12769,11732
12769,10886
10886,12769
10886,10940
10940,10886
10940,8763
8763,10940
8763,9612
9612,8763
10390,1589
1589,10390
1589,1587
1587,1589
1587,14315
14315,1587
14315,6201
6201,14315
6201,5804
5804,6201
5804,6202
6202,5804
6202,5851
5851,6202
5851,15010
15010,5851
15010,5816
5816,15010
5816,5820
5820,5816
5820,6206
6206,5820
6206,10306
10306,6206
10306,5827
5827,10306
5827,5829
5829,5827
5829,5839
5839,5829
5839,1322
1322,5839
894,891
891,894
891,793
793,891
793,1988
1988,793
1988,791
791,1988
791,789
789,791
789,787
787,789
787,10136
10136,787
10136,11432
11432,10136
11431,10137
10137,11431
10137,786
786,10137
786,788
788,786
788,792
792,788
792,1978
1978,792
1978,794
794,1978
794,17212
17212,794
17212,892
892,17212
892,1351
1351,892
1375,10163
10163,1375
10163,5833
5833,10163
5833,5828
5828,5833
5828,5826
5826,5828
5826,10303
10303,5826
10303,5824
5824,10303
5824,5818
5818,5824
5818,5815
5815,5818
5815,6205
6205,5815
6205,6204
6204,6205
6204,6203
6203,6204
6203,5803
5803,6203
5803,5782
5782,5803
5782,14317
14317,5782
14317,1585
1585,14317
1585,15198
15198,1585
15198,1588
1588,15198
1588,10391
10391,1588
6380,635
635,6380
17416,1209
1209,17416
1209,15734
15734,1209
15734,12045
12045,15734
12045,561
561,12045
10247,9979
9979,10247
9979,1258
1258,9979
1258,11703
11703,1258
11703,1255
1255,11703
10243,8370
8370,10243
8370,1261
1261,8370
3415,8639
8639,3415
8639,1263
1263,8639
1263,1265
1265,1263
1265,1267
1267,1265
1267,13846
13846,1267
13846,13266
13266,13846
13266,8931
8931,13266
8931,1268
1268,8931
1268,1266
1266,1268
1266,1264
1264,1266
1264,1709
1709,1264
1254,11702
11702,1254
11702,1257
1257,11702
1257,1256
1256,1257
1256,1206
1206,1256
1206,1207
1207,1206
1207,1208
1208,1207
1208,17417
17417,1208
345,661
661,345
15472,11017
11017,15472
10418,9919
9919,10418
12008,9362
9362,12008
9362,9364
9364,9362
9364,9367
9367,9364
9367,9848
9848,9367
9848,17247
17247,9848
17247,2476
2476,17247
2476,9622
9622,2476
9622,10304
10304,9622
10304,1716
1716,10304
1716,17437
17437,1716
17437,17094
17094,17437
17094,3284
3284,17094
3284,16679
16679,3284
16679,3283
3283,16679
3283,13491
13491,3283
13491,3280
3280,13491
3280,3279
3279,3280
3279,3276
3276,3279
3276,3275
3275,3276
3275,9560
9560,3275
9560,9562
9562,9560
9562,13746
13746,9562
13746,9564
9564,13746
9564,6807
6807,9564
6807,6810
6810,6807
6810,6811
6811,6810
6811,2616
2616,6811
2616,2617
2617,2616
2617,6813
6813,2617
6813,6814
6814,6813
6814,6816
6816,6814
6816,13237
13237,6816
13237,11687
11687,13237
11687,1753
1753,11687
1753,1754
1754,1753
1754,5370
5370,1754
5370,1757
1757,5370
1757,11985
11985,1757
17293,7765
7765,17293
7765,1756
1756,7765
1756,7625
7625,1756
7625,1755
1755,7625
1755,17426
17426,1755
17426,11688
11688,17426
11688,6818
6818,11688
6818,6817
6817,6818
6817,6815
6815,6817
6815,14227
14227,6815
14227,11555
11555,14227
11555,2618
2618,11555
2618,1631
1631,2618
1631,15485
15485,1631
15485,6809
6809,15485
6809,6808
6808,6809
6808,9565
9565,6808
9565,13745
13745,9565
13745,9563
9563,13745
9563,9561
9561,9563
9561,3274
3274,9561
3274,3277
3277,3274
3277,3278
3278,3277
3278,3281
3281,3278
3281,3282
3282,3281
3282,17095
17095,3282
17095,15275
15275,17095
15275,3285
3285,15275
3285,6019
6019,3285
6019,17051
17051,6019
17051,763
763,17051
763,9621
9621,763
9621,2477
2477,9621
2477,8610
8610,2477
8610,9849
9849,8610
9849,9361
9361,9849
9361,9365
9365,9361
9365,9366
9366,9365
9366,14307
14307,9366
4388,4387
4387,4388
4387,4384
4384,4387
4384,4382
4382,4384
4382,4380
4380,4382
4380,15157
15157,4380
15157,9279
9279,15157
9279,4358
4358,9279
4358,17490
17490,4358
17490,4360
4360,17490
4360,4362
4362,4360
4362,4364
4364,4362
4364,4366
4366,4364
4366,9867
9867,4366
9867,7845
7845,9867
7845,17030
17030,7845
17030,1700
1700,17030
1700,6024
6024,1700
6024,42
42,6024
42,40
40,42
40,6388
6388,40
6388,6966
6966,6388
6966,3674
3674,6966
3674,7463
7463,3674
7463,7958
7958,7463
7958,7960
7960,7958
7960,7962
7962,7960
7962,7964
7964,7962
7964,11978
11978,7964
11978,5259
5259,11978
5259,5256
5256,5259
5256,5254
5254,5256
5254,5252
5252,5254
5252,5250
5250,5252
5250,5247
5247,5250
5247,5452
5452,5247
5452,16658
16658,5452
16658,5245
5245,16658
6213,5453
5453,6213
5453,5246
5246,5453
5246,5248
5248,5246
5248,5251
5251,5248
5251,5253
5253,5251
5253,5255
5255,5253
5255,5258
5258,5255
5258,17269
17269,5258
17269,7963
7963,17269
7963,7961
7961,7963
7961,7959
7959,7961
7959,7955
7955,7959
7955,17067
17067,7955
17067,6964
6964,17067
6964,6389
6389,6964
6389,41
41,6389
41,1699
1699,41
1699,15125
15125,1699
15125,6018
6018,15125
6018,8938
8938,6018
8938,384
384,8938
384,7844
7844,384
7844,7843
7843,7844
7843,4367
4367,7843
4367,4365
4365,4367
4365,4363
4363,4365
4363,4361
4361,4363
4361,4359
4359,4361
4359,8551
8551,4359
8551,10783
10783,8551
10783,9868
9868,10783
9868,4381
4381,9868
4381,4383
4383,4381
4383,11004
11004,4383
11004,4385
4385,11004
4385,4389
4389,4385
3333,3331
3331,3333
3331,17038
17038,3331
17038,8301
8301,17038
8301,3329
3329,8301
3329,8731
8731,3329
8731,7075
7075,8731
7075,10513
10513,7075
10513,4126
4126,10513
4126,3327
3327,4126
3327,3981
3981,3327
3981,2793
2793,3981
2793,1182
1182,2793
1182,2796
2796,1182
2796,2798
2798,2796
2798,1654
1654,2798
1654,8099
8099,1654
8099,5498
5498,8099
5498,10242
10242,5498
10242,2800
2800,10242
2800,11558
11558,2800
11558,17037
17037,11558
17037,17036
17036,17037
17036,12148
12148,17036
12148,12913
12913,12148
12913,17585
17585,12913
14551,12841
12841,14551
12841,12245
12245,12841
12245,12703
12703,12245
12703,2801
2801,12703
2801,2845
2845,2801
2845,11557
11557,2845
11557,2799
2799,11557
2799,10294
10294,2799
10294,5497
5497,10294
5497,8097
8097,5497
8097,8317
8317,8097
8317,2797
2797,8317
2797,2794
2794,2797
2794,1183
1183,2794
1183,8726
8726,1183
8726,3328
3328,8726
3328,8704
8704,3328
8704,8735
8735,8704
8735,3330
3330,8735
3330,8298
8298,3330
8298,4129
4129,8298
4129,8739
8739,4129
8739,3332
3332,8739
17299,1485
1485,17299
1485,2451
2451,1485
2451,2454
2454,2451
2454,2455
2455,2454
2455,2457
2457,2455
2457,10363
10363,2457
10363,2458
2458,10363
2458,3594
3594,2458
3594,9169
9169,3594
9169,3336
3336,9169
3336,7237
7237,3336
7237,3691
3691,7237
3691,10578
10578,3691
10579,252
252,10579
252,8918
8918,252
8918,2473
2473,8918
2473,1788
1788,2473
1788,1786
1786,1788
1786,10994
10994,1786
10994,6021
6021,10994
6021,1784
1784,6021
1784,9208
9208,1784
9208,11659
11659,9208
11659,17439
17439,11659
17439,17519
17519,17439
17519,967
967,17519
967,9796
9796,967
9796,17051
17051,9796
8610,2478
2478,8610
2478,15828
15828,2478
15831,1660
1660,15831
1660,17247
17247,1660
10304,17506
17506,10304
17506,674
674,17506
674,10530
10530,674
10530,17460
17460,10530
17460,250
250,17460
250,5628
5628,250
5628,17517
17517,5628
17517,2605
2605,17517
2605,11658
11658,2605
11658,11661
11661,11658
11661,1783
1783,11661
1783,6020
6020,1783
6020,10995
10995,6020
10995,1785
1785,10995
1785,1787
1787,1785
1787,2474
2474,1787
2474,2472
2472,2474
2472,251
251,2472
251,5982
5982,251
10577,1842
1842,10577
1842,3338
3338,1842
3338,3337
3337,3338
3337,1169
1169,3337
1169,3335
3335,1169
3335,2459
2459,3335
2459,10365
10365,2459
10365,9589
9589,10365
9589,2456
2456,9589
2456,2453
2453,2456
2453,2452
2452,2453
2452,1484
1484,2452
1484,17299
17299,1484
3709,9776
9776,3709
9776,9584
9584,9776
9584,4923
4923,9584
4923,4920
4920,4923
4920,7744
7744,4920
7744,8997
8997,7744
8997,9852
9852,8997
9852,4919
4919,9852
4919,17134
17134,4919
17134,4918
4918,17134
4918,16628
16628,4918
16628,4917
4917,16628
4917,5896
5896,4917
5896,4916
4916,5896
4916,4913
4913,4916
4913,12229
12229,4913
12229,2533
2533,12229
2533,17057
17057,2533
17057,4773
4773,17057
4773,4909
4909,4773
13990,17260
17260,13990
17260,14576
14576,17260
14576,14545
14545,14576
14545,12479
12479,14545
12454,14612
14612,12454
14612,17258
17258,14612
4910,4764
4764,4910
4764,4911
4911,4764
4911,2523
2523,4911
2523,12230
12230,2523
12230,4912
4912,12230
4912,4915
4915,4912
4915,5897
5897,4915
5897,16629
16629,5897
16629,8498
8498,16629
8498,7633
7633,8498
7633,7632
7632,7633
7632,7631
7631,7632
7631,7779
7779,7631
7779,4922
4922,7779
4922,5867
5867,4922
5867,9585
9585,5867
9585,14538
14538,9585
1521,15021
15021,1521
15021,15867
15867,15021
15867,15862
15862,15867
15862,1331
1331,15862
1331,12369
12369,1331
12369,11761
11761,12369
11761,11763
11763,11761
11763,1819
1819,11763
1819,12240
12240,1819
12240,11765
11765,12240
11765,11662
11662,11765
11662,11767
11767,11662
11767,11768
11768,11767
11768,11770
11770,11768
11770,11772
11772,11770
8249,3122
3122,8249
3122,11489
11489,3122
11489,11490
11490,11489
11490,11491
11491,11490
11491,1583
1583,11491
1583,11494
11494,1583
11494,9525
9525,11494
9525,8681
8681,9525
8681,8674
8674,8681
8688,8685
8685,8688
8685,8683
8683,8685
8683,9220
9220,8683
9220,11492
11492,9220
11492,1584
1584,11492
1584,6858
6858,1584
6858,8238
8238,6858
8238,9212
9212,8238
9212,3132
3132,9212
3132,8240
8240,3132
8240,13170
13170,8240
10150,7701
7701,10150
7701,11771
11771,7701
11771,11769
11769,11771
11769,15874
15874,11769
15874,11663
11663,15874
11663,11766
11766,11663
11766,12239
12239,11766
12239,1814
1814,12239
1814,11764
11764,1814
11764,11762
11762,11764
11762,2363
2363,11762
2363,15864
15864,2363
15864,15865
15865,15864
15865,15859
15859,15865
10145,5833
5833,10145
5782,14310
14310,5782
14310,17586
17586,14310
17586,2770
2770,17586
2770,11906
11906,2770
11070,13706
13706,11070
14967,2779
2779,14967
2779,17587
17587,2779
17587,11062
11062,17587
11062,14315
14315,11062
5839,6207
6207,5839
403,401
401,403
401,399
399,401
399,396
396,399
396,395
395,396
395,393
393,395
393,139
139,393
139,391
391,139
391,10882
10882,391
8304,9911
9911,8304
9911,8293
8293,9911
8293,8406
8406,8293
8406,11270
11270,8406
11270,11268
11268,11270
11268,11266
11266,11268
11266,11264
11264,11266
11264,10409
10409,11264
10409,11247
11247,10409
11247,8201
8201,11247
8201,8200
8200,8201
13709,1863
1863,13709
14967,5900
5900,14967
5900,11670
11670,5900
11670,17699
17699,11670
17699,14312
14312,17699
5934,7856
7856,5934
7856,9961
9961,7856
15067,6481
6481,15067
6481,15123
15123,6481
15124,8784
8784,15124
6630,13056
13056,6630
10592,14310
14310,10592
14310,9634
9634,14310
9634,17698
17698,9634
17698,11061
11061,17698
11061,11669
11669,11061
11669,5898
5898,11669
5898,11906
11906,5898
17861,17455
17455,17861
17455,17742
17742,17455
17742,13856
13856,17742
13856,7627
7627,13856
7627,11250
11250,7627
11250,10408
10408,11250
10408,11262
11262,10408
11262,11265
11265,11262
11265,11267
11267,11265
11267,11269
11269,11267
11269,10417
10417,11269
10417,7671
7671,10417
7671,11273
11273,7671
11273,5359
5359,11273
5359,6931
6931,5359
6931,10875
10875,6931
10875,390
390,10875
390,392
392,390
392,394
394,392
394,398
398,394
398,5444
5444,398
5444,400
400,5444
400,402
402,400
15179,4482
4482,15179
4478,1138
1138,4478
1138,4924
4924,1138
4924,3884
3884,4924
3884,8585
8585,3884
8585,5029
5029,8585
5029,5279
5279,5029
5279,5028
5028,5279
5028,7511
7511,5028
7511,10355
10355,7511
10355,5026
5026,10355
5026,5375
5375,5026
5375,5024
5024,5375
5024,10353
10353,5024
10353,5022
5022,10353
5022,5020
5020,5022
5020,5018
5018,5020
5018,5167
5167,5018
5167,17209
17209,5167
17209,5408
5408,17209
5408,1316
1316,5408
1316,9967
9967,1316
9967,7628
7628,9967
7628,9358
9358,7628
9358,6387
6387,9358
6387,10712
10712,6387
10712,5541
5541,10712
5541,13025
13025,5541
13025,10710
10710,13025
10710,9836
9836,10710
9836,10706
10706,9836
10706,7710
7710,10706
7710,10705
10705,7710
10705,10704
10704,10705
10704,15122
15122,10704
15122,10702
10702,15122
10702,10700
10700,10702
10700,10698
10698,10700
10698,14635
14635,10698
14635,8278
8278,14635
8278,8279
8279,8278
8279,8281
8281,8279
8281,8283
8283,8281
8283,8286
8286,8283
8286,5729
5729,8286
5729,5655
5655,5729
5655,17577
17577,5655
17577,17578
17578,17577
17578,8288
8288,17578
8288,17803
17803,8288
17580,8289
8289,17580
8289,17579
17579,8289
17579,8287
8287,17579
8287,134
134,8287
134,17191
17191,134
17191,8285
8285,17191
8285,8284
8284,8285
8284,8282
8282,8284
8282,8280
8280,8282
8280,10697
10697,8280
10697,10475
10475,10697
10475,10699
10699,10475
10699,10701
10701,10699
10701,10703
10703,10701
10703,6228
6228,10703
6228,7745
7745,6228
7745,7074
7074,7745
7074,10707
10707,7074
10707,10708
10708,10707
10708,10709
10709,10708
10709,13024
13024,10709
13024,9865
9865,13024
9865,10711
10711,9865
10711,10713
10713,10711
10713,11590
11590,10713
11590,4604
4604,11590
7629,9966
9966,7629
9966,1478
1478,9966
1478,5407
5407,1478
5407,10468
10468,5407
10468,5166
5166,10468
5166,5017
5017,5166
5017,5019
5019,5017
5019,5021
5021,5019
5021,8079
8079,5021
8079,5023
5023,8079
5023,5374
5374,5023
5374,5025
5025,5374
5025,10354
10354,5025
10354,9613
9613,10354
9613,7507
7507,9613
7507,5027
5027,7507
5027,5278
5278,5027
5278,3883
3883,5278
3883,12776
12776,3883
12776,8748
8748,12776
4134,2641
2641,4134
2641,2643
2643,2641
2643,2645
2645,2643
2645,2647
2647,2645
2647,9844
9844,2647
9844,1620
1620,9844
1620,3375
3375,1620
3375,3376
3376,3375
3376,3378
3378,3376
3378,14410
14410,3378
14410,3380
3380,14410
3380,3382
3382,3380
3382,3384
3384,3382
3384,3385
3385,3384
3385,3386
3386,3385
3386,8043
8043,3386
8043,10892
10892,8043
10892,10890
10890,10892
10890,15746
15746,10890
15746,2656
2656,15746
2656,12047
12047,2656
12047,2657
2657,12047
2657,12049
12049,2657
12049,15278
15278,12049
15278,17438
17438,15278
17438,2660
2660,17438
2660,2662
2662,2660
2662,8343
8343,2662
8343,2787
2787,8343
2787,2790
2790,2787
2790,2791
2791,2790
2791,7508
7508,2791
7508,14707
14707,7508
14707,9172
9172,14707
9172,3325
3325,9172
3325,3323
3323,3325
3323,3321
3321,3323
3321,3178
3178,3321
3178,13728
13728,3178
13728,5554
5554,13728
5554,3181
3181,5554
3181,13011
13011,3181
13011,12697
12697,13011
12697,1712
1712,12697
1712,5553
5553,1712
5553,3180
3180,5553
3180,3179
3179,3180
3179,3320
3320,3179
3320,3322
3322,3320
3322,3324
3324,3322
3324,9866
9866,3324
9866,14549
14549,9866
14549,15227
15227,14549
15227,7509
7509,15227
7509,2792
2792,7509
2792,2788
2788,2792
2788,2789
2789,2788
2789,17039
17039,2789
17039,8344
8344,17039
8344,2661
2661,8344
2661,15143
15143,2661
15143,17570
17570,15143
17570,17440
17440,17570
17440,17884
17884,17440
17884,12061
12061,17884
12061,2658
2658,12061
2658,12046
12046,2658
12046,2655
2655,12046
2655,95
95,2655
95,10891
10891,95
10891,7618
7618,10891
7618,7204
7204,7618
7204,13587
13587,7204
13587,3388
3388,13587
3388,3387
3387,3388
3387,3383
3383,3387
3383,3381
3381,3383
3381,14411
14411,3381
14411,3379
3379,14411
3379,3377
3377,3379
3377,2651
2651,3377
2651,1619
1619,2651
1619,8173
8173,1619
8173,2648
2648,8173
2648,9901
9901,2648
9901,2646
2646,9901
2646,9814
9814,2646
9814,2644
2644,9814
2644,9843
9843,2644
9843,1698
1698,9843
2103,2117
2117,2103
2117,4079
4079,2117
4079,17487
17487,4079
17487,8319
8319,17487
8319,8311
8311,8319
8311,11781
11781,8311
7329,4189
4189,7329
6749,15540
15540,6749
9922,13707
13707,9922
11066,9513
9513,11066
17939,17622
17622,17939
17622,11272
11272,17622
11272,14592
14592,11272
14592,4545
4545,14592
8318,17415
17415,8318
17415,1689
1689,17415
1689,4078
4078,1689
4078,4076
4076,4078
4076,2092
2092,4076
1456,10935
10935,1456
15758,8088
8088,15758
8088,8760
8760,8088
8760,13090
13090,8760
13090,5463
5463,13090
5463,3306
3306,5463
3306,3308
3308,3306
3308,5304
5304,3308
5304,1948
1948,5304
1948,2753
2753,1948
2753,9175
9175,2753
9175,9176
9176,9175
9176,9177
9177,9176
9177,8917
8917,9177
8917,8915
8915,8917
8915,15556
15556,8915
15556,16990
16990,15556
16990,3313
3313,16990
3313,14352
14352,3313
14352,17016
17016,14352
17016,15799
15799,17016
15799,3315
3315,15799
3315,3317
3317,3315
3317,3319
3319,3317
3319,7072
7072,3319
7072,5470
5470,7072
5470,7438
7438,5470
8151,17506
17506,8151
17506,5540
5540,17506
5540,10530
10530,5540
17460,9510
9510,17460
9510,15814
15814,9510
15814,15815
15815,15814
15815,15816
15816,15815
15816,15784
15784,15816
15784,9839
9839,15784
15751,9839
9839,15751
9839,15779
15779,9839
15779,15753
15753,15779
15753,967
967,15753
967,7717
7717,967
7436,1665
1665,7436
1665,15782
15782,1665
15782,3318
3318,15782
3318,3316
3316,3318
3316,3314
3314,3316
3314,15798
15798,3314
15798,3312
3312,15798
3312,3334
3334,3312
3334,8913
8913,3334
8913,15557
15557,8913
15557,8914
8914,15557
8914,8916
8916,8914
8916,970
970,8916
970,3311
3311,970
3311,3310
3310,3311
3310,2754
2754,3310
2754,1947
1947,2754
1947,5301
5301,1947
5301,9369
9369,5301
9369,3307
3307,9369
3307,14289
14289,3307
14289,3305
3305,14289
3305,5464
5464,3305
5464,13091
13091,5464
13091,3304
3304,13091
3304,8020
8020,3304
8020,15758
15758,8020
7946,3086
3086,7946
3086,162
162,3086
162,9463
9463,162
9463,1707
1707,9463
1707,10999
10999,1707
10999,383
383,10999
383,1706
1706,383
1706,1705
1705,1706
1705,2282
2282,1705
2282,17030
17030,2282
6388,17383
17383,6388
17383,9958
9958,17383
9958,1671
1671,9958
1671,1650
1650,1671
1650,4439
4439,1650
3720,16667
16667,3720
16667,16664
16664,16667
16664,11005
11005,16664
11005,11008
11008,11005
11008,11009
11009,11008
11009,11013
11013,11009
11013,3719
3719,11013
3719,3716
3716,3719
3716,3714
3714,3716
3714,3712
3712,3714
3712,4446
4446,3712
4446,3710
3710,4446
3710,1452
1452,3710
3609,8790
8790,3609
8790,3711
3711,8790
3711,4447
4447,3711
4447,3713
3713,4447
3713,3715
3715,3713
3715,3717
3717,3715
3717,3718
3718,3717
3718,11012
11012,3718
11012,11011
11011,11012
11011,11007
11007,11011
11007,11006
11006,11007
11006,12037
12037,11006
4438,8730
8730,4438
8730,1670
1670,8730
1670,8153
8153,1670
8153,3723
3723,8153
3723,6965
6965,3723
6965,6389
6389,6965
384,1701
1701,384
1701,1702
1702,1701
1702,1703
1703,1702
1703,11000
11000,1703
11000,1704
1704,11000
1704,15608
15608,1704
15608,5719
5719,15608
5719,17061
17061,5719
17061,16624
16624,17061
6282,376
376,6282
376,372
372,376
372,370
370,372
370,374
374,370
374,3894
3894,374
3894,10897
10897,3894
10897,10662
10662,10897
10662,10660
10660,10662
10660,11325
11325,10660
11325,11304
11304,11325
11304,16561
16561,11304
16561,1479
1479,16561
1479,11277
11277,1479
783,769
769,783
769,10917
10917,769
10917,14997
14997,10917
14997,11372
11372,14997
11372,13944
13944,11372
13944,8124
8124,13944
8124,2878
2878,8124
2878,7778
7778,2878
7778,10414
10414,7778
10414,3619
3619,10414
8885,17457
17457,8885
17457,17456
17456,17457
17427,9918
9918,17427
9918,2045
2045,9918
17742,17590
17590,17742
17590,4009
4009,17590
4009,17501
17501,4009
17501,17449
17449,17501
17449,17574
17574,17449
17574,17713
17713,17574
17713,11373
11373,17713
11373,8125
8125,11373
8125,10911
10911,8125
8127,770
770,8127
770,790
790,770
11280,10884
10884,11280
10884,5202
5202,10884
5202,11324
11324,5202
11324,10661
10661,11324
10661,10663
10663,10661
10663,10894
10894,10663
10894,10664
10664,10894
10664,375
375,10664
375,371
371,375
371,373
373,371
373,14891
14891,373
14891,377
377,14891
377,378
378,377
11018,15827
15827,11018
15827,1960
1960,15827
1960,6038
6038,1960
6038,6036
6036,6038
6036,1953
1953,6036
1953,1952
1952,1953
1952,13159
13159,1952
13159,8377
8377,13159
8377,8376
8376,8377
8376,2346
2346,8376
2346,1951
1951,2346
1951,5313
5313,1951
5313,5304
5304,5313
2753,1946
1946,2753
1946,1453
1453,1946
1453,1944
1944,1453
1944,17048
17048,1944
17048,17032
17032,17048
17032,1943
1943,17032
1943,1940
1940,1943
1940,8
8,1940
8,9375
9375,8
9375,11044
11044,9375
11044,1695
1695,11044
1695,1938
1938,1695
1938,1936
1936,1938
1936,17401
17401,1936
17401,17400
17400,17401
17400,448
448,17400
448,7065
7065,448
7065,7064
7064,7065
7064,11503
11503,7064
11503,5876
5876,11503
5876,7716
7716,5876
7716,500
500,7716
500,17602
17602,500
7058,8781
8781,7058
5952,16561
16561,5952
17902,6296
6296,17902
6296,501
501,6296
501,11504
11504,501
11504,7063
7063,11504
7063,7066
7066,7063
7066,449
449,7066
449,1935
1935,449
1935,1937
1937,1935
1937,166
166,1937
166,1696
1696,166
1696,11074
11074,1696
11074,1939
1939,11074
1939,9
9,1939
9,1941
1941,9
1941,8729
8729,1941
8729,1945
1945,8729
1945,1455
1455,1945
1455,2752
2752,1455
2752,2754
2754,2752
5301,9512
9512,5301
9512,1949
1949,9512
1949,2347
2347,1949
2347,8375
8375,2347
8375,8378
8378,8375
8378,9058
9058,8378
9058,1992
1992,9058
1992,6035
6035,1992
6035,6037
6037,6035
6037,6087
6087,6037
6087,1961
1961,6087
1961,7351
7351,1961
7351,8886
8886,7351
10742,17666
17666,10742
17666,17641
17641,17666
17641,17667
17667,17641
17667,6597
6597,17667
6597,10732
10732,6597
10732,10731
10731,10732
10731,10729
10729,10731
10729,10726
10726,10729
10726,7074
7074,10726
11590,10715
10715,11590
10715,10717
10717,10715
10717,10719
10719,10717
10719,10721
10721,10719
10721,10722
10722,10721
10722,10724
10724,10722
10724,10734
10734,10724
10734,10736
10736,10734
10736,10739
10739,10736
10739,6871
6871,10739
6871,6874
6874,6871
6874,6876
6876,6874
6876,6878
6878,6876
6878,9514
9514,6878
9514,8898
8898,9514
8898,11476
11476,8898
11476,17816
17816,11476
17614,9485
9485,17614
9781,17852
17852,9781
17852,14956
14956,17852
14956,17933
17933,14956
17933,12194
12194,17933
12194,8897
8897,12194
8897,4106
4106,8897
4106,11586
11586,4106
11586,6873
6873,11586
6873,4108
4108,6873
4108,10740
10740,4108
10740,10737
10737,10740
10737,10735
10735,10737
10735,10733
10733,10735
10733,10725
10725,10733
10725,10723
10723,10725
10723,12227
12227,10723
12227,10718
10718,12227
10718,10716
10716,10718
10716,10714
10714,10716
10714,9358
9358,10714
10706,5783
5783,10706
5783,10727
10727,5783
10727,10728
10728,10727
10728,10730
10730,10728
10730,10988
10988,10730
10988,6598
6598,10988
6598,13545
13545,6598
13545,17555
17555,13545
17555,17522
17522,17555
17522,10741
10741,17522
8635,379
379,8635
379,2501
2501,379
2501,7057
7057,2501
7057,5774
5774,7057
5774,11705
11705,5774
11705,10984
10984,11705
10984,10989
10989,10984
10989,4075
4075,10989
4075,5902
5902,4075
5902,4072
4072,5902
4072,11079
11079,4072
11079,11081
11081,11079
11081,13391
13391,11081
13391,11083
11083,13391
11083,11087
11087,11083
11087,11089
11089,11087
11089,5910
5910,11089
5910,8474
8474,5910
8563,15379
15379,8563
15379,445
445,15379
11126,15066
15066,11126
11102,15380
15380,11102
15380,11100
11100,15380
11092,11091
11091,11092
11091,11088
11088,11091
11088,11086
11086,11088
11086,11085
11085,11086
11085,11082
11082,11085
11082,11080
11080,11082
11080,17156
17156,11080
17156,4073
4073,17156
4073,5901
5901,4073
5901,4074
4074,5901
4074,10990
10990,4074
10990,10983
10983,10990
10983,11704
11704,10983
11704,5772
5772,11704
5772,10144
10144,5772
10144,2500
2500,10144
2500,17275
17275,2500
7466,7776
7776,7466
7776,11665
11665,7776
11665,532
532,11665
532,531
531,532
531,529
529,531
529,527
527,529
527,523
523,527
523,521
521,523
521,5506
5506,521
10515,10520
10520,10515
8885,2339
2339,8885
9864,1481
1481,9864
11810,8780
8780,11810
8780,14785
14785,8780
14785,9097
9097,14785
17595,17590
17590,17595
14712,10466
10466,14712
10466,1450
1450,10466
2694,11706
11706,2694
11706,522
522,11706
522,524
524,522
524,525
525,524
525,528
528,525
528,530
530,528
530,11666
11666,530
11666,7770
7770,11666
7770,7465
7465,7770
15730,9781
9781,15730
4108,2034
2034,4108
2034,7519
7519,2034
7519,3692
3692,7519
3692,3695
3695,3692
3695,3696
3696,3695
3696,11
11,3696
11,3698
3698,11
3698,15497
15497,3698
15497,3701
3701,15497
3701,9984
9984,3701
9984,77
77,9984
77,7343
7343,77
7343,3702
3702,7343
3702,4080
4080,3702
4080,3705
3705,4080
3705,10689
10689,3705
10689,10688
10688,10689
10688,12794
12794,10688
12794,8071
8071,12794
8071,9265
9265,8071
9265,9283
9283,9265
9283,9285
9285,9283
9285,9286
9286,9285
9286,8288
8288,9286
8288,17580
17580,8288
17580,17650
17650,17580
17650,8287
8287,17650
8287,10018
10018,8287
10018,10528
10528,10018
10528,5657
5657,10528
5657,5864
5864,5657
5864,10020
10020,5864
10020,128
128,10020
128,130
130,128
130,5688
5688,130
5688,132
132,5688
132,5663
5663,132
5663,10001
10001,5663
10001,5859
5859,10001
5859,5861
5861,5859
5861,5862
5862,5861
5862,7745
7745,5862
7745,12642
12642,7745
10705,5860
5860,10705
5860,5858
5858,5860
5858,10002
10002,5858
10002,5662
5662,10002
5662,133
133,5662
133,5689
5689,133
5689,131
131,5689
131,129
129,131
129,10019
10019,129
10019,5889
5889,10019
5889,5656
5656,5889
5656,10527
10527,5656
10527,12228
12228,10527
12228,17577
17577,12228
17577,17651
17651,17577
17651,17580
17580,17651
8289,9287
9287,8289
9287,17136
17136,9287
17136,9290
9290,17136
9290,9288
9288,9290
9288,9289
9289,9288
9289,12795
12795,9289
12795,14412
14412,12795
14412,9053
9053,14412
9053,3704
3704,9053
3704,4081
4081,3704
4081,3703
3703,4081
3703,7344
7344,3703
7344,78
78,7344
78,9065
9065,78
9065,9980
9980,9065
9980,3700
3700,9980
3700,3699
3699,3700
3699,10
10,3699
10,3697
3697,10
3697,3694
3694,3697
3694,3693
3693,3694
3693,17208
17208,3693
17208,6871
6871,17208
14978,14979
14979,14978
15028,8583
8583,15028
8583,14168
14168,8583
14168,8727
8727,14168
10421,17638
17638,10421
17638,12605
12605,17638
12605,12606
12606,12605
12606,12607
12607,12606
12607,12608
12608,12607
12608,12609
12609,12608
12609,12610
12610,12609
12610,16563
16563,12610
16563,8430
8430,16563
8430,8431
8431,8430
8431,8432
8432,8431
8432,12118
12118,8432
12118,8433
8433,12118
12957,16562
16562,12957
16562,12611
12611,16562
12611,12613
12613,12611
12613,12614
12614,12613
12614,12615
12615,12614
12615,12616
12616,12615
12616,12617
12617,12616
12617,12618
12618,12617
12618,12619
12619,12618
12619,12620
12620,12619
12620,11981
11981,12620
11981,9775
9775,11981
9775,13667
13667,9775
15472,9740
9740,15472
9740,14169
14169,9740
14169,7909
7909,14169
11364,14978
14978,11364
8649,2159
2159,8649
2159,7947
7947,2159
7947,11623
11623,7947
11623,11621
11621,11623
11621,11619
11619,11621
11619,8192
8192,11619
8192,11617
11617,8192
11617,11615
11615,11617
11615,11613
11613,11615
11613,11611
11611,11613
11611,7568
7568,11611
7568,15441
15441,7568
15441,10759
10759,15441
10759,1346
1346,10759
1346,7548
7548,1346
7548,7533
7533,7548
7533,7518
7518,7533
7518,7510
7510,7518
7510,7502
7502,7510
7502,7494
7494,7502
7494,12217
12217,7494
12217,15625
15625,12217
15625,10924
10924,15625
7487,584
584,7487
584,7484
7484,584
7484,7482
7482,7484
7482,7480
7480,7482
7480,17557
17557,7480
17557,17556
17556,17557
17556,14730
14730,17556
14733,17630
17630,14733
17630,17745
17745,17630
17745,7481
7481,17745
7481,7483
7483,7481
7483,7485
7485,7483
7485,7486
7486,7485
2847,5525
5525,2847
5525,7490
7490,5525
7490,7491
7491,7490
7491,16603
16603,7491
16603,7250
7250,16603
7250,7513
7513,7250
7513,5962
5962,7513
5962,7527
7527,5962
7527,7534
7534,7527
7534,1339
1339,7534
1339,10756
10756,1339
10756,7549
7549,10756
7549,7564
7564,7549
7564,7572
7572,7564
7572,11612
11612,7572
11612,11614
11614,11612
11614,1592
1592,11614
1592,11618
11618,1592
11618,8159
8159,11618
8159,11620
11620,8159
11620,11622
11622,11620
11622,11624
11624,11622
11624,11625
11625,11624
11625,7340
7340,11625
14611,719
719,14611
719,721
721,719
721,723
723,721
723,7467
7467,723
7467,3220
3220,7467
8787,2529
2529,8787
2529,6123
6123,2529
6123,231
231,6123
231,6015
6015,231
6015,2531
2531,6015
2531,8188
8188,2531
8188,5223
5223,8188
5223,2534
2534,5223
2534,4750
4750,2534
4750,429
429,4750
429,6119
6119,429
6119,2536
2536,6119
2536,2538
2538,2536
2538,2540
2540,2538
2540,2542
2542,2540
2542,32
32,2542
32,7145
7145,32
7145,2543
2543,7145
2543,1692
1692,2543
1692,2897
2897,1692
2897,4443
4443,2897
4443,5505
5505,4443
5505,2895
2895,5505
2895,2893
2893,2895
2893,5603
5603,2893
5603,2944
2944,5603
2944,7428
7428,2944
7269,2449
2449,7269
2449,2581
2581,2449
2581,2580
2580,2581
2580,2579
2579,2580
2579,2577
2577,2579
2577,9383
9383,2577
9383,9387
9387,9383
9387,9389
9389,9387
9389,9392
9392,9389
9392,9393
9393,9392
9393,9148
9148,9393
9391,9388
9388,9391
9388,9390
9390,9388
9390,9386
9386,9390
9386,9384
9384,9386
9384,2576
2576,9384
2576,2578
2578,2576
2578,5971
5971,2578
5971,2582
2582,5971
2582,7277
7277,2582
7268,15287
15287,7268
15287,5602
5602,15287
5602,2892
2892,5602
2892,2894
2894,2892
2894,5500
5500,2894
5500,4441
4441,5500
4441,2896
2896,4441
2896,2898
2898,2896
2898,1572
1572,2898
1572,938
938,1572
938,2541
2541,938
2541,2539
2539,2541
2539,2537
2537,2539
2537,2535
2535,2537
2535,439
439,2535
11137,4741
4741,11137
4741,2532
2532,4741
2532,5217
5217,2532
5217,8187
8187,5217
8187,2530
2530,8187
2530,6014
6014,2530
6014,230
230,6014
230,6122
6122,230
6122,2559
2559,6122
2559,9054
9054,2559
3213,722
722,3213
722,15199
15199,722
15199,720
720,15199
720,718
718,720
718,14263
14263,718
14263,14606
14606,14263
7147,7500
7500,7147
7500,7501
7501,7500
7501,7498
7498,7501
7498,7496
7496,7498
7496,7430
7430,7496
7430,4172
4172,7430
4172,4174
4174,4172
4174,4176
4176,4174
4176,4178
4178,4176
4178,8624
8624,4178
17087,4181
4181,17087
4181,4183
4183,4181
4183,11497
11497,4183
11814,11811
11811,11814
11811,4185
4185,11811
4185,4187
4187,4185
4187,4504
4504,4187
4504,4192
4192,4504
4192,4194
4194,4192
4194,4196
4196,4194
4196,4199
4199,4196
4199,4201
4201,4199
4201,4203
4203,4201
4203,4204
4204,4203
4204,4206
4206,4204
4206,6007
6007,4206
6007,4298
4298,6007
4298,4300
4300,4298
4300,5366
5366,4300
5366,4302
4302,5366
4302,14030
14030,4302
14030,15046
15046,14030
15045,5386
5386,15045
5386,4303
4303,5386
4303,5367
5367,4303
5367,4301
4301,5367
4301,4299
4299,4301
4299,6008
6008,4299
6008,5409
5409,6008
5409,4205
4205,5409
4205,6997
6997,4205
6997,6998
6998,6997
6998,13199
13199,6998
13199,4200
4200,13199
4200,4197
4197,4200
4197,4195
4195,4197
4195,4193
4193,4195
4193,4191
4191,4193
4191,4188
4188,4191
4188,4186
4186,4188
4186,11812
11812,4186
11812,11813
11813,11812
4221,4184
4184,4221
4184,4182
4182,4184
4182,4180
4180,4182
4180,13007
13007,4180
13007,8688
8688,13007
10180,4179
4179,10180
4179,4177
4177,4179
4177,4175
4175,4177
4175,4173
4173,4175
4173,7429
7429,4173
7429,7497
7497,7429
7497,7499
7499,7497
7499,9440
9440,7499
9440,9552
9552,9440
9552,7147
7147,9552
15371,11148
11148,15371
11148,7754
7754,11148
7754,11551
11551,7754
11551,11549
11549,11551
11549,11576
11576,11549
11576,11547
11547,11576
11547,11545
11545,11547
11545,11543
11543,11545
11543,11540
11540,11543
11540,10950
10950,11540
11526,7842
7842,11526
7842,7841
7841,7842
7841,7840
7840,7841
7840,7837
7837,7840
7837,7862
7862,7837
7862,17557
17557,7862
14732,17630
17630,14732
7481,7759
7759,7481
7759,7890
7890,7759
7890,7839
7839,7890
7839,8613
8613,7839
8613,8622
8622,8613
8622,8623
8623,8622
8623,8609
8609,8623
8609,11528
11528,8609
11524,11539
11539,11524
11539,11542
11542,11539
11542,11544
11544,11542
11544,11546
11546,11544
11546,11548
11548,11546
11548,6170
6170,11548
6170,7724
7724,6170
7724,11149
11149,7724
9177,970
970,9177
1992,1955
1955,1992
1955,1956
1956,1955
1956,9028
9028,1956
9028,12051
12051,9028
12051,9746
9746,12051
9746,1959
1959,9746
1959,1961
1961,1959
7351,8830
8830,7351
8830,2488
2488,8830
2488,5358
5358,2488
5358,11382
11382,5358
11382,11380
11380,11382
11380,13089
13089,11380
13089,2491
2491,13089
2491,2494
2494,2491
2494,2495
2495,2494
2495,12197
12197,2495
12197,8904
8904,12197
8904,8906
8906,8904
8906,7383
7383,8906
7383,7401
7401,7383
7401,12413
12413,7401
12413,2797
2797,12413
3328,4127
4127,3328
4127,16903
16903,4127
14691,7567
7567,14691
7567,7075
7075,7567
2798,7639
7639,2798
7639,6230
6230,7639
6230,8905
8905,6230
8905,8903
8903,8905
8903,12196
12196,8903
12196,2496
2496,12196
2496,2492
2492,2496
2492,17026
17026,2492
17026,2490
2490,17026
2490,15793
15793,2490
15793,11381
11381,15793
11381,4678
4678,11381
4678,2489
2489,4678
2489,11018
11018,2489
1960,1958
1958,1960
1958,9747
9747,1958
9747,9029
9029,9747
9029,9842
9842,9029
9842,1957
1957,9842
1957,1954
1954,1957
1954,1953
1953,1954
9176,9178
9178,9176
16951,9942
9942,16951
9942,3115
3115,9942
3115,3117
3117,3115
3117,3119
3119,3117
3119,3121
3121,3119
3121,3123
3123,3121
3123,3126
3126,3123
3126,1924
1924,3126
1924,271
271,1924
13535,15189
15189,13535
15189,3128
3128,15189
3128,3131
3131,3128
3131,10492
10492,3131
10492,4881
4881,10492
4881,25
25,4881
5753,11261
11261,5753
11261,11060
11060,11261
3265,5755
5755,3265
5755,10334
10334,5755
10334,12457
12457,10334
12457,5756
5756,12457
5756,11696
11696,5756
11696,13748
13748,11696
13748,1194
1194,13748
1194,12689
12689,1194
12689,2665
2665,12689
2665,10333
10333,2665
10333,10332
10332,10333
10332,17471
17471,10332
17471,5754
5754,17471
10755,5613
5613,10755
5613,13047
13047,5613
13047,10483
10483,13047
10483,3130
3130,10483
3130,3129
3129,3130
3129,3127
3127,3129
3127,8348
8348,3127
8348,17097
17097,8348
6651,1934
1934,6651
1934,3125
3125,1934
3125,3124
3124,3125
3124,3120
3120,3124
3120,3118
3118,3120
3118,3116
3116,3118
3116,1770
1770,3116
17296,5990
5990,17296
5990,2320
2320,5990
2320,5393
5393,2320
5393,3301
3301,5393
3301,7566
7566,3301
7566,569
569,7566
569,3217
3217,569
3217,3219
3219,3217
3219,4802
4802,3219
4802,672
672,4802
672,4086
4086,672
4086,4087
4087,4086
4087,4089
4089,4087
4089,4091
4091,4089
4091,4093
4093,4091
4093,657
657,4093
657,659
659,657
659,679
679,659
679,1711
1711,679
1711,1643
1643,1711
11878,9947
9947,11878
9947,4094
4094,9947
4094,9949
9949,4094
9949,13280
13280,9949
9199,9950
9950,9199
9950,4095
4095,9950
4095,9948
9948,4095
9948,11879
11879,9948
9312,6994
6994,9312
6994,6785
6785,6994
6785,660
660,6785
660,12390
12390,660
12390,658
658,12390
658,656
656,658
656,4092
4092,656
4092,4090
4090,4092
4090,4088
4088,4090
4088,676
676,4088
676,675
675,676
675,4801
4801,675
4801,3218
3218,4801
3218,3216
3216,3218
3216,15029
15029,3216
15029,7626
7626,15029
7626,3299
3299,7626
3299,11320
11320,3299
11320,2318
2318,11320
2318,11985
11985,2318
17864,17867
17867,17864
17867,17656
17656,17867
5981,16620
16620,5981
16620,16568
16568,16620
16568,17919
17919,16568
17919,17916
17916,17919
17916,16622
16622,17916
16622,12153
12153,16622
12153,4943
4943,12153
4943,8591
8591,4943
8591,3878
3878,8591
3878,3880
3880,3878
3880,10202
10202,3880
10202,7606
7606,10202
7606,15623
15623,7606
15623,3883
3883,15623
8585,3882
3882,8585
3882,1179
1179,3882
1179,3881
3881,1179
3881,3879
3879,3881
3879,8166
8166,3879
8166,13038
13038,8166
13038,13037
13037,13038
13037,11375
11375,13037
11375,16623
16623,11375
16623,17920
17920,16623
17920,17921
17921,17920
17921,16567
16567,17921
16567,16621
16621,16567
16621,16569
16569,16621
16569,11502
11502,16569
17512,17869
17869,17512
17869,17863
17863,17869
7049,1811
1811,7049
2187,526
526,2187
526,1809
1809,526
1809,1808
1808,1809
1808,10238
10238,1808
3732,6277
6277,3732
7704,10344
10344,7704
5918,6419
6419,5918
6419,17197
17197,6419
17197,1810
1810,17197
1810,10234
10234,1810
14551,12842
12842,14551
12842,2182
2182,12842
2182,2692
2692,2182
2692,2690
2690,2692
2690,2688
2688,2690
2688,17000
17000,2688
17000,2685
2685,17000
2685,2684
2684,2685
2684,2682
2682,2684
2682,2680
2680,2682
2680,15272
15272,2680
15272,6385
6385,15272
6385,6383
6383,6385
6383,7464
7464,6383
7464,6392
6392,7464
6392,2175
2175,6392
2175,2437
2437,2175
2437,2172
2172,2437
2172,2170
2170,2172
2170,15905
15905,2170
15905,15532
15532,15905
15532,15533
15533,15532
15533,17321
17321,15533
17321,1876
1876,17321
1876,1874
1874,1876
1874,1873
1873,1874
1873,7948
7948,1873
2809,2731
2731,2809
2731,2735
2735,2731
2735,11641
11641,2735
11641,11602
11602,11641
11602,2245
2245,11602
2245,2244
2244,2245
2244,9992
9992,2244
9992,1761
1761,9992
1758,10630
10630,1758
10630,103
103,10630
103,17025
17025,103
17025,1119
1119,17025
1119,8581
8581,1119
8581,8580
8580,8581
8580,7555
7555,8580
7555,83
83,7555
83,7894
7894,83
7894,15545
15545,7894
15545,10626
10626,15545
10626,10625
10625,10626
10625,13536
13536,10625
5360,7941
7941,5360
7941,14645
14645,7941
5941,12368
12368,5941
12368,10627
10627,12368
10627,3528
3528,10627
3528,84
84,3528
84,10628
10628,84
10628,85
85,10628
85,1060
1060,85
1060,10629
10629,1060
10629,7073
7073,10629
7073,10631
10631,7073
10631,8078
8078,10631
8078,5695
5695,8078
11644,15166
15166,11644
15166,2810
2810,15166
1872,15896
15896,1872
15896,1875
1875,15896
1875,1877
1877,1875
1877,15528
15528,1877
15528,15529
15529,15528
15529,15531
15531,15529
15531,2169
2169,15531
2169,2171
2171,2169
2171,2173
2173,2171
2173,2174
2174,2173
2174,6390
6390,2174
6390,6391
6391,6390
6391,6382
6382,6391
6382,6384
6384,6382
6384,6386
6386,6384
6386,2679
2679,6386
2679,2681
2681,2679
2681,2683
2683,2681
2683,1355
1355,2683
1355,2686
2686,1355
2686,2687
2687,2686
2687,2689
2689,2687
2689,2691
2691,2689
2691,2693
2693,2691
2693,12246
12246,2693
12246,2181
2181,12246
2181,12913
12913,2181
6230,7382
7382,6230
7382,7380
7380,7382
7380,7379
7379,7380
7379,7377
7377,7379
7377,7374
7374,7377
7374,2701
2701,7374
2701,2762
2762,2701
2762,2705
2705,2762
2705,2707
2707,2705
2707,2708
2708,2707
2708,17442
17442,2708
17442,17838
17838,17442
17838,12842
12842,17838
2685,2712
2712,2685
2712,2713
2713,2712
2713,2715
2715,2713
2715,2717
2717,2715
2717,2719
2719,2717
2719,9055
9055,2719
9055,8258
8258,9055
8258,8255
8255,8258
8255,8254
8254,8255
8254,8251
8251,8254
8251,17090
17090,8251
17090,8246
8246,17090
8246,9508
9508,8246
9508,9499
9499,9508
9499,9500
9500,9499
9500,8244
8244,9500
8244,8242
8242,8244
8242,3196
3196,8242
3196,3194
3194,3196
3194,1189
1189,3194
1189,4942
4942,1189
4942,4941
4941,4942
4941,4939
4939,4941
4939,4935
4935,4939
4935,4936
4936,4935
4936,4933
4933,4936
4933,17323
17323,4933
17323,4930
4930,17323
4930,4929
4929,4930
4929,4927
4927,4929
4927,17311
17311,4927
17256,14599
14599,17256
14599,4926
4926,14599
4926,4931
4931,4926
4931,4932
4932,4931
4932,4934
4934,4932
4934,4937
4937,4934
4937,4938
4938,4937
4938,4940
4940,4938
4940,9314
9314,4940
9314,3193
3193,9314
3193,3195
3195,3193
3195,8241
8241,3195
8241,8243
8243,8241
8243,9501
9501,8243
9501,9381
9381,9501
9381,9382
9382,9381
9382,8247
8247,9382
8247,8250
8250,8247
8250,8252
8252,8250
8252,8253
8253,8252
8253,8256
8256,8253
8256,15719
15719,8256
15719,8257
8257,15719
8257,8260
8260,8257
8260,2718
2718,8260
2718,2716
2716,2718
2716,7755
7755,2716
7755,2714
2714,7755
2714,2711
2711,2714
2711,1355
1355,2711
12913,17826
17826,12913
17826,17441
17441,17826
17441,2709
2709,17441
2709,17165
17165,2709
17165,6987
6987,17165
6987,2706
2706,6987
2706,2763
2763,2706
2763,2702
2702,2763
2702,2699
2699,2702
2699,7376
7376,2699
7376,7378
7378,7376
7378,13774
13774,7378
13774,7381
7381,13774
7381,12113
12113,7381
12113,7383
7383,12113
9308,15467
15467,9308
15467,15468
15468,15467
15468,2480
2480,15468
2480,16985
16985,2480
16985,9374
9374,16985
9374,2967
2967,9374
2967,17049
17049,2967
17049,1662
1662,17049
1662,17454
17454,1662
17454,1664
1664,17454
1664,1724
1724,1664
1724,2964
2964,1724
2964,2954
2954,2964
2954,2960
2960,2954
2960,1673
1673,2960
2958,2957
2957,2958
2957,2956
2956,2957
2956,15279
15279,2956
15279,2961
2961,15279
2961,2952
2952,2961
2952,6989
6989,2952
6989,9267
9267,6989
9267,16701
16701,9267
16701,2949
2949,16701
2949,2948
2948,2949
2948,2946
2946,2948
2946,6406
6406,2946
6406,15287
15287,6406
15287,2943
2943,15287
2943,7324
7324,2943
7324,2941
2941,7324
2941,2939
2939,2941
2939,2937
2937,2939
2937,9940
9940,2937
9940,11856
11856,9940
11856,11858
11858,11856
11858,11860
11860,11858
11860,13554
13554,11860
7488,11859
11859,7488
11859,11857
11857,11859
11857,5545
5545,11857
5545,9939
9939,5545
9939,2938
2938,9939
2938,2940
2940,2938
2940,2942
2942,2940
2942,2944
2944,2942
2944,6407
6407,2944
6407,2945
2945,6407
2945,2947
2947,2945
2947,10516
10516,2947
10516,9149
9149,10516
9149,2950
2950,9149
2950,2951
2951,2950
2951,2953
2953,2951
2953,11674
11674,2953
11674,6156
6156,11674
6156,1674
1674,6156
1674,2959
2959,1674
2959,2962
2962,2959
2962,2963
2963,2962
2963,2965
2965,2963
2965,14839
14839,2965
14839,12008
12008,14839
12008,17453
17453,12008
17453,17736
17736,17453
17736,1661
1661,17736
1661,1663
1663,1661
1663,2966
2966,1663
2966,1657
1657,2966
1657,3434
3434,1657
3434,2481
2481,3434
2481,2482
2482,2481
2482,2483
2483,2482
2483,15469
15469,2483
15469,9308
9308,15469
17295,5990
5990,17295
5393,2317
2317,5393
2317,2315
2315,2317
2315,2607
2607,2315
2607,2313
2313,2607
2313,1607
1607,2313
1607,8103
8103,1607
8103,2311
2311,8103
2311,6881
6881,2311
6881,1642
1642,6881
1642,8819
8819,1642
8819,1640
1640,8819
1640,8811
8811,1640
8811,1638
1638,8811
1638,1636
1636,1638
1636,7405
7405,1636
7405,1633
1633,7405
1633,7761
7761,1633
7761,8802
8802,7761
8802,2309
2309,8802
2309,2306
2306,2309
2306,2303
2303,2306
2303,2302
2302,2303
2302,5971
5971,2302
5971,7053
7053,5971
7053,2298
2298,7053
2298,11648
11648,2298
11648,1570
1570,11648
105,1573
1573,105
1573,7860
7860,1573
7860,2419
2419,7860
2419,7273
7273,2419
7273,4009
4009,7273
1578,11809
11809,1578
11809,2299
2299,11809
2299,7052
7052,2299
7052,2300
2300,7052
2300,17282
17282,2300
17282,2301
2301,17282
2301,2304
2304,2301
2304,2305
2305,2304
2305,2307
2307,2305
2307,8333
8333,2307
8333,1632
1632,8333
1632,1634
1634,1632
1634,7411
7411,1634
7411,1635
1635,7411
1635,1637
1637,1635
1637,8813
8813,1637
8813,1639
1639,8813
1639,8823
8823,1639
8823,1641
1641,8823
1641,8828
8828,1641
8828,2310
2310,8828
2310,8104
8104,2310
8104,1606
1606,8104
1606,2312
2312,1606
2312,2606
2606,2312
2606,2314
2314,2606
2314,2316
2316,2314
2316,11320
11320,2316
8518,8401
8401,8518
8401,8710
8710,8401
8710,2608
2608,8710
2608,2611
2611,2608
2611,8965
8965,2611
8965,11679
11679,8965
11679,1797
1797,11679
1797,2612
2612,1797
2612,926
926,2612
926,2615
2615,926
2615,1631
1631,2615
1631,2617
2617,1631
2617,11556
11556,2617
11556,7640
7640,11556
7640,2620
2620,7640
2620,10980
10980,2620
10980,2623
2623,10980
2623,2625
2625,2623
2625,5966
5966,2625
5966,2626
2626,5966
2626,3681
3681,2626
3681,5181
5181,3681
5181,17856
17856,5181
17856,14977
14977,17856
14977,7521
7521,14977
7521,7523
7523,7521
7523,7525
7525,7523
7525,7526
7526,7525
7526,2634
2634,7526
2634,6106
6106,2634
6106,2868
2868,6106
2868,2869
2869,2868
2869,1460
1460,2869
1460,1918
1918,1460
1918,5996
5996,1918
5996,1919
1919,5996
1919,1921
1921,1919
1921,1923
1923,1921
1923,1926
1926,1923
1926,1928
1928,1926
1928,6012
6012,1928
6012,1929
1929,6012
1929,7355
7355,1929
7356,1930
1930,7356
1930,6013
6013,1930
6013,1927
1927,6013
1927,1925
1925,1927
1925,1922
1922,1925
1922,1920
1920,1922
1920,17027
17027,1920
17027,5993
5993,17027
5993,17198
17198,5993
17198,1459
1459,17198
1459,2870
2870,1459
2870,17448
17448,2870
17448,2633
2633,17448
2633,7528
7528,2633
7528,7524
7524,7528
7524,7522
7522,7524
7522,7520
7520,7522
7520,13471
13471,7520
13471,9862
9862,13471
9862,9080
9080,9862
9080,8671
8671,9080
8671,5182
5182,8671
5182,8786
8786,5182
8786,3672
3672,8786
3672,2627
2627,3672
2627,3754
3754,2627
3754,2624
2624,3754
2624,2622
2622,2624
2622,2621
2621,2622
2621,2619
2619,2621
2619,6160
6160,2619
6160,11555
11555,6160
2618,2616
2616,2618
2616,2614
2614,2616
2614,925
925,2614
925,2613
2613,925
2613,7419
7419,2613
7419,5954
5954,7419
5954,8966
8966,5954
8966,2610
2610,8966
2610,2609
2609,2610
2609,8460
8460,2609
8460,8518
8518,8460
11226,17708
17708,11226
17708,12241
12241,17708
12241,11375
11375,12241
9549,10419
10419,9549
11376,12153
12153,11376
12153,1171
1171,12153
1171,7271
7271,1171
7271,11383
11383,7271
11383,14292
14292,11383
14292,11225
11225,14292
9359,3175
3175,9359
3175,12790
12790,3175
12790,4246
4246,12790
4246,12073
12073,4246
12073,3173
3173,12073
3173,3141
3141,3173
3141,7664
7664,3141
7664,3172
3172,7664
3172,3169
3169,3172
3169,3167
3167,3169
3167,10286
10286,3167
10286,3165
3165,10286
3165,3164
3164,3165
3164,10292
10292,3164
10292,3759
3759,10292
3759,17744
17744,3759
17744,17658
17658,17744
17658,12148
12148,17658
14551,12517
12517,14551
12517,12518
12518,12517
12518,15713
15713,12518
15713,10659
10659,15713
10659,3808
3808,10659
3808,3758
3758,3808
3758,10295
10295,3758
10295,3163
3163,10295
3163,3166
3166,3163
3166,5945
5945,3166
5945,9385
9385,5945
9385,3168
3168,9385
3168,3170
3170,3168
3170,7665
7665,3170
7665,3149
3149,7665
3149,13259
13259,3149
13259,3174
3174,13259
3174,12141
12141,3174
12141,4257
4257,12141
4257,12792
12792,4257
12792,3176
3176,12792
14236,12396
12396,14236
12396,10777
10777,12396
10777,10758
10758,10777
10758,1885
1885,10758
1885,1886
1886,1885
1886,15921
15921,1886
15921,10655
10655,15921
10655,7393
7393,10655
7393,17481
17481,7393
17481,12517
12517,17481
3166,4879
4879,3166
4879,7348
7348,4879
7348,17006
17006,7348
17006,13728
13728,17006
3181,3182
3182,3181
3182,3184
3184,3182
3184,3185
3185,3184
3185,9313
9313,3185
9313,3188
3188,9313
3188,1185
1185,3188
1184,3187
3187,1184
3187,9309
9309,3187
9309,6010
6010,9309
6010,3186
3186,6010
3186,3183
3183,3186
3183,1712
1712,3183
5553,9372
9372,5553
9372,7347
7347,9372
7347,4880
4880,7347
4880,3165
3165,4880
17658,2181
2181,17658
12913,10657
10657,12913
10657,14428
14428,10657
14428,10656
10656,14428
10656,10654
10654,10656
10654,15922
15922,10654
15922,10745
10745,15922
10745,14234
14234,10745
14234,14236
14236,14234
5611,10358
10358,5611
10358,6415
6415,10358
6415,9100
9100,6415
6404,778
778,6404
778,9953
9953,778
9953,16983
16983,9953
16983,3690
3690,16983
3690,3688
3688,3690
3688,8484
8484,3688
8484,5461
5461,8484
5461,3685
3685,5461
3685,8584
8584,3685
8584,8451
8451,8584
8451,3683
3683,8451
3683,3679
3679,3683
3679,3677
3677,3679
3677,3676
3676,3677
3676,17067
17067,3676
17067,15121
15121,17067
15121,12904
12904,15121
17384,3674
3674,17384
7463,3675
3675,7463
3675,3678
3678,3675
3678,8958
8958,3678
8958,3682
3682,8958
3682,3684
3684,3682
3684,14838
14838,3684
14838,17213
17213,14838
17213,15262
15262,17213
15262,15574
15574,15262
15574,3686
3686,15574
3686,3687
3687,3686
3687,3689
3689,3687
3689,780
780,3689
780,9952
9952,780
9952,779
779,9952
17336,6414
6414,17336
5923,9468
9468,5923
9668,17732
17732,9668
17732,5652
5652,17732
5652,4238
4238,5652
4238,3852
3852,4238
3852,3853
3853,3852
3853,3855
3855,3853
3855,368
368,3855
368,3870
3870,368
3870,3791
3791,3870
3791,11698
11698,3791
11698,17169
17169,11698
17169,3792
3792,17169
3792,3794
3794,3792
3794,3873
3873,3794
3873,3874
3874,3873
3874,3876
3876,3874
3876,4672
4672,3876
4672,3561
3561,4672
3561,3563
3563,3561
3563,3565
3565,3563
3565,8171
8171,3565
8171,3567
3567,8171
3567,3569
3569,3567
3569,3571
3571,3569
3571,2146
2146,3571
2146,929
929,2146
929,3574
3574,929
3574,3576
3576,3574
3576,5053
5053,3576
5053,3578
3578,5053
3578,11673
11673,3578
11673,3580
3580,11673
3580,12972
12972,3580
12972,12973
12973,12972
12973,17762
17762,12973
17762,17392
17392,17762
17392,3582
3582,17392
3582,15628
15628,3582
15628,3583
3583,15628
3583,3585
3585,3583
3585,3587
3587,3585
3587,9840
9840,3587
9840,3589
3589,9840
3589,6215
6215,3589
6215,13042
13042,6215
13041,6217
6217,13041
6217,6216
6216,6217
6216,3588
3588,6216
3588,8807
8807,3588
8807,5972
5972,8807
5972,3586
3586,5972
3586,3584
3584,3586
3584,12011
12011,3584
12011,17185
17185,12011
17185,4804
4804,17185
4804,17771
17771,4804
17771,12982
12982,17771
12982,3581
3581,12982
3581,11671
11671,3581
11671,3579
3579,11671
3579,5052
5052,3579
5052,3577
3577,5052
3577,15392
15392,3577
15392,3575
3575,15392
3575,3573
3573,3575
3573,2144
2144,3573
2144,3572
3572,2144
3572,3570
3570,3572
3570,3568
3568,3570
3568,3566
3566,3568
3566,3564
3564,3566
3564,3562
3562,3564
3562,4671
4671,3562
4671,3877
3877,4671
3877,3875
3875,3877
3875,3872
3872,3875
3872,3795
3795,3872
3795,3793
3793,3795
3793,4445
4445,3793
4445,11699
11699,4445
11699,3790
3790,11699
3790,3871
3871,3790
3871,369
369,3871
369,3856
3856,369
3856,3854
3854,3856
3854,3851
3851,3854
3851,4237
4237,3851
4237,17727
17727,4237
17840,12841
12841,17840
12245,14649
14649,12245
14649,2768
2768,14649
2768,2766
2766,2768
2766,17165
17165,2766
2763,2761
2761,2763
2761,2759
2759,2761
2759,2757
2757,2759
2757,2755
2755,2757
2755,11313
11313,2755
11313,11381
11381,11313
6036,6034
6034,6036
6034,6032
6032,6034
6032,6031
6031,6032
6031,6028
6028,6031
6028,2343
2343,6028
2343,5392
5392,2343
5392,1694
1694,5392
1694,8173
8173,1694
9844,2340
2340,9844
2340,1693
1693,2340
1693,5391
5391,1693
5391,2342
2342,5391
2342,6029
6029,2342
6029,6030
6030,6029
6030,6033
6033,6030
6033,6035
6035,6033
7351,5501
5501,7351
5501,2488
2488,5501
11380,11312
11312,11380
11312,17199
17199,11312
17199,2756
2756,17199
2756,2758
2758,2756
2758,2760
2760,2758
2760,2762
2762,2760
2707,2764
2764,2707
2764,2765
2765,2764
2765,2767
2767,2765
2767,12702
12702,2767
12702,12148
12148,12702
13161,13162
13162,13161
13162,13163
13163,13162
13163,13164
13164,13163
13164,5311
5311,13164
5311,5310
5310,5311
5310,5307
5307,5310
5307,12931
12931,5307
12931,696
696,12931
696,697
697,696
697,700
700,697
700,704
704,700
704,702
702,704
702,1088
1088,702
1088,5446
5446,1088
5446,706
706,5446
706,13669
13669,706
13669,1175
1175,13669
1175,1174
1174,1175
1174,1653
1653,1174
1653,10284
10284,1653
10284,9046
9046,10284
9046,2411
2411,9046
2411,10012
10012,2411
10012,2413
2413,10012
2413,5362
5362,2413
5362,14619
14619,5362
14619,3161
3161,14619
3161,3158
3158,3161
3158,3156
3156,3158
3156,3154
3154,3156
3154,3152
3152,3154
3152,3150
3150,3152
3150,3147
3147,3150
3147,3145
3145,3147
3145,14337
14337,3145
14337,7372
7372,14337
7372,7370
7370,7372
7370,7368
7368,7370
7368,17619
17619,7368
17619,3841
3841,17619
3841,3842
3842,3841
3842,3844
3844,3842
3844,3845
3845,3844
3845,3849
3849,3845
3849,3850
3850,3849
3850,11010
11010,3850
11010,176
176,11010
176,10470
10470,176
10470,174
174,10470
174,172
172,174
172,17266
17266,172
17266,11003
11003,17266
11003,170
170,11003
170,169
169,170
169,1690
1690,169
1690,15732
15732,1690
15732,11926
11926,15732
11926,10943
10943,11926
10943,9906
9906,10943
8478,5812
5812,8478
5812,11924
11924,5812
11924,12560
12560,11924
12560,168
168,12560
168,10998
10998,168
10998,5213
5213,10998
5213,173
173,5213
173,10469
10469,173
10469,9200
9200,10469
9200,175
175,9200
175,3651
3651,175
3651,3848
3848,3651
3848,3847
3847,3848
3847,3846
3846,3847
3846,3843
3843,3846
3843,17480
17480,3843
17480,17725
17725,17480
17725,7369
7369,17725
7369,7371
7371,7369
7371,7373
7373,7371
7373,14335
14335,7373
14335,3146
3146,14335
3146,3148
3148,3146
3148,3151
3151,3148
3151,3153
3153,3151
3153,3155
3155,3153
3155,3157
3157,3155
3157,3159
3159,3157
3159,3162
3162,3159
3162,1728
1728,3162
1728,9043
9043,1728
9043,2412
2412,9043
2412,10009
10009,2412
10009,2410
2410,10009
2410,8788
8788,2410
8788,1172
1172,8788
1172,1652
1652,1172
1652,1173
1173,1652
1173,13168
13168,1173
13168,705
705,13168
705,5445
5445,705
5445,8154
8154,5445
8154,703
703,8154
703,701
701,703
701,699
699,701
699,12115
12115,699
12115,698
698,12115
698,5524
5524,698
5524,5306
5306,5524
5306,5309
5309,5306
5309,5312
5312,5309
5312,13165
13165,5312
13165,13166
13166,13165
13166,14441
14441,13166
14441,13161
13161,14441
9477,8898
8898,9477
17816,9255
9255,17816
9255,6882
6882,9255
6882,10219
10219,6882
10219,6885
6885,10219
6885,6887
6887,6885
6887,6889
6889,6887
6889,6890
6890,6889
6890,6893
6893,6890
6893,6895
6895,6893
6895,6897
6897,6895
6897,6899
6899,6897
6899,6905
6905,6899
6905,6907
6907,6905
6907,6910
6910,6907
6910,6912
6912,6910
6912,5228
5228,6912
5228,5000
5000,5228
5000,4999
4999,5000
4999,4998
4998,4999
4998,4996
4996,4998
4996,14516
14516,4996
14516,4992
4992,14516
4992,4990
4990,4992
4990,4988
4988,4990
4988,8562
8562,4988
8562,4986
4986,8562
4986,7624
7624,4986
7624,12066
12066,7624
12066,6690
6690,12066
6690,7321
7321,6690
7321,1314
1314,7321
1314,1311
1311,1314
1311,1309
1309,1311
1309,6539
6539,1309
6539,6537
6537,6539
6537,1305
1305,6537
1305,1303
1303,1305
1303,6535
6535,1303
6535,1300
1300,6535
1300,6746
6746,1300
6746,1299
1299,6746
1299,1297
1297,1299
1297,6502
6502,1297
6502,1293
1293,6502
1293,9347
9347,1293
9347,7630
7630,9347
7630,15282
15282,7630
15282,3446
3446,15282
3446,3449
3449,3446
3449,3451
3451,3449
3451,3454
3454,3451
3454,3456
3456,3454
3456,16979
16979,3456
16979,3886
3886,16979
3886,3887
3887,3886
3887,3889
3889,3887
3889,4667
4667,3889
4667,1105
1105,4667
1105,13018
13018,1105
13016,3893
3893,13016
3893,3890
3890,3893
3890,3888
3888,3890
3888,3885
3885,3888
3885,15570
15570,3885
15570,3455
3455,15570
3455,3453
3453,3455
3453,3452
3452,3453
3452,12401
12401,3452
12401,3447
3447,12401
3447,15283
15283,3447
15283,3445
3445,15283
3445,1292
1292,3445
1292,1294
1294,1292
1294,6745
6745,1294
6745,1296
1296,6745
1296,1298
1298,1296
1298,8857
8857,1298
8857,6534
6534,8857
6534,1302
1302,6534
1302,14636
14636,1302
14636,1304
1304,14636
1304,6536
6536,1304
6536,1307
1307,6536
1307,1308
1308,1307
1308,1310
1310,1308
1310,1313
1313,1310
1313,7320
7320,1313
7320,6688
6688,7320
12065,7458
7458,12065
7458,4985
4985,7458
4985,8565
8565,4985
8565,4987
4987,8565
4987,4989
4989,4987
4989,4991
4991,4989
4991,14447
14447,4991
14447,4993
4993,14447
4993,4994
4994,4993
4994,4997
4997,4994
4997,11319
11319,4997
11319,6911
6911,11319
6911,6909
6909,6911
6909,6908
6908,6909
6908,6906
6906,6908
6906,6904
6904,6906
6904,6898
6898,6904
6898,6896
6896,6898
6896,6894
6894,6896
6894,6892
6892,6894
6892,6891
6891,6892
6891,6888
6888,6891
6888,6886
6886,6888
6886,6884
6884,6886
6884,6883
6883,6884
6883,17852
17852,6883
12561,11926
11926,12561
10943,8479
8479,10943
8479,2387
2387,8479
2387,8668
8668,2387
8668,212
212,8668
212,215
215,212
215,216
216,215
216,218
218,216
218,220
220,218
220,222
222,220
222,223
223,222
223,225
225,223
225,15154
15154,225
15154,8763
8763,15154
9612,10856
10856,9612
10856,10857
10857,10856
10857,17672
17672,10857
17672,10858
10858,17672
10858,10859
10859,10858
10859,10860
10860,10859
10860,10861
10861,10860
10861,10862
10862,10861
10862,10863
10863,10862
10863,16970
16970,10863
16970,10864
10864,16970
10864,10865
10865,10864
10865,10866
10866,10865
10866,10867
10867,10866
10867,2400
2400,10867
2400,1644
1644,2400
1644,1989
1989,1644
1989,1991
1991,1989
1991,9253
9253,1991
9253,2062
2062,9253
2062,2064
2064,2062
2064,5474
5474,2064
5474,366
366,5474
366,11500
11500,366
11500,1443
1443,11500
1443,2066
2066,1443
2066,1142
1142,2066
1142,11369
11369,1142
11369,1406
1406,11369
1406,2068
2068,1406
2068,2804
2804,2068
2804,2070
2070,2804
2070,16572
16572,2070
16572,15863
15863,16572
15863,15861
15861,15863
15838,13671
13671,15838
13671,15858
15858,13671
15858,17904
17904,15858
17904,16566
16566,17904
16566,2069
2069,16566
2069,2803
2803,2069
2803,2067
2067,2803
2067,1405
1405,2067
1405,11368
11368,1405
11368,1141
1141,11368
1141,2065
2065,1141
2065,11501
11501,2065
11501,5964
5964,11501
5964,367
367,5964
367,2063
2063,367
2063,2061
2061,2063
2061,1990
1990,2061
1990,9154
9154,1990
9154,1987
1987,9154
1987,1645
1645,1987
1645,2399
2399,1645
2399,10881
10881,2399
10881,10880
10880,10881
10880,10879
10879,10880
10879,10878
10878,10879
10878,10877
10877,10878
10877,10876
10876,10877
10876,10430
10430,10876
10430,10874
10874,10430
10874,447
447,10874
447,10873
10873,447
10873,10872
10872,10873
10872,16961
16961,10872
16961,9739
9739,16961
9739,10870
10870,9739
10870,10869
10869,10870
10869,10868
10868,10869
10868,12039
12039,10868
12039,15059
15059,12039
15059,202
202,15059
202,5529
5529,202
5529,226
226,5529
226,224
224,226
224,15188
15188,224
15188,221
221,15188
221,219
219,221
219,217
217,219
217,214
214,217
214,2388
2388,214
2388,2386
2386,2388
2386,3020
3020,2386
3020,5812
5812,3020
17860,6495
6495,17860
6495,11310
11310,6495
11310,8667
8667,11310
8667,5430
5430,8667
5430,3824
3824,5430
3824,4588
4588,3824
4588,3821
3821,4588
3821,3819
3819,3821
3819,14177
14177,3819
14177,14186
14186,14177
14186,14213
14213,14186
14213,14223
14223,14213
14223,14241
14241,14223
14241,14252
14252,14241
14252,3815
3815,14252
3815,5352
5352,3815
5352,6661
6661,5352
6661,6659
6659,6661
6659,6657
6657,6659
6657,13082
13082,6657
13082,3810
3810,13082
3810,12948
12948,3810
12948,6094
6094,12948
6094,6096
6096,6094
6096,6124
6124,6096
6124,6126
6126,6124
6126,6128
6128,6126
6128,6100
6100,6128
6100,3645
3645,6100
3645,3647
3647,3645
3647,10997
10997,3647
10997,3807
3807,10997
3807,10203
10203,3807
10203,10206
10206,10203
10206,10208
10208,10206
10208,3616
3616,10208
3616,3618
3618,3616
3618,3622
3622,3618
3622,6902
6902,3622
6902,17204
17204,6902
17204,7604
7604,17204
8641,13169
13169,8641
13169,3036
3036,13169
3036,5434
5434,3036
5434,8552
8552,5434
8552,6903
6903,8552
6903,3623
3623,6903
3623,3621
3621,3623
3621,10210
10210,3621
10210,10209
10209,10210
10209,10207
10207,10209
10207,10205
10205,10207
10205,11808
11808,10205
11808,1470
1470,11808
1470,3648
3648,1470
3648,3646
3646,3648
3646,6101
6101,3646
6101,6129
6129,6101
6129,6127
6127,6129
6127,6125
6125,6127
6125,6097
6097,6125
6097,6095
6095,6097
6095,13540
13540,6095
13540,17122
17122,13540
17122,9319
9319,17122
9319,6658
6658,9319
6658,6660
6660,6658
6660,3813
3813,6660
3813,5353
5353,3813
5353,3814
3814,5353
3814,14262
14262,3814
14262,14235
14235,14262
14235,14226
14226,14235
14226,14205
14205,14226
14205,14197
14197,14205
14197,14171
14171,14197
14171,3818
3818,14171
3818,3820
3820,3818
3820,8740
8740,3820
8740,3823
3823,8740
3823,5429
5429,3823
5429,229
229,5429
229,6497
6497,229
6497,17860
17860,6497
17267,9162
9162,17267
9162,8121
8121,9162
8121,5300
5300,8121
5300,5298
5298,5300
5298,5296
5296,5298
5296,7253
7253,5296
7253,5294
5294,7253
5294,5292
5292,5294
5292,3134
3134,5292
3134,3136
3136,3134
3136,3138
3138,3136
3138,3140
3140,3138
3140,17724
17724,3140
17724,17479
17479,17724
17479,17505
17505,17479
17505,3839
3839,17505
3839,5978
5978,3839
5978,1132
1132,5978
1132,3421
3421,1132
3421,3425
3425,3421
3425,3427
3427,3425
3427,3428
3428,3427
3428,2048
2048,3428
1618,11868
11868,1618
11868,11866
11866,11868
11866,11864
11864,11866
11864,2164
2164,11864
2164,11134
11134,2164
11134,11862
11862,11134
11862,16765
16765,11862
5766,13284
13284,5766
13284,2914
2914,13284
2914,2912
2912,2914
2912,2910
2910,2912
2910,13283
13283,2910
13283,2909
2909,13283
2909,2906
2906,2909
2906,2904
2904,2906
2904,2464
2464,2904
2464,15427
15427,2464
15427,15160
15160,15427
15160,17871
17871,15160
17871,17872
17872,17871
17872,17469
17469,17872
17468,17870
17870,17468
17870,17850
17850,17870
17850,17851
17851,17850
17851,15429
15429,17851
15429,15428
15428,15429
15428,2905
2905,15428
2905,2907
2907,2905
2907,2908
2908,2907
2908,13282
13282,2908
13282,2911
2911,13282
2911,2913
2913,2911
2913,2915
2915,2913
2915,2917
2917,2915
2917,7239
7239,2917
10616,29
29,10616
29,11379
11379,29
11379,11863
11863,11379
11863,2154
2154,11863
2154,13043
13043,2154
13043,11865
11865,13043
11865,11867
11867,11865
11867,1617
1617,11867
5764,3426
3426,5764
3426,3423
3423,3426
3423,3422
3422,3423
3422,1133
1133,3422
1133,7131
7131,1133
7131,3840
3840,7131
3840,17504
17504,3840
17504,17553
17553,17504
17553,17688
17688,17553
17688,3139
3139,17688
3139,3137
3137,3139
3137,3135
3135,3137
3135,3133
3133,3135
3133,5291
5291,3133
5291,5293
5293,5291
5293,5295
5295,5293
5295,5297
5297,5295
5297,5299
5299,5297
5299,189
189,5299
189,5944
5944,189
5944,17267
17267,5944
17726,17731
17731,17726
17731,10033
10033,17731
10033,1482
1482,10033
1482,10115
10115,1482
10115,5036
5036,10115
5036,11643
11643,5036
11643,5355
5355,11643
5355,5037
5037,5355
5037,5039
5039,5037
5039,5041
5041,5039
5041,7697
7697,5041
7697,3812
3812,7697
3812,13082
13082,3812
3807,3806
3806,3807
3806,17204
17204,3806
17204,10201
10201,17204
8552,11807
11807,8552
11807,3805
3805,11807
3805,11808
11808,3805
17122,17123
17123,17122
17123,7698
7698,17123
7698,5042
5042,7698
5042,5040
5040,5042
5040,5038
5038,5040
5038,5356
5356,5038
5356,17202
17202,5356
17202,10116
10116,17202
10116,5035
5035,10116
5035,9668
9668,5035
8514,17337
17337,8514
17337,762
762,17337
762,2978
2978,762
2978,2980
2980,2978
2980,2982
2982,2980
2982,2984
2984,2982
2984,2986
2986,2984
2986,3804
3804,2986
3804,2989
2989,3804
2989,2990
2990,2989
2990,2992
2992,2990
2992,2994
2994,2992
2994,2997
2997,2994
2997,2999
2999,2997
2999,9530
9530,2999
9530,7652
7652,9530
7652,7655
7655,7652
7655,1391
1391,7655
1391,4751
4751,1391
4751,4747
4747,4751
4747,4746
4746,4747
4746,4744
4744,4746
4744,3190
3190,4744
3190,3497
3497,3190
3497,3498
3498,3497
3498,3500
3500,3498
3500,11979
11979,3500
11979,3503
3503,11979
3503,16999
16999,3503
16999,3504
3504,16999
3504,17213
17213,3504
15262,15266
15266,15262
15266,5448
5448,15266
5448,14438
14438,5448
14438,8387
8387,14438
8387,784
784,8387
784,781
781,784
781,3171
3171,781
3171,10434
10434,3171
10434,6276
6276,10434
11416,14863
14863,11416
6275,9448
9448,6275
9448,3177
3177,9448
3177,782
782,3177
782,785
785,782
785,11407
11407,785
11407,15265
15265,11407
15265,8584
8584,15265
8584,8482
8482,8584
8482,6016
6016,8482
6016,16998
16998,6016
16998,17046
17046,16998
17046,3502
3502,17046
3502,3499
3499,3502
3499,16997
16997,3499
16997,9682
9682,16997
9682,3496
3496,9682
3496,17695
17695,3496
17695,4743
4743,17695
4743,4745
4745,4743
4745,4749
4749,4745
4749,4752
4752,4749
4752,1390
1390,4752
1390,7654
7654,1390
7654,7653
7653,7654
7653,8586
8586,7653
8586,3000
3000,8586
3000,2998
2998,3000
2998,2996
2996,2998
2996,2993
2993,2996
2993,2991
2991,2993
2991,2988
2988,2991
2988,3803
3803,2988
3803,2987
2987,3803
2987,2985
2985,2987
2985,17265
17265,2985
17265,2981
2981,17265
2981,2979
2979,2981
2979,10969
10969,2979
10969,17264
17264,10969
17264,10204
10204,17264
10204,14395
14395,10204
9220,13396
13396,9220
13396,17488
17488,13396
11814,12199
12199,11814
12199,8259
8259,12199
8259,2184
2184,8259
2184,10149
10149,2184
10149,1731
1731,10149
1731,5493
5493,1731
5493,9951
9951,5493
9951,2076
2076,9951
2076,8374
8374,2076
8374,1181
1181,8374
1181,2976
2976,1181
2976,3429
3429,2976
3429,10174
10174,3429
10174,2073
2073,10174
2073,15865
15865,2073
15865,15838
15838,15865
15858,17613
17613,15858
17613,15860
15860,17613
15860,2069
2069,15860
11368,1186
1186,11368
1186,2037
2037,1186
2037,969
969,2037
969,2039
2039,969
2039,2041
2041,2039
2041,6121
6121,2041
6121,4046
4046,6121
4046,4048
4048,4046
4048,4050
4050,4048
4050,4052
4052,4050
4052,4055
4055,4052
4055,4057
4057,4055
4057,15841
15841,4057
15841,15842
15842,15841
15842,4059
4059,15842
4059,5059
5059,4059
5059,4058
4058,5059
4058,4056
4056,4058
4056,4053
4053,4056
4053,4051
4051,4053
4051,4049
4049,4051
4049,4047
4047,4049
4047,7505
7505,4047
7505,12515
12515,7505
12515,2040
2040,12515
2040,2038
2038,2040
2038,968
968,2038
968,2036
2036,968
2036,1187
1187,2036
1187,11369
11369,1187
2070,2072
2072,2070
2072,15837
15837,2072
15837,15021
15021,15837
15862,2074
2074,15862
2074,15034
15034,2074
15034,2075
2075,15034
2075,3433
3433,2075
3433,2977
2977,3433
2977,1188
1188,2977
1188,5955
5955,1188
5955,2077
2077,5955
2077,12640
12640,2077
12640,7943
7943,12640
7943,1730
1730,7943
1730,17652
17652,1730
17652,17432
17432,17652
17432,8266
8266,17432
8266,11975
11975,8266
17489,13543
13543,17489
13543,8681
8681,13543
8824,4525
4525,8824
4525,1285
1285,4525
1285,17420
17420,1285
17420,6917
6917,17420
6917,9997
9997,6917
9997,1283
1283,9997
1283,1282
1282,1283
1282,6488
6488,1282
6488,6490
6490,6488
6490,6492
6492,6490
6492,6493
6493,6492
6493,6494
6494,6493
6494,14029
14029,6494
12065,17937
17937,12065
17937,17541
17541,17937
17541,6491
6491,17541
6491,6489
6489,6491
6489,6487
6487,6489
6487,6486
6486,6487
6486,6918
6918,6486
6918,7696
7696,6918
7696,11370
11370,7696
11370,17419
17419,11370
17419,1284
1284,17419
1284,1286
1286,1284
1286,4524
4524,1286
4524,8762
8762,4524
8762,13038
13038,8762
13064,6342
6342,13064
6342,6340
6340,6342
6340,6337
6337,6340
5549,12725
12725,5549
12725,12442
12442,12725
12442,12443
12443,12442
12443,8473
8473,12443
12945,5122
5122,12945
5122,5120
5120,5122
5120,6992
6992,5120
6992,5119
5119,6992
5119,5117
5117,5119
5117,5115
5115,5117
5115,5112
5112,5115
5112,5110
5110,5112
5110,5492
5492,5110
5492,4510
4510,5492
4510,4509
4509,4510
4509,5124
5124,4509
5124,3473
3473,5124
3473,13146
13146,3473
13146,3469
3469,13146
3469,3468
3468,3469
3468,3466
3466,3468
3466,9079
9079,3466
9079,10825
10825,9079
10824,15149
15149,10824
15149,1024
1024,15149
1024,1026
1026,1024
1026,3934
3934,1026
3934,3764
3764,3934
3764,6329
6329,3764
7346,1025
1025,7346
1025,15150
15150,1025
15150,14755
14755,15150
10839,3463
3463,10839
3463,3465
3465,3463
3465,3467
3467,3465
3467,3470
3470,3467
3470,3471
3471,3470
3471,3472
3472,3471
3472,4507
4507,3472
4507,4508
4508,4507
4508,9261
9261,4508
9261,15392
15392,9261
15392,5111
5111,15392
5111,5113
5113,5111
5113,5114
5114,5113
5114,5116
5116,5114
5116,5118
5118,5116
5118,6991
6991,5118
6991,5121
5121,6991
5121,12949
12949,5121
8472,12439
12439,8472
12439,12441
12441,12439
12441,5233
5233,12441
5233,5550
5550,5233
5550,5125
5125,5550
15274,6338
6338,15274
6338,6339
6339,6338
6339,6341
6341,6339
6341,13065
13065,6341
13219,20
20,13219
20,6004
6004,20
6004,18
18,6004
18,5502
5502,18
5502,16
16,5502
16,13601
13601,16
13601,17091
17091,13601
17091,7117
7117,17091
7117,13
13,7117
13,7115
7115,13
7115,8642
8642,7115
8642,12
12,8642
12,11584
11584,12
11584,11583
11583,11584
11583,11580
11580,11583
11580,7121
7121,11580
7121,11574
11574,7121
11574,11570
11570,11574
11570,4714
4714,11570
6248,10424
10424,6248
10922,11572
11572,10922
11572,11573
11573,11572
11573,7120
7120,11573
7120,11582
11582,7120
11582,11585
11585,11582
11585,17005
17005,11585
17005,7114
7114,17005
7114,7116
7116,7114
7116,14
14,7116
14,15
15,14
15,5473
5473,15
5473,17
17,5473
17,5965
5965,17
5965,6003
6003,5965
6003,19
19,6003
19,12385
12385,19
12385,13999
13999,12385
5027,9482
9482,5027
9482,9494
9494,9482
9494,10214
10214,9494
10214,5323
5323,10214
5323,5321
5321,5323
5321,5319
5319,5321
5319,5317
5317,5319
5317,6332
6332,5317
6332,6335
6335,6332
6335,6336
6336,6335
6336,6901
6901,6336
6901,17204
17204,6901
17204,3035
3035,17204
3035,3037
3037,3035
3037,3040
3040,3037
3040,3042
3042,3040
3042,5056
5056,3042
5056,3044
3044,5056
3044,3046
3046,3044
3046,3048
3048,3046
3048,12906
12906,3048
12906,3049
3049,12906
3049,3051
3051,3049
3051,9268
9268,3051
9268,3053
3053,9268
3053,3055
3055,3053
3055,3057
3057,3055
3057,4589
4589,3057
4589,3059
3059,4589
3059,3801
3801,3059
3801,3061
3061,3801
3061,3063
3063,3061
3063,1464
1464,3063
1464,8758
8758,1464
8758,1466
1466,8758
1466,1170
1170,1466
1170,10726
10726,1170
10726,9998
9998,10726
245,10727
10727,245
10727,3065
3065,10727
3065,1467
1467,3065
1467,8757
8757,1467
8757,1465
1465,8757
1465,3064
3064,1465
3064,3062
3062,3064
3062,3802
3802,3062
3802,3060
3060,3802
3060,4590
4590,3060
4590,3058
3058,4590
3058,3056
3056,3058
3056,3054
3054,3056
3054,653
653,3054
653,3052
3052,653
3052,3050
3050,3052
3050,17205
17205,3050
17205,7711
7711,17205
7711,3047
3047,7711
3047,3045
3045,3047
3045,5057
5057,3045
5057,8405
8405,5057
8405,3041
3041,8405
3041,3038
3038,3041
3038,3036
3036,3038
3036,948
948,3036
948,5610
5610,948
5610,6900
6900,5610
6900,9897
9897,6900
9897,6334
6334,9897
6334,6333
6333,6334
6333,6331
6331,6333
6331,5318
5318,6331
5318,5320
5320,5318
5320,5322
5322,5320
5322,10215
10215,5322
10215,5324
5324,10215
5324,13038
13038,5324
15047,17336
17336,15047
9640,17129
17129,9640
17129,3732
3732,17129
7790,9468
9468,7790
9468,6740
6740,9468
6740,5882
5882,6740
10474,10559
10559,10474
10559,10570
10570,10559
10570,5650
5650,10570
5650,5648
5648,5650
5648,8446
8446,5648
8448,6711
6711,8448
6711,15678
15678,6711
7407,11347
11347,7407
76,1598
1598,76
8449,17588
17588,8449
17588,5649
5649,17588
5649,9181
9181,5649
9181,10576
10576,9181
10576,10566
10566,10576
10566,10383
10383,10566
10358,15048
15048,10358
7488,11886
11886,7488
11886,11888
11888,11886
11888,11890
11890,11888
11890,11892
11892,11890
11892,11894
11894,11892
11894,4959
4959,11894
11835,8621
8621,11835
8621,410
410,8621
410,409
409,410
409,10377
10377,409
10377,407
407,10377
407,405
405,407
405,139
139,405
17749,14434
14434,17749
14434,17703
17703,14434
17703,17526
17526,17703
1577,15629
15629,1577
15629,8723
8723,15629
8723,5359
5359,8723
390,404
404,390
404,406
406,404
406,11076
11076,406
11076,12237
12237,11076
12237,408
408,12237
408,412
412,408
412,10481
10481,412
10481,11836
11836,10481
5231,4957
4957,5231
4957,11895
11895,4957
11895,11893
11893,11895
11893,11891
11891,11893
11891,11889
11889,11891
11889,11887
11887,11889
11887,11885
11885,11887
11885,13554
13554,11885
17940,9778
9778,17940
9778,1839
1839,9778
1839,1841
1841,1839
1841,17431
17431,1841
17431,2807
2807,17431
2807,2806
2806,2807
2806,2805
2805,2806
2805,1835
1835,2805
1835,12951
12951,1835
12951,12952
12952,12951
12952,1829
1829,12952
1829,1827
1827,1829
1827,10514
10514,1827
10514,1825
1825,10514
1825,1823
1823,1825
1823,8111
8111,1823
8111,1821
1821,8111
1821,14230
14230,1821
14230,17074
17074,14230
17074,12969
12969,17074
12969,16600
16600,12969
16600,16601
16601,16600
16601,12152
12152,16601
12152,15463
15463,12152
15463,17733
17733,15463
17733,3201
3201,17733
14753,15472
15472,14753
4812,1597
1597,4812
1597,1596
1596,1597
1596,1158
1158,1596
1158,4503
4503,1158
4503,8364
8364,4503
9610,14676
14676,9610
14676,14677
14677,14676
14677,5546
5546,14677
8727,10419
10419,8727
17495,17631
17631,17495
17631,1820
1820,17631
1820,16599
16599,1820
16599,17075
17075,16599
17075,14231
14231,17075
14231,1822
1822,14231
1822,8110
8110,1822
8110,1824
1824,8110
1824,1826
1826,1824
1826,1128
1128,1826
1128,1828
1828,1128
1828,1830
1830,1828
1830,12971
12971,1830
12971,13032
13032,12971
13032,9618
9618,13032
9618,12564
12564,9618
12564,1844
1844,12564
1844,1843
1843,1844
1843,17459
17459,1843
17459,1840
1840,17459
1840,1838
1838,1840
1838,9779
9779,1838
9779,9780
9780,9779
9780,17924
17924,9780
17114,6658
6658,17114
6660,3809
3809,6660
3809,6663
6663,3809
6663,6665
6665,6663
6665,6668
6668,6665
6668,6671
6671,6668
6671,6672
6672,6671
6672,6674
6674,6672
6674,6676
6676,6674
6676,5186
5186,6676
5186,10394
10394,5186
10394,15565
15565,10394
6923,6747
6747,6923
6747,6709
6709,6747
6709,5935
5935,6709
10495,9673
9673,10495
9673,9674
9674,9673
9674,9675
9675,9674
9675,17634
17634,9675
17634,17706
17706,17634
17633,9676
9676,17633
9676,9677
9677,9676
9677,8446
8446,9677
8449,17891
17891,8449
17891,9684
9684,17891
9684,9680
9680,9684
9680,9679
9679,9680
17707,9683
9683,17707
9683,9672
9672,9683
9672,9681
9681,9672
9681,9678
9678,9681
9678,4979
4979,9678
14959,8212
8212,14959
5147,12067
12067,5147
5180,6677
6677,5180
6677,6673
6673,6677
6673,6670
6670,6673
6670,6669
6669,6670
6669,6666
6666,6669
6666,6664
6664,6666
6664,6662
6662,6664
6662,6661
6661,6662
839,17359
17359,839
17359,847
847,17359
847,844
844,847
844,843
843,844
11655,7163
7163,11655
7163,7349
7349,7163
7349,11652
11652,7349
11652,11640
11640,11652
11640,11638
11638,11640
11638,11636
11636,11638
11636,11633
11633,11636
11633,11631
11631,11633
11678,11677
11677,11678
11677,11675
11675,11677
11475,9892
9892,11475
17868,186
186,17868
9963,16984
16984,9963
16984,17717
17717,16984
17717,17894
17894,17717
17894,11680
11680,17894
11632,11634
11634,11632
11634,11637
11637,11634
11637,11639
11639,11637
11639,11651
11651,11639
11651,11646
11646,11651
11646,11653
11653,11646
11653,6457
6457,11653
6457,842
842,6457
842,1576
1576,842
1576,10432
10432,1576
3039,845
845,3039
845,846
846,845
846,14423
14423,846
14423,849
849,14423
849,851
851,849
851,838
838,851
5652,8567
8567,5652
8567,5489
5489,8567
5489,1625
1625,5489
1625,3783
3783,1625
3783,11027
11027,3783
11027,17108
17108,11027
17108,3786
3786,17108
3786,17124
17124,3786
17124,3789
3789,17124
3789,3791
3791,3789
3792,8485
8485,3792
8485,3796
3796,8485
3796,13428
13428,3796
13428,15994
15994,13428
15994,15995
15995,15994
15995,15996
15996,15995
15996,13427
13427,15996
13427,3797
3797,13427
3797,3795
3795,3797
3790,3788
3788,3790
3788,4872
4872,3788
4872,3787
3787,4872
3787,3785
3785,3787
3785,17180
17180,3785
17180,11028
11028,17180
11028,3784
3784,11028
3784,1626
1626,3784
1626,5488
5488,1626
5488,17727
17727,5488
17300,10598
10598,17300
11647,8239
8239,11647
8239,11302
11302,8239
11302,12476
12476,11302
12476,98
98,12476
98,625
625,98
625,627
627,625
627,14631
14631,627
14631,397
397,14631
397,8320
8320,397
8320,5693
5693,8320
5693,2808
2808,5693
2808,7973
7973,2808
7973,587
587,7973
587,8093
8093,587
8093,8091
8091,8093
8091,2467
2467,8091
2467,8814
8814,2467
8814,7638
7638,8814
7638,9251
9251,7638
9251,7634
7634,9251
7634,1573
1573,7634
7273,3619
3619,7273
17457,17700
17700,17457
17700,17427
17427,17700
17427,7892
7892,17427
13710,1646
1646,13710
1646,11066
11066,1646
11066,15155
15155,11066
15155,4220
4220,15155
14281,6426
6426,14281
9625,1568
1568,9625
9340,13704
13704,9340
13704,3763
3763,13704
3763,17861
17861,3763
17635,17590
17590,17635
17590,10252
10252,17590
15421,7635
7635,15421
7635,7637
7637,7635
7637,9050
9050,7637
9050,12068
12068,9050
12068,592
592,12068
592,8092
8092,592
8092,8094
8094,8092
8094,8095
8095,8094
8095,2817
2817,8095
2817,629
629,2817
629,5690
5690,629
5690,628
628,5690
628,355
355,628
355,14630
14630,355
14630,626
626,14630
626,624
624,626
624,623
623,624
623,97
97,623
97,11301
11301,97
11301,600
600,11301
7277,17300
17300,7277
95,1621
1621,95
1621,2654
2654,1621
2654,1685
1685,2654
1685,13187
13187,1685
13187,2651
2651,13187
1698,13492
13492,1698
13492,1344
1344,13492
1344,2639
2639,1344
2639,2637
2637,2639
2637,7251
7251,2637
7251,2635
2635,7251
2635,2633
2633,2635
9080,1737
1737,9080
1737,1739
1739,1737
1739,12365
12365,1739
12365,2551
2551,12365
2551,4584
4584,2551
4584,2866
2866,4584
2866,2864
2864,2866
1708,2865
2865,1708
2865,2867
2867,2865
2867,1740
1740,2867
1740,12660
12660,1740
12660,1738
1738,12660
1738,1736
1736,1738
1736,17856
17856,1736
2634,6780
6780,2634
6780,2636
2636,6780
2636,7252
7252,2636
7252,2638
2638,7252
2638,7043
7043,2638
7043,2640
2640,7043
2640,2642
2642,2640
2642,4134
4134,2642
1620,2650
2650,1620
2650,13012
13012,2650
13012,1684
1684,13012
1684,2652
2652,1684
2652,96
96,2652
96,15746
15746,96
1690,12561
12561,1690
15673,10584
10584,15673
10584,5903
5903,10584
5903,5907
5907,5903
5907,12122
12122,5907
12122,5911
5911,12122
5911,5913
5913,5911
5913,5915
5915,5913
5915,5917
5917,5915
5917,150
150,5917
150,5920
5920,150
5920,5922
5922,5920
5922,11553
11553,5922
11553,5924
5924,11553
5924,11714
11714,5924
11719,11711
11711,11719
11711,1195
1195,11711
1195,12626
12626,1195
12626,5921
5921,12626
5921,145
145,5921
145,5919
5919,145
5919,5916
5916,5919
5916,5914
5914,5916
5914,14319
14319,5914
14319,5912
5912,14319
5912,5908
5908,5912
5908,12123
12123,5908
12123,5905
5905,12123
5905,6751
6751,5905
6751,10580
10580,6751
11925,11924
11924,11925
4809,4807
4807,4809
4807,4806
4806,4807
4806,1348
1348,4806
1348,7719
7719,1348
7719,9284
9284,7719
9284,4805
4805,9284
4805,9534
9534,4805
9534,7996
7996,9534
7996,7192
7192,7996
7192,10367
10367,7192
10367,288
288,10367
288,7189
7189,288
7189,7193
7193,7189
7193,7884
7884,7193
11985,17294
17294,11985
17294,7883
7883,17294
7883,10586
10586,7883
5904,9267
9267,5904
9267,9148
9148,9267
9149,10575
10575,9149
11985,17296
17296,11985
17296,7765
7765,17296
7765,5909
5909,7765
5909,7190
7190,5909
7190,7191
7191,7190
7191,10364
10364,7191
10364,570
570,10364
570,17083
17083,570
17083,7888
7888,17083
7888,9292
9292,7888
9292,7718
7718,9292
7718,1349
1349,7718
1349,10449
10449,1349
10449,4808
4808,10449
4808,4810
4810,4808
2307,8334
8334,2307
8334,2468
2468,8334
2468,2465
2465,2468
2465,15428
15428,2465
2915,12912
12912,2915
12912,7247
7247,12912
7228,13285
13285,7228
13285,14939
14939,13285
14939,14932
14932,14939
14932,16106
16106,14932
16106,2922
2922,16106
2922,8321
8321,2922
8321,2924
2924,8321
2924,2926
2926,2924
2926,2927
2927,2926
2927,14174
14174,2927
14174,32
32,14174
32,7146
7146,32
7146,11845
11845,7146
11845,11843
11843,11845
11843,8936
8936,11843
8936,10927
10927,8936
10927,8932
8932,10927
8932,8934
8934,8932
8934,14304
14304,8934
14304,11692
11692,14304
11692,1563
1563,11692
1563,1562
1562,1563
1562,1559
1559,1562
1559,8831
8831,1559
15201,1560
1560,15201
1560,1561
1561,1560
1561,1564
1564,1561
1564,11691
11691,1564
11691,8223
8223,11691
8223,8933
8933,8223
8933,14694
14694,8933
14694,8935
8935,14694
8935,11844
11844,8935
11844,11846
11846,11844
11846,1572
1572,11846
1572,10349
10349,1572
10349,2928
2928,10349
2928,2925
2925,2928
2925,2923
2923,2925
2923,8322
8322,2923
8322,2921
2921,8322
2921,14934
14934,2921
14934,14936
14936,14934
14936,14938
14938,14936
14938,7205
7205,14938
2464,2466
2466,2464
2466,2479
2479,2466
2479,7761
7761,2479
2309,9148
9148,2309
15053,422
422,15053
422,2750
2750,422
2750,580
580,2750
580,2384
2384,580
2384,2385
2385,2384
2385,1648
1648,2385
2995,8479
8479,2995
8479,11925
11925,8479
11924,8014
8014,11924
8014,6118
6118,8014
6118,204
204,6118
204,207
207,204
207,209
209,207
209,212
212,209
212,2390
2390,212
2390,7688
7688,2390
7688,2393
2393,7688
2393,11554
11554,2393
11554,160
160,11554
160,158
158,160
158,8081
8081,158
8081,1367
1367,8081
1368,930
930,1368
930,159
159,930
159,161
161,159
161,9103
9103,161
9103,2392
2392,9103
2392,7689
7689,2392
7689,2389
2389,7689
2389,211
211,2389
211,210
210,211
210,208
208,210
208,206
206,208
206,734
734,206
734,15732
15732,734
11926,9906
9906,11926
9906,8477
8477,9906
8477,3003
3003,8477
1647,14320
14320,1647
14320,4566
4566,14320
4566,2382
2382,4566
2382,581
581,2382
581,2751
2751,581
2751,7133
7133,2751
16602,15246
15246,16602
15246,15244
15244,15246
15244,7406
7406,15244
7406,7602
7602,7406
7602,7600
7600,7602
7600,7598
7598,7600
7598,7596
7596,7598
7596,9807
9807,7596
9807,9809
9809,9807
9809,9811
9811,9809
9811,9812
9812,9811
9812,5428
5428,9812
5428,2099
2099,5428
2099,2097
2097,2099
2097,2096
2096,2097
2096,2093
2093,2096
9031,1721
1721,9031
1721,2137
2137,1721
6719,9498
9498,6719
9498,12566
12566,9498
12566,8330
8330,12566
8330,8328
8328,8330
8328,8338
8338,8328
8338,8336
8336,8338
8336,10174
10174,8336
2069,4864
4864,2069
4864,4866
4866,4864
4866,1134
1134,4866
1134,4868
4868,1134
4868,4870
4870,4868
4870,15572
15572,4870
15572,2899
2899,15572
5592,7947
7947,5592
11621,16959
16959,11621
16959,16957
16957,16959
1533,1609
1609,1533
1609,1611
1611,1609
1611,11625
11625,1611
11625,17082
17082,11625
2106,5617
5617,2106
5617,4871
4871,5617
4871,4869
4869,4871
4869,1135
1135,4869
1135,4867
4867,1135
4867,4865
4865,4867
4865,4863
4863,4865
4863,2072
2072,4863
15837,15867
15867,15837
2075,8337
8337,2075
8337,8339
8339,8337
8339,8329
8329,8339
8329,8331
8331,8329
8331,9533
9533,8331
9533,8332
8332,9533
8332,6720
6720,8332
2085,8483
8483,2085
8483,9030
9030,8483
2094,2095
2095,2094
2095,2098
2098,2095
2098,2100
2100,2098
2100,5427
5427,2100
5427,2101
2101,5427
2101,12521
12521,2101
12521,9815
9815,12521
9815,9810
9810,9815
9810,9808
9808,9810
9808,7595
7595,9808
7595,7597
7597,7595
7597,7599
7599,7597
7599,7601
7601,7599
7601,9036
9036,7601
9036,14485
14485,9036
14485,7127
7127,14485
7127,15242
15242,7127
15242,15245
15245,15242
15245,16602
16602,15245
368,5563
5563,368
5563,5562
5562,5563
5562,12459
12459,5562
12459,3858
3858,12459
3858,3860
3860,3858
3860,13697
13697,3860
13697,3863
3863,13697
3863,3864
3864,3863
3864,7230
7230,3864
7230,3866
3866,7230
3866,5440
5440,3866
5440,3869
3869,5440
3869,9098
9098,3869
9098,5225
5225,9098
5225,4925
4925,5225
4925,3868
3868,4925
3868,17105
17105,3868
17105,3867
3867,17105
3867,10047
10047,3867
10047,3865
3865,10047
3865,3862
3862,3865
3862,13696
13696,3862
13696,3861
3861,13696
3861,3859
3859,3861
3859,3857
3857,3859
3857,17322
17322,3857
17322,4235
4235,17322
4235,369
369,4235
1520,13224
13224,1520
13224,13225
13225,13224
13225,17096
17096,13225
17096,7243
7243,17096
7243,7245
7245,7243
7245,7248
7248,7245
7248,7249
7249,7248
7249,7494
7494,7249
15625,4606
4606,15625
17502,11200
11200,17502
11200,11203
11203,11200
11203,11205
11205,11203
11205,14761
14761,11205
14761,11207
11207,14761
11207,11208
11208,11207
11208,9102
9102,11208
9102,11209
11209,9102
11209,11991
11991,11209
11991,15854
15854,11991
15854,9167
9167,15854
9167,11983
11983,9167
11983,9429
9429,11983
9429,9168
9168,9429
9168,17776
17776,9168
17620,9168
9168,17620
9168,9196
9196,9168
9196,17263
17263,9196
17263,9166
9166,17263
9166,15855
15855,9166
15855,15606
15606,15855
15606,11210
11210,15606
11210,9101
9101,11210
9101,14416
14416,9101
14416,11206
11206,14416
11206,11204
11204,11206
11204,11202
11202,11204
11202,17655
17655,11202
5526,7490
7490,5526
7250,7276
7276,7250
7276,7246
7246,7276
7246,7244
7244,7246
7244,7242
7242,7244
7242,7241
7241,7242
7241,7240
7240,7241
7240,7238
7238,7240
7238,10347
10347,7238
11067,8371
8371,11067
17565,17501
17501,17565
10884,16561
16561,10884
11466,14757
14757,11466
14750,11469
11469,14750
7058,1479
1479,7058
7778,7908
7908,7778
7403,14369
14369,7403
14369,1725
1725,14369
8847,6227
6227,8847
723,17079
17079,723
17079,725
725,17079
725,727
727,725
727,7932
7932,727
7932,730
730,7932
730,11751
11751,730
11751,10428
10428,11751
10428,12696
12696,10428
12696,732
732,12696
732,17068
17068,732
17068,203
203,17068
5606,242
242,5606
242,13668
13668,242
13668,5633
5633,13668
5633,5635
5635,5633
5635,5637
5637,5635
5637,12220
12220,5637
12220,1144
1144,12220
1144,8326
8326,1144
12270,15372
15372,12270
15373,11794
11794,15373
12405,9923
9923,12405
13681,7763
7763,13681
7763,5638
5638,7763
5638,14455
14455,5638
14455,5634
5634,14455
5634,17567
17567,5634
17567,10356
10356,17567
10356,5608
5608,10356
10886,89
89,10886
89,202
202,89
202,14880
14880,202
14880,11760
11760,14880
11760,11758
11758,11760
11758,729
729,11758
729,728
728,729
728,726
726,728
726,724
724,726
724,12120
12120,724
12120,722
722,12120
6121,8782
8782,6121
8782,10135
10135,8782
10135,2043
2043,10135
2043,2046
2046,2043
2046,5511
5511,2046
5511,5513
5513,5511
5513,5515
5515,5513
5515,5517
5517,5515
5517,5519
5519,5517
5519,5583
5583,5519
5583,12177
12177,5583
12177,5585
5585,12177
5585,5587
5587,5585
5587,5589
5589,5587
5590,5588
5588,5590
5588,5586
5586,5588
5586,5584
5584,5586
5584,5520
5520,5584
5520,5518
5518,5520
5518,5516
5516,5518
5516,5514
5514,5516
5514,5512
5512,5514
5512,2044
2044,5512
2044,2042
2042,2044
2042,10166
10166,2042
10166,5257
5257,10166
5257,11759
11759,5257
11759,7505
7505,11759
8416,2999
2999,8416
9530,3487
3487,9530
3487,10529
10529,3487
10529,3488
3488,10529
3488,3489
3489,3488
3489,3492
3492,3489
3492,3493
3493,3492
3493,17659
17659,3493
17659,4743
4743,17659
4745,4748
4748,4745
4748,9630
9630,4748
9630,5246
5246,9630
5251,9641
9641,5251
9641,9632
9632,9641
9632,4732
4732,9632
4732,5727
5727,4732
5727,10280
10280,5727
10280,4378
4378,10280
4378,4379
4379,4378
4379,8551
8551,4379
10783,17380
17380,10783
17380,1383
1383,17380
1383,1381
1381,1383
1381,1379
1379,1381
1379,3082
3082,1379
3082,5973
5973,3082
5973,3084
3084,5973
3084,3086
3086,3084
3086,7713
7713,3086
7713,11276
11276,7713
11276,3088
3088,11276
3088,10521
10521,3088
10521,15057
15057,10521
15057,7040
7040,15057
7040,9638
9638,7040
9638,3090
3090,9638
3090,1688
1688,3090
1688,3089
3089,1688
3089,11275
11275,3089
11275,164
164,11275
164,16661
16661,164
16661,3087
3087,16661
3087,3085
3085,3087
3085,5974
5974,3085
5974,3083
3083,5974
3083,1378
1378,3083
1378,1380
1380,1378
1380,17365
17365,1380
17365,1382
1382,17365
1382,9279
9279,1382
9279,11001
11001,9279
11001,10281
10281,11001
10281,4377
4377,10281
4377,4376
4376,4377
4376,5726
5726,4376
5726,4733
4733,5726
4733,9631
9631,4733
9631,9642
9642,9631
9642,5252
5252,9642
5247,9629
9629,5247
9629,4747
4747,9629
4744,3495
3495,4744
3495,3491
3491,3495
3491,3490
3490,3491
3490,10526
10526,3490
10526,3486
3486,10526
3486,8586
8586,3486
8586,9335
9335,8586
9335,8416
8416,9335
13943,12814
12814,13943
12814,14520
14520,12814
14520,16662
16662,14520
16662,12813
12813,16662
12813,12812
12812,12813
12812,6399
6399,12812
6403,14479
14479,6403
14479,14483
14483,14479
14483,14472
14472,14483
14472,14942
14942,14472
14942,14425
14425,14942
14425,14427
14427,14425
14427,11407
11407,14427
11407,15264
15264,11407
15264,15263
15263,15264
15263,4404
4404,15263
4404,4406
4406,4404
4406,4408
4408,4406
4408,4410
4410,4408
4410,16627
16627,4410
16627,16626
16626,16627
16626,4413
4413,16626
8677,6159
6159,8677
6159,4415
4415,6159
4415,4417
4417,4415
4417,4419
4419,4417
4419,4063
4063,4419
4063,4421
4421,4063
4421,4718
4718,4421
4718,4716
4716,4718
4716,3800
3800,4716
3800,21
21,3800
21,7389
7389,21
7389,4423
4423,7389
4423,4425
4425,4423
4425,17379
17379,4425
17379,10255
10255,17379
10255,11585
11585,10255
11584,4426
4426,11584
4426,4424
4424,4426
4424,43
43,4424
43,3649
3649,43
3649,8228
8228,3649
8228,4715
4715,8228
4715,4717
4717,4715
4717,4422
4422,4717
4422,4054
4054,4422
4054,4420
4420,4054
4420,4418
4418,4420
4418,4416
4416,4418
4416,9209
9209,4416
9209,6631
6631,9209
3905,17493
17493,3905
17493,17492
17492,17493
17492,4412
4412,17492
4412,4411
4411,4412
4411,4409
4409,4411
4409,4407
4407,4409
4407,4405
4405,4407
4405,15266
15266,4405
14438,14424
14424,14438
14424,14432
14432,14424
14432,14473
14473,14432
14473,14474
14474,14473
14474,14481
14481,14474
14481,14482
14482,14481
14482,14478
14478,14482
14478,777
777,14478
6400,13943
13943,6400
16951,5439
5439,16951
9592,11109
11109,9592
6,9714
9714,6
9714,9724
9724,9714
9724,9713
9713,9724
9713,9725
9725,9713
9725,9716
9716,9725
9716,9726
9726,9716
9726,9727
9727,9726
9727,9728
9728,9727
9728,12265
12265,9728
12265,12266
12266,12265
12266,7799
7799,12266
7799,687
687,7799
687,686
686,687
686,683
683,686
683,682
682,683
682,1152
1152,682
1152,11298
11298,1152
5757,13279
13279,5757
13279,14952
14952,13279
14952,5931
5931,14952
5931,15738
15738,5931
15738,8583
8583,15738
8583,16735
16735,8583
17303,14953
14953,17303
14953,14951
14951,14953
14951,5758
5758,14951
11297,1151
1151,11297
1151,8438
8438,1151
8438,684
684,8438
684,685
685,684
685,688
688,685
688,28
28,688
28,9717
9717,28
9717,9916
9916,9717
9916,9917
9917,9916
9917,9718
9718,9917
9718,9719
9719,9718
9719,9720
9720,9719
9720,9721
9721,9720
9721,13160
13160,9721
13160,9722
9722,13160
9722,9715
9715,9722
9715,9723
9723,9715
9723,163
163,9723
8066,17415
17415,8066
14267,16950
16950,14267
17475,9257
9257,17475
9257,10803
10803,9257
10803,10801
10801,10803
10801,9736
9736,10801
9736,10800
10800,9736
10800,5468
5468,10800
5468,8597
8597,5468
8597,9442
9442,8597
9442,8598
8598,9442
8598,8600
8600,8598
8600,9159
9159,8600
9159,9156
9156,9159
9156,10797
10797,9156
10797,10796
10796,10797
10796,10795
10795,10796
10795,7185
7185,10795
7185,10794
10794,7185
10794,9216
9216,10794
9216,9213
9213,9216
9213,3077
3077,9213
3077,3078
3078,3077
3078,6988
6988,3078
6988,1444
1444,6988
1444,8640
8640,1444
8640,7202
7202,8640
7202,10781
10781,7202
10781,10780
10780,10781
10780,10779
10779,10780
10779,10786
10786,10779
10786,10778
10778,10786
10778,9279
9279,10778
4376,9637
9637,4376
9637,8024
8024,9637
8024,17377
17377,8024
17377,6024
6024,17377
6388,12903
12903,6388
17384,6964
6964,17384
15125,17378
17378,15125
17378,9636
9636,17378
9636,9633
9633,9636
9633,10280
10280,9633
8551,12328
12328,8551
12328,10785
10785,12328
10785,10787
10787,10785
10787,10788
10788,10787
10788,10789
10789,10788
10789,10790
10790,10789
10790,10791
10791,10790
10791,10782
10782,10791
10782,10792
10792,10782
10792,3080
3080,10792
3080,3079
3079,3080
3079,1723
1723,3079
1723,9214
9214,1723
9214,9215
9215,9214
9215,8955
8955,9215
8955,17373
17373,8955
17373,10806
10806,17373
10806,10807
10807,10806
10807,10808
10808,10807
10808,9155
9155,10808
9155,9157
9157,9155
9157,9158
9158,9157
9158,8728
8728,9158
8728,8599
8599,8728
8599,9434
9434,8599
9434,9086
9086,9434
9086,10810
10810,9086
10810,5469
5469,10810
5469,10812
10812,5469
10812,10813
10813,10812
10813,10814
10814,10813
10814,9258
9258,10814
9532,6248
6248,9532
10424,5684
5684,10424
5684,5677
5677,5684
5677,5674
5674,5677
5674,10444
10444,5674
10444,5672
5672,10444
5672,5670
5670,5672
5670,10443
10443,5670
10443,9665
9665,10443
9665,17217
17217,9665
17217,5667
5667,17217
5667,5666
5666,5667
5666,7437
7437,5666
7437,5664
5664,7437
9962,10382
10382,9962
10382,6253
6253,10382
6253,6255
6255,6253
6255,6257
6257,6255
6257,6259
6259,6257
6259,5780
5780,6259
5780,6262
6262,5780
6262,10559
10559,6262
5648,8445
8445,5648
8445,13879
13879,8445
13879,17132
17132,13879
8221,17588
17588,8221
10566,6263
6263,10566
6263,6261
6261,6263
6261,6260
6260,6261
6260,6258
6258,6260
6258,6256
6256,6258
6256,6254
6254,6256
6254,7856
7856,6254
5665,6250
6250,5665
6250,5668
5668,6250
5668,6458
6458,5668
6458,10445
10445,6458
10445,5671
5671,10445
5671,5673
5673,5671
5673,10446
10446,5673
10446,5676
5676,10446
5676,5679
5679,5676
5679,5685
5685,5679
5685,17271
17271,5685
17271,13685
13685,17271
13685,15681
15681,13685
15681,16659
16659,15681
16659,9611
9611,16659
9611,16660
16660,9611
16665,16655
16655,16665
16655,4685
4685,16655
4685,4687
4687,4685
4687,4689
4689,4687
4689,4691
4691,4689
4691,9370
9370,4691
9370,4693
4693,9370
4693,4695
4695,4693
4695,13240
13240,4695
13240,4697
4697,13240
4697,4699
4699,4697
4699,4701
4701,4699
10303,11640
11640,10303
11633,6192
6192,11633
6192,6194
6194,6192
6194,6197
6197,6194
6197,14316
14316,6197
14313,6196
6196,14313
6196,6193
6193,6196
6193,6190
6190,6193
6190,11634
11634,6190
11651,5827
5827,11651
4702,4700
4700,4702
4700,4698
4698,4700
4698,4696
4696,4698
4696,4694
4694,4696
4694,4692
4692,4694
4692,4690
4690,4692
4690,4688
4688,4690
4688,4686
4686,4688
4686,12037
12037,4686
13017,17681
17681,13017
17681,17552
17552,17681
17552,17515
17515,17552
17515,17670
17670,17515
17670,5522
5522,17670
5522,10845
10845,5522
10845,10852
10852,10845
10852,10853
10853,10852
10853,7186
7186,10853
10817,9160
9160,10817
9160,10805
10805,9160
10805,10804
10804,10805
10804,10803
10803,10804
5468,10799
10799,5468
10799,10798
10798,10799
10798,10797
10797,10798
7185,2999
2999,7185
4751,4748
4748,4751
4748,4740
4740,4748
4740,4738
4738,4740
4738,4736
4736,4738
4736,4734
4734,4736
4734,4732
4732,4734
5727,5723
5723,5727
5723,7965
7965,5723
7965,7963
7963,7965
7964,7967
7967,7964
7967,5725
5725,7967
5725,5726
5726,5725
4733,4735
4735,4733
4735,4737
4737,4735
4737,4739
4739,4737
4739,4742
4742,4739
4742,7229
7229,4742
7229,4749
4749,7229
3000,10806
10806,3000
10808,10809
10809,10808
10809,10811
10811,10809
10811,10810
10810,10811
10814,10815
10815,10814
10815,10816
10816,10815
10816,8617
8617,10816
7187,13244
13244,7187
13244,10847
10847,13244
10847,10848
10848,10847
10848,10849
10849,10848
10849,10846
10846,10849
10846,11672
11672,10846
15879,11079
11079,15879
5910,7746
7746,5910
7746,75
75,7746
75,74
74,75
74,73
73,74
73,71
71,73
71,68
68,71
68,66
66,68
66,65
65,66
65,16954
16954,65
16954,62
62,16954
62,17389
17389,62
17389,17388
17388,17389
17388,59
59,17388
59,57
57,59
57,55
55,57
55,16962
16962,55
16962,53
53,16962
11126,17608
17608,11126
17865,11127
11127,17865
52,16963
16963,52
16963,54
54,16963
54,6171
6171,54
6171,58
58,6171
58,60
60,58
60,61
61,60
61,63
63,61
63,12074
12074,63
12074,64
64,12074
64,67
67,64
67,7132
7132,67
7132,69
69,7132
69,70
70,69
70,72
72,70
72,7891
7891,72
7891,11091
11091,7891
6264,10388
10388,6264
13709,3762
3762,13709
3762,1629
1629,3762
10389,6265
6265,10389
10030,11310
11310,10030
3824,10155
10155,3824
10155,10156
10156,10155
10156,10158
10158,10156
10158,3602
3602,10158
3602,3604
3604,3602
3604,3607
3607,3604
3607,3610
3610,3607
3610,3611
3611,3610
3611,3613
3613,3611
3613,681
681,3613
681,3614
3614,681
3614,10220
10220,3614
10220,3616
3616,10220
6902,3043
3043,6902
3043,947
947,3043
947,8840
8840,947
8840,8641
8641,8840
8641,4639
4639,8641
4639,5183
5183,4639
5183,5769
5769,5183
5769,4755
4755,5769
4755,3160
3160,4755
3160,5456
5456,3160
5456,4637
4637,5456
4637,6093
6093,4637
6093,4635
4635,6093
4635,13302
13302,4635
13302,7409
7409,13302
7409,7410
7410,7409
7410,7323
7323,7410
7323,3634
3634,7323
3634,5951
5951,3634
5951,3015
3015,5951
3015,3016
3016,3015
3016,4449
4449,3016
4449,3018
3018,4449
3018,3021
3021,3018
3021,3023
3023,3021
3023,1853
1853,3023
6408,9458
9458,6408
12923,6298
6298,12923
6298,1854
1854,6298
1854,5371
5371,1854
5371,3022
3022,5371
3022,3019
3019,3022
3019,4448
4448,3019
4448,3017
3017,4448
3017,17109
17109,3017
17109,5943
5943,17109
5943,3633
3633,5943
5160,17188
17188,5160
17188,7408
7408,17188
7408,4633
4633,7408
4633,4634
4634,4633
4634,6092
6092,4634
6092,4636
4636,6092
4636,5055
5055,4636
5055,4638
4638,5055
4638,4753
4753,4638
4753,8158
8158,4753
8158,17210
17210,8158
17210,8532
8532,17210
8532,13169
13169,8532
3621,3617
3617,3621
3617,10222
10222,3617
10222,3615
3615,10222
3615,8962
8962,3615
8962,680
680,8962
680,17201
17201,680
17201,3612
3612,17201
3612,3608
3608,3612
3608,3606
3606,3608
3606,3605
3605,3606
3605,3603
3603,3605
3603,10157
10157,3603
10157,10159
10159,10157
10159,8740
8740,10159
229,10029
10029,229
8308,3633
3633,8308
3637,3639
3639,3637
3639,3641
3641,3639
3641,3643
3643,3641
3643,3645
3645,3643
3806,1612
1612,3806
1612,6900
6900,1612
6333,6898
6898,6333
6892,8079
8079,6892
8079,13276
13276,8079
13276,13221
13221,13276
13221,9291
9291,13221
9291,9264
9264,9291
9264,6884
6884,9264
6883,6880
6880,6883
6880,17615
17615,6880
17629,17817
17817,17629
17817,6913
6913,17817
6913,6915
6915,6913
6915,17498
17498,6915
17498,17497
17497,17498
17497,17566
17566,17497
17566,17424
17424,17566
17424,17605
17605,17424
17605,17767
17767,17605
17767,4529
4529,17767
4529,90
90,4529
90,7556
7556,90
7556,4526
4526,7556
4526,13038
13038,4526
6916,4527
4527,6916
4527,4528
4528,4527
4528,17546
17546,4528
17546,17766
17766,17546
17766,17545
17545,17766
17545,17569
17569,17545
17569,17889
17889,17569
17889,17647
17647,17889
17647,17211
17211,17647
17211,6914
6914,17211
6914,9259
9259,6914
9259,9841
9841,9259
9841,9597
9597,9841
14921,6882
6882,14921
10219,9262
9262,10219
9262,9263
9263,9262
9263,9293
9293,9263
9293,13277
13277,9293
13277,5024
5024,13277
10353,6890
6890,10353
6899,6332
6332,6899
6901,11807
11807,6901
3646,3644
3644,3646
3644,3642
3642,3644
3642,3640
3640,3642
3640,3638
3638,3640
3638,3636
3636,3638
3636,3634
3634,3636
3634,8308
8308,3634
8224,15569
15569,8224
15569,1363
1363,15569
1363,5108
5108,1363
5108,5107
5107,5108
5107,1361
1361,5107
1361,5103
5103,1361
5103,1359
1359,5103
1359,10117
10117,1359
10117,5102
5102,10117
5102,5100
5100,5102
5100,11028
11028,5100
5488,17726
17726,5488
17731,12477
12477,17731
12477,5078
5078,12477
5078,5076
5076,5078
5076,5074
5074,5076
5074,5073
5073,5074
5073,7446
7446,5073
7446,5070
5070,7446
5070,5067
5067,5070
5067,5066
5066,5067
5066,5064
5064,5066
5064,5062
5062,5064
5062,6090
6090,5062
6090,3633
3633,6090
17188,13290
13290,17188
13290,13286
13286,13290
13286,13287
13287,13286
13287,13293
13293,13287
13293,13299
13299,13293
13299,13300
13300,13299
13300,4633
4633,13300
5055,13298
13298,5055
13298,13304
13304,13298
13304,9999
9999,13304
9999,17186
17186,9999
17186,8405
8405,17186
6900,6993
6993,6900
6993,10027
10027,6993
10028,6336
6336,10028
3042,4665
4665,3042
4665,13305
13305,4665
13305,13306
13306,13305
13306,13303
13303,13306
13303,5456
5456,13303
13302,13301
13301,13302
13301,13292
13292,13301
13292,13291
13291,13292
13291,13288
13288,13291
13288,13289
13289,13288
13289,7410
7410,13289
3634,6091
6091,3634
6091,5061
5061,6091
5061,5063
5063,5061
5063,5065
5065,5063
5065,5068
5068,5065
5068,5069
5069,5068
5069,5071
5071,5069
5071,5072
5072,5071
5072,7445
7445,5072
7445,5075
5075,7445
5075,5077
5077,5075
5077,17507
17507,5077
17507,17732
17732,17507
11027,5099
5099,11027
5099,5101
5101,5099
5101,17292
17292,5101
17292,1360
1360,17292
1360,5104
5104,1360
5104,1362
1362,5104
1362,5106
5106,1362
5106,5109
5109,5106
5109,1364
1364,5109
1364,1628
1628,1364
1628,8224
8224,1628
17270,9250
9250,17270
9250,3673
3673,9250
3673,3670
3670,3673
3670,3668
3668,3670
3668,3666
3666,3668
3666,3664
3664,3666
3664,3662
3662,3664
3662,3659
3659,3662
3659,9427
9427,3659
9427,3658
3658,9427
3658,3656
3656,3658
3656,3654
3654,3656
3654,3652
3652,3654
3652,44
44,3652
44,3649
3649,44
4420,4684
4684,4420
4684,9276
9276,4684
9276,14004
14004,9276
14004,16655
16655,14004
16655,14238
14238,16655
12037,16668
16668,12037
16668,15141
15141,16668
15141,9277
9277,15141
9277,4419
4419,9277
21,45
45,21
45,3650
3650,45
3650,3653
3653,3650
3653,3655
3655,3653
3655,3657
3657,3655
3657,3660
3660,3657
3660,9568
9568,3660
9568,3661
3661,9568
3661,3663
3663,3661
3663,3665
3665,3663
3665,3667
3667,3665
3667,3669
3669,3667
3669,3671
3671,3669
3671,12903
12903,3671
9422,15157
15157,9422
4376,5723
5723,4376
17067,17270
17270,17067
9250,4730
4730,9250
4730,4728
4728,4730
4728,4726
4726,4728
4726,4724
4724,4726
4724,4722
4722,4724
4722,4719
4719,4722
4719,4422
4422,4719
4421,4721
4721,4421
4721,4723
4723,4721
4723,4725
4725,4723
4725,4727
4727,4725
4727,4729
4729,4727
4729,4731
4731,4729
4731,6966
6966,4731
5725,10280
10280,5725
9868,9422
9422,9868
13424,8681
8681,13424
8681,8675
8675,8681
8675,16571
16571,8675
16571,8686
8686,16571
8686,17220
17220,8686
17220,4032
4032,17220
4032,4331
4331,4032
4331,4333
4333,4331
4333,4335
4335,4333
4335,4337
4337,4335
4337,4340
4340,4337
4340,4342
4342,4340
4342,5212
5212,4342
5212,4154
4154,5212
4154,4155
4155,4154
4155,4159
4159,4155
4159,4160
4160,4159
4160,4162
4162,4160
4162,4164
4164,4162
4164,11339
11339,4164
11339,11340
11340,11339
11340,11790
11790,11340
11790,1603
1603,11790
1603,4288
4288,1603
4288,4290
4290,4288
4290,4293
4293,4290
4293,6307
6307,4293
6307,6830
6830,6307
6830,4247
4247,6830
4247,6832
6832,4247
6832,6834
6834,6832
6834,16974
16974,6834
16974,7643
7643,16974
7643,7646
7646,7643
7646,7674
7674,7646
7674,7648
7648,7674
7648,7651
7651,7648
7651,6836
6836,7651
6836,6837
6837,6836
6837,6840
6840,6837
6840,6841
6841,6840
6841,4251
4251,6841
4251,15633
15633,4251
15633,4304
4304,15633
4304,4306
4306,4304
4306,11784
11784,4306
11784,5547
5547,11784
5547,11786
11786,5547
11786,4309
4309,11786
4309,8533
8533,4309
8533,8535
8535,8533
8535,8536
8536,8535
8536,8537
8537,8536
8537,8538
8538,8537
8538,8534
8534,8538
8534,4310
4310,8534
4310,11785
11785,4310
11785,5548
5548,11785
5548,11334
11334,5548
11334,4308
4308,11334
4308,4305
4305,4308
4305,15055
15055,4305
15055,5386
5386,15055
5386,15633
15633,5386
15633,4252
4252,15633
4252,13741
13741,4252
13741,7914
7914,13741
7914,6839
6839,7914
6839,6838
6838,6839
6838,6835
6835,6838
6835,7649
7649,6835
7649,7675
7675,7649
7675,7647
7647,7675
7647,7645
7645,7647
7645,7644
7644,7645
7644,7642
7642,7644
7642,6833
6833,7642
6833,6831
6831,6833
6831,4248
4248,6831
4248,6829
6829,4248
6829,6306
6306,6829
6306,4292
4292,6306
4292,4291
4291,4292
4291,4289
4289,4291
4289,11791
11791,4289
11791,15839
15839,11791
15839,11339
11339,15839
11340,4163
4163,11340
4163,4161
4161,4163
4161,4167
4167,4161
4167,4157
4157,4167
4157,4156
4156,4157
4156,4153
4153,4156
4153,4343
4343,4153
4343,4341
4341,4343
4341,4338
4338,4341
4338,4336
4336,4338
4336,4334
4334,4336
4334,4332
4332,4334
4332,4330
4330,4332
4330,4033
4033,4330
4033,17253
17253,4033
17253,14260
14260,17253
9220,13423
13423,9220
2368,15666
15666,2368
15666,2366
2366,15666
2366,2362
2362,2366
2362,2360
2360,2362
2360,10223
10223,2360
1818,17160
17160,1818
752,567
567,752
567,5487
5487,567
5487,2361
2361,5487
2361,2364
2364,2361
2364,2365
2365,2364
2365,2367
2367,2365
2367,14966
14966,2367
2047,2044
2044,2047
9249,8987
8987,9249
8987,8357
8357,8987
8357,9231
9231,8357
9231,8359
8359,9231
8359,8355
8355,8359
8355,8352
8352,8355
8352,8350
8350,8352
8350,5257
5257,8350
7505,11757
11757,7505
11757,11755
11755,11757
11755,11753
11753,11755
11753,11749
11749,11753
11749,11747
11747,11749
11747,11745
11745,11747
11745,11743
11743,11745
11743,11740
11740,11743
11740,11738
11738,11740
11738,11736
11736,11738
11736,11734
11734,11736
11734,11731
11731,11734
11731,15859
15859,11731
13671,15861
15861,13671
15861,11729
11729,15861
11729,11727
11727,11729
11727,11725
11725,11727
11725,11723
11723,11725
11723,11721
11721,11723
11721,11720
11720,11721
11720,15056
15056,11720
16590,1593
1593,16590
1593,17088
17088,1593
17088,11722
11722,17088
11722,11724
11724,11722
11724,11726
11726,11724
11726,17723
17723,11726
17723,15021
15021,17723
17309,14300
14300,17309
14300,11730
11730,14300
11730,11733
11733,11730
11733,11735
11735,11733
11735,11737
11737,11735
11737,11739
11739,11737
11739,11742
11742,11739
11742,11744
11744,11742
11744,11746
11746,11744
11746,11748
11748,11746
11748,11752
11752,11748
11752,11754
11754,11752
11754,11756
11756,11754
11756,6121
6121,11756
8782,8351
8351,8782
8351,8354
8354,8351
8354,8356
8356,8354
8356,8360
8360,8356
8360,14305
14305,8360
14305,8986
8986,14305
8986,9249
9249,8986
9455,7853
7853,9455
7853,7855
7855,7853
7855,9905
9905,7855
9905,4922
4922,9905
14538,3609
3609,14538
3609,8669
8669,3609
8669,6595
6595,8669
6595,6593
6593,6595
6593,6591
6591,6593
6591,6589
6589,6591
6589,8299
8299,6589
15004,6208
6208,15004
6208,16646
16646,6208
16646,9075
9075,16646
9075,9077
9077,9075
9077,6178
6178,9077
6178,16647
16647,6178
16647,16663
16663,16647
16663,16650
16650,16663
16650,16652
16652,16650
16652,919
919,16652
919,6868
6868,919
6868,343
343,6868
343,363
363,343
363,341
341,363
341,340
340,341
340,11676
11676,340
17716,6877
6877,17716
6877,342
342,6877
342,364
364,342
364,344
344,364
344,346
346,344
346,920
920,346
920,16653
16653,920
16653,16651
16651,16653
16651,16649
16649,16651
16649,16648
16648,16649
16648,9078
9078,16648
9078,9076
9076,9078
9076,16645
16645,9076
16645,11481
11481,16645
5863,6590
6590,5863
6590,6592
6592,6590
6592,17332
17332,6592
17332,6596
6596,17332
1452,9776
9776,1452
7744,7854
7854,7744
7854,7852
7852,7854
7852,9794
9794,7852
5162,6693
6693,5162
6693,6497
6497,6693
6497,6715
6715,6497
6715,6499
6499,6715
6499,6501
6501,6499
6501,15607
15607,6501
15607,1296
1296,15607
6536,6538
6538,6536
6538,6540
6540,6538
6540,6542
6542,6540
6542,8530
8530,6542
8530,14437
14437,8530
14437,8528
8528,14437
8528,8526
8526,8528
8526,6923
6923,8526
8444,13879
13879,8444
12155,17146
17146,12155
17146,8527
8527,17146
8527,8529
8529,8527
8529,14436
14436,8529
14436,8531
8531,14436
8531,6544
6544,8531
6544,6541
6541,6544
6541,6539
6539,6541
1297,17206
17206,1297
17206,6500
6500,17206
6500,6498
6498,6500
6498,6714
6714,6498
6714,6496
6496,6714
6496,11310
11310,6496
11310,6681
6681,11310
7829,8857
8857,7829
102,6427
6427,102
6934,6932
6932,6934
6535,12274
12274,6535
17745,14293
14293,17745
14293,4208
4208,14293
4208,14271
14271,4208
14271,14126
14126,14271
14126,14125
14125,14126
14125,8402
8402,14125
8402,14354
14354,8402
14354,4210
4210,14354
4210,5579
5579,4210
5579,10141
10141,5579
10141,4211
4211,10141
4211,10162
10162,4211
10162,3296
3296,10162
3296,3300
3300,3296
3300,2102
2102,3300
2102,17014
17014,2102
17014,3214
3214,17014
3214,13270
13270,3214
13270,1600
1600,13270
1600,4213
4213,1600
4213,1718
1718,4213
1718,4215
4215,1718
4215,2143
2143,4215
4198,5490
5490,4198
5490,17077
17077,5490
17077,2902
2902,17077
2902,13170
13170,2902
11773,11772
11772,11773
11772,15868
15868,11772
15868,15869
15869,15868
15869,8186
8186,15869
8186,15870
15870,8186
15870,14360
14360,15870
13269,7911
7911,13269
7911,15871
15871,7911
15871,15872
15872,15871
15872,15873
15873,15872
15873,11773
11773,15873
4031,17219
17219,4031
17219,2903
2903,17219
2903,5491
5491,2903
5491,4190
4190,5491
4190,16611
16611,4190
16611,4216
4216,16611
4216,1719
1719,4216
1719,4214
4214,1719
4214,1601
1601,4214
1601,5760
5760,1601
5760,5558
5558,5760
5558,1357
1357,5558
1357,2104
2104,1357
2104,3309
3309,2104
3309,10525
10525,3309
10525,16973
16973,10525
16973,4212
4212,16973
4212,10140
10140,4212
10140,5580
5580,10140
5580,16972
16972,5580
16972,14353
14353,16972
14353,8403
8403,14353
8403,17806
17806,8403
17806,17799
17799,17806
17799,17802
17802,17799
17802,17807
17807,17802
17807,17808
17808,17807
17808,17810
17810,17808
17810,17557
17557,17810
9238,8696
8696,9238
8696,8697
8697,8696
8697,9236
9236,8697
9236,7392
7392,9236
7392,7391
7391,7392
7391,6800
6800,7391
6800,6798
6798,6800
6798,6796
6796,6798
6796,8992
8992,6796
8992,5196
5196,8992
5196,5198
5198,5196
5198,5200
5200,5198
5200,17069
17069,5200
17069,5204
5204,17069
5204,4323
4323,5204
4323,9242
9242,4323
9242,8156
8156,9242
8156,9234
9234,8156
9234,5404
5404,9234
5404,5949
5949,5404
5949,14574
14574,5949
4183,6131
6131,4183
6131,6134
6134,6131
6134,6136
6136,6134
6136,6138
6138,6136
6138,6140
6140,6138
6140,6142
6142,6140
6142,6145
6145,6142
6145,6147
6147,6145
6147,6149
6149,6147
6149,6151
6151,6149
6151,6152
6152,6151
6152,4214
4214,6152
3309,7406
7406,3309
7406,5992
5992,7406
5992,1615
1615,5992
1615,14517
14517,1615
14517,14133
14133,14517
14133,14134
14134,14133
14134,14131
14131,14134
14131,14132
14132,14131
14132,4256
4256,14132
4256,14672
14672,4256
14672,47
47,14672
47,14377
14377,47
14377,14485
14485,14377
7127,3300
3300,7127
1718,5817
5817,1718
5817,6150
6150,5817
6150,6148
6148,6150
6148,6146
6146,6148
6146,6143
6143,6146
6143,6141
6141,6143
6141,6139
6139,6141
6139,6137
6137,6139
6137,6135
6135,6137
6135,6132
6132,6135
6132,6130
6130,6132
6130,4184
4184,6130
13007,8687
8687,13007
8687,4322
4322,8687
4322,5950
5950,4322
5950,5403
5403,5950
5403,11495
11495,5403
11495,10178
10178,11495
10178,11496
11496,10178
11496,4325
4325,11496
4325,5203
5203,4325
5203,5201
5201,5203
5201,5199
5199,5201
5199,5197
5197,5199
5197,5195
5195,5197
5195,12414
12414,5195
12414,6795
6795,12414
6795,6797
6797,6795
6797,6799
6799,6797
6799,7390
7390,6799
7390,9235
9235,7390
9235,9237
9237,9235
9237,9239
9239,9237
9239,8695
8695,9239
8695,14617
14617,8695
14617,8694
8694,14617
8694,9240
9240,8694
9240,9238
9238,9240
9229,9228
9228,9229
9228,12125
12125,9228
12125,9553
9553,12125
9553,4233
4233,9553
4233,4231
4231,4233
4231,1471
1471,4231
1471,4228
4228,1471
4228,4226
4226,4228
4226,4225
4225,4226
4225,4222
4222,4225
4222,8624
8624,4222
10180,4223
4223,10180
4223,4224
4224,4223
4224,4227
4227,4224
4227,4230
4230,4227
4230,8342
8342,4230
8342,4232
4232,8342
4232,4234
4234,4232
4234,9227
9227,4234
9227,9230
9230,9227
9230,9229
9229,9230
5644,3462
3462,5644
3462,17288
17288,3462
17288,12243
12243,17288
12243,17328
17328,12243
17328,3458
3458,17328
3458,12145
12145,3458
12145,3455
3455,12145
3452,3450
3450,3452
3450,3447
3447,3450
15283,6643
6643,15283
6643,972
972,6643
972,971
971,972
971,5235
5235,971
5235,1110
1110,5235
1110,1108
1108,1110
1108,6504
6504,1108
6504,1107
1107,6504
1107,6506
6506,1107
102,14281
14281,102
9340,13705
13705,9340
7789,15181
15181,7789
13729,1646
1646,13729
15196,6505
6505,15196
6505,1109
1109,6505
1109,1112
1112,1109
1112,5238
5238,1112
5238,6531
6531,5238
6531,6503
6503,6531
6503,15282
15282,6503
3456,12146
12146,3456
12146,3457
3457,12146
3457,3459
3459,3457
3459,3460
3460,3459
3460,5096
5096,3460
5096,3461
3461,5096
3461,5646
5646,3461
5646,10406
10406,5646
12411,9539
9539,12411
9539,9541
9541,9539
9541,9542
9542,9541
9542,9543
9543,9542
9543,9545
9545,9543
9545,9546
9546,9545
9546,9232
9232,9546
9232,9011
9011,9232
9011,8901
8901,9011
8901,8899
8899,8901
8899,7661
7661,8899
7661,7659
7659,7661
7659,7657
7657,7659
7657,6867
6867,7657
6867,11588
11588,6867
11588,6872
6872,11588
6872,6874
6874,6872
6878,9477
9477,6878
11476,17817
17817,11476
4526,8824
8824,4526
4525,4969
4969,4525
4969,1285
1285,4969
1283,6919
6919,1283
6919,10339
10339,6919
1219,6747
6747,1219
5014,12236
12236,5014
9895,4995
4995,9895
14581,13034
13034,14581
13034,6918
6918,13034
8762,6916
6916,8762
9841,9781
9781,9841
12194,6879
6879,12194
6879,4106
4106,6879
4106,6875
6875,4106
6875,11587
11587,6875
11587,6870
6870,11587
6870,6869
6869,6870
6869,6866
6866,6869
6866,7656
7656,6866
7656,7658
7658,7656
7658,7660
7660,7658
7660,8900
8900,7660
8900,8902
8902,8900
8902,9012
9012,8902
9012,9051
9051,9012
9051,9481
9481,9051
9481,9480
9480,9481
9480,9805
9805,9480
9805,9544
9544,9805
9544,9478
9478,9544
9478,9479
9479,9478
9479,9540
9540,9479
9540,9894
9894,9540
13277,5023
5023,13277
9494,15133
15133,9494
15133,4999
4999,15133
15179,7458
7458,15179
11319,15132
15132,11319
15132,15131
15131,15132
15131,9492
9492,15131
9492,9495
9495,9492
9495,9496
9496,9495
9496,5279
5279,9496
5375,13276
13276,5375
6880,9485
9485,6880
2501,10138
10138,2501
10138,16955
16955,10138
16955,1963
1963,16955
1963,1965
1965,1963
1965,1968
1968,1965
1968,1970
1970,1968
1970,1972
1972,1970
1972,1974
1974,1972
1974,1976
1976,1974
1976,1979
1979,1976
17154,1983
1983,17154
1983,10182
10182,1983
10182,1986
1986,10182
1986,8202
8202,1986
8202,9445
9445,8202
9445,7712
7712,9445
7712,2125
2125,7712
2125,9120
9120,2125
9120,17167
17167,9120
17167,9253
9253,17167
1990,17166
17166,1990
17166,9121
9121,17166
9121,2124
2124,9121
2124,10981
10981,2124
10981,9444
9444,10981
9444,17085
17085,9444
17085,1985
1985,17085
1985,10181
10181,1985
10181,15884
15884,10181
15884,1984
1984,15884
1977,1975
1975,1977
1975,1973
1973,1975
1973,1971
1971,1973
1971,1969
1969,1971
1969,1966
1966,1969
1966,1964
1964,1966
1964,17155
17155,1964
17155,2502
2502,17155
2502,10144
10144,2502
15554,4080
4080,15554
3705,8071
8071,3705
8071,12795
12795,8071
9053,10689
10689,9053
10689,9244
9244,10689
9244,10687
10687,9244
10687,10684
10684,10687
10684,17147
17147,10684
17147,15553
15553,17147
15553,15551
15551,15553
15551,15548
15548,15551
15548,9741
9741,15548
9741,9883
9883,9741
9883,9770
9770,9883
9770,9018
9018,9770
9018,14127
14127,9018
14127,9269
9269,14127
9269,9436
9436,9269
9436,9016
9016,9436
9016,9014
9014,9016
9014,8923
8923,9014
8923,8924
8924,8923
8924,8189
8189,8924
8189,8190
8190,8189
8190,9186
9186,8190
9186,9185
9185,9186
9185,6861
6861,9185
6861,6863
6863,6861
6863,6865
6865,6863
6865,6867
6867,6865
17767,9333
9333,17767
9333,12909
12909,9333
12909,12840
12840,12909
12840,13038
13038,12840
9331,17546
17546,9331
6866,6864
6864,6866
6864,6862
6862,6864
6862,6860
6860,6862
6860,9184
9184,6860
9184,15484
15484,9184
15484,8191
8191,15484
8191,8922
8922,8191
8922,9013
9013,8922
9013,9015
9015,9013
9015,9437
9437,9015
9437,9523
9523,9437
9523,9581
9581,9523
9581,9017
9017,9581
9017,9742
9742,9017
9742,13770
13770,9742
13770,15547
15547,13770
15547,15549
15549,15547
15549,15552
15552,15549
15552,10683
10683,15552
10683,10685
10685,10683
10685,10686
10686,10685
10686,10688
10688,10686
12794,3704
3704,12794
4081,15554
15554,4081
6690,15153
15153,6690
15153,9766
9766,15153
9766,9767
9767,9766
9767,9777
9777,9767
9777,13470
13470,9777
13470,3110
3110,13470
3110,3113
3113,3110
3113,8740
8740,3113
3825,3898
3898,3825
3898,3900
3900,3898
3900,3902
3902,3900
3902,4669
4669,3902
4669,12054
12054,4669
12054,9995
9995,12054
9995,6567
6567,9995
6567,6564
6564,6567
6564,6562
6562,6564
6562,6560
6560,6562
6560,12223
12223,6560
12223,5180
5180,12223
10394,6558
6558,10394
6558,6559
6559,6558
6559,6561
6561,6559
6561,6563
6563,6561
6563,6566
6566,6563
6566,3523
3523,6566
3523,13425
13425,3523
13425,4670
4670,13425
4670,3903
3903,4670
3903,3901
3901,3903
3901,3899
3899,3901
3826,6495
6495,3826
3824,3822
3822,3824
3822,3114
3114,3822
3114,3111
3111,3114
3111,5528
5528,3111
5528,9768
9768,5528
9768,9764
9764,9768
9764,17117
17117,9764
17117,9765
9765,17117
9765,12063
12063,9765
9855,9322
9322,9855
9322,13308
13308,9322
13308,2861
2861,13308
2861,1708
1708,2861
1736,9863
9863,1736
9863,13471
13471,9863
13471,9861
9861,13471
9861,8594
8594,9861
8594,5947
5947,8594
5947,8588
8588,5947
8588,1734
1734,8588
1734,11577
11577,1734
11577,5470
5470,11577
11658,11660
11660,11658
11660,1782
1782,11660
1782,8996
8996,1782
8996,9033
9033,8996
1407,8678
8678,1407
8678,3726
3726,8678
3726,9267
9267,3726
2950,9147
9147,2950
9147,12932
12932,9147
12932,3234
3234,12932
8982,8994
8994,8982
8994,8995
8995,8994
8995,7468
7468,8995
7468,11659
11659,7468
1665,5946
5946,1665
5946,1733
1733,5946
1733,1735
1735,1733
1735,5948
5948,1735
5948,14857
14857,5948
14857,14976
14976,14857
14976,1737
1737,14976
2864,2862
2862,2864
2862,12332
12332,2862
12332,13309
13309,12332
13309,9321
9321,13309
9321,9943
9943,9321
9943,9855
9855,9943
2458,2461
2461,2458
2461,2462
2462,2461
2462,2464
2464,2462
2479,8845
8845,2479
8845,2470
2470,8845
2470,3691
3691,2470
2473,3339
3339,2473
3339,3340
3340,3339
3340,3342
3342,3340
3342,1675
1675,3342
1675,3345
3345,1675
3345,4312
4312,3345
4312,3347
3347,4312
3347,4314
4314,3347
4314,3349
3349,4314
3349,2625
2625,3349
14977,3352
3352,14977
3352,3353
3353,3352
3353,3355
3355,3353
3355,4317
4317,3355
4317,10288
10288,4317
10288,3357
3357,10288
3357,3360
3360,3357
3360,10290
10290,3360
10290,10976
10976,10290
10976,3595
3595,10976
3595,8882
8882,3595
8881,10977
10977,8881
10977,4318
4318,10977
4318,10291
10291,4318
10291,3359
3359,10291
3359,3358
3358,3359
3358,10287
10287,3358
10287,4315
4315,10287
4315,3356
3356,4315
3356,3354
3354,3356
3354,3351
3351,3354
3351,13471
13471,3351
3754,3350
3350,3754
3350,3348
3348,3350
3348,4313
4313,3348
4313,3346
3346,4313
3346,4311
4311,3346
4311,3344
3344,4311
3344,3343
3343,3344
3343,3341
3341,3343
3341,6790
6790,3341
6790,1789
1789,6790
1789,2474
2474,1789
1842,2471
2471,1842
2471,2469
2469,2471
2469,2468
2468,2469
15428,2463
2463,15428
2463,2460
2460,2463
2460,2459
2459,2460
8478,11925
11925,8478
11924,573
573,11924
573,6225
6225,573
6225,4562
4562,6225
4562,15942
15942,4562
15942,8187
8187,15942
2559,2058
2058,2559
2055,7798
7798,2055
7798,7802
7802,7798
7802,7805
7805,7802
7805,7806
7806,7805
7806,7808
7808,7806
7808,7810
7810,7808
7810,3421
3421,7810
3421,12124
12124,3421
12124,7812
7812,12124
7812,7814
7814,7812
7814,7816
7816,7814
7816,12673
12673,7816
12673,2051
2051,12673
2051,4100
4100,2051
4100,4096
4096,4100
4096,4098
4098,4096
4098,9950
9950,4098
9950,6599
6599,9950
6599,6602
6602,6599
6602,6604
6604,6602
6604,6607
6607,6604
6607,6608
6608,6607
6608,6994
6994,6608
6785,6610
6610,6785
6610,6612
6612,6610
6612,6614
6614,6612
6614,6615
6615,6614
6615,12770
12770,6615
12770,6618
6618,12770
6617,6616
6616,6617
6616,6613
6613,6616
6613,6611
6611,6613
6611,6609
6609,6611
6609,6996
6996,6609
6996,679
679,6996
1643,6606
6606,1643
6606,6603
6603,6606
6603,6601
6601,6603
6601,6600
6600,6601
6600,9949
9949,6600
9949,4097
4097,9949
4097,4099
4099,4097
4099,4101
4101,4099
4101,7818
7818,4101
7818,7817
7817,7818
7817,7815
7815,7817
7815,7813
7813,7815
7813,3422
3422,7813
1133,7809
7809,1133
7809,7807
7807,7809
7807,7804
7804,7807
7804,7803
7803,7804
7803,7801
7801,7803
7801,12069
12069,7801
2059,2529
2529,2059
8188,15943
15943,8188
15943,4561
4561,15943
4561,6224
6224,4561
6224,583
583,6224
583,15732
15732,583
5410,6693
6693,5410
15607,6502
6502,15607
7630,6643
6643,7630
4950,6103
6103,4950
4883,11072
11072,4883
7168,6227
6227,7168
6531,973
973,6531
973,1292
1292,973
6745,17206
17206,6745
15752,14356
14356,15752
14356,9862
9862,14356
2551,5607
5607,2551
5607,1742
1742,5607
1742,1743
1743,1742
1743,10929
10929,1743
10929,1745
1745,10929
1745,1748
1748,1745
1748,1750
1750,1748
1750,1751
1751,1750
1751,11687
11687,1751
11985,17295
17295,11985
2311,5565
5565,2311
5565,8518
8518,5565
2608,8983
8983,2608
8983,8968
8968,8983
8968,8970
8970,8968
8970,8921
8921,8970
8921,8920
8920,8921
8920,17870
17870,8920
17851,7405
7405,17851
1634,15160
15160,1634
17872,8919
8919,17872
8919,17159
17159,8919
17159,8971
8971,17159
8971,8969
8969,8971
8969,2610
2610,8969
8460,2212
2212,8460
2212,2211
2211,2212
2211,2310
2310,2211
11985,17293
17293,11985
11688,1752
1752,11688
1752,1749
1749,1752
1749,1747
1747,1749
1747,1746
1746,1747
1746,1744
1744,1746
1744,1741
1741,1744
1741,12267
12267,1741
12267,12660
12660,12267
14977,9861
9861,14977
9861,14355
14355,9861
14355,15167
15167,14355
15167,15752
15752,15167
17831,15216
15216,17831
15216,9692
9692,15216
9692,17660
17660,9692
17660,17930
17930,17660
17930,10622
10622,17930
10622,1295
1295,10622
1295,15156
15156,1295
15156,1274
1274,15156
1274,541
541,1274
541,540
540,541
540,538
538,540
538,535
535,538
535,512
512,535
9004,10473
10473,9004
2653,16554
16554,2653
12805,12806
12806,12805
12806,619
619,12806
10471,9008
9008,10471
11030,533
533,11030
533,534
534,533
534,536
536,534
536,537
537,536
537,539
539,537
539,542
542,539
542,1279
1279,542
1279,1301
1301,1279
1301,10621
10621,1301
10621,10620
10620,10621
10620,10624
10624,10620
10624,17833
17833,10624
17421,1285
1285,17421
6917,6432
6432,6917
6432,17538
17538,6432
17538,6434
6434,17538
6434,6435
6435,6434
6435,6437
6437,6435
17594,17583
17583,17594
17583,8741
8741,17583
6380,652
652,6380
9513,10289
10289,9513
10289,12232
12232,10289
12232,15694
15694,12232
7889,6749
6749,7889
17669,17668
17668,17669
6436,17268
17268,6436
17268,6433
6433,17268
6433,17774
17774,6433
17774,7696
7696,17774
9386,2575
2575,9386
2575,1687
1687,2575
1687,3799
3799,1687
3799,7311
7311,3799
7311,7128
7128,7311
5506,2836
2836,5506
2836,5693
5693,2836
7634,10407
10407,7634
2817,5692
5692,2817
5692,2694
2694,5692
10460,8290
8290,10460
8290,7318
7318,8290
7318,3798
3798,7318
3798,1686
1686,3798
1686,9383
9383,1686
11641,6469
6469,11641
6469,2736
2736,6469
2736,2737
2737,2736
2737,2739
2739,2737
2739,11560
11560,2739
11560,2741
2741,11560
2741,2743
2743,2741
2743,2746
2746,2743
2746,2748
2748,2746
2748,6649
6649,2748
6649,2749
2749,6649
2749,83
83,2749
7941,17315
17315,7941
17315,8163
8163,17315
8163,11462
11462,8163
11462,10032
10032,11462
10032,10351
10351,10032
12149,14758
14758,12149
311,9991
9991,311
9991,11463
11463,9991
11463,8164
8164,11463
8164,17314
17314,8164
84,6650
6650,84
6650,7703
7703,6650
7703,2747
2747,7703
2747,2745
2745,2747
2745,2744
2744,2745
2744,2742
2742,2744
2742,11559
11559,2742
11559,2740
2740,11559
2740,2738
2738,2740
2738,14033
14033,2738
14033,17065
17065,14033
17065,2734
2734,17065
2734,2733
2733,2734
2733,15165
15165,2733
15165,2810
2810,15165
2810,13147
13147,2810
14608,8703
8703,14608
8703,7412
7412,8703
7412,7310
7310,7412
7310,7308
7308,7310
7308,12991
12991,7308
12991,8395
8395,12991
8395,8393
8393,8395
8393,8392
8392,8393
8392,8391
8391,8392
8391,11649
11649,8391
11649,709
709,11649
709,10941
10941,709
10941,17859
17859,10941
17859,17684
17684,17859
17684,10942
10942,17684
10942,5282
5282,10942
5282,5281
5281,5282
5281,1175
1175,5281
2413,9039
9039,2413
9039,14620
14620,9039
14620,17133
17133,14620
17133,2417
2417,17133
2417,2418
2418,2417
2418,2421
2421,2418
2421,2423
2423,2421
2423,2425
2425,2423
2425,2426
2426,2425
2426,8808
8808,2426
8808,8799
8799,8808
8799,8809
8809,8799
8809,9394
9394,8809
9394,9402
9402,9394
9402,9404
9404,9402
9404,9406
9406,9404
9406,703
703,9406
699,9411
9411,699
9411,9400
9400,9411
9400,9410
9410,9400
9410,9395
9395,9410
9395,9397
9397,9395
9397,7047
7047,9397
5290,9398
9398,5290
9398,9396
9396,9398
9396,9399
9399,9396
9399,9408
9408,9399
9408,9409
9409,9408
9409,700
700,9409
702,9407
9407,702
9407,9405
9405,9407
9405,9403
9403,9405
9403,9401
9401,9403
9401,17135
17135,9401
17135,8800
8800,17135
8800,8810
8810,8800
8810,2427
2427,8810
2427,2424
2424,2427
2424,2422
2422,2424
2422,2420
2420,2422
2420,2416
2416,2420
2416,2414
2414,2416
2414,1728
1728,2414
2410,9052
9052,2410
9052,1172
1172,9052
1173,5283
5283,1173
5283,14741
14741,5283
14741,17685
17685,14741
17685,17686
17686,17685
17686,17683
17683,17686
17683,15677
15677,17683
15677,711
711,15677
711,11650
11650,711
11650,8390
8390,11650
8390,8347
8347,8390
8347,8394
8394,8347
8394,7305
7305,8394
7305,7306
7306,7305
7306,7307
7307,7306
7307,7309
7309,7307
7309,13663
13663,7309
13663,14610
14610,13663
9341,201
201,9341
201,9043
9043,201
2412,14683
14683,2412
14683,14684
14684,14683
14684,14685
14685,14684
14685,15987
15987,14685
15987,16133
16133,15987
16133,16135
16135,16133
16135,16138
16138,16135
16138,16140
16140,16138
16140,16142
16142,16140
16142,16144
16144,16142
16144,16146
16146,16144
16146,16149
16149,16146
16149,16151
16151,16149
16151,16153
16153,16151
16153,16155
16155,16153
16155,16157
16157,16155
16157,16819
16819,16157
16819,15988
15988,16819
15988,15933
15933,15988
15933,716
716,15933
716,13663
13663,716
13663,14609
14609,13663
14609,719
719,14609
719,15989
15989,719
15989,16160
16160,15989
16160,16162
16162,16160
16162,16164
16164,16162
16164,16166
16166,16164
16166,16167
16167,16166
16167,16168
16168,16167
16168,15990
15990,16168
15990,15934
15934,15990
15934,14384
14384,15934
14384,14359
14359,14384
14359,13913
13913,14359
13913,13914
13914,13913
13914,17796
17796,13914
17796,17792
17792,17796
14009,13915
13915,14009
13915,14010
14010,13915
14010,14384
14384,14010
14359,15991
15991,14359
15991,16165
16165,15991
16165,16163
16163,16165
16163,16161
16161,16163
16161,16158
16158,16161
16158,16156
16156,16158
16156,16154
16154,16156
16154,15992
15992,16154
15992,15935
15935,15992
15935,718
718,15935
14263,14607
14607,14263
14607,8703
8703,14607
7412,15997
15997,7412
15997,15998
15998,15997
15998,16820
16820,15998
16820,16152
16152,16820
16152,16150
16150,16152
16150,16147
16147,16150
16147,16145
16145,16147
16145,15953
15953,16145
15953,16143
16143,15953
16143,16141
16141,16143
16141,16139
16139,16141
16139,16136
16136,16139
16136,16134
16134,16136
16134,15999
15999,16134
15999,15936
15936,15999
15936,14684
14684,15936
14684,14686
14686,14684
14686,14687
14687,14686
14687,5362
5362,14687
5362,8615
8615,5362
8615,15619
15619,8615
4337,16704
16704,4337
16704,15944
15944,16704
15944,11791
11791,15944
11339,15876
15876,11339
15876,4166
4166,15876
4166,11341
11341,4166
11341,15945
15945,11341
15945,15273
15273,15945
15273,9469
9469,15273
9469,9191
9191,9469
9191,9471
9471,9191
9471,9473
9473,9471
9473,9474
9474,9473
9474,9486
9486,9474
9486,9488
9488,9486
9488,9490
9490,9488
9490,9491
9491,9490
9491,9489
9489,9491
9489,9487
9487,9489
9487,9475
9475,9487
9475,9516
9516,9475
9516,9472
9472,9516
9472,9190
9190,9472
9190,9192
9192,9190
9192,9193
9193,9192
9193,15946
15946,9193
15946,12554
12554,15946
12554,4165
4165,12554
4165,11340
11340,4165
11790,4287
4287,11790
4287,4035
4035,4287
4035,16773
16773,4035
16773,15947
15947,16773
15947,4336
4336,15947
4033,13007
13007,4033
13007,14260
14260,13007
12055,9995
9995,12055
9995,3524
3524,9995
3524,3526
3526,3524
3526,4668
4668,3526
4668,3531
3531,4668
3531,4128
4128,3531
3537,12791
12791,3537
12791,5095
5095,12791
5095,13094
13094,5095
13094,5093
5093,13094
5093,5091
5091,5093
5091,1871
1871,5091
1871,5089
5089,1871
5089,1442
1442,5089
4632,8060
8060,4632
8060,3546
3546,8060
3546,3549
3549,3546
3549,3551
3551,3549
3551,7007
7007,3551
7007,3553
3553,7007
3553,3555
3555,3553
3555,3557
3557,3555
3557,5234
5234,3557
5234,3559
3559,5234
3559,3561
3561,3559
8171,8167
8167,8171
8167,6981
6981,8167
6981,8170
8170,6981
8170,6979
6979,8170
6979,6978
6978,6979
6978,6977
6977,6978
6977,6975
6975,6977
6975,6970
6970,6975
6970,6969
6969,6970
6969,2146
2146,6969
12973,17761
17761,12973
17754,17771
17771,17754
2144,6972
6972,2144
6972,6973
6973,6972
6973,6971
6971,6973
6971,6974
6974,6971
6974,6976
6976,6974
6976,8168
8168,6976
8168,8234
8234,8168
8234,12180
12180,8234
12180,6980
6980,12180
6980,15481
15481,6980
15481,3568
3568,15481
3562,5503
5503,3562
5503,3560
3560,5503
3560,5236
5236,3560
5236,1475
1475,5236
1475,3556
3556,1475
3556,3554
3554,3556
3554,7006
7006,3554
7006,3552
3552,7006
3552,3550
3550,3552
3550,3548
3548,3550
3548,14242
14242,3548
14242,1727
1727,14242
1727,8059
8059,1727
17306,5090
5090,17306
5090,1880
1880,5090
1880,5092
5092,1880
5092,13093
13093,5092
13093,17287
17287,13093
17287,5097
5097,17287
5097,15674
15674,5097
4133,3530
3530,4133
3530,3527
3527,3530
3527,3525
3525,3527
3525,3523
3523,3525
3523,12053
12053,3523
8458,8456
8456,8458
8456,8459
8459,8456
8459,7695
7695,8459
7695,7694
7694,7695
7694,17162
17162,7694
17162,3382
3382,17162
8043,2785
2785,8043
2785,15577
15577,2785
15577,17443
17443,15577
17443,17446
17446,17443
17446,2786
2786,17446
2786,15278
15278,2786
17438,9060
9060,17438
9060,2496
2496,9060
11018,8027
8027,11018
8027,8025
8025,8027
8025,4873
4873,8025
4873,8022
8022,4873
8022,8760
8760,8022
8760,8020
8020,8760
8020,8018
8018,8020
8018,10342
10342,8018
10342,10918
10918,10342
10918,10916
10916,10918
10916,10915
10915,10916
10915,10914
10914,10915
10914,10913
10913,10914
10913,10912
10912,10913
10912,188
188,10912
188,5485
5485,188
5485,6646
6646,5485
6646,10910
10910,6646
10910,10909
10909,10910
10909,17680
17680,10909
17680,17679
17679,17680
17679,10908
10908,17679
10908,10635
10635,10908
9616,17676
17676,9616
17676,17677
17677,17676
17677,17678
17678,17677
17678,10901
10901,17678
10901,6645
6645,10901
6645,5486
5486,6645
5486,10903
10903,5486
10903,10904
10904,10903
10904,10905
10905,10904
10905,10906
10906,10905
10906,10907
10907,10906
10907,8679
8679,10907
8679,14717
14717,8679
14717,8019
8019,14717
8019,8088
8088,8019
8088,10302
10302,8088
10302,8023
8023,10302
8023,4874
4874,8023
4874,8026
8026,4874
8026,16987
16987,8026
16987,5501
5501,16987
2495,9059
9059,2495
9059,2497
2497,9059
2497,2498
2498,2497
2498,17570
17570,2498
17884,17445
17445,17884
17445,17444
17444,17445
17444,2784
2784,17444
2784,13587
13587,2784
3383,7692
7692,3383
7692,7693
7693,7692
7693,12044
12044,7693
12044,8454
8454,12044
8454,8455
8455,8454
8455,8457
8457,8455
8450,17588
17588,8450
17588,12253
12253,17588
12253,15023
15023,12253
15023,14998
14998,15023
14998,15030
15030,14998
15030,15001
15001,15030
15001,15183
15183,15001
15183,14315
14315,15183
5804,12324
12324,5804
12324,5934
5934,12324
10183,6739
6739,10183
9769,1078
1078,9769
1078,1080
1080,1078
1080,7184
7184,1080
7184,4349
4349,7184
4349,992
992,4349
992,1011
1011,992
1011,17171
17171,1011
17171,995
995,17171
995,79
79,995
79,996
996,79
996,998
998,996
998,1001
1001,998
1001,1003
1003,1001
1003,1192
1192,1003
1192,1005
1005,1192
1005,1007
1007,1005
1007,1009
1009,1007
1009,9079
9079,1009
9079,10839
10839,9079
10839,1008
1008,10839
1008,1006
1006,1008
1006,1004
1004,1006
1004,1002
1002,1004
1002,1000
1000,1002
1000,999
999,1000
999,997
997,999
997,80
80,997
80,994
994,80
994,993
993,994
993,1010
1010,993
1010,4339
4339,1010
4339,1081
1081,4339
1081,15173
15173,1081
15173,1079
1079,15173
1079,1076
1076,1079
6737,13649
13649,6737
10472,9847
9847,10472
9847,12313
12313,9847
12313,5803
5803,12313
5782,14314
14314,5782
14314,15013
15013,14314
15013,15006
15006,15013
15006,15018
15018,15006
15018,5648
5648,15018
17172,3463
3463,17172
3470,3908
3908,3470
3908,3910
3910,3908
3910,11802
11802,3910
11802,13008
13008,11802
13008,3913
3913,13008
3913,3914
3914,3913
3914,15715
15715,3914
15715,3481
3481,15715
3481,3482
3482,3481
3482,17762
17762,3482
17762,17607
17607,17762
6982,3480
3480,6982
3480,3479
3479,3480
3479,3912
3912,3479
3912,11803
11803,3912
11803,3911
3911,11803
3911,3909
3909,3911
3909,3907
3907,3909
3907,3469
3469,3907
3466,4440
4440,3466
4440,8404
8404,4440
8404,10840
10840,8404
1107,1224
1224,1107
11701,3326
3326,11701
3326,3424
3424,3326
8230,8231
8231,8230
8231,8233
8233,8231
8233,8170
8170,8233
6979,12180
12180,6979
15481,3567
3567,15481
17761,11189
11189,17761
11189,1816
1816,11189
11169,6318
6318,11169
6318,6320
6320,6318
6320,6321
6321,6320
6321,6324
6324,6321
6324,6325
6325,6324
6325,6327
6327,6325
6330,3934
3934,6330
6328,6326
6326,6328
6326,6323
6323,6326
6323,6322
6322,6323
6322,6319
6319,6322
6319,9693
9693,6319
3570,8167
8167,3570
6981,8168
8168,6981
8234,9019
9019,8234
9019,9020
9020,9019
9020,8230
8230,9020
14325,6442
6442,14325
6442,10021
10021,6442
10021,1210
1210,10021
6483,10024
10024,6483
10024,17138
17138,10024
17138,14007
14007,17138
14007,17139
17139,14007
17139,17140
17140,17139
17140,17934
17934,17140
17934,11571
11571,17934
17774,9997
9997,17774
6494,12067
12067,6494
6918,6432
6432,6918
6440,17935
17935,6440
17935,9299
9299,17935
9299,14006
14006,9299
14006,17137
17137,14006
17137,10025
10025,17137
10025,8373
8373,10025
5387,7123
7123,5387
7123,5149
5149,7123
5149,15680
15680,5149
15680,15679
15679,15680
15679,4710
4710,15679
4710,14440
14440,4710
14440,15042
15042,14440
15042,9580
9580,15042
9580,4709
4709,9580
4709,4707
4707,4709
4707,4704
4704,4707
4704,11006
11006,4704
11006,7896
7896,11006
7896,7898
7898,7896
7898,7900
7900,7898
7900,7902
7902,7900
7902,4402
4402,7902
4402,4399
4399,4402
4399,4397
4397,4399
4397,4414
4414,4397
4412,9639
9639,4412
9639,8420
8420,9639
8420,8424
8424,8420
8424,8426
8426,8424
8426,8422
8422,8426
8422,9627
9627,8422
9627,17213
17213,9627
15264,8584
8584,15264
8584,8553
8553,8584
8553,8429
8429,8553
8429,8421
8421,8429
8421,8425
8425,8421
8425,14414
14414,8425
14414,8423
8423,14414
8423,8419
8419,8423
8419,8418
8418,8419
8418,16627
16627,8418
16627,16625
16625,16627
4413,4396
4396,4413
4396,4398
4398,4396
4398,4401
4401,4398
4401,7901
7901,4401
7901,7899
7899,7901
7899,7897
7897,7899
7897,7895
7895,7897
7895,16667
16667,7895
11005,4703
4703,11005
4703,4706
4706,4703
4706,4708
4708,4706
4708,9579
9579,4708
9579,14440
14440,9579
9580,4711
4711,9580
4711,7866
7866,4711
7866,8340
8340,7866
8340,11569
11569,8340
11569,5387
5387,11569
7463,13581
13581,7463
13581,13582
13582,13581
13582,13583
13583,13582
13583,3684
3684,13583
10434,876
876,10434
6277,9658
9658,6277
9658,9663
9663,9658
9663,9660
9660,9663
9660,6291
6291,9660
6294,12028
12028,6294
12028,12029
12029,12028
12029,12030
12030,12029
12030,1050
1050,12030
14950,9786
9786,14950
1449,12031
12031,1449
12031,12032
12032,12031
12032,12033
12033,12032
12033,9182
9182,12033
17175,9662
9662,17175
9662,9661
9661,9662
9661,9664
9664,9661
9664,9659
9659,9664
9659,17125
17125,9659
10436,9448
9448,10436
8451,13579
13579,8451
13579,13580
13580,13579
13580,17067
17067,13580
3893,7300
7300,3893
7300,7297
7297,7300
7297,7295
7295,7297
7295,10324
10324,7295
10324,10322
10322,10324
10322,10319
10319,10322
10319,10316
10316,10319
10316,3454
3454,10316
3456,4133
4133,3456
3523,4670
4670,3523
11310,8666
8666,11310
8666,3596
3596,8666
3596,3598
3598,3596
3598,3600
3600,3598
3600,3602
3602,3600
3604,9900
9900,3604
9900,1136
1136,9900
1136,3897
3897,1136
3897,4844
4844,3897
4844,3895
3895,4844
3895,3892
3892,3895
3892,8524
8524,3892
4971,9248
9248,4971
8748,3891
3891,8748
3891,17215
17215,3891
17215,17119
17119,17215
17119,3896
3896,17119
3896,1137
1137,3896
1137,13230
13230,1137
13230,3605
3605,13230
3603,1476
1476,3603
1476,3601
3601,1476
3601,13730
13730,3601
13730,3599
3599,13730
3599,3597
3597,3599
3597,8667
8667,3597
8667,229
229,8667
4669,9995
9995,4669
4128,3455
3455,4128
3453,10317
10317,3453
10317,10318
10318,10317
10318,10321
10321,10318
10321,10323
10323,10321
10323,7296
7296,10323
7296,7299
7299,7296
7299,9119
9119,7299
9119,4667
4667,9119
2799,6473
6473,2799
6473,6476
6476,6473
6476,6478
6478,6476
6478,6479
6479,6478
6479,3324
3324,6479
3324,13033
13033,3324
13033,8937
8937,13033
8937,8940
8940,8937
8940,8942
8942,8940
8942,8944
8944,8942
8944,14378
14378,8944
14378,8947
8947,14378
8947,7420
7420,8947
7420,12498
12498,7420
12498,7421
7421,12498
17035,12499
12499,17035
12499,8948
8948,12499
8948,14563
14563,8948
14563,8946
8946,14563
8946,8945
8945,8946
8945,8943
8943,8945
8943,8941
8941,8943
8941,8939
8939,8941
8939,9173
9173,8939
9173,6474
6474,9173
6474,6477
6477,6474
6477,6475
6475,6477
6475,6472
6472,6475
6472,2800
2800,6472
14368,7439
7439,14368
3275,3272
3272,3275
3272,3270
3270,3272
3270,3344
3344,3270
6790,1790
1790,6790
1790,1791
1791,1790
1791,3268
3268,1791
3268,3267
3267,3268
3267,14282
14282,3267
5449,17468
17468,5449
17468,8919
8919,17468
8969,2611
2611,8969
8965,9034
9034,8965
9034,7893
7893,9034
7904,11499
11499,7904
11499,5954
5954,11499
8966,8983
8983,8966
8920,17469
17469,8920
17469,17470
17470,17469
17470,3266
3266,17470
3266,1792
1792,3266
1792,3340
3340,1792
1675,3269
3269,1675
3269,3271
3271,3269
3271,3273
3273,3271
3273,3274
3274,3273
6019,4862
4862,6019
7436,9957
9957,7436
135,9457
9457,135
9457,17621
17621,9457
8294,14676
14676,8294
8727,8362
8362,8727
12048,9462
9462,12048
12192,15178
15178,12192
15178,17439
17439,15178
17519,15665
15665,17519
15665,9510
9510,15665
9851,9703
9703,9851
9703,9701
9701,9703
9701,9699
9699,9701
9699,9697
9697,9699
9697,10622
10622,9697
1274,7037
7037,1274
7037,7035
7035,7037
7035,15742
15742,7035
15742,14429
14429,15742
14429,16670
16670,14429
16670,16671
16671,16670
16671,517
517,16671
517,16672
16672,517
16672,15787
15787,16672
15787,15759
15759,15787
15759,15781
15781,15759
15781,15762
15762,15781
15762,15760
15760,15762
15760,12072
12072,15760
12072,12071
12071,12072
12071,2710
2710,12071
2703,10466
10466,2703
10466,17076
17076,10466
17076,15757
15757,17076
15757,15767
15767,15757
15767,15778
15778,15767
15778,15761
15761,15778
15761,15749
15749,15761
15749,16673
16673,15749
16673,518
518,16673
518,16674
16674,518
16674,16675
16675,16674
16675,14431
14431,16675
14431,7034
7034,14431
7034,14405
14405,7034
14405,7036
7036,14405
7036,7038
7038,7036
7038,1279
1279,7038
10621,9698
9698,10621
9698,9700
9700,9698
9700,9702
9702,9700
9702,9704
9704,9702
9704,9850
9850,9704
9850,15751
15751,9850
15753,5628
5628,15753
5628,17518
17518,5628
17518,2605
2605,17518
2605,15177
15177,2605
15177,12192
12192,15177
8040,8037
8037,8040
8037,8034
8034,8037
8034,8031
8031,8034
8031,8028
8028,8031
8028,10301
10301,8028
10301,8027
8027,10301
10342,8578
8578,10342
8578,8012
8012,8578
8012,1997
1997,8012
1997,8008
8008,1997
8008,17572
17572,8008
17572,17809
17809,17572
17809,8003
8003,17809
8003,17857
17857,8003
17857,17690
17690,17857
17690,5411
5411,17690
5411,8001
8001,5411
8001,10902
10902,8001
10902,7999
7999,10902
7999,7995
7995,7999
7995,5332
5332,7995
5332,17277
17277,5332
7987,5686
5686,7987
5686,7982
7982,5686
7982,2493
2493,7982
2493,7980
7980,2493
7980,11331
11331,7980
11331,1332
1332,11331
1332,7977
7977,1332
7977,11326
11326,7977
11326,7975
7975,11326
7975,7974
7974,7975
7974,14745
14745,7974
14748,14746
14746,14748
14746,9104
9104,14746
9104,7972
7972,9104
7972,7976
7976,7972
7976,11327
11327,7976
11327,7979
7979,11327
7979,1325
1325,7979
1325,8002
8002,1325
8002,11328
11328,8002
11328,7981
7981,11328
7981,2499
2499,7981
2499,7983
7983,2499
7983,5687
5687,7983
5687,7988
7988,5687
5339,8722
8722,5339
8722,7998
7998,8722
7998,8000
8000,7998
8000,10343
10343,8000
10343,1330
1330,10343
1330,10968
10968,1330
10968,17692
17692,10968
17692,4319
4319,17692
4319,8006
8006,4319
8006,8007
8007,8006
8007,8009
8009,8007
8009,8011
8011,8009
8011,7985
7985,8011
7985,8015
8015,7985
8015,761
761,8015
761,8017
8017,761
8017,8019
8019,8017
16987,10300
10300,16987
10300,8029
8029,10300
8029,8032
8032,8029
8032,8033
8033,8032
8033,8035
8035,8033
8035,8038
8038,8035
8038,12208
12208,8038
6677,6675
6675,6677
6675,10392
10392,6675
10392,4107
4107,10392
4107,7414
7414,4107
7414,9971
9971,7414
9971,4110
4110,9971
4110,4112
4112,4110
4112,11969
11969,4112
11969,15127
15127,11969
15127,17730
17730,15127
17730,17732
17732,17730
740,9526
9526,740
9526,566
566,9526
566,5031
5031,566
5031,6167
6167,5031
6167,7221
7221,6167
7221,7223
7223,7221
7223,17207
17207,7223
17207,8268
8268,17207
8268,8270
8270,8268
8270,8271
8271,8270
8271,8274
8274,8271
8274,8276
8276,8274
8276,8277
8277,8276
8754,8753
8753,8754
8753,9345
9345,8753
4615,8123
8123,4615
8123,8275
8275,8123
8275,8273
8273,8275
8273,8272
8272,8273
8272,8269
8269,8272
8269,8267
8267,8269
8267,7225
7225,8267
7225,7887
7887,7225
7887,7224
7224,7887
7224,7222
7222,7224
7222,7220
7220,7222
7220,5030
5030,7220
5030,5032
5032,5030
5032,10017
10017,5032
10017,5098
5098,10017
11984,17726
17726,11984
10033,15128
15128,10033
15128,4114
4114,15128
4114,4113
4113,4114
4113,4111
4111,4113
4111,9466
9466,4111
9466,7413
7413,9466
7413,4109
4109,7413
4109,10393
10393,4109
10393,6676
6676,10393
17063,1910
1910,17063
1910,1908
1908,1910
1908,1907
1907,1908
1907,1902
1902,1907
1902,1903
1903,1902
1903,10326
10326,1903
1894,1594
1594,1894
1594,1904
1904,1594
1904,15908
15908,1904
15908,1905
1905,15908
1905,1906
1906,1905
1906,1909
1909,1906
1909,1911
1911,1909
1911,5165
5165,1911
11938,15622
15622,11938
15622,13590
13590,15622
13590,7795
7795,13590
7795,4132
4132,7795
4132,7130
7130,4132
7130,4076
4076,7130
4076,8761
8761,4076
8761,2583
2583,8761
8621,1560
1560,8621
11691,3419
3419,11691
3419,8295
8295,3419
8295,3418
3418,8295
3418,10738
10738,3418
10738,3416
3416,10738
3416,5335
5335,3416
5335,7570
7570,5335
7570,10748
10748,7570
10748,16953
16953,10748
16953,1370
1370,16953
1370,3412
3412,1370
3412,4586
4586,3412
4586,1485
1485,4586
2455,9145
9145,2455
9145,9195
9195,9145
9195,9197
9197,9195
9197,9148
9148,9197
9150,2306
2306,9150
2306,9194
9194,2306
9194,9146
9146,9194
9146,2453
2453,9146
1484,13258
13258,1484
13258,3411
3411,13258
3411,1369
1369,3411
1369,7797
7797,1369
7797,3413
3413,7797
3413,7569
7569,3413
7569,5336
5336,7569
5336,3414
3414,5336
3414,10743
10743,3414
10743,3417
3417,10743
3417,10937
10937,3417
10937,3420
3420,10937
3420,11692
11692,3420
8831,10482
10482,8831
2584,9210
9210,2584
9210,2103
2103,9210
2117,4131
4131,2117
4131,8805
8805,4131
8805,7792
7792,8805
7792,1851
1851,7792
1851,14265
14265,1851
10351,318
318,10351
318,316
316,318
316,314
314,316
314,312
312,314
312,1543
1543,312
1543,11626
11626,1543
17393,361
361,17393
2319,2291
2291,2319
9882,8363
8363,9882
349,2308
2308,349
360,17397
17397,360
11627,1550
1550,11627
1550,313
313,1550
313,315
315,313
315,317
317,315
317,311
311,317
8164,17316
17316,8164
8636,379
379,8636
16955,8325
8325,16955
8325,8324
8324,8325
8324,7558
7558,8324
7558,3979
3979,7558
3979,3977
3977,3979
3977,3975
3975,3977
3975,3973
3973,3975
3973,3972
3972,3973
3972,3969
3969,3972
3969,3967
3967,3969
3967,3965
3965,3967
3965,3963
3963,3965
3963,3961
3961,3963
3961,3959
3959,3961
3959,3957
3957,3959
3957,3955
3955,3957
3955,10877
10877,3955
10877,16960
16960,10877
16960,8556
8556,16960
8556,8558
8558,8556
8558,8561
8561,8558
8561,14287
14287,8561
16964,13546
13546,16964
13547,16965
16965,13547
14573,14015
14015,14573
14015,14286
14286,14015
14286,8560
8560,14286
8560,8559
8559,8560
8559,8557
8557,8559
8557,8555
8555,8557
8555,16970
16970,8555
16970,3956
3956,16970
3956,3958
3958,3956
3958,3960
3960,3958
3960,3962
3962,3960
3962,3964
3964,3962
3964,3966
3966,3964
3966,3968
3968,3966
3968,3970
3970,3968
3970,3971
3971,3970
3971,3974
3974,3971
3974,3976
3976,3974
3976,3978
3978,3976
3978,8785
8785,3978
8785,6017
6017,8785
6017,8323
8323,6017
8323,17155
17155,8323
2500,8636
8636,2500
4908,4782
4782,4908
7868,8199
8199,7868
8199,8297
8297,8199
8297,8185
8185,8297
8185,8184
8184,8185
8184,17255
17255,8184
17255,3099
3099,17255
3099,8204
8204,3099
8204,3924
3924,8204
3924,3097
3097,3924
3097,3933
3933,3097
3933,3095
3095,3933
3095,4587
4587,3095
4587,3093
3093,4587
3093,3092
3092,3093
3092,7061
7061,3092
7061,5970
5970,7061
5970,5277
5277,5970
5277,3090
3090,5277
1382,9274
9274,1382
9274,9583
9583,9274
7040,5267
5267,7040
5267,5969
5969,5267
5969,7060
7060,5969
7060,3091
3091,7060
3091,3706
3706,3091
3706,3707
3707,3706
3707,3094
3094,3707
3094,3942
3942,3094
3942,3096
3096,3942
3096,3919
3919,3096
3919,8203
8203,3919
8203,3098
3098,8203
3098,8182
8182,3098
8182,8183
8183,8182
8183,14490
14490,8183
14490,8296
8296,14490
8296,8198
8198,8296
8198,7867
7867,8198
15542,15575
15575,15542
15575,13531
13531,15575
13531,15491
15491,13531
15491,403
403,15491
9615,9528
9528,9615
9528,385
385,9528
17399,4348
4348,17399
5930,7144
7144,5930
9062,17398
17398,9062
17398,7700
7700,17398
7700,10416
10416,7700
10416,15629
15629,10416
402,15487
15487,402
15487,13053
13053,15487
13053,14318
14318,13053
14318,8223
8223,14318
6411,5185
5185,6411
5185,16967
16967,5185
16967,7934
7934,16967
7934,7937
7937,7934
7937,7939
7939,7937
7939,7940
7940,7939
7940,4075
4075,7940
10990,7938
7938,10990
7938,16968
16968,7938
16968,7933
7933,16968
7933,12587
12587,7933
12587,7936
7936,12587
7936,5184
5184,7936
5184,6410
6410,5184
9447,3830
3830,9447
3830,3199
3199,3830
3199,3198
3198,3199
3198,9454
9454,3198
9454,3196
3196,9454
3195,3197
3197,3195
691,10511
10511,691
10511,10509
10509,10511
10509,12117
12117,10509
12117,9068
9068,12117
9068,10507
10507,9068
10507,9056
9056,10507
9056,10505
10505,9056
10505,10502
10502,10505
10502,10501
10501,10502
10501,10499
10499,10501
10499,2409
2409,10499
2409,12407
12407,2409
12407,10284
10284,12407
10284,8083
8083,10284
8083,2406
2406,8083
2406,4060
4060,2406
4060,10282
10282,4060
10282,5977
5977,10282
5977,2404
2404,5977
2404,2402
2402,2404
2402,8080
8080,2402
8080,930
930,8080
2389,2388
2388,2389
3020,13281
13281,3020
8668,2390
2390,8668
8081,2401
2401,8081
2401,2403
2403,2401
2403,2405
2405,2403
2405,5979
5979,2405
5979,10283
10283,5979
10283,8082
8082,10283
8082,2407
2407,8082
2407,1172
1172,2407
1172,12408
12408,1172
12408,15731
15731,12408
15731,2408
2408,15731
2408,8085
8085,2408
8085,10500
10500,8085
10500,10503
10503,10500
10503,10504
10504,10503
10504,9061
9061,10504
9061,10506
10506,9061
10506,9063
9063,10506
9063,14433
14433,9063
14433,10508
10508,14433
10508,10510
10510,10508
10510,692
692,10510
5941,17018
17018,5941
17018,7179
7179,17018
7179,7176
7176,7179
7176,7208
7208,7176
7208,7206
7206,7208
7206,7126
7126,7206
7126,7981
7981,7126
8722,9763
9763,8722
9763,9687
9687,9763
9687,9788
9788,9687
9788,9689
9689,9788
9689,13634
13634,9689
13634,13635
13635,13634
13635,13636
13636,13635
13636,13637
13637,13636
13637,13638
13638,13637
13638,13639
13639,13638
13639,9761
9761,13639
9761,7175
7175,9761
7175,17928
17928,7175
8804,17929
17929,8804
17929,9759
9759,17929
9759,13640
13640,9759
13640,13641
13641,13640
13641,13643
13643,13641
13643,13644
13644,13643
13644,13645
13645,13644
13645,9691
9691,13645
9691,9690
9690,9691
9690,9787
9787,9690
9787,9688
9688,9787
9688,9762
9762,9688
9762,5332
5332,9762
11331,17020
17020,11331
17020,17019
17019,17020
17019,7207
7207,17019
7207,7209
7209,7207
7209,7177
7177,7209
7177,7178
7178,7177
7178,7164
7164,7178
7164,13536
13536,7164
7941,17316
17316,7941
10444,7784
7784,10444
7784,809
809,7784
809,808
808,809
808,806
806,808
806,804
804,806
804,801
801,804
801,799
799,801
799,8638
8638,799
8638,796
796,8638
796,888
888,796
888,890
890,888
890,892
892,890
10163,16644
16644,10163
16644,1322
1322,16644
894,889
889,894
889,795
795,889
795,798
798,795
798,800
800,798
800,802
802,800
802,805
805,802
805,807
807,805
807,17040
17040,807
17040,810
810,17040
810,812
812,810
812,10362
10362,812
10362,5676
5676,10362
17271,6485
6485,17271
16664,12383
12383,16664
9371,1290
1290,9371
1290,15156
15156,1290
15156,8119
8119,15156
8119,11474
11474,8119
11474,11468
11468,11474
11468,17602
17602,11468
11488,10893
10893,11488
10893,17315
17315,10893
10032,9990
9990,10032
13307,8039
8039,13307
8039,11454
11454,8039
11454,11452
11452,11454
11452,11450
11450,11452
11450,11448
11448,11450
11448,11446
11446,11448
11446,1090
1090,11446
11443,17628
17628,11443
17628,11447
11447,17628
11447,11449
11449,11447
11449,11451
11451,11449
11451,11453
11453,11451
11453,7775
7775,11453
4754,9991
9991,4754
8164,17313
17313,8164
17902,17141
17141,17902
17141,11472
11472,17141
11472,11473
11473,11472
11473,8120
8120,11473
1259,1281
1281,1259
1281,17050
17050,1281
17295,8102
8102,17295
8102,575
575,8102
575,2219
2219,575
2219,2217
2217,2219
2217,2216
2216,2217
2216,2213
2213,2216
2213,2212
2212,2213
2212,5566
5566,2212
5566,5567
5567,5566
5567,5569
5569,5567
5569,5572
5572,5569
5572,5573
5573,5572
5573,6463
6463,5573
6463,6466
6466,6463
6466,6467
6467,6466
6467,2200
2200,6467
2200,5314
5314,2200
5314,8499
8499,5314
8499,17542
17542,8499
17542,5961
5961,17542
5961,5958
5958,5961
5958,5956
5956,5958
5956,8733
8733,5956
8733,10616
10616,8733
29,7488
7488,29
11894,11249
11249,11894
11249,11897
11897,11249
11897,11899
11899,11897
11899,11901
11901,11899
11901,11903
11903,11901
11903,11905
11905,11903
11905,11908
11908,11905
11908,11910
11910,11908
11910,11912
11912,11910
11912,11914
11914,11912
11914,11916
11916,11914
11916,11918
11918,11916
11918,11920
11920,11918
11920,11921
11921,11920
11921,11923
11923,11921
11923,1690
1690,11923
12560,8512
8512,12560
8512,11922
11922,8512
11922,165
165,11922
165,11919
11919,165
11919,11917
11917,11919
11917,11915
11915,11917
11915,11913
11913,11915
11913,11911
11911,11913
11911,11909
11909,11911
11909,11907
11907,11909
11907,11904
11904,11907
11904,11902
11902,11904
11902,11900
11900,11902
11900,11898
11898,11900
11898,11896
11896,11898
13474,11895
11895,13474
11885,16765
16765,11885
16765,8732
8732,16765
8732,8734
8734,8732
8734,5957
5957,8734
5957,5959
5959,5957
5959,5960
5960,5959
5960,6632
6632,5960
6632,6633
6633,6632
6633,6470
6470,6633
6470,2201
2201,6470
2201,6465
6465,2201
6465,6464
6464,6465
6464,5574
5574,6464
5574,5571
5571,5574
5571,5570
5570,5571
5570,5568
5568,5570
5568,5565
5565,5568
5565,8519
8519,5565
8519,7129
7129,8519
7129,2214
2214,7129
2214,2218
2218,2214
2218,2220
2220,2218
2220,576
576,2220
576,12432
12432,576
12432,11985
11985,12432
5388,9024
9024,5388
9024,8991
8991,9024
8991,3727
3727,8991
3727,3729
3729,3727
3729,17410
17410,3729
17410,17476
17476,17410
17476,17408
17408,17476
17408,3730
3730,17408
3730,9041
9041,3730
9041,3733
3733,9041
3733,3735
3735,3733
3735,17447
17447,3735
17447,3737
3737,17447
3737,12902
12902,3737
12902,3739
3739,12902
3739,3741
3741,3739
3741,3743
3743,3741
3743,3745
3745,3743
3745,6164
6164,3745
6164,3747
3747,6164
3747,3749
3749,3747
3749,3751
3751,3749
3751,10513
10513,3751
4127,3753
3753,4127
3753,3752
3752,3753
3752,3750
3750,3752
3750,3748
3748,3750
3748,6163
6163,3748
6163,3746
3746,6163
3746,3744
3744,3746
3744,3742
3742,3744
3742,3740
3740,3742
3740,3738
3738,3740
3738,17478
17478,3738
17478,3736
3736,17478
3736,3734
3734,3736
3734,9042
9042,3734
9042,3731
3731,9042
3731,17409
17409,3731
17409,17477
17477,17409
17477,670
670,17477
670,3728
3728,670
3728,8989
8989,3728
8989,13592
13592,8989
8627,8629
8629,8627
8629,8631
8631,8629
8631,13471
13471,8631
14355,5182
5182,14355
3754,15332
15332,3754
15332,15536
15536,15332
15536,15740
15740,15536
15740,15391
15391,15740
15391,15370
15370,15391
15370,3280
3280,15370
3279,16682
16682,3279
16682,16683
16683,16682
16683,16684
16684,16683
16684,17465
17465,16684
17465,17639
17639,17465
17639,17519
17519,17639
17051,14584
14584,17051
14584,12458
12458,14584
12458,10304
10304,12458
1716,5540
5540,1716
17518,17464
17464,17518
17464,14404
14404,17464
14404,16680
16680,14404
16680,16681
16681,16680
16681,3278
3278,16681
3278,15290
15290,3278
15290,15369
15369,15290
15369,15739
15739,15369
15739,15535
15535,15739
15535,15289
15289,15535
15289,15288
15288,15289
15288,14714
14714,15288
14714,5966
5966,14714
5181,14356
14356,5181
14356,8632
8632,14356
8632,8630
8630,8632
8630,8628
8628,8630
15830,1660
1660,15830
1660,9849
9849,1660
9366,17453
17453,9366
17453,17752
17752,17453
17752,15040
15040,17752
15040,9363
9363,15040
9363,9368
9368,9363
9368,9360
9360,9368
9360,17883
17883,9360
17883,17604
17604,17883
17604,17881
17881,17604
17881,15216
15216,17881
9692,9790
9790,9692
9790,17833
17833,9790
17833,17660
17660,17833
17930,9698
9698,17930
9851,9707
9707,9851
9707,9711
9711,9707
9711,9708
9708,9711
9708,9709
9709,9708
9709,9706
9706,9709
9706,9710
9710,9706
9710,9705
9705,9710
9705,9850
9850,9705
9839,12622
12622,9839
12622,1674
1674,12622
1674,9703
9703,1674
9697,10620
10620,9697
10624,17832
17832,10624
17832,15216
15216,17832
9790,17880
17880,9790
17880,17603
17603,17880
17603,9294
9294,17603
9294,9368
9368,9294
9360,17874
17874,9360
17874,17454
17454,17874
17454,9362
9362,17454
9848,2478
2478,9848
2478,15830
15830,2478
7077,14693
14693,7077
14693,5528
5528,14693
9765,12064
12064,9765
1221,10431
10431,1221
1219,10341
10341,1219
10341,10014
10014,10341
10014,9170
9170,10014
9170,9140
9140,9170
9140,9138
9138,9140
9138,9136
9136,9138
9136,1218
1218,9136
1218,1216
1216,1218
1216,1215
1215,1216
1215,1212
1212,1215
1212,1201
1201,1212
6483,8388
8388,6483
8388,1213
1213,8388
1213,1217
1217,1213
1217,9135
9135,1217
9135,9137
9137,9135
9137,9139
9139,9137
9139,9141
9141,9139
9141,10015
10015,9141
10015,1220
1220,10015
10435,10454
10454,10435
17927,12066
12066,17927
9777,7077
7077,9777
9308,2257
2257,9308
2257,2255
2255,2257
2255,15948
15948,2255
15948,16985
16985,15948
9374,15203
15203,9374
15203,14350
14350,15203
14350,17885
17885,14350
17885,15277
15277,17885
15277,15233
15233,15277
15233,17833
17833,15233
15742,7033
7033,15742
8725,1778
1778,8725
1778,26
26,1778
26,7029
7029,26
7029,7028
7028,7029
7028,7025
7025,7028
7025,7023
7023,7025
7023,7021
7021,7023
7021,7019
7019,7021
7019,7017
7017,7019
7017,7015
7015,7017
7015,7788
7788,7015
7788,7318
7318,7788
1686,16699
16699,1686
16699,9384
9384,16699
2582,2450
2450,2582
2450,17297
17297,2450
17297,2449
2449,17297
2577,2575
2575,2577
7311,7786
7786,7311
7786,7016
7016,7786
7016,7018
7018,7016
7018,7020
7020,7018
7020,7022
7022,7020
7022,7024
7024,7022
7024,7026
7026,7024
7026,7027
7027,7026
7027,7030
7030,7027
7030,27
27,7030
27,7764
7764,27
7764,7032
7032,7764
14515,7034
7034,14515
15216,15226
15226,15216
15226,15243
15243,15226
15243,15280
15280,15243
15280,14349
14349,15280
14349,1657
1657,14349
1657,15949
15949,1657
15949,108
108,15949
108,2256
2256,108
2256,2258
2258,2256
2258,9308
9308,2258
9667,10033
10033,9667
15128,17174
17174,15128
17174,5080
5080,17174
5080,5081
5081,5080
5081,17103
17103,5081
17103,5083
5083,17103
5083,5085
5085,5083
5085,5088
5088,5085
5088,1364
1364,5088
1364,1423
1423,1364
1438,5090
5090,1438
5097,3462
3462,5097
12243,17289
17289,12243
17289,17290
17290,17289
17290,4667
4667,17290
3890,6461
6461,3890
6461,6459
6459,6461
6459,3460
3460,6459
5646,12791
12791,5646
5089,1431
1431,5089
17116,1363
1363,17116
1363,5087
5087,1363
5087,5086
5086,5087
5086,5084
5084,5086
5084,10160
10160,5084
10160,5082
5082,10160
5082,5079
5079,5082
5079,15127
15127,5079
17730,9743
9743,17730
17831,17660
17660,17831
1295,1281
1281,1295
1281,10561
10561,1281
10561,10557
10557,10561
10557,14777
14777,10557
14777,15000
15000,14777
15000,5615
5615,15000
6793,12929
12929,6793
7062,502
502,7062
502,503
503,502
503,504
504,503
504,1332
1332,504
7977,14760
14760,7977
14760,15786
15786,14760
15786,15788
15788,15786
15788,17711
17711,15788
17711,14749
14749,17711
14749,14747
14747,14749
7462,14763
14763,7462
14763,474
474,14763
9913,8140
8140,9913
8248,17278
17278,8248
9089,10404
10404,9089
2955,9912
9912,2955
11707,14764
14764,11707
14764,14765
14765,14764
14765,6823
6823,14765
11280,14744
14744,11280
14744,14757
14757,14744
14757,11470
11470,14757
11470,14762
14762,11470
14762,9554
9554,14762
9554,7979
7979,9554
8002,454
454,8002
454,453
453,454
453,452
452,453
452,7067
7067,452
7067,6794
6794,7067
5614,14778
14778,5614
14778,14776
14776,14778
14776,10556
10556,14776
10556,10558
10558,10556
10558,10560
10560,10558
10560,1290
1290,10560
1290,1301
1301,1290
9011,8189
8189,9011
9186,6859
6859,9186
6859,9987
9987,6859
9987,10851
10851,9987
10851,10668
10668,10851
10668,10670
10670,10668
10670,10672
10672,10670
10672,10675
10675,10672
10675,10720
10720,10675
10720,10677
10677,10720
10677,10680
10680,10677
10680,10681
10681,10680
10681,10683
10683,10681
12794,8618
8618,12794
8618,10692
10692,8618
10692,10695
10695,10692
10695,10696
10696,10695
10696,10697
10697,10696
7745,245
245,7745
3062,9217
9217,3062
9217,9219
9219,9217
9219,9222
9222,9219
9222,9225
9225,9222
9225,9224
9224,9225
9224,13594
13594,9224
13594,7435
7435,13594
7435,12833
12833,7435
12833,6484
6484,12833
3022,14854
14854,3022
9334,16767
16767,9334
16767,3018
3018,16767
6408,12834
12834,6408
12834,7434
7434,12834
7434,6847
6847,7434
6847,9223
9223,6847
9223,9226
9226,9223
9226,7449
7449,9226
7449,9221
9221,7449
9221,9218
9218,9221
9218,3061
3061,9218
10726,7710
7710,10726
14635,7076
7076,14635
7076,7471
7471,7076
7471,10694
10694,7471
10694,10693
10693,10694
10693,10690
10690,10693
10690,12795
12795,10690
17147,10682
10682,17147
10682,10679
10679,10682
10679,10678
10678,10679
10678,10676
10676,10678
10676,10674
10674,10676
10674,10673
10673,10674
10673,10671
10671,10673
10671,10669
10669,10671
10669,9988
9988,10669
9988,10854
10854,9988
10854,8783
8783,10854
8783,9986
9986,8783
9986,15484
15484,9986
8191,9012
9012,8191
12210,12209
12209,12210
12209,12206
12206,12209
12206,12207
12207,12206
12207,15385
15385,12207
11102,14287
14287,11102
15878,16963
16963,15878
6171,10870
10870,6171
15059,6768
6768,15059
6768,6766
6766,6768
6766,6764
6764,6766
6764,6762
6762,6764
6762,6760
6760,6762
6759,6761
6761,6759
6761,6763
6763,6761
6763,6765
6765,6763
6765,6767
6767,6765
6767,8763
8763,6767
10856,59
59,10856
16962,13238
13238,16962
14015,14285
14285,14015
1433,12213
12213,1433
12213,12212
12212,12213
12212,12211
12211,12212
12211,12210
12210,12211
3162,201
201,3162
9052,8083
8083,9052
2407,9046
9046,2407
9039,8615
8615,9039
8615,12704
12704,8615
9705,1673
1673,9705
9033,12933
12933,9033
12933,12934
12934,12933
12934,12935
12935,12934
12935,13652
13652,12935
13652,12936
12936,13652
12936,3230
3230,12936
3231,8678
8678,3231
9267,2949
2949,9267
2937,2935
2935,2937
2935,10936
10936,2935
10936,2932
2932,10936
2932,2930
2930,2932
2930,11909
11909,2930
11902,12069
12069,11902
9054,174
174,9054
8512,168
168,8512
10469,15005
15005,10469
2055,11903
11903,2055
11910,2931
2931,11910
2931,2933
2933,2931
2933,2934
2934,2933
2934,2936
2936,2934
2936,2938
2938,2936
12932,3233
3233,12932
3233,12937
12937,3233
12937,12938
12938,12937
12938,13651
13651,12938
13651,12939
12939,13651
12939,12940
12940,12939
12940,12942
12942,12940
12942,8982
8982,12942
6901,3043
3043,6901
3160,5005
5005,3160
5005,5007
5007,5005
5007,5009
5009,5007
5009,15955
15955,5009
15955,16266
16266,15955
16266,16268
16268,16266
16268,16800
16800,16268
16800,15956
15956,16800
15956,15957
15957,15956
15957,6484
6484,15957
5316,4593
4593,5316
4593,8502
8502,4593
8502,5933
5933,8502
5933,7619
7619,5933
7619,5893
5893,7619
5893,5237
5237,5893
5237,5240
5240,5237
5016,5241
5241,5016
5241,5239
5239,5241
5239,5988
5988,5239
5988,5894
5894,5988
5894,15722
15722,5894
15722,4592
4592,15722
6408,15958
15958,6408
15958,16269
16269,15958
16269,16703
16703,16269
16703,15959
15959,16703
15959,16267
16267,15959
16267,15960
15960,16267
15960,5010
5010,15960
5010,5008
5008,5010
5008,5006
5006,5008
5006,10467
10467,5006
10467,4638
4638,10467
12431,11129
11129,12431
11129,11130
11130,11129
11130,10133
10133,11130
10350,11868
11868,10350
11868,4965
4965,11868
4965,4963
4963,4965
4963,5596
5596,4963
5596,966
966,5596
966,4961
4961,966
4961,964
964,4961
964,4959
4959,964
4907,15231
15231,4907
15231,15234
15234,15231
15234,15236
15236,15234
15236,15238
15238,15236
15238,15240
15240,15238
15240,429
429,15240
11843,11841
11841,11843
11841,10371
10371,11841
10371,11839
11839,10371
11839,11682
11682,11839
15202,11836
11836,15202
11683,10372
10372,11683
10372,11842
11842,10372
11842,11844
11844,11842
11137,15241
15241,11137
15241,15239
15239,15241
15239,15237
15237,15239
15237,15235
15235,15237
15235,15232
15232,15235
15232,4956
4956,15232
4957,963
963,4957
963,4960
4960,963
4960,965
965,4960
965,5594
5594,965
5594,4962
4962,5594
4962,12507
12507,4962
12507,4964
4964,12507
4964,11867
11867,4964
11867,8155
8155,11867
9312,11882
11882,9312
11882,12176
12176,11882
12176,4085
4085,12176
4085,12431
12431,4085
17001,6983
6983,17001
6983,9309
9309,6983
3179,3167
3167,3179
10654,10653
10653,10654
10653,17664
17664,10653
17664,10651
10651,17664
10651,10649
10649,10651
10649,10646
10646,10649
10646,10644
10644,10646
10644,10642
10642,10644
10642,10641
10641,10642
10641,10638
10638,10641
10638,17663
17663,10638
17663,10635
10635,17663
10635,2271
2271,10635
17780,10634
10634,17780
10634,10636
10636,10634
10636,10637
10637,10636
10637,10640
10640,10637
10640,10643
10643,10640
10643,10645
10645,10643
10645,10648
10648,10645
10648,10650
10650,10648
10650,10652
10652,10650
10652,17665
17665,10652
17665,7322
7322,17665
7322,10655
10655,7322
9385,3178
3178,9385
9313,6984
6984,9313
6984,4882
4882,6984
1775,3984
3984,1775
3984,3986
3986,3984
3986,9509
9509,3986
9509,145
145,9509
145,15887
15887,145
15887,15889
15889,15887
15889,3988
3988,15889
3988,3990
3990,3988
3990,17484
17484,3990
17484,11040
11040,17484
11040,9567
9567,11040
9567,3991
3991,9567
3991,9881
9881,3991
9881,9879
9879,9881
9879,9875
9875,9879
9875,9877
9877,9875
9877,17089
17089,9877
17089,3993
3993,17089
3993,11063
11063,3993
8005,8673
8673,8005
3441,17130
17130,3441
17130,15891
15891,17130
15891,12838
12838,15891
12838,38
38,12838
38,7706
7706,38
7706,7707
7707,7706
7707,9443
9443,7707
9443,13262
13262,9443
13262,3994
3994,13262
3994,14208
14208,3994
9164,13217
13217,9164
13217,9165
9165,13217
9165,7708
7708,9165
7708,7705
7705,7708
7705,37
37,7705
37,13945
13945,37
13945,12573
12573,13945
12573,4023
4023,12573
4023,3442
3442,4023
3440,15063
15063,3440
15063,11261
11261,15063
11261,3992
3992,11261
3992,17250
17250,3992
17250,9876
9876,17250
9876,17080
17080,9876
17080,9878
9878,17080
9878,9880
9880,9878
9880,17486
17486,9880
17486,11043
11043,17486
11043,17485
17485,11043
17485,3989
3989,17485
3989,13216
13216,3989
13216,15890
15890,13216
15890,15888
15888,15890
15888,5920
5920,15888
5920,9515
9515,5920
9515,3987
3987,9515
3987,3985
3985,3987
3985,1777
1777,3985
10635,17662
17662,10635
17662,10630
10630,17662
83,3368
3368,83
3368,7231
7231,3368
7231,10666
10666,7231
10666,7233
7233,10666
7233,3894
3894,7233
11304,5906
5906,11304
5906,14745
14745,5906
14751,14746
14746,14751
14746,5202
5202,14746
10664,7232
7232,10664
7232,10667
10667,7232
10667,7078
7078,10667
7078,10357
10357,7078
10357,84
84,10357
8078,17661
17661,8078
17661,10634
10634,17661
3758,9045
9045,3758
9045,12480
12480,9045
12480,6221
6221,12480
11540,11535
11535,11540
11535,11536
11536,11535
11536,11534
11534,11536
11534,11531
11531,11534
11531,11529
11529,11531
11529,7494
7494,11529
12217,15624
15624,12217
15624,5526
5526,15624
17682,16590
16590,17682
10923,7490
7490,10923
7250,11530
11530,7250
11530,246
246,11530
246,11533
11533,246
11533,11537
11537,11533
11537,11538
11538,11537
11538,11539
11539,11538
17298,1485
1485,17298
2462,3302
3302,2462
3302,2190
2190,3302
2190,2192
2192,2190
2192,2194
2194,2192
2194,2196
2196,2194
2196,8724
8724,2196
8724,6634
6634,8724
6634,6470
6470,6634
2201,2969
2969,2201
2969,2203
2203,2969
2203,2204
2204,2203
2204,2208
2208,2204
2208,3591
3591,2208
3591,2210
2210,3591
2210,5565
5565,2210
2211,2209
2209,2211
2209,3590
3590,2209
3590,2207
2207,3590
2207,2205
2205,2207
2205,2202
2202,2205
2202,2968
2968,2202
2968,2200
2200,2968
5314,17070
17070,5314
17070,2198
2198,17070
2198,2197
2197,2198
2197,2195
2195,2197
2195,2191
2191,2195
2191,2189
2189,2191
2189,3303
3303,2189
3303,2463
2463,3303
1484,17298
17298,1484
17608,15371
15371,17608
6628,11158
11158,6628
11158,11194
11194,11158
11194,11227
11227,11194
11227,11228
11228,11227
11228,11230
11230,11228
11230,11233
11233,11230
11233,11235
11235,11233
11235,11237
11237,11235
11237,11239
11239,11237
11239,11241
11241,11239
11241,11242
11242,11241
11242,15606
15606,11242
15606,15683
15683,15606
15683,17721
17721,15683
17720,17931
17931,17720
17931,17722
17722,17931
17722,15685
15685,17722
15685,11991
11991,15685
11991,11243
11243,11991
11243,17283
17283,11243
17283,11240
11240,17283
11240,14417
14417,11240
14417,11238
11238,14417
11238,11236
11236,11238
11236,11234
11234,11236
11234,11231
11231,11234
11231,11229
11229,11231
11229,9336
9336,11229
9336,11193
11193,9336
11193,11157
11157,11193
11147,17865
17865,11147
14209,13945
13945,14209
13945,12574
12574,13945
12574,8849
8849,12574
8849,8851
8851,8849
8851,8853
8853,8851
8853,12575
12575,8853
12575,12576
12576,12575
12576,12577
12577,12576
12577,11616
11616,12577
11616,13541
13541,11616
11050,14729
14729,11050
14729,5606
5606,14729
8326,1160
1160,8326
1160,1162
1162,1160
1162,9771
9771,1162
9771,1165
1165,9771
1165,1167
1167,1165
1167,14753
14753,1167
9549,1166
1166,9549
1166,1164
1164,1166
1164,1163
1163,1164
1163,1161
1161,1163
1161,1159
1159,1161
1159,13682
13682,1159
5608,1410
1410,5608
5630,932
932,5630
932,9318
9318,932
9318,8481
8481,9318
8481,7734
7734,8481
7734,12578
12578,7734
12578,9025
9025,12578
9025,8854
8854,9025
8854,8852
8852,8854
8852,8850
8850,8852
8850,8848
8848,8850
8848,12579
12579,8848
12579,12573
12573,12579
225,732
732,225
242,5632
5632,242
5632,5633
5633,5632
1144,13680
13680,1144
1595,6749
6749,1595
4220,12481
12481,4220
10289,8207
8207,10289
8327,7763
7763,8327
10940,202
202,10940
214,211
211,214
5020,7342
7342,5020
7342,7265
7265,7342
7265,9598
9598,7265
9598,7261
7261,9598
7261,7259
7259,7261
7259,13804
13804,7259
13804,13794
13794,13804
13794,6884
6884,13794
6883,14923
14923,6883
14923,14956
14956,14923
17933,9476
9476,17933
9476,13118
13118,9476
13118,13117
13117,13118
13117,13116
13116,13117
13116,13115
13115,13116
13115,13114
13114,13115
13114,13113
13113,13114
13113,13112
13112,13113
13112,13111
13111,13112
13111,13110
13110,13111
13110,17102
17102,13110
17102,15689
15689,17102
15689,13494
13494,15689
13494,12568
12568,13494
12568,12412
12412,12568
12412,9538
9538,12412
9538,9432
9432,9538
9432,9433
9433,9432
9433,9435
9435,9433
9435,9232
9232,9435
9051,9430
9430,9051
9430,17281
17281,9430
17281,9431
9431,17281
9431,9537
9537,9431
9537,12411
12411,9537
12411,12567
12567,12411
12567,13493
13493,12567
13493,17102
17102,13493
17102,13109
13109,17102
13109,13108
13108,13109
13108,13107
13107,13108
13107,13106
13106,13107
13106,13105
13105,13106
13105,13104
13104,13105
13104,13103
13103,13104
13103,13102
13102,13103
13102,13101
13101,13102
13101,9514
9514,13101
10219,13399
13399,10219
13399,13755
13755,13399
13755,14666
14666,13755
14666,7258
7258,14666
7258,7260
7260,7258
7260,7263
7263,7260
7263,7264
7264,7263
7264,7266
7266,7264
7266,7267
7267,7266
7267,12984
12984,7267
12984,5019
5019,12984
15831,3409
3409,15831
3409,3408
3408,3409
3408,15800
15800,3408
15800,1665
1665,15800
1733,3254
3254,1733
3254,3252
3252,3254
3252,10305
10305,3252
10305,3249
3249,10305
3249,3247
3247,3249
3247,3244
3244,3247
3244,3243
3243,3244
3243,3241
3241,3243
3241,17465
17465,3241
17639,2605
2605,17639
10883,7327
7327,10883
7327,17279
17279,7327
17279,7318
7318,17279
7318,10588
10588,7318
10588,10590
10590,10588
10590,7304
7304,10590
7304,10593
10593,7304
10593,11015
11015,10593
11015,10595
10595,11015
7277,17297
17297,7277
17297,10598
10598,17297
10594,5302
5302,10594
5302,11014
11014,5302
11014,10591
10591,11014
10591,7298
7298,10591
7298,10589
10589,7298
10589,10587
10587,10589
10587,7311
7311,10587
7311,8096
8096,7311
17439,17464
17464,17439
17464,3240
3240,17464
3240,3242
3242,3240
3242,3245
3245,3242
3245,3246
3246,3245
3246,3248
3248,3246
3248,11042
11042,3248
11042,3251
3251,11042
3251,3253
3253,3251
3253,1734
1734,3253
7438,15801
15801,7438
15801,3407
3407,15801
3407,3410
3410,3407
3410,15828
15828,3410
5652,14094
14094,5652
14094,14096
14096,14094
14096,14098
14098,14096
14098,14101
14101,14098
14101,14104
14104,14101
14104,14106
14106,14104
14106,3786
3786,14106
8485,17230
17230,8485
17230,17233
17233,17230
17233,3860
3860,17233
3864,10046
10046,3864
10046,10048
10048,10046
10048,17173
17173,10048
17173,10051
10051,17173
10051,10053
10053,10051
10053,10056
10056,10053
10056,15390
15390,10056
15390,10057
10057,15390
10057,10060
10060,10057
10060,10061
10061,10060
10061,10063
10063,10061
10063,10066
10066,10063
10066,10076
10076,10066
10076,10067
10067,10076
10067,17329
17329,10067
17329,10069
10069,17329
10069,10071
10071,10069
10071,10073
10073,10071
10072,12914
12914,10072
12914,10070
10070,12914
10070,10074
10074,10070
10074,10068
10068,10074
10068,10075
10075,10068
10075,10065
10065,10075
10065,17104
17104,10065
17104,10064
10064,17104
10064,10062
10062,10064
10062,10059
10059,10062
10059,10058
10058,10059
10058,10055
10055,10058
10055,10054
10054,10055
10054,10050
10050,10054
10050,10052
10052,10050
10052,10049
10049,10052
10049,10047
10047,10049
3861,17232
17232,3861
17232,17231
17231,17232
17231,3795
3795,17231
3785,14107
14107,3785
14107,14105
14105,14107
14105,14103
14103,14105
14103,14100
14100,14103
14100,14099
14099,14100
14099,14097
14097,14099
14097,14095
14095,14097
14095,4237
4237,14095
16613,11756
11756,16613
5519,6826
6826,5519
6826,6819
6819,6826
6819,6821
6821,6819
6821,6825
6825,6821
6825,5331
5331,6825
5331,7418
7418,5331
7418,5329
5329,7418
5329,5327
5327,5329
5327,7359
7359,5327
7359,12056
12056,7359
12056,7737
7737,12056
7737,5435
5435,7737
5435,8883
8883,5435
8883,1471
1471,8883
4230,4329
4329,4230
4329,4327
4327,4329
4327,4326
4326,4327
4326,16570
16570,4326
16570,12927
12927,16570
12927,7358
7358,12927
7358,5326
5326,7358
5326,5328
5328,5326
5328,7044
7044,5328
7044,5330
5330,7044
5330,6824
6824,5330
6824,6822
6822,6824
6822,6820
6820,6822
6820,5584
5584,6820
11759,11754
11754,11759
16571,17246
17246,16571
17246,17220
17220,17246
4032,17168
17168,4032
17168,9744
9744,17168
9744,9784
9784,9744
9784,15866
15866,9784
15866,11793
11793,15866
11793,934
934,11793
934,4036
4036,934
4036,11791
11791,4036
11339,5364
5364,11339
5364,11338
11338,5364
11338,11789
11789,11338
11789,4038
4038,11789
4038,7274
7274,4038
7274,6001
6001,7274
6001,5999
5999,6001
5999,6064
6064,5999
6064,6066
6066,6064
6066,6068
6068,6066
6068,6070
6070,6068
6070,6073
6073,6070
6073,7554
7554,6073
7554,7559
7559,7554
7559,7561
7561,7559
7561,7563
7563,7561
7563,8216
8216,7563
8216,8217
8217,8216
8217,8218
8218,8217
8218,8713
8713,8218
8713,8714
8714,8713
8714,4281
4281,8714
4280,8715
8715,4280
8715,8716
8716,8715
8716,8216
8216,8716
8218,7565
7565,8218
7565,7562
7562,7565
7562,7560
7560,7562
7560,6074
6074,7560
6074,15295
15295,6074
15295,6072
6072,15295
6072,6069
6069,6072
6069,6067
6067,6069
6067,6065
6065,6067
6065,8717
8717,6065
8717,6002
6002,8717
6002,4037
4037,6002
4037,11788
11788,4037
11788,11337
11337,11788
11337,5365
5365,11337
5365,11340
11340,5365
4035,935
935,4035
935,11792
11792,935
11792,9785
9785,11792
9785,9745
9745,9785
9745,4033
4033,9745
15091,9782
9782,15091
9782,8131
8131,9782
10446,813
813,10446
813,815
815,813
815,816
816,815
816,818
818,816
818,820
820,818
820,11600
11600,820
11600,9806
9806,11600
9806,10358
10358,9806
9100,984
984,9100
984,985
985,984
985,15158
15158,985
15158,986
986,15158
986,982
982,986
982,7416
7416,982
7416,4354
4354,7416
4354,4349
4349,4354
998,1017
1017,998
1017,1015
1015,1017
1015,1013
1013,1015
1013,13912
13912,1013
13912,1376
1376,13912
1376,17681
17681,1376
5522,13854
13854,5522
13854,14153
14153,13854
13855,10848
10848,13855
10846,1012
1012,10846
1012,1014
1014,1012
1014,1016
1016,1014
1016,1019
1019,1016
1019,997
997,1019
4339,987
987,4339
987,7417
7417,987
7417,983
983,7417
983,981
981,983
981,980
980,981
980,979
979,980
979,6418
6418,979
6418,17336
17336,6418
17336,869
869,17336
869,11601
11601,869
11601,821
821,11601
821,819
819,821
819,817
817,819
817,814
814,817
814,10368
10368,814
10368,5672
5672,10368
8130,15079
15079,8130
4207,3781
3781,4207
3781,3778
3778,3781
3778,3776
3776,3778
3776,3774
3774,3776
3774,8229
8229,3774
8229,3772
3772,8229
3772,3770
3770,3772
3770,3768
3768,3770
3768,3766
3766,3768
3766,6990
6990,3766
6990,6328
6328,6990
6327,3765
3765,6327
3765,3767
3767,3765
3767,3769
3769,3767
3769,3771
3771,3769
3771,3773
3773,3771
3773,3775
3775,3773
3775,3777
3777,3775
3777,3779
3779,3777
3779,3782
3782,3779
3782,4209
4209,3782
5884,7605
7605,5884
14682,14557
14557,14682
1618,4789
4789,1618
4789,4787
4787,4789
4787,4785
4785,4787
4785,4783
4783,4785
4783,4780
4780,4783
4780,4778
4778,4780
4778,4776
4776,4778
4776,4774
4774,4776
4774,4771
4771,4774
4771,4769
4769,4771
4769,4767
4767,4769
4767,4765
4765,4767
4765,4762
4762,4765
4762,4759
4759,4762
4759,4758
4758,4759
4758,7387
7387,4758
7387,5565
5565,7387
5565,8520
8520,5565
8520,8401
8401,8520
7904,7419
7419,7904
2211,4756
4756,2211
4756,4757
4757,4756
4757,12674
12674,4757
12674,4760
4760,12674
4760,4761
4761,4760
4761,4763
4763,4761
4763,4766
4766,4763
4766,4768
4768,4766
4768,4770
4770,4768
4770,4772
4772,4770
4772,4775
4775,4772
4775,4777
4777,4775
4777,4779
4779,4777
4779,4781
4781,4779
4781,4784
4784,4781
4784,4786
4786,4784
4786,4788
4788,4786
4788,1617
1617,4788
12069,9594
9594,12069
4327,7736
7736,4327
7736,7668
7668,7736
7668,7578
7578,7668
7578,7575
7575,7578
7575,7574
7574,7575
7574,4271
4271,7574
4271,4269
4269,4271
4269,4267
4267,4269
4267,4265
4265,4267
4265,4263
4263,4265
4263,8681
8681,4263
9784,4239
4239,9784
4239,4240
4240,4239
4240,4242
4242,4240
4242,4244
4244,4242
4244,16986
16986,4244
16986,4297
4297,16986
4297,4295
4295,4297
4295,4247
4247,4295
4247,5627
5627,4247
5627,4249
4249,5627
4249,9751
9751,4249
9751,9752
9752,9751
9752,9813
9813,9752
9813,9750
9750,9813
9750,9755
9755,9750
9755,9756
9756,9755
9756,9524
9524,9756
9524,8690
8690,9524
8690,7360
7360,8690
7360,12554
12554,7360
4165,9757
9757,4165
11341,7361
7361,11341
7361,8691
8691,7361
8691,9758
9758,8691
9758,9748
9748,9758
9748,9754
9754,9748
9754,9753
9753,9754
9753,15716
15716,9753
15716,9749
9749,15716
9749,4250
4250,9749
4250,5626
5626,4250
5626,4248
4248,5626
4248,4294
4294,4248
4294,4296
4296,4294
4296,7709
7709,4296
7709,4245
4245,7709
4245,4243
4243,4245
4243,4241
4241,4243
4241,9785
9785,4241
17253,8688
8688,17253
8684,8683
8683,8684
8683,8680
8680,8683
8680,4262
4262,8680
4262,4264
4264,4262
4264,4266
4266,4264
4266,4268
4268,4266
4268,4270
4270,4268
4270,7573
7573,4270
7573,7576
7576,7573
7576,7577
7577,7576
7577,7667
7667,7577
7667,7735
7735,7667
7735,5435
5435,7735
10483,5744
5744,10483
5744,5743
5743,5744
5743,5742
5742,5743
5742,5738
5738,5742
5738,5736
5736,5738
5736,662
662,5736
662,717
717,662
717,5734
5734,717
5734,5732
5732,5734
5732,15002
15002,5732
15002,10973
10973,15002
10973,17673
17673,10973
17673,12699
12699,17673
8211,9122
9122,8211
9615,8305
8305,9615
10373,10422
10422,10373
10422,10855
10855,10422
10855,9038
9038,10855
9038,5733
5733,9038
5733,5735
5735,5733
5735,6023
6023,5735
6023,673
673,6023
673,5737
5737,673
5737,5740
5740,5737
5740,5741
5741,5740
5741,5745
5745,5741
5745,10492
10492,5745
9549,8362
8362,9549
11686,7780
7780,11686
7780,1194
1194,7780
9592,8312
8312,9592
11696,11681
11681,11696
779,12807
12807,779
12807,12808
12808,12807
12808,12809
12809,12808
12809,12801
12801,12809
12801,12802
12802,12801
12802,10238
10238,12802
10442,6418
6418,10442
853,15100
15100,853
15100,15103
15103,15100
15103,15104
15104,15103
15104,6458
6458,15104
10445,12832
12832,10445
12832,15473
15473,12832
15473,15105
15105,15473
15105,15102
15102,15105
15102,15099
15099,15102
15099,15098
15098,15099
15098,856
856,15098
857,6462
6462,857
6415,9099
9099,6415
6419,12803
12803,6419
12803,12804
12804,12803
12804,12810
12810,12804
12810,12811
12811,12810
12811,6404
6404,12811
4157,6624
6624,4157
6624,6622
6622,6624
6622,6619
6619,6622
6619,243
243,6619
243,11596
11596,243
11596,4352
4352,11596
4352,5504
5504,4352
5504,7545
7545,5504
7545,7557
7557,7545
7557,14889
14889,7557
14889,6240
6240,14889
6240,6234
6234,6240
6234,6236
6236,6234
6236,6238
6238,6236
6238,6800
6800,6238
8992,5193
5193,8992
5193,5191
5191,5193
5191,14457
14457,5191
14457,5189
5189,14457
5189,14459
14459,5189
14459,7139
7139,14459
7139,7138
7138,7139
7138,7140
7140,7138
7140,7141
7141,7140
7141,7142
7142,7141
7142,7143
7143,7142
7143,5187
5187,7143
5187,5188
5188,5187
5188,5190
5190,5188
5190,5192
5192,5190
5192,5194
5194,5192
5194,12414
12414,5194
6799,6239
6239,6799
6239,6237
6237,6239
6237,6235
6235,6237
6235,6241
6241,6235
6241,7546
7546,6241
7546,12987
12987,7546
12987,4353
4353,12987
4353,4351
4351,4353
4351,11595
11595,4351
11595,244
244,11595
244,6620
6620,244
6620,6623
6623,6620
6623,6625
6625,6623
6625,4159
4159,6625
11143,5530
5530,11143
5530,1522
1522,5530
1522,1477
1477,1522
1477,15892
15892,1477
15892,1526
1526,15892
1526,16956
16956,1526
16956,1528
1528,16956
1528,1531
1531,1528
1531,13239
13239,1531
1533,1534
1534,1533
1534,1537
1537,1534
1537,7167
7167,1537
7167,1539
1539,7167
1539,15385
15385,1539
1433,15389
15389,1433
15389,1540
1540,15389
1540,7166
7166,1540
7166,1538
1538,7166
1538,1535
1535,1538
1535,16957
16957,1535
16957,12392
12392,16957
12392,1532
1532,12392
1532,1529
1529,1532
1529,8112
8112,1529
8112,1527
1527,8112
1527,13768
13768,1527
13768,1524
1524,13768
1524,1523
1523,1524
1523,10400
10400,1523
10400,15840
15840,10400
14940,7055
7055,14940
7055,2574
2574,7055
2574,2572
2572,2574
2572,2569
2569,2572
2569,8428
8428,2569
8428,2861
2861,8428
9861,8413
8413,9861
8413,8412
8412,8413
8412,8410
8410,8412
8410,8408
8408,8410
8408,2634
2634,8408
2633,8414
8414,2633
8414,8409
8409,8414
8409,8411
8411,8409
8411,9862
9862,8411
12332,2568
2568,12332
2568,8427
8427,2568
8427,12002
12002,8427
12002,2571
2571,12002
2571,7054
7054,2571
7054,2573
2573,7054
12696,15174
15174,12696
15174,15154
15154,15174
15154,203
203,15154
10885,10429
10429,10885
10429,959
959,10429
959,11151
11151,959
11151,956
956,11151
956,9040
9040,956
9040,10973
10973,9040
10373,5361
5361,10373
5361,10855
10855,5361
10855,17671
17671,10855
17671,1507
1507,17671
1507,958
958,1507
958,11146
11146,958
11146,13534
13534,11146
13534,960
960,13534
960,12769
12769,960
452,7066
7066,452
449,450
450,449
450,8307
8307,450
8307,7169
7169,8307
7169,5980
5980,7169
5980,7175
7175,5980
7175,9790
9790,7175
1295,4135
4135,1295
9048,7721
7721,9048
7721,10564
10564,7721
10564,17164
17164,10564
17164,7935
7935,17164
7935,7752
7752,7935
7752,7760
7760,7752
7760,10568
10568,7760
10568,7762
7762,10568
7762,8114
8114,7762
7776,7234
7234,7776
7234,7926
7926,7234
7926,10569
10569,7926
10569,7788
7788,10569
7786,7195
7195,7786
7195,6654
6654,7195
6654,7235
7235,6654
7235,7770
7770,7235
7465,8113
8113,7465
8113,7764
7764,8113
7764,10567
10567,7764
10567,10565
10565,10567
10565,7756
7756,10565
7756,7942
7942,7756
7942,7742
7742,7942
7742,10563
10563,7742
10563,8115
8115,10563
8115,10562
10562,8115
8261,1301
1301,8261
10624,17831
17831,10624
17831,10623
10623,17831
10623,17928
17928,10623
17928,8804
8804,17928
8804,17400
17400,8804
7065,7062
7062,7065
4991,17119
17119,4991
13230,5051
5051,13230
5051,5049
5049,5051
5049,17121
17121,5049
17121,5047
5047,17121
5047,5044
5044,5047
5044,17123
17123,5044
5035,9667
9667,5035
4676,14323
14323,4676
14323,1451
1451,14323
1451,4675
4675,1451
3812,14703
14703,3812
14703,5043
5043,14703
5043,5046
5046,5043
5046,17120
17120,5046
17120,5048
5048,17120
5048,5050
5050,5048
5050,9900
9900,5050
4844,4992
4992,4844
15631,12956
12956,15631
12956,11988
11988,12956
11988,14732
14732,11988
14732,16606
16606,14732
16606,9608
9608,16606
9608,9606
9606,9608
9606,9603
9603,9606
9603,9600
9600,9603
9600,9599
9599,9600
9599,11206
11206,9599
11202,11201
11201,11202
11201,11198
11198,11201
11198,9336
9336,11198
11194,11195
11195,11194
11195,11197
11197,11195
11197,11199
11199,11197
11199,11200
11200,11199
14761,9602
9602,14761
9602,9601
9601,9602
9601,9604
9604,9601
9604,9605
9605,9604
9605,9607
9607,9605
9607,16605
16605,9607
16605,9772
9772,16605
9772,11575
11575,9772
11575,11987
11987,11575
11987,15630
15630,11987
440,7847
7847,440
15200,15201
15201,15200
11846,1574
1574,11846
1574,10349
10349,1574
10349,11849
11849,10349
11849,11850
11850,11849
11850,9128
9128,11850
9128,11852
11852,9128
11852,11855
11855,11852
11855,9940
9940,11855
11860,29
29,11860
12390,11139
11139,12390
11131,659
659,11131
679,10133
10133,679
11862,7488
7488,11862
9939,11853
11853,9939
11853,12519
12519,11853
12519,11851
11851,12519
11851,11329
11329,11851
11329,11848
11848,11329
11848,10348
10348,11848
10348,32
32,10348
8831,13048
13048,8831
3,438
438,3
1776,7912
7912,1776
9160,11348
11348,9160
11348,7227
7227,11348
7227,11385
11385,7227
11385,1888
1888,11385
1888,11388
11388,1888
11388,11390
11390,11388
11390,13229
13229,11390
13229,11392
11392,13229
11392,11394
11394,11392
11394,11395
11395,11394
11395,11398
11398,11395
11398,11401
11401,11398
11401,11402
11402,11401
11402,11405
11405,11402
11405,3685
3685,11405
3685,15266
15266,3685
5448,11408
11408,5448
11408,11411
11411,11408
11411,11413
11413,11411
11413,2514
2514,11413
2514,10175
10175,2514
15524,6267
6267,15524
10179,11414
11414,10179
11414,11412
11412,11414
11412,11409
11409,11412
11409,11407
11407,11409
15264,15574
15574,15264
15574,11404
11404,15574
11404,11403
11403,11404
11403,11400
11400,11403
11400,11397
11397,11400
11397,11396
11396,11397
11396,11393
11393,11396
11393,11391
11391,11393
11391,13222
13222,11391
13222,11389
11389,13222
11389,11386
11386,11389
11386,1889
1889,11386
1889,11384
11384,1889
11384,7226
7226,11384
9569,5543
5543,9569
259,50
50,259
50,3261
3261,50
3261,1898
1898,3261
1898,17221
17221,1898
17221,10441
10441,17221
10441,1901
1901,10441
1901,8997
8997,1901
8997,8978
8978,8997
8978,8977
8977,8978
8977,16630
16630,8977
16630,7633
7633,16630
7631,9852
9852,7631
4917,8988
8988,4917
8988,4436
4436,8988
4436,8984
8984,4436
8984,4434
4434,8984
4434,15074
15074,4434
15074,15075
15075,15074
15075,5220
5220,15075
5220,4425
4425,5220
7114,3933
3933,7114
3095,4427
4427,3095
4427,10251
10251,4427
10251,4428
4428,10251
4428,5989
5989,4428
5989,10264
10264,5989
10264,15041
15041,10264
15041,10266
10266,15041
10266,7452
7452,10266
7452,7201
7201,7452
7201,12453
12453,7201
12453,14571
14571,12453
14571,564
564,14571
564,7111
7111,564
7111,4430
4430,7111
4430,10263
10263,4430
10263,4429
4429,10263
4429,5991
5991,4429
5991,5878
5878,5991
5878,9467
9467,5878
9467,3094
3094,9467
3942,8642
8642,3942
4426,4432
4432,4426
4432,8960
8960,4432
8960,15071
15071,8960
15071,15072
15072,15071
15072,8967
8967,15072
8967,11974
11974,8967
11974,11973
11973,11974
11973,4435
4435,11973
4435,8976
8976,4435
8976,16629
16629,8976
7631,8366
8366,7631
8366,1900
1900,8366
1900,10440
10440,1900
10440,2396
2396,10440
2396,1899
1899,2396
1899,3250
3250,1899
3250,56
56,3250
56,258
258,56
5696,9118
9118,5696
7994,15833
15833,7994
15833,7170
7170,15833
7170,5494
5494,7170
5494,7173
7173,5494
7173,7169
7169,7173
17928,10549
10549,17928
10549,10552
10552,10549
10552,10554
10554,10552
10554,10556
10556,10554
1290,4135
4135,1290
7788,8096
8096,7788
9149,7838
7838,9149
17279,7786
7786,17279
8261,1281
1281,8261
10557,10555
10555,10557
10555,10553
10553,10555
10553,10551
10551,10553
10551,10550
10550,10551
10550,8804
8804,10550
17929,17527
17527,17929
17527,17560
17560,17527
17560,7172
7172,17560
7172,5495
5495,7172
5495,7171
7171,5495
7171,15832
15832,7171
15832,17277
17277,15832
7993,2012
2012,7993
10645,10757
10757,10645
10757,10777
10777,10757
10758,5405
5405,10758
5405,7188
7188,5405
7188,10747
10747,7188
10747,10762
10762,10747
10762,10763
10763,10762
10763,5499
5499,10763
5499,17041
17041,5499
17041,7197
7197,17041
7197,1613
1613,7197
1613,6229
6229,1613
6229,15085
15085,6229
15085,7461
7461,15085
7461,10765
10765,7461
10765,16991
16991,10765
16991,7174
7174,16991
7174,10766
10766,7174
10766,9022
9022,10766
15902,1614
1614,15902
1614,10752
10752,1614
10752,10751
10751,10752
10751,10750
10750,10751
10750,10764
10764,10750
10764,6429
6429,10764
6429,10749
10749,6429
10749,13960
13960,10749
13960,17043
17043,13960
17043,17042
17042,17043
17042,10761
10761,17042
10761,10760
10760,10761
10760,10746
10746,10760
10746,5406
5406,10746
5406,9829
9829,5406
9829,10745
10745,9829
10745,10296
10296,10745
10296,7198
7198,10296
7198,10644
10644,7198
7797,8550
8550,7797
8550,14215
14215,8550
14215,8548
8548,14215
8546,633
633,8546
633,8544
8544,633
8544,12583
12583,8544
12583,8542
8542,12583
8542,9910
9910,8542
9910,12627
12627,9910
8925,620
620,8925
8540,12628
12628,8540
12628,9909
9909,12628
9909,8541
8541,9909
8541,12582
12582,8541
12582,8543
8543,12582
8543,631
631,8543
631,8545
8545,631
8547,8549
8549,8547
8549,16953
16953,8549
4586,13191
13191,4586
245,6853
6853,245
6853,6851
6851,6853
6851,6849
6849,6851
6849,3057
3057,6849
3801,9217
9217,3801
9224,6846
6846,9224
6846,6845
6845,6846
6845,6843
6843,6845
6843,6304
6304,6843
6304,6303
6303,6304
6303,6300
6300,6303
6300,6298
6298,6300
5943,6091
6091,5943
17507,10034
10034,17507
9667,12477
12477,9667
6090,5951
5951,6090
6408,6299
6299,6408
6299,6301
6301,6299
6301,6305
6305,6301
6305,6842
6842,6305
6842,6844
6844,6842
6844,16971
16971,6844
16971,6847
6847,16971
9218,3802
3802,9218
3058,6848
6848,3058
6848,13422
13422,6848
13422,6850
6850,13422
6850,6852
6852,6850
6852,17192
17192,6852
17192,10706
10706,17192
10706,12545
12545,10706
10132,8039
8039,10132
15265,11404
11404,15265
11404,11402
11402,11404
11453,9118
9118,11453
8672,8602
8602,8672
8602,2028
2028,8602
2028,2027
2027,2028
2027,2025
2025,2027
2025,2023
2023,2025
2023,2021
2021,2023
2021,8579
8579,2021
8579,17308
17308,8579
17308,376
376,17308
370,2493
2493,370
11331,454
454,11331
504,7981
7981,504
2499,371
371,2499
14891,9993
9993,14891
9993,17028
17028,9993
17028,2022
2022,17028
2022,2024
2024,2022
2024,2026
2026,2024
2026,2029
2029,2026
2029,8601
8601,2029
8601,8672
8672,8601
4985,14797
14797,4985
14797,14800
14800,14797
14800,14802
14802,14800
14802,14804
14804,14802
14804,14806
14806,14804
14806,14808
14808,14806
14808,1137
1137,14808
13230,16779
16779,13230
16779,16780
16780,16779
16780,11940
11940,16780
11940,5044
5044,11940
5044,3811
3811,5044
3811,13082
13082,3811
6100,3644
3644,6100
4628,13432
13432,4628
13432,13433
13433,13432
13433,13434
13434,13433
13434,13435
13435,13434
13435,6587
6587,13435
6587,4650
4650,6587
4655,12922
12922,4655
12922,13009
13009,12922
13009,12921
12921,13009
12921,12920
12920,12921
12920,12919
12919,12920
12919,6999
6999,12919
6999,7001
7001,6999
7001,7003
7003,7001
7003,7005
7005,7003
7005,9278
9278,7005
9278,7004
7004,9278
7004,7002
7002,7004
7002,7000
7000,7002
7000,10124
10124,7000
10124,12918
12918,10124
12918,12917
12917,12918
12917,12916
12916,12917
12916,13010
13010,12916
13010,12915
12915,13010
12915,4651
4651,12915
4651,6588
6588,4651
6588,6586
6586,6588
6586,13436
13436,6586
13436,13437
13437,13436
13437,13438
13438,13437
13438,13439
13439,13438
13439,4627
4627,13439
3643,6101
6101,3643
17122,11943
11943,17122
11943,14727
14727,11943
14727,14702
14702,14727
14702,14703
14703,14702
5043,11939
11939,5043
11939,16802
16802,11939
16802,16801
16801,16802
16801,9900
9900,16801
1136,14807
14807,1136
14807,14805
14805,14807
14805,14803
14803,14805
14803,14801
14801,14803
14801,14799
14799,14801
14799,8562
8562,14799
9926,9717
9717,9926
9917,12371
12371,9917
12371,11819
11819,12371
11824,12372
12372,11824
12372,12373
12373,12372
12373,11041
11041,12373
11041,17737
17737,11041
17737,12374
12374,17737
12374,12375
12375,12374
12375,387
387,12375
387,9122
9122,387
8406,602
602,8406
602,6412
6412,602
6412,10330
10330,6412
10330,598
598,10330
598,82
82,598
82,597
597,82
597,7101
7101,597
7101,7109
7109,7101
17574,9424
9424,17574
9424,8124
8124,9424
7113,10966
10966,7113
10966,596
596,10966
596,81
81,596
81,599
599,81
599,10338
10338,599
10338,8341
8341,10338
8341,7671
7671,8341
11273,5899
5899,11273
8161,12376
12376,8161
12376,12377
12377,12376
12377,17738
17738,12377
17738,17739
17739,17738
17739,17696
17696,17739
17696,12379
12379,17696
12379,12380
12380,12379
12380,11823
11823,12380
11818,12381
12381,11818
12381,12265
12265,12381
12266,17621
17621,12266
14015,14288
14288,14015
14288,11100
11100,14288
6158,10862
10862,6158
10864,8665
8665,10864
8665,8663
8663,8665
8663,8660
8660,8663
8660,15893
15893,8660
15893,8778
8778,15893
8778,13265
13265,8778
13265,8776
8776,13265
8776,8774
8774,8776
8774,9497
9497,8774
9497,8772
8772,9497
8772,8770
8770,8772
8770,8769
8769,8770
8769,17154
17154,8769
7641,2400
2400,7641
1991,9123
9123,1991
9123,9125
9125,9123
9125,13058
13058,9125
13058,13059
13059,13058
13059,7587
7587,13059
7587,7586
7586,7587
7586,7750
7750,7586
7750,7751
7751,7750
7751,12456
12456,7751
12456,2115
2115,12456
2115,8593
8593,2115
8593,9201
9201,8593
9201,9203
9203,9201
9203,9205
9205,9203
9205,5257
5257,9205
7505,12203
12203,7505
12203,6121
6121,12203
8782,9206
9206,8782
9206,9204
9204,9206
9204,9202
9202,9204
9202,8516
8516,9202
8516,2116
2116,8516
2116,2119
2119,2116
2119,7753
7753,2119
7753,7749
7749,7753
7749,7748
7748,7749
7748,7588
7588,7748
7588,13057
13057,7588
13057,13060
13060,13057
13060,2122
2122,13060
2122,9126
9126,2122
9126,9124
9124,9126
9124,9154
9154,9124
2399,7636
7636,2399
1984,8768
8768,1984
8768,8771
8771,8768
8771,8773
8773,8771
8773,8775
8775,8773
8775,8777
8777,8775
8777,13268
13268,8777
13268,8779
8779,13268
8779,16966
16966,8779
16966,8661
8661,16966
8661,8662
8662,8661
8662,8664
8664,8662
8664,10878
10878,8664
10430,11098
11098,10430
8563,14287
14287,8563
14901,12977
12977,14901
12977,12978
12978,12977
12978,11204
11204,12978
11202,10974
10974,11202
5527,16587
16587,5527
16587,16585
16585,16587
16585,9773
9773,16585
9773,9774
9774,9773
9774,9327
9327,9774
9327,9328
9328,9327
9328,9329
9329,9328
9329,9330
9330,9329
9330,11150
11150,9330
11149,17514
17514,11149
5458,4027
4027,5458
4027,17715
17715,4027
4026,12928
12928,4026
12928,4024
4024,12928
4024,13672
13672,4024
13672,15129
15129,13672
15129,9280
9280,15129
9280,9281
9281,9280
9281,9164
9164,9281
932,9348
9348,932
9348,9350
9350,9348
9350,9352
9352,9350
9352,9354
9354,9352
9354,9356
9356,9354
9356,14756
14756,9356
9171,8349
8349,9171
8349,9357
9357,8349
9357,9355
9355,9357
9355,9353
9353,9355
9353,9351
9351,9353
9351,9349
9349,9351
9349,14591
14591,9349
3994,8998
8998,3994
8998,8999
8999,8998
8999,15299
15299,8999
15299,8749
8749,15299
8749,17714
17714,8749
17714,4028
4028,17714
4028,7773
7773,4028
7773,9006
9006,7773
17513,15371
15371,17513
7725,9325
9325,7725
9325,9326
9326,9325
9326,16588
16588,9326
16588,9324
9324,16588
9324,9346
9346,9324
9346,16584
16584,9346
16584,14893
14893,16584
14893,16586
16586,14893
16586,17066
17066,16586
4530,15875
15875,4530
15875,11200
11200,15875
11203,12979
12979,11203
12979,12980
12980,12979
12980,14901
14901,12980
14992,1410
1410,14992
5630,8010
8010,5630
8010,15063
15063,8010
15063,6154
6154,15063
1486,13857
13857,1486
13857,14210
14210,13857
14210,1491
1491,14210
1491,1492
1492,1491
1492,1494
1494,1492
1494,7747
7747,1494
7747,4130
4130,7747
4130,1498
1498,4130
1498,1500
1500,1498
1500,1411
1411,1500
1411,1502
1502,1411
1502,17101
17101,1502
17101,17942
17942,17101
17942,17631
17631,17942
1830,1832
1832,1830
1832,2811
2811,1832
2811,1834
1834,2811
1834,12951
12951,1834
12951,14708
14708,12951
14708,17924
17924,14708
17940,17842
17842,17940
17842,9618
9618,17842
9618,1833
1833,9618
1833,1831
1831,1833
1831,1829
1829,1831
15463,17529
17529,15463
17529,1504
1504,17529
1504,7325
7325,1504
7325,1501
1501,7325
1501,17422
17422,1501
17422,15843
15843,17422
15843,1499
1499,15843
1499,1497
1497,1499
1497,1495
1495,1497
1495,1493
1493,1495
1493,15720
15720,1493
15720,1490
1490,15720
1490,1488
1488,1490
1488,1489
1489,1488
1489,1487
1487,1489
6155,10985
10985,6155
8005,8016
8016,8005
8109,5606
5606,8109
3327,2792
2792,3327
2784,8044
8044,2784
8044,9817
9817,8044
9817,8048
8048,9817
8048,8051
8051,8048
8051,8053
8053,8051
8053,8056
8056,8053
8056,8058
8058,8056
8058,8062
8062,8058
8062,8064
8064,8062
8064,1681
1681,8064
1681,1682
1682,1681
1682,2782
2782,1682
2782,15797
15797,2782
15797,2780
2780,15797
2780,14336
14336,2780
14336,2777
2777,14336
2777,2775
2775,2777
2775,13181
13181,2775
13181,1683
1683,13181
1683,2774
2774,1683
2774,2772
2772,2774
2772,9617
9617,2772
9617,2812
2812,9617
2812,2329
2329,2812
2329,2331
2331,2329
7357,2332
2332,7357
2332,4800
4800,2332
4800,12422
12422,4800
12422,2769
2769,12422
2769,2771
2771,2769
2771,2773
2773,2771
2773,1680
1680,2773
1680,2776
2776,1680
2776,2778
2778,2776
2778,14328
14328,2778
14328,2781
2781,14328
2781,15796
15796,2781
15796,1679
1679,15796
1679,2783
2783,1679
2783,1678
1678,2783
1678,8063
8063,1678
8063,8061
8061,8063
8061,8057
8057,8061
8057,8055
8055,8057
8055,8052
8052,8055
8052,8050
8050,8052
8050,8047
8047,8050
8047,8045
8045,8047
8045,8043
8043,8045
2791,8726
8726,2791
691,693
693,691
693,9107
9107,693
9107,695
695,9107
695,696
696,695
13669,708
708,13669
708,710
710,708
710,711
711,710
11650,6653
6653,11650
6653,713
713,6653
713,715
715,713
715,716
716,715
13663,14611
14611,13663
7412,714
714,7412
714,6652
6652,714
6652,712
712,6652
712,7469
7469,712
7469,11649
11649,7469
709,4585
4585,709
4585,707
707,4585
707,13168
13168,707
698,9106
9106,698
9106,694
694,9106
694,9108
9108,694
9108,692
692,9108
3683,4368
4368,3683
4368,10254
10254,4368
10254,4370
4370,10254
4370,4372
4372,4370
4372,4374
4374,4372
4374,4375
4375,4374
4375,10280
10280,4375
4385,4386
4386,4385
4386,10279
10279,4386
10130,4384
4384,10130
4376,10186
10186,4376
10186,4373
4373,10186
4373,4371
4371,4373
4371,4369
4369,4371
4369,10253
10253,4369
10253,3680
3680,10253
3680,3682
3682,3680
17839,12842
12842,17839
2182,15721
15721,2182
15721,2179
2179,15721
2179,6986
6986,2179
6986,2177
2177,6986
2177,2176
2176,2177
2176,2175
2175,2176
15905,2168
2168,15905
2168,2166
2166,2168
2166,1613
1613,2166
9022,5482
5482,9022
17245,7094
7094,17245
7094,5531
5531,7094
5531,7106
7106,5531
7106,5460
5460,7106
5460,7107
7107,5460
7107,6233
6233,7107
6233,7108
7108,6233
7108,17060
17060,7108
17060,7099
7099,17060
7099,7183
7183,7099
7183,17311
17311,7183
17311,17261
17261,17311
7180,5997
5997,7180
5997,10887
10887,5997
10887,433
433,10887
433,5559
5559,433
5559,10268
10268,5559
10268,431
431,10268
431,5642
5642,431
5642,14571
14571,5642
564,8745
8745,564
8745,8443
8443,8745
8443,7201
7201,8443
7201,7275
7275,7201
7275,430
430,7275
430,10267
10267,430
10267,7102
7102,10267
7102,434
434,7102
434,435
435,434
435,7181
7181,435
7181,7112
7112,7181
7112,5823
5823,7112
14582,17257
17257,14582
17257,17256
17256,17257
17256,14618
14618,17256
14618,10920
10920,14618
10920,7110
7110,10920
7110,17059
17059,7110
17059,7098
7098,17059
7098,6232
6232,7098
6232,7092
7092,6232
7092,5459
5459,7092
5459,7096
7096,5459
7096,5532
5532,7096
5532,7095
7095,5532
7095,4886
4886,7095
5483,15902
15902,5483
13960,2165
2165,13960
2165,2167
2167,2165
2167,2169
2169,2167
6390,2415
2415,6390
2415,2178
2178,2415
2178,6985
6985,2178
6985,2180
2180,6985
2180,12119
12119,2180
12119,12246
12246,12119
15756,8088
8088,15756
3308,9512
9512,3308
2347,2345
2345,2347
2345,2343
2343,2345
1698,8453
8453,1698
8453,8174
8174,8453
8174,8176
8176,8174
8176,8178
8178,8176
8178,8180
8180,8178
8180,5424
5424,8180
5424,5422
5422,5424
5422,5420
5420,5422
5420,5418
5418,5420
5418,5416
5416,5418
5416,5415
5415,5416
5415,5260
5260,5415
5260,5262
5262,5260
5262,2879
2879,5262
2879,5265
5265,2879
5265,5269
5269,5265
5269,7303
7303,5269
7303,5270
5270,7303
5270,5275
5275,5270
5275,5272
5272,5275
5272,5274
5274,5272
5274,4949
4949,5274
4949,8626
8626,4949
8626,14207
14207,8626
14207,3367
3367,14207
3367,5221
5221,3367
5221,1676
1676,5221
1676,5710
5710,1676
5710,13186
13186,5710
13186,5711
5711,13186
5711,11305
11305,5711
11305,15148
15148,11305
15148,7493
7493,15148
15743,35
35,15743
35,10298
10298,35
10298,10299
10299,10298
10299,13185
13185,10299
13185,5709
5709,13185
5709,1677
1677,5709
1677,3370
3370,1677
3370,3369
3369,3370
3369,10297
10297,3369
10297,4947
4947,10297
4947,15089
15089,4947
15089,5273
5273,15089
5273,5276
5276,5273
5276,5271
5271,5276
5271,7084
7084,5271
7084,5268
5268,7084
5268,5266
5266,5268
5266,13919
13919,5266
13919,5264
5264,13919
5264,5263
5263,5264
5263,7886
7886,5263
7886,5261
5261,7886
5261,5417
5417,5261
5417,5419
5419,5417
5419,5421
5421,5419
5421,5423
5423,5421
5423,5425
5425,5423
5425,8181
8181,5425
8181,8179
8179,8181
8179,8177
8177,8179
8177,8175
8175,8177
8175,8452
8452,8175
8452,4134
4134,8452
2342,2344
2344,2342
2344,2346
2346,2344
5313,9369
9369,5313
8020,15756
15756,8020
493,6296
6296,493
6296,9555
9555,6296
9555,9556
9556,9555
9556,9554
9554,9556
9554,11326
11326,9554
7974,5906
5906,7974
1575,14648
14648,1575
11317,9104
9104,11317
1325,15789
15789,1325
15789,15785
15785,15789
15785,9556
9556,15785
9556,15786
15786,9556
15788,17902
17902,15788
1314,15333
15333,1314
15333,15214
15214,15333
15214,15212
15212,15214
15212,15210
15210,15212
15210,15208
15208,15210
15208,17879
17879,15208
17879,17877
17877,17879
17877,6495
6495,17877
10158,10152
10152,10158
10152,10154
10154,10152
10154,3817
3817,10154
3817,3815
3815,3817
6657,14703
14703,6657
11939,12941
12941,11939
12941,11942
11942,12941
11942,12948
12948,11942
12948,11944
11944,12948
11944,13540
13540,11944
11943,11941
11941,11943
11941,11940
11940,11941
3811,6658
6658,3811
3814,3816
3816,3814
3816,17115
17115,3816
17115,10153
10153,17115
10153,10157
10157,10153
6497,17876
17876,6497
17876,17878
17878,17876
17878,15206
15206,17878
15206,15207
15207,15206
15207,15209
15209,15207
15209,15211
15211,15209
15211,15213
15213,15211
15213,1313
1313,15213
7320,8361
8361,7320
3327,7508
7508,3327
5554,15490
15490,5554
15490,2380
2380,15490
2380,12218
12218,2380
12218,4905
4905,12218
4905,4903
4903,4905
4903,7722
7722,4903
7722,4901
4901,7722
4901,4899
4899,4901
4899,4897
4897,4899
4897,4894
4894,4897
4894,17053
17053,4894
17053,7672
7672,17053
7672,4891
4891,7672
4891,6456
6456,4891
6456,13965
13965,6456
13965,13963
13963,13965
13963,13962
13962,13963
13962,10772
10772,13962
10772,5413
5413,10772
5413,10768
10768,5413
10768,16992
16992,10768
16992,9066
9066,16992
9066,16989
16989,9066
16989,4889
4889,16989
4889,5148
5148,4889
5148,17245
17245,5148
4886,4887
4887,4886
4887,4888
4888,4887
4888,4890
4890,4888
4890,10767
10767,4890
10767,10754
10754,10767
10754,5414
5414,10754
5414,13961
13961,5414
13961,13964
13964,13961
13964,13966
13966,13964
13966,6455
6455,13966
6455,4893
4893,6455
4893,7673
7673,4893
7673,17053
17053,7673
17053,4895
4895,17053
4895,4896
4896,4895
4896,4898
4898,4896
4898,4900
4900,4898
4900,7720
7720,4900
7720,4902
4902,7720
4902,4904
4904,4902
4904,12216
12216,4904
12216,2381
2381,12216
2381,15489
15489,2381
15489,5553
5553,15489
7509,8726
8726,7509
12588,12589
12589,12588
12589,3018
3018,12589
3027,3029
3029,3027
3029,3031
3031,3029
3031,3033
3033,3031
3033,17186
17186,3033
5324,5027
5027,5324
5278,3882
3882,5278
8166,8824
8824,8166
6917,7696
7696,6917
7785,11370
11370,7785
8762,8591
8591,8762
15623,5029
5029,15623
5029,9482
9482,5029
947,3035
3035,947
4665,3034
3034,4665
3034,3032
3032,3034
3032,3030
3030,3032
3030,3028
3028,3030
3022,14853
14853,3022
17827,4260
4260,17827
4260,10143
10143,4260
10143,5397
5397,10143
5397,4258
4258,5397
5412,14354
14354,5412
3296,7406
7406,3296
14517,14470
14470,14517
14470,11332
11332,14470
11332,4254
4254,11332
4254,6841
6841,4254
13741,11333
11333,13741
11333,4253
4253,11333
4253,11330
11330,4253
11330,4256
4256,11330
7127,10525
10525,7127
14353,7459
7459,14353
4259,5394
5394,4259
5394,10142
10142,5394
10142,4261
4261,10142
4261,14852
14852,4261
17618,16590
16590,17618
6812,2616
2616,6812
2616,7161
7161,2616
7161,7159
7159,7161
7159,7157
7157,7159
7157,7155
7155,7157
7155,7153
7153,7155
7153,10585
10585,7153
5393,8832
8832,5393
8832,14796
14796,8832
14796,8833
8833,14796
8833,8834
8834,8833
8834,8835
8835,8834
8835,8836
8836,8835
8836,8837
8837,8836
8837,8838
8838,8837
8838,8839
8839,8838
8839,11320
11320,8839
17293,10586
10586,17293
7904,7152
7152,7904
7152,7154
7154,7152
7154,7156
7156,7154
7156,7158
7158,7156
7158,7160
7160,7158
7160,7162
7162,7160
7162,1631
1631,7162
1631,6812
6812,1631
14960,4499
4499,14960
4499,4501
4501,4499
4501,5399
5399,4501
5399,4502
4502,5399
4502,4505
4505,4502
4505,3472
3472,4505
3472,3474
3474,3472
3474,11805
11805,3474
11805,3476
3476,11805
3476,3478
3478,3476
3478,7345
7345,3478
7345,4316
4316,7345
4316,4324
4324,4316
4324,3004
3004,4324
3004,17458
17458,3004
17458,11189
11189,17458
7049,942
942,7049
942,11021
11021,942
11021,3505
3505,11021
3505,11022
11022,3505
11022,3508
3508,11022
3508,3509
3509,3508
3509,11777
11777,3509
11777,11025
11025,11777
11025,11026
11026,11025
11026,9840
9840,11026
6215,15321
15321,6215
15321,6218
6218,15321
6218,6280
6280,6218
6280,17264
17264,6280
762,6281
6281,762
6281,13771
13771,6281
13771,6279
6279,13771
6279,6219
6219,6279
6219,6217
6217,6219
8807,5390
5390,8807
5390,8090
8090,5390
8090,11776
11776,8090
11776,11024
11024,11776
11024,3511
3511,11024
3511,3510
3510,3511
3510,11023
11023,3510
11023,3507
3507,11023
3507,3506
3506,3507
3506,11020
11020,3506
11020,941
941,11020
941,9693
9693,941
10236,3001
3001,10236
3001,3002
3002,3001
3002,4328
4328,3002
4328,4307
4307,4328
4307,4171
4171,4307
4171,3477
3477,4171
3477,11804
11804,3477
11804,3475
3475,11804
3475,3473
3473,3475
3473,12586
12586,3473
12586,4506
4506,12586
4506,17280
17280,4506
17280,5398
5398,17280
5398,4500
4500,5398
4500,4498
4498,4500
4498,14961
14961,4498
3372,3374
3374,3372
3374,2720
2720,3374
2720,2723
2723,2720
2723,2725
2725,2723
2725,4894
4894,2725
4895,2727
2727,4895
2727,7339
7339,2727
7339,2730
2730,7339
2730,14546
14546,2730
14546,8659
8659,14546
8659,8656
8656,8659
8656,1614
1614,8656
6429,7949
7949,6429
7949,15917
15917,7949
15917,6229
6229,15917
10766,8657
8657,10766
8657,8658
8658,8657
8658,14547
14547,8658
14547,2729
2729,14547
2729,7338
7338,2729
7338,2728
2728,7338
2728,4894
4894,2728
4895,2724
2724,4895
2724,2726
2726,2724
2726,2722
2722,2726
2722,3373
3373,2722
3373,3371
3371,3373
9291,13275
13275,9291
13275,4462
4462,13275
4462,9597
9597,4462
4458,13122
13122,4458
13122,13123
13123,13122
13123,13124
13124,13123
13124,7425
7425,13124
7427,4453
4453,7427
5401,15748
15748,5401
15748,11992
11992,15748
11992,11993
11993,11992
11993,11994
11994,11993
11994,11995
11995,11994
11995,11996
11996,11995
11996,11997
11997,11996
11997,11998
11998,11997
11998,4451
4451,11998
4452,4454
4454,4452
7426,13119
13119,7426
13119,13120
13120,13119
13120,13121
13121,13120
13121,17629
17629,13121
9255,949
949,9255
4461,13274
13274,4461
13274,9263
9263,13274
9263,12202
12202,9263
7216,7218
7218,7216
7218,2890
2890,7218
2890,2889
2889,2890
2889,2886
2886,2889
2886,2218
2218,2886
5990,575
575,5990
2217,2885
2885,2217
2885,2887
2887,2885
2887,2888
2888,2887
2888,2891
2891,2888
2891,7217
7217,2891
7217,7215
7215,7217
3659,14031
14031,3659
14031,14537
14537,14031
14537,14032
14032,14537
14032,1702
1702,14032
5719,3724
3724,5719
3725,9463
9463,3725
383,14034
14034,383
14034,14035
14035,14034
14035,14036
14036,14035
14036,14514
14514,14036
14514,9568
9568,14514
8930,8929
8929,8930
8929,8928
8928,8929
8928,8927
8927,8928
8927,8926
8926,8927
8926,7740
7740,8926
7740,7737
7737,7740
4145,8675
8675,4145
4342,4344
4344,4342
4344,7148
7148,4344
7148,4346
4346,7148
4346,17291
17291,4346
17291,4350
4350,17291
4350,243
243,4350
6238,7390
7390,6238
7390,7394
7394,7390
7394,7395
7395,7394
7395,7141
7141,7395
5187,7139
7139,5187
7140,7397
7397,7140
7397,7396
7396,7397
7396,7392
7392,7396
7391,6239
6239,7391
244,4347
4347,244
4347,7270
7270,4347
7270,4345
4345,7270
4345,4343
4343,4345
4326,7738
7738,4326
7738,7739
7739,7738
7739,7741
7741,7739
7741,733
733,7741
733,17331
17331,733
17331,8930
8930,17331
480,487
487,480
487,8895
8895,487
8895,8894
8894,8895
8894,8892
8892,8894
8892,9937
9937,8892
9937,8890
8890,9937
8890,8888
8888,8890
8888,11280
11280,8888
11280,5952
5952,11280
5349,17531
17531,5349
17532,9078
9078,17532
9076,9073
9073,9076
9073,15004
15004,9073
11481,7400
7400,11481
7400,9074
9074,7400
9074,9075
9075,9074
9077,6176
6176,9077
6174,17496
17496,6174
16561,11263
11263,16561
11263,8887
8887,11263
8887,8889
8889,8887
8889,9586
9586,8889
9586,8891
8891,9586
8891,8893
8893,8891
8893,8896
8896,8893
8896,6157
6157,8896
6157,479
479,6157
10176,2900
2900,10176
7678,9092
9092,7678
9092,9094
9094,9092
9094,9096
9096,9094
9096,5953
5953,9096
1140,11369
11369,1140
16572,15837
15837,16572
11368,1139
1139,11368
10171,9095
9095,10171
9095,9093
9093,9095
9093,9091
9091,9093
9091,7679
7679,9091
5552,10177
10177,5552
8725,10567
10567,8725
10565,4577
4577,10565
4577,4579
4579,4577
4579,4581
4581,4579
4581,8982
8982,4581
17519,5629
5629,17519
5629,4394
4394,5629
4394,17113
17113,4394
17113,6019
6019,17113
2478,11965
11965,2478
11965,12434
12434,11965
12434,6806
6806,12434
6806,6804
6804,6806
6804,6802
6802,6804
6802,9834
9834,6802
9834,9838
9838,9834
9838,9837
9837,9838
9837,9835
9835,9837
9835,14237
14237,9835
14237,9695
9695,14237
9695,2247
2247,9695
2247,2249
2249,2247
2249,2250
2250,2249
2250,2251
2251,2250
2251,2253
2253,2251
2253,11967
11967,2253
11967,17729
17729,11967
17729,12000
12000,17729
17768,17728
17728,17768
17728,11966
11966,17728
11966,2254
2254,11966
2254,14671
14671,2254
14671,2252
2252,14671
2252,8575
8575,2252
8575,5348
5348,8575
5348,2248
2248,5348
2248,9696
9696,2248
9696,17048
17048,9696
17048,9694
9694,17048
9694,7257
7257,9694
7257,14670
14670,7257
14670,7256
7256,14670
7256,7254
7254,7256
7254,6801
6801,7254
6801,6803
6803,6801
6803,6805
6805,6803
6805,12435
12435,6805
12435,15831
15831,12435
17094,15783
15783,17094
15783,4395
4395,15783
4395,5628
5628,4395
9033,4582
4582,9033
4582,4580
4580,4582
4580,4578
4578,4580
4578,7760
7760,4578
7802,3843
3843,7802
17480,17724
17724,17480
3839,4814
4814,3839
4814,3837
3837,4814
3837,3836
3836,3837
3836,3833
3833,3836
3833,3831
3831,3833
3831,17127
17127,3831
17127,4824
4824,17127
4824,3203
3203,4824
3203,3206
3206,3203
3206,3207
3207,3206
3207,3209
3209,3207
3210,3208
3208,3210
3208,3205
3205,3208
3205,3204
3204,3205
3204,4823
4823,3204
4823,3202
3202,4823
3202,3832
3832,3202
3832,3834
3834,3832
3834,3835
3835,3834
3835,3838
3838,3835
3838,4813
4813,3838
4813,3840
3840,4813
17553,17619
17619,17553
3842,7804
7804,3842
13149,11529
11529,13149
4631,14496
14496,4631
14496,14498
14498,14496
14498,14500
14500,14498
14500,14675
14675,14500
14675,14504
14504,14675
14504,14506
14506,14504
14506,14507
14507,14506
14507,14508
14508,14507
14508,14512
14512,14508
14512,14510
14510,14512
14510,7484
7484,14510
17556,14732
14732,17556
9599,11207
11207,9599
11236,13908
13908,11236
10451,11235
11235,10451
14416,9602
9602,14416
16605,14733
14733,16605
7483,14511
14511,7483
14511,14493
14493,14511
14493,14509
14509,14493
14509,14704
14704,14509
14704,14505
14505,14704
14505,14502
14502,14505
14502,14501
14501,14502
14501,14499
14499,14501
14499,14497
14497,14499
14497,4622
4622,14497
7250,10970
10970,7250
245,5786
5786,245
5786,5787
5787,5786
5787,5789
5789,5787
5789,5791
5791,5789
5791,16458
16458,5791
16458,16459
16459,16458
16459,16460
16460,16459
16460,4982
4982,16460
4982,4980
4980,4982
4980,646
646,4980
646,16441
16441,646
16441,16443
16443,16441
16443,16449
16449,16443
16449,3695
3695,16449
3695,13955
13955,3695
13955,13956
13956,13955
13956,8783
8783,13956
9537,12567
12567,9537
13493,12819
12819,13493
12819,12818
12818,12819
12818,12827
12827,12818
12827,12822
12822,12827
12822,12828
12828,12822
12828,12824
12824,12828
12824,9477
9477,12824
12194,12826
12826,12194
12826,12821
12821,12826
12821,12820
12820,12821
12820,12817
12817,12820
12817,12823
12823,12817
12823,13494
13494,12823
6859,13957
13957,6859
13957,14435
14435,13957
14435,13958
13958,14435
13958,3697
3697,13958
3697,16450
16450,3697
16450,16461
16461,16450
16461,16462
16462,16461
16462,16463
16463,16462
16463,645
645,16463
645,4978
4978,645
4978,4981
4981,4978
4981,16465
16465,4981
16465,16466
16466,16465
16466,16467
16467,16466
16467,5790
5790,16467
5790,5788
5788,5790
5788,5785
5785,5788
5785,5784
5784,5785
5784,14290
14290,5784
8521,8401
8401,8521
8401,8400
8400,8401
8400,8398
8398,8400
8398,12500
12500,8398
12500,1800
1800,12500
1800,1799
1799,1800
1799,14689
14689,1799
14689,11679
11679,14689
1797,1795
1795,1797
1795,15470
15470,1795
15470,17429
17429,15470
17429,17428
17428,17429
17428,1792
1792,17428
1792,1789
1789,1792
1789,1788
1788,1789
9208,11660
11660,9208
9033,2732
2732,9033
2732,1780
1780,2732
1780,27
27,1780
27,8114
8114,27
11031,8682
8682,11031
7503,11030
11030,7503
1717,1778
1778,1717
26,1779
1779,26
1779,2721
2721,1779
2721,1781
1781,2721
1781,8982
8982,1781
7468,11661
11661,7468
1787,3339
3339,1787
3339,1790
1790,3339
1791,1793
1793,1791
1793,17893
17893,1793
17893,1794
1794,17893
1794,1796
1796,1794
1796,11499
11499,1796
5954,1798
1798,5954
1798,12563
12563,1798
12563,8396
8396,12563
8396,8397
8397,8396
8397,8399
8399,8397
8399,8225
8225,8399
8225,8521
8521,8225
7904,16685
16685,7904
16685,16686
16686,16685
16686,1801
1801,16686
1801,1802
1802,1801
1802,1804
1804,1802
1804,2216
2216,1804
2213,8518
8518,2213
8518,16689
16689,8518
16689,14005
14005,16689
14005,16690
16690,14005
16690,16691
16691,16690
16691,16692
16692,16691
16692,17923
17923,16692
17923,8919
8919,17923
8919,8921
8921,8919
17470,17429
17429,17470
17429,15408
15408,17429
15408,15398
15398,15408
15398,15444
15444,15398
15444,6808
6808,15444
6807,15443
15443,6807
15443,15387
15387,15443
15387,15377
15377,15387
15377,17893
17893,15377
17893,17468
17468,17893
17159,8920
8920,17159
8920,16694
16694,8920
16694,16695
16695,16694
16695,16696
16696,16695
16696,16697
16697,16696
16697,8460
8460,16697
8460,8519
8519,8460
2214,1805
1805,2214
1805,1803
1803,1805
1803,15185
15185,1803
15185,16687
16687,15185
16687,10585
10585,16687
15543,15606
15606,15543
11206,12979
12979,11206
12980,12981
12981,12980
12981,7840
7840,12981
7862,7481
7481,7862
10756,8480
8480,10756
8480,1346
1346,8480
10759,7548
7548,10759
7482,7759
7759,7482
8613,12976
12976,8613
12976,12977
12977,12976
12978,11205
11205,12978
9464,327
327,9464
1565,14155
14155,1565
14155,17804
17804,14155
17804,12835
12835,17804
12835,13098
13098,12835
12482,13097
13097,12482
13097,17758
17758,13097
17758,14154
14154,17758
14154,14724
14724,14154
14724,14156
14156,14724
14156,1558
1558,14156
319,321
321,319
321,323
323,321
8803,7969
7969,8803
6009,5289
5289,6009
5289,5287
5287,5289
5287,5446
5446,5287
3145,3143
3143,3145
3143,8335
8335,3143
8335,4104
4104,8335
4104,4102
4102,4104
4102,2051
2051,4102
12390,16719
16719,12390
15033,659
659,15033
4101,2060
2060,4101
2060,3448
3448,2060
3448,4103
4103,3448
4103,4105
4105,4103
4105,5581
5581,4105
5581,3144
3144,5581
3144,3146
3146,3144
5445,5286
5286,5445
5286,5288
5288,5286
5288,6009
6009,5288
11619,8162
8162,11619
8162,8676
8676,8162
16573,7878
7878,16573
7878,7875
7875,7878
7875,15723
15723,7875
15723,14742
14742,15723
14742,14736
14736,14742
14736,11145
11145,14736
11145,17865
17865,11145
17865,3996
3996,17865
3996,13473
13473,3996
13473,8822
8822,13473
8822,15271
15271,8822
15271,7708
7708,15271
12574,14406
14406,12574
14406,15097
15097,14406
15097,15095
15095,15097
15095,1417
1417,15095
4892,15094
15094,4892
15094,15096
15096,15094
15096,14407
14407,15096
14407,12579
12579,14407
12573,38
38,12573
7707,15270
15270,7707
15270,8821
8821,15270
8821,3995
3995,8821
3995,15064
15064,3995
15064,17608
17608,15064
17608,9648
9648,17608
9648,5722
5722,9648
10452,14735
14735,10452
14735,14738
14738,14735
14738,7874
7874,14738
7874,7876
7876,7874
7876,7877
7877,7876
7877,7880
7880,7877
7880,7881
7881,7880
7881,11172
11172,7881
11168,8169
8169,11168
8169,11620
11620,8169
12634,12635
12635,12634
12635,17746
17746,12635
17746,12636
12636,17746
12636,12637
12637,12636
12637,12638
12638,12637
12638,14931
14931,12638
14931,14887
14887,14931
14887,14866
14866,14887
14866,14858
14858,14866
14858,17848
17848,14858
17848,14798
14798,17848
14798,14790
14790,14798
14790,14903
14903,14790
14903,14912
14912,14903
14912,12612
12612,14912
12612,13125
13125,12612
13125,14922
14922,13125
14922,14754
14754,14922
14754,14759
14759,14754
14759,10334
10334,14759
10334,7827
7827,10334
7827,14767
14767,7827
14767,14772
14772,14767
14772,17845
17845,14772
17845,14809
14809,17845
14809,14894
14894,14809
14894,9245
9245,14894
9245,3430
3430,9245
3430,17474
17474,3430
17474,12205
12205,17474
12205,12631
12631,12205
12631,12632
12632,12631
12632,12633
12633,12632
12633,12709
12709,12633
12709,14715
14715,12709
14715,14292
14292,14715
1818,4804
4804,1818
4804,6982
6982,4804
3479,4307
4307,3479
4440,8219
8219,4440
8219,3463
3463,8219
4324,15715
15715,4324
1317,7354
7354,1317
8637,379
379,8637
7057,5168
5168,7057
5168,5170
5170,5168
5170,5172
5172,5170
5172,5174
5174,5172
5174,5285
5285,5174
5285,17508
17508,5285
17508,17576
17576,17508
17576,5282
5282,17576
3161,8021
8021,3161
8021,10533
10533,8021
10533,10535
10535,10533
10535,10938
10938,10535
10938,10939
10939,10938
10939,4560
4560,10939
4560,10537
10537,4560
10537,10539
10539,10537
10539,5698
5698,10539
5698,10541
10541,5698
10541,10543
10543,10541
10543,10545
10545,10543
10546,10544
10544,10546
10544,10542
10542,10544
10542,17274
17274,10542
17274,10540
10540,17274
10540,10538
10538,10540
10538,4559
4559,10538
4559,10536
10536,4559
10536,10534
10534,10536
10534,3159
3159,10534
1652,13744
13744,1652
13744,5283
5283,13744
5283,17575
17575,5283
17575,5284
5284,17575
5284,17286
17286,5284
17286,5175
5175,17286
5175,5173
5173,5175
5173,5171
5171,5173
5171,5169
5169,5171
5169,10144
10144,5169
2500,8637
8637,2500
4637,15643
15643,4637
15643,12222
12222,15643
12222,15642
15642,12222
15642,15641
15641,15642
15641,15162
15162,15641
15162,14365
14365,15162
14365,15330
15330,14365
15330,11945
11945,15330
11945,15168
15168,11945
15168,15658
15658,15168
15658,15653
15653,15658
15653,14795
14795,15653
14795,15650
15650,14795
15650,15659
15659,15650
15659,15647
15647,15659
15647,15649
15649,15647
15649,15662
15662,15649
15662,17202
17202,15662
3852,10114
10114,3852
10114,10120
10120,10114
10120,10121
10121,10120
10121,15657
15657,10121
15657,14203
14203,15657
14203,17124
17124,14203
3873,12868
12868,3873
12868,12949
12949,12868
12949,8389
8389,12949
8389,12442
12442,8389
12443,7312
7312,12443
7316,12444
12444,7316
12444,12445
12445,12444
12445,6220
6220,12445
13023,12437
12437,13023
12437,12436
12436,12437
12436,12438
12438,12436
12438,7317
7317,12438
7313,12439
12439,7313
12441,13030
13030,12441
13030,12947
12947,13030
12947,12867
12867,12947
12867,3872
3872,12867
4872,15656
15656,4872
15656,14225
14225,15656
14225,10122
10122,14225
10122,10119
10119,10122
10119,3854
3854,10119
4237,17726
17726,4237
11643,15661
15661,11643
15661,15655
15655,15661
15655,15648
15648,15655
15648,15660
15660,15648
15660,15652
15652,15660
15652,15651
15651,15652
15651,15654
15654,15651
15654,15175
15175,15654
15175,11946
11946,15175
11946,15331
15331,11946
15331,14366
14366,15331
14366,17330
17330,14366
17330,12012
12012,17330
12012,15646
15646,12012
15646,15645
15645,15646
15645,15644
15644,15645
15644,4636
4636,15644
6696,16043
16043,6696
16043,16740
16740,16043
16740,16190
16190,16740
16190,16044
16044,16190
16044,16452
16452,16044
16452,12475
12475,16452
12475,16454
16454,12475
16454,16455
16455,16454
16455,16456
16456,16455
16456,16457
16457,16456
16457,16493
16493,16457
16493,16494
16494,16493
16494,16483
16483,16494
16483,17336
17336,16483
869,9657
9657,869
9657,15640
15640,9657
15640,9649
9649,15640
9649,9654
9654,9649
9654,9653
9653,9654
9653,9671
9671,9653
9671,9665
9665,9671
9665,9652
9652,9665
9652,9651
9651,9652
9651,9650
9650,9651
9650,9656
9656,9650
9656,9655
9655,9656
9655,9806
9806,9655
9806,16484
16484,9806
16484,16485
16485,16484
16485,16486
16486,16485
16486,16487
16487,16486
16487,16488
16488,16487
16488,16490
16490,16488
16490,975
975,16490
975,1191
1191,975
1191,16045
16045,1191
16045,16491
16491,16045
16491,16741
16741,16491
16741,16492
16492,16741
16492,16046
16046,16492
16046,1040
1040,16046
15562,10572
10572,15562
2828,2710
2710,2828
8815,15755
15755,8815
10227,10235
10235,10227
9915,6789
6789,9915
488,8895
8895,488
14747,8887
8887,14747
8896,489
489,8896
6788,9914
9914,6788
9954,10134
10134,9954
9001,8816
8816,9001
7826,15562
15562,7826
201,8068
8068,201
8068,2412
2412,8068
14706,15975
15975,14706
15975,15976
15976,15975
15976,15977
15977,15976
15977,6052
6052,15977
6052,6049
6049,6052
6049,9103
9103,6049
9103,13231
13231,9103
13231,13232
13232,13231
13232,13233
13233,13232
13233,14330
14330,13233
14330,14340
14340,14330
14340,7821
7821,14340
7821,7823
7823,7821
7823,7825
7825,7823
7825,14331
14331,7825
14331,15343
15343,14331
15343,15344
15344,15343
15344,14332
14332,15344
14332,732
732,14332
11775,15978
15978,11775
15978,16790
16790,15978
16790,15979
15979,16790
15979,15980
15980,15979
15980,6431
6431,15980
6431,2929
2929,6431
2929,662
662,2929
662,11075
11075,662
11075,15981
15981,11075
15981,16803
16803,15981
16803,15982
15982,16803
15982,15983
15983,15982
15983,13646
13646,15983
5529,14333
14333,5529
14333,15345
15345,14333
15345,14334
14334,15345
14334,7824
7824,14334
7824,7822
7822,7824
7822,7820
7820,7822
7820,14338
14338,7820
14338,14339
14339,14338
14339,13235
13235,14339
13235,13486
13486,13235
13486,13234
13234,13486
13234,6048
6048,13234
6048,6050
6050,6048
6050,15984
15984,6050
15984,15985
15985,15984
15985,15986
15986,15985
15986,14706
14706,15986
10368,7784
7784,10368
806,5779
5779,806
5779,916
916,5779
916,913
913,916
913,911
911,913
911,908
908,911
908,1375
1375,908
9332,909
909,9332
909,912
912,909
912,914
914,912
914,918
918,914
918,5778
5778,918
5778,831
831,5778
831,17040
17040,831
10362,813
813,10362
9806,10439
10439,9806
3732,10647
10647,3732
10080,17248
17248,10080
17248,10081
10081,17248
10081,10077
10077,10081
10077,10064
10064,10077
3865,10044
10044,3865
10044,10042
10042,10044
10042,10040
10040,10042
10040,15525
15525,10040
15525,10038
10038,15525
10038,9972
9972,10038
1567,229
229,1567
11310,5821
5821,11310
4117,10036
10036,4117
10036,10037
10037,10036
10037,15530
15530,10037
15530,10039
10039,15530
10039,12990
12990,10039
12990,10041
10041,12990
10041,10043
10043,10041
10043,10045
10045,10043
10045,10046
10046,10045
10063,10078
10078,10063
10078,15311
15311,10078
15311,10079
10079,15311
10079,10080
10080,10079
16766,4641
4641,16766
1732,17200
17200,1732
17200,5015
5015,17200
5015,5012
5012,5015
5012,9976
9976,5012
9976,5010
5010,9976
6903,5004
5004,6903
5004,5002
5002,5004
5002,7384
7384,5002
7384,5228
5228,7384
7624,6691
6691,7624
6709,12552
12552,6709
12553,12154
12154,12553
5147,15179
15179,5147
11319,4984
4984,11319
4984,5001
5001,4984
5001,5003
5003,5001
5003,6902
6902,5003
5009,9977
9977,5009
9977,5011
5011,9977
5011,5013
5013,5011
5013,8517
8517,5013
8517,3024
3024,8517
4640,16766
16766,4640
13017,1012
1012,13017
1012,13912
13912,1012
13912,12485
12485,13912
12485,12486
12486,12485
12486,12487
12487,12486
12487,12488
12488,12487
12488,12489
12489,12488
12489,12490
12490,12489
12490,15950
15950,12490
15950,1044
1044,15950
1044,1042
1042,1044
1042,10398
10398,1042
10398,6696
6696,10398
10185,1074
1074,10185
1074,951
951,1074
951,1070
1070,951
1070,14488
14488,1070
14488,10139
10139,14488
6707,14452
14452,6707
14452,14451
14451,14452
14451,14450
14450,14451
14450,13409
13409,14450
13409,5654
5654,13409
6481,15118
15118,6481
15091,6482
6482,15091
6482,5653
5653,6482
10496,14454
14454,10496
14454,14453
14453,14454
14453,883
883,14453
12551,5832
5832,12551
5832,1072
1072,5832
1072,1073
1073,1072
1073,1075
1075,1073
1075,10183
10183,1075
1036,10413
10413,1036
10413,11029
11029,10413
1040,10405
10405,1040
10405,1041
1041,10405
1041,1043
1043,1041
1043,15952
15952,1043
15952,12491
12491,15952
12491,12492
12492,12491
12492,12493
12493,12492
12493,12778
12778,12493
12778,12494
12494,12778
12494,12495
12495,12494
12495,1376
1376,12495
1376,11672
11672,1376
9773,13888
13888,9773
13888,13893
13893,13888
13893,13894
13894,13893
13894,17789
17789,13894
17789,13881
13881,17789
13881,13882
13882,13881
13882,13883
13883,13882
13883,17425
17425,13883
17425,17422
17422,17425
1411,13887
13887,1411
13887,13886
13886,13887
13886,13885
13885,13886
13885,17791
17791,13885
17791,17790
17790,17791
17790,13893
13893,17790
13893,13890
13890,13893
13890,13889
13889,13890
13889,13892
13892,13889
15029,570
570,15029
9292,16000
16000,9292
16000,16303
16303,16000
16303,16306
16306,16303
16306,16308
16308,16306
16308,16310
16310,16308
16310,16312
16312,16310
16312,16314
16314,16312
16314,16318
16318,16314
16318,16320
16320,16318
16320,16716
16716,16320
16716,16001
16001,16716
16001,16003
16003,16001
16003,6160
6160,16003
2618,15485
15485,2618
6808,3343
3343,6808
3267,17905
17905,3267
17905,17909
17909,17905
17909,16322
16322,17909
16322,17906
17906,16322
17906,16004
16004,17906
16004,1633
1633,16004
2309,14962
14962,2309
14962,9197
9197,14962
9197,16701
16701,9197
16701,2307
2307,16701
1632,16005
16005,1632
16005,17910
17910,16005
17910,16321
16321,17910
16321,17908
17908,16321
17908,17907
17907,17908
17907,3266
3266,17907
1675,6807
6807,1675
6811,2617
2617,6811
7640,16006
16006,7640
16006,16717
16717,16006
16717,16319
16319,16717
16319,16315
16315,16319
16315,16313
16313,16315
16313,16311
16311,16313
16311,16309
16309,16311
16309,16307
16307,16309
16307,16304
16304,16307
16304,16007
16007,16304
16007,16008
16008,16007
16008,7772
7772,16008
7772,9284
9284,7772
7996,569
569,7996
17854,17747
17747,17854
17747,17741
17741,17747
17741,15007
15007,17741
15007,4666
4666,15007
11533,14937
14937,11533
14937,14673
14673,14937
14673,14949
14949,14673
14949,14955
14955,14949
14955,14862
14862,14955
14862,3518
3518,14862
10448,11176
11176,10448
11176,11178
11178,11176
11178,11180
11180,11178
11180,11182
11182,11180
11182,11184
11184,11182
11184,11186
11186,11184
11186,11188
11188,11186
11188,11191
11191,11188
11191,11194
11194,11191
15606,15682
15682,15606
15684,11991
11991,15684
9336,15632
15632,9336
15632,11192
11192,15632
11192,11190
11190,11192
11190,11187
11187,11190
11187,11185
11185,11187
11185,11183
11183,11185
11183,11181
11181,11183
11181,17093
17093,11181
17093,11177
11177,17093
11177,11515
11515,11177
11515,14958
14958,11515
14958,14674
14674,14958
14674,14943
14943,14674
14943,14681
14681,14943
14681,14688
14688,14681
14688,11531
11531,14688
4677,15008
15008,4677
15008,17740
17740,15008
17740,17748
17748,17740
17748,17854
17854,17748
11130,1711
1711,11130
11880,16495
16495,11880
16495,16528
16528,16495
16528,11132
11132,16528
11132,16496
16496,11132
16496,16497
16497,16496
16497,11878
11878,16497
4099,3222
3222,4099
3222,3223
3223,3222
3223,3264
3264,3223
3264,3227
3227,3264
3227,9941
9941,3227
10350,4789
4789,10350
4789,16498
16498,4789
16498,16501
16501,16498
16501,16502
16502,16501
16502,16503
16503,16502
16503,16504
16504,16503
16504,16505
16505,16504
16505,16506
16506,16505
16506,16507
16507,16506
16507,16508
16508,16507
16508,16532
16532,16508
16532,16533
16533,16532
16533,16534
16534,16533
16534,16535
16535,16534
16535,16536
16536,16535
16536,16537
16537,16536
16537,14149
14149,16537
14149,2246
2246,14149
7239,14150
14150,7239
14150,16538
16538,14150
16538,16539
16539,16538
16539,16540
16540,16539
16540,16541
16541,16540
16541,16542
16542,16541
16542,16543
16543,16542
16543,5959
5959,16543
5959,16544
16544,5959
16544,16545
16545,16544
16545,16546
16546,16545
16546,16547
16547,16546
16547,16548
16548,16547
16548,16550
16550,16548
16550,16551
16551,16550
16551,16552
16552,16551
16552,16553
16553,16552
16553,4788
4788,16553
4788,8155
8155,4788
11875,3228
3228,11875
3228,3226
3226,3228
3226,3225
3225,3226
3225,3224
3224,3225
3224,4100
4100,3224
9948,16495
16495,9948
16497,11879
11879,16497
12117,16781
16781,12117
16781,16821
16821,16781
16821,9106
9106,16821
17301,10598
10598,17301
8320,5692
5692,8320
5692,6120
6120,5692
7151,1323
1323,7151
1323,276
276,1323
276,2230
2230,276
2230,443
443,2230
273,272
272,273
272,114
114,272
114,7774
7774,114
7774,359
359,7774
359,352
352,359
352,9507
9507,352
9507,353
353,9507
353,7918
7918,353
7918,7919
7919,7918
7919,7920
7920,7919
7920,7921
7921,7920
7921,7922
7922,7921
7923,12765
12765,7923
12765,8985
8985,12765
8985,275
275,8985
275,1320
1320,275
1320,7150
7150,1320
2703,1450
1450,2703
1450,2836
2836,1450
2836,5690
5690,2836
7277,13191
13191,7277
9341,9320
9320,9341
9320,200
200,9320
200,199
199,200
199,197
197,199
197,195
195,197
195,9032
9032,195
9032,193
193,9032
193,9946
9946,193
9946,190
190,9946
190,189
189,190
17267,10948
10948,17267
10948,7196
7196,10948
7196,185
185,7196
185,182
182,185
182,180
180,182
180,6295
6295,180
6295,11010
11010,6295
9906,9465
9465,9906
175,178
178,175
178,179
179,178
179,5822
5822,179
5822,181
181,5822
181,184
184,181
184,9026
9026,184
9026,8587
8587,9026
8587,187
187,8587
187,9162
9162,187
8121,191
191,8121
191,7375
7375,191
7375,13183
13183,7375
13183,192
192,13183
192,9035
9035,192
9035,194
194,9035
194,196
196,194
196,198
198,196
198,8615
8615,198
11526,10974
10974,11526
11226,17718
17718,11226
17718,17941
17941,17718
17941,17720
17720,17941
17721,17719
17719,17721
17719,11225
11225,17719
610,11528
11528,610
4800,2328
2328,4800
2328,7213
7213,2328
7213,14141
14141,7213
14141,14142
14142,14141
14142,14157
14157,14142
14157,14161
14161,14157
14161,14136
14136,14161
14136,14140
14140,14136
14140,14138
14138,14140
14138,14166
14166,14138
14166,14162
14162,14166
14162,14164
14164,14162
14164,13895
13895,14164
13895,14277
14277,13895
14277,14148
14148,14277
14148,14146
14146,14148
14146,8165
8165,14146
8165,5710
5710,8165
15148,15020
15020,15148
15020,17326
17326,15020
17326,241
241,17326
241,5713
5713,241
5713,5715
5715,5713
5715,5717
5717,5715
5717,7992
7992,5717
7992,5718
5718,7992
5718,239
239,5718
239,17324
17324,239
17324,5704
5704,17324
5704,5706
5706,5704
5706,5708
5708,5706
5708,15690
15690,5708
15690,15692
15692,15690
15692,13592
13592,15692
5770,7978
7978,5770
7978,15695
15695,7978
15695,15691
15691,15695
15691,5707
5707,15691
5707,5705
5705,5707
5705,5703
5703,5705
5703,7984
7984,5703
7984,5702
5702,7984
5702,238
238,5702
238,7990
7990,238
7990,5716
5716,7990
5716,5714
5714,5716
5714,5712
5712,5714
5712,240
240,5712
240,15743
15743,240
5709,12388
12388,5709
12388,14145
14145,12388
14145,14147
14147,14145
14147,14278
14278,14147
14278,13896
13896,14278
13896,14165
14165,13896
14165,14163
14163,14165
14163,14137
14137,14163
14137,14139
14139,14137
14139,14135
14135,14139
14135,14160
14160,14135
14160,14144
14144,14160
14144,14143
14143,14144
14143,14159
14159,14143
14159,7214
7214,14159
7214,2327
2327,7214
2327,2329
2329,2327
2331,7355
7355,2331
10472,6253
6253,10472
6254,10488
10488,6254
12551,6453
6453,12551
9295,15131
15131,9295
15131,5324
5324,15131
9494,15131
15131,9494
15131,15077
15077,15131
15077,15076
15076,15077
15076,9295
9295,15076
10030,10031
10031,10030
10031,6560
6560,10031
12223,12756
12756,12223
12756,12755
12755,12756
12755,12754
12754,12755
12754,6672
6672,12754
6672,12753
12753,6672
12753,12752
12752,12753
12752,12751
12751,12752
12751,12750
12750,12751
12750,12749
12749,12750
12749,12748
12748,12749
12748,5356
5356,12748
9970,15598
15598,9970
15598,15611
15611,15598
15611,15595
15595,15611
15595,15578
15578,15595
15578,15582
15582,15578
15582,15580
15580,15582
15580,15579
15579,15580
15579,15593
15593,15579
15593,15599
15599,15593
15599,15591
15591,15599
15591,5032
5032,15591
5032,15587
15587,5032
15587,15586
15586,15587
15586,4117
4117,15586
4608,9870
9870,4608
9870,4609
4609,9870
9972,15609
15609,9972
15609,15585
15585,15609
15585,15588
15588,15585
15588,15589
15589,15588
15589,566
566,15589
566,15590
15590,566
15590,15600
15600,15590
15600,15592
15592,15600
15592,15594
15594,15592
15594,15610
15610,15594
15610,15581
15581,15610
15581,15583
15583,15581
15583,15584
15584,15583
15584,15596
15596,15584
15596,15597
15597,15596
15597,4822
4822,15597
5355,12737
12737,5355
12737,12739
12739,12737
12739,12740
12740,12739
12740,12741
12741,12740
12741,12742
12742,12741
12742,12743
12743,12742
12743,12744
12744,12743
12744,6670
6670,12744
6670,16774
16774,6670
16774,12745
12745,16774
12745,12746
12746,12745
12746,12747
12747,12746
12747,6558
6558,12747
6559,5162
5162,6559
10433,10239
10239,10433
10239,1962
1962,10239
1962,1857
1857,1962
1857,1859
1859,1857
1859,1950
1950,1859
1950,3232
3232,1950
3629,13147
13147,3629
9587,1870
1870,9587
17052,1942
1942,17052
1942,1860
1860,1942
1860,1858
1858,1860
1858,1856
1856,1858
1856,10437
10437,1856
10437,7495
7495,10437
15083,4007
4007,15083
4007,4006
4006,4007
4006,4004
4004,4006
4004,14944
14944,4004
14944,1524
1524,14944
10400,7783
7783,10400
11140,17864
17864,11140
17864,15416
15416,17864
15416,15559
15559,15416
15559,15561
15561,15559
15561,15130
15130,15561
15130,13190
13190,15130
13190,13702
13702,13190
13702,13703
13703,13702
13703,10744
10744,13703
4029,4130
4130,4029
1411,17777
17777,1411
17694,13192
13192,17694
13192,17775
17775,13192
17775,13194
13194,17775
13194,13195
13195,13194
13195,13197
13197,13195
13197,13200
13200,13197
13200,13201
13201,13200
13201,13202
13202,13201
13202,13198
13198,13202
13198,13196
13196,13198
13196,13193
13193,13196
13193,17654
17654,13193
17654,15843
15843,17654
1495,17071
17071,1495
9153,13699
13699,9153
13699,13701
13701,13699
13701,13188
13188,13701
13188,13189
13189,13188
13189,13672
13672,13189
13672,15558
15558,13672
15558,15417
15417,15558
15417,17863
17863,15417
17863,11136
11136,17863
11141,1522
1522,11141
1477,13099
13099,1477
13099,13100
13100,13099
13100,4005
4005,13100
4005,4008
4008,4005
4008,12708
12708,4008
12708,12558
12558,12708
11688,2849
2849,11688
2849,2972
2972,2849
2972,9292
9292,2972
9292,2851
2851,9292
2851,2855
2855,2851
2855,2857
2857,2855
2857,2859
2859,2857
2859,7051
7051,2859
7051,2861
2861,7051
12332,2860
2860,12332
2860,7050
7050,2860
7050,2858
2858,7050
2858,2856
2856,2858
2856,2854
2854,2856
2854,2853
2853,2854
2853,7772
7772,2853
9284,2973
2973,9284
2973,2850
2850,2973
2850,11687
11687,2850
14359,13243
13243,14359
13243,9439
9439,13243
9439,7824
7824,9439
7820,12696
12696,7820
17068,6768
6768,17068
6760,6758
6758,6760
6756,6754
6754,6756
6754,11930
11930,6754
4025,6750
6750,4025
6750,11286
11286,6750
11353,11354
11354,11353
11779,5395
5395,11779
10633,4020
4020,10633
87,6752
6752,87
6752,6753
6753,6752
6753,6755
6755,6753
6757,6759
6759,6757
6767,202
202,6767
5529,11760
11760,5529
11760,7821
7821,11760
7825,9421
9421,7825
9421,13251
13251,9421
13251,14384
14384,13251
10802,17830
17830,10802
17830,14415
14415,17830
8367,8370
8370,8367
8639,6550
6550,8639
6550,6533
6533,6550
6533,1245
1245,6533
1245,1247
1247,1245
1247,6552
6552,1247
6552,6554
6554,6552
6554,6555
6555,6554
6555,9511
9511,6555
9511,9994
9994,9511
9994,9484
9484,9994
9484,9729
9729,9484
9729,9730
9730,9729
9730,7059
7059,9730
7059,9731
9731,7059
9731,5935
5935,9731
5935,9732
9732,5935
9732,9734
9734,9732
9734,9735
9735,9734
9735,9483
9483,9735
9483,9733
9733,9483
9733,6556
6556,9733
6556,6553
6553,6556
6553,1270
1270,6553
1270,1246
1246,1270
1246,1243
1243,1246
1243,6551
6551,1243
6551,6549
6549,6551
6549,1242
1242,6549
1242,3326
3326,1242
15678,9282
9282,15678
9282,15423
15423,9282
6191,6192
6192,6191
6197,14317
14317,6197
14317,6199
6199,14317
6199,11252
11252,6199
10993,11258
11258,10993
11258,7861
7861,11258
7861,8221
8221,7861
8221,8448
8448,8221
8448,17534
17534,8448
17534,6200
6200,17534
6200,1864
1864,6200
1864,11259
11259,1864
11259,11794
11794,11259
12405,14169
14169,12405
14169,16735
16735,14169
17302,14168
14168,17302
14168,12406
12406,14168
9936,11362
11362,9936
11362,14492
14492,11362
14492,2515
2515,14492
2515,13261
13261,2515
13261,17535
17535,13261
17535,17533
17533,17535
17533,11581
11581,17533
11581,8450
8450,11581
8450,8447
8447,8450
8447,8812
8812,8447
8812,11255
11255,8812
11255,8157
8157,11255
11253,14313
14313,11253
6190,6188
6188,6190
9793,8379
8379,9793
6748,6527
6527,6748
6635,10139
10139,6635
881,7856
7856,881
9961,10497
10497,9961
10497,5654
5654,10497
11652,5827
5827,11652
5839,6208
6208,5839
1505,17390
17390,1505
17581,17847
17847,17581
17847,14827
14827,17847
15576,6297
6297,15576
6297,1503
1503,6297
11481,6209
6209,11481
6209,5833
5833,6209
5826,6283
6283,5826
6283,11646
11646,6283
11653,11654
11654,11653
10382,10488
10488,10382
12551,5875
5875,12551
13537,6929
6929,13537
7431,12236
12236,7431
8717,4272
4272,8717
4272,4274
4274,4272
4274,4276
4276,4274
4276,5986
5986,4276
5986,4278
4278,5986
4278,6165
6165,4278
6165,8217
8217,6165
8218,8216
8216,8218
8216,4281
4281,8216
4281,6166
6166,4281
6166,4279
4279,6166
4279,5987
5987,4279
5987,4277
4277,5987
4277,4275
4275,4277
4275,4273
4273,4275
4273,6001
6001,4273
5999,13686
13686,5999
17285,8687
8687,17285
4325,12843
12843,4325
12843,17785
17785,12843
17785,12242
12242,17785
12242,7546
7546,12242
12987,12639
12639,12987
12639,14273
14273,12639
14273,14117
14117,14273
14117,14420
14420,14117
14420,13735
13735,14420
13735,15295
15295,13735
5986,13343
13343,5986
13343,13346
13346,13343
13346,13348
13348,13346
13348,13350
13350,13348
13350,13529
13529,13350
14275,13351
13351,14275
13351,13349
13349,13351
13349,13345
13345,13349
13345,13344
13344,13345
13344,5987
5987,13344
6073,13736
13736,6073
13736,14421
14421,13736
14421,14116
14116,14421
14116,14274
14274,14116
14274,14347
14347,14274
14347,5504
5504,14347
7557,17759
17759,7557
17759,17785
17785,17759
17785,17760
17760,17785
17760,4323
4323,17760
14574,8686
8686,14574
13744,708
708,13744
6431,15247
15247,6431
15247,662
662,15247
707,1175
1175,707
17884,17144
17144,17884
17144,14564
14564,17144
14564,14565
14565,14564
14565,14566
14566,14565
14566,14567
14567,14566
14567,15817
15817,14567
15817,13049
13049,15817
13049,15818
15818,13049
15818,3737
3737,15818
3741,7386
7386,3741
7386,4791
4791,7386
4791,4793
4793,4791
4793,4795
4795,4793
4795,14716
14716,4795
14716,14699
14699,14716
14700,14204
14204,14700
14204,4794
4794,14204
4794,4792
4792,4794
4792,4790
4790,4792
4790,7385
7385,4790
7385,3742
3742,7385
3738,15819
15819,3738
15819,13050
13050,15819
13050,15820
15820,13050
15820,13051
13051,15820
13051,12387
12387,13051
12387,15003
15003,12387
15003,14568
14568,15003
14568,14569
14569,14568
14569,14570
14570,14569
14570,7091
7091,14570
7091,17550
17550,7091
17550,2786
2786,17550
14106,14108
14108,14106
14108,14109
14109,14108
14109,14112
14112,14109
14112,14115
14115,14112
14115,12881
12881,14115
12881,16763
16763,12881
16763,16761
16761,16763
16761,16759
16759,16761
16759,16757
16757,16759
16757,12869
12869,16757
12869,12878
12878,12869
12878,12879
12879,12878
12879,7008
7008,12879
7008,7009
7009,7008
7009,7011
7011,7009
7011,7013
7013,7011
7013,1438
1438,7013
1438,12160
12160,1438
12160,12161
12161,12160
12161,12162
12162,12161
12162,12163
12163,12162
12163,13207
13207,12163
13207,13208
13208,13207
13208,13209
13209,13208
13209,13210
13210,13209
13210,12732
12732,13210
12732,12733
12733,12732
12733,12734
12734,12733
12734,12735
12735,12734
12735,12736
12736,12735
12736,3523
3523,12736
9995,12727
12727,9995
12727,12728
12728,12727
12728,12729
12729,12728
12729,12730
12730,12729
12730,12731
12731,12730
12731,13211
13211,12731
13211,13212
13212,13211
13212,13213
13213,13212
13213,13214
13214,13213
13214,12156
12156,13214
12156,12198
12198,12156
12198,12157
12157,12198
12157,12159
12159,12157
12159,1431
1431,12159
1431,7014
7014,1431
7014,7012
7012,7014
7012,7010
7010,7012
7010,17305
17305,7010
17305,12880
12880,17305
12880,12877
12877,12880
12877,12870
12870,12877
12870,16756
16756,12870
16756,16758
16758,16756
16758,16760
16760,16758
16760,16762
16762,16760
16762,12882
12882,16762
12882,14114
14114,12882
14114,14111
14111,14114
14111,14110
14110,14111
14110,14107
14107,14110
12166,12167
12167,12166
12167,10088
10088,12167
10088,12169
12169,10088
12169,12172
12172,12169
12172,12173
12173,12172
12173,12174
12174,12173
12174,9345
9345,12174
4609,17223
17223,4609
17223,17222
17222,17223
17222,17224
17224,17222
17224,17227
17227,17224
17227,3859
3859,17227
4235,3870
3870,4235
12868,12946
12946,12868
12946,8818
8818,12946
8818,12590
12590,8818
12590,12592
12592,12590
12592,12593
12593,12592
12593,12594
12594,12593
12594,12599
12599,12594
12641,12597
12597,12641
12597,12598
12598,12597
12598,12595
12595,12598
12595,12596
12596,12595
12596,12621
12621,12596
12621,6223
6223,12621
6223,12947
12947,6223
3871,5563
5563,3871
3858,17226
17226,3858
17226,17225
17225,17226
17225,17228
17228,17225
17228,17229
17229,17228
17229,17234
17234,17229
17234,4608
4608,17234
760,12164
12164,760
12164,12165
12165,12164
12165,12238
12238,12165
12238,10087
10087,12238
10087,10086
10086,10087
10086,12166
12166,10086
17288,12865
12865,17288
12865,12866
12866,12865
12866,12861
12861,12866
12861,12863
12863,12861
12863,5522
5522,12863
10853,5620
5620,10853
5620,3543
3543,5620
3543,3545
3545,3543
3545,12850
12850,3545
12850,12852
12852,12850
12852,12854
12854,12852
12854,12855
12855,12854
12855,12858
12858,12855
12858,5091
5091,12858
4493,14093
14093,4493
14093,14089
14089,14093
14089,14086
14086,14089
14086,14228
14228,14086
14228,14083
14083,14228
14083,14082
14082,14083
14082,14078
14078,14082
14078,14077
14077,14078
14077,14075
14075,14077
14075,15127
15127,14075
15127,10035
10035,15127
17174,14074
14074,17174
14074,14076
14076,14074
14076,14079
14079,14076
14079,14080
14080,14079
14080,14084
14084,14080
14084,14085
14085,14084
14085,14087
14087,14085
14087,14088
14088,14087
14088,14090
14090,14088
14090,14092
14092,14090
14092,4492
4492,14092
1880,12857
12857,1880
12857,12856
12856,12857
12856,12853
12853,12856
12853,12851
12851,12853
12851,9316
9316,12851
9316,3544
3544,9316
3544,5619
5619,3544
5619,12859
12859,5619
12859,13244
13244,12859
10848,12862
12862,10848
12862,12860
12860,12862
12860,12864
12864,12860
12864,5096
5096,12864
11416,6099
6099,11416
6099,5684
5684,6099
7437,1329
1329,7437
1326,837
837,1326
837,17359
17359,837
17359,848
848,17359
848,847
847,848
844,884
884,844
9163,1566
1566,9163
5869,9143
9143,5869
885,845
845,885
851,1327
1327,851
1328,6250
6250,1328
17271,6267
6267,17271
7290,7292
7292,7290
7292,7294
7294,7292
7294,10324
10324,7294
10316,3452
3452,10316
3452,12899
12899,3452
12899,12900
12900,12899
12900,12204
12204,12900
12204,6531
6531,12204
973,3512
3512,973
3512,3514
3514,3512
3514,3516
3516,3514
3516,3519
3519,3516
3519,3521
3521,3519
3521,12054
12054,3521
3526,14119
14119,3526
14119,14120
14120,14119
14120,12098
12098,14120
12098,12096
12096,12098
12096,12095
12095,12096
12095,3537
3537,12095
10830,14066
14066,10830
14066,14067
14067,14066
14067,14068
14068,14067
14068,3543
3543,14068
3545,12010
12010,3545
12010,8959
8959,12010
8959,8060
8060,8959
3555,14070
14070,3555
14070,14072
14072,14070
14072,14402
14402,14072
14381,14073
14073,14381
14073,14069
14069,14073
14069,3556
3556,14069
1727,1726
1726,1727
1726,12009
12009,1726
12009,9316
9316,12009
3544,14063
14063,3544
14063,14064
14064,14063
14064,14065
14065,14064
14065,10842
10842,14065
15674,12094
12094,15674
12094,12097
12097,12094
12097,12150
12150,12097
12150,14118
14118,12150
14118,14121
14121,14118
14121,3527
3527,14121
3523,12055
12055,3523
12055,3522
3522,12055
3522,3520
3520,3522
3520,3517
3517,3520
3517,3515
3515,3517
3515,3513
3513,3515
3513,7630
7630,3513
972,14122
14122,972
14122,14124
14124,14122
14124,14123
14123,14124
14123,3451
3451,14123
3451,10317
10317,3451
10323,7293
7293,10323
7293,7291
7291,7293
7291,7289
7289,7291
3979,2508
2508,3979
2508,1605
1605,2508
1605,2510
2510,1605
2510,15747
15747,2510
15747,11079
11079,15747
1433,15384
15384,1433
15384,1432
1432,15384
11080,7828
7828,11080
7828,2509
2509,7828
2509,1604
1604,2509
1604,2507
2507,1604
2507,8785
8785,2507
7042,4619
4619,7042
689,10113
10113,689
10113,690
690,10113
690,8046
8046,690
8046,4658
4658,8046
4658,4660
4660,4658
4660,14572
14572,4660
14572,4662
4662,14572
4662,4664
4664,4662
4664,677
677,4664
677,4125
4125,677
4125,7956
7956,4125
7956,10126
10126,7956
10126,5895
5895,10126
5895,10128
10128,5895
10128,10129
10129,10128
10129,4680
4680,10129
4680,1451
1451,4680
5080,12889
12889,5080
12889,12891
12891,12889
12891,12893
12893,12891
12893,12896
12896,12893
12896,1360
1360,12896
5104,12883
12883,5104
12883,12885
12885,12883
12885,12905
12905,12885
12905,12887
12887,12905
12887,8746
8746,12887
8746,3556
3556,8746
5097,10406
10406,5097
3541,13244
13244,3541
10853,3542
3542,10853
5644,12791
12791,5644
3555,12888
12888,3555
12888,12886
12886,12888
12886,12884
12884,12886
12884,5103
5103,12884
1359,12895
12895,1359
12895,12894
12894,12895
12894,12892
12892,12894
12892,12890
12890,12892
12890,5079
5079,12890
4676,10127
10127,4676
10127,7056
7056,10127
7056,4679
4679,7056
4679,4136
4136,4679
4136,4123
4123,4136
4123,9527
9527,4123
9527,10125
10125,9527
10125,7957
7957,10125
7957,4124
4124,7957
4124,678
678,4124
678,4663
4663,678
4663,4661
4661,4663
4661,4659
4659,4661
4659,10118
10118,4659
10118,4657
4657,10118
4657,4656
4656,4657
4656,121
121,4656
121,689
689,121
10113,1319
1319,10113
156,10204
10204,156
10204,157
157,10204
8750,15190
15190,8750
15190,15192
15192,15190
15192,15194
15194,15192
15194,15268
15268,15194
15268,6083
6083,15268
6083,6085
6085,6083
6085,5830
5830,6085
5830,12417
12417,5830
12417,6626
6626,12417
6626,5465
5465,6626
5575,13133
13133,5575
13133,13134
13134,13133
13134,13135
13135,13134
13135,13136
13136,13135
13136,14788
14788,13136
14788,13137
13137,14788
13137,14789
14789,13137
14789,13138
13138,14789
13138,14668
14668,13138
14668,13139
13139,14668
13139,13140
13140,13139
13140,5146
5146,13140
6223,12950
12950,6223
15698,13133
13133,15698
13140,5576
5576,13140
5137,9307
9307,5137
9307,12418
12418,9307
12418,5831
5831,12418
5831,6086
6086,5831
6086,6084
6084,6086
6084,15197
15197,6084
15197,15195
15195,15197
15195,15193
15193,15195
15193,15191
15191,15193
15191,6422
6422,15191
654,6423
6423,654
11255,5877
5877,11255
6941,13923
13923,6941
13923,13924
13924,13923
13924,13925
13925,13924
13925,14310
14310,13925
9634,9819
9819,9634
9819,11299
11299,9819
10926,11678
11678,10926
11475,13928
13928,11475
13928,13929
13929,13928
13929,13930
13930,13929
13930,13931
13931,13930
13931,3192
3192,13931
3192,17843
17843,3192
17843,17584
17584,17843
17584,17756
17756,17584
17756,17609
17609,17756
17844,14709
14709,17844
14709,14829
14829,14709
14829,13935
13935,14829
13935,13934
13934,13935
13934,13933
13933,13934
13933,13932
13932,13933
13932,16984
16984,13932
11680,13937
13937,11680
13937,13936
13936,13937
13936,13530
13530,13936
13530,8073
8073,13530
8073,14317
14317,8073
14317,13926
13926,14317
13926,13927
13927,13926
13927,6791
6791,13927
6266,11258
11258,6266
15614,16582
16582,15614
16582,14625
14625,16582
14625,14626
14626,14625
14626,14627
14627,14626
14627,14628
14628,14627
14628,14629
14629,14628
14629,6826
6826,14629
7359,9529
9529,7359
11771,8186
8186,11771
15871,11768
11768,15871
7680,7358
7358,7680
6820,5583
5583,6820
5583,14621
14621,5583
14621,14622
14622,14621
14622,14623
14623,14622
14623,14624
14624,14623
14624,16580
16580,14624
16580,15615
15615,16580
7295,7293
7293,7295
7289,7287
7287,7289
7287,5235
5235,7287
5235,7285
7285,5235
7285,7283
7283,7285
7283,7281
7281,7283
7281,7280
7280,7281
7280,7279
7279,7280
17589,13879
13879,17589
1236,1237
1237,1236
1237,7282
7282,1237
7282,7284
7284,7282
7284,7286
7286,7284
7286,5238
5238,7286
5238,7288
7288,5238
7288,7290
7290,7288
7294,7296
7296,7294
15860,16010
16010,15860
16010,16011
16011,16010
16011,16012
16012,16011
16012,11735
11735,16012
11735,16013
16013,11735
16013,16847
16847,16013
16847,16014
16014,16847
16014,16015
16015,16014
16015,5968
5968,16015
5968,4831
4831,5968
4831,4833
4833,4831
4833,5955
5955,4833
12640,2078
2078,12640
2078,2080
2080,2078
2080,2083
2083,2080
2083,2085
2085,2083
8483,12343
12343,8483
12343,2110
2110,12343
2110,2112
2112,2110
2112,2114
2114,2112
2114,5759
5759,2114
5759,16017
16017,5759
16017,16018
16018,16017
16018,16019
16019,16018
16019,4196
4196,16019
4199,4202
4202,4199
4197,16020
16020,4197
16020,16021
16021,16020
16021,16022
16022,16021
16022,14321
14321,16022
14321,2113
2113,14321
2113,2111
2111,2113
2111,2109
2109,2111
2109,12395
12395,2109
12395,1721
1721,12395
1721,2084
2084,1721
2084,2082
2082,2084
2082,2079
2079,2082
2079,13678
13678,2079
13678,9951
9951,13678
1181,4832
4832,1181
4832,4830
4830,4832
4830,16023
16023,4830
16023,16783
16783,16023
16783,16784
16784,16783
16784,15145
15145,16784
15145,16024
16024,15145
16024,16025
16025,16024
16025,16572
16572,16025
4255,14470
14470,4255
4254,7914
7914,4254
4289,4287
4287,4289
9785,4180
4180,9785
4180,17253
17253,4180
4230,4286
4286,4230
4286,4284
4284,4286
4284,5432
5432,4284
5432,4282
4282,5432
4282,8980
8980,4282
8980,4283
4283,8980
4283,5431
5431,4283
5431,4285
4285,5431
4285,7907
7907,4285
7907,1471
1471,7907
17220,17087
17087,17220
17087,9784
9784,17087
4036,1603
1603,4036
6836,9081
9081,6836
9081,9082
9082,9081
9082,9083
9083,9082
9083,15204
15204,9083
15204,9084
9084,15204
9084,9085
9085,9084
9085,4255
4255,9085
14792,15962
15962,14792
15962,15963
15963,15962
15963,15964
15964,15963
15964,2106
2106,15964
15862,15965
15965,15862
15965,16805
16805,15965
16805,15966
15966,16805
15966,15967
15967,15966
15967,8329
8329,15967
8329,13334
13334,8329
13334,13332
13332,13334
13332,13331
13331,13332
13331,13330
13330,13331
13330,11723
11723,13330
4681,15008
15008,4681
17747,15631
15631,17747
15631,16564
16564,15631
16564,11986
11986,16564
11986,5560
5560,11986
5560,17013
17013,5560
17013,14730
14730,17013
14731,9772
9772,14731
9772,7475
7475,9772
7475,5561
5561,7475
5561,16565
16565,5561
16565,12963
12963,16565
12963,15630
15630,12963
15630,17748
17748,15630
15007,17682
17682,15007
17088,13338
13338,17088
13338,13337
13337,13338
13337,13336
13336,13337
13336,13335
13335,13336
13335,8330
8330,13335
8330,15968
15968,8330
15968,16804
16804,15968
16804,15969
15969,16804
15969,15970
15970,15969
15970,15865
15865,15970
1018,12516
12516,1018
12516,15971
15971,12516
15971,15973
15973,15971
15973,15974
15974,15973
15974,15707
15707,15974
15707,16051
16051,15707
16051,16052
16052,16051
16052,14792
14792,16052
17754,17773
17773,17754
17773,6982
6982,17773
3475,4507
4507,3475
9261,13750
13750,9261
13750,13751
13751,13750
13751,13753
13753,13751
13753,3573
3573,13753
2144,14243
14243,2144
14243,14245
14245,14243
14245,14247
14247,14245
14247,14249
14249,14247
14249,14251
14251,14249
14251,14254
14254,14251
14254,14256
14256,14254
14256,14258
14258,14256
14258,4500
4500,14258
4498,8059
8059,4498
8059,13319
13319,8059
13319,13317
13317,13319
13317,7008
7008,13317
7013,17116
17116,7013
5086,13313
13313,5086
13313,13314
13314,13313
13314,13312
13312,13314
13312,13326
13326,13312
13326,12892
12892,13326
12890,13677
13677,12890
13677,13325
13325,13677
13325,14487
14487,13325
14487,13324
13324,14487
13324,13844
13844,13324
13844,13323
13323,13844
13323,13743
13743,13323
13743,1626
1626,13743
5489,13339
13339,5489
13339,14341
14341,13339
14341,13327
13327,14341
13327,13328
13328,13327
13328,14329
14329,13328
14329,13329
13329,14329
13329,12889
12889,13329
12891,13321
13321,12891
13321,13311
13311,13321
13311,13315
13315,13311
13315,13316
13316,13315
13316,5088
5088,13316
5618,7014
7014,5618
17305,13318
13318,17305
13318,13320
13320,13318
13320,13612
13612,13320
13612,1726
1726,13612
1726,4499
4499,1726
4499,14257
14257,4499
14257,14255
14255,14257
14255,14253
14253,14255
14253,14250
14250,14253
14250,14248
14248,14250
14248,14246
14246,14248
14246,14244
14244,14246
14244,14259
14259,14244
14259,2146
2146,14259
2146,13754
13754,2146
13754,13752
13752,13754
13752,14291
14291,13752
14291,13749
13749,14291
13749,4510
4510,13749
5124,3474
3474,5124
3482,17761
17761,3482
11801,11773
11773,11801
4854,5493
5493,4854
5493,2078
2078,5493
2080,7615
7615,2080
7615,7613
7613,7615
7613,7611
7611,7613
7611,7609
7609,7611
7609,7836
7836,7609
7836,7835
7835,7836
7835,7833
7833,7835
7833,7885
7885,7833
7885,4842
4842,7885
7849,12829
12829,7849
12829,12701
12701,12829
12701,12830
12830,12701
12830,11990
11990,12830
4841,7830
7830,4841
7830,7832
7832,7830
7832,7834
7834,7832
7834,12876
12876,7834
12876,7610
7610,12876
7610,7612
7612,7610
7612,7614
7614,7612
7614,16609
16609,7614
16609,13678
13678,16609
13678,7943
7943,13678
7943,4855
4855,7943
4859,11801
11801,4859
8686,5728
5728,8686
5728,4147
4147,5728
4147,4149
4149,4147
4149,4151
4151,4149
4151,4818
4818,4151
4818,5212
5212,4818
13686,6000
6000,13686
6000,11336
11336,6000
11336,4040
4040,11336
4040,4042
4042,4040
4042,4044
4044,4042
4044,5467
5467,4044
5467,11335
11335,5467
11335,13358
13358,11335
13358,15228
15228,13358
15228,13355
13355,15228
13355,15248
15248,13355
15248,13353
13353,15248
13353,13350
13350,13353
13349,13352
13352,13349
13352,15249
15249,13352
15249,13354
13354,15249
13354,13356
13356,13354
13356,13357
13357,13356
13357,13359
13359,13357
13359,5781
5781,13359
5781,5466
5466,5781
5466,4045
4045,5466
4045,4041
4041,4045
4041,4039
4039,4041
4039,6001
6001,4039
13686,8717
8717,13686
4153,4152
4152,4153
4152,4817
4817,4152
4817,4150
4150,4817
4150,4148
4148,4150
4148,4146
4146,4148
4146,17285
17285,4146
14837,15920
15920,14837
15920,17065
17065,15920
2733,5496
5496,2733
2810,10262
10262,2810
10262,9412
9412,10262
9412,9414
9414,9412
9414,9416
9416,9414
9416,12992
12992,9416
12992,12993
12993,12992
12993,12994
12994,12993
12994,12995
12995,12994
12995,12996
12996,12995
12996,10519
10519,12996
2279,8496
8496,2279
8496,8487
8487,8496
8487,8488
8488,8487
8488,8490
8490,8488
8490,8491
8491,8490
8491,8494
8494,8491
8494,15080
15080,8494
15080,6107
6107,15080
6107,6108
6108,6107
6108,6111
6111,6108
6111,6113
6113,6111
6113,6115
6115,6113
6115,6117
6117,6115
6117,11963
11963,6117
11963,11962
11962,11963
11962,11964
11964,11962
11964,10246
10246,11964
13999,17260
17260,13999
14612,17259
17259,14612
17259,13219
13219,17259
14793,9628
9628,14793
9628,9857
9857,9628
9857,6116
6116,9857
6116,6114
6114,6116
6114,6112
6112,6114
6112,6110
6110,6112
6110,6109
6109,6110
6109,17011
17011,6109
17011,8493
8493,17011
8493,8492
8492,8493
8492,8489
8489,8492
8489,17325
17325,8489
17325,8486
8486,17325
8486,8495
8495,8486
8495,2278
2278,8495
10517,9449
9449,10517
9449,9418
9418,9449
9418,9419
9419,9418
9419,9420
9420,9419
9420,9426
9426,9420
9426,9417
9417,9426
9417,9415
9415,9417
9415,9413
9413,9415
9413,3629
3629,9413
9582,7948
7948,9582
11641,14837
14837,11641
15633,14030
14030,15633
14030,15045
15045,14030
15045,10522
10522,15045
10522,16596
16596,10522
16596,10523
10523,16596
10523,10971
10971,10523
10971,16594
16594,10971
16594,16592
16592,16594
16592,16591
16591,16592
14768,10524
10524,14768
10524,16593
16593,10524
16593,10972
10972,16593
10972,16595
16595,10972
16595,16597
16597,16595
16597,16598
16598,16597
16598,12911
12911,16598
12911,5386
5386,12911
4234,9552
9552,4234
9552,5334
5334,9552
5334,15182
15182,5334
15182,5150
5150,15182
5150,5152
5152,5150
5152,5154
5154,5152
5154,5156
5156,5154
5156,5158
5158,5156
5159,5157
5157,5159
5157,5155
5155,5157
5155,5153
5153,5155
5153,5151
5151,5153
5151,14769
14769,5151
14769,5333
5333,14769
5333,9553
9553,5333
8674,16571
16571,8674
14732,9772
9772,14732
11575,14696
14696,11575
14696,11987
11987,14696
11987,16564
16564,11987
11986,14561
14561,11986
14561,15845
15845,14561
15845,12520
12520,15845
12520,15847
15847,12520
15847,16604
16604,15847
16604,15850
15850,16604
15850,15852
15852,15850
15852,9600
9600,15852
12981,8622
8622,12981
11524,11535
11535,11524
11538,10950
10950,11538
11526,12974
12974,11526
12974,12975
12975,12974
12975,12976
12976,12975
9601,15851
15851,9601
15851,15849
15849,15851
15849,15857
15857,15849
15857,15848
15848,15857
15848,12514
12514,15848
12514,15846
15846,12514
15846,14560
14560,15846
14560,15844
15844,14560
15844,16565
16565,15844
12963,12956
12956,12963
12956,14696
14696,12956
14696,11988
11988,14696
11988,14730
14730,11988
710,16270
16270,710
16270,16271
16271,16270
16271,16273
16273,16271
16273,16275
16275,16273
16275,16277
16277,16275
16277,16279
16279,16277
16279,16281
16281,16279
16281,16144
16144,16281
16146,16283
16283,16146
16283,16286
16286,16283
16286,16288
16288,16286
16288,16290
16290,16288
16290,15937
15937,16290
15937,198
198,15937
198,14619
14619,198
3154,13379
13379,3154
13379,16292
16292,13379
16292,16771
16771,16292
16771,16294
16294,16771
16294,16296
16296,16294
16296,16298
16298,16296
16298,16300
16300,16298
16300,15938
15938,16300
15938,7404
7404,15938
7404,3146
3146,7404
3146,16302
16302,3146
16302,16301
16301,16302
16301,16299
16299,16301
16299,16297
16297,16299
16297,16295
16295,16297
16295,16293
16293,16295
16293,16705
16705,16293
16705,15939
15939,16705
15939,13380
13380,15939
13380,3155
3155,13380
3162,9320
9320,3162
199,16291
16291,199
16291,16289
16289,16291
16289,16287
16287,16289
16287,16285
16285,16287
16285,16282
16282,16285
16282,16280
16280,16282
16280,16278
16278,16280
16278,16143
16143,16278
16143,16276
16276,16143
16276,15940
15940,16276
15940,8082
8082,15940
8082,16274
16274,8082
16274,16272
16272,16274
16272,15941
15941,16272
15941,4585
4585,15941
1903,10327
10327,1903
1896,258
258,1896
9118,666
666,9118
259,1897
1897,259
1897,1594
1594,1897
5172,5184
5184,5172
5185,5173
5173,5185
13109,14462
14462,13109
14462,14463
14463,14462
14463,14464
14464,14463
14464,13107
13107,14464
4461,13499
13499,4461
13499,13504
13504,13499
13504,17498
17498,13504
17498,17781
17781,17498
17781,17779
17779,17781
17779,13727
13727,17779
13727,13621
13621,13727
13621,13747
13747,13621
13747,4467
4467,13747
4467,13675
13675,4467
13675,13609
13609,13675
13609,13593
13593,13609
13593,13600
13600,13593
13600,13700
13700,13600
13700,13692
13692,13700
13692,10202
10202,13692
4476,13092
13092,4476
13092,14029
14029,13092
12065,4924
4924,12065
7362,13642
13642,7362
13642,13591
13591,13642
13591,13604
13604,13591
13604,13618
13618,13604
13618,15675
15675,13618
15675,13658
13658,15675
13658,13656
13656,13658
13656,1176
1176,13656
1176,13711
13711,1176
13711,13740
13740,13711
13740,13632
13632,13740
13632,17786
17786,13632
17786,17782
17782,17786
17782,17778
17778,17782
17778,13505
13505,17778
13505,13490
13490,13505
13490,4462
4462,13490
4459,14923
14923,4459
13112,14466
14466,13112
14466,14465
14465,14466
14465,14467
14467,14465
14467,13110
13110,14467
13110,15689
15689,13110
9895,10240
10240,9895
1256,7278
7278,1256
7278,1196
1196,7278
1196,9272
9272,1196
9272,8440
8440,9272
8440,8441
8441,8440
8441,6638
6638,8441
5697,13001
13001,5697
13001,13598
13598,13001
13014,9559
9559,13014
9559,9558
9558,9559
9558,9577
9577,9558
9577,9570
9570,9577
9570,9571
9571,9570
9571,9572
9572,9571
9572,9573
9573,9572
9573,9626
9626,9573
9626,6783
6783,9626
6783,9423
9423,6783
9423,6445
6445,9423
17798,11260
11260,17798
11260,1852
1852,11260
1852,8801
8801,1852
8801,17540
17540,8801
17540,6452
6452,17540
6452,5748
5748,6452
5748,11257
11257,5748
11257,4236
4236,11257
4236,8363
8363,4236
10391,15342
15342,10391
15342,4229
4229,15342
4229,11256
11256,4229
11256,5739
5739,11256
5739,6451
6451,5739
6451,6450
6450,6451
6450,1864
1864,6450
11259,17539
17539,11259
6444,9551
9551,6444
9551,6782
6782,9551
6782,10010
10010,6782
10010,9574
9574,10010
9574,9575
9575,9574
9575,9576
9576,9575
9576,10016
10016,9576
10016,9548
9548,10016
9548,9578
9578,9548
9578,9557
9557,9578
9557,13015
13015,9557
13599,13000
13000,13599
6637,8439
8439,6637
8439,9273
9273,8439
9273,1197
1197,9273
1197,8442
8442,1197
8442,9979
9979,8442
10243,12236
12236,10243
1132,16125
16125,1132
16125,7813
7813,16125
3422,14056
14056,3422
14056,14047
14047,14056
14047,14046
14046,14047
14046,14044
14044,14046
14044,12069
12069,14044
2057,11904
11904,2057
11895,14037
14037,11895
14037,15062
15062,14037
15062,14040
14040,15062
14040,14042
14042,14040
14042,5545
5545,14042
5545,14933
14933,5545
14933,14936
14936,14933
7219,14150
14150,7219
14150,14051
14051,14150
14051,14053
14053,14051
14053,6634
6634,14053
2201,17873
17873,2201
17873,15163
15163,17873
15164,15161
15161,15164
15161,2200
2200,15161
17070,14052
14052,17070
14052,14049
14049,14052
14049,14149
14149,14049
14149,7228
7228,14149
14939,14935
14935,14939
14935,16137
16137,14935
16137,9940
9940,16137
11856,14043
14043,11856
14043,14041
14041,14043
14041,14173
14173,14041
14173,14038
14038,14173
14038,11894
11894,14038
11905,2057
2057,11905
2057,14557
14557,2057
2055,14054
14054,2055
14054,14045
14045,14054
14045,14055
14055,14045
14055,14048
14048,14055
14048,14057
14057,14048
14057,12124
12124,14057
7812,16159
16159,7812
16159,7131
7131,16159
17553,17554
17554,17553
9949,9199
9199,9949
9199,4097
4097,9199
3223,12772
12772,3223
12772,12774
12774,12772
12774,11868
11868,12774
4961,12767
12767,4961
12767,11862
11862,12767
11857,15488
15488,11857
15488,11858
11858,15488
11379,12767
12767,11379
12767,4960
4960,12767
11867,12773
12773,11867
12773,12771
12771,12773
12771,16806
16806,12771
16806,3224
3224,16806
4098,9199
9199,4098
6608,11882
11882,6608
7215,4802
4802,7215
4087,16084
16084,4087
16084,11133
11133,16084
11133,16076
16076,11133
16076,16078
16078,16076
16078,16080
16080,16078
16080,16555
16555,16080
16555,15033
15033,16555
659,16082
16082,659
16082,11129
11129,16082
9949,16086
16086,9949
16086,16092
16092,16086
16092,16093
16093,16092
16093,16094
16094,16093
16094,16102
16102,16094
16102,16095
16095,16102
16095,16097
16097,16095
16097,16088
16088,16097
16088,16090
16090,16088
16090,16101
16101,16090
16101,16098
16098,16101
16098,16557
16557,16098
16557,12214
12214,16557
3832,16100
16100,3832
16100,16103
16103,16100
16103,16099
16099,16103
16099,16093
16093,16099
16097,16096
16096,16097
16096,9950
9950,16096
11882,4085
4085,11882
12431,16087
16087,12431
16087,16085
16085,16087
16085,12390
12390,16085
11139,16083
16083,11139
16083,16081
16081,16083
16081,16079
16079,16081
16079,16077
16077,16079
16077,16089
16089,16077
16089,16091
16091,16089
16091,4090
4090,16091
4801,7216
7216,4801
5174,7934
7934,5174
7937,16813
16813,7937
16813,16815
16815,16813
16815,2511
2511,16815
2511,7070
7070,2511
7070,11079
11079,7070
5910,15712
15712,5910
15712,11088
11088,15712
11080,10146
10146,11080
10146,2512
2512,10146
2512,2516
2516,2512
2516,16816
16816,2516
16816,16814
16814,16816
16814,16968
16968,16814
16968,5175
5175,16968
7767,7258
7258,7767
7258,13769
13769,7258
13769,13653
13653,13769
13653,13670
13670,13653
13670,6886
6886,13670
6886,9262
9262,6886
5023,13419
13419,5023
13419,13450
13450,13419
13450,13458
13458,13450
13458,13650
13650,13458
13650,13444
13444,13650
13444,13410
13410,13444
13410,13440
13440,13410
13440,13815
13815,13440
13815,13342
13342,13815
13342,13488
13488,13342
13488,10354
10354,13488
9613,10217
10217,9613
10217,10244
10244,10217
10244,1179
1179,10244
1179,14342
14342,1179
14342,13858
13858,14342
13858,15550
15550,13858
15550,13683
13683,15550
13683,13655
13655,13683
13655,1285
1285,13655
6490,4533
4533,6490
9968,15039
15039,9968
15039,4476
4476,15039
4476,9189
9189,4476
4475,9207
9207,4475
4532,6489
6489,4532
1286,13364
13364,1286
13364,13429
13429,13364
13429,15555
15555,13429
15555,13659
13659,15555
13659,14343
14343,13659
14343,10218
10218,14343
10218,10216
10216,10218
10216,7511
7511,10216
10355,13835
13835,10355
13835,13375
13375,13835
13375,13843
13843,13375
13843,13783
13783,13843
13783,13825
13825,13783
13825,13382
13382,13825
13382,13665
13665,13382
13665,13487
13487,13665
13487,13477
13477,13487
13477,13467
13467,13477
13467,13445
13445,13467
13445,13276
13276,13445
9264,6885
6885,9264
6885,13393
13393,6885
13393,13766
13766,13393
13766,13731
13731,13766
13731,7259
7259,13731
7259,7769
7769,7259
7769,7771
7771,7769
7771,6880
6880,7771
15070,15113
15113,15070
15113,3994
3994,15113
3994,92
92,3994
92,13847
13847,92
13847,13848
13848,13847
13848,13849
13849,13848
13849,13850
13850,13849
13850,13851
13851,13850
13851,13852
13852,13851
13852,3265
3265,13852
10334,3200
3200,10334
10336,10332
10332,10336
93,9164
9164,93
9164,15112
15112,9164
15112,15069
15069,15112
15069,15066
15066,15069
11880,12062
12062,11880
12062,16104
16104,12062
16104,16107
16107,16104
16107,16109
16109,16107
16109,16110
16110,16109
16110,16111
16111,16110
16111,16112
16112,16111
16112,16113
16113,16112
16113,16114
16114,16113
16114,16108
16108,16114
16108,16105
16105,16108
16105,11879
11879,16105
10377,4534
4534,10377
4534,4536
4536,4534
4536,4538
4538,4536
4538,4540
4540,4538
4540,4541
4541,4540
4541,17500
17500,4541
17500,11041
11041,17500
11041,4543
4543,11041
4543,14521
14521,4543
14521,4544
4544,14521
4544,8226
8226,4544
8226,12705
12705,8226
12705,7329
7329,12705
17590,7908
7908,17590
8386,8160
8160,8386
8160,8371
8371,8160
17565,3780
3780,17565
10888,17622
17622,10888
4545,13143
13143,4545
13143,17696
17696,13143
17696,4542
4542,17696
4542,10378
10378,4542
10378,12366
12366,10378
12366,4539
4539,12366
4539,4537
4537,4539
4537,4535
4535,4537
4535,8077
8077,4535
8077,12237
12237,8077
13047,13859
13859,13047
13859,13862
13862,13859
13862,13863
13863,13862
13863,13872
13872,13863
13872,13873
13873,13872
13873,13867
13867,13873
13867,13875
13875,13867
13875,13876
13876,13875
13876,13877
13877,13876
13877,13535
13535,13877
3127,14266
14266,3127
4798,13949
13949,4798
13949,13948
13948,13949
13948,5914
5914,13948
14319,13906
13906,14319
13906,13904
13904,13906
13904,13902
13902,13904
13902,13899
13899,13902
13899,3985
3985,13899
3985,11597
11597,3985
11101,11781
11781,11101
11827,14658
14658,11827
14658,14657
14657,14658
14657,17500
17500,14657
17500,4542
4542,17500
12366,14661
14661,12366
14661,139
139,14661
391,7194
7194,391
9591,14787
14787,9591
14787,601
601,14787
9791,14786
14786,9791
14786,14664
14664,14786
14664,428
428,14664
427,390
390,427
390,14663
14663,390
14663,4539
4539,14663
4539,4540
4540,4539
4541,14659
14659,4541
14659,14660
14660,14659
14660,8316
8316,14660
438,3984
3984,438
3984,13898
13898,3984
13898,13900
13900,13898
13900,13903
13903,13900
13903,13905
13905,13903
13905,5911
5911,13905
5911,13947
13947,5911
13947,13946
13946,13947
13946,17273
17273,13946
14756,13871
13871,14756
13871,13870
13870,13871
13870,13868
13868,13870
13868,13874
13874,13868
13874,13866
13866,13874
13866,13865
13865,13866
13865,13864
13864,13865
13864,13861
13861,13864
13861,13860
13860,13861
13860,4881
4881,13860
12838,4023
4023,12838
3440,13984
13984,3440
13984,11562
11562,13984
11562,13983
13983,11562
13983,13982
13982,13983
13982,3993
3993,13982
3993,13981
13981,3993
13981,13980
13980,13981
13980,13979
13979,13980
13979,14614
14614,13979
14614,13977
13977,14614
13977,13976
13976,13977
13976,5635
5635,13976
5637,14018
14018,5637
14018,14019
14019,14018
14019,14020
14020,14019
14020,13985
13985,14020
13985,13986
13986,13985
13986,13987
13987,13986
13987,17793
17793,13987
17793,11282
11282,17793
9462,13532
13532,9462
11281,17794
17794,11281
17794,17795
17795,17794
17795,13988
13988,17795
13988,10960
10960,13988
10960,5927
5927,10960
11371,13989
13989,11371
13989,14021
14021,13989
14021,14017
14017,14021
14017,5636
5636,14017
5636,5634
5634,5636
5634,13975
13975,5634
13975,13974
13974,13975
13974,14613
14613,13974
14613,13973
13973,14613
13973,13972
13972,13973
13972,13971
13971,13972
13971,13970
13970,13971
13970,3992
3992,13970
3992,13969
13969,3992
13969,13968
13968,13969
13968,11561
11561,13968
11561,13967
13967,11561
13967,8005
8005,13967
15891,13978
13978,15891
2630,2631
2631,2630
2631,12694
12694,2631
12694,2634
2634,12694
2640,15306
15306,2640
15306,15304
15304,15306
15304,15302
15302,15304
15302,15300
15300,15302
15300,15297
15297,15300
15297,8452
8452,15297
8452,13492
13492,8452
13492,15014
15014,13492
15014,8914
8914,15014
8916,13171
13171,8916
13171,12985
12985,13171
12985,9177
9177,12985
8917,15012
15012,8917
15012,8453
8453,15012
8453,15298
15298,8453
15298,15301
15301,15298
15301,15303
15303,15301
15303,15305
15305,15303
15305,2639
2639,15305
2633,12695
12695,2633
12695,2632
2632,12695
2632,2629
2629,2632
2629,13471
13471,2629
15009,7620
7620,15009
7620,5953
5953,7620
4142,7911
7911,4142
5901,17155
17155,5901
17275,15119
15119,17275
15119,1970
1970,15119
1976,2148
2148,1976
2145,1975
1975,2145
1969,15120
15120,1969
15120,379
379,15120
8325,4072
4072,8325
1930,13918
13918,1930
13918,13206
13206,13918
13206,14945
14945,13206
14945,13205
13205,14945
13205,5415
5415,13205
5415,14113
14113,5415
14113,14091
14091,14113
14091,14151
14151,14091
14151,6775
6775,14151
6775,6776
6776,6775
6776,6778
6778,6776
6778,7531
7531,6778
7531,2567
2567,7531
2567,14167
14167,2567
14167,14039
14039,14167
14039,14061
14061,14039
14061,17448
17448,14061
17448,6780
6780,17448
7043,3389
3389,7043
3389,14875
14875,3389
14875,14876
14876,14875
14876,14877
14877,14876
14877,14878
14878,14877
14878,14879
14879,14878
14879,3390
3390,14879
3390,2639
2639,3390
2635,6106
6106,2635
2869,14071
14071,2869
14071,14050
14050,14071
14050,15144
15144,14050
15144,6025
6025,15144
6025,7532
7532,6025
7532,6777
6777,7532
6777,6781
6781,6777
6781,14158
14158,6781
14158,14081
14081,14158
14081,14102
14102,14081
14102,5261
5261,14102
5261,13204
13204,5261
13204,14946
14946,13204
14946,13203
13203,14946
13203,13921
13921,13203
13921,6012
6012,13921
1929,7356
7356,1929
11129,5368
5368,11129
5368,12215
12215,5368
12215,4084
4084,12215
4084,16115
16115,4084
16115,16117
16117,16115
16117,16119
16119,16117
16119,16122
16122,16119
16122,16124
16124,16122
16124,16845
16845,16124
16845,16126
16126,16845
16126,16127
16127,16126
16127,16128
16128,16127
16128,16129
16129,16128
16129,16130
16130,16129
16130,16789
16789,16130
16789,16131
16131,16789
16131,13054
13054,16131
13054,16132
16132,13054
16132,16123
16123,16132
16123,16121
16121,16123
16121,16120
16120,16121
16120,16118
16118,16120
16118,16116
16116,16118
16116,4083
4083,16116
4083,5825
5825,4083
5825,12431
12431,5825
9011,8922
8922,9011
9742,9741
9741,9742
9741,9738
9738,9741
9738,10676
10676,9738
10676,9983
9983,10676
9983,9981
9981,9983
9981,5802
5802,9981
5802,5801
5801,5802
5801,5800
5800,5801
5800,5798
5798,5800
5798,5796
5796,5798
5796,5794
5794,5796
5794,5792
5792,5794
5792,5790
5790,5792
5784,7074
7074,5784
5791,12836
12836,5791
12836,5793
5793,12836
5793,5795
5795,5793
5795,5797
5797,5795
5797,5799
5799,5797
5799,15523
15523,5799
15523,15515
15515,15523
15515,15497
15497,15515
15497,15563
15563,15497
15563,9982
9982,15563
9982,10720
10720,9982
10720,9737
9737,10720
9737,9741
9741,9737
8924,9012
9012,8924
17335,5699
5699,17335
5699,10228
10228,5699
10228,738
738,10228
738,10226
10226,738
10226,739
739,10226
739,10487
10487,739
10487,10231
10231,10487
10231,742
742,10231
742,8232
8232,742
8232,745
745,8232
745,747
747,745
747,749
749,747
749,147
147,749
147,4511
4511,147
4511,149
149,4511
149,17160
17160,149
17160,141
141,17160
17475,140
140,17475
140,4513
4513,140
4513,146
146,4513
146,748
748,146
748,10230
10230,748
10230,746
746,10230
746,15142
15142,746
15142,744
744,15142
744,743
743,744
743,9461
9461,743
9461,741
741,9461
741,15560
15560,741
15560,12629
12629,15560
12629,737
737,12629
737,10229
10229,737
10229,5700
5700,10229
15435,15436
15436,15435
15436,15437
15437,15436
15437,15438
15438,15437
15438,15475
15475,15438
15475,15482
15482,15475
15482,752
752,15482
3755,12339
12339,3755
12339,12340
12340,12339
12340,12342
12342,12340
12342,14972
14972,12342
14972,12346
12346,14972
12346,10194
10194,12346
10194,12717
12717,10194
12717,12718
12718,12717
12718,12719
12719,12718
12719,7966
7966,12719
7966,15704
15704,7966
15704,15479
15479,15704
15479,15474
15474,15479
15474,15439
15439,15474
15439,15476
15476,15439
15476,15477
15477,15476
15477,15478
15478,15477
15478,15480
15480,15478
15480,7506
7506,15480
7506,12347
12347,7506
12347,12349
12349,12347
12349,12350
12350,12349
12350,12356
12356,12350
12356,12353
12353,12356
12353,12358
12358,12353
12358,12359
12359,12358
12359,12361
12361,12359
12361,12363
12363,12361
12363,15703
15703,12363
15701,15700
15700,15701
15700,12364
12364,15700
12364,12362
12362,12364
12362,12360
12360,12362
12360,12357
12357,12360
12357,12352
12352,12357
12352,12355
12355,12352
12355,13130
13130,12355
13130,12351
12351,13130
12351,12348
12348,12351
12348,15479
15479,12348
15480,5761
5761,15480
5761,8648
8648,5761
8648,12721
12721,8648
12721,12722
12722,12721
12722,12723
12723,12722
12723,8654
8654,12723
8654,13006
13006,8654
13006,12345
12345,13006
12345,12344
12344,12345
12344,12341
12341,12344
12341,12338
12338,12341
12338,2370
2370,12338
2370,15482
15482,2370
5481,15430
15430,5481
15430,15432
15432,15430
15432,15433
15433,15432
15433,15434
15434,15433
15434,15435
15435,15434
10195,10192
10192,10195
10192,10476
10476,10192
10476,754
754,10476
754,5480
5480,754
10190,762
762,10190
762,15101
15101,762
15101,15092
15092,15101
15092,15078
15078,15092
15078,15073
15073,15078
15073,12559
12559,15073
12559,15110
15110,12559
15110,15054
15054,15110
15054,15061
15061,15054
15061,12011
12011,15061
3583,15065
15065,3583
15065,12706
12706,15065
12706,15111
15111,12706
15111,15170
15170,15111
15170,15117
15117,15170
15117,15084
15084,15117
15084,15082
15082,15084
15082,15147
15147,15082
15147,17264
17264,15147
17264,1571
1571,17264
5481,753
753,5481
753,10478
10478,753
10478,10191
10191,10478
10191,10196
10196,10191
10196,12070
12070,10196
933,14639
14639,933
14639,14642
14642,14639
14642,10887
10887,14642
564,17062
17062,564
17009,7452
7452,17009
435,14643
14643,435
14643,14641
14641,14643
14641,10248
10248,14641
8107,1384
1384,8107
1384,10782
10782,1384
10792,1389
1389,10792
1389,1390
1390,1389
1390,9459
9459,1390
9459,1392
1392,9459
1392,1394
1394,1392
1394,1396
1396,1394
1396,1397
1397,1396
1397,1399
1399,1397
1399,152
152,1399
152,8090
8090,152
8090,11778
11778,8090
11778,13392
13392,11778
13392,10816
10816,13392
10816,17392
17392,10816
10204,4819
4819,10204
4819,17195
17195,4819
17195,10225
10225,17195
10225,3916
3916,10225
3916,10213
10213,3916
10213,5455
5455,10213
5455,1239
1239,5455
1239,3756
3756,1239
3918,1232
1232,3918
1232,5454
5454,1232
5454,10221
10221,5454
10221,3917
3917,10221
3917,10224
10224,3917
10224,4820
4820,10224
4820,3915
3915,4820
3915,17337
17337,3915
17337,10193
10193,17337
17160,9160
9160,17160
10805,9460
9460,10805
9460,11777
11777,9460
11777,151
151,11777
151,1398
1398,151
1398,17029
17029,1398
17029,1395
1395,17029
1395,11599
11599,1395
11599,1393
1393,11599
1393,5940
5940,1393
5940,1391
1391,5940
1391,1388
1388,1391
1388,1444
1444,1388
1444,1387
1387,1444
1387,3081
3081,1387
3081,13666
13666,3081
13666,8107
8107,13666
17552,13085
13085,17552
13085,13086
13086,13085
13086,13074
13074,13086
13074,13075
13075,13074
13075,13076
13076,13075
13076,13077
13077,13076
13077,13078
13078,13077
13078,13079
13079,13078
13079,13080
13080,13079
13080,13081
13081,13080
13081,1009
1009,13081
1009,10825
10825,1009
10824,12091
12091,10824
12091,12089
12089,12091
12089,12087
12087,12089
12087,12084
12084,12087
12084,12081
12081,12084
12081,12080
12080,12081
12080,12078
12078,12080
12078,12076
12076,12078
12076,4328
4328,12076
4328,15715
15715,4328
17761,9160
9160,17761
5940,3486
3486,5940
9335,9456
9456,9335
9456,2999
2999,9456
3487,9459
9459,3487
10816,17754
17754,10816
17754,6982
6982,17754
3479,12075
12075,3479
12075,12077
12077,12075
12077,12079
12079,12077
12079,12083
12083,12079
12083,12085
12085,12083
12085,12086
12086,12085
12086,12088
12088,12086
12088,12090
12090,12088
12090,12092
12092,12090
12092,14755
14755,12092
1008,13067
13067,1008
13067,13068
13068,13067
13068,13069
13069,13068
13069,13070
13070,13069
13070,13071
13071,13070
13071,13072
13072,13071
13072,13073
13073,13072
13073,13087
13087,13073
13087,13088
13088,13087
13088,10849
10849,13088
17256,17307
17307,17256
17307,4926
4926,17307
4932,1356
1356,4932
4819,3005
3005,4819
3005,3007
3007,3005
3007,6161
6161,3007
6161,3009
3009,6161
3009,6075
6075,3009
6075,6077
6077,6075
6077,6079
6079,6077
6079,6081
6081,6079
6081,6083
6083,6081
6626,9307
9307,6626
9307,4522
4522,9307
4522,4521
4521,4522
4521,5244
5244,4521
5244,13378
13378,5244
13378,6062
6062,13378
6062,4519
4519,6062
4519,4517
4517,4519
4517,4515
4515,4517
4515,147
147,4515
17392,4513
4513,17392
4513,148
148,4513
148,4514
4514,148
4514,4516
4516,4514
4516,4518
4518,4516
4518,6071
6071,4518
6071,5351
5351,6071
5351,4520
4520,5351
4520,6051
6051,4520
6051,6626
6626,6051
6626,17362
17362,6626
17362,12418
12418,17362
6084,6082
6082,6084
6082,6080
6080,6082
6080,6078
6078,6080
6078,6076
6076,6078
6076,3010
3010,6076
3010,6162
6162,3010
6162,3008
3008,6162
3008,3006
3006,3008
3006,3915
3915,3006
15101,6423
6423,15101
1381,13737
13737,1381
13737,14023
14023,13737
14023,1706
1706,14023
2282,17374
17374,2282
17374,17372
17372,17374
17372,12394
12394,17372
12394,9427
9427,12394
3658,12290
12290,3658
12290,12293
12293,12290
12293,12295
12295,12293
12295,4725
4725,12295
4731,12903
12903,4731
4724,12296
12296,4724
12296,12294
12294,12296
12294,12292
12292,12294
12292,3657
3657,12292
3660,17370
17370,3660
17370,17371
17371,17370
17371,17375
17375,17371
17375,17376
17376,17375
17376,1701
1701,17376
1702,13738
13738,1702
13738,13739
13739,13738
13739,17365
17365,13739
9274,9275
9275,9274
9569,11455
11455,9569
13307,5542
5542,13307
8446,17551
17551,8446
17589,17588
17588,17589
10566,6742
6742,10566
6294,9182
9182,6294
13912,1474
1474,13912
1474,991
991,1474
991,990
990,991
990,989
989,990
989,988
988,989
988,987
987,988
983,5433
5433,983
5433,978
978,5433
978,977
977,978
977,12475
12475,977
12475,976
976,12475
976,17194
17194,976
17194,12901
12901,17194
12901,936
936,12901
936,17129
17129,936
11656,15123
15123,11656
15124,1576
1576,15124
7704,937
937,7704
937,14825
14825,937
14825,974
974,14825
974,975
975,974
1191,1063
1063,1191
1063,2974
2974,1063
2974,1064
1064,2974
1064,7416
7416,1064
4354,1065
1065,4354
1065,1066
1066,1065
1066,1067
1067,1066
1067,1068
1068,1067
1068,1069
1069,1068
1069,1376
1376,1069
13657,17009
17009,13657
2737,15910
15910,2737
15910,17244
17244,15910
17244,15909
15909,17244
15909,1910
1910,15909
1907,16736
16736,1907
16736,16738
16738,16736
16738,16558
16558,16738
16558,10329
10329,16558
8977,8497
8497,8977
10328,16739
16739,10328
16739,16737
16737,16739
16737,16559
16559,16737
16559,1906
1906,16559
1909,9337
9337,1909
9337,15913
15913,9337
15913,9820
9820,15913
9820,15914
15914,9820
15914,15915
15915,15914
15915,2738
2738,15915
13452,17421
17421,13452
17421,4524
4524,17421
3880,7362
7362,3880
10725,4972
4972,10725
4972,4974
4974,4972
4974,4976
4976,4974
4976,6309
6309,4976
6309,6311
6311,6309
6311,6313
6313,6311
6313,6315
6315,6313
6315,6316
6316,6315
6316,5798
5798,6316
5798,10008
10008,5798
10008,10006
10006,10008
10006,10004
10004,10006
10004,643
643,10004
643,641
641,643
641,14665
14665,641
14665,4983
4983,14665
4983,10710
10710,4983
10706,7074
7074,10706
10709,5357
5357,10709
5357,642
642,5357
642,644
644,642
644,10003
10003,644
10003,10005
10005,10003
10005,10007
10007,10005
10007,5797
5797,10007
5799,6314
6314,5799
6314,6312
6312,6314
6312,6310
6310,6312
6310,6308
6308,6310
6308,4977
4977,6308
4977,4975
4975,4977
4975,4973
4973,4975
4973,10724
10724,4973
4471,1179
1179,4471
3758,14815
14815,3758
14815,14821
14821,14815
14821,14814
14814,14821
14814,14816
14816,14814
14816,14817
14817,14816
14817,14818
14818,14817
14818,13510
13510,14818
13510,13512
13512,13510
13512,10241
10241,13512
10241,6479
6479,10241
8739,14699
14699,8739
14700,3331
3331,14700
14707,9173
9173,14707
6474,9047
9047,6474
9047,13511
13511,9047
13511,13509
13509,13511
13509,14822
14822,13509
14822,14819
14819,14822
14819,14820
14820,14819
14820,12480
12480,14820
12480,14823
14823,12480
14823,10292
10292,14823
14783,13360
13360,14783
13360,5867
5867,13360
5867,3708
3708,5867
335,16839
16839,335
16839,13095
13095,16839
13095,12482
12482,13095
12482,1558
1558,12482
304,311
311,304
9990,13341
13341,9990
13341,4754
4754,13341
318,303
303,318
1565,12825
12825,1565
12825,13096
13096,12825
13096,16840
16840,13096
16840,336
336,16840
7402,4923
4923,7402
4923,14784
14784,4923
14784,14783
14783,14784
17511,15843
15843,17511
1488,14722
14722,1488
14722,13148
13148,14722
13148,14720
14720,13148
14720,13945
13945,14720
4023,4021
4021,4023
4021,11635
11635,4021
11635,11607
11607,11635
5613,14214
14214,5613
15894,4881
4881,15894
5747,11628
11628,5747
11628,4022
4022,11628
4022,17130
17130,4022
12838,14721
14721,12838
14721,9441
9441,14721
9441,7851
7851,9441
7851,13857
13857,7851
1411,5479
5479,1411
5389,9024
9024,5389
9024,8990
8990,9024
8990,8074
8074,8990
8074,8070
8070,8074
8070,10898
10898,8070
10898,7203
7203,10898
7203,10896
10896,7203
10896,10895
10895,10896
10895,8063
8063,10895
10890,9254
9254,10890
9254,8042
8042,9254
8042,8040
8040,8042
10301,8830
8830,10301
5358,12625
12625,5358
12623,2489
2489,12623
11018,10300
10300,11018
8038,8041
8041,8038
8041,9260
9260,8041
9260,10891
10891,9260
7204,8044
8044,7204
8064,8065
8065,8064
8065,15763
15763,8065
15763,8067
8067,15763
8067,10899
10899,8067
10899,8072
8072,10899
8072,8075
8075,8072
8075,8122
8122,8075
8122,8989
8989,8122
12794,5721
5721,12794
5721,9985
9985,5721
9985,5729
5729,9985
5655,10528
10528,5655
5864,5660
5660,5864
5660,5879
5879,5660
5879,14680
14680,5879
14680,125
125,14680
125,10131
10131,125
10131,123
123,10131
123,5661
5661,123
5661,17555
17555,5661
17641,17520
17520,17641
17520,122
122,17520
122,124
124,122
124,127
127,124
127,14669
14669,127
14669,5659
5659,14669
5659,5889
5889,5659
12228,134
134,12228
17191,5720
5720,17191
5720,8071
8071,5720
14412,12897
12897,14412
7855,7779
7779,7855
7779,11593
11593,7779
11593,1916
1916,11593
1916,1914
1914,1916
1914,1913
1913,1914
1913,1942
1942,1913
10437,10438
10438,10437
6133,14968
14968,6133
14968,279
279,14968
279,441
441,279
441,277
277,441
277,9317
9317,277
9317,3192
3192,9317
3192,11579
11579,3192
11579,14828
14828,11579
14828,17616
17616,14828
17616,278
278,17616
278,442
442,278
442,9904
9904,442
9904,9609
9609,9904
261,9816
9816,261
9816,10239
10239,9816
1859,1967
1967,1859
1967,1912
1912,1967
1912,1915
1915,1912
1915,1917
1917,1915
1917,11594
11594,1917
11594,7744
7744,11594
8957,8582
8582,8957
8582,1082
1082,8582
1082,1085
1085,1082
1085,1086
1086,1085
1086,1067
1067,1086
989,1084
1084,989
1084,1083
1083,1084
1083,9769
9769,1083
12592,12600
12600,12592
12600,12602
12602,12600
12602,12603
12603,12602
12603,12284
12284,12603
12284,12285
12285,12284
12285,12286
12286,12285
12286,12287
12287,12286
12287,12288
12288,12287
12288,12289
12289,12288
12289,17360
17360,12289
17360,17361
17361,17360
17361,12170
12170,17361
12170,11034
11034,12170
11033,12171
12171,11033
12171,12275
12275,12171
12275,17387
17387,12275
17387,12276
12276,17387
12276,12277
12277,12276
12277,12278
12278,12277
12278,12279
12279,12278
12279,12281
12281,12279
12281,12282
12282,12281
12282,12283
12283,12282
12283,12604
12604,12283
12604,12601
12601,12604
12601,12595
12595,12601
14128,16863
16863,14128
16863,16865
16865,16863
16865,2366
2366,16865
2359,16947
16947,2359
16947,16866
16866,16947
16866,16869
16869,16866
16869,16871
16871,16869
16871,16873
16873,16871
16873,16874
16874,16873
16874,16876
16876,16874
16876,10969
10969,16876
10204,16878
16878,10204
16878,16880
16880,16878
16880,16882
16882,16880
16882,16884
16884,16882
16884,16886
16886,16884
16886,16888
16888,16886
16888,16890
16890,16888
16890,16892
16892,16890
16892,16894
16894,16892
16894,16896
16896,16894
16897,16895
16895,16897
16895,16893
16893,16895
16893,16891
16891,16893
16891,16889
16889,16891
16889,16887
16887,16889
16887,16885
16885,16887
16885,16883
16883,16885
16883,16881
16881,16883
16881,16879
16879,16881
16879,17337
17337,16879
762,16877
16877,762
16877,16875
16875,16877
16875,16872
16872,16875
16872,16870
16870,16872
16870,16868
16868,16870
16868,16867
16867,16868
16867,2358
2358,16867
2361,16946
16946,2361
16946,16775
16775,16946
16775,16864
16864,16775
16864,14128
14128,16864
15699,12064
12064,15699
4906,14313
14313,4906
6196,14752
14752,6196
6197,14311
14311,6197
5147,15699
15699,5147
17028,2221
2221,17028
2221,2223
2223,2221
2223,2225
2225,2223
2225,10630
10630,2225
103,15052
15052,103
15052,13622
13622,15052
13623,13624
13624,13623
13624,13625
13625,13624
13625,13626
13626,13625
13626,5555
5555,13626
5555,7994
7994,5555
7175,14965
14965,7175
14965,10618
10618,14965
10618,15621
15621,10618
15621,15620
15620,15621
15620,9790
9790,15620
17833,17880
17880,17833
17603,17882
17882,17603
17882,17753
17753,17882
17753,17454
17454,17753
1664,17047
17047,1664
8149,10530
10530,8149
15816,15753
15753,15816
14130,8150
8150,14130
8146,14839
14839,8146
17752,17883
17883,17752
17881,17831
17831,17881
10623,9845
9845,10623
9845,10619
10619,9845
10619,10617
10617,10619
10617,8804
8804,10617
7993,5556
5556,7993
5556,13627
13627,5556
13627,13628
13628,13627
13628,13629
13629,13628
13629,13630
13630,13629
13633,7547
7547,13633
7547,2227
2227,7547
2227,2224
2224,2227
2224,2222
2222,2224
2222,7504
7504,2222
160,13718
13718,160
13718,13714
13714,13718
13714,13717
13717,13714
13717,13716
13716,13717
13716,13719
13719,13716
13719,13715
13715,13719
13715,3213
3213,13715
2521,2519
2519,2521
2519,2517
2517,2519
2517,2513
2513,2517
2513,2511
2511,2513
7070,7828
7828,7070
2507,2506
2506,2507
2506,2504
2504,2506
2504,17254
17254,2504
17254,2502
2502,17254
16955,2503
2503,16955
2503,2505
2505,2503
2505,2508
2508,2505
15747,10146
10146,15747
2516,2518
2518,2516
2518,2520
2520,2518
2520,2522
2522,2520
3220,13724
13724,3220
13724,13723
13723,13724
13723,13722
13722,13723
13722,13721
13721,13722
13721,13720
13720,13721
13720,159
159,13720
10919,15134
15134,10919
15134,12318
12318,15134
12318,12320
12320,12318
12320,12503
12503,12320
12503,12504
12504,12503
12504,12505
12505,12504
12505,6324
6324,12505
3765,12306
12306,3765
12306,12322
12322,12306
12322,12323
12323,12322
12323,12325
12325,12323
12325,12298
12298,12325
12298,12299
12299,12298
12299,12300
12300,12299
12300,12312
12312,12300
12312,12311
12311,12312
12311,12315
12315,12311
12315,12316
12316,12315
12316,12308
12308,12316
12308,1068
1068,12308
1376,13016
13016,1376
17178,14558
14558,17178
14558,14000
14000,14558
14000,14003
14003,14000
14003,3890
3890,14003
15570,4133
4133,15570
4128,16979
16979,4128
3889,14002
14002,3889
14002,14001
14001,14002
14001,14555
14555,14001
14555,1103
1103,14555
13018,1012
1012,13018
990,12317
12317,990
12317,12309
12309,12317
12309,14025
14025,12309
14025,12310
12310,14025
12310,12314
12314,12310
12314,12301
12301,12314
12301,12303
12303,12301
12303,12297
12297,12303
12297,12304
12304,12297
12304,12367
12367,12304
12367,12305
12305,12367
12305,12307
12307,12305
12307,3766
3766,12307
6326,12506
12506,6326
12506,12508
12508,12506
12508,12509
12509,12508
12509,12319
12319,12509
12319,12321
12321,12319
12321,15138
15138,12321
15138,10818
10818,15138
17601,5557
5557,17601
11651,5824
5824,11651
5782,14316
14316,5782
10306,11640
11640,10306
10455,17784
17784,10455
17455,13856
13856,17455
11250,7473
7473,11250
10964,12448
12448,10964
12448,10962
10962,12448
11248,11247
11247,11248
10435,7757
7757,10435
8237,6222
6222,8237
6222,17118
17118,6222
17118,3014
3014,17118
3014,14027
14027,3014
14027,3012
3012,14027
3012,751
751,3012
10190,10204
10204,10190
10204,17337
17337,10204
17185,141
141,17185
141,9160
9160,141
9460,11776
11776,9460
3511,12256
12256,3511
12256,12257
12257,12256
12257,14919
14919,12257
14919,14917
14917,14919
14917,14915
14915,14917
14915,12796
12796,14915
12796,13732
13732,12796
13732,12797
12797,13732
12797,11972
11972,12797
11972,14771
14771,11972
14771,12302
12302,14771
12302,14269
14269,12302
14269,12254
12254,14269
12254,12255
12255,12254
12255,8597
8597,12255
14984,3000
3000,14984
9086,16982
16982,9086
16982,17369
17369,16982
17369,14268
14268,17369
14268,12738
12738,14268
12738,11972
11972,12738
11972,14770
14770,11972
14770,12798
12798,14770
12798,12800
12800,12798
12800,14914
14914,12800
14914,14916
14916,14914
14916,14918
14918,14916
14918,12247
12247,14918
12247,13029
13029,12247
13029,11778
11778,13029
10816,140
140,10816
140,17160
17160,140
17160,3582
3582,17160
17337,585
585,17337
585,750
750,585
915,3011
3011,915
3011,14026
14026,3011
14026,3013
3013,14026
3013,3189
3189,3013
3189,8235
8235,3189
8235,8236
8236,8235
16949,16855
16855,16949
16855,16857
16857,16855
16857,16859
16859,16857
16859,16861
16861,16859
16861,15512
15512,16861
15512,15514
15514,15512
15514,8808
8808,15514
8808,15517
15517,8808
15517,15519
15519,15517
15519,15520
15520,15519
15520,15522
15522,15520
15522,5362
5362,15522
13379,13218
13218,13379
13218,5294
5294,13218
5292,15493
15493,5292
15493,15495
15495,15493
15495,16772
16772,15495
16772,15498
15498,16772
15498,15500
15500,15498
15500,15502
15502,15500
15502,15504
15504,15502
15504,15507
15507,15504
15507,15509
15509,15507
15509,1367
1367,15509
13182,15011
15011,13182
15011,15510
15510,15011
13715,11592
11592,13715
13691,11971
11971,13691
11971,15508
15508,11971
15508,15505
15505,15508
15505,15503
15503,15505
15503,15501
15501,15503
15501,15499
15499,15501
15499,15496
15496,15499
15496,15494
15494,15496
15494,15492
15492,15494
15492,5291
5291,15492
5291,13215
13215,5291
13215,13380
13380,13215
9320,8068
8068,9320
8068,15521
15521,8068
15521,15518
15518,15521
15518,15516
15516,15518
15516,8810
8810,15516
8810,15513
15513,8810
15513,15511
15511,15513
15511,16862
16862,15511
16862,16860
16860,16862
16860,16858
16858,16860
16858,16856
16856,16858
16856,16949
16949,16856
15269,15614
15614,15269
16582,16581
16581,16582
16581,16583
16583,16581
16583,16576
16576,16583
16576,9246
9246,16576
9246,15224
15224,9246
15224,15222
15222,15224
15222,15220
15220,15222
15220,15218
15218,15220
15218,15215
15215,15218
15215,5257
5257,15215
11759,4046
4046,11759
4046,16795
16795,4046
16795,1443
1443,16795
1142,1030
1030,1142
1030,16796
16796,1030
16796,1406
1406,16796
2067,16707
16707,2067
16707,10167
10167,16707
10167,1141
1141,10167
11501,16706
16706,11501
16706,4047
4047,16706
4047,8782
8782,4047
8782,15217
15217,8782
15217,15219
15219,15217
15219,15221
15221,15219
15221,15223
15223,15221
15223,5583
5583,15223
5583,15329
15329,5583
15329,16577
16577,15329
16577,16578
16578,16577
16578,16579
16579,16578
16579,16580
16580,16579
15615,15269
15269,15615
14920,5480
5480,14920
10223,14597
14597,10223
14597,16416
16416,14597
16416,16417
16417,16416
16417,16418
16418,16417
16418,16419
16419,16418
16419,16420
16420,16419
16420,16808
16808,16420
16808,16421
16421,16808
16421,16422
16422,16421
16422,16424
16424,16422
16424,16210
16210,16424
16210,16425
16425,16210
16425,15663
15663,16425
15663,16426
16426,15663
16426,16427
16427,16426
16427,16428
16428,16427
16428,16211
16211,16428
16211,12816
12816,16211
12816,13597
13597,12816
13597,15360
15360,13597
15360,12692
12692,15360
12692,12693
12693,12692
12693,3804
3804,12693
2999,9531
9531,2999
9531,3487
3487,9531
1396,14268
14268,1396
11972,12252
12252,11972
12252,15187
15187,12252
15187,12249
12249,15187
12249,14919
14919,12249
14915,12497
12497,14915
12497,14909
14909,12497
14909,14907
14907,14909
14907,14906
14906,14907
14906,14904
14904,14906
14904,14473
14473,14904
14474,14476
14476,14474
14476,14477
14477,14476
14477,14478
14478,14477
6400,14813
14813,6400
13943,14910
14910,13943
14910,14911
14911,14910
14911,14913
14913,14911
14913,6401
6401,14913
14479,14480
14480,14479
14480,14471
14471,14480
14471,14472
14472,14471
14942,14905
14905,14942
14905,14908
14908,14905
14908,16983
16983,14908
16983,12496
12496,16983
12496,14914
14914,12496
14918,12248
12248,14918
12248,15186
15186,12248
15186,12250
12250,15186
12250,11972
11972,12250
14269,1395
1395,14269
3486,9531
9531,3486
9531,3000
3000,9531
3803,12690
12690,3803
12690,12691
12691,12690
12691,15359
15359,12691
15359,13596
13596,15359
13596,12815
12815,13596
12815,16416
16416,12815
16416,16429
16429,16416
16429,16430
16430,16429
16430,16432
16432,16430
16432,16216
16216,16432
16216,13055
13055,16216
13055,16433
16433,13055
16433,16434
16434,16433
16434,16435
16435,16434
16435,16436
16436,16435
16436,16437
16437,16436
16437,16809
16809,16437
16809,16438
16438,16809
16438,16439
16439,16438
16439,16440
16440,16439
16440,16211
16211,16440
16211,752
752,16211
12875,12874
12874,12875
12874,17248
17248,12874
10058,12711
12711,10058
12711,6344
6344,12711
15229,6342
6342,15229
13023,15274
15274,13023
6341,15230
15230,6341
6343,12716
12716,6343
12716,10057
10057,12716
10063,12871
12871,10063
12871,12872
12872,12871
12872,12873
12873,12872
14545,6856
6856,14545
6856,10245
10245,6856
10245,14637
14637,10245
14637,10250
10250,14637
16993,4875
4875,16993
4875,10278
10278,4875
10278,3108
3108,10278
3108,5214
5214,3108
5214,10274
10274,5214
10274,15109
15109,10274
15109,10276
10276,15109
10276,4876
4876,10276
14667,4877
4877,14667
4877,10275
10275,4877
10275,15108
15108,10275
15108,15026
15026,15108
15026,5215
5215,15026
3109,10277
10277,3109
10277,6210
6210,10277
10248,14638
14638,10248
14638,6855
6855,14638
6855,14612
14612,6855
5110,3576
3576,5110
156,585
585,156
10187,10189
10189,10187
10189,17249
17249,10189
17249,1288
1288,17249
1288,10194
10194,1288
10194,756
756,10194
756,7966
7966,756
15704,15705
15705,15704
15705,15702
15702,15705
15702,15703
15703,15702
12363,15701
15701,12363
15700,8645
8645,15700
8648,755
755,8648
755,8654
8654,755
8654,1287
1287,8654
1287,757
757,1287
757,10188
10188,757
10188,1729
1729,10188
4804,17773
17773,4804
17773,12982
12982,17773
5121,12950
12950,5121
3108,8595
8595,3108
13657,13271
13271,13657
9211,10277
10277,9211
17160,8617
8617,17160
943,1025
1025,943
1025,1023
1023,1025
1023,1021
1021,1023
1021,1004
1004,1021
8444,8448
8448,8444
1192,1020
1020,1192
1020,1022
1022,1020
1022,1024
1024,1022
1026,946
946,1026
10817,17392
17392,10817
6870,13503
13503,6870
13503,13586
13586,13503
13586,13742
13742,13586
13742,6866
6866,13742
7658,15431
15431,7658
15431,13576
13576,15431
13576,13584
13584,13576
13584,13558
13558,13584
13558,15447
15447,13558
15447,13551
13551,15447
13551,13853
13853,13551
13853,8900
8900,13853
8902,8189
8189,8902
13958,3696
3696,13958
10688,12897
12897,10688
8076,10689
10689,8076
9981,3700
3700,9981
10,13955
13955,10
8191,8901
8901,8191
8901,13884
13884,8901
13884,13603
13603,13884
13603,13347
13347,13603
13347,13524
13524,13347
13524,13566
13566,13524
13566,13585
13585,13566
13585,15442
15442,13585
15442,7661
7661,15442
7657,13322
13322,7657
13322,13333
13333,13322
13333,13513
13513,13333
13513,6872
6872,13513
17492,1670
1670,17492
3723,6964
6964,3723
7463,15671
15671,7463
15671,15669
15669,15671
15669,16793
16793,15669
16793,16720
16720,16793
16720,7843
7843,16720
7843,16722
16722,7843
16722,14969
14969,16722
14969,16724
16724,14969
16724,8551
8551,16724
10783,15135
15135,10783
15135,16726
16726,15135
16726,16728
16728,16726
16728,16730
16730,16728
16730,16794
16794,16730
16794,16732
16732,16794
16732,16734
16734,16732
16734,1377
1377,16734
1377,1385
1385,1377
1385,14028
14028,1385
1386,17251
17251,1386
17251,13842
13842,17251
13842,16733
16733,13842
16733,16846
16846,16733
16846,16731
16731,16846
16731,15361
15361,16731
15361,16729
16729,15361
16729,16727
16727,16729
16727,15136
15136,16727
15136,9279
9279,15136
11001,16725
16725,11001
16725,14970
14970,16725
14970,16723
16723,14970
16723,9867
9867,16723
9867,16721
16721,9867
16721,16822
16822,16721
16822,15672
15672,16822
15672,15670
15670,15672
15670,17067
17067,15670
15121,17383
17383,15121
1671,17841
17841,1671
12194,15689
15689,12194
12412,9539
9539,12412
6859,15546
15546,6859
15546,9986
9986,15546
9540,12567
12567,9540
17102,9477
9477,17102
15853,11717
11717,15853
11717,17751
17751,11717
17751,15685
15685,17751
15685,11210
11210,15685
11209,15683
15683,11209
15683,17750
17750,15683
17750,17895
17895,17750
17895,7388
7388,17895
7388,11715
11715,7388
11715,11716
11716,11715
11716,11718
11718,11716
11718,15605
15605,11718
7723,5527
5527,7723
11226,17620
17620,11226
11716,7039
7039,11716
7039,11603
11603,7039
11603,11608
11608,11603
11608,13712
13712,11608
13712,11609
11609,13712
11609,15126
15126,11609
15126,15631
15631,15126
17013,14733
14733,17013
17556,9772
9772,17556
15630,11605
11605,15630
11605,12555
12555,11605
12555,11604
11604,12555
11604,11606
11606,11604
11606,15853
15853,11606
17776,11225
11225,17776
6431,14743
14743,6431
14743,6718
6718,14743
13535,14266
14266,13535
9062,4545
4545,9062
7329,4348
4348,7329
14577,17097
17097,14577
14618,14897
14897,14618
14897,14898
14898,14897
14898,12451
12451,14898
12451,15897
15897,12451
15897,15899
15899,15897
15899,14899
14899,15899
14899,15901
15901,14899
15901,2445
2445,15901
2445,4886
4886,2445
15902,8657
8657,15902
8658,2678
2678,8658
2678,6656
6656,2678
6656,14836
14836,6656
14836,14834
14834,14836
14834,14832
14832,14834
14832,12924
12924,14832
12924,15903
15903,12924
15903,2175
2175,15903
2175,6379
6379,2175
6379,2172
2172,6379
15905,14656
14656,15905
14656,15906
15906,14656
15906,12001
12001,15906
12001,1
1,12001
1,10761
10761,1
10747,17310
17310,10747
17310,12001
12001,17310
12001,15907
15907,12001
15907,14655
14655,15907
14655,2169
2169,14655
2173,6381
6381,2173
6381,6390
6390,6381
6390,15904
15904,6390
15904,12925
12925,15904
12925,14831
14831,12925
14831,14833
14833,14831
14833,14835
14835,14833
14835,6647
6647,14835
6647,2677
2677,6647
2677,8659
8659,2677
8656,9022
9022,8656
17245,17054
17054,17245
17054,12450
12450,17054
12450,14895
14895,12450
14895,15900
15900,14895
15900,15898
15898,15900
15898,12452
12452,15898
12452,14896
14896,12452
14896,4927
4927,14896
2494,8907
8907,2494
8907,8909
8909,8907
8909,8911
8911,8909
8911,8973
8973,8911
8973,7365
7365,8973
7365,7367
7367,7365
7367,2699
2699,7367
2699,2697
2697,2699
2697,2696
2696,2697
2696,11558
11558,2696
11558,2799
2799,11558
3324,9174
9174,3324
9174,8707
8707,9174
8707,14698
14698,8707
14698,8708
8708,14698
8708,14211
14211,8708
14211,14276
14276,14211
14276,14699
14699,14276
14701,14276
14276,14701
14276,14212
14212,14276
14212,8705
8705,14212
8705,14697
14697,8705
14697,8706
8706,14697
8706,9173
9173,8706
2800,2243
2243,2800
2243,2695
2695,2243
2695,2698
2698,2695
2698,2700
2700,2698
2700,7366
7366,2700
7366,7364
7364,7366
7364,8974
8974,7364
8974,8912
8912,8974
8912,8910
8910,8912
8910,8908
8908,8910
8908,2492
2492,8908
2489,11019
11019,2489
11019,8886
8886,11019
15413,8020
8020,15413
8020,9311
9311,8020
9311,8018
8018,9311
17572,17571
17571,17572
17571,8003
8003,17571
5411,2485
2485,5411
2485,2484
2484,2485
2484,2480
2480,2484
16985,9373
9373,16985
9373,1658
1658,9373
1658,1656
1656,1658
1656,1666
1666,1656
1666,1660
1660,1666
10530,15276
15276,10530
15276,3284
3284,15276
3284,3245
3245,3284
3253,1735
1735,3253
8588,3254
3254,8588
3247,15275
15275,3247
3285,967
967,3285
2478,1655
1655,2478
1655,1659
1659,1655
1659,17218
17218,1659
17218,1657
1657,17218
2483,2486
2486,2483
2486,10968
10968,2486
8017,9310
9310,8017
9310,8088
8088,9310
8088,15414
15414,8088
7321,14475
14475,7321
14475,14486
14486,14475
14486,14489
14489,14486
14489,14491
14491,14489
14491,14495
14495,14491
14495,15618
15618,14495
15618,14503
14503,15618
14503,14513
14513,14503
14513,14519
14519,14513
14519,6542
6542,14519
6542,12269
12269,6542
12269,12944
12944,12269
12944,15613
15613,12944
15613,9735
9735,15613
1242,1240
1240,1242
6545,1106
1106,6545
15050,6547
6547,15050
1715,1241
1241,1715
1241,6550
6550,1241
9729,15612
15612,9729
15612,12268
12268,15612
12268,14526
14526,12268
14526,14536
14536,14526
14536,14539
14539,14536
14539,14540
14540,14539
14540,15617
15617,14540
15617,14541
14541,15617
14541,14542
14542,14541
14542,14543
14543,14542
14543,14544
14544,14543
14544,7320
7320,14544
1894,13142
13142,1894
13142,13141
13141,13142
13141,1594
1594,13141
15908,14593
14593,15908
14593,258
258,14593
5696,17562
17562,5696
17562,11454
11454,17562
11446,9044
9044,11446
17599,11447
11447,17599
11453,5691
5691,11453
259,14594
14594,259
14594,1902
1902,14594
1903,13142
13142,1903
13141,10326
10326,13141
9331,13278
13278,9331
13278,13658
13658,13278
4464,13274
13274,4464
13275,4463
4463,13275
13609,13035
13035,13609
13035,9333
9333,13035
15602,6780
6780,15602
3389,3391
3391,3389
3391,3393
3393,3391
3393,3395
3395,3393
3395,3397
3397,3395
3397,3400
3400,3397
3400,3401
3401,3400
3401,3403
3403,3401
3403,3405
3405,3403
3405,3407
3407,3405
3410,1655
1655,3410
17218,9375
9375,17218
1936,9790
9790,1936
17833,17770
17770,17833
17770,17660
17660,17770
10624,17821
17821,10624
17821,17769
17769,17821
17769,17832
17832,17769
17832,10623
10623,17832
8804,1935
1935,8804
1939,9373
9373,1939
1666,3409
3409,1666
3408,3406
3406,3408
3406,3404
3404,3406
3404,3402
3402,3404
3402,3399
3399,3402
3399,3398
3398,3399
3398,3396
3396,3398
3396,3394
3394,3396
3394,3392
3392,3394
3392,3390
3390,3392
2635,15603
15603,2635
8841,8655
8655,8841
8655,5458
5458,8655
13672,9000
9000,13672
9000,15737
15737,9000
15737,1373
1373,15737
1373,5509
5509,1373
5509,37
37,5509
5613,14986
14986,5613
14986,14988
14988,14986
14988,14991
14991,14988
14991,14993
14993,14991
14993,14995
14995,14993
14995,3989
3989,14995
3989,13578
13578,3989
10423,3990
3990,10423
3990,14996
14996,3990
14996,14994
14994,14996
14994,14990
14990,14994
14990,14989
14989,14990
14989,14987
14987,14989
14987,14985
14985,14987
14985,25
25,14985
38,5510
5510,38
5510,1374
1374,5510
1374,15736
15736,1374
15736,14740
14740,15736
14740,15299
15299,14740
14766,15166
15166,14766
15088,15086
15086,15088
15086,7461
7461,15086
7461,2669
2669,7461
2669,2671
2671,2669
2671,2673
2673,2671
2673,2674
2674,2673
2674,2676
2676,2674
2676,14547
14547,2676
2728,4896
4896,2728
8706,9172
9172,8706
4897,2727
2727,4897
14546,2675
2675,14546
2675,1354
1354,2675
1354,2672
2672,1354
2672,2670
2670,2672
2670,2668
2668,2670
2668,10764
10764,2668
2809,14766
14766,2809
691,15032
15032,691
15032,15027
15027,15032
15027,13165
13165,15027
5311,16817
16817,5311
16817,13772
13772,16817
13772,13773
13773,13772
13773,13775
13775,13773
13775,13776
13776,13775
13776,13777
13777,13776
13777,17787
17787,13777
17787,17576
17576,17787
5281,708
708,5281
711,716
716,711
3220,15011
15011,3220
15011,14705
14705,15011
14705,3213
3213,14705
7412,11649
11649,7412
707,5283
5283,707
17575,17788
17788,17575
17788,13778
13778,17788
13778,13779
13779,13778
13779,13780
13780,13779
13780,13781
13781,13780
13781,16818
16818,13781
16818,5312
5312,16818
13164,15027
15027,13164
15027,15031
15031,15027
15031,692
692,15031
7619,5892
5892,7619
5892,5680
5680,5892
5680,10548
10548,5680
10548,1463
1463,10548
1463,5681
5681,1463
5681,5683
5683,5681
5683,3063
3063,5683
5858,5856
5856,5858
5856,5854
5854,5856
5854,5669
5669,5854
5669,10013
10013,5669
10013,17649
17649,10013
17649,17555
17555,17649
17522,5776
5776,17522
5776,5814
5814,5776
5814,5775
5775,5814
5813,5777
5777,5813
5777,17666
17666,5777
17641,17648
17648,17641
17648,5853
5853,17648
5853,5868
5868,5853
5868,5855
5855,5868
5855,5857
5857,5855
5857,5859
5859,5857
3064,10547
10547,3064
10547,5682
5682,10547
5682,1462
1462,5682
1462,17157
17157,1462
17157,17158
17158,17157
17158,5678
5678,17158
5678,5894
5894,5678
13763,17366
17366,13763
17366,14830
14830,17366
14830,17368
17368,14830
17368,15664
15664,17368
15664,14983
14983,15664
14983,11419
11419,14983
11471,6485
6485,11471
6247,14652
14652,6247
14652,14653
14653,14652
14653,14654
14654,14653
14654,17835
17835,14654
17835,17853
17853,17835
17853,17836
17836,17853
17836,4692
4692,17836
4686,11563
11563,4686
11563,11005
11005,11563
11008,13757
13757,11008
13757,13758
13758,13757
13758,13761
13761,13758
13761,15440
15440,13761
14022,13939
13939,14022
13939,16631
16631,13939
7744,8366
8366,7744
3250,3232
3232,3250
17052,3261
3261,17052
1901,9905
9905,1901
16632,13940
13940,16632
13940,16643
16643,13940
15146,13760
13760,15146
13760,13759
13759,13760
13759,13762
13762,13759
13762,11007
11007,13762
11006,4685
4685,11006
9370,17837
17837,9370
17837,17834
17834,17837
17834,14651
14651,17834
14651,9611
9611,14651
9611,9532
9532,9611
10424,13685
13685,10424
15681,13763
13763,15681
7571,7542
7542,7571
7542,7540
7540,7542
7540,7538
7538,7540
7538,8692
8692,7538
8692,9241
9241,8692
9241,9238
9238,9241
8697,9239
9239,8697
14617,6963
6963,14617
6963,6957
6957,6963
6957,6955
6955,6957
6955,6953
6953,6955
6953,14346
14346,6953
14346,6951
6951,14346
6951,6949
6949,6951
6949,17548
17548,6949
17548,6946
6946,17548
6946,17069
17069,6946
4323,5206
5206,4323
5206,5208
5208,5206
5208,5210
5210,5208
5210,4345
4345,5210
4345,4152
4152,4345
4146,13007
13007,4146
4818,4344
4344,4818
7148,5211
5211,7148
5211,5209
5209,5211
5209,5207
5207,5209
5207,5205
5205,5207
5205,4325
4325,5205
5203,6944
6944,5203
6944,6945
6945,6944
6945,6947
6947,6945
6947,6948
6948,6947
6948,14380
14380,6948
14380,6950
6950,14380
6950,6952
6952,6950
6952,6954
6954,6952
6954,6956
6956,6954
6956,6958
6958,6956
6958,6959
6959,6958
6959,6960
6960,6959
6960,6961
6961,6960
6961,6962
6962,6961
6962,8693
8693,6962
8693,7537
7537,8693
7537,7539
7539,7537
7539,7541
7541,7539
7541,7543
7543,7541
7543,7544
7544,7543
6798,16469
16469,6798
16469,16470
16470,16469
16470,16471
16471,16470
16471,16473
16473,16471
16473,6949
6949,16473
17548,16475
16475,17548
16475,17785
17785,16475
17785,17911
17911,17785
17911,17912
17912,17911
17912,16472
16472,17912
16472,16476
16476,16472
17913,17914
17914,17913
17914,17915
17915,17914
17915,17785
17785,17915
17785,16477
16477,17785
16477,6947
6947,16477
6947,16468
16468,6947
16468,16478
16478,16468
16478,16480
16480,16478
16480,16481
16481,16480
16481,6795
6795,16481
8688,8687
8687,8688
12843,12242
12242,12843
12242,12844
12844,12242
12844,12845
12845,12844
12845,12846
12846,12845
13241,12847
12847,13241
12847,12848
12848,12847
12848,12849
12849,12848
12849,17759
17759,12849
17759,17760
17760,17759
17760,5203
5203,17760
5201,16057
16057,5201
16057,16776
16776,16057
16776,16059
16059,16776
16059,16061
16061,16059
16061,5195
5195,16061
6799,7134
7134,6799
7134,7136
7136,7134
7136,14460
14460,7136
14460,5188
5188,14460
5190,14461
14461,5190
14461,14294
14294,14461
14294,7500
7500,14294
4172,16777
16777,4172
16777,16063
16063,16777
16063,16065
16065,16063
16065,16066
16066,16065
16066,5949
5949,16066
17087,16343
16343,17087
16343,16067
16067,16343
16067,16068
16068,16067
16068,16069
16069,16068
16069,16344
16344,16069
16344,16070
16070,16344
16070,16071
16071,16070
16071,2903
2903,16071
4190,16786
16786,4190
16786,16072
16072,16786
16072,16073
16073,16072
16073,16074
16074,16073
16074,11812
11812,16074
4322,16064
16064,4322
16064,16062
16062,16064
16062,16849
16849,16062
16849,4173
4173,16849
7499,13725
13725,7499
13725,13726
13726,13725
13726,14295
14295,13726
14295,14457
14457,14295
7138,7137
7137,7138
7137,7135
7135,7137
7135,6800
6800,7135
8992,16060
16060,8992
16060,16058
16058,16060
16058,16848
16848,16058
16848,5200
5200,16848
5204,12843
12843,5204
7931,2747
2747,7931
2740,15910
15910,2740
16738,14308
14308,16738
14308,15534
15534,14308
15534,16558
16558,15534
15915,2739
2739,15915
2748,7758
7758,2748
7758,14647
14647,7758
17167,9123
9123,17167
7586,7583
7583,7586
7583,7581
7581,7583
7581,7580
7580,7581
7579,7582
7582,7579
7582,7584
7584,7582
7584,7585
7585,7584
7585,7588
7588,7585
9124,17166
17166,9124
5770,8074
8074,5770
7203,12262
12262,7203
12262,12258
12258,12262
12258,12226
12226,12258
12226,14692
14692,12226
14692,7080
7080,14692
7080,7082
7082,7080
7082,12989
12989,7082
12989,16903
16903,12989
14690,12387
12387,14690
15003,7081
7081,15003
7081,12225
12225,7081
12225,12259
12259,12225
12259,12260
12260,12259
12260,15763
15763,12260
10003,4982
4982,10003
646,16444
16444,646
16444,16445
16445,16444
16445,16446
16446,16445
16446,16447
16447,16446
16447,16448
16448,16447
16448,4972
4972,16448
4976,16441
16441,4976
15484,13880
13880,15484
13880,13891
13891,13880
13891,13901
13901,13891
13901,14860
14860,13901
14860,9016
9016,14860
8924,9013
9013,8924
9015,14861
14861,9015
14861,13910
13910,14861
13910,13920
13920,13910
13920,13869
13869,13920
13869,9186
9186,13869
16450,16451
16451,16450
16451,16445
16445,16451
4976,645
645,4976
4981,10004
10004,4981
10705,6102
6102,10705
8076,16509
16509,8076
16509,16510
16510,16509
16510,16511
16511,16510
16511,16512
16512,16511
16512,16767
16767,16512
16767,16513
16513,16767
16513,16514
16514,16513
16514,16515
16515,16514
16515,16516
16516,16515
16516,16517
16517,16516
16517,16518
16518,16517
16518,6317
6317,16518
6317,5796
5796,6317
5792,16458
16458,5792
16460,10004
10004,16460
10706,245
245,10706
10547,1468
1468,10547
1468,8036
8036,1468
8036,9964
9964,8036
9964,10011
10011,9964
10011,5675
5675,10011
9964,8004
8004,9964
8004,13602
13602,8004
13602,9965
9965,13602
9965,5675
5675,9965
5675,1469
1469,5675
1469,3063
3063,1469
10003,16465
16465,10003
16467,12836
12836,16467
5795,10000
10000,5795
10000,16519
16519,10000
16519,16520
16520,16519
16520,16521
16521,16520
16521,16522
16522,16521
16522,16523
16523,16522
16523,16524
16524,16523
16524,16525
16525,16524
16525,16526
16526,16525
16526,16527
16527,16526
16527,16529
16529,16527
16529,16530
16530,16529
16530,12795
12795,16530
15567,6853
6853,15567
6851,15399
15399,6851
15399,15402
15402,15399
15402,15403
15403,15402
15403,15412
15412,15403
15412,15400
15400,15412
15400,650
650,15400
650,653
653,650
3052,15409
15409,3052
15409,15527
15527,15409
15527,15401
15401,15527
15401,15407
15407,15401
15407,15410
15410,15407
15410,15404
15404,15410
15404,3031
3031,15404
3033,13305
13305,3033
13303,4638
4638,13303
8158,16549
16549,8158
16549,4636
4636,16549
9999,3034
3034,9999
3034,11970
11970,3034
11970,15405
15405,11970
15405,15393
15393,15405
15393,15406
15406,15393
15406,15394
15394,15406
15394,15526
15526,15394
15526,15365
15365,15526
15365,3051
3051,15365
9268,8820
8820,9268
8820,15418
15418,8820
15418,15396
15396,15418
15396,15397
15397,15396
15397,15395
15395,15397
15395,15411
15411,15395
15411,6850
6850,15411
6850,15567
15567,6850
15567,10708
10708,15567
13024,647
647,13024
647,648
648,647
648,7715
7715,648
7715,650
650,7715
650,15923
15923,650
15923,6846
6846,15923
6845,16237
16237,6845
16237,16047
16047,16237
16047,15139
15139,16047
15139,15140
15140,15139
15140,12200
12200,15140
12200,16075
16075,12200
16075,17200
17200,16075
17200,5371
5371,17200
3022,12588
12588,3022
12589,3019
3019,12589
3019,14240
14240,3019
14240,6568
6568,14240
6568,6570
6570,6568
6570,6572
6572,6570
6572,6575
6575,6572
6575,6577
6577,6575
6577,6579
6579,6577
6579,6580
6580,6579
6580,6582
6582,6580
6582,6585
6585,6582
6585,6587
6587,6585
6586,6583
6583,6586
6583,6581
6581,6583
6581,17203
17203,6581
17203,6578
6578,17203
6578,6576
6576,6578
6576,6573
6573,6576
6573,6571
6571,6573
6571,6569
6569,6571
6569,4642
4642,6569
4642,12588
12588,4642
3021,3024
3024,3021
3024,16148
16148,3024
16148,12201
12201,16148
12201,16237
16237,12201
15140,6844
6844,15140
16971,16316
16316,16971
16316,8820
8820,16316
8820,651
651,8820
651,7714
7714,651
7714,649
649,7714
649,5541
5541,649
9836,15567
15567,9836
642,15261
15261,642
15261,15259
15259,15261
15259,15257
15257,15259
15257,15255
15255,15257
15255,15253
15253,15255
15253,15251
15251,15253
15251,10718
10718,15251
10714,4604
4604,10714
9966,14224
14224,9966
14224,14222
14222,14224
14222,14221
14221,14222
14221,14216
14216,14221
14216,14344
14344,14216
14344,6349
6349,14344
6349,6347
6347,6349
6347,8405
8405,6347
7384,17201
17201,7384
3608,14779
14779,3608
14779,14780
14780,14779
14780,14781
14781,14780
14781,14782
14782,14781
14782,3611
3611,14782
3613,4984
4984,3613
3040,6345
6345,3040
6345,6346
6346,6345
6346,6348
6348,6346
6348,14345
14345,6348
14345,14217
14217,14345
14217,14220
14220,14217
14220,14219
14219,14220
14219,14218
14218,14219
14218,9967
9967,14218
7628,10715
10715,7628
10719,15250
15250,10719
15250,15252
15252,15250
15252,15254
15254,15252
15254,15256
15256,15254
15256,15258
15258,15256
15258,15260
15260,15258
15260,641
641,15260
9966,10197
10197,9966
10197,10199
10199,10197
10199,6352
6352,10199
6352,8503
8503,6352
8503,8501
8501,8503
8501,8505
8505,8501
8505,8507
8507,8505
8507,8509
8509,8507
8509,8511
8511,8509
8511,14345
14345,8511
14345,9536
9536,14345
9536,3760
3760,9536
3760,3631
3631,3760
3631,17216
17216,3631
17216,3627
3627,17216
3627,3625
3625,3627
3625,4393
4393,3625
4393,3624
3624,4393
3624,3036
3036,3624
5000,15132
15132,5000
9295,15133
15133,9295
15133,4984
4984,15133
3035,9789
9789,3035
9789,3626
3626,9789
3626,3628
3628,3626
3628,3630
3630,3628
3630,3632
3632,3630
3632,3761
3761,3632
3761,9535
9535,3761
9535,14344
14344,9535
14344,8510
8510,14344
8510,8508
8508,8510
8508,8506
8506,8508
8506,8504
8504,8506
8504,8500
8500,8504
8500,6350
6350,8500
6350,10200
10200,6350
10200,10198
10198,10200
10198,9967
9967,10198
11049,17926
17926,11049
17926,12793
12793,17926
12793,280
280,12793
9609,7922
7922,9609
1320,765
765,1320
5443,1323
1323,5443
273,279
279,273
5645,5557
5557,5645
9963,9892
9892,9963
9892,9890
9890,9892
9890,9893
9893,9890
9893,9187
9187,9893
9577,12182
12182,9577
12182,12185
12185,12182
12185,12187
12187,12185
12187,12188
12188,12187
12188,12190
12190,12188
12190,9626
9626,12190
17591,14523
14523,17591
14523,14600
14600,14523
14600,14524
14524,14600
14524,14525
14525,14524
14525,14527
14527,14525
14527,14528
14528,14527
14528,6713
6713,14528
8449,8447
8447,8449
6293,7861
7861,6293
7861,6460
6460,7861
6427,8363
8363,6427
1587,17524
17524,1587
17524,17699
17699,17524
17699,9819
9819,17699
14363,14364
14364,14363
14364,17697
17697,14364
11049,14361
14361,11049
14361,14362
14362,14361
14362,13936
13936,14362
8073,17698
17698,8073
11061,17890
17890,11061
17890,1585
1585,17890
15342,6448
6448,15342
6468,8221
8221,6468
6712,14529
14529,6712
14529,14530
14530,14529
14530,14531
14531,14530
14531,14532
14532,14531
14532,14601
14601,14532
14601,14533
14533,14601
14533,6449
6449,14533
10010,12189
12189,10010
12189,12777
12777,12189
12777,12186
12186,12777
12186,12184
12184,12186
12184,12183
12183,12184
12183,9548
9548,12183
13599,12999
12999,13599
9072,9446
9446,9072
9446,8873
8873,9446
8873,9344
9344,8873
9344,401
401,9344
399,8871
8871,399
8871,8869
8869,8871
8869,8867
8867,8869
8867,8865
8865,8867
8865,424
424,8865
9064,13542
13542,9064
13542,638
638,13542
638,640
640,638
640,611
611,640
8614,8856
8856,8614
8856,8862
8862,8856
8862,8863
8863,8862
8863,8864
8864,8863
8864,355
355,8864
624,8858
8858,624
8858,9645
9645,8858
9645,9646
9646,9645
9646,9827
9827,9646
9827,9825
9825,9827
9825,9824
9824,9825
9824,9822
9822,9824
9822,9830
9830,9822
9830,3798
3798,9830
3799,9828
9828,3799
9828,9823
9823,9828
9823,17148
17148,9823
17148,9826
9826,17148
9826,9647
9647,9826
9647,9670
9670,9647
9670,9644
9644,9670
9644,9643
9643,9644
9643,625
625,9643
14631,8859
8859,14631
8859,8860
8860,8859
8860,8861
8861,8860
8861,8539
8539,8861
8539,1062
1062,8539
8540,8522
8522,8540
608,639
639,608
639,637
637,639
637,13756
13756,637
13756,634
634,13756
423,8866
8866,423
8866,8868
8868,8866
8868,8870
8870,8868
8870,5444
5444,8870
402,8872
8872,402
8872,8874
8874,8872
8874,8875
8875,8874
8875,8876
8876,8875
8876,8877
8877,8876
17496,13095
13095,17496
17758,15152
15152,17758
15152,4077
4077,15152
4077,7918
7918,4077
7923,12766
12766,7923
8985,2230
2230,8985
114,359
359,114
359,4082
4082,359
4082,15151
15151,4082
15151,17855
17855,15151
17855,12835
12835,17855
13098,12825
12825,13098
13096,17531
17531,13096
9073,10145
10145,9073
3200,12961
12961,3200
12961,12962
12962,12961
12962,13127
13127,12962
13127,17764
17764,13127
17764,13128
13128,17764
13128,12006
12006,13128
12006,16562
16562,12006
12611,12964
12964,12611
12964,12965
12965,12964
12965,12966
12966,12965
12966,12967
12967,12966
12967,16612
16612,12967
16612,12968
12968,16612
12968,11445
11445,12968
17075,13764
13764,17075
13764,14548
14548,13764
14548,16614
16614,14548
16614,15292
15292,16614
15292,15294
15294,15292
15294,17886
17886,15294
17886,17888
17888,17886
17888,17887
17887,17888
17887,15296
15296,17887
15296,15293
15293,15296
15293,16615
16615,15293
16615,15159
15159,16615
15159,17074
17074,15159
11980,12953
12953,11980
12953,17284
17284,12953
17284,12954
12954,17284
12954,12955
12955,12954
12955,12615
12615,12955
12616,12610
12610,12616
16563,12118
12118,16563
12118,12957
12957,12118
12957,12007
12007,12957
12007,12958
12958,12007
12958,12959
12959,12958
12959,12960
12960,12959
12960,17763
17763,12960
17763,13495
13495,17763
13495,4064
4064,13495
10336,13125
13125,10336
4066,4130
4130,4066
17942,17897
17897,17942
8737,17073
17073,8737
17073,12464
12464,17073
12464,9779
9779,12464
9778,12114
12114,9778
12114,1837
1837,12114
1837,1836
1836,1837
1836,14865
14865,1836
17896,17529
17529,17896
1495,11728
11728,1495
12612,10332
10332,12612
12464,1839
1839,12464
1835,1833
1833,1835
1834,12564
12564,1834
1838,12114
12114,1838
14865,15639
15639,14865
5458,9233
9233,5458
9233,8842
8842,9233
8842,8827
8827,8842
8827,8825
8825,8827
8825,12241
12241,8825
12241,8738
8738,12241
8737,16615
16615,8737
12969,12970
12970,12969
12970,15856
15856,12970
15856,9619
9619,15856
9619,15885
15885,9619
15885,16589
16589,15885
16589,9780
9780,16589
17940,15886
15886,17940
15886,9620
9620,15886
9620,15877
15877,9620
15877,16601
16601,15877
16601,16599
16599,16601
16614,14865
14865,16614
14865,9180
9180,14865
9180,8829
8829,9180
8829,8826
8826,8829
8826,8841
8841,8826
8655,5472
5472,8655
5308,1994
1994,5308
1994,1341
1341,1994
1341,1338
1338,1341
1338,436
436,1338
436,1995
1995,436
1995,2348
2348,1995
2348,2350
2350,2348
2350,2353
2353,2350
2353,2354
2354,2353
2354,2357
2357,2354
2357,4170
4170,2357
4170,17436
17436,4170
17436,17903
17903,17436
17728,4169
4169,17728
4169,2356
2356,4169
2356,2355
2355,2356
2355,2352
2352,2355
2352,2351
2351,2352
2351,2349
2349,2351
2349,1996
1996,2349
1996,437
437,1996
437,1337
1337,437
1337,1340
1340,1337
1340,1993
1993,1340
1993,11989
11989,1993
13062,12398
12398,13062
12398,12399
12399,12398
12399,12400
12400,12399
12400,9843
9843,12400
9843,16239
16239,9843
16239,13150
13150,16239
13150,13167
13167,13150
13167,13061
13061,13167
13061,15811
15811,13061
15811,15825
15825,15811
15825,15826
15826,15825
15826,11958
11958,15826
11958,11956
11956,11958
11956,11952
11952,11956
11952,11949
11949,11952
11949,11950
11950,11949
11950,11954
11954,11950
11954,11961
11961,11954
11961,11968
11968,11961
11968,5313
5313,11968
5313,8576
8576,5313
8576,3256
3256,8576
3256,3257
3257,3256
3257,5975
5975,3257
5975,2247
2247,5975
17729,17903
17903,17729
2248,5976
5976,2248
5976,3258
3258,5976
3258,3255
3255,3258
3255,11989
11989,3255
11989,5315
5315,11989
5315,15822
15822,5315
15822,11951
11951,15822
11951,11955
11955,11951
11955,11947
11947,11955
11947,11948
11948,11947
11948,11953
11953,11948
11953,11957
11957,11953
11957,2345
2345,11957
2345,15823
15823,2345
15823,15824
15824,15823
15824,13151
13151,15824
13151,13152
13152,13151
13152,13153
13153,13152
13153,13154
13154,13153
13154,13155
13155,13154
13155,16240
16240,13155
16240,2641
2641,16240
2641,13156
13156,2641
13156,14011
14011,13156
14011,13157
13157,14011
13157,13158
13158,13157
13158,13062
13062,13158
1341,13516
13516,1341
13516,13528
13528,13516
13528,13517
13517,13528
13517,13518
13518,13517
13518,13519
13519,13518
13519,13520
13520,13519
13520,13515
13515,13520
13515,13514
13514,13515
13514,2350
2350,13514
2350,17592
17592,2350
17592,17572
17572,17592
5411,12446
12446,5411
12446,10968
10968,12446
10968,12244
12244,10968
12244,8577
8577,12244
8577,8571
8571,8577
8571,8572
8572,8571
8572,2352
2352,8572
2351,13557
13557,2351
13557,13527
13527,13557
13527,13526
13526,13527
13526,13525
13525,13526
13525,13523
13523,13525
13523,13522
13522,13523
13522,13521
13521,13522
13521,1340
1340,13521
17663,17676
17676,17663
17676,17466
17466,17676
17466,17509
17509,17466
17509,1193
1193,17509
1193,2229
2229,1193
2229,3262
3262,2229
3262,3260
3260,3262
3260,2002
2002,3260
2002,1342
1342,2002
1342,2000
2000,1342
2000,1999
1999,2000
1999,13734
13734,1999
13734,1998
1998,13734
1998,17593
17593,1998
17593,17571
17571,17593
17571,17857
17857,17571
17857,17768
17768,17857
17768,2257
2257,17768
2255,5338
5338,2255
5338,5341
5341,5338
5341,5342
5342,5341
5342,5344
5344,5342
5344,5346
5346,5344
5346,5348
5348,5346
2249,5347
5347,2249
5347,5345
5345,5347
5345,5343
5343,5345
5343,5340
5340,5343
5340,108
108,5340
2258,4825
4825,2258
4825,12244
12244,4825
8577,4320
4320,8577
4320,13733
13733,4320
13733,17143
17143,13733
17143,1343
1343,17143
1343,2001
2001,1343
2001,3259
3259,2001
3259,3263
3263,3259
3263,17031
17031,3263
17031,12501
12501,17031
12501,17467
17467,12501
17467,10908
10908,17467
10908,10637
10637,10908
10637,13220
13220,10637
1995,1336
1336,1995
1336,1334
1334,1336
1334,8012
8012,1334
8012,8013
8013,8012
8013,4320
4320,8013
2001,2003
2003,2001
2003,2006
2006,2003
2006,1599
1599,2006
1599,3431
3431,1599
3431,2009
2009,3431
2009,8570
8570,2009
5556,2014
2014,5556
2014,3485
3485,2014
3485,2016
2016,3485
2016,2018
2018,2016
2018,2019
2019,2018
2019,572
572,2019
572,5305
5305,572
5305,85
85,5305
85,17028
17028,85
2029,2031
2031,2029
2031,2032
2032,2031
2032,9854
9854,2032
9854,2035
2035,9854
2035,5303
5303,2035
5303,2745
2745,5303
2745,9853
9853,2745
9853,2033
2033,9853
2033,2030
2030,2033
2030,2028
2028,2030
2023,86
86,2023
86,7125
7125,86
7125,571
571,7125
571,2020
2020,571
2020,2017
2017,2020
2017,2015
2015,2017
2015,3483
3483,2015
3483,2013
2013,3483
2013,5555
5555,2013
2010,8569
8569,2010
8569,2008
2008,8569
2008,3432
3432,2008
3432,2007
2007,3432
2007,2005
2005,2007
2005,2004
2004,2005
2004,2002
2002,2004
1998,8009
8009,1998
8009,582
582,8009
582,8590
8590,582
8590,8015
8015,8590
8015,1333
1333,8015
1333,1335
1335,1333
1335,1996
1996,1335
12759,12758
12758,12759
12758,12763
12763,12758
12763,12762
12762,12763
12762,12761
12761,12762
12761,9117
9117,12761
9117,13916
13916,9117
13916,2755
2755,13916
11313,13089
13089,11313
13089,15792
15792,13089
15792,4678
4678,15792
9029,11959
11959,9029
11959,15813
15813,11959
15813,15809
15809,15813
15809,3306
3306,15809
3308,8576
8576,3308
5975,9696
9696,5975
9696,13674
13674,9696
13674,17048
17048,13674
17032,14575
14575,17032
14575,14237
14237,14575
14237,13673
13673,14237
13673,9695
9695,13673
9695,5976
5976,9695
11989,9369
9369,11989
3305,15794
15794,3305
15794,15805
15805,15794
15805,11960
11960,15805
11960,12051
12051,11960
11382,15791
15791,11382
15791,2490
2490,15791
15793,9113
9113,15793
9113,9114
9114,9113
9114,9115
9115,9114
9115,9116
9116,9115
9116,15790
15790,9116
15790,15376
15376,15790
15376,12757
12757,15376
12757,12760
12760,12757
12760,12759
12759,12760
5301,5315
5315,5301
5315,1949
1949,5315
2343,15807
15807,2343
15807,11976
11976,15807
11976,17024
17024,11976
17024,17023
17023,17024
17023,17017
17017,17023
17017,12027
12027,17017
12027,12440
12440,12027
12440,13145
13145,12440
13145,9686
9686,13145
9686,1684
1684,9686
2660,12547
12547,2660
12547,12546
12546,12547
12546,13226
13226,12546
13226,2661
2661,13226
2654,8568
8568,2654
8568,9685
9685,8568
9685,12027
12027,9685
13145,12016
12016,13145
12016,15810
15810,12016
15810,17022
17022,15810
17022,15808
15808,17022
15808,15812
15812,15808
15812,5391
5391,15812
12422,12409
12409,12422
12409,2333
2333,12409
2333,5539
5539,2333
5539,7530
7530,5539
7530,5538
5538,7530
5538,5536
5536,5538
5536,5534
5534,5536
5534,2337
2337,5534
2337,2448
2448,2337
2448,7623
7623,2448
7623,9760
9760,7623
9760,2340
2340,9760
2249,8574
8574,2249
8574,17592
17592,8574
17592,17593
17593,17592
17857,12000
12000,17857
8572,8573
8573,8572
8573,14443
14443,8573
14443,8575
8575,14443
1694,2341
2341,1694
2341,7621
7621,2341
7621,2447
2447,7621
2447,2338
2338,2447
2338,5533
5533,2338
5533,5535
5535,5533
5535,5537
5537,5535
5537,7529
7529,5537
7529,2335
2335,7529
2335,2334
2334,2335
2334,12416
12416,2334
12416,13052
13052,12416
13052,2812
2812,13052
8679,10342
10342,8679
8013,8008
8008,8013
8008,17593
17593,8008
4825,17692
17692,4825
4319,8577
8577,4319
8577,8007
8007,8577
761,10918
10918,761
17481,12841
12841,17481
12447,15310
15310,12447
15310,3377
3377,15310
1619,2340
2340,1619
2258,12000
12000,2258
12000,17903
17903,12000
1694,1620
1620,1694
3376,13236
13236,3376
13236,15307
15307,13236
15307,15308
15308,15307
15308,12447
12447,15308
11720,11990
11990,11720
11990,4260
4260,11990
4260,4860
4860,4260
4860,17801
17801,4860
17801,17558
17558,17801
17558,7550
7550,17558
7550,7552
7552,7550
7552,7686
7686,7552
7686,7684
7684,7686
7684,12910
12910,7684
12910,15081
15081,12910
15081,14379
14379,15081
14379,15281
15281,14379
16607,14859
14859,16607
14859,7685
7685,14859
7685,7687
7687,7685
7687,7553
7553,7687
7553,7551
7551,7553
7551,17559
17559,7551
17559,17800
17800,17559
17800,4861
4861,17800
4861,4261
4261,4861
14852,16590
16590,14852
12199,4190
4190,12199
12910,14855
14855,12910
14855,15381
15381,14855
15381,15383
15383,15381
15383,14867
14867,15383
14867,14870
14870,14867
14870,14881
14881,14870
14881,14869
14869,14881
14869,14868
14868,14869
14868,15382
15382,14868
15382,14856
14856,15382
14856,14859
14859,14856
14852,7849
7849,14852
7620,7911
7911,7620
13269,5442
5442,13269
5442,4827
4827,5442
4827,4829
4829,4827
4829,5968
5968,4829
4833,4835
4835,4833
4835,4837
4837,4835
4837,4839
4839,4837
4839,2134
2134,4839
17801,17765
17765,17801
17765,16608
16608,17765
16608,13451
13451,16608
13451,14379
14379,13451
13448,13449
13449,13448
13449,17800
17800,13449
11039,4838
4838,11039
4838,4836
4836,4838
4836,4834
4834,4836
4834,4832
4832,4834
4830,5967
5967,4830
5967,4828
4828,5967
4828,4826
4826,4828
4826,5441
5441,4826
5441,13269
13269,5441
13269,7620
7620,13269
9783,4209
4209,9783
11601,14718
14718,11601
14718,11416
11416,14718
6098,6485
6485,6098
14652,17367
17367,14652
17367,17366
17366,17367
14983,11418
11418,14983
11423,14890
14890,11423
14890,14873
14873,14890
14873,822
822,14873
822,824
824,822
824,826
826,824
826,828
828,826
828,830
830,828
830,5779
5779,830
5779,902
902,5779
902,904
904,902
904,906
906,904
906,907
907,906
907,171
171,907
171,14974
14974,171
14974,911
911,14974
5833,14739
14739,5833
14739,5839
5839,14739
912,14973
14973,912
14973,177
177,14973
177,1472
1472,177
1472,832
832,1472
832,905
905,832
905,903
903,905
903,5778
5778,903
831,829
829,831
829,827
827,829
827,825
825,827
825,823
823,825
823,14890
14890,823
14873,11422
11422,14873
11421,15681
15681,11421
15681,17367
17367,15681
17368,6248
6248,17368
10424,7791
7791,10424
11415,14719
14719,11415
14719,11600
11600,14719
4207,9783
9783,4207
14356,2630
2630,14356
1460,2871
2871,1460
2871,2874
2874,2871
2874,2876
2876,2874
2876,6025
6025,2876
7532,2565
2565,7532
2565,2563
2563,2565
2563,2562
2562,2563
2562,2560
2560,2562
2560,2557
2557,2560
2557,2555
2555,2557
2555,928
928,2555
928,2554
2554,928
2554,13698
13698,2554
13698,2551
2551,13698
2551,2549
2549,2551
2549,2548
2548,2549
2548,10980
10980,2548
5181,14355
14355,5181
14355,15752
15752,14355
15752,14372
14372,15752
7521,13361
13361,7521
13361,13363
13363,13361
13363,13366
13366,13363
13366,13368
13368,13366
13368,13370
13370,13368
13370,13497
13497,13370
13497,13372
13372,13497
13372,13374
13374,13372
13374,13377
13377,13374
13377,14322
14322,13377
14322,2877
2877,14322
2877,10978
10978,2877
10978,3595
3595,10978
3595,10285
10285,3595
10285,9832
9832,10285
9832,3362
3362,9832
3362,3364
3364,3362
3364,3365
3365,3364
3365,15090
15090,3365
15090,5274
5274,15090
15089,8227
8227,15089
8227,3366
3366,8227
3366,3363
3363,3366
3363,3361
3361,3363
3361,9831
9831,3361
9831,8881
8881,9831
10977,10979
10979,10977
10979,6743
6743,10979
6743,6744
6744,6743
6744,13376
13376,6744
13376,13373
13373,13376
13373,13662
13662,13373
13662,13371
13371,13662
13371,13369
13369,13371
13369,13367
13367,13369
13367,13365
13365,13367
13365,13362
13362,13365
13362,7522
7522,13362
2861,11999
11999,2861
11999,6724
6724,11999
6724,6727
6727,6724
6727,6728
6728,6727
6728,6730
6730,6728
6730,3288
3288,6730
3288,3289
3289,3288
3289,6732
6732,3289
6732,3291
3291,6732
3291,3293
3293,3291
3293,14426
14426,3293
14426,6731
6731,14426
6731,6733
6733,6731
6733,6735
6735,6733
6735,3361
3361,6735
6744,6771
6771,6744
6771,6773
6773,6771
6773,6775
6775,6773
2567,7341
7341,2567
7341,8652
8652,7341
8652,6779
6779,8652
6779,17448
17448,6779
17448,15603
15603,17448
15602,6106
6106,15602
2868,15471
15471,2868
15471,8653
8653,15471
8653,8651
8651,8653
8651,6025
6025,8651
6781,6774
6774,6781
6774,6772
6772,6774
6772,6770
6770,6772
6770,6769
6769,6770
6769,14322
14322,6769
3362,6734
6734,3362
6734,7662
7662,6734
7662,3298
3298,7662
3298,3295
3295,3298
3295,3294
3294,3295
3294,3292
3292,3294
3292,16698
16698,3292
16698,3290
3290,16698
3290,3287
3287,3290
3287,6729
6729,3287
6729,9856
9856,6729
9856,12986
12986,9856
12986,6725
6725,12986
6725,2864
2864,6725
9284,12251
12251,9284
14596,12522
12522,14596
12522,12523
12523,12522
12523,5275
5275,12523
5272,12524
12524,5272
12524,12525
12525,12524
12525,12526
12526,12525
12526,12527
12527,12526
12527,12528
12528,12527
12528,12544
12544,12528
12544,12550
12550,12544
12550,12543
12543,12550
12543,12542
12542,12543
12542,3361
3361,12542
10979,10932
10932,10979
10932,10934
10934,10932
10934,15766
15766,10934
15766,15770
15770,15766
15770,2879
2879,15770
2879,15773
15773,2879
15773,15775
15775,15773
15775,15776
15776,15775
15776,12529
12529,15776
12529,15765
15765,12529
15765,7357
7357,15765
7213,2326
2326,7213
2326,2324
2324,2326
2324,2322
2322,2324
2322,9712
9712,2322
382,2321
2321,382
2321,2323
2323,2321
2323,2325
2325,2323
2325,7214
7214,2325
2331,7356
7356,2331
7356,15764
15764,7356
15764,12530
12530,15764
12530,15777
15777,12530
15777,15774
15774,15777
15774,13040
13040,15774
13040,15772
15772,13040
15772,13919
13919,15772
13919,15771
15771,13919
15771,15769
15769,15771
15769,15768
15768,15769
15768,10933
10933,15768
10933,2877
2877,10933
3362,12538
12538,3362
12538,12539
12539,12538
12539,12540
12540,12539
12540,12541
12541,12540
12541,12531
12531,12541
12531,12532
12532,12531
12532,12533
12533,12532
12533,12534
12534,12533
12534,12535
12535,12534
12535,5273
5273,12535
5273,12536
12536,5273
12536,12562
12562,12536
12562,12537
12537,12562
12537,14596
14596,12537
3297,3294
3294,3297
9856,16700
16700,9856
16700,8627
8627,16700
9861,14358
14358,9861
14357,8632
8632,14357
8628,9323
9323,8628
9323,6730
6730,9323
8410,16693
16693,8410
16693,16678
16678,16693
16678,15798
15798,16678
3334,3397
3397,3334
3405,15800
15800,3405
15800,13005
13005,15800
13005,13688
13688,13005
13688,13004
13004,13688
13004,13690
13690,13004
13690,14584
14584,13690
12458,13689
13689,12458
13689,13003
13003,13689
13003,13687
13687,13003
13687,7436
7436,13687
7436,15801
15801,7436
15801,3406
3406,15801
3396,16990
16990,3396
15799,16669
16669,15799
16669,16688
16688,16669
16688,8409
8409,16688
3357,14458
14458,3357
14458,14449
14449,14458
14449,17818
17818,14449
17818,17820
17820,17818
17820,17825
17825,17820
17825,6729
6729,17825
7050,13498
13498,7050
13498,13447
13447,13498
13447,13661
13661,13447
13661,16677
16677,13661
16677,7925
7925,16677
7925,10929
10929,7925
1745,7927
7927,1745
7927,7929
7929,7927
7929,10980
10980,7929
3681,8604
8604,3681
9861,15696
15696,9861
15696,7690
7690,15696
7690,5182
5182,7690
2622,17163
17163,2622
17163,7930
7930,17163
7930,7928
7928,7930
7928,1746
1746,7928
1746,7924
7924,1746
7924,16676
16676,7924
16676,13267
13267,16676
13267,13446
13446,13267
13446,2859
2859,13446
6730,17819
17819,6730
17819,17823
17823,17819
17823,17822
17822,17823
17822,14439
14439,17822
14439,14446
14446,14439
14446,3358
3358,14446
13471,15137
15137,13471
1485,9049
9049,1485
9049,16026
16026,9049
16026,16345
16345,16026
16345,16348
16348,16345
16348,16350
16350,16348
16350,16352
16352,16350
16352,16393
16393,16352
16393,16394
16394,16393
16394,16395
16395,16394
16395,16396
16396,16395
16396,16397
16397,16396
16397,16398
16398,16397
16398,16399
16399,16398
16399,16400
16400,16399
16400,16402
16402,16400
16402,16403
16403,16402
16403,16404
16404,16403
16404,15924
15924,16404
15924,16027
16027,15924
16027,5505
5505,16027
5505,16028
16028,5505
16028,16405
16405,16028
16405,16406
16406,16405
16406,16407
16407,16406
16407,16408
16408,16407
16408,16409
16409,16408
16409,16410
16410,16409
16410,16411
16411,16410
16411,16413
16413,16411
16413,16414
16414,16413
16414,16415
16415,16414
16415,16029
16029,16415
16029,16349
16349,16029
16349,16347
16347,16349
16347,16560
16560,16347
16560,7269
7269,16560
7269,14152
14152,7269
15544,2767
2767,15544
12702,15750
15750,12702
15750,15721
15721,15750
15721,15717
15717,15721
15717,17240
17240,15717
17240,17242
17242,17240
17242,6374
6374,17242
6374,6372
6372,6374
6372,6370
6370,6372
6370,17237
17237,6370
17237,15709
15709,17237
15709,17236
17236,15709
17236,5405
5405,17236
17310,17235
17235,17310
17235,12483
12483,17235
12483,12484
12484,12483
12484,12001
12001,12484
12001,13026
13026,12001
13026,13028
13028,13026
13028,13184
13184,13028
13184,10761
10761,13184
10746,15711
15711,10746
15711,15708
15708,15711
15708,17238
17238,15708
17238,6371
6371,17238
6371,6373
6373,6371
6373,17243
17243,6373
17243,17239
17239,17243
17239,17241
17241,17239
17241,15718
15718,17241
15718,12119
12119,15718
12246,12245
12245,12246
12913,6366
6366,12913
6366,6368
6368,6366
6368,6371
6371,6368
6373,6375
6375,6373
6375,6377
6377,6375
6377,6381
6381,6377
6386,6647
6647,6386
2677,2675
2675,2677
6229,15086
15086,6229
2676,2678
2678,2676
2678,15272
15272,2678
6379,6378
6378,6379
6378,6376
6376,6378
6376,6374
6374,6376
6370,6369
6369,6370
6369,6367
6367,6369
6367,17481
17481,6367
15726,17346
17346,15726
17346,12130
12130,17346
12130,17358
17358,12130
17358,2713
2713,17358
8258,15919
15919,8258
15919,6231
6231,15919
6231,17351
17351,6231
17351,6252
6252,17351
6252,6270
6270,6252
6270,17352
17352,6270
17352,17355
17355,17352
17355,17357
17357,17355
17357,3183
3183,17357
1712,12908
12908,1712
12908,17338
17338,12908
17338,17340
17340,17338
17340,17342
17342,17340
17342,17344
17344,17342
17344,13259
13259,17344
4257,17098
17098,4257
17098,8946
8946,17098
8939,9866
9866,8939
14378,17099
17099,14378
17099,4246
4246,17099
3141,17345
17345,3141
17345,17343
17343,17345
17343,15745
15745,17343
15745,17341
17341,15745
17341,17339
17339,17341
17339,12907
12907,17339
12907,3181
3181,12907
3184,17356
17356,3184
17356,17354
17354,17356
17354,17353
17353,17354
17353,17347
17347,17353
17347,6198
6198,17347
6198,15358
15358,6198
15358,17350
17350,15358
17350,17349
17349,17350
17349,8257
8257,17349
2714,6302
6302,2714
6302,17348
17348,6302
17348,15724
15724,17348
15724,14826
14826,15724
14640,14650
14650,14640
14650,15728
15728,14650
15728,15727
15727,15728
15727,13664
13664,15727
13664,17006
17006,13664
3184,12429
12429,3184
12429,15601
15601,12429
15601,12585
12585,15601
12585,12271
12271,12585
12271,12151
12151,12271
12151,12790
12790,12151
12790,17098
17098,12790
17099,12792
12792,17099
12792,12116
12116,12792
12116,12272
12272,12116
12272,12584
12584,12272
12584,15601
15601,12584
15601,12430
12430,15601
12430,3183
3183,12430
9372,15725
15725,9372
15725,14726
14726,15725
14726,14640
14640,14726
13226,9060
9060,13226
9060,12197
12197,9060
8906,7382
7382,8906
7382,13841
13841,7382
13841,13840
13840,13841
13840,13839
13839,13840
13839,13838
13838,13839
13838,13837
13837,13838
13837,7379
7379,13837
7377,13836
13836,7377
13836,13834
13834,13836
13834,13833
13833,13834
13833,13832
13832,13833
13832,2698
2698,13832
2698,13831
13831,2698
13831,13830
13830,13831
13830,12102
12102,13830
12102,12103
12103,12102
12103,12106
12106,12103
12106,12109
12109,12106
12109,12110
12110,12109
12110,17735
17735,12110
17735,12112
12112,17735
12112,14469
14469,12112
14469,12100
12100,14469
12100,2687
2687,12100
2709,13829
13829,2709
13829,14232
14232,13829
14232,13828
13828,14232
13828,13827
13827,13828
13827,13826
13826,13827
13826,13824
13824,13826
13824,13823
13823,13824
13823,13822
13822,13823
13822,13821
13821,13822
13821,13820
13820,13821
13820,13819
13819,13820
13819,14930
14930,13819
14930,13818
13818,14930
13818,13817
13817,13818
13817,13816
13816,13817
13816,10296
10296,13816
10644,12058
12058,10644
12058,15744
15744,12058
15744,13501
13501,15744
13501,12057
12057,13501
12057,10645
10645,12057
10777,13788
13788,10777
13788,13789
13789,13788
13789,13790
13790,13789
13790,14229
14229,13790
14229,13791
13791,14229
13791,13792
13792,13791
13792,13793
13793,13792
13793,13795
13795,13793
13795,13796
13796,13795
13796,13797
13797,13796
13797,13798
13798,13797
13798,13799
13799,13798
13799,13800
13800,13799
13800,14239
14239,13800
14239,13801
13801,14239
13801,13802
13802,13801
13802,14233
14233,13802
14233,2708
2708,14233
2688,12147
12147,2688
12147,14468
14468,12147
14468,12195
12195,14468
12195,17734
17734,12195
17734,12111
12111,17734
12111,12107
12107,12111
12107,12105
12105,12107
12105,12104
12104,12105
12104,12101
12101,12104
12101,13803
13803,12101
13803,13805
13805,13803
13805,2697
2697,13805
2697,13806
13806,2697
13806,13807
13807,13806
13807,13808
13808,13807
13808,13809
13809,13808
13809,7378
7378,13809
13774,13810
13810,13774
13810,13811
13811,13810
13811,13812
13812,13811
13812,13813
13813,13812
13813,13814
13814,13813
13814,12113
12113,13814
12113,8905
8905,12113
12196,9059
9059,12196
9059,13226
13226,9059
14152,1485
1485,14152
16352,16354
16354,16352
16354,16356
16356,16354
16356,16359
16359,16356
16359,16361
16361,16359
16361,16363
16363,16361
16363,16365
16365,16363
16365,16367
16367,16365
16367,16370
16370,16367
16370,16372
16372,16370
16372,16374
16374,16372
16374,15925
15925,16374
15925,3414
3414,15925
3414,16376
16376,3414
16376,16378
16378,16376
16378,16381
16381,16378
16381,15926
15926,16381
15926,2898
2898,15926
2925,16383
16383,2925
16383,16385
16385,16383
16385,16387
16387,16385
16387,15927
15927,16387
15927,16187
16187,15927
16187,16389
16389,16187
16389,16392
16392,16389
16392,2894
2894,16392
5500,16391
16391,5500
16391,16388
16388,16391
16388,15928
15928,16388
15928,2924
2924,15928
2543,16386
16386,2543
16386,16384
16384,16386
16384,16382
16382,16384
16382,16380
16380,16382
16380,15929
15929,16380
15929,3416
3416,15929
3416,16377
16377,3416
16377,16375
16375,16377
16375,16373
16373,16375
16373,16371
16371,16373
16371,16369
16369,16371
16369,16366
16366,16369
16366,16364
16364,16366
16364,16362
16362,16364
16362,16360
16360,16362
16360,16358
16358,16360
16358,16355
16355,16358
16355,16353
16353,16355
16353,16351
16351,16353
16351,16029
16029,16351
2845,2243
2243,2845
14605,10657
10657,14605
15922,4444
4444,15922
4444,5438
5438,4444
5438,1883
1883,5438
1883,1881
1881,1883
1881,15676
15676,1881
15676,17321
17321,15676
11641,13485
13485,11641
2733,15166
15166,2733
1877,1878
1878,1877
1878,1879
1879,1878
1879,1882
1882,1879
1882,5437
5437,1882
5437,1884
1884,5437
1884,9829
9829,1884
9829,1885
1885,9829
17481,14604
14604,17481
2622,1129
1129,2622
1129,2547
2547,1129
2547,2552
2552,2547
2552,1667
1667,2552
1667,2553
2553,1667
2553,927
927,2553
927,17100
17100,927
17100,2556
2556,17100
2556,2558
2558,2556
2558,2561
2561,2558
2561,2564
2564,2561
2564,2566
2566,2564
2566,7531
7531,2566
2567,6026
6026,2567
6026,2875
2875,6026
2875,2873
2873,2875
2873,2872
2872,2873
2872,15093
15093,2872
15093,1459
1459,15093
9861,8671
8671,9861
8671,14355
14355,8671
9343,2243
2243,9343
2243,2242
2242,2243
2242,2241
2241,2242
2241,8711
8711,2241
8711,15422
15422,8711
15422,1651
1651,15422
1651,2239
2239,1651
2239,17033
17033,2239
17033,2237
2237,17033
2237,2235
2235,2237
2235,8698
8698,2235
8698,2233
2233,8698
2233,1200
1200,2233
1200,2231
2231,1200
2231,1669
1669,2231
1669,1193
1193,1669
2229,8222
8222,2229
8222,2228
2228,8222
2228,17034
17034,2228
17034,10630
10630,17034
7941,17312
17312,7941
10631,17031
17031,10631
17031,17433
17433,17031
17433,1668
1668,17433
1668,2232
2232,1668
2232,8689
8689,2232
8689,2234
2234,8689
2234,2236
2236,2234
2236,7970
7970,2236
7970,2238
2238,7970
2238,1211
1211,2238
1211,15426
15426,1211
15426,8718
8718,15426
8718,2240
2240,8718
2240,1204
1204,2240
1204,9343
9343,1204
1183,2792
2792,1183
8053,12334
12334,8053
12334,12336
12336,12334
12336,12426
12426,12336
12426,12423
12423,12426
12423,15486
15486,12423
15486,12424
12424,15486
12424,12425
12425,12424
12425,12337
12337,12425
12337,12335
12335,12337
12335,8052
8052,12335
2791,3981
3981,2791
14413,15017
15017,14413
15017,3097
3097,15017
4587,14980
14980,4587
14980,14981
14981,14980
14981,4428
4428,14981
5989,16713
16713,5989
16713,13180
13180,16713
13180,10266
10266,13180
7275,8381
8381,7275
8381,14585
14585,8381
14585,8383
8383,14585
8383,8385
8385,8383
8385,16994
16994,8385
4944,2288
2288,4944
2288,2287
2287,2288
2287,1404
1404,2287
1404,2284
2284,1404
2284,1400
1400,2284
1400,14632
14632,1400
14632,12454
12454,14632
17260,10270
10270,17260
10270,10269
10269,10270
10269,14576
14576,10269
14545,248
248,14545
248,15309
15309,248
15309,2283
2283,15309
2283,1401
1401,2283
1401,1403
1403,1401
1403,2285
2285,1403
2285,2286
2286,2285
2286,17064
17064,2286
17064,4945
4945,17064
14633,8384
8384,14633
8384,8382
8382,8384
8382,14586
14586,8382
14586,8380
8380,14586
8380,5642
5642,8380
564,14170
14170,564
14170,16714
16714,14170
16714,14982
14982,16714
14982,3706
3706,14982
3096,14413
14413,3096
12179,12511
12511,12179
12511,12512
12512,12511
12512,14794
14794,12512
13999,17261
17261,13999
5997,8084
8084,5997
8084,5926
5926,8084
5926,5849
5849,5926
5849,5847
5847,5849
5847,5845
5845,5847
5845,5844
5844,5845
5844,5841
5841,5844
5841,5838
5838,5841
5838,16996
16996,5838
16996,5836
5836,16996
5836,5835
5835,5836
5835,14571
14571,5835
17062,14811
14811,17062
14811,8643
8643,14811
8643,12672
12672,8643
12672,12669
12669,12672
12669,13782
13782,12669
13782,13784
13784,13782
13784,13785
13785,13784
13785,15754
15754,13785
15754,13786
13786,15754
13786,13787
13787,13786
13787,12670
12670,13787
12670,12671
12671,12670
12671,8644
8644,12671
8644,14812
14812,8644
14812,17009
17009,14812
7201,5834
5834,7201
5834,5837
5837,5834
5837,16995
16995,5837
16995,5840
5840,16995
5840,5842
5842,5840
5842,5843
5843,5842
5843,5846
5846,5843
5846,5848
5848,5846
5848,17008
17008,5848
17008,15637
15637,17008
15637,5850
5850,15637
5850,14598
14598,5850
14598,435
435,14598
14582,17258
17258,14582
4908,12513
12513,4908
12513,14929
14929,12513
14929,15735
15735,14929
15735,12179
12179,15735
16654,4917
4917,16654
4917,14013
14013,4917
14013,14014
14014,14013
14014,11973
11973,14014
8976,5896
5896,8976
4773,7868
7868,4773
7868,12511
12511,7868
13938,4884
4884,13938
4884,13039
13039,4884
4946,12624
12624,4946
15735,7867
7867,15735
7867,4764
4764,7867
5897,14013
14013,5897
8976,16654
16654,8976
13999,14576
14576,13999
14545,15309
15309,14545
1403,8262
8262,1403
8262,8264
8264,8262
8264,7181
7181,8264
7112,1402
1402,7112
10278,13132
13132,10278
13132,16778
16778,13132
16778,13489
13489,16778
13489,16708
16708,13489
16708,16782
16782,16708
16782,10277
10277,16782
8265,5997
5997,8265
5997,8263
8263,5997
8263,15019
15019,8263
15019,1404
1404,15019
15735,13144
13144,15735
6107,16768
16768,6107
16768,16769
16769,16768
16769,16401
16401,16769
16401,14583
14583,16401
14583,17262
17262,14583
15735,8199
8199,15735
8199,16412
16412,8199
16412,16
16,16412
17091,16770
16770,17091
16770,16423
16423,16770
16423,7115
7115,16423
7115,3933
3933,7115
4587,16431
16431,4587
16431,13227
13227,16431
13227,16442
16442,13227
16442,7120
7120,16442
11582,4426
4426,11582
4420,16453
16453,4420
16453,17384
17384,16453
17384,16464
16464,17384
16464,4419
4419,16464
10255,11583
11583,10255
11580,16474
16474,11580
16474,13228
13228,16474
13228,16479
16479,13228
16479,3706
3706,16479
3942,7116
7116,3942
7116,16711
16711,7116
16711,16482
16482,16711
16482,5473
5473,16482
5965,16489
16489,5965
16489,8198
8198,16489
8198,12511
12511,8198
13999,17262
17262,13999
17262,17259
17259,17262
17259,16710
16710,17259
16710,16709
16709,16710
16709,16500
16500,16709
16500,17011
17011,16500
17011,9342
9342,17011
9342,15051
15051,9342
15051,9057
9057,15051
8372,10023
10023,8372
17774,11370
11370,17774
9540,12411
12411,9540
12411,9538
9538,12411
1201,13013
13013,1201
5305,7555
7555,5305
11626,1530
1530,11626
17021,11627
11627,17021
10628,571
571,10628
13710,13294
13294,13710
10474,6262
6262,10474
5641,13588
13588,5641
13588,12405
12405,13588
17304,14168
14168,17304
11067,17150
17150,11067
13082,4356
4356,13082
4356,3810
3810,4356
17122,4357
4357,17122
4357,9319
9319,4357
15415,1725
1725,15415
3619,8884
8884,3619
8884,17611
17611,8884
17611,17590
17590,17611
842,15091
15091,842
15091,1576
1576,15091
17252,4032
4032,17252
9744,17488
17488,9744
13710,13707
13707,13710
17489,9745
9745,17489
17384,9958
9958,17384
1650,6631
6631,1650
5648,8444
8444,5648
1549,1629
1629,1549
8677,8730
8730,8677
6965,12904
12904,6965
14693,3110
3110,14693
5429,6693
6693,5429
6714,6495
6495,6714
5528,7077
7077,5528
11577,7438
7438,11577
15058,1665
1665,15058
14857,9862
9862,14857
6586,13564
13564,6586
13564,4650
4650,13564
12551,8975
8975,12551
5766,8647
8647,5766
8647,2920
2920,8647
2920,2922
2922,2920
8128,9615
9615,8128
9615,8306
8306,9615
17622,17702
17702,17622
11274,1577
1577,11274
2921,2919
2919,2921
2919,8646
8646,2919
8646,2918
2918,8646
2918,7247
7247,2918
17512,17866
17866,17512
17866,11127
11127,17866
11126,10447
10447,11126
7974,1479
1479,7974
7778,3780
3780,7778
10884,9104
9104,10884
7407,465
465,7407
11344,1598
1598,11344
12270,14261
14261,12270
14261,14415
14415,14261
15088,15085
15085,15088
107,14785
14785,107
10236,17754
17754,10236
17754,17607
17607,17754
15424,15693
15693,15424
15693,14595
14595,15693
10888,17925
17925,10888
17925,17702
17702,17925
9165,15270
15270,9165
3995,3997
3997,3995
3997,3999
3999,3997
3999,11121
11121,3999
11102,14286
14286,11102
8563,14284
14284,8563
11120,14348
14348,11120
14348,3998
3998,14348
3998,3996
3996,3998
15271,9443
9443,15271
14644,10477
10477,14644
10551,8804
8804,10551
7941,14644
14644,7941
10376,11935
11935,10376
13764,14231
14231,13764
9462,11709
11709,9462
706,708
708,706
12175,9528
9528,12175
9528,865
865,9528
612,614
614,612
14619,15619
15619,14619
14967,13036
13036,14967
13036,2779
2779,13036
2779,11251
11251,2779
11251,11252
11252,11251
13018,17681
17681,13018
10846,13016
13016,10846
6942,11253
11253,6942
11253,2770
2770,11253
352,1503
1503,352
1505,353
353,1505
8523,8603
8603,8523
8603,8522
8522,8603
8164,14647
14647,8164
14646,8163
8163,14646
4220,4229
4229,4220
11259,14261
14261,11259
15678,15373
15373,15678
15373,11260
11260,15373
4236,6426
6426,4236
9340,1863
1863,9340
1425,10399
10399,1425
6644,1595
1595,6644
6968,10391
10391,6968
15200,10482
10482,15200
10482,2584
2584,10482
2583,10484
10484,2583
10484,13048
13048,10484
11067,9858
9858,11067
10783,13666
13666,10783
13666,9868
9868,13666
8970,17159
17159,8970
17470,7871
7871,17470
11679,7893
7893,11679
6786,2884
2884,6786
2884,11070
11070,2884
14967,0
0,14967
2125,2127
2127,2125
2127,2153
2153,2127
2153,13045
13045,2153
13045,2156
2156,13045
16959,1534
1534,16959
1539,15386
15386,1539
15386,1432
1432,15386
1535,1609
1609,1535
11625,2157
2157,11625
2157,2155
2155,2157
2155,13044
13044,2155
13044,1180
1180,13044
1180,2126
2126,1180
2126,2124
2124,2126
15184,10419
10419,15184
1836,15292
15292,1836
17888,14292
14292,17888
15293,17073
17073,15293
12405,8727
8727,12405
17638,14728
14728,17638
14728,16574
16574,14728
16574,8430
8430,16574
8430,16612
16612,8430
14292,17620
17620,14292
17776,17708
17708,17776
17284,9775
9775,17284
13667,9549
9549,13667
9549,15472
15472,9549
9740,12406
12406,9740
17160,17761
17761,17160
17761,8617
8617,17761
10817,17754
17754,10817
17754,17762
17762,17754
12000,4825
4825,12000
4825,5411
5411,4825
10968,17768
17768,10968
10861,11098
11098,10861
14287,11100
11100,14287
6158,10874
10874,6158
7855,8366
8366,7855
3250,1942
1942,3250
1950,3261
3261,1950
1901,7854
7854,1901
9246,5584
5584,9246
1187,1030
1030,1187
5551,17514
17514,5551
10447,17715
17715,10447
12406,11347
11347,12406
11364,76
76,11364
17714,5472
5472,17714
17513,17092
17092,17513
10167,1186
1186,10167
5517,9247
9247,5517
9247,12831
12831,9247
17246,17285
17285,17246
11563,16665
16665,11563
12037,16666
16666,12037
11779,15049
15049,11779
17146,1220
1220,17146
1289,6492
6492,1289
6494,4482
4482,6494
4481,17937
17937,4481
6491,1291
1291,6491
13648,6605
6605,13648
10490,11354
11354,10490
4127,14690
14690,4127
14690,12060
12060,14690
12060,14699
14699,12060
14700,15741
15741,14700
15741,14691
14691,15741
14691,10513
10513,14691
17036,2181
2181,17036
3834,5581
5581,3834
3144,3145
3145,3144
3845,14556
14556,3845
10943,3003
3003,10943
2995,11925
11925,2995
2057,3142
3142,2057
3142,3846
3846,3142
14335,3145
3145,14335
8335,3833
3833,8335
3833,12214
12214,3833
17637,2266
2266,17637
9922,13708
13708,9922
7888,2973
2973,7888
2850,6818
6818,2850
8113,1778
1778,8113
13237,2849
2849,13237
2972,12251
12251,2972
10022,13015
13015,10022
13000,10665
10665,13000
10665,13383
13383,10665
13383,14941
14941,13383
14941,13381
13381,14941
13381,13544
13544,13381
13544,6637
6637,13544
9273,10026
10026,9273
10026,12021
12021,10026
12021,12019
12019,12021
12019,12017
12017,12019
12017,6924
6924,12017
6926,13387
13387,6926
13387,13388
13388,13387
13388,6928
6928,13388
5014,8367
8367,5014
1267,5381
5381,1267
5381,5382
5382,5381
5382,1278
1278,5382
1278,1276
1276,1278
1276,1273
1273,1276
1273,16976
16976,1273
16976,6552
6552,16976
6552,13616
13616,6552
13616,13617
13617,13616
13617,13619
13619,13617
13619,13263
13263,13619
13263,12142
12142,13263
12142,14552
14552,12142
14552,12274
12274,14552
7829,9669
9669,7829
9669,14550
14550,9669
14550,12143
12143,14550
12143,13264
13264,12143
13264,13613
13613,13264
13613,13614
13614,13613
13614,13615
13615,13614
13615,1269
1269,13615
1269,1271
1271,1269
1271,1272
1272,1271
1272,1275
1275,1272
1275,1277
1277,1275
1277,14874
14874,1277
14874,13552
13552,14874
13552,8931
8931,13552
8368,9895
9895,8368
4995,12580
12580,4995
12580,13390
13390,12580
13390,13389
13389,13390
13389,6920
6920,13389
6920,12014
12014,6920
12014,12015
12015,12014
12015,12018
12018,12015
12018,12020
12020,12018
12020,17196
17196,12020
17196,9272
9272,17196
6638,13386
13386,6638
13386,13385
13385,13386
13385,13384
13384,13385
13384,6444
6444,13384
6443,12999
12999,6443
12999,6442
6442,12999
6442,10022
10022,6442
17129,13476
13476,17129
13476,13478
13478,13476
13478,13475
13475,13478
13475,13479
13479,13475
13479,13480
13480,13479
13480,12022
12022,13480
12022,6294
6294,12022
12030,12035
12035,12030
12035,12036
12036,12035
12036,13031
13031,12036
13031,12038
12038,13031
12038,7285
7285,12038
7285,13508
13508,7285
13508,13459
13459,13508
13459,13506
13506,13459
13506,13460
13460,13506
13460,13461
13461,13460
13461,13462
13462,13461
13462,6511
6511,13462
11977,14535
14535,11977
14535,13463
13463,14535
13463,13539
13539,13463
13539,13468
13468,13539
13468,13550
13550,13468
13550,13453
13453,13550
13453,1260
1260,13453
8213,12552
12552,8213
12553,5935
5935,12553
5014,9793
9793,5014
9793,8367
8367,9793
8370,12581
12581,8370
12581,13845
13845,12581
13845,13469
13469,13845
13469,13457
13457,13469
13457,13538
13538,13457
13538,13456
13456,13538
13456,14534
14534,13456
14534,11977
11977,14534
17320,13455
13455,17320
13455,13454
13454,13455
13454,13465
13465,13454
13465,13507
13507,13465
13507,13464
13464,13507
13464,13466
13466,13464
13466,1112
1112,13466
1112,12026
12026,1112
12026,12025
12025,12026
12025,12024
12024,12025
12024,12023
12023,12024
12023,12040
12040,12023
12040,12031
12031,12040
9182,12034
12034,9182
12034,13481
13481,12034
13481,13482
13482,13481
13482,13483
13483,13482
13483,13484
13484,13483
13484,7704
7704,13484
1314,12126
12126,1314
12126,12128
12128,12126
12128,12132
12132,12128
12132,12133
12133,12132
12133,1303
1303,12133
6535,9669
9669,6535
12143,12144
12144,12143
12144,12140
12140,12144
12140,12138
12138,12140
12138,12136
12136,12138
12136,971
971,12136
5235,12026
12026,5235
12024,13998
13998,12024
13998,13997
13997,13998
13997,13996
13996,13997
13996,13995
13995,13996
13995,10776
10776,13995
12677,12678
12678,12677
12678,12679
12679,12678
12679,12680
12680,12679
12680,1057
1057,12680
10493,12682
12682,10493
12682,12683
12683,12682
12683,12684
12684,12683
12684,12685
12685,12684
12685,12686
12686,12685
9860,13994
13994,9860
13994,13993
13993,13994
13993,13992
13992,13993
13992,13991
13991,13992
13991,13031
13031,13991
12038,5238
5238,12038
6531,12135
12135,6531
12135,12137
12137,12135
12137,12139
12139,12137
12139,12121
12121,12139
12121,12142
12142,12121
14552,8857
8857,14552
1302,12134
12134,1302
12134,12131
12131,12134
12131,12129
12129,12131
12129,12127
12127,12129
12127,1313
1313,12127
8450,13765
13765,8450
13765,13253
13253,13765
13253,13254
13254,13253
13254,13255
13255,13254
13255,13256
13256,13255
13256,13257
13257,13256
13257,13245
13245,13257
13245,15322
15322,13245
15322,15323
15323,15322
15323,15324
15324,15323
15324,15325
15325,15324
15325,13394
13394,15325
13394,13395
13395,13394
13395,13397
13397,13395
13397,13398
13398,13397
13398,13400
13400,13398
13400,13401
13401,13400
13401,13402
13402,13401
13402,13403
13403,13402
13403,14403
14403,13403
14403,5888
5888,14403
885,13404
13404,885
13404,13405
13405,13404
13405,13406
13406,13405
13406,13179
13179,13406
6630,9847
9847,6630
12313,6202
6202,12313
6202,17815
17815,6202
17815,17811
17811,17815
17811,14296
14296,17811
14296,14297
14297,14296
14297,14298
14298,14297
14298,17812
17812,14298
17812,17813
17813,17812
17813,17814
17814,17813
17814,6203
6203,17814
6203,12324
12324,6203
9961,13409
13409,9961
13409,13408
13408,13409
13408,13407
13407,13408
13407,884
884,13407
9163,15604
15604,9163
15604,13411
13411,15604
13411,14172
14172,13411
14172,13412
13412,14172
13412,13413
13413,13412
13413,13414
13414,13413
13414,13415
13415,13414
13415,13416
13416,13415
13416,13417
13417,13416
13417,13418
13418,13417
13418,15326
15326,13418
15326,13420
13420,15326
13420,13421
13421,13420
13421,13246
13246,13421
13246,13247
13247,13246
13247,13248
13248,13247
13248,13249
13249,13248
13249,13250
13250,13249
13250,13252
13252,13250
13252,14615
14615,13252
9872,6570
6570,9872
6570,13561
13561,6570
13561,17203
17203,13561
6578,13430
13430,6578
13430,13431
13431,13430
13431,13432
13432,13431
17111,7042
7042,17111
4619,15284
15284,4619
15284,15286
15286,15284
15286,14397
14397,15286
14397,14398
14398,14397
14398,14399
14399,14398
14399,14400
14400,14399
14400,14401
14401,14400
14401,7477
7477,14401
7477,13610
13610,7477
13610,10123
10123,13610
10123,10091
10091,10123
10091,10093
10093,10091
10093,10095
10095,10093
10095,13606
13606,10095
13606,13676
13676,13606
13676,13607
13607,13676
13607,11245
11245,13607
11245,8054
8054,11245
11246,13608
13608,11246
13608,13562
13562,13608
13562,13605
13605,13562
13605,10094
10094,13605
10094,10092
10092,10094
10092,10090
10090,10092
10090,7478
7478,10090
7478,13611
13611,7478
13611,7476
7476,13611
7476,14391
14391,7476
14391,14392
14392,14391
14392,14393
14393,14392
14393,14394
14394,14393
14394,14418
14418,14394
14418,14396
14396,14418
14396,15285
15285,14396
15285,1319
1319,15285
17111,7041
7041,17111
13439,13441
13441,13439
13441,13442
13442,13441
13442,13443
13443,13442
13443,6577
6577,13443
6579,13560
13560,6579
13560,6571
6571,13560
6571,16188
16188,6571
16188,16189
16189,16188
16189,16244
16244,16189
16244,9872
9872,16244
4664,11245
11245,4664
11245,16265
16265,11245
16265,16264
16264,16265
16264,16263
16263,16264
16263,16262
16262,16263
16262,16260
16260,16262
16260,16258
16258,16260
16258,16256
16256,16258
16256,16254
16254,16256
16254,16252
16252,16254
16252,16250
16250,16252
16250,16248
16248,16250
16248,16246
16246,16248
16246,16236
16236,16246
16236,16234
16234,16236
16234,16232
16232,16234
16232,14309
14309,16232
14309,10112
10112,14309
10112,10110
10110,10112
10110,11246
11246,10110
11246,4663
4663,11246
9334,3018
3018,9334
4660,14616
14616,4660
14616,14572
14572,14616
4659,14616
14616,4659
14616,10118
10118,14616
3022,9334
9334,3022
9871,117
117,9871
117,1319
1319,117
17222,12990
12990,17222
10080,15312
15312,10080
15312,15313
15313,15312
15313,15314
15314,15313
15314,15315
15315,15314
15315,15316
15316,15315
15316,15317
15317,15316
15317,15318
15318,15317
15318,15319
15319,15318
15319,15320
15320,15319
15320,10077
10077,15320
10040,17228
17228,10040
10113,9871
9871,10113
14324,4608
4608,14324
4612,8123
8123,4612
8272,16940
16940,8272
16940,16942
16942,16940
16942,16049
16049,16942
16049,16050
16050,16049
16050,16053
16053,16050
16053,16054
16054,16053
16054,16055
16055,16054
16055,16943
16943,16055
16943,16056
16056,16943
16056,7223
7223,16056
8268,14373
14373,8268
14373,9278
9278,14373
12917,16191
16191,12917
16191,16193
16193,16191
16193,16195
16195,16193
16195,16197
16197,16195
16197,16199
16199,16197
16199,16201
16201,16199
16201,16203
16203,16201
16203,16205
16205,16203
16205,16207
16207,16205
16207,12915
12915,16207
12915,12291
12291,12915
12291,10103
10103,12291
10103,9345
9345,10103
760,10102
10102,760
10102,12264
12264,10102
12264,12922
12922,12264
12922,16209
16209,12922
16209,16208
16208,16209
16208,16206
16206,16208
16206,16204
16204,16206
16204,16202
16202,16204
16202,16200
16200,16202
16200,16198
16198,16200
16198,16196
16196,16198
16196,16194
16194,16196
16194,16192
16192,16194
16192,12920
12920,16192
9278,14374
14374,9278
14374,8267
8267,14374
7887,16048
16048,7887
16048,16049
16049,16048
16943,16944
16944,16943
16944,16945
16945,16944
16945,16941
16941,16945
16941,8271
8271,16941
8276,5227
5227,8276
4609,14324
14324,4609
15327,16764
16764,15327
16764,16825
16825,16764
16825,16827
16827,16825
16827,16829
16829,16827
16829,17107
17107,16829
17107,9874
9874,17107
9874,10107
10107,9874
10107,10105
10105,10107
10105,16169
16169,10105
16169,16830
16830,16169
16830,16831
16831,16830
16831,16833
16833,16831
16833,16834
16834,16833
16834,16835
16835,16834
16835,13570
13570,16835
13570,13571
13571,13570
13571,12169
12169,13571
7042,16838
16838,7042
16838,16842
16842,16838
16842,16556
16556,16842
16556,16174
16174,16556
16174,16176
16176,16174
16176,16178
16178,16176
16178,16180
16180,16178
16180,16182
16182,16180
16182,16184
16184,16182
16184,16186
16186,16184
16186,9873
9873,16186
9873,16850
16850,9873
16850,16851
16851,16850
16851,16853
16853,16851
16853,4611
4611,16853
4610,16854
16854,4610
16854,16852
16852,16854
16852,17170
17170,16852
17170,16185
16185,17170
16185,16183
16183,16185
16183,16181
16181,16183
16181,16179
16179,16181
16179,16177
16177,16179
16177,16175
16175,16177
16175,16844
16844,16175
16844,16843
16843,16844
16843,16841
16841,16843
16841,17111
17111,16841
17111,5724
5724,17111
5724,4619
4619,5724
10086,16499
16499,10086
16499,16837
16837,16499
16837,16836
16836,16837
16836,16173
16173,16836
16173,16172
16172,16173
16172,16832
16832,16172
16832,16171
16171,16832
16171,16170
16170,16171
16170,15951
15951,16170
15951,10104
10104,15951
10104,10106
10106,10104
10106,17110
17110,10106
17110,13563
13563,17110
13563,16828
16828,13563
16828,16826
16826,16828
16826,16824
16824,16826
16824,15327
15327,16824
11245,10111
10111,11245
10111,17106
17106,10111
17106,118
118,17106
118,16231
16231,118
16231,16233
16233,16231
16233,16235
16235,16233
16235,16238
16238,16235
16238,16241
16241,16238
16241,16242
16242,16241
16242,16243
16243,16242
16243,16245
16245,16243
16245,16247
16247,16245
16247,16249
16249,16247
16249,16251
16251,16249
16251,16253
16253,16251
16253,16255
16255,16253
16255,16257
16257,16255
16257,16259
16259,16257
16259,16261
16261,16259
16261,11246
11246,16261
10102,10104
10104,10102
10106,10109
10109,10106
10109,12331
12331,10109
12331,12333
12333,12331
12333,12330
12330,12333
12330,13569
13569,12330
13569,12233
12233,13569
12233,12235
12235,12233
12235,12234
12234,12235
12234,13563
13563,12234
13563,6588
6588,13563
13564,17107
17107,13564
17107,13565
13565,17107
13565,13567
13567,13565
13567,13595
13595,13567
13595,13568
13568,13595
13568,12331
12331,13568
12333,5651
5651,12333
5651,10108
10108,5651
10108,10107
10107,10108
10105,10103
10103,10105
17012,13272
13272,17012
13272,12082
12082,13272
12082,12108
12108,12082
12108,12099
12099,12108
12099,12720
12720,12099
12720,5532
5532,12720
5414,10769
10769,5414
10769,10770
10770,10769
10770,10775
10775,10770
10775,17003
17003,10775
17003,4942
4942,17003
4936,1356
1356,4936
4940,17004
17004,4940
17004,10773
10773,17004
10773,10774
10774,10773
10774,10772
10772,10774
7106,12158
12158,7106
12158,12168
12168,12158
12168,12093
12093,12168
12093,12280
12280,12093
12280,2432
2432,12280
15205,17176
17176,15205
17176,10100
10100,17176
10100,15506
15506,10100
15506,14387
14387,15506
14387,14388
14388,14387
14388,14389
14389,14388
14389,14390
14390,14389
14390,4656
4656,14390
4618,14195
14195,4618
14195,14196
14196,14195
14196,14193
14193,14196
14193,14191
14191,14193
14191,14188
14188,14191
14188,14175
14175,14188
14175,8273
8273,14175
8272,14200
14200,8272
14200,14185
14185,14200
14185,14184
14184,14185
14184,8267
8267,14184
7222,14182
14182,7222
14182,14178
14178,14182
14178,14176
14176,14178
14176,14179
14179,14176
14179,15594
15594,14179
15594,14723
14723,15594
14723,14883
14883,14723
14883,14885
14885,14883
14885,14888
14888,14885
14888,14886
14886,14888
14886,5066
5066,14886
5062,3635
3635,5062
15291,7350
7350,15291
5060,7323
7323,5060
7323,5063
5063,7323
5065,14885
14885,5065
14886,14884
14884,14886
14884,14882
14882,14884
14882,14181
14181,14882
14181,15328
15328,14181
15328,14180
14180,15328
14180,6167
6167,14180
8268,14183
14183,8268
14183,14187
14187,14183
14187,14201
14201,14187
14201,8274
8274,14201
8274,14199
14199,8274
14199,14189
14189,14199
14189,14190
14190,14189
14190,14192
14192,14190
14192,14198
14198,14192
14198,14194
14194,14198
14194,4617
4617,14194
8046,14382
14382,8046
14382,14383
14383,14382
14383,14385
14385,14383
14385,14386
14386,14385
14386,14375
14375,14386
14375,10101
10101,14375
10101,12052
12052,10101
12052,15205
15205,12052
9382,12419
12419,9382
12419,12420
12420,12419
12420,12421
12421,12420
12421,8247
8247,12421
15719,15918
15918,15719
15918,15916
15916,15918
15916,9517
9517,15916
9517,9518
9518,9517
9518,9519
9519,9518
9519,9520
9520,9519
9520,9521
9521,9520
9521,9522
9522,9521
9522,9379
9379,9522
9379,9377
9377,9379
9377,13962
13962,9377
16992,7199
7199,16992
7199,10753
10753,7199
10753,1614
1614,10753
2737,13954
13954,2737
13954,15911
15911,13954
15911,14773
14773,15911
14773,13953
13953,14773
13953,13950
13950,13953
13950,13952
13952,13950
13952,14774
14774,13952
14774,15912
15912,14774
15912,13951
13951,15912
13951,17065
17065,13951
10766,8592
8592,10766
8592,7200
7200,8592
7200,10767
10767,7200
13961,9376
9376,13961
9376,9378
9378,9376
9378,9380
9380,9378
9380,8245
8245,9380
8245,9501
9501,8245
4619,690
690,4619
677,16743
16743,677
16743,16325
16325,16743
16325,16327
16327,16325
16327,16329
16329,16327
16329,16330
16330,16329
16330,16745
16745,16330
16745,16332
16332,16745
16332,9098
9098,16332
5225,16334
16334,5225
16334,16747
16747,16334
16747,16336
16336,16747
16336,16749
16749,16336
16749,16337
16337,16749
16337,16339
16339,16337
16339,16338
16338,16339
16338,16340
16340,16338
16340,16751
16751,16340
16751,16342
16342,16751
16342,10061
10061,16342
10061,16948
16948,10061
16948,16754
16754,16948
16754,16755
16755,16754
16755,10075
10075,16755
10062,16753
16753,10062
16753,16752
16752,16753
16752,16750
16750,16752
16750,16823
16823,16750
16823,16335
16335,16823
16335,16333
16333,16335
16333,16748
16748,16333
16748,16746
16746,16748
16746,16328
16328,16746
16328,16326
16326,16328
16326,16324
16324,16326
16324,16744
16744,16324
16744,16742
16742,16744
16742,4124
4124,16742
690,17318
17318,690
17318,10096
10096,17318
10096,10099
10099,10096
10099,17179
17179,10099
17179,10089
10089,17179
10089,10088
10088,10089
10088,10087
10087,10088
10086,10085
10085,10086
10085,12219
12219,10085
12219,10084
10084,12219
10084,12329
12329,10084
12329,10083
10083,12329
10083,13589
13589,10083
13589,10082
10082,13589
10082,10098
10098,10082
10098,10097
10097,10098
10097,117
117,10097
117,689
689,117
4390,4388
4388,4390
4387,15157
15157,4387
9279,4738
4738,9279
5727,10186
10186,5727
4371,3500
3500,4371
11411,15116
15116,11411
15116,15114
15114,15116
15114,15115
15115,15114
15115,11412
11412,15115
16997,4370
4370,16997
4375,5726
5726,4375
4739,16787
16787,4739
16787,8551
8551,16787
4381,4389
4389,4381
13942,3066
3066,13942
3066,12768
12768,3066
12768,3067
3067,12768
3067,3069
3069,3067
3069,3071
3071,3069
3071,3073
3073,3071
3073,3076
3076,3073
3076,15366
15366,3076
15366,10792
10792,15366
10792,16937
16937,10792
16937,16936
16936,16937
16936,16934
16934,16936
16934,16932
16932,16934
16932,10781
10781,16932
10780,16930
16930,10780
16930,3081
3081,16930
3081,16928
16928,3081
16928,16926
16926,16928
16926,16924
16924,16926
16924,15157
15157,16924
11001,16922
16922,11001
16922,16920
16920,16922
16920,16918
16918,16920
16918,16723
16723,16918
16723,15038
15038,16723
15038,15036
15036,15038
15036,16916
16916,15036
16916,16914
16914,16916
16914,16912
16912,16914
16912,11000
11000,16912
1704,12013
12013,1704
12013,1707
1707,12013
1707,16910
16910,1707
16910,16908
16908,16910
16908,16906
16906,16908
16906,16904
16904,16906
16904,5267
5267,16904
5267,16901
16901,5267
16901,16899
16899,16901
16899,14841
14841,16899
14840,16898
16898,14840
16898,16900
16900,16898
16900,5277
5277,16900
5277,16902
16902,5277
16902,16905
16905,16902
16905,16907
16907,16905
16907,16909
16909,16907
16909,11000
11000,16909
10999,16911
16911,10999
16911,16913
16913,16911
16913,16915
16915,16913
16915,15035
15035,16915
15035,15037
15037,15035
15037,4366
4366,15037
4366,16722
16722,4366
16722,16917
16917,16722
16917,16919
16919,16917
16919,16921
16921,16919
16921,8551
8551,16921
9868,16923
16923,9868
16923,16925
16925,16923
16925,16927
16927,16925
16927,16929
16929,16927
16929,10789
10789,16929
10790,16931
16931,10790
16931,16933
16933,16931
16933,16935
16935,16933
16935,1388
1388,16935
1388,16938
16938,1388
16938,16939
16939,16938
16939,15362
15362,16939
15362,3075
3075,15362
3075,3074
3074,3075
3074,3072
3072,3074
3072,3070
3070,3072
3070,3068
3068,3070
3068,12768
12768,3068
12768,13941
13941,12768
9159,16305
16305,9159
16305,2990
2990,16305
9531,16317
16317,9531
16317,9216
9216,16317
9216,16323
16323,9216
16323,9213
9213,16323
9213,16331
16331,9213
16331,3072
3072,16331
13941,12327
12327,13941
12327,16284
16284,12327
16284,15136
15136,16284
15136,12328
12328,15136
10788,14588
14588,10788
14588,15374
15374,14588
15374,16341
16341,15374
16341,4732
4732,16341
5727,9637
9637,5727
9637,13340
13340,9637
13340,9633
9633,13340
9633,5726
5726,9633
4733,15375
15375,4733
15375,16346
16346,15375
16346,14587
14587,16346
14587,14590
14590,14587
14590,10779
10779,14590
10786,15135
15135,10786
15135,16357
16357,15135
16357,12326
12326,16357
12326,13942
13942,12326
3071,16791
16791,3071
16791,16792
16792,16791
16792,16368
16368,16792
16368,8955
8955,16368
8955,16379
16379,8955
16379,9531
9531,16379
2991,16390
16390,2991
16390,8728
8728,16390
1081,1079
1079,1081
6695,12433
12433,6695
10401,12263
12263,10401
8596,11322
11322,8596
6428,11693
11693,6428
17754,5940
5940,17754
1391,3082
3082,1391
3082,7713
7713,3082
7713,5267
5267,7713
5267,7116
7116,5267
7116,8069
8069,7116
8069,14618
14618,8069
14618,4886
4886,14618
4886,9866
9866,4886
9866,16903
16903,9866
14691,9172
9172,14691
9172,17245
17245,9172
17245,17311
17311,17245
17311,3933
3933,17311
3933,5277
5277,3933
5277,11275
11275,5277
11275,3083
3083,11275
3083,1390
1390,3083
9459,17761
17761,9459
5389,8070
8070,5389
8070,8061
8061,8070
8061,8050
8050,8061
8050,8043
8043,8050
8043,8042
8042,8043
8042,8031
8031,8042
8031,8027
8027,8031
8027,8760
8760,8027
8760,8018
8018,8760
8018,8578
8578,8018
8578,1997
1997,8578
1997,17857
17857,1997
17690,10902
10902,17690
10902,7993
7993,10902
7989,2493
2493,7989
2493,7977
7977,2493
7977,7974
7974,7977
7972,7979
7979,7972
7979,2499
2499,7979
2499,7991
7991,2499
7994,10343
10343,7994
10343,10968
10968,10343
17692,8011
8011,17692
8011,761
761,8011
761,8019
8019,761
8019,10302
10302,8019
10302,16987
16987,10302
16987,8032
8032,16987
8032,9260
9260,8032
9260,8044
8044,9260
8044,8051
8051,8044
8051,8062
8062,8051
8062,8072
8072,8062
14691,2792
2792,14691
2792,2789
2789,2792
2789,17570
17570,2789
17570,17884
17884,17570
17884,1621
1621,17884
1621,1685
1685,1621
1685,1619
1619,1685
8173,1698
1698,8173
1698,2637
2637,1698
6780,2638
2638,6780
2638,4134
4134,2638
4134,9844
9844,4134
1620,1684
1684,1620
1684,96
96,1684
96,15278
15278,96
17438,2790
2790,17438
2790,8726
8726,2790
8726,16903
16903,8726
2773,2813
2813,2773
2813,7536
7536,2813
7536,2814
2814,7536
2814,2816
2816,2814
2816,2819
2819,2816
2819,2822
2822,2819
2822,2823
2823,2822
2823,2825
2825,2823
2825,2829
2829,2825
2829,2831
2831,2829
2831,9024
9024,2831
8070,2832
2832,8070
2832,2833
2833,2832
2833,15626
15626,2833
15626,2837
2837,15626
2837,2838
2838,2837
2838,12649
12649,2838
12649,2843
2843,12649
2843,5384
5384,2843
5384,17447
17447,5384
17936,5385
5385,17936
5385,2844
2844,5385
2844,12662
12662,2844
12662,1353
1353,12662
1353,2835
2835,1353
2835,15627
15627,2835
15627,2834
2834,15627
2834,8072
8072,2834
8989,5770
5770,8989
5770,2830
2830,5770
2830,2827
2827,2830
2827,2826
2826,2827
2826,2824
2824,2826
2824,2821
2821,2824
2821,2820
2820,2821
2820,2818
2818,2820
2818,2815
2815,2818
2815,7535
7535,2815
7535,1683
1683,7535
7978,12041
12041,7978
12041,12050
12050,12041
12050,2824
2824,12050
2821,16797
16797,2821
16797,2775
2775,16797
13181,15176
15176,13181
15176,16798
16798,15176
16798,1683
1683,16798
9617,7357
7357,9617
2328,13172
13172,2328
13172,13173
13173,13172
13173,13174
13174,13173
13174,13917
13917,13174
13917,13175
13175,13917
13175,13176
13176,13175
13176,13177
13177,13176
13177,13178
13178,13177
13178,2327
2327,13178
2331,7357
7357,2331
7357,2769
2769,7357
1680,15176
15176,1680
16798,16807
16807,16798
16807,2823
2823,16807
2823,12042
12042,2823
12042,12043
12043,12042
12043,13592
13592,12043
2838,15836
15836,2838
15836,15795
15795,15836
15795,15802
15802,15795
15802,15829
15829,15802
15829,8064
8064,15829
2782,7330
7330,2782
7330,7332
7332,7330
7332,7334
7334,7332
7334,7336
7336,7334
7336,2780
2780,7336
14336,2880
2880,14336
2880,2882
2882,2880
2882,17451
17451,2882
17451,17636
17636,17451
17636,15804
15804,17636
15804,2831
2831,15804
5388,2830
2830,5388
2830,17901
17901,2830
17901,17452
17452,17901
17452,17450
17450,17452
17450,2883
2883,17450
2883,2881
2881,2883
2881,14328
14328,2881
2781,7337
7337,2781
7337,7335
7335,7337
7335,7333
7333,7335
7333,7331
7331,7333
7331,14725
14725,7331
14725,1679
1679,14725
8063,15821
15821,8063
15821,15803
15803,15821
15803,15835
15835,15803
15835,15834
15834,15835
15834,2835
2835,15834
15627,14791
14791,15627
8074,12643
12643,8074
12643,12644
12644,12643
12644,12645
12645,12644
12645,12646
12646,12645
12646,12647
12647,12646
12647,12648
12648,12647
12648,2837
2837,12648
3737,5591
5591,3737
5591,12650
12650,5591
12650,12651
12651,12650
12651,12652
12652,12651
12652,12653
12653,12652
12653,12654
12654,12653
12654,12655
12655,12654
12655,14016
14016,12655
14016,7386
7386,14016
4795,8301
8301,4795
7075,16903
16903,7075
14690,7567
7567,14690
7567,8735
8735,7567
8298,4794
4794,8298
7385,12656
12656,7385
12656,15573
15573,12656
15573,12657
12657,15573
12657,12658
12658,12657
12658,12659
12659,12658
12659,12668
12668,12659
12668,12661
12661,12668
12661,8736
8736,12661
8736,3738
3738,8736
3738,17936
17936,3738
2835,13620
13620,2835
13620,12663
12663,13620
12663,12664
12664,12663
12664,12665
12665,12664
12665,8075
8075,12665
15044,2667
2667,15044
2667,12784
12784,2667
12784,12785
12785,12784
12785,12786
12786,12785
12786,12787
12787,12786
12787,12788
12788,12787
12788,12789
12789,12788
12789,17142
17142,12789
17142,12478
12478,17142
12478,2663
2663,12478
2663,2661
2661,2663
17144,5873
5873,17144
5873,7090
7090,5873
7090,7087
7087,7090
7087,7085
7085,7087
7085,7083
7083,7085
7083,7081
7081,7083
12259,15835
15835,12259
15795,12226
12226,15795
7082,17002
17002,7082
17002,7086
7086,17002
7086,7088
7088,7086
7088,17549
17549,7088
17549,7091
7091,17549
2662,13129
13129,2662
13129,2664
2664,13129
2664,2666
2666,2664
2666,12779
12779,2666
12779,12780
12780,12779
12780,12781
12781,12780
12781,12782
12782,12781
12782,12783
12783,12782
12783,15043
15043,12783
15043,15044
15044,15043
17476,17899
17899,17476
17899,12666
12666,17899
12666,12645
12645,12666
2838,2839
2839,2838
2839,2842
2842,2839
2842,3757
3757,2842
3757,2843
2843,3757
3739,7514
7514,3739
7514,7517
7517,7514
7517,12387
12387,7517
12387,17570
17570,12387
17570,17543
17543,17570
17544,17438
17438,17544
17438,15780
15780,17438
15780,7516
7516,15780
7516,7515
7515,7516
7515,3740
3740,7515
2844,15341
15341,2844
15341,2841
2841,15341
2841,7079
7079,2841
7079,2840
2840,7079
2840,1353
1353,2840
12664,12667
12667,12664
12667,17900
17900,12667
17900,17477
17477,17900
14692,12337
12337,14692
12335,14846
14846,12335
14846,14851
14851,14846
14851,14848
14848,14851
14848,14844
14844,14848
14844,8458
8458,14844
10890,13242
13242,10890
13242,10891
10891,13242
8455,14850
14850,8455
14850,14843
14843,14850
14843,14849
14849,14843
14849,14845
14845,14849
14845,14847
14847,14845
14847,12334
12334,14847
12336,12225
12225,12336
2821,16788
16788,2821
16788,5707
5707,16788
5702,9338
9338,5702
9338,15687
15687,9338
15687,15616
15616,15687
15616,9451
9451,15616
9451,15686
15686,9451
15686,9339
9339,15686
9339,15688
15688,9339
15688,14306
14306,15688
14306,15697
15697,14306
15697,239
239,15697
5708,13046
13046,5708
13046,2822
2822,13046
15636,15635
15635,15636
15635,11087
11087,15635
15712,7746
7746,15712
71,16811
16811,71
16811,10872
10872,16811
9739,59
59,9739
14286,16964
16964,14286
58,17672
17672,58
10858,16810
16810,10858
16810,7132
7132,16810
11091,15712
15712,11091
11086,15634
15634,11086
15634,13126
13126,15634
13126,15636
15636,13126
13083,12571
12571,13083
12571,12572
12572,12571
12572,16965
16965,12572
14285,15379
15379,14285
445,3944
3944,445
3944,1433
1433,3944
15389,16618
16618,15389
16618,16617
16617,16618
16617,7167
7167,16617
1539,1434
1434,1539
1434,15883
15883,1434
15883,15881
15881,15883
15881,5622
5622,15881
5622,2151
2151,5622
2151,2150
2150,2151
2150,7352
7352,2150
7352,12178
12178,7352
12178,9445
9445,12178
2127,16799
16799,2127
16799,2158
2158,16799
2158,7340
7340,2158
8649,2157
2157,8649
2157,16712
16712,2157
16712,2126
2126,16712
2124,9127
9127,2124
9127,9444
9444,9127
9444,2149
2149,9444
2149,7353
7353,2149
7353,10512
10512,7353
10512,2152
2152,10512
2152,10293
10293,2152
10293,15880
15880,10293
15880,15882
15882,15880
15882,1435
1435,15882
1435,1540
1540,1435
7166,16616
16616,7166
16616,16619
16619,16616
16619,15386
15386,16619
15386,3945
3945,15386
3945,3947
3947,3945
3947,11102
11102,3947
11102,14288
14288,11102
14288,16964
16964,14288
16964,12569
12569,16964
12569,12570
12570,12569
12570,55
55,12570
55,13083
13083,55
7947,1610
1610,7947
1610,12764
12764,1610
12764,16957
16957,12764
2119,1630
1630,2119
1630,13058
13058,1630
13059,7590
7590,13059
7590,7608
7608,7590
7608,7592
7592,7608
7592,7593
7593,7592
7593,17166
17166,7593
10293,5624
5624,10293
5624,2156
2156,5624
13768,13099
13099,13768
13100,4003
4003,13100
4003,4002
4002,4003
4002,14348
14348,4002
3998,14442
14442,3998
14442,3999
3999,14442
3999,1111
1111,3999
1111,4001
4001,1111
4001,14944
14944,4001
14944,15892
15892,14944
2157,5623
5623,2157
5623,5622
5622,5623
9123,2123
2123,9123
2123,7589
7589,2123
7589,7607
7607,7589
7607,7591
7591,7607
7591,13060
13060,7591
13060,2121
2121,13060
2121,2120
2120,2121
2120,2118
2118,2120
2118,12456
12456,2118
2115,8515
8515,2115
8515,8516
8516,8515
13084,64
64,13084
67,12460
12460,67
12460,12461
12461,12460
12461,12462
12462,12461
12462,12463
12463,12462
12463,12465
12465,12463
12465,12466
12466,12465
12466,12471
12471,12466
12471,16965
16965,12471
16617,9506
9506,16617
9506,9505
9505,9506
9505,9503
9503,9505
9503,4013
4013,9503
4013,4011
4011,4013
4011,12557
12557,4011
12557,4007
4007,12557
4004,4003
4003,4004
4001,4005
4005,4001
12708,12556
12556,12708
12556,4012
4012,12556
4012,4014
4014,4012
4014,9502
9502,4014
9502,9504
9504,9502
9504,16616
16616,9504
15380,14288
14288,15380
16964,12472
12472,16964
12472,12473
12473,12472
12473,12474
12474,12473
12474,12468
12468,12474
12468,12469
12469,12468
12469,12470
12470,12469
12470,12502
12502,12470
12502,12467
12467,12502
12467,68
68,12467
68,16718
16718,68
15879,7828
7828,15879
2507,3977
3977,2507
3955,3953
3953,3955
3953,3951
3951,3953
3951,3950
3950,3951
3950,3948
3948,3950
3948,3946
3946,3948
3946,3944
3944,3946
3944,1432
1432,3944
100,11107
11107,100
11112,4019
4019,11112
4019,4017
4017,4019
4017,4015
4015,4017
4015,4013
4013,4015
4011,12558
12558,4011
4014,4016
4016,4014
4016,4018
4018,4016
4018,8564
8564,4018
8564,99
99,8564
1430,3945
3945,1430
3947,15022
15022,3947
15022,3952
3952,15022
3952,3954
3954,3952
3954,3956
3956,3954
3978,2508
2508,3978
15747,17156
17156,15747
14060,14059
14059,14060
14059,13909
13909,14059
13909,52
52,13909
11105,15379
15379,11105
15379,99
99,15379
12557,14062
14062,12557
14062,1533
1533,14062
1533,16958
16958,1533
16958,11619
11619,16958
1346,1514
1514,1346
10345,10756
10756,10345
11620,16959
16959,11620
16957,13897
13897,16957
13897,12556
12556,13897
53,13911
13911,53
13911,14058
14058,13911
9439,6063
6063,9439
6063,6060
6060,6063
6060,6058
6058,6060
6058,6056
6056,6058
6056,6054
6054,6056
6054,6052
6052,6054
6049,6047
6047,6049
6047,6045
6045,6047
6045,6043
6043,6045
6043,6041
6041,6043
6041,208
208,6041
734,573
573,734
4562,4563
4563,4562
4563,296
296,4563
296,290
290,296
290,291
291,290
291,289
289,291
289,580
580,289
2385,4565
4565,2385
4565,4567
4567,4565
4567,4569
4569,4567
4569,4570
4570,4569
4570,4572
4572,4570
4572,4575
4575,4572
4575,7792
7792,4575
11937,15622
15622,11937
13590,7796
7796,13590
7796,4576
4576,7796
4576,4573
4573,4576
4573,4571
4571,4573
4571,2589
2589,4571
2589,7398
7398,2589
7398,4566
4566,7398
581,292
292,581
292,295
295,292
295,294
294,295
294,293
293,294
293,4564
4564,293
4564,4561
4561,4564
583,14711
14711,583
14711,204
204,14711
204,6039
6039,204
6039,6040
6040,6039
6040,6042
6042,6040
6042,6044
6044,6042
6044,6046
6046,6044
6046,6048
6048,6046
6050,6053
6053,6050
6053,6055
6055,6053
6055,6057
6057,6055
6057,6059
6059,6057
6059,6061
6061,6059
6061,14494
14494,6061
955,15350
15350,955
15350,15351
15351,15350
15351,15352
15352,15351
15352,15353
15353,15352
15353,15354
15354,15353
15354,15337
15337,15354
15337,15338
15338,15337
15338,15339
15339,15338
15339,169
169,15339
2593,15462
15462,2593
15462,15460
15460,15462
15460,15457
15457,15460
15457,15455
15455,15457
15455,15454
15454,15455
15454,14518
14518,15454
14518,15451
15451,14518
15451,15449
15449,15451
15449,15448
15448,15449
15448,223
223,15448
10885,14999
14999,10885
15107,9450
9450,15107
9450,7622
7622,9450
7594,10886
10886,7594
226,15450
15450,226
15450,15452
15452,15450
15452,14518
14518,15452
14518,15453
15453,14518
15453,15456
15456,15453
15456,15458
15458,15456
15458,15459
15459,15458
15459,15461
15461,15459
15461,3221
3221,15461
11924,8512
8512,11924
168,15334
15334,168
15334,15335
15335,15334
15335,15336
15336,15335
15336,15346
15346,15336
15346,15347
15347,15346
15347,15348
15348,15347
15348,15349
15349,15348
15349,12382
12382,15349
1560,13577
13577,1560
13577,12004
12004,13577
12004,13574
13574,12004
13574,13572
13572,13574
13572,16030
16030,13572
16030,16212
16212,16030
16212,16214
16214,16212
16214,16217
16217,16214
16217,16031
16031,16217
16031,16032
16032,16031
16032,1456
1456,16032
6168,16033
16033,6168
16033,16219
16219,16033
16219,16221
16221,16219
16221,16223
16223,16221
16223,16034
16034,16223
16034,16812
16812,16034
16812,16038
16038,16812
16038,16225
16225,16038
16225,16227
16227,16225
16227,16035
16035,16227
16035,16036
16036,16035
16036,10944
10944,16036
10944,16037
16037,10944
16037,16230
16230,16037
16230,16229
16229,16230
16229,16228
16228,16229
16228,16034
16034,16228
16038,16226
16226,16038
16226,16224
16224,16226
16224,16222
16222,16224
16222,16220
16220,16222
16220,16218
16218,16220
16218,16039
16039,16218
16039,9428
9428,16039
9428,16040
16040,9428
16040,16215
16215,16040
16215,16213
16213,16215
16213,16041
16041,16213
16041,16042
16042,16041
16042,15340
15340,16042
15340,13573
13573,15340
13573,12005
12005,13573
12005,13575
13575,12005
13575,1562
1562,13575
3850,179
179,3850
5822,16715
16715,5822
16715,15507
15507,16715
1350,15930
15930,1350
15930,8620
8620,15930
8620,14606
14606,8620
14609,8619
8619,14609
8619,15931
15931,8619
15931,1352
1352,15931
15505,15932
15932,15505
15932,182
182,15932
6295,3651
3651,6295
17480,17687
17687,17480
2750,579
579,2750
579,1846
1846,579
1846,1848
1848,1846
1848,7089
7089,1848
7089,12926
12926,7089
12926,1590
1590,12926
1590,1850
1850,1590
1850,7792
7792,1850
11936,15622
15622,11936
13590,7793
7793,13590
7793,7045
7045,7793
7045,1849
1849,7045
1849,1591
1591,1849
1591,9428
9428,1591
9428,1847
1847,9428
1847,1845
1845,1847
1845,578
578,1845
578,2751
2751,578
15446,4559
4559,15446
4559,4966
4966,4559
4966,4558
4558,4966
4558,8608
8608,4558
8608,5222
5222,8608
5222,2423
2423,5222
2423,8606
8606,2423
8606,4555
4555,8606
4555,14824
14824,4555
14824,4674
4674,14824
4674,15706
15706,4674
15706,4553
4553,15706
4553,200
200,4553
9946,14279
14279,9946
14279,4550
4550,14279
4550,1365
1365,4550
1365,4548
4548,1365
4548,6027
6027,4548
6027,4546
4546,6027
4546,8620
8620,4546
8620,14608
14608,8620
8395,17086
17086,8395
17086,8950
8950,17086
8950,10928
10928,8950
10928,8951
8951,10928
8951,8949
8949,8951
8949,7305
7305,8949
8619,4547
4547,8619
4547,4549
4549,4547
4549,1366
1366,4549
1366,14408
14408,1366
14408,4551
4551,14408
4551,4552
4552,4551
4552,13183
13183,4552
198,9547
9547,198
9547,10945
10945,9547
10945,4673
4673,10945
4673,4554
4554,4673
4554,2424
2424,4554
2422,4556
4556,2422
4556,8607
8607,4556
8607,4557
4557,8607
4557,4967
4967,4557
4967,10938
10938,4967
10938,15483
15483,10938
15483,15445
15445,15483
4966,15954
15954,4966
15954,10947
10947,15954
10947,15706
15706,10947
4553,14620
14620,4553
14620,15961
15961,14620
15961,13548
13548,15961
13548,15972
15972,13548
15972,7253
7253,15972
7253,13215
13215,7253
13215,14422
14422,13215
14422,14302
14302,14422
14302,14303
14303,14302
14303,17078
17078,14303
17078,14301
14301,17078
14301,13218
13218,14301
13218,5293
5293,13218
5293,16772
16772,5293
16772,17687
17687,16772
17688,16785
16785,17688
16785,15993
15993,16785
15993,7253
7253,15993
5293,16002
16002,5293
16002,13549
13549,16002
13549,16009
16009,13549
16009,9320
9320,16009
9320,10945
10945,9320
10945,10946
10946,10945
10946,16016
16016,10946
16016,4967
4967,16016
